stage,layer,matrix,pair,perturbed_coordinates,loss_plus,loss_minus,abs_y
initial,0,W_in,0,16,2.992091655731201,3.024507999420166,0.032416343688964844
initial,0,W_in,1,16,2.987271547317505,3.054950475692749,0.06767892837524414
initial,0,W_in,2,16,2.9148621559143066,2.8963496685028076,0.018512487411499023
initial,0,W_in,3,16,3.089710235595703,3.084606647491455,0.005103588104248047
initial,0,W_in,4,16,3.0288641452789307,3.0429530143737793,0.014088869094848633
initial,0,W_in,5,16,3.188918113708496,3.2241036891937256,0.03518557548522949
initial,0,W_in,6,16,3.2322700023651123,3.2336857318878174,0.0014157295227050781
initial,0,W_in,7,16,3.052144765853882,3.054070472717285,0.0019257068634033203
initial,0,W_in,8,16,3.1222856044769287,3.1341733932495117,0.011887788772583008
initial,0,W_in,9,16,2.947924852371216,2.914381504058838,0.03354334831237793
initial,0,W_in,10,16,3.0504045486450195,3.0361995697021484,0.014204978942871094
initial,0,W_in,11,16,3.0255250930786133,3.037071943283081,0.011546850204467773
initial,0,W_in,12,16,2.7790050506591797,2.7779669761657715,0.0010380744934082031
initial,0,W_in,13,16,3.059359312057495,3.0261945724487305,0.03316473960876465
initial,0,W_in,14,16,3.040844678878784,3.081411361694336,0.04056668281555176
initial,0,W_in,15,16,2.890667676925659,2.8653717041015625,0.02529597282409668
initial,0,W_in,16,16,2.938943862915039,2.9002788066864014,0.038665056228637695
initial,0,W_in,17,16,2.975618600845337,3.002919912338257,0.027301311492919922
initial,0,W_in,18,16,2.9025821685791016,2.905970573425293,0.0033884048461914062
initial,0,W_in,19,16,3.1040544509887695,3.089475154876709,0.014579296112060547
initial,0,W_in,20,16,3.162141799926758,3.152761220932007,0.009380578994750977
initial,0,W_in,21,16,2.989912271499634,3.0144989490509033,0.02458667755126953
initial,0,W_in,22,16,3.0153374671936035,2.9931814670562744,0.0221560001373291
initial,0,W_in,23,16,2.8417608737945557,2.8374991416931152,0.00426173210144043
initial,0,W_in,24,16,3.144083023071289,3.0785140991210938,0.06556892395019531
initial,0,W_in,25,16,3.105473756790161,3.1125454902648926,0.007071733474731445
initial,0,W_in,26,16,2.9743306636810303,2.976719856262207,0.002389192581176758
initial,0,W_in,27,16,3.311068058013916,3.2757351398468018,0.03533291816711426
initial,0,W_in,28,16,3.2045862674713135,3.235208034515381,0.030621767044067383
initial,0,W_in,29,16,3.1144745349884033,3.1092443466186523,0.0052301883697509766
initial,0,W_in,30,16,2.9544026851654053,2.982685089111328,0.02828240394592285
initial,0,W_in,31,16,3.195894956588745,3.178051233291626,0.01784372329711914
initial,0,W_in,32,16,3.0695934295654297,3.0694336891174316,0.00015974044799804688
initial,0,W_in,33,16,3.066450595855713,3.0943782329559326,0.027927637100219727
initial,0,W_in,34,16,3.08099627494812,3.083815336227417,0.002819061279296875
initial,0,W_in,35,16,2.9490044116973877,2.965505599975586,0.016501188278198242
initial,0,W_in,36,16,3.1033987998962402,3.0342447757720947,0.06915402412414551
initial,0,W_in,37,16,3.199594259262085,3.1982290744781494,0.0013651847839355469
initial,0,W_in,38,16,3.1014368534088135,3.0419507026672363,0.05948615074157715
initial,0,W_in,39,16,2.9870452880859375,3.007817029953003,0.02077174186706543
initial,0,W_in,40,16,3.108771324157715,3.1032025814056396,0.005568742752075195
initial,0,W_in,41,16,3.1118786334991455,3.1067187786102295,0.005159854888916016
initial,0,W_in,42,16,3.086519479751587,3.09212327003479,0.005603790283203125
initial,0,W_in,43,16,3.0209689140319824,3.0541629791259766,0.03319406509399414
initial,0,W_in,44,16,2.964477062225342,2.934933662414551,0.029543399810791016
initial,0,W_in,45,16,3.0798003673553467,3.06111216545105,0.018688201904296875
initial,0,W_in,46,16,2.938331127166748,2.9644083976745605,0.0260772705078125
initial,0,W_in,47,16,3.0800998210906982,3.132385730743408,0.05228590965270996
initial,0,W_in,48,16,3.062426805496216,3.053496837615967,0.008929967880249023
initial,0,W_in,49,16,2.96161150932312,2.93280291557312,0.02880859375
initial,0,W_in,50,16,3.136460065841675,3.111133575439453,0.02532649040222168
initial,0,W_in,51,16,3.131917715072632,3.1733510494232178,0.04143333435058594
initial,0,W_in,52,16,3.00042986869812,2.9985461235046387,0.0018837451934814453
initial,0,W_in,53,16,3.1331305503845215,3.126849412918091,0.006281137466430664
initial,0,W_in,54,16,3.1432039737701416,3.1405224800109863,0.0026814937591552734
initial,0,W_in,55,16,2.9539175033569336,2.9433791637420654,0.010538339614868164
initial,0,W_in,56,16,3.0138309001922607,3.0794858932495117,0.06565499305725098
initial,0,W_in,57,16,2.9561338424682617,2.9543349742889404,0.001798868179321289
initial,0,W_in,58,16,2.941873788833618,2.954500198364258,0.012626409530639648
initial,0,W_in,59,16,3.0229480266571045,2.9604837894439697,0.062464237213134766
initial,0,W_in,60,16,3.1461973190307617,3.1790363788604736,0.032839059829711914
initial,0,W_in,61,16,2.9828643798828125,2.9199559688568115,0.06290841102600098
initial,0,W_in,62,16,2.9769017696380615,2.9599926471710205,0.016909122467041016
initial,0,W_in,63,16,3.107114791870117,3.1122732162475586,0.005158424377441406
initial,1,block0.W1,0,16,3.0143091678619385,2.9937655925750732,0.020543575286865234
initial,1,block0.W1,1,16,3.0896761417388916,3.1126837730407715,0.023007631301879883
initial,1,block0.W1,2,16,3.2096011638641357,3.253856897354126,0.044255733489990234
initial,1,block0.W1,3,16,3.0934786796569824,3.0659358501434326,0.027542829513549805
initial,1,block0.W1,4,16,2.9681098461151123,2.9530081748962402,0.01510167121887207
initial,1,block0.W1,5,16,3.1094369888305664,3.0950658321380615,0.014371156692504883
initial,1,block0.W1,6,16,2.9621527194976807,2.9539825916290283,0.008170127868652344
initial,1,block0.W1,7,16,3.0965847969055176,3.0885186195373535,0.008066177368164062
initial,1,block0.W1,8,16,3.095625400543213,3.0413694381713867,0.05425596237182617
initial,1,block0.W1,9,16,3.1927649974823,3.1814112663269043,0.011353731155395508
initial,1,block0.W1,10,16,2.8600387573242188,2.90167498588562,0.04163622856140137
initial,1,block0.W1,11,16,2.9879019260406494,2.9841959476470947,0.0037059783935546875
initial,1,block0.W1,12,16,2.918104410171509,2.932241678237915,0.01413726806640625
initial,1,block0.W1,13,16,2.9790399074554443,3.005824565887451,0.026784658432006836
initial,1,block0.W1,14,16,3.185894727706909,3.2057323455810547,0.019837617874145508
initial,1,block0.W1,15,16,2.786853075027466,2.8142805099487305,0.02742743492126465
initial,1,block0.W1,16,16,3.04428768157959,3.064157485961914,0.01986980438232422
initial,1,block0.W1,17,16,2.9876065254211426,3.00024151802063,0.012634992599487305
initial,1,block0.W1,18,16,3.2256150245666504,3.207301378250122,0.01831364631652832
initial,1,block0.W1,19,16,3.11335825920105,3.1256794929504395,0.012321233749389648
initial,1,block0.W1,20,16,2.977303981781006,2.9840049743652344,0.006700992584228516
initial,1,block0.W1,21,16,2.8901116847991943,2.875178575515747,0.014933109283447266
initial,1,block0.W1,22,16,2.8823723793029785,2.9170854091644287,0.034713029861450195
initial,1,block0.W1,23,16,2.945908546447754,2.9662187099456787,0.020310163497924805
initial,1,block0.W1,24,16,3.10243821144104,3.0618796348571777,0.040558576583862305
initial,1,block0.W1,25,16,2.909771203994751,2.9096877574920654,8.344650268554688e-05
initial,1,block0.W1,26,16,3.0225436687469482,3.0285778045654297,0.006034135818481445
initial,1,block0.W1,27,16,3.081054210662842,3.078160047531128,0.002894163131713867
initial,1,block0.W1,28,16,3.1249639987945557,3.091695785522461,0.03326821327209473
initial,1,block0.W1,29,16,2.9607295989990234,2.980895757675171,0.02016615867614746
initial,1,block0.W1,30,16,3.104447364807129,3.0997273921966553,0.004719972610473633
initial,1,block0.W1,31,16,2.998959541320801,3.0171713829040527,0.018211841583251953
initial,1,block0.W1,32,16,3.0306801795959473,3.049060821533203,0.01838064193725586
initial,1,block0.W1,33,16,3.184396743774414,3.2109711170196533,0.026574373245239258
initial,1,block0.W1,34,16,3.1343994140625,3.1474452018737793,0.013045787811279297
initial,1,block0.W1,35,16,3.037451982498169,3.0689001083374023,0.0314481258392334
initial,1,block0.W1,36,16,3.0638248920440674,3.058912754058838,0.004912137985229492
initial,1,block0.W1,37,16,3.0981528759002686,3.101516008377075,0.0033631324768066406
initial,1,block0.W1,38,16,3.03786039352417,3.024690866470337,0.013169527053833008
initial,1,block0.W1,39,16,2.9899158477783203,2.9967880249023438,0.0068721771240234375
initial,1,block0.W1,40,16,3.066770553588867,3.0646493434906006,0.0021212100982666016
initial,1,block0.W1,41,16,3.039325714111328,3.048206090927124,0.008880376815795898
initial,1,block0.W1,42,16,2.833181142807007,2.8568532466888428,0.023672103881835938
initial,1,block0.W1,43,16,2.9508612155914307,2.9631474018096924,0.012286186218261719
initial,1,block0.W1,44,16,3.0113227367401123,3.0180249214172363,0.0067021846771240234
initial,1,block0.W1,45,16,3.1427083015441895,3.1042261123657227,0.0384821891784668
initial,1,block0.W1,46,16,3.081845998764038,3.083597183227539,0.0017511844635009766
initial,1,block0.W1,47,16,3.0195844173431396,3.002199649810791,0.017384767532348633
initial,1,block0.W1,48,16,3.019648313522339,3.0221590995788574,0.0025107860565185547
initial,1,block0.W1,49,16,3.0187184810638428,2.996889352798462,0.02182912826538086
initial,1,block0.W1,50,16,3.130117893218994,3.147961139678955,0.017843246459960938
initial,1,block0.W1,51,16,3.1219472885131836,3.1193947792053223,0.002552509307861328
initial,1,block0.W1,52,16,2.9554622173309326,2.966874361038208,0.01141214370727539
initial,1,block0.W1,53,16,2.9990484714508057,3.0326576232910156,0.03360915184020996
initial,1,block0.W1,54,16,3.075406551361084,3.137807846069336,0.06240129470825195
initial,1,block0.W1,55,16,3.0613386631011963,3.0419232845306396,0.01941537857055664
initial,1,block0.W1,56,16,2.9990429878234863,2.9991185665130615,7.557868957519531e-05
initial,1,block0.W1,57,16,3.171659231185913,3.1753194332122803,0.0036602020263671875
initial,1,block0.W1,58,16,2.837977886199951,2.845111608505249,0.0071337223052978516
initial,1,block0.W1,59,16,2.944568634033203,2.9579477310180664,0.013379096984863281
initial,1,block0.W1,60,16,2.9512691497802734,2.9530861377716064,0.0018169879913330078
initial,1,block0.W1,61,16,3.012481212615967,3.03521728515625,0.022736072540283203
initial,1,block0.W1,62,16,2.7913289070129395,2.8190252780914307,0.02769637107849121
initial,1,block0.W1,63,16,3.0730812549591064,3.075775623321533,0.002694368362426758
initial,2,block0.W2,0,16,3.134626865386963,3.1644234657287598,0.029796600341796875
initial,2,block0.W2,1,16,3.0684783458709717,3.102940082550049,0.03446173667907715
initial,2,block0.W2,2,16,3.0712249279022217,3.0859897136688232,0.014764785766601562
initial,2,block0.W2,3,16,3.075164556503296,3.086033582687378,0.010869026184082031
initial,2,block0.W2,4,16,3.0230138301849365,2.974759817123413,0.04825401306152344
initial,2,block0.W2,5,16,3.0045037269592285,3.0056824684143066,0.001178741455078125
initial,2,block0.W2,6,16,3.080991506576538,3.062593936920166,0.01839756965637207
initial,2,block0.W2,7,16,3.0753819942474365,3.034782886505127,0.04059910774230957
initial,2,block0.W2,8,16,3.009267807006836,3.025148391723633,0.015880584716796875
initial,2,block0.W2,9,16,3.05609130859375,3.106049060821533,0.0499577522277832
initial,2,block0.W2,10,16,3.1283762454986572,3.0990214347839355,0.02935481071472168
initial,2,block0.W2,11,16,2.970872640609741,3.02699875831604,0.05612611770629883
initial,2,block0.W2,12,16,2.986415147781372,3.0069451332092285,0.020529985427856445
initial,2,block0.W2,13,16,3.103400707244873,3.1395604610443115,0.03615975379943848
initial,2,block0.W2,14,16,3.0217902660369873,3.036618232727051,0.014827966690063477
initial,2,block0.W2,15,16,3.0453238487243652,3.071617841720581,0.02629399299621582
initial,2,block0.W2,16,16,3.0428876876831055,3.0485787391662598,0.005691051483154297
initial,2,block0.W2,17,16,2.9038660526275635,2.903430938720703,0.00043511390686035156
initial,2,block0.W2,18,16,3.05877423286438,3.0462591648101807,0.012515068054199219
initial,2,block0.W2,19,16,3.0376415252685547,3.0724987983703613,0.03485727310180664
initial,2,block0.W2,20,16,3.0889391899108887,3.062959909439087,0.025979280471801758
initial,2,block0.W2,21,16,2.961411952972412,2.8736042976379395,0.08780765533447266
initial,2,block0.W2,22,16,3.0139551162719727,3.0204148292541504,0.006459712982177734
initial,2,block0.W2,23,16,3.084899425506592,3.129755973815918,0.04485654830932617
initial,2,block0.W2,24,16,3.0736985206604004,3.0312469005584717,0.04245162010192871
initial,2,block0.W2,25,16,2.9076859951019287,2.963278293609619,0.05559229850769043
initial,2,block0.W2,26,16,3.048079252243042,3.0247743129730225,0.02330493927001953
initial,2,block0.W2,27,16,3.0649096965789795,3.0944347381591797,0.029525041580200195
initial,2,block0.W2,28,16,2.9276745319366455,2.930931568145752,0.0032570362091064453
initial,2,block0.W2,29,16,2.9624526500701904,2.969121217727661,0.006668567657470703
initial,2,block0.W2,30,16,2.985562801361084,2.966032028198242,0.019530773162841797
initial,2,block0.W2,31,16,2.9102396965026855,2.941460132598877,0.031220436096191406
initial,2,block0.W2,32,16,2.9747538566589355,2.9237923622131348,0.05096149444580078
initial,2,block0.W2,33,16,2.98814058303833,3.007629632949829,0.019489049911499023
initial,2,block0.W2,34,16,3.0823185443878174,3.072824478149414,0.00949406623840332
initial,2,block0.W2,35,16,3.0220656394958496,3.016867160797119,0.005198478698730469
initial,2,block0.W2,36,16,2.9458577632904053,2.9322903156280518,0.013567447662353516
initial,2,block0.W2,37,16,3.045675277709961,3.0988261699676514,0.05315089225769043
initial,2,block0.W2,38,16,3.0458922386169434,3.0597002506256104,0.013808012008666992
initial,2,block0.W2,39,16,3.1660683155059814,3.116032361984253,0.050035953521728516
initial,2,block0.W2,40,16,3.095238208770752,3.1425700187683105,0.047331809997558594
initial,2,block0.W2,41,16,3.1081900596618652,3.058823585510254,0.04936647415161133
initial,2,block0.W2,42,16,2.9592926502227783,2.9656026363372803,0.006309986114501953
initial,2,block0.W2,43,16,3.261093854904175,3.2920920848846436,0.03099822998046875
initial,2,block0.W2,44,16,3.071674346923828,3.062859535217285,0.008814811706542969
initial,2,block0.W2,45,16,2.9931843280792236,2.9549522399902344,0.03823208808898926
initial,2,block0.W2,46,16,3.003544807434082,3.0009851455688477,0.002559661865234375
initial,2,block0.W2,47,16,3.0881874561309814,3.0651183128356934,0.023069143295288086
initial,2,block0.W2,48,16,3.051795721054077,2.9908499717712402,0.060945749282836914
initial,2,block0.W2,49,16,3.133307456970215,3.1165764331817627,0.01673102378845215
initial,2,block0.W2,50,16,3.082303047180176,3.0501139163970947,0.032189130783081055
initial,2,block0.W2,51,16,3.249159336090088,3.249613046646118,0.00045371055603027344
initial,2,block0.W2,52,16,3.0304014682769775,3.0363657474517822,0.0059642791748046875
initial,2,block0.W2,53,16,3.091498374938965,3.1001174449920654,0.008619070053100586
initial,2,block0.W2,54,16,3.077146053314209,3.076460361480713,0.0006856918334960938
initial,2,block0.W2,55,16,3.005004644393921,2.978793144226074,0.02621150016784668
initial,2,block0.W2,56,16,3.042264223098755,3.03538179397583,0.006882429122924805
initial,2,block0.W2,57,16,2.971705436706543,2.99088191986084,0.019176483154296875
initial,2,block0.W2,58,16,2.98046612739563,3.0188634395599365,0.03839731216430664
initial,2,block0.W2,59,16,3.2148890495300293,3.15714693069458,0.05774211883544922
initial,2,block0.W2,60,16,3.042001962661743,3.0281660556793213,0.013835906982421875
initial,2,block0.W2,61,16,3.0959765911102295,3.0952610969543457,0.0007154941558837891
initial,2,block0.W2,62,16,3.0853288173675537,3.1417834758758545,0.05645465850830078
initial,2,block0.W2,63,16,2.946031332015991,2.9634878635406494,0.017456531524658203
initial,3,block1.W1,0,16,2.8519158363342285,2.8312058448791504,0.020709991455078125
initial,3,block1.W1,1,16,2.918813705444336,2.9061930179595947,0.012620687484741211
initial,3,block1.W1,2,16,2.9479053020477295,2.9791104793548584,0.031205177307128906
initial,3,block1.W1,3,16,3.120136022567749,3.110273599624634,0.009862422943115234
initial,3,block1.W1,4,16,3.0102150440216064,3.055980682373047,0.04576563835144043
initial,3,block1.W1,5,16,2.933385133743286,2.9007647037506104,0.03262042999267578
initial,3,block1.W1,6,16,2.988678455352783,2.9617040157318115,0.02697443962097168
initial,3,block1.W1,7,16,3.109950304031372,3.0608181953430176,0.04913210868835449
initial,3,block1.W1,8,16,3.025987148284912,3.029416084289551,0.003428936004638672
initial,3,block1.W1,9,16,3.1319448947906494,3.110550880432129,0.021394014358520508
initial,3,block1.W1,10,16,2.8987104892730713,2.9464943408966064,0.047783851623535156
initial,3,block1.W1,11,16,3.1225223541259766,3.1312954425811768,0.008773088455200195
initial,3,block1.W1,12,16,3.137247323989868,3.120518445968628,0.016728878021240234
initial,3,block1.W1,13,16,2.957730531692505,2.9632530212402344,0.005522489547729492
initial,3,block1.W1,14,16,2.828458547592163,2.8454604148864746,0.017001867294311523
initial,3,block1.W1,15,16,2.9857544898986816,2.9805080890655518,0.005246400833129883
initial,3,block1.W1,16,16,2.982970714569092,2.9671242237091064,0.01584649085998535
initial,3,block1.W1,17,16,3.0799922943115234,3.1358237266540527,0.0558314323425293
initial,3,block1.W1,18,16,2.992347478866577,2.9965100288391113,0.00416254997253418
initial,3,block1.W1,19,16,3.0046660900115967,3.0164871215820312,0.01182103157043457
initial,3,block1.W1,20,16,3.0926027297973633,3.1053500175476074,0.01274728775024414
initial,3,block1.W1,21,16,3.0775837898254395,3.100625514984131,0.023041725158691406
initial,3,block1.W1,22,16,3.1038708686828613,3.086625576019287,0.01724529266357422
initial,3,block1.W1,23,16,2.88325834274292,2.899085760116577,0.015827417373657227
initial,3,block1.W1,24,16,3.0199384689331055,3.0385780334472656,0.018639564514160156
initial,3,block1.W1,25,16,2.929751396179199,2.9373130798339844,0.007561683654785156
initial,3,block1.W1,26,16,3.144822835922241,3.118164300918579,0.02665853500366211
initial,3,block1.W1,27,16,2.9086825847625732,2.9136855602264404,0.0050029754638671875
initial,3,block1.W1,28,16,3.1095077991485596,3.136962413787842,0.027454614639282227
initial,3,block1.W1,29,16,3.164036989212036,3.1466760635375977,0.017360925674438477
initial,3,block1.W1,30,16,3.073735475540161,3.060682773590088,0.013052701950073242
initial,3,block1.W1,31,16,2.996957778930664,3.0203258991241455,0.023368120193481445
initial,3,block1.W1,32,16,2.9961745738983154,3.0249156951904297,0.028741121292114258
initial,3,block1.W1,33,16,3.0137670040130615,3.0263195037841797,0.012552499771118164
initial,3,block1.W1,34,16,2.959259271621704,2.956287384033203,0.0029718875885009766
initial,3,block1.W1,35,16,3.0327017307281494,3.0455832481384277,0.01288151741027832
initial,3,block1.W1,36,16,2.9471325874328613,2.982422113418579,0.03528952598571777
initial,3,block1.W1,37,16,3.1885414123535156,3.172420024871826,0.016121387481689453
initial,3,block1.W1,38,16,2.9610700607299805,2.9980380535125732,0.03696799278259277
initial,3,block1.W1,39,16,3.059359073638916,3.0759949684143066,0.016635894775390625
initial,3,block1.W1,40,16,2.6864895820617676,2.712085008621216,0.025595426559448242
initial,3,block1.W1,41,16,3.04699969291687,3.0834779739379883,0.036478281021118164
initial,3,block1.W1,42,16,3.1985080242156982,3.199662208557129,0.001154184341430664
initial,3,block1.W1,43,16,3.0285282135009766,3.0363693237304688,0.007841110229492188
initial,3,block1.W1,44,16,3.054755926132202,3.057490110397339,0.0027341842651367188
initial,3,block1.W1,45,16,2.828975200653076,2.884704828262329,0.05572962760925293
initial,3,block1.W1,46,16,3.012690305709839,3.0189778804779053,0.006287574768066406
initial,3,block1.W1,47,16,2.94831919670105,2.9708092212677,0.02249002456665039
initial,3,block1.W1,48,16,3.0643107891082764,3.073340654373169,0.009029865264892578
initial,3,block1.W1,49,16,2.8502697944641113,2.8405404090881348,0.009729385375976562
initial,3,block1.W1,50,16,3.0971624851226807,3.086608409881592,0.010554075241088867
initial,3,block1.W1,51,16,3.0005054473876953,2.9759812355041504,0.024524211883544922
initial,3,block1.W1,52,16,2.9104275703430176,2.9179093837738037,0.007481813430786133
initial,3,block1.W1,53,16,2.90805721282959,2.9022815227508545,0.0057756900787353516
initial,3,block1.W1,54,16,3.0692245960235596,3.0577645301818848,0.011460065841674805
initial,3,block1.W1,55,16,3.0378575325012207,3.000666379928589,0.037191152572631836
initial,3,block1.W1,56,16,3.039207935333252,3.073136806488037,0.033928871154785156
initial,3,block1.W1,57,16,3.102924346923828,3.071949005126953,0.030975341796875
initial,3,block1.W1,58,16,2.9666852951049805,3.012516498565674,0.04583120346069336
initial,3,block1.W1,59,16,2.8708677291870117,2.8599395751953125,0.010928153991699219
initial,3,block1.W1,60,16,3.088148593902588,3.0611705780029297,0.026978015899658203
initial,3,block1.W1,61,16,2.9948441982269287,2.9624619483947754,0.03238224983215332
initial,3,block1.W1,62,16,2.9255733489990234,2.9416751861572266,0.016101837158203125
initial,3,block1.W1,63,16,3.095682144165039,3.06588077545166,0.029801368713378906
initial,4,block1.W2,0,16,2.9191625118255615,2.935373544692993,0.01621103286743164
initial,4,block1.W2,1,16,2.856041431427002,2.862908124923706,0.0068666934967041016
initial,4,block1.W2,2,16,3.075148105621338,3.033853530883789,0.04129457473754883
initial,4,block1.W2,3,16,3.001999855041504,3.0057213306427,0.003721475601196289
initial,4,block1.W2,4,16,3.0375211238861084,3.0885508060455322,0.05102968215942383
initial,4,block1.W2,5,16,3.014677047729492,3.015552520751953,0.0008754730224609375
initial,4,block1.W2,6,16,3.004481077194214,2.9949135780334473,0.009567499160766602
initial,4,block1.W2,7,16,3.2084596157073975,3.194960355758667,0.013499259948730469
initial,4,block1.W2,8,16,2.9693570137023926,3.0008773803710938,0.03152036666870117
initial,4,block1.W2,9,16,3.0133323669433594,2.987302541732788,0.02602982521057129
initial,4,block1.W2,10,16,2.9730732440948486,2.9871182441711426,0.014045000076293945
initial,4,block1.W2,11,16,2.9176645278930664,2.9026803970336914,0.014984130859375
initial,4,block1.W2,12,16,2.9869155883789062,3.0018787384033203,0.014963150024414062
initial,4,block1.W2,13,16,2.969235897064209,2.984666347503662,0.015430450439453125
initial,4,block1.W2,14,16,3.058976650238037,3.043198347091675,0.015778303146362305
initial,4,block1.W2,15,16,3.082627058029175,3.0274527072906494,0.05517435073852539
initial,4,block1.W2,16,16,2.968888998031616,2.9755680561065674,0.006679058074951172
initial,4,block1.W2,17,16,3.006938934326172,3.0156102180480957,0.008671283721923828
initial,4,block1.W2,18,16,2.896517515182495,2.9022624492645264,0.00574493408203125
initial,4,block1.W2,19,16,3.1367316246032715,3.1266908645629883,0.010040760040283203
initial,4,block1.W2,20,16,3.11228084564209,3.099370002746582,0.012910842895507812
initial,4,block1.W2,21,16,3.0399246215820312,3.0383694171905518,0.0015552043914794922
initial,4,block1.W2,22,16,3.1218221187591553,3.150451183319092,0.028629064559936523
initial,4,block1.W2,23,16,2.9879517555236816,2.9760076999664307,0.011944055557250977
initial,4,block1.W2,24,16,2.889514207839966,2.914538621902466,0.0250244140625
initial,4,block1.W2,25,16,3.0577585697174072,3.0366361141204834,0.021122455596923828
initial,4,block1.W2,26,16,3.0437026023864746,3.0785915851593018,0.03488898277282715
initial,4,block1.W2,27,16,2.821748733520508,2.794827699661255,0.02692103385925293
initial,4,block1.W2,28,16,3.0497190952301025,3.0495340824127197,0.0001850128173828125
initial,4,block1.W2,29,16,2.9150819778442383,2.8904025554656982,0.02467942237854004
initial,4,block1.W2,30,16,2.9661550521850586,2.9546937942504883,0.011461257934570312
initial,4,block1.W2,31,16,3.364626169204712,3.2992968559265137,0.06532931327819824
initial,4,block1.W2,32,16,2.9189577102661133,2.9175283908843994,0.0014293193817138672
initial,4,block1.W2,33,16,3.023738384246826,3.017003059387207,0.006735324859619141
initial,4,block1.W2,34,16,3.1122307777404785,3.1450181007385254,0.032787322998046875
initial,4,block1.W2,35,16,2.9587645530700684,2.9697463512420654,0.01098179817199707
initial,4,block1.W2,36,16,3.010007858276367,2.9996864795684814,0.010321378707885742
initial,4,block1.W2,37,16,3.074639081954956,3.071265935897827,0.0033731460571289062
initial,4,block1.W2,38,16,2.9961347579956055,2.98494291305542,0.011191844940185547
initial,4,block1.W2,39,16,2.85668683052063,2.870542049407959,0.013855218887329102
initial,4,block1.W2,40,16,3.127077579498291,3.1381547451019287,0.011077165603637695
initial,4,block1.W2,41,16,3.0537221431732178,3.0640463829040527,0.010324239730834961
initial,4,block1.W2,42,16,2.85162091255188,2.8420395851135254,0.009581327438354492
initial,4,block1.W2,43,16,3.1534743309020996,3.1402082443237305,0.01326608657836914
initial,4,block1.W2,44,16,3.022136926651001,2.973754405975342,0.04838252067565918
initial,4,block1.W2,45,16,3.067641019821167,3.0337445735931396,0.033896446228027344
initial,4,block1.W2,46,16,3.2020809650421143,3.181394338607788,0.020686626434326172
initial,4,block1.W2,47,16,3.0473241806030273,3.0512101650238037,0.003885984420776367
initial,4,block1.W2,48,16,2.963017463684082,2.9582841396331787,0.00473332405090332
initial,4,block1.W2,49,16,3.0466458797454834,3.0394842624664307,0.007161617279052734
initial,4,block1.W2,50,16,3.0394113063812256,3.0014963150024414,0.03791499137878418
initial,4,block1.W2,51,16,2.972428560256958,2.944617986679077,0.02781057357788086
initial,4,block1.W2,52,16,3.0857675075531006,3.047441005706787,0.03832650184631348
initial,4,block1.W2,53,16,3.0572664737701416,3.0258069038391113,0.03145956993103027
initial,4,block1.W2,54,16,3.0537352561950684,3.037449836730957,0.016285419464111328
initial,4,block1.W2,55,16,3.1597533226013184,3.1700470447540283,0.010293722152709961
initial,4,block1.W2,56,16,3.0006916522979736,2.985921621322632,0.014770030975341797
initial,4,block1.W2,57,16,3.0933518409729004,3.0600829124450684,0.03326892852783203
initial,4,block1.W2,58,16,3.1196341514587402,3.1187281608581543,0.0009059906005859375
initial,4,block1.W2,59,16,3.013706684112549,3.0148427486419678,0.0011360645294189453
initial,4,block1.W2,60,16,3.1446073055267334,3.1350293159484863,0.00957798957824707
initial,4,block1.W2,61,16,3.0145630836486816,2.991777181625366,0.02278590202331543
initial,4,block1.W2,62,16,3.132800579071045,3.1501479148864746,0.017347335815429688
initial,4,block1.W2,63,16,3.0141959190368652,2.9904942512512207,0.02370166778564453
initial,5,block2.W1,0,16,3.061617136001587,3.0645551681518555,0.0029380321502685547
initial,5,block2.W1,1,16,2.974555253982544,2.9672021865844727,0.007353067398071289
initial,5,block2.W1,2,16,2.958857536315918,2.9304330348968506,0.028424501419067383
initial,5,block2.W1,3,16,3.0698752403259277,3.0471181869506836,0.02275705337524414
initial,5,block2.W1,4,16,3.0359702110290527,3.0250866413116455,0.010883569717407227
initial,5,block2.W1,5,16,3.1376519203186035,3.1176836490631104,0.019968271255493164
initial,5,block2.W1,6,16,3.0922625064849854,3.0936479568481445,0.0013854503631591797
initial,5,block2.W1,7,16,3.239670515060425,3.264441967010498,0.024771451950073242
initial,5,block2.W1,8,16,3.121230363845825,3.1233127117156982,0.002082347869873047
initial,5,block2.W1,9,16,3.0863335132598877,3.093513250350952,0.007179737091064453
initial,5,block2.W1,10,16,3.0965332984924316,3.1124157905578613,0.015882492065429688
initial,5,block2.W1,11,16,2.9558048248291016,2.9445252418518066,0.011279582977294922
initial,5,block2.W1,12,16,3.1327271461486816,3.129405975341797,0.0033211708068847656
initial,5,block2.W1,13,16,2.9259707927703857,2.9119043350219727,0.014066457748413086
initial,5,block2.W1,14,16,2.9224746227264404,2.9499120712280273,0.027437448501586914
initial,5,block2.W1,15,16,2.974851131439209,2.9343926906585693,0.04045844078063965
initial,5,block2.W1,16,16,2.9813432693481445,2.9518039226531982,0.02953934669494629
initial,5,block2.W1,17,16,2.964773178100586,2.9813592433929443,0.0165860652923584
initial,5,block2.W1,18,16,3.0375444889068604,3.087512493133545,0.04996800422668457
initial,5,block2.W1,19,16,3.092583179473877,3.0929150581359863,0.000331878662109375
initial,5,block2.W1,20,16,3.119046688079834,3.0760626792907715,0.0429840087890625
initial,5,block2.W1,21,16,2.9113967418670654,2.9557085037231445,0.0443117618560791
initial,5,block2.W1,22,16,2.9292874336242676,2.87740421295166,0.05188322067260742
initial,5,block2.W1,23,16,2.9644792079925537,2.9587388038635254,0.00574040412902832
initial,5,block2.W1,24,16,3.040785789489746,3.042952537536621,0.002166748046875
initial,5,block2.W1,25,16,3.0457518100738525,3.0364651679992676,0.009286642074584961
initial,5,block2.W1,26,16,3.2209131717681885,3.2651290893554688,0.04421591758728027
initial,5,block2.W1,27,16,2.976825714111328,2.9499335289001465,0.02689218521118164
initial,5,block2.W1,28,16,2.9822940826416016,2.9625346660614014,0.019759416580200195
initial,5,block2.W1,29,16,3.0379111766815186,2.977315902709961,0.06059527397155762
initial,5,block2.W1,30,16,2.8942785263061523,2.869934558868408,0.02434396743774414
initial,5,block2.W1,31,16,2.8431501388549805,2.8967702388763428,0.053620100021362305
initial,5,block2.W1,32,16,2.9692718982696533,2.9927332401275635,0.023461341857910156
initial,5,block2.W1,33,16,3.044874429702759,3.0563840866088867,0.01150965690612793
initial,5,block2.W1,34,16,3.052004814147949,3.0602619647979736,0.008257150650024414
initial,5,block2.W1,35,16,3.030573844909668,3.0807619094848633,0.05018806457519531
initial,5,block2.W1,36,16,2.9676594734191895,2.929826498031616,0.03783297538757324
initial,5,block2.W1,37,16,3.14628529548645,3.158419132232666,0.01213383674621582
initial,5,block2.W1,38,16,2.907757043838501,2.90446400642395,0.0032930374145507812
initial,5,block2.W1,39,16,2.9682557582855225,2.9934589862823486,0.025203227996826172
initial,5,block2.W1,40,16,3.1443018913269043,3.1350951194763184,0.009206771850585938
initial,5,block2.W1,41,16,3.086646318435669,3.0987026691436768,0.012056350708007812
initial,5,block2.W1,42,16,2.9896631240844727,2.9929919242858887,0.0033288002014160156
initial,5,block2.W1,43,16,2.697829484939575,2.7187302112579346,0.020900726318359375
initial,5,block2.W1,44,16,2.9853925704956055,2.995244264602661,0.009851694107055664
initial,5,block2.W1,45,16,2.857485294342041,2.859361171722412,0.0018758773803710938
initial,5,block2.W1,46,16,3.156435489654541,3.146688222885132,0.00974726676940918
initial,5,block2.W1,47,16,3.0783605575561523,3.068859338760376,0.009501218795776367
initial,5,block2.W1,48,16,3.153660297393799,3.1661436557769775,0.012483358383178711
initial,5,block2.W1,49,16,3.032019853591919,3.050049304962158,0.018029451370239258
initial,5,block2.W1,50,16,3.0800654888153076,3.128797769546509,0.04873228073120117
initial,5,block2.W1,51,16,3.00207257270813,3.0249531269073486,0.02288055419921875
initial,5,block2.W1,52,16,2.8842639923095703,2.8645482063293457,0.01971578598022461
initial,5,block2.W1,53,16,2.9479150772094727,2.959657669067383,0.011742591857910156
initial,5,block2.W1,54,16,2.9982099533081055,2.992917060852051,0.0052928924560546875
initial,5,block2.W1,55,16,3.1037521362304688,3.1262590885162354,0.0225069522857666
initial,5,block2.W1,56,16,3.018389940261841,3.0117878913879395,0.006602048873901367
initial,5,block2.W1,57,16,3.1449410915374756,3.1516597270965576,0.006718635559082031
initial,5,block2.W1,58,16,3.0671653747558594,3.082031011581421,0.014865636825561523
initial,5,block2.W1,59,16,3.016923189163208,3.036411762237549,0.01948857307434082
initial,5,block2.W1,60,16,3.179363965988159,3.1793792247772217,1.52587890625e-05
initial,5,block2.W1,61,16,3.0786592960357666,3.0626516342163086,0.016007661819458008
initial,5,block2.W1,62,16,2.958353281021118,2.948867082595825,0.009486198425292969
initial,5,block2.W1,63,16,3.0101819038391113,2.995885133743286,0.014296770095825195
initial,6,block2.W2,0,16,3.1649177074432373,3.162423610687256,0.0024940967559814453
initial,6,block2.W2,1,16,3.072685956954956,3.084336757659912,0.011650800704956055
initial,6,block2.W2,2,16,2.991027593612671,2.986754894256592,0.0042726993560791016
initial,6,block2.W2,3,16,2.92602801322937,2.900770425796509,0.025257587432861328
initial,6,block2.W2,4,16,3.1278574466705322,3.1159181594848633,0.011939287185668945
initial,6,block2.W2,5,16,2.867457866668701,2.854745864868164,0.01271200180053711
initial,6,block2.W2,6,16,3.027683734893799,3.015848159790039,0.011835575103759766
initial,6,block2.W2,7,16,3.0789029598236084,3.0680763721466064,0.010826587677001953
initial,6,block2.W2,8,16,3.176471471786499,3.207334041595459,0.03086256980895996
initial,6,block2.W2,9,16,3.2741856575012207,3.293698310852051,0.019512653350830078
initial,6,block2.W2,10,16,2.9866015911102295,2.9806950092315674,0.005906581878662109
initial,6,block2.W2,11,16,3.13581919670105,3.1226677894592285,0.013151407241821289
initial,6,block2.W2,12,16,3.018658399581909,3.055068254470825,0.036409854888916016
initial,6,block2.W2,13,16,2.8948378562927246,2.8776021003723145,0.017235755920410156
initial,6,block2.W2,14,16,2.9933698177337646,2.997730255126953,0.0043604373931884766
initial,6,block2.W2,15,16,3.165069103240967,3.1511166095733643,0.013952493667602539
initial,6,block2.W2,16,16,2.9595658779144287,2.915308713912964,0.044257164001464844
initial,6,block2.W2,17,16,3.053112506866455,3.047823667526245,0.005288839340209961
initial,6,block2.W2,18,16,3.0014679431915283,2.9731695652008057,0.028298377990722656
initial,6,block2.W2,19,16,3.181412935256958,3.1546406745910645,0.026772260665893555
initial,6,block2.W2,20,16,2.98637056350708,2.985241174697876,0.0011293888092041016
initial,6,block2.W2,21,16,3.0311367511749268,3.0291900634765625,0.0019466876983642578
initial,6,block2.W2,22,16,2.8793365955352783,2.888610363006592,0.009273767471313477
initial,6,block2.W2,23,16,2.9923057556152344,2.9805827140808105,0.011723041534423828
initial,6,block2.W2,24,16,2.9847021102905273,2.9683456420898438,0.016356468200683594
initial,6,block2.W2,25,16,2.9764821529388428,2.9617605209350586,0.01472163200378418
initial,6,block2.W2,26,16,3.074463129043579,3.071953296661377,0.0025098323822021484
initial,6,block2.W2,27,16,3.102585554122925,3.13923716545105,0.036651611328125
initial,6,block2.W2,28,16,2.9873785972595215,3.0150771141052246,0.027698516845703125
initial,6,block2.W2,29,16,3.1317059993743896,3.1332080364227295,0.0015020370483398438
initial,6,block2.W2,30,16,3.1245181560516357,3.1028594970703125,0.021658658981323242
initial,6,block2.W2,31,16,3.0798981189727783,3.045614004135132,0.034284114837646484
initial,6,block2.W2,32,16,3.107196569442749,3.0895283222198486,0.01766824722290039
initial,6,block2.W2,33,16,2.925403118133545,2.9194774627685547,0.005925655364990234
initial,6,block2.W2,34,16,2.9859745502471924,3.0089304447174072,0.022955894470214844
initial,6,block2.W2,35,16,2.91900372505188,2.9389185905456543,0.019914865493774414
initial,6,block2.W2,36,16,2.9258856773376465,2.9852423667907715,0.059356689453125
initial,6,block2.W2,37,16,2.924013614654541,2.9536406993865967,0.029627084732055664
initial,6,block2.W2,38,16,2.8853461742401123,2.912283420562744,0.026937246322631836
initial,6,block2.W2,39,16,3.1042816638946533,3.083487033843994,0.02079463005065918
initial,6,block2.W2,40,16,3.1207664012908936,3.1031124591827393,0.017653942108154297
initial,6,block2.W2,41,16,3.055692434310913,3.10573148727417,0.050039052963256836
initial,6,block2.W2,42,16,2.7827229499816895,2.8101234436035156,0.027400493621826172
initial,6,block2.W2,43,16,3.05597186088562,3.0575246810913086,0.0015528202056884766
initial,6,block2.W2,44,16,3.082873582839966,3.0777435302734375,0.00513005256652832
initial,6,block2.W2,45,16,3.193598508834839,3.2071375846862793,0.01353907585144043
initial,6,block2.W2,46,16,2.9913713932037354,2.985818386077881,0.005553007125854492
initial,6,block2.W2,47,16,3.1561076641082764,3.1611809730529785,0.0050733089447021484
initial,6,block2.W2,48,16,3.126844882965088,3.124772787094116,0.0020720958709716797
initial,6,block2.W2,49,16,3.0957694053649902,3.149646282196045,0.05387687683105469
initial,6,block2.W2,50,16,3.0937411785125732,3.107922077178955,0.014180898666381836
initial,6,block2.W2,51,16,3.0120673179626465,3.006390333175659,0.005676984786987305
initial,6,block2.W2,52,16,2.7225356101989746,2.7334420680999756,0.010906457901000977
initial,6,block2.W2,53,16,3.2332513332366943,3.278071165084839,0.04481983184814453
initial,6,block2.W2,54,16,3.183803081512451,3.1286861896514893,0.055116891860961914
initial,6,block2.W2,55,16,3.0316781997680664,3.05639386177063,0.024715662002563477
initial,6,block2.W2,56,16,3.09035062789917,3.09761643409729,0.007265806198120117
initial,6,block2.W2,57,16,3.0409302711486816,3.0795881748199463,0.03865790367126465
initial,6,block2.W2,58,16,3.08762264251709,3.070559024810791,0.017063617706298828
initial,6,block2.W2,59,16,3.091657876968384,3.1187524795532227,0.027094602584838867
initial,6,block2.W2,60,16,3.091369867324829,3.0817646980285645,0.009605169296264648
initial,6,block2.W2,61,16,2.9663033485412598,2.961459159851074,0.004844188690185547
initial,6,block2.W2,62,16,2.8529107570648193,2.851057529449463,0.0018532276153564453
initial,6,block2.W2,63,16,3.04655122756958,3.0422847270965576,0.004266500473022461
initial,7,block3.W1,0,16,3.035517692565918,3.0412309169769287,0.005713224411010742
initial,7,block3.W1,1,16,3.0951128005981445,3.0626819133758545,0.03243088722229004
initial,7,block3.W1,2,16,3.001889705657959,2.986599922180176,0.015289783477783203
initial,7,block3.W1,3,16,2.999319314956665,3.0430285930633545,0.04370927810668945
initial,7,block3.W1,4,16,3.065171957015991,3.0625362396240234,0.0026357173919677734
initial,7,block3.W1,5,16,3.079087257385254,3.039860248565674,0.03922700881958008
initial,7,block3.W1,6,16,3.113236904144287,3.0946106910705566,0.01862621307373047
initial,7,block3.W1,7,16,3.0691590309143066,3.033527135848999,0.03563189506530762
initial,7,block3.W1,8,16,3.066713571548462,3.081165075302124,0.01445150375366211
initial,7,block3.W1,9,16,2.9963090419769287,2.9855263233184814,0.010782718658447266
initial,7,block3.W1,10,16,2.897162437438965,2.9075536727905273,0.0103912353515625
initial,7,block3.W1,11,16,3.067241668701172,3.054800271987915,0.012441396713256836
initial,7,block3.W1,12,16,3.0545008182525635,3.069481611251831,0.014980792999267578
initial,7,block3.W1,13,16,2.9529099464416504,2.9529809951782227,7.104873657226562e-05
initial,7,block3.W1,14,16,2.9932796955108643,2.9886486530303955,0.00463104248046875
initial,7,block3.W1,15,16,2.934558391571045,2.928640604019165,0.005917787551879883
initial,7,block3.W1,16,16,3.024778127670288,3.0238916873931885,0.0008864402770996094
initial,7,block3.W1,17,16,2.9450759887695312,2.901024103164673,0.0440518856048584
initial,7,block3.W1,18,16,2.922171115875244,2.9530365467071533,0.03086543083190918
initial,7,block3.W1,19,16,2.8308043479919434,2.847235679626465,0.016431331634521484
initial,7,block3.W1,20,16,2.797145366668701,2.802938938140869,0.005793571472167969
initial,7,block3.W1,21,16,3.030921220779419,3.0246222019195557,0.006299018859863281
initial,7,block3.W1,22,16,3.0564708709716797,3.049011468887329,0.007459402084350586
initial,7,block3.W1,23,16,3.089541435241699,3.07686448097229,0.01267695426940918
initial,7,block3.W1,24,16,2.8644771575927734,2.87422776222229,0.009750604629516602
initial,7,block3.W1,25,16,2.936033010482788,2.9599556922912598,0.02392268180847168
initial,7,block3.W1,26,16,3.2005257606506348,3.17000412940979,0.030521631240844727
initial,7,block3.W1,27,16,2.9269866943359375,2.9535882472991943,0.026601552963256836
initial,7,block3.W1,28,16,2.9915671348571777,3.0098276138305664,0.018260478973388672
initial,7,block3.W1,29,16,3.1002674102783203,3.0741569995880127,0.026110410690307617
initial,7,block3.W1,30,16,2.9918172359466553,3.009148597717285,0.017331361770629883
initial,7,block3.W1,31,16,3.0901577472686768,3.077852964401245,0.01230478286743164
initial,7,block3.W1,32,16,3.09283185005188,3.0773134231567383,0.015518426895141602
initial,7,block3.W1,33,16,3.069802761077881,3.0805952548980713,0.01079249382019043
initial,7,block3.W1,34,16,2.9572296142578125,2.9761836528778076,0.018954038619995117
initial,7,block3.W1,35,16,3.021033763885498,3.0223588943481445,0.0013251304626464844
initial,7,block3.W1,36,16,3.0103280544281006,2.987154960632324,0.023173093795776367
initial,7,block3.W1,37,16,3.0296854972839355,3.0248525142669678,0.0048329830169677734
initial,7,block3.W1,38,16,3.0854265689849854,3.0845530033111572,0.000873565673828125
initial,7,block3.W1,39,16,3.118673324584961,3.1077945232391357,0.010878801345825195
initial,7,block3.W1,40,16,3.0676183700561523,3.054164171218872,0.013454198837280273
initial,7,block3.W1,41,16,3.050750970840454,3.039738893508911,0.011012077331542969
initial,7,block3.W1,42,16,3.1128487586975098,3.147594451904297,0.03474569320678711
initial,7,block3.W1,43,16,2.90014910697937,2.865417003631592,0.03473210334777832
initial,7,block3.W1,44,16,2.9728331565856934,3.0103089809417725,0.0374758243560791
initial,7,block3.W1,45,16,3.0326199531555176,3.040994882583618,0.008374929428100586
initial,7,block3.W1,46,16,2.9089198112487793,2.904299259185791,0.004620552062988281
initial,7,block3.W1,47,16,2.9239439964294434,2.9436540603637695,0.019710063934326172
initial,7,block3.W1,48,16,3.050722122192383,3.041877031326294,0.008845090866088867
initial,7,block3.W1,49,16,2.895946502685547,2.89037823677063,0.005568265914916992
initial,7,block3.W1,50,16,2.9855499267578125,2.947383165359497,0.03816676139831543
initial,7,block3.W1,51,16,2.8458127975463867,2.835575819015503,0.010236978530883789
initial,7,block3.W1,52,16,3.0422182083129883,3.0176753997802734,0.024542808532714844
initial,7,block3.W1,53,16,3.0391807556152344,3.000955581665039,0.03822517395019531
initial,7,block3.W1,54,16,3.1134703159332275,3.1000452041625977,0.013425111770629883
initial,7,block3.W1,55,16,3.0447070598602295,3.029573678970337,0.015133380889892578
initial,7,block3.W1,56,16,3.179171562194824,3.1671500205993652,0.012021541595458984
initial,7,block3.W1,57,16,3.1784934997558594,3.1949429512023926,0.016449451446533203
initial,7,block3.W1,58,16,3.114187479019165,3.121089458465576,0.006901979446411133
initial,7,block3.W1,59,16,2.9950480461120605,3.0021812915802,0.0071332454681396484
initial,7,block3.W1,60,16,3.1294448375701904,3.1360156536102295,0.0065708160400390625
initial,7,block3.W1,61,16,2.9568846225738525,2.9790446758270264,0.022160053253173828
initial,7,block3.W1,62,16,3.1143360137939453,3.1239776611328125,0.009641647338867188
initial,7,block3.W1,63,16,3.0971603393554688,3.094635009765625,0.00252532958984375
initial,8,block3.W2,0,16,2.886522054672241,2.9036805629730225,0.01715850830078125
initial,8,block3.W2,1,16,2.9998245239257812,2.997514486312866,0.002310037612915039
initial,8,block3.W2,2,16,2.8443946838378906,2.846245050430298,0.0018503665924072266
initial,8,block3.W2,3,16,3.0980567932128906,3.095597743988037,0.0024590492248535156
initial,8,block3.W2,4,16,3.2273716926574707,3.2427189350128174,0.01534724235534668
initial,8,block3.W2,5,16,3.01684308052063,3.0299429893493652,0.013099908828735352
initial,8,block3.W2,6,16,3.0868101119995117,3.068861246109009,0.01794886589050293
initial,8,block3.W2,7,16,2.8395352363586426,2.8714499473571777,0.031914710998535156
initial,8,block3.W2,8,16,3.2439980506896973,3.257749557495117,0.013751506805419922
initial,8,block3.W2,9,16,3.0642271041870117,3.084623098373413,0.020395994186401367
initial,8,block3.W2,10,16,3.0620694160461426,3.0428524017333984,0.01921701431274414
initial,8,block3.W2,11,16,3.051520586013794,3.0363433361053467,0.015177249908447266
initial,8,block3.W2,12,16,3.036482572555542,2.998077630996704,0.03840494155883789
initial,8,block3.W2,13,16,2.9763073921203613,2.9786529541015625,0.002345561981201172
initial,8,block3.W2,14,16,3.168971538543701,3.1851980686187744,0.016226530075073242
initial,8,block3.W2,15,16,3.143477201461792,3.1266252994537354,0.01685190200805664
initial,8,block3.W2,16,16,3.0223169326782227,3.0009403228759766,0.021376609802246094
initial,8,block3.W2,17,16,2.961374044418335,2.9664723873138428,0.0050983428955078125
initial,8,block3.W2,18,16,3.082530975341797,3.0849668979644775,0.002435922622680664
initial,8,block3.W2,19,16,2.909680128097534,2.90787672996521,0.0018033981323242188
initial,8,block3.W2,20,16,2.8756539821624756,2.893220901489258,0.017566919326782227
initial,8,block3.W2,21,16,3.065905809402466,3.092597723007202,0.026691913604736328
initial,8,block3.W2,22,16,2.9637691974639893,2.9652223587036133,0.0014531612396240234
initial,8,block3.W2,23,16,3.077911853790283,3.058605909347534,0.019305944442749023
initial,8,block3.W2,24,16,2.951712131500244,2.9338598251342773,0.017852306365966797
initial,8,block3.W2,25,16,2.8970096111297607,2.9463446140289307,0.04933500289916992
initial,8,block3.W2,26,16,3.1696548461914062,3.1703484058380127,0.0006935596466064453
initial,8,block3.W2,27,16,3.2042760848999023,3.237978219985962,0.03370213508605957
initial,8,block3.W2,28,16,2.849153995513916,2.8465754985809326,0.0025784969329833984
initial,8,block3.W2,29,16,3.1865439414978027,3.2100865840911865,0.02354264259338379
initial,8,block3.W2,30,16,3.1373708248138428,3.1190216541290283,0.018349170684814453
initial,8,block3.W2,31,16,2.9696483612060547,2.9750425815582275,0.0053942203521728516
initial,8,block3.W2,32,16,3.0239903926849365,3.006300926208496,0.01768946647644043
initial,8,block3.W2,33,16,3.0572166442871094,3.058058738708496,0.0008420944213867188
initial,8,block3.W2,34,16,3.05545973777771,3.083974599838257,0.028514862060546875
initial,8,block3.W2,35,16,3.1241631507873535,3.1568763256073,0.03271317481994629
initial,8,block3.W2,36,16,3.1190011501312256,3.1057815551757812,0.013219594955444336
initial,8,block3.W2,37,16,2.8564019203186035,2.841442108154297,0.01495981216430664
initial,8,block3.W2,38,16,3.0969185829162598,3.0561532974243164,0.04076528549194336
initial,8,block3.W2,39,16,3.0527310371398926,3.0808162689208984,0.02808523178100586
initial,8,block3.W2,40,16,3.052687883377075,3.0641231536865234,0.011435270309448242
initial,8,block3.W2,41,16,3.1427009105682373,3.142714500427246,1.3589859008789062e-05
initial,8,block3.W2,42,16,3.0932390689849854,3.0862488746643066,0.006990194320678711
initial,8,block3.W2,43,16,2.968106508255005,2.9685332775115967,0.0004267692565917969
initial,8,block3.W2,44,16,3.0800118446350098,3.0858609676361084,0.005849123001098633
initial,8,block3.W2,45,16,2.941441297531128,2.929542064666748,0.011899232864379883
initial,8,block3.W2,46,16,2.992932081222534,3.004092216491699,0.011160135269165039
initial,8,block3.W2,47,16,3.105027437210083,3.061285972595215,0.043741464614868164
initial,8,block3.W2,48,16,3.0996601581573486,3.1000778675079346,0.0004177093505859375
initial,8,block3.W2,49,16,3.0344316959381104,3.026308298110962,0.008123397827148438
initial,8,block3.W2,50,16,2.998485803604126,2.954225540161133,0.044260263442993164
initial,8,block3.W2,51,16,2.956968307495117,2.9726054668426514,0.01563715934753418
initial,8,block3.W2,52,16,3.0286123752593994,3.0390734672546387,0.010461091995239258
initial,8,block3.W2,53,16,3.1908209323883057,3.223402738571167,0.03258180618286133
initial,8,block3.W2,54,16,3.063411235809326,3.043524742126465,0.019886493682861328
initial,8,block3.W2,55,16,2.944453239440918,2.9381771087646484,0.006276130676269531
initial,8,block3.W2,56,16,2.9490883350372314,2.9599225521087646,0.010834217071533203
initial,8,block3.W2,57,16,3.0585849285125732,3.072021961212158,0.013437032699584961
initial,8,block3.W2,58,16,3.174746036529541,3.1661946773529053,0.008551359176635742
initial,8,block3.W2,59,16,2.894378900527954,2.943135976791382,0.048757076263427734
initial,8,block3.W2,60,16,2.8603010177612305,2.857058525085449,0.00324249267578125
initial,8,block3.W2,61,16,3.013720989227295,3.000430107116699,0.013290882110595703
initial,8,block3.W2,62,16,2.987222194671631,2.978682518005371,0.008539676666259766
initial,8,block3.W2,63,16,2.90562105178833,2.895864248275757,0.009756803512573242
initial,9,block4.W1,0,16,3.1358513832092285,3.137364625930786,0.0015132427215576172
initial,9,block4.W1,1,16,3.1808395385742188,3.1983604431152344,0.017520904541015625
initial,9,block4.W1,2,16,2.9105031490325928,2.8774309158325195,0.03307223320007324
initial,9,block4.W1,3,16,3.171955108642578,3.1552155017852783,0.016739606857299805
initial,9,block4.W1,4,16,3.0202791690826416,2.9916231632232666,0.028656005859375
initial,9,block4.W1,5,16,3.0343759059906006,3.0171878337860107,0.017188072204589844
initial,9,block4.W1,6,16,3.240954637527466,3.2182021141052246,0.02275252342224121
initial,9,block4.W1,7,16,2.9921908378601074,3.0045948028564453,0.01240396499633789
initial,9,block4.W1,8,16,3.0828568935394287,3.0646321773529053,0.018224716186523438
initial,9,block4.W1,9,16,3.099853515625,3.0780975818634033,0.02175593376159668
initial,9,block4.W1,10,16,3.053973436355591,3.043922185897827,0.010051250457763672
initial,9,block4.W1,11,16,2.941742420196533,2.9422099590301514,0.00046753883361816406
initial,9,block4.W1,12,16,3.1199796199798584,3.1210293769836426,0.0010497570037841797
initial,9,block4.W1,13,16,2.907888650894165,2.896955728530884,0.01093292236328125
initial,9,block4.W1,14,16,3.006242275238037,3.0112111568450928,0.004968881607055664
initial,9,block4.W1,15,16,3.0518901348114014,3.0415868759155273,0.010303258895874023
initial,9,block4.W1,16,16,3.161700963973999,3.17826247215271,0.016561508178710938
initial,9,block4.W1,17,16,3.1697816848754883,3.1592674255371094,0.010514259338378906
initial,9,block4.W1,18,16,2.9239883422851562,2.9015567302703857,0.022431612014770508
initial,9,block4.W1,19,16,3.0250229835510254,3.0235517024993896,0.0014712810516357422
initial,9,block4.W1,20,16,3.1506600379943848,3.1443045139312744,0.0063555240631103516
initial,9,block4.W1,21,16,2.9705519676208496,2.9845986366271973,0.014046669006347656
initial,9,block4.W1,22,16,3.257388114929199,3.232361078262329,0.025027036666870117
initial,9,block4.W1,23,16,3.0405776500701904,3.059331178665161,0.018753528594970703
initial,9,block4.W1,24,16,2.864849090576172,2.8660287857055664,0.0011796951293945312
initial,9,block4.W1,25,16,2.876532793045044,2.8656036853790283,0.010929107666015625
initial,9,block4.W1,26,16,2.997415065765381,3.019138813018799,0.02172374725341797
initial,9,block4.W1,27,16,2.919161319732666,2.9235899448394775,0.0044286251068115234
initial,9,block4.W1,28,16,2.8863279819488525,2.876070499420166,0.010257482528686523
initial,9,block4.W1,29,16,3.053603172302246,3.00303316116333,0.050570011138916016
initial,9,block4.W1,30,16,2.9330456256866455,2.9279232025146484,0.00512242317199707
initial,9,block4.W1,31,16,2.9694371223449707,2.974597215652466,0.005160093307495117
initial,9,block4.W1,32,16,2.8204970359802246,2.8398594856262207,0.019362449645996094
initial,9,block4.W1,33,16,3.1721551418304443,3.168977737426758,0.0031774044036865234
initial,9,block4.W1,34,16,2.9636149406433105,2.984955072402954,0.021340131759643555
initial,9,block4.W1,35,16,3.056246519088745,3.0661325454711914,0.009886026382446289
initial,9,block4.W1,36,16,3.0543723106384277,3.06620454788208,0.011832237243652344
initial,9,block4.W1,37,16,3.044139862060547,3.02785325050354,0.016286611557006836
initial,9,block4.W1,38,16,3.009593963623047,2.9976937770843506,0.011900186538696289
initial,9,block4.W1,39,16,2.8927650451660156,2.8883309364318848,0.004434108734130859
initial,9,block4.W1,40,16,2.9845693111419678,2.9808132648468018,0.0037560462951660156
initial,9,block4.W1,41,16,3.0796725749969482,3.0877151489257812,0.008042573928833008
initial,9,block4.W1,42,16,2.9349515438079834,2.9146580696105957,0.020293474197387695
initial,9,block4.W1,43,16,3.0386624336242676,3.0296778678894043,0.008984565734863281
initial,9,block4.W1,44,16,2.865816593170166,2.865694522857666,0.0001220703125
initial,9,block4.W1,45,16,2.7986440658569336,2.7864646911621094,0.012179374694824219
initial,9,block4.W1,46,16,3.1852447986602783,3.1241769790649414,0.061067819595336914
initial,9,block4.W1,47,16,2.9206085205078125,2.8865747451782227,0.034033775329589844
initial,9,block4.W1,48,16,2.8789405822753906,2.8857152462005615,0.0067746639251708984
initial,9,block4.W1,49,16,2.972536087036133,2.9704699516296387,0.0020661354064941406
initial,9,block4.W1,50,16,2.9747283458709717,2.959959030151367,0.014769315719604492
initial,9,block4.W1,51,16,3.008289337158203,2.996551752090454,0.011737585067749023
initial,9,block4.W1,52,16,3.1263415813446045,3.1344058513641357,0.00806427001953125
initial,9,block4.W1,53,16,3.1105735301971436,3.115607261657715,0.005033731460571289
initial,9,block4.W1,54,16,3.073798179626465,3.0636098384857178,0.01018834114074707
initial,9,block4.W1,55,16,2.9264931678771973,2.9470229148864746,0.020529747009277344
initial,9,block4.W1,56,16,3.178703546524048,3.191948175430298,0.01324462890625
initial,9,block4.W1,57,16,2.9799230098724365,2.965704917907715,0.01421809196472168
initial,9,block4.W1,58,16,2.9941203594207764,3.0146191120147705,0.02049875259399414
initial,9,block4.W1,59,16,3.115385055541992,3.1074936389923096,0.007891416549682617
initial,9,block4.W1,60,16,3.2094922065734863,3.2054524421691895,0.004039764404296875
initial,9,block4.W1,61,16,3.1968271732330322,3.199157238006592,0.0023300647735595703
initial,9,block4.W1,62,16,2.803511381149292,2.7742745876312256,0.029236793518066406
initial,9,block4.W1,63,16,2.938295364379883,2.9365320205688477,0.0017633438110351562
initial,10,block4.W2,0,16,2.9713969230651855,3.0024006366729736,0.031003713607788086
initial,10,block4.W2,1,16,3.178265333175659,3.129856824874878,0.04840850830078125
initial,10,block4.W2,2,16,2.8712637424468994,2.8447258472442627,0.02653789520263672
initial,10,block4.W2,3,16,3.0930943489074707,3.08908748626709,0.004006862640380859
initial,10,block4.W2,4,16,2.9801504611968994,2.9863247871398926,0.006174325942993164
initial,10,block4.W2,5,16,2.9218978881835938,2.9163308143615723,0.005567073822021484
initial,10,block4.W2,6,16,2.9451544284820557,2.961915969848633,0.01676154136657715
initial,10,block4.W2,7,16,3.0502116680145264,3.047478675842285,0.002732992172241211
initial,10,block4.W2,8,16,2.995690107345581,2.993987798690796,0.0017023086547851562
initial,10,block4.W2,9,16,3.014604091644287,2.979158401489258,0.0354456901550293
initial,10,block4.W2,10,16,2.8520286083221436,2.8728928565979004,0.020864248275756836
initial,10,block4.W2,11,16,3.053060531616211,3.0495944023132324,0.0034661293029785156
initial,10,block4.W2,12,16,2.9549975395202637,2.947723865509033,0.007273674011230469
initial,10,block4.W2,13,16,3.028681516647339,3.01660418510437,0.01207733154296875
initial,10,block4.W2,14,16,2.9459400177001953,2.972736120223999,0.02679610252380371
initial,10,block4.W2,15,16,3.0962440967559814,3.08732533454895,0.00891876220703125
initial,10,block4.W2,16,16,3.073073625564575,3.106269359588623,0.03319573402404785
initial,10,block4.W2,17,16,3.074068546295166,3.069017171859741,0.005051374435424805
initial,10,block4.W2,18,16,2.9995248317718506,3.0038459300994873,0.004321098327636719
initial,10,block4.W2,19,16,3.0254619121551514,3.0048224925994873,0.020639419555664062
initial,10,block4.W2,20,16,3.1236484050750732,3.1303069591522217,0.0066585540771484375
initial,10,block4.W2,21,16,3.1183390617370605,3.114182472229004,0.004156589508056641
initial,10,block4.W2,22,16,3.0028841495513916,3.035191059112549,0.03230690956115723
initial,10,block4.W2,23,16,3.0928778648376465,3.0659279823303223,0.02694988250732422
initial,10,block4.W2,24,16,2.908961772918701,2.9121925830841064,0.0032308101654052734
initial,10,block4.W2,25,16,3.0721518993377686,3.078810930252075,0.006659030914306641
initial,10,block4.W2,26,16,2.942819833755493,2.96010684967041,0.017287015914916992
initial,10,block4.W2,27,16,3.075824499130249,3.0732009410858154,0.0026235580444335938
initial,10,block4.W2,28,16,3.0305678844451904,3.025892734527588,0.004675149917602539
initial,10,block4.W2,29,16,3.0581560134887695,3.1032145023345947,0.045058488845825195
initial,10,block4.W2,30,16,3.0606071949005127,3.0373971462249756,0.02321004867553711
initial,10,block4.W2,31,16,2.9368653297424316,2.954390525817871,0.017525196075439453
initial,10,block4.W2,32,16,2.8279826641082764,2.883749485015869,0.05576682090759277
initial,10,block4.W2,33,16,2.896000862121582,2.889949083328247,0.006051778793334961
initial,10,block4.W2,34,16,3.118288993835449,3.1393003463745117,0.0210113525390625
initial,10,block4.W2,35,16,2.937972068786621,2.9360694885253906,0.0019025802612304688
initial,10,block4.W2,36,16,3.112107038497925,3.0908353328704834,0.021271705627441406
initial,10,block4.W2,37,16,3.055447816848755,3.044670343399048,0.010777473449707031
initial,10,block4.W2,38,16,2.9907827377319336,2.9847934246063232,0.0059893131256103516
initial,10,block4.W2,39,16,2.949162721633911,2.968701124191284,0.019538402557373047
initial,10,block4.W2,40,16,3.0405025482177734,3.011836290359497,0.028666257858276367
initial,10,block4.W2,41,16,3.010499954223633,3.011582374572754,0.0010824203491210938
initial,10,block4.W2,42,16,3.096989870071411,3.094193935394287,0.0027959346771240234
initial,10,block4.W2,43,16,3.124553918838501,3.14247465133667,0.017920732498168945
initial,10,block4.W2,44,16,2.890644073486328,2.9132912158966064,0.02264714241027832
initial,10,block4.W2,45,16,2.96899151802063,2.999413251876831,0.030421733856201172
initial,10,block4.W2,46,16,3.1032912731170654,3.088390827178955,0.014900445938110352
initial,10,block4.W2,47,16,3.0187299251556396,3.0226879119873047,0.003957986831665039
initial,10,block4.W2,48,16,3.073535442352295,3.0540406703948975,0.01949477195739746
initial,10,block4.W2,49,16,3.0035219192504883,3.0407590866088867,0.03723716735839844
initial,10,block4.W2,50,16,2.897186040878296,2.9226865768432617,0.02550053596496582
initial,10,block4.W2,51,16,2.9666707515716553,2.9338648319244385,0.0328059196472168
initial,10,block4.W2,52,16,2.8408639430999756,2.8476436138153076,0.006779670715332031
initial,10,block4.W2,53,16,3.0186073780059814,3.040527820587158,0.021920442581176758
initial,10,block4.W2,54,16,2.9364540576934814,2.9342422485351562,0.0022118091583251953
initial,10,block4.W2,55,16,3.031128406524658,3.083761215209961,0.052632808685302734
initial,10,block4.W2,56,16,3.0606720447540283,3.0747663974761963,0.014094352722167969
initial,10,block4.W2,57,16,3.0410146713256836,3.0432937145233154,0.002279043197631836
initial,10,block4.W2,58,16,3.1345863342285156,3.1086089611053467,0.025977373123168945
initial,10,block4.W2,59,16,3.107328414916992,3.119051694869995,0.01172327995300293
initial,10,block4.W2,60,16,3.024327278137207,3.0565595626831055,0.03223228454589844
initial,10,block4.W2,61,16,3.0684947967529297,3.0691564083099365,0.0006616115570068359
initial,10,block4.W2,62,16,3.292625665664673,3.286782741546631,0.005842924118041992
initial,10,block4.W2,63,16,3.108506917953491,3.1290652751922607,0.02055835723876953
initial,11,block5.W1,0,16,2.8728039264678955,2.8854124546051025,0.012608528137207031
initial,11,block5.W1,1,16,3.1318628787994385,3.108907699584961,0.02295517921447754
initial,11,block5.W1,2,16,3.1320464611053467,3.13199782371521,4.863739013671875e-05
initial,11,block5.W1,3,16,3.0614211559295654,3.0857486724853516,0.024327516555786133
initial,11,block5.W1,4,16,3.1265945434570312,3.142317771911621,0.015723228454589844
initial,11,block5.W1,5,16,2.9440505504608154,2.9286446571350098,0.015405893325805664
initial,11,block5.W1,6,16,3.0579302310943604,3.0394556522369385,0.018474578857421875
initial,11,block5.W1,7,16,3.1257143020629883,3.096727132797241,0.02898716926574707
initial,11,block5.W1,8,16,3.0975069999694824,3.140460729598999,0.0429537296295166
initial,11,block5.W1,9,16,3.0626020431518555,3.069974184036255,0.007372140884399414
initial,11,block5.W1,10,16,2.944188117980957,2.947930097579956,0.0037419795989990234
initial,11,block5.W1,11,16,3.117433786392212,3.1088857650756836,0.00854802131652832
initial,11,block5.W1,12,16,3.063380002975464,3.070284605026245,0.00690460205078125
initial,11,block5.W1,13,16,3.088984966278076,3.070547342300415,0.018437623977661133
initial,11,block5.W1,14,16,3.15657639503479,3.149080991744995,0.007495403289794922
initial,11,block5.W1,15,16,3.2021236419677734,3.207766056060791,0.005642414093017578
initial,11,block5.W1,16,16,3.036273717880249,3.0339269638061523,0.0023467540740966797
initial,11,block5.W1,17,16,2.9145872592926025,2.9284110069274902,0.013823747634887695
initial,11,block5.W1,18,16,2.9987995624542236,3.008629560470581,0.009829998016357422
initial,11,block5.W1,19,16,3.039268970489502,3.02702260017395,0.012246370315551758
initial,11,block5.W1,20,16,3.119868755340576,3.1127631664276123,0.007105588912963867
initial,11,block5.W1,21,16,2.901479482650757,2.8970987796783447,0.004380702972412109
initial,11,block5.W1,22,16,3.0282318592071533,3.0182743072509766,0.009957551956176758
initial,11,block5.W1,23,16,3.0363268852233887,3.0239522457122803,0.012374639511108398
initial,11,block5.W1,24,16,3.105921745300293,3.1479060649871826,0.04198431968688965
initial,11,block5.W1,25,16,3.0246663093566895,3.046435832977295,0.02176952362060547
initial,11,block5.W1,26,16,3.044480323791504,3.0309629440307617,0.013517379760742188
initial,11,block5.W1,27,16,2.9751346111297607,2.9590468406677246,0.016087770462036133
initial,11,block5.W1,28,16,3.163625478744507,3.1321723461151123,0.03145313262939453
initial,11,block5.W1,29,16,2.9642398357391357,2.940155267715454,0.02408456802368164
initial,11,block5.W1,30,16,3.0215933322906494,2.9962220191955566,0.025371313095092773
initial,11,block5.W1,31,16,3.0909981727600098,3.065608501434326,0.025389671325683594
initial,11,block5.W1,32,16,2.9978690147399902,2.9885804653167725,0.009288549423217773
initial,11,block5.W1,33,16,2.9947259426116943,3.0060858726501465,0.011359930038452148
initial,11,block5.W1,34,16,3.166029453277588,3.1543703079223633,0.01165914535522461
initial,11,block5.W1,35,16,3.069551944732666,3.087857484817505,0.018305540084838867
initial,11,block5.W1,36,16,3.1014139652252197,3.0944406986236572,0.0069732666015625
initial,11,block5.W1,37,16,2.936082601547241,2.9290554523468018,0.007027149200439453
initial,11,block5.W1,38,16,3.1946194171905518,3.176161050796509,0.01845836639404297
initial,11,block5.W1,39,16,3.0216405391693115,3.0307371616363525,0.009096622467041016
initial,11,block5.W1,40,16,2.953403949737549,2.9369311332702637,0.016472816467285156
initial,11,block5.W1,41,16,3.062485933303833,3.051302194595337,0.011183738708496094
initial,11,block5.W1,42,16,3.004164695739746,3.014665365219116,0.010500669479370117
initial,11,block5.W1,43,16,2.9540464878082275,2.958937883377075,0.004891395568847656
initial,11,block5.W1,44,16,3.2702436447143555,3.258239984512329,0.012003660202026367
initial,11,block5.W1,45,16,2.958264112472534,2.962785005569458,0.004520893096923828
initial,11,block5.W1,46,16,2.949486017227173,2.9414448738098145,0.008041143417358398
initial,11,block5.W1,47,16,3.0164365768432617,3.024766445159912,0.00832986831665039
initial,11,block5.W1,48,16,2.936645984649658,2.938776969909668,0.0021309852600097656
initial,11,block5.W1,49,16,2.919891119003296,2.9115371704101562,0.008353948593139648
initial,11,block5.W1,50,16,2.869966506958008,2.8837602138519287,0.013793706893920898
initial,11,block5.W1,51,16,3.0618457794189453,3.0392069816589355,0.022638797760009766
initial,11,block5.W1,52,16,2.948745012283325,2.960719347000122,0.011974334716796875
initial,11,block5.W1,53,16,2.9687795639038086,2.9600014686584473,0.008778095245361328
initial,11,block5.W1,54,16,2.923229932785034,2.9397621154785156,0.016532182693481445
initial,11,block5.W1,55,16,3.1857359409332275,3.1662650108337402,0.019470930099487305
initial,11,block5.W1,56,16,3.0299434661865234,3.027031183242798,0.002912282943725586
initial,11,block5.W1,57,16,2.951549530029297,2.9357893466949463,0.015760183334350586
initial,11,block5.W1,58,16,3.074636936187744,3.0903639793395996,0.01572704315185547
initial,11,block5.W1,59,16,2.9968440532684326,2.9780287742614746,0.018815279006958008
initial,11,block5.W1,60,16,3.209963083267212,3.178213357925415,0.031749725341796875
initial,11,block5.W1,61,16,2.9988551139831543,2.9982640743255615,0.0005910396575927734
initial,11,block5.W1,62,16,2.92767596244812,2.951723337173462,0.024047374725341797
initial,11,block5.W1,63,16,3.055208683013916,3.065279960632324,0.010071277618408203
initial,12,block5.W2,0,16,2.877164125442505,2.866205930709839,0.010958194732666016
initial,12,block5.W2,1,16,3.1374762058258057,3.1247177124023438,0.012758493423461914
initial,12,block5.W2,2,16,3.077458381652832,3.0856828689575195,0.0082244873046875
initial,12,block5.W2,3,16,3.188181161880493,3.1830384731292725,0.005142688751220703
initial,12,block5.W2,4,16,2.964772939682007,2.9669535160064697,0.0021805763244628906
initial,12,block5.W2,5,16,3.010481119155884,3.0036044120788574,0.006876707077026367
initial,12,block5.W2,6,16,3.0322282314300537,3.0482594966888428,0.016031265258789062
initial,12,block5.W2,7,16,3.1849944591522217,3.1736202239990234,0.011374235153198242
initial,12,block5.W2,8,16,2.9342527389526367,2.956488847732544,0.022236108779907227
initial,12,block5.W2,9,16,2.9720051288604736,2.9883034229278564,0.016298294067382812
initial,12,block5.W2,10,16,2.982142448425293,2.9767391681671143,0.005403280258178711
initial,12,block5.W2,11,16,3.0993189811706543,3.096342086791992,0.0029768943786621094
initial,12,block5.W2,12,16,3.214430570602417,3.1979329586029053,0.01649761199951172
initial,12,block5.W2,13,16,2.8738327026367188,2.875272512435913,0.001439809799194336
initial,12,block5.W2,14,16,3.218703269958496,3.2333037853240967,0.014600515365600586
initial,12,block5.W2,15,16,3.0734782218933105,3.0813231468200684,0.007844924926757812
initial,12,block5.W2,16,16,2.9864354133605957,2.9593403339385986,0.02709507942199707
initial,12,block5.W2,17,16,3.089090347290039,3.0823309421539307,0.0067594051361083984
initial,12,block5.W2,18,16,3.109145402908325,3.121718168258667,0.012572765350341797
initial,12,block5.W2,19,16,2.9339380264282227,2.9340567588806152,0.00011873245239257812
initial,12,block5.W2,20,16,3.0284695625305176,3.0379180908203125,0.009448528289794922
initial,12,block5.W2,21,16,3.091489791870117,3.0817947387695312,0.009695053100585938
initial,12,block5.W2,22,16,3.0884222984313965,3.1065945625305176,0.018172264099121094
initial,12,block5.W2,23,16,3.14751935005188,3.1659955978393555,0.018476247787475586
initial,12,block5.W2,24,16,3.0902090072631836,3.092167377471924,0.0019583702087402344
initial,12,block5.W2,25,16,2.9915592670440674,2.989135980606079,0.0024232864379882812
initial,12,block5.W2,26,16,2.963634490966797,2.993746280670166,0.03011178970336914
initial,12,block5.W2,27,16,3.017030954360962,3.02915620803833,0.012125253677368164
initial,12,block5.W2,28,16,3.031912088394165,3.049083948135376,0.017171859741210938
initial,12,block5.W2,29,16,3.127453327178955,3.130533218383789,0.0030798912048339844
initial,12,block5.W2,30,16,3.0091187953948975,3.0067899227142334,0.0023288726806640625
initial,12,block5.W2,31,16,2.895228862762451,2.9139387607574463,0.018709897994995117
initial,12,block5.W2,32,16,2.8768327236175537,2.8906404972076416,0.01380777359008789
initial,12,block5.W2,33,16,2.878056764602661,2.8853132724761963,0.007256507873535156
initial,12,block5.W2,34,16,2.8333098888397217,2.844862937927246,0.011553049087524414
initial,12,block5.W2,35,16,2.9716508388519287,2.9679644107818604,0.0036864280700683594
initial,12,block5.W2,36,16,3.1115150451660156,3.1045989990234375,0.006916046142578125
initial,12,block5.W2,37,16,2.9218013286590576,2.9371957778930664,0.015394449234008789
initial,12,block5.W2,38,16,2.9938337802886963,3.004312515258789,0.010478734970092773
initial,12,block5.W2,39,16,3.203962564468384,3.1896169185638428,0.014345645904541016
initial,12,block5.W2,40,16,3.193697929382324,3.1826345920562744,0.011063337326049805
initial,12,block5.W2,41,16,3.106363534927368,3.100802183151245,0.005561351776123047
initial,12,block5.W2,42,16,2.9698503017425537,2.9679934978485107,0.0018568038940429688
initial,12,block5.W2,43,16,3.118381977081299,3.1178719997406006,0.0005099773406982422
initial,12,block5.W2,44,16,2.9251246452331543,2.950881242752075,0.0257565975189209
initial,12,block5.W2,45,16,3.069667339324951,3.071913719177246,0.002246379852294922
initial,12,block5.W2,46,16,2.931882858276367,2.9251928329467773,0.006690025329589844
initial,12,block5.W2,47,16,3.063303232192993,3.055426597595215,0.00787663459777832
initial,12,block5.W2,48,16,3.0124032497406006,3.0180766582489014,0.005673408508300781
initial,12,block5.W2,49,16,3.2612147331237793,3.2297420501708984,0.03147268295288086
initial,12,block5.W2,50,16,3.184459924697876,3.1858813762664795,0.0014214515686035156
initial,12,block5.W2,51,16,3.10599684715271,3.1148548126220703,0.008857965469360352
initial,12,block5.W2,52,16,2.9930224418640137,2.9772257804870605,0.015796661376953125
initial,12,block5.W2,53,16,2.994004249572754,2.9997024536132812,0.005698204040527344
initial,12,block5.W2,54,16,2.974114418029785,2.9826953411102295,0.008580923080444336
initial,12,block5.W2,55,16,3.116232395172119,3.1347827911376953,0.018550395965576172
initial,12,block5.W2,56,16,3.029153347015381,3.0281853675842285,0.0009679794311523438
initial,12,block5.W2,57,16,3.0117180347442627,3.017455816268921,0.005737781524658203
initial,12,block5.W2,58,16,3.20021390914917,3.1862552165985107,0.01395869255065918
initial,12,block5.W2,59,16,2.8983922004699707,2.8981306552886963,0.00026154518127441406
initial,12,block5.W2,60,16,2.8546934127807617,2.8682024478912354,0.013509035110473633
initial,12,block5.W2,61,16,3.1569137573242188,3.159480571746826,0.002566814422607422
initial,12,block5.W2,62,16,3.094346523284912,3.0909557342529297,0.003390789031982422
initial,12,block5.W2,63,16,3.0134687423706055,3.0308611392974854,0.017392396926879883
initial,13,block6.W1,0,16,3.070406436920166,3.055823564529419,0.01458287239074707
initial,13,block6.W1,1,16,3.0149929523468018,3.0061166286468506,0.008876323699951172
initial,13,block6.W1,2,16,3.092099666595459,3.0957491397857666,0.003649473190307617
initial,13,block6.W1,3,16,2.9501118659973145,2.9278922080993652,0.02221965789794922
initial,13,block6.W1,4,16,3.0688817501068115,3.091059446334839,0.022177696228027344
initial,13,block6.W1,5,16,2.9423491954803467,2.9680473804473877,0.025698184967041016
initial,13,block6.W1,6,16,3.0796291828155518,3.0942130088806152,0.014583826065063477
initial,13,block6.W1,7,16,3.1155426502227783,3.1267545223236084,0.011211872100830078
initial,13,block6.W1,8,16,2.9746546745300293,2.9801504611968994,0.005495786666870117
initial,13,block6.W1,9,16,3.046936511993408,3.0480315685272217,0.0010950565338134766
initial,13,block6.W1,10,16,3.0217456817626953,3.007200002670288,0.014545679092407227
initial,13,block6.W1,11,16,3.1050102710723877,3.103041172027588,0.0019690990447998047
initial,13,block6.W1,12,16,2.9427578449249268,2.930598020553589,0.01215982437133789
initial,13,block6.W1,13,16,3.1291260719299316,3.138538122177124,0.009412050247192383
initial,13,block6.W1,14,16,2.817906618118286,2.829136848449707,0.011230230331420898
initial,13,block6.W1,15,16,3.0287251472473145,3.0554251670837402,0.02670001983642578
initial,13,block6.W1,16,16,3.156442880630493,3.1521825790405273,0.00426030158996582
initial,13,block6.W1,17,16,2.9076123237609863,2.902891159057617,0.004721164703369141
initial,13,block6.W1,18,16,2.822164297103882,2.794512987136841,0.027651309967041016
initial,13,block6.W1,19,16,3.096468210220337,3.0819523334503174,0.014515876770019531
initial,13,block6.W1,20,16,3.0738542079925537,3.069796085357666,0.004058122634887695
initial,13,block6.W1,21,16,3.083113670349121,3.080446481704712,0.0026671886444091797
initial,13,block6.W1,22,16,3.131052017211914,3.1175453662872314,0.013506650924682617
initial,13,block6.W1,23,16,3.1161882877349854,3.12009334564209,0.003905057907104492
initial,13,block6.W1,24,16,3.0726919174194336,3.077357292175293,0.004665374755859375
initial,13,block6.W1,25,16,3.0137970447540283,3.0397284030914307,0.025931358337402344
initial,13,block6.W1,26,16,2.907790422439575,2.934147596359253,0.026357173919677734
initial,13,block6.W1,27,16,3.036545515060425,3.0511176586151123,0.0145721435546875
initial,13,block6.W1,28,16,2.8801302909851074,2.885817050933838,0.005686759948730469
initial,13,block6.W1,29,16,3.040231466293335,3.0428550243377686,0.0026235580444335938
initial,13,block6.W1,30,16,3.045699119567871,3.038081407546997,0.0076177120208740234
initial,13,block6.W1,31,16,2.9317760467529297,2.9359869956970215,0.004210948944091797
initial,13,block6.W1,32,16,2.999345541000366,3.0006449222564697,0.0012993812561035156
initial,13,block6.W1,33,16,3.067898988723755,3.0564098358154297,0.011489152908325195
initial,13,block6.W1,34,16,3.0537872314453125,3.035062789916992,0.018724441528320312
initial,13,block6.W1,35,16,3.055152416229248,3.047513246536255,0.007639169692993164
initial,13,block6.W1,36,16,2.947035074234009,2.9188928604125977,0.028142213821411133
initial,13,block6.W1,37,16,2.9472122192382812,2.947117567062378,9.465217590332031e-05
initial,13,block6.W1,38,16,2.922175407409668,2.9288785457611084,0.00670313835144043
initial,13,block6.W1,39,16,3.0467512607574463,3.036487579345703,0.010263681411743164
initial,13,block6.W1,40,16,3.066824436187744,3.073411703109741,0.00658726692199707
initial,13,block6.W1,41,16,3.062953472137451,3.0663726329803467,0.003419160842895508
initial,13,block6.W1,42,16,3.235684871673584,3.2246837615966797,0.011001110076904297
initial,13,block6.W1,43,16,3.1397058963775635,3.1699798107147217,0.030273914337158203
initial,13,block6.W1,44,16,2.9937539100646973,2.9934940338134766,0.0002598762512207031
initial,13,block6.W1,45,16,2.8716115951538086,2.876105785369873,0.004494190216064453
initial,13,block6.W1,46,16,3.0087175369262695,2.9829139709472656,0.025803565979003906
initial,13,block6.W1,47,16,2.935023546218872,2.9544410705566406,0.019417524337768555
initial,13,block6.W1,48,16,3.1349315643310547,3.1468448638916016,0.011913299560546875
initial,13,block6.W1,49,16,3.1071739196777344,3.127523899078369,0.020349979400634766
initial,13,block6.W1,50,16,2.93386173248291,2.891362428665161,0.04249930381774902
initial,13,block6.W1,51,16,2.955599308013916,2.96212100982666,0.006521701812744141
initial,13,block6.W1,52,16,3.0604615211486816,3.0488109588623047,0.011650562286376953
initial,13,block6.W1,53,16,2.958864212036133,2.962425947189331,0.003561735153198242
initial,13,block6.W1,54,16,2.981224536895752,2.9894449710845947,0.008220434188842773
initial,13,block6.W1,55,16,3.1041131019592285,3.103698968887329,0.00041413307189941406
initial,13,block6.W1,56,16,3.0940873622894287,3.0943431854248047,0.00025582313537597656
initial,13,block6.W1,57,16,3.1066105365753174,3.1139774322509766,0.00736689567565918
initial,13,block6.W1,58,16,3.0592920780181885,3.089709758758545,0.030417680740356445
initial,13,block6.W1,59,16,3.027555227279663,3.028672218322754,0.0011169910430908203
initial,13,block6.W1,60,16,2.9767863750457764,2.9675955772399902,0.009190797805786133
initial,13,block6.W1,61,16,2.9242382049560547,2.920476198196411,0.0037620067596435547
initial,13,block6.W1,62,16,3.046210289001465,3.025832176208496,0.02037811279296875
initial,13,block6.W1,63,16,2.818087577819824,2.8052022457122803,0.012885332107543945
initial,14,block6.W2,0,16,2.9026474952697754,2.909203052520752,0.0065555572509765625
initial,14,block6.W2,1,16,2.997828245162964,3.0101659297943115,0.012337684631347656
initial,14,block6.W2,2,16,3.153400182723999,3.1470649242401123,0.006335258483886719
initial,14,block6.W2,3,16,2.942931890487671,2.9481585025787354,0.005226612091064453
initial,14,block6.W2,4,16,2.9841620922088623,2.9852981567382812,0.0011360645294189453
initial,14,block6.W2,5,16,3.0504605770111084,3.04430890083313,0.006151676177978516
initial,14,block6.W2,6,16,2.9628164768218994,2.9630043506622314,0.00018787384033203125
initial,14,block6.W2,7,16,3.1065268516540527,3.095715284347534,0.010811567306518555
initial,14,block6.W2,8,16,3.112553596496582,3.1072893142700195,0.0052642822265625
initial,14,block6.W2,9,16,3.073540210723877,3.084742546081543,0.011202335357666016
initial,14,block6.W2,10,16,3.0300135612487793,3.0326087474823,0.002595186233520508
initial,14,block6.W2,11,16,2.933645486831665,2.931642532348633,0.0020029544830322266
initial,14,block6.W2,12,16,2.823259115219116,2.823315382003784,5.626678466796875e-05
initial,14,block6.W2,13,16,3.013714551925659,3.0252902507781982,0.011575698852539062
initial,14,block6.W2,14,16,2.9596736431121826,2.9652023315429688,0.005528688430786133
initial,14,block6.W2,15,16,3.067213773727417,3.0771536827087402,0.009939908981323242
initial,14,block6.W2,16,16,2.8530383110046387,2.8426718711853027,0.010366439819335938
initial,14,block6.W2,17,16,2.988887310028076,2.971198558807373,0.017688751220703125
initial,14,block6.W2,18,16,2.9421191215515137,2.938732862472534,0.003386259078979492
initial,14,block6.W2,19,16,3.0818278789520264,3.0844600200653076,0.00263214111328125
initial,14,block6.W2,20,16,2.9904603958129883,2.992784261703491,0.0023238658905029297
initial,14,block6.W2,21,16,2.8961989879608154,2.9115843772888184,0.01538538932800293
initial,14,block6.W2,22,16,3.0383784770965576,3.039397954940796,0.0010194778442382812
initial,14,block6.W2,23,16,2.804631471633911,2.7862656116485596,0.018365859985351562
initial,14,block6.W2,24,16,2.9904658794403076,2.9902985095977783,0.00016736984252929688
initial,14,block6.W2,25,16,2.972588300704956,2.964446544647217,0.008141756057739258
initial,14,block6.W2,26,16,3.0093958377838135,3.009404182434082,8.344650268554688e-06
initial,14,block6.W2,27,16,3.0276570320129395,3.0343098640441895,0.00665283203125
initial,14,block6.W2,28,16,2.7941486835479736,2.7955172061920166,0.0013685226440429688
initial,14,block6.W2,29,16,3.029719829559326,3.0170199871063232,0.01269984245300293
initial,14,block6.W2,30,16,3.0087504386901855,3.0188632011413574,0.010112762451171875
initial,14,block6.W2,31,16,3.2697012424468994,3.2891716957092285,0.0194704532623291
initial,14,block6.W2,32,16,2.9095098972320557,2.9181904792785645,0.008680582046508789
initial,14,block6.W2,33,16,3.0643155574798584,3.0604135990142822,0.003901958465576172
initial,14,block6.W2,34,16,3.1179981231689453,3.1122705936431885,0.005727529525756836
initial,14,block6.W2,35,16,3.0526702404022217,3.057488203048706,0.004817962646484375
initial,14,block6.W2,36,16,3.0018675327301025,3.002906322479248,0.0010387897491455078
initial,14,block6.W2,37,16,3.081833839416504,3.0773720741271973,0.004461765289306641
initial,14,block6.W2,38,16,3.0556464195251465,3.0480270385742188,0.007619380950927734
initial,14,block6.W2,39,16,2.9689393043518066,2.987039804458618,0.018100500106811523
initial,14,block6.W2,40,16,2.966378927230835,2.957049608230591,0.00932931900024414
initial,14,block6.W2,41,16,3.036104679107666,3.042729616165161,0.006624937057495117
initial,14,block6.W2,42,16,3.0440540313720703,3.0292563438415527,0.014797687530517578
initial,14,block6.W2,43,16,3.155809164047241,3.1608500480651855,0.005040884017944336
initial,14,block6.W2,44,16,2.9725208282470703,2.976020336151123,0.0034995079040527344
initial,14,block6.W2,45,16,3.027690887451172,3.015381097793579,0.012309789657592773
initial,14,block6.W2,46,16,3.0347509384155273,3.0211963653564453,0.013554573059082031
initial,14,block6.W2,47,16,3.1276309490203857,3.121713399887085,0.005917549133300781
initial,14,block6.W2,48,16,3.011730909347534,3.008880138397217,0.002850770950317383
initial,14,block6.W2,49,16,2.941545009613037,2.9377596378326416,0.003785371780395508
initial,14,block6.W2,50,16,3.034193992614746,3.0400962829589844,0.005902290344238281
initial,14,block6.W2,51,16,2.9564621448516846,2.9600141048431396,0.003551959991455078
initial,14,block6.W2,52,16,3.094337224960327,3.098020553588867,0.003683328628540039
initial,14,block6.W2,53,16,3.0928709506988525,3.0970308780670166,0.0041599273681640625
initial,14,block6.W2,54,16,3.05424427986145,3.066594362258911,0.012350082397460938
initial,14,block6.W2,55,16,3.027167797088623,3.007936716079712,0.019231081008911133
initial,14,block6.W2,56,16,3.0756287574768066,3.0692665576934814,0.006362199783325195
initial,14,block6.W2,57,16,3.211588144302368,3.2013566493988037,0.010231494903564453
initial,14,block6.W2,58,16,3.101874351501465,3.1129446029663086,0.01107025146484375
initial,14,block6.W2,59,16,3.23057222366333,3.2340736389160156,0.003501415252685547
initial,14,block6.W2,60,16,3.2104530334472656,3.212380886077881,0.0019278526306152344
initial,14,block6.W2,61,16,2.982224941253662,2.990149974822998,0.007925033569335938
initial,14,block6.W2,62,16,2.985079288482666,2.9823083877563477,0.0027709007263183594
initial,14,block6.W2,63,16,3.0806961059570312,3.087999105453491,0.007302999496459961
initial,15,block7.W1,0,16,3.0757272243499756,3.086933135986328,0.011205911636352539
initial,15,block7.W1,1,16,2.9462802410125732,2.94008469581604,0.006195545196533203
initial,15,block7.W1,2,16,2.934380531311035,2.9340782165527344,0.00030231475830078125
initial,15,block7.W1,3,16,3.080777645111084,3.089294195175171,0.008516550064086914
initial,15,block7.W1,4,16,3.032273530960083,3.029148578643799,0.0031249523162841797
initial,15,block7.W1,5,16,2.890852212905884,2.8801050186157227,0.010747194290161133
initial,15,block7.W1,6,16,2.8642380237579346,2.872283458709717,0.008045434951782227
initial,15,block7.W1,7,16,3.0807480812072754,3.0821433067321777,0.0013952255249023438
initial,15,block7.W1,8,16,3.160536050796509,3.1840038299560547,0.0234677791595459
initial,15,block7.W1,9,16,3.223329782485962,3.2328038215637207,0.009474039077758789
initial,15,block7.W1,10,16,3.085559844970703,3.0741126537323,0.01144719123840332
initial,15,block7.W1,11,16,2.9715147018432617,2.972383975982666,0.0008692741394042969
initial,15,block7.W1,12,16,2.9513447284698486,2.9474751949310303,0.0038695335388183594
initial,15,block7.W1,13,16,2.9370996952056885,2.9273247718811035,0.009774923324584961
initial,15,block7.W1,14,16,2.8789544105529785,2.871492385864258,0.007462024688720703
initial,15,block7.W1,15,16,2.903211832046509,2.8949618339538574,0.008249998092651367
initial,15,block7.W1,16,16,3.0918819904327393,3.087066173553467,0.004815816879272461
initial,15,block7.W1,17,16,2.9895524978637695,2.989445686340332,0.0001068115234375
initial,15,block7.W1,18,16,3.0387370586395264,3.0374643802642822,0.0012726783752441406
initial,15,block7.W1,19,16,3.085496425628662,3.082134485244751,0.003361940383911133
initial,15,block7.W1,20,16,3.216602325439453,3.21640682220459,0.00019550323486328125
initial,15,block7.W1,21,16,3.178342580795288,3.1970248222351074,0.018682241439819336
initial,15,block7.W1,22,16,2.934901237487793,2.931504011154175,0.003397226333618164
initial,15,block7.W1,23,16,2.7984485626220703,2.7906017303466797,0.007846832275390625
initial,15,block7.W1,24,16,3.1175296306610107,3.1063098907470703,0.01121973991394043
initial,15,block7.W1,25,16,2.9841673374176025,2.9686951637268066,0.015472173690795898
initial,15,block7.W1,26,16,3.119936943054199,3.1219193935394287,0.001982450485229492
initial,15,block7.W1,27,16,2.90649151802063,2.904404401779175,0.002087116241455078
initial,15,block7.W1,28,16,3.0177206993103027,3.0175676345825195,0.00015306472778320312
initial,15,block7.W1,29,16,3.100715398788452,3.098459243774414,0.002256155014038086
initial,15,block7.W1,30,16,3.0227057933807373,3.0310685634613037,0.008362770080566406
initial,15,block7.W1,31,16,3.06305193901062,3.0716652870178223,0.008613348007202148
initial,15,block7.W1,32,16,2.9835288524627686,2.9777069091796875,0.005821943283081055
initial,15,block7.W1,33,16,2.9521260261535645,2.9659016132354736,0.01377558708190918
initial,15,block7.W1,34,16,3.0998547077178955,3.0746026039123535,0.025252103805541992
initial,15,block7.W1,35,16,3.0383195877075195,3.0367209911346436,0.0015985965728759766
initial,15,block7.W1,36,16,2.9883766174316406,2.9846675395965576,0.003709077835083008
initial,15,block7.W1,37,16,3.1159605979919434,3.110785484313965,0.005175113677978516
initial,15,block7.W1,38,16,3.0827763080596924,3.0817887783050537,0.0009875297546386719
initial,15,block7.W1,39,16,2.973045587539673,2.9574732780456543,0.015572309494018555
initial,15,block7.W1,40,16,2.9844908714294434,2.9704854488372803,0.014005422592163086
initial,15,block7.W1,41,16,3.075951099395752,3.0763869285583496,0.00043582916259765625
initial,15,block7.W1,42,16,2.931676149368286,2.9302282333374023,0.001447916030883789
initial,15,block7.W1,43,16,2.9001383781433105,2.8941702842712402,0.0059680938720703125
initial,15,block7.W1,44,16,2.9791910648345947,2.9795079231262207,0.00031685829162597656
initial,15,block7.W1,45,16,3.0798280239105225,3.093663454055786,0.013835430145263672
initial,15,block7.W1,46,16,3.0421719551086426,3.0537667274475098,0.011594772338867188
initial,15,block7.W1,47,16,2.9498279094696045,2.9505016803741455,0.0006737709045410156
initial,15,block7.W1,48,16,2.9289772510528564,2.9164459705352783,0.012531280517578125
initial,15,block7.W1,49,16,3.076664686203003,3.067934513092041,0.008730173110961914
initial,15,block7.W1,50,16,2.966991662979126,2.963346481323242,0.003645181655883789
initial,15,block7.W1,51,16,3.1184723377227783,3.1142051219940186,0.004267215728759766
initial,15,block7.W1,52,16,2.95711350440979,2.9452028274536133,0.011910676956176758
initial,15,block7.W1,53,16,3.0994510650634766,3.0948684215545654,0.004582643508911133
initial,15,block7.W1,54,16,3.07759428024292,3.0822203159332275,0.004626035690307617
initial,15,block7.W1,55,16,3.05300235748291,3.0421223640441895,0.010879993438720703
initial,15,block7.W1,56,16,2.929049253463745,2.9261856079101562,0.002863645553588867
initial,15,block7.W1,57,16,3.1553738117218018,3.1581902503967285,0.002816438674926758
initial,15,block7.W1,58,16,3.1449859142303467,3.14701771736145,0.0020318031311035156
initial,15,block7.W1,59,16,2.950002908706665,2.9348232746124268,0.015179634094238281
initial,15,block7.W1,60,16,2.9000184535980225,2.9041104316711426,0.004091978073120117
initial,15,block7.W1,61,16,3.1059374809265137,3.0962438583374023,0.009693622589111328
initial,15,block7.W1,62,16,3.1628406047821045,3.1689116954803467,0.0060710906982421875
initial,15,block7.W1,63,16,2.9532206058502197,2.952465057373047,0.0007555484771728516
initial,16,block7.W2,0,16,2.9171385765075684,2.9215548038482666,0.004416227340698242
initial,16,block7.W2,1,16,2.9623730182647705,2.941906690597534,0.020466327667236328
initial,16,block7.W2,2,16,3.0895423889160156,3.090869903564453,0.0013275146484375
initial,16,block7.W2,3,16,2.78141713142395,2.7814486026763916,3.147125244140625e-05
initial,16,block7.W2,4,16,2.998382329940796,2.999312400817871,0.0009300708770751953
initial,16,block7.W2,5,16,3.0049242973327637,3.0048327445983887,9.1552734375e-05
initial,16,block7.W2,6,16,3.1108736991882324,3.105128049850464,0.005745649337768555
initial,16,block7.W2,7,16,2.938265085220337,2.922060251235962,0.016204833984375
initial,16,block7.W2,8,16,3.161421775817871,3.161742687225342,0.0003209114074707031
initial,16,block7.W2,9,16,2.963129997253418,2.9594826698303223,0.003647327423095703
initial,16,block7.W2,10,16,2.9894745349884033,3.004383087158203,0.014908552169799805
initial,16,block7.W2,11,16,3.062553644180298,3.0690414905548096,0.006487846374511719
initial,16,block7.W2,12,16,3.0893542766571045,3.0901150703430176,0.0007607936859130859
initial,16,block7.W2,13,16,2.9729368686676025,2.978013753890991,0.005076885223388672
initial,16,block7.W2,14,16,3.125763177871704,3.127514600753784,0.0017514228820800781
initial,16,block7.W2,15,16,2.852811813354492,2.8604910373687744,0.0076792240142822266
initial,16,block7.W2,16,16,3.115448236465454,3.110819101333618,0.0046291351318359375
initial,16,block7.W2,17,16,3.019427537918091,3.0172905921936035,0.0021369457244873047
initial,16,block7.W2,18,16,3.0160791873931885,3.010411500930786,0.005667686462402344
initial,16,block7.W2,19,16,2.957120180130005,2.954242706298828,0.002877473831176758
initial,16,block7.W2,20,16,2.935033082962036,2.9382400512695312,0.003206968307495117
initial,16,block7.W2,21,16,2.922867774963379,2.9241220951080322,0.0012543201446533203
initial,16,block7.W2,22,16,3.140624761581421,3.1411924362182617,0.0005676746368408203
initial,16,block7.W2,23,16,3.0025582313537598,2.9998538494110107,0.0027043819427490234
initial,16,block7.W2,24,16,3.073247194290161,3.071537733078003,0.0017094612121582031
initial,16,block7.W2,25,16,3.116255044937134,3.0978918075561523,0.018363237380981445
initial,16,block7.W2,26,16,3.007539749145508,2.9859981536865234,0.021541595458984375
initial,16,block7.W2,27,16,2.747760057449341,2.743159055709839,0.004601001739501953
initial,16,block7.W2,28,16,3.1021127700805664,3.0908801555633545,0.011232614517211914
initial,16,block7.W2,29,16,3.0764458179473877,3.0786094665527344,0.0021636486053466797
initial,16,block7.W2,30,16,3.012377977371216,3.020845890045166,0.008467912673950195
initial,16,block7.W2,31,16,3.0311801433563232,3.027608633041382,0.0035715103149414062
initial,16,block7.W2,32,16,2.99717116355896,2.998353958129883,0.0011827945709228516
initial,16,block7.W2,33,16,3.159832715988159,3.1675753593444824,0.007742643356323242
initial,16,block7.W2,34,16,2.83711314201355,2.8304784297943115,0.006634712219238281
initial,16,block7.W2,35,16,2.9417829513549805,2.941244602203369,0.0005383491516113281
initial,16,block7.W2,36,16,3.0369324684143066,3.030022382736206,0.006910085678100586
initial,16,block7.W2,37,16,3.0651447772979736,3.0592470169067383,0.0058977603912353516
initial,16,block7.W2,38,16,2.922290563583374,2.9216511249542236,0.0006394386291503906
initial,16,block7.W2,39,16,3.0457167625427246,3.042515277862549,0.0032014846801757812
initial,16,block7.W2,40,16,2.9932079315185547,3.0027873516082764,0.00957942008972168
initial,16,block7.W2,41,16,3.188950538635254,3.185392379760742,0.0035581588745117188
initial,16,block7.W2,42,16,2.983642816543579,2.9808764457702637,0.0027663707733154297
initial,16,block7.W2,43,16,2.9746437072753906,2.993999481201172,0.01935577392578125
initial,16,block7.W2,44,16,2.96600079536438,2.952780246734619,0.013220548629760742
initial,16,block7.W2,45,16,2.9962494373321533,3.0013391971588135,0.005089759826660156
initial,16,block7.W2,46,16,3.020676851272583,3.0162432193756104,0.004433631896972656
initial,16,block7.W2,47,16,3.038857936859131,3.039362907409668,0.0005049705505371094
initial,16,block7.W2,48,16,3.0394840240478516,3.023744821548462,0.01573920249938965
initial,16,block7.W2,49,16,2.9047281742095947,2.901059150695801,0.0036690235137939453
initial,16,block7.W2,50,16,3.113677740097046,3.117321491241455,0.0036437511444091797
initial,16,block7.W2,51,16,3.01241397857666,3.013579845428467,0.0011658668518066406
initial,16,block7.W2,52,16,3.2147560119628906,3.227513074874878,0.012757062911987305
initial,16,block7.W2,53,16,3.0298221111297607,3.0260045528411865,0.0038175582885742188
initial,16,block7.W2,54,16,3.0808894634246826,3.0832247734069824,0.0023353099822998047
initial,16,block7.W2,55,16,2.914125919342041,2.914036512374878,8.940696716308594e-05
initial,16,block7.W2,56,16,3.079796314239502,3.080747604370117,0.0009512901306152344
initial,16,block7.W2,57,16,2.969703197479248,2.9644899368286133,0.005213260650634766
initial,16,block7.W2,58,16,3.0879533290863037,3.091334104537964,0.0033807754516601562
initial,16,block7.W2,59,16,3.100259780883789,3.0921528339385986,0.00810694694519043
initial,16,block7.W2,60,16,3.163743734359741,3.140045166015625,0.02369856834411621
initial,16,block7.W2,61,16,3.1500139236450195,3.160212755203247,0.010198831558227539
initial,16,block7.W2,62,16,3.018285036087036,3.0024666786193848,0.015818357467651367
initial,16,block7.W2,63,16,3.105067491531372,3.104609251022339,0.0004582405090332031
initial,17,W_out,0,16,3.111300230026245,3.085057258605957,0.026242971420288086
initial,17,W_out,1,16,2.8870604038238525,2.9496943950653076,0.06263399124145508
initial,17,W_out,2,16,3.056753635406494,3.0671088695526123,0.010355234146118164
initial,17,W_out,3,16,3.0961673259735107,3.2306151390075684,0.13444781303405762
initial,17,W_out,4,16,3.2056751251220703,3.137756109237671,0.06791901588439941
initial,17,W_out,5,16,2.984768867492676,2.939054250717163,0.045714616775512695
initial,17,W_out,6,16,3.0825912952423096,3.094431161880493,0.011839866638183594
initial,17,W_out,7,16,2.997260093688965,2.956878423690796,0.040381669998168945
initial,17,W_out,8,16,3.0904648303985596,3.05918288230896,0.03128194808959961
initial,17,W_out,9,16,3.005728006362915,3.013930320739746,0.008202314376831055
initial,17,W_out,10,16,2.9960711002349854,2.9694254398345947,0.026645660400390625
initial,17,W_out,11,16,3.07696795463562,3.065568447113037,0.011399507522583008
initial,17,W_out,12,16,3.0594427585601807,3.022221803665161,0.03722095489501953
initial,17,W_out,13,16,2.9495131969451904,2.935166597366333,0.014346599578857422
initial,17,W_out,14,16,2.9961063861846924,3.1046156883239746,0.10850930213928223
initial,17,W_out,15,16,3.063145637512207,3.0904722213745117,0.027326583862304688
initial,17,W_out,16,16,3.0080344676971436,3.0348739624023438,0.026839494705200195
initial,17,W_out,17,16,3.0047571659088135,2.8985230922698975,0.10623407363891602
initial,17,W_out,18,16,2.923441171646118,2.9077718257904053,0.01566934585571289
initial,17,W_out,19,16,2.997441291809082,2.8517086505889893,0.14573264122009277
initial,17,W_out,20,16,2.9231855869293213,2.9050164222717285,0.018169164657592773
initial,17,W_out,21,16,3.015193462371826,3.022326946258545,0.00713348388671875
initial,17,W_out,22,16,3.0790884494781494,2.987593650817871,0.09149479866027832
initial,17,W_out,23,16,3.0830090045928955,3.047403335571289,0.035605669021606445
initial,17,W_out,24,16,2.9913322925567627,3.0177001953125,0.026367902755737305
initial,17,W_out,25,16,2.91426944732666,2.9101858139038086,0.0040836334228515625
initial,17,W_out,26,16,2.958940267562866,3.070957660675049,0.11201739311218262
initial,17,W_out,27,16,3.214789867401123,3.1455395221710205,0.06925034523010254
initial,17,W_out,28,16,3.162602424621582,3.1544668674468994,0.008135557174682617
initial,17,W_out,29,16,2.8049333095550537,2.8720486164093018,0.06711530685424805
initial,17,W_out,30,16,2.9123756885528564,2.88815975189209,0.0242159366607666
initial,17,W_out,31,16,3.200132369995117,3.2309951782226562,0.030862808227539062
initial,17,W_out,32,16,2.999753952026367,3.0437724590301514,0.04401850700378418
initial,17,W_out,33,16,3.1271963119506836,3.0982911586761475,0.028905153274536133
initial,17,W_out,34,16,2.9876396656036377,2.974682092666626,0.012957572937011719
initial,17,W_out,35,16,3.025045871734619,2.971540689468384,0.05350518226623535
initial,17,W_out,36,16,3.130157470703125,3.1406874656677246,0.01052999496459961
initial,17,W_out,37,16,3.025768518447876,2.9529967308044434,0.07277178764343262
initial,17,W_out,38,16,3.078130006790161,3.098856210708618,0.02072620391845703
initial,17,W_out,39,16,2.9313831329345703,2.9837448596954346,0.05236172676086426
initial,17,W_out,40,16,3.0357282161712646,3.0144524574279785,0.021275758743286133
initial,17,W_out,41,16,2.8626768589019775,2.8063912391662598,0.05628561973571777
initial,17,W_out,42,16,2.9587783813476562,2.988743305206299,0.029964923858642578
initial,17,W_out,43,16,3.039194345474243,3.1137735843658447,0.07457923889160156
initial,17,W_out,44,16,3.0636799335479736,3.1592817306518555,0.09560179710388184
initial,17,W_out,45,16,3.116516590118408,3.0625734329223633,0.05394315719604492
initial,17,W_out,46,16,2.9277923107147217,2.965165376663208,0.03737306594848633
initial,17,W_out,47,16,3.0596776008605957,2.9942028522491455,0.0654747486114502
initial,17,W_out,48,16,3.0873212814331055,3.115865707397461,0.02854442596435547
initial,17,W_out,49,16,3.0362584590911865,3.0471994876861572,0.010941028594970703
initial,17,W_out,50,16,3.288689374923706,3.217406749725342,0.07128262519836426
initial,17,W_out,51,16,3.098696231842041,3.0659615993499756,0.03273463249206543
initial,17,W_out,52,16,2.9642832279205322,3.027923583984375,0.06364035606384277
initial,17,W_out,53,16,3.047672986984253,3.052643299102783,0.0049703121185302734
initial,17,W_out,54,16,3.0343801975250244,3.028592348098755,0.005787849426269531
initial,17,W_out,55,16,2.9565677642822266,2.9847638607025146,0.028196096420288086
initial,17,W_out,56,16,3.059575080871582,2.993133544921875,0.06644153594970703
initial,17,W_out,57,16,3.1828298568725586,3.1650948524475098,0.017735004425048828
initial,17,W_out,58,16,3.083101272583008,3.0729482173919678,0.010153055191040039
initial,17,W_out,59,16,3.153414487838745,3.154648780822754,0.001234292984008789
initial,17,W_out,60,16,3.149712324142456,3.1187164783477783,0.030995845794677734
initial,17,W_out,61,16,3.200016498565674,3.184291124343872,0.015725374221801758
initial,17,W_out,62,16,3.0335593223571777,3.037158489227295,0.0035991668701171875
initial,17,W_out,63,16,3.0986013412475586,3.060842990875244,0.03775835037231445
final,0,W_in,0,16,0.9207165241241455,0.9186569452285767,0.0020595788955688477
final,0,W_in,1,16,0.936229944229126,0.9291716814041138,0.007058262825012207
final,0,W_in,2,16,0.9743654131889343,0.9214891195297241,0.052876293659210205
final,0,W_in,3,16,0.9590343832969666,0.9373412728309631,0.021693110466003418
final,0,W_in,4,16,0.967167317867279,0.9262036681175232,0.04096364974975586
final,0,W_in,5,16,0.876214325428009,0.8701270818710327,0.006087243556976318
final,0,W_in,6,16,1.0747734308242798,1.0388596057891846,0.035913825035095215
final,0,W_in,7,16,0.9887121915817261,0.9455460906028748,0.04316610097885132
final,0,W_in,8,16,0.882318913936615,0.8841429352760315,0.001824021339416504
final,0,W_in,9,16,0.9534575343132019,0.9448938369750977,0.008563697338104248
final,0,W_in,10,16,0.9967213869094849,0.9884008765220642,0.008320510387420654
final,0,W_in,11,16,0.9186496138572693,0.9336117506027222,0.01496213674545288
final,0,W_in,12,16,0.9926528930664062,0.9449723958969116,0.04768049716949463
final,0,W_in,13,16,0.9371891617774963,0.9347172975540161,0.0024718642234802246
final,0,W_in,14,16,0.9432662725448608,0.935387372970581,0.007878899574279785
final,0,W_in,15,16,0.8665435910224915,0.9201648235321045,0.05362123250961304
final,0,W_in,16,16,0.9248720407485962,0.9095346331596375,0.01533740758895874
final,0,W_in,17,16,0.8726708889007568,0.8501028418540955,0.022568047046661377
final,0,W_in,18,16,1.0891622304916382,1.0811395645141602,0.008022665977478027
final,0,W_in,19,16,0.9098858833312988,0.890296220779419,0.019589662551879883
final,0,W_in,20,16,0.9004364013671875,0.9155102968215942,0.015073895454406738
final,0,W_in,21,16,0.9688137173652649,0.9584548473358154,0.010358870029449463
final,0,W_in,22,16,0.9923855662345886,0.9785362482070923,0.013849318027496338
final,0,W_in,23,16,0.9614503979682922,0.9194835424423218,0.04196685552597046
final,0,W_in,24,16,0.9867706894874573,0.9701671600341797,0.016603529453277588
final,0,W_in,25,16,0.8820372223854065,0.9082052707672119,0.02616804838180542
final,0,W_in,26,16,0.8797873258590698,0.8888461589813232,0.009058833122253418
final,0,W_in,27,16,0.9799627065658569,1.0170968770980835,0.03713417053222656
final,0,W_in,28,16,0.8428051471710205,0.8500031232833862,0.007197976112365723
final,0,W_in,29,16,0.9308618307113647,0.8989161252975464,0.03194570541381836
final,0,W_in,30,16,0.8566619753837585,0.8550048470497131,0.0016571283340454102
final,0,W_in,31,16,0.9531488418579102,0.9701871871948242,0.017038345336914062
final,0,W_in,32,16,0.8785168528556824,0.8744387030601501,0.0040781497955322266
final,0,W_in,33,16,1.0213508605957031,1.0627179145812988,0.0413670539855957
final,0,W_in,34,16,0.8152769804000854,0.8340346813201904,0.01875770092010498
final,0,W_in,35,16,1.0408146381378174,1.0390305519104004,0.0017840862274169922
final,0,W_in,36,16,0.8907335996627808,0.8838393688201904,0.006894230842590332
final,0,W_in,37,16,1.0009474754333496,1.030140995979309,0.029193520545959473
final,0,W_in,38,16,0.9775521159172058,0.9708340167999268,0.006718099117279053
final,0,W_in,39,16,1.0740665197372437,1.096879243850708,0.022812724113464355
final,0,W_in,40,16,1.0779448747634888,1.0833479166030884,0.005403041839599609
final,0,W_in,41,16,0.9163380861282349,0.9256762862205505,0.009338200092315674
final,0,W_in,42,16,0.9841668605804443,0.9789313077926636,0.005235552787780762
final,0,W_in,43,16,0.960645854473114,0.9373567700386047,0.023289084434509277
final,0,W_in,44,16,0.8379048109054565,0.870432436466217,0.0325276255607605
final,0,W_in,45,16,1.0423650741577148,1.0960997343063354,0.053734660148620605
final,0,W_in,46,16,0.9625559449195862,0.9595615863800049,0.002994358539581299
final,0,W_in,47,16,0.9490507245063782,0.9192398190498352,0.02981090545654297
final,0,W_in,48,16,1.0273504257202148,1.0043790340423584,0.022971391677856445
final,0,W_in,49,16,0.9386301040649414,0.9411147832870483,0.0024846792221069336
final,0,W_in,50,16,1.0100747346878052,0.9993968605995178,0.010677874088287354
final,0,W_in,51,16,1.0466220378875732,1.0379910469055176,0.008630990982055664
final,0,W_in,52,16,0.9725320935249329,0.956132173538208,0.016399919986724854
final,0,W_in,53,16,1.01089346408844,0.9639055132865906,0.046987950801849365
final,0,W_in,54,16,1.0157654285430908,1.0107026100158691,0.00506281852722168
final,0,W_in,55,16,0.9486822485923767,0.9550064206123352,0.006324172019958496
final,0,W_in,56,16,1.0341291427612305,1.050778865814209,0.016649723052978516
final,0,W_in,57,16,0.9086683392524719,0.9105011224746704,0.0018327832221984863
final,0,W_in,58,16,0.8612273335456848,0.7947070598602295,0.06652027368545532
final,0,W_in,59,16,0.9067834615707397,0.9478794932365417,0.041096031665802
final,0,W_in,60,16,0.921052873134613,0.9132174253463745,0.007835447788238525
final,0,W_in,61,16,0.9608732461929321,0.9755591750144958,0.01468592882156372
final,0,W_in,62,16,0.9646316766738892,0.9898973703384399,0.02526569366455078
final,0,W_in,63,16,0.9627978205680847,0.9840964078903198,0.021298587322235107
final,1,block0.W1,0,16,1.0842154026031494,1.0190516710281372,0.06516373157501221
final,1,block0.W1,1,16,0.9739968180656433,0.9878035187721252,0.013806700706481934
final,1,block0.W1,2,16,0.9738789796829224,0.9673489332199097,0.006530046463012695
final,1,block0.W1,3,16,1.0216177701950073,1.0758806467056274,0.05426287651062012
final,1,block0.W1,4,16,0.8047112822532654,0.7862454652786255,0.018465816974639893
final,1,block0.W1,5,16,0.9353712797164917,0.9237601161003113,0.01161116361618042
final,1,block0.W1,6,16,0.9529706835746765,0.9932683110237122,0.040297627449035645
final,1,block0.W1,7,16,0.9379191398620605,0.9713692665100098,0.03345012664794922
final,1,block0.W1,8,16,0.9166275262832642,0.9235231280326843,0.006895601749420166
final,1,block0.W1,9,16,0.981081485748291,0.9926373362541199,0.011555850505828857
final,1,block0.W1,10,16,1.0336207151412964,1.0212870836257935,0.01233363151550293
final,1,block0.W1,11,16,0.9550950527191162,0.9657852649688721,0.01069021224975586
final,1,block0.W1,12,16,0.9677707552909851,0.9582312107086182,0.009539544582366943
final,1,block0.W1,13,16,1.0013699531555176,1.0359821319580078,0.034612178802490234
final,1,block0.W1,14,16,1.0197707414627075,1.0403387546539307,0.020568013191223145
final,1,block0.W1,15,16,0.954451858997345,0.9300503134727478,0.024401545524597168
final,1,block0.W1,16,16,0.8315541744232178,0.879917562007904,0.04836338758468628
final,1,block0.W1,17,16,0.951675534248352,0.9625816345214844,0.010906100273132324
final,1,block0.W1,18,16,0.896980345249176,0.8698108792304993,0.027169466018676758
final,1,block0.W1,19,16,0.8928782343864441,0.9080109596252441,0.015132725238800049
final,1,block0.W1,20,16,0.969624400138855,0.9629771709442139,0.006647229194641113
final,1,block0.W1,21,16,1.0071114301681519,1.0499857664108276,0.04287433624267578
final,1,block0.W1,22,16,0.9300627112388611,0.9325364232063293,0.0024737119674682617
final,1,block0.W1,23,16,0.9376178979873657,0.9363781809806824,0.0012397170066833496
final,1,block0.W1,24,16,0.9773565530776978,0.9736353754997253,0.003721177577972412
final,1,block0.W1,25,16,0.9386491179466248,0.9469166994094849,0.008267581462860107
final,1,block0.W1,26,16,0.9819187521934509,0.9449626207351685,0.03695613145828247
final,1,block0.W1,27,16,0.9851469993591309,1.018406629562378,0.03325963020324707
final,1,block0.W1,28,16,0.8644809722900391,0.867061197757721,0.0025802254676818848
final,1,block0.W1,29,16,1.0163607597351074,1.02512526512146,0.008764505386352539
final,1,block0.W1,30,16,0.8313559889793396,0.809058427810669,0.022297561168670654
final,1,block0.W1,31,16,0.9611591100692749,0.9624656438827515,0.0013065338134765625
final,1,block0.W1,32,16,0.9217469692230225,0.9483860731124878,0.026639103889465332
final,1,block0.W1,33,16,0.9557428956031799,0.9654894471168518,0.009746551513671875
final,1,block0.W1,34,16,0.9286177754402161,0.9588488936424255,0.030231118202209473
final,1,block0.W1,35,16,0.8775855898857117,0.8871030211448669,0.009517431259155273
final,1,block0.W1,36,16,1.0571990013122559,1.0456565618515015,0.011542439460754395
final,1,block0.W1,37,16,0.9215813279151917,0.906683623790741,0.014897704124450684
final,1,block0.W1,38,16,0.8926357626914978,0.8746462464332581,0.017989516258239746
final,1,block0.W1,39,16,0.946947455406189,0.9344764351844788,0.012471020221710205
final,1,block0.W1,40,16,0.9976668953895569,1.012337327003479,0.01467043161392212
final,1,block0.W1,41,16,0.977486252784729,0.9633227586746216,0.014163494110107422
final,1,block0.W1,42,16,1.0321062803268433,1.0614145994186401,0.029308319091796875
final,1,block0.W1,43,16,0.8696603775024414,0.8786495923995972,0.008989214897155762
final,1,block0.W1,44,16,0.9371435642242432,0.9122399687767029,0.024903595447540283
final,1,block0.W1,45,16,0.8105764985084534,0.8474897742271423,0.036913275718688965
final,1,block0.W1,46,16,0.939706563949585,0.9366464614868164,0.0030601024627685547
final,1,block0.W1,47,16,0.9707468748092651,0.9941635131835938,0.023416638374328613
final,1,block0.W1,48,16,0.8599738478660583,0.8560797572135925,0.0038940906524658203
final,1,block0.W1,49,16,0.9234588146209717,0.9411584734916687,0.01769965887069702
final,1,block0.W1,50,16,0.9178283214569092,0.9435696601867676,0.0257413387298584
final,1,block0.W1,51,16,0.8993209004402161,0.9080150723457336,0.008694171905517578
final,1,block0.W1,52,16,1.0007951259613037,0.977361798286438,0.023433327674865723
final,1,block0.W1,53,16,1.0020294189453125,1.0037921667099,0.0017627477645874023
final,1,block0.W1,54,16,0.9804592132568359,0.9835219383239746,0.003062725067138672
final,1,block0.W1,55,16,1.012407898902893,1.0500531196594238,0.03764522075653076
final,1,block0.W1,56,16,0.832203209400177,0.8355556130409241,0.0033524036407470703
final,1,block0.W1,57,16,0.9810569882392883,1.0005534887313843,0.019496500492095947
final,1,block0.W1,58,16,1.03716242313385,1.0669448375701904,0.029782414436340332
final,1,block0.W1,59,16,1.07866370677948,1.089383840560913,0.010720133781433105
final,1,block0.W1,60,16,0.8367660045623779,0.8678343892097473,0.031068384647369385
final,1,block0.W1,61,16,1.032462239265442,1.0268886089324951,0.005573630332946777
final,1,block0.W1,62,16,1.034153699874878,1.0492771863937378,0.015123486518859863
final,1,block0.W1,63,16,0.8642649054527283,0.8647534251213074,0.0004885196685791016
final,2,block0.W2,0,16,0.8517319560050964,0.8203275203704834,0.03140443563461304
final,2,block0.W2,1,16,0.9682847857475281,0.9698725938796997,0.0015878081321716309
final,2,block0.W2,2,16,0.9069291353225708,0.8756033182144165,0.0313258171081543
final,2,block0.W2,3,16,0.9758511781692505,0.9611853361129761,0.014665842056274414
final,2,block0.W2,4,16,0.9684286713600159,0.9676427245140076,0.0007859468460083008
final,2,block0.W2,5,16,0.8564690947532654,0.8337337970733643,0.022735297679901123
final,2,block0.W2,6,16,0.7863224744796753,0.7897205352783203,0.0033980607986450195
final,2,block0.W2,7,16,1.0066843032836914,1.0009050369262695,0.005779266357421875
final,2,block0.W2,8,16,0.924907386302948,0.9119260311126709,0.0129813551902771
final,2,block0.W2,9,16,0.9844892024993896,0.9261993169784546,0.05828988552093506
final,2,block0.W2,10,16,0.8312557935714722,0.831107497215271,0.00014829635620117188
final,2,block0.W2,11,16,0.9174391031265259,0.91254061460495,0.004898488521575928
final,2,block0.W2,12,16,0.9681792259216309,0.9805588126182556,0.012379586696624756
final,2,block0.W2,13,16,0.985743522644043,0.9668813943862915,0.018862128257751465
final,2,block0.W2,14,16,0.9841946959495544,1.001650333404541,0.017455637454986572
final,2,block0.W2,15,16,0.9409234523773193,0.9202483296394348,0.02067512273788452
final,2,block0.W2,16,16,0.891732394695282,0.867271900177002,0.02446049451828003
final,2,block0.W2,17,16,0.9493306279182434,0.954987645149231,0.005657017230987549
final,2,block0.W2,18,16,0.8011988997459412,0.8134246468544006,0.012225747108459473
final,2,block0.W2,19,16,0.9046754837036133,0.915285050868988,0.010609567165374756
final,2,block0.W2,20,16,0.8356769680976868,0.8599093556404114,0.02423238754272461
final,2,block0.W2,21,16,0.966292679309845,0.999082624912262,0.03278994560241699
final,2,block0.W2,22,16,0.9855672121047974,0.9888449311256409,0.003277719020843506
final,2,block0.W2,23,16,0.9593506455421448,0.9538972973823547,0.005453348159790039
final,2,block0.W2,24,16,0.8953931927680969,0.8748297691345215,0.02056342363357544
final,2,block0.W2,25,16,0.8739235401153564,0.8778592348098755,0.003935694694519043
final,2,block0.W2,26,16,0.9962595701217651,1.0082318782806396,0.011972308158874512
final,2,block0.W2,27,16,0.8662633299827576,0.8627161979675293,0.0035471320152282715
final,2,block0.W2,28,16,0.952862024307251,0.9384765625,0.014385461807250977
final,2,block0.W2,29,16,1.0154165029525757,0.9905610084533691,0.024855494499206543
final,2,block0.W2,30,16,0.9957719445228577,0.9762158989906311,0.019556045532226562
final,2,block0.W2,31,16,1.1331318616867065,1.129660725593567,0.0034711360931396484
final,2,block0.W2,32,16,0.8882282376289368,0.9018176794052124,0.013589441776275635
final,2,block0.W2,33,16,0.867781937122345,0.881454586982727,0.01367264986038208
final,2,block0.W2,34,16,0.944891631603241,0.9271018505096436,0.017789781093597412
final,2,block0.W2,35,16,0.8565136194229126,0.8959109783172607,0.039397358894348145
final,2,block0.W2,36,16,1.0232495069503784,1.0203640460968018,0.00288546085357666
final,2,block0.W2,37,16,0.8512980937957764,0.8436290621757507,0.007669031620025635
final,2,block0.W2,38,16,0.8926740288734436,0.8830423355102539,0.009631693363189697
final,2,block0.W2,39,16,0.7973423600196838,0.7693337798118591,0.028008580207824707
final,2,block0.W2,40,16,0.9100579023361206,0.8876315355300903,0.022426366806030273
final,2,block0.W2,41,16,0.9191608428955078,0.9240174293518066,0.004856586456298828
final,2,block0.W2,42,16,0.8921167850494385,0.9093807935714722,0.01726400852203369
final,2,block0.W2,43,16,1.0078791379928589,1.0098055601119995,0.001926422119140625
final,2,block0.W2,44,16,0.9866393804550171,0.9674803614616394,0.019159018993377686
final,2,block0.W2,45,16,0.9716207981109619,0.9823334813117981,0.010712683200836182
final,2,block0.W2,46,16,0.8628815412521362,0.852750837802887,0.010130703449249268
final,2,block0.W2,47,16,0.938412606716156,0.9137730002403259,0.024639606475830078
final,2,block0.W2,48,16,0.814523458480835,0.8476232886314392,0.03309983015060425
final,2,block0.W2,49,16,0.8672999739646912,0.8776875138282776,0.010387539863586426
final,2,block0.W2,50,16,0.892169177532196,0.9224539399147034,0.030284762382507324
final,2,block0.W2,51,16,0.9567566514015198,0.9441432356834412,0.012613415718078613
final,2,block0.W2,52,16,0.8678995966911316,0.8574879765510559,0.010411620140075684
final,2,block0.W2,53,16,0.9256256818771362,0.920341968536377,0.005283713340759277
final,2,block0.W2,54,16,0.9537032246589661,0.9375354051589966,0.016167819499969482
final,2,block0.W2,55,16,0.8626912832260132,0.8745386600494385,0.011847376823425293
final,2,block0.W2,56,16,0.8855627775192261,0.8759183883666992,0.009644389152526855
final,2,block0.W2,57,16,0.8950551152229309,0.9016924500465393,0.0066373348236083984
final,2,block0.W2,58,16,0.9811069369316101,0.9461190700531006,0.03498786687850952
final,2,block0.W2,59,16,0.9936836361885071,0.9559113383293152,0.037772297859191895
final,2,block0.W2,60,16,0.8644704222679138,0.8595255017280579,0.004944920539855957
final,2,block0.W2,61,16,0.8814523816108704,0.9100313186645508,0.02857893705368042
final,2,block0.W2,62,16,1.0439873933792114,1.0433423519134521,0.0006450414657592773
final,2,block0.W2,63,16,1.0500982999801636,1.0450149774551392,0.005083322525024414
final,3,block1.W1,0,16,0.9385694265365601,0.9368875026702881,0.0016819238662719727
final,3,block1.W1,1,16,0.8350098729133606,0.8528856039047241,0.017875730991363525
final,3,block1.W1,2,16,1.0079107284545898,1.0040407180786133,0.0038700103759765625
final,3,block1.W1,3,16,0.9836355447769165,0.9772021770477295,0.006433367729187012
final,3,block1.W1,4,16,0.9842053651809692,0.9858627915382385,0.0016574263572692871
final,3,block1.W1,5,16,1.0203726291656494,1.0240951776504517,0.003722548484802246
final,3,block1.W1,6,16,0.8531400561332703,0.8667593002319336,0.01361924409866333
final,3,block1.W1,7,16,0.8843544125556946,0.894710123538971,0.010355710983276367
final,3,block1.W1,8,16,1.0311464071273804,1.0256178379058838,0.005528569221496582
final,3,block1.W1,9,16,1.003756046295166,1.011012315750122,0.007256269454956055
final,3,block1.W1,10,16,0.8602989912033081,0.861271321773529,0.0009723305702209473
final,3,block1.W1,11,16,0.9553254842758179,1.0015783309936523,0.04625284671783447
final,3,block1.W1,12,16,1.0667046308517456,1.0443603992462158,0.022344231605529785
final,3,block1.W1,13,16,0.8578016757965088,0.8989851474761963,0.0411834716796875
final,3,block1.W1,14,16,0.9795154929161072,1.00632643699646,0.026810944080352783
final,3,block1.W1,15,16,0.9093239903450012,0.9062864780426025,0.0030375123023986816
final,3,block1.W1,16,16,1.0026209354400635,0.9835729002952576,0.019048035144805908
final,3,block1.W1,17,16,0.8775168657302856,0.8964136838912964,0.018896818161010742
final,3,block1.W1,18,16,0.886014997959137,0.8511781692504883,0.03483682870864868
final,3,block1.W1,19,16,0.970841646194458,0.9710314869880676,0.00018984079360961914
final,3,block1.W1,20,16,0.950796902179718,0.9554962515830994,0.004699349403381348
final,3,block1.W1,21,16,0.9300603270530701,0.9476512670516968,0.01759093999862671
final,3,block1.W1,22,16,0.9070724248886108,0.9006412029266357,0.006431221961975098
final,3,block1.W1,23,16,0.8351941704750061,0.8501753211021423,0.01498115062713623
final,3,block1.W1,24,16,0.9332430958747864,0.9348343014717102,0.0015912055969238281
final,3,block1.W1,25,16,0.8733793497085571,0.888835072517395,0.01545572280883789
final,3,block1.W1,26,16,0.9051765203475952,0.8841058611869812,0.021070659160614014
final,3,block1.W1,27,16,0.8550492525100708,0.8523024320602417,0.0027468204498291016
final,3,block1.W1,28,16,0.8572463393211365,0.8659474849700928,0.008701145648956299
final,3,block1.W1,29,16,0.9774488210678101,0.9661704897880554,0.011278331279754639
final,3,block1.W1,30,16,0.9311588406562805,0.9136027693748474,0.017556071281433105
final,3,block1.W1,31,16,0.8558433651924133,0.8654784560203552,0.009635090827941895
final,3,block1.W1,32,16,0.9186931252479553,0.9665347337722778,0.04784160852432251
final,3,block1.W1,33,16,0.858319103717804,0.8773609399795532,0.019041836261749268
final,3,block1.W1,34,16,0.9095069766044617,0.8899184465408325,0.01958853006362915
final,3,block1.W1,35,16,0.9221242070198059,0.9112182259559631,0.010905981063842773
final,3,block1.W1,36,16,0.8872433304786682,0.9019384980201721,0.014695167541503906
final,3,block1.W1,37,16,1.0045949220657349,1.0032649040222168,0.0013300180435180664
final,3,block1.W1,38,16,0.8622234463691711,0.8744062781333923,0.012182831764221191
final,3,block1.W1,39,16,0.8904842138290405,0.863716185092926,0.026768028736114502
final,3,block1.W1,40,16,0.83478182554245,0.8348645567893982,8.273124694824219e-05
final,3,block1.W1,41,16,1.0910290479660034,1.0661028623580933,0.024926185607910156
final,3,block1.W1,42,16,0.8556267619132996,0.8648467659950256,0.009220004081726074
final,3,block1.W1,43,16,0.8697621822357178,0.8756665587425232,0.00590437650680542
final,3,block1.W1,44,16,0.9157029986381531,0.9283892512321472,0.01268625259399414
final,3,block1.W1,45,16,0.9390362501144409,0.9323430061340332,0.006693243980407715
final,3,block1.W1,46,16,0.8869053721427917,0.8734418749809265,0.013463497161865234
final,3,block1.W1,47,16,0.9514808058738708,0.9361206889152527,0.015360116958618164
final,3,block1.W1,48,16,0.9508734941482544,0.9219945669174194,0.02887892723083496
final,3,block1.W1,49,16,0.961466908454895,0.9508323669433594,0.010634541511535645
final,3,block1.W1,50,16,0.9332541227340698,0.9803124666213989,0.0470583438873291
final,3,block1.W1,51,16,0.948047399520874,0.9521313905715942,0.004083991050720215
final,3,block1.W1,52,16,1.0516233444213867,1.0087214708328247,0.04290187358856201
final,3,block1.W1,53,16,0.9301249384880066,0.925249457359314,0.004875481128692627
final,3,block1.W1,54,16,0.8171291351318359,0.8024575114250183,0.014671623706817627
final,3,block1.W1,55,16,0.9204398393630981,0.944298505783081,0.02385866641998291
final,3,block1.W1,56,16,0.8483667969703674,0.8574231266975403,0.009056329727172852
final,3,block1.W1,57,16,0.9393905401229858,0.9477154612541199,0.008324921131134033
final,3,block1.W1,58,16,1.0132153034210205,1.0326119661331177,0.019396662712097168
final,3,block1.W1,59,16,0.9120439887046814,0.9186036586761475,0.0065596699714660645
final,3,block1.W1,60,16,0.7906274199485779,0.7994017601013184,0.008774340152740479
final,3,block1.W1,61,16,0.8374214768409729,0.8283576369285583,0.00906383991241455
final,3,block1.W1,62,16,1.0428615808486938,1.0667508840560913,0.02388930320739746
final,3,block1.W1,63,16,0.9002473950386047,0.8925867080688477,0.00766068696975708
final,4,block1.W2,0,16,0.9438518285751343,0.9548246264457703,0.010972797870635986
final,4,block1.W2,1,16,0.8730016946792603,0.872742235660553,0.0002594590187072754
final,4,block1.W2,2,16,1.1372082233428955,1.1623286008834839,0.02512037754058838
final,4,block1.W2,3,16,0.8502302169799805,0.8280199766159058,0.022210240364074707
final,4,block1.W2,4,16,0.9255303740501404,0.9156129956245422,0.009917378425598145
final,4,block1.W2,5,16,1.0134994983673096,1.0042561292648315,0.009243369102478027
final,4,block1.W2,6,16,0.8516602516174316,0.8427684307098389,0.008891820907592773
final,4,block1.W2,7,16,0.9180867075920105,0.9472008943557739,0.029114186763763428
final,4,block1.W2,8,16,0.9028257131576538,0.8908766508102417,0.01194906234741211
final,4,block1.W2,9,16,0.9062454700469971,0.925953209400177,0.01970773935317993
final,4,block1.W2,10,16,0.9147579669952393,0.893033504486084,0.021724462509155273
final,4,block1.W2,11,16,0.8781241178512573,0.900024950504303,0.021900832653045654
final,4,block1.W2,12,16,0.9618129134178162,0.9556226134300232,0.006190299987792969
final,4,block1.W2,13,16,0.921567976474762,0.9116114377975464,0.009956538677215576
final,4,block1.W2,14,16,0.946897029876709,0.9558244943618774,0.008927464485168457
final,4,block1.W2,15,16,0.9066582322120667,0.9126195311546326,0.005961298942565918
final,4,block1.W2,16,16,0.9665120840072632,0.9549110531806946,0.011601030826568604
final,4,block1.W2,17,16,0.9042614698410034,0.8907621502876282,0.013499319553375244
final,4,block1.W2,18,16,0.8378309011459351,0.8162531852722168,0.02157771587371826
final,4,block1.W2,19,16,1.0007184743881226,0.9863684773445129,0.01434999704360962
final,4,block1.W2,20,16,0.9495074152946472,0.952244758605957,0.0027373433113098145
final,4,block1.W2,21,16,0.8977692127227783,0.9230097532272339,0.025240540504455566
final,4,block1.W2,22,16,0.9274486899375916,0.9516776204109192,0.024228930473327637
final,4,block1.W2,23,16,0.9664551019668579,0.9784362316131592,0.01198112964630127
final,4,block1.W2,24,16,1.0323020219802856,1.021185040473938,0.011116981506347656
final,4,block1.W2,25,16,0.9046756029129028,0.9218375086784363,0.017161905765533447
final,4,block1.W2,26,16,0.9559078812599182,0.9643327593803406,0.008424878120422363
final,4,block1.W2,27,16,0.8361038565635681,0.8309625387191772,0.005141317844390869
final,4,block1.W2,28,16,0.9034611582756042,0.9038235545158386,0.000362396240234375
final,4,block1.W2,29,16,0.9191543459892273,0.9190822839736938,7.206201553344727e-05
final,4,block1.W2,30,16,0.859748125076294,0.865784227848053,0.006036102771759033
final,4,block1.W2,31,16,0.8460531830787659,0.8497315049171448,0.0036783218383789062
final,4,block1.W2,32,16,0.8327844738960266,0.8407743573188782,0.007989883422851562
final,4,block1.W2,33,16,0.9055914282798767,0.8792431354522705,0.0263482928276062
final,4,block1.W2,34,16,0.8798129558563232,0.863889753818512,0.01592320203781128
final,4,block1.W2,35,16,0.9883087277412415,0.9578650593757629,0.030443668365478516
final,4,block1.W2,36,16,0.9092294573783875,0.9080221056938171,0.0012073516845703125
final,4,block1.W2,37,16,0.9000429511070251,0.8975897431373596,0.0024532079696655273
final,4,block1.W2,38,16,0.940631091594696,0.9582008719444275,0.017569780349731445
final,4,block1.W2,39,16,0.8470983505249023,0.8398792743682861,0.007219076156616211
final,4,block1.W2,40,16,1.0596485137939453,1.0655039548873901,0.005855441093444824
final,4,block1.W2,41,16,0.9740777611732483,0.9542227983474731,0.019854962825775146
final,4,block1.W2,42,16,0.9085310697555542,0.9396744966506958,0.0311434268951416
final,4,block1.W2,43,16,0.8113489747047424,0.7776360511779785,0.033712923526763916
final,4,block1.W2,44,16,0.9382574558258057,0.9364917874336243,0.0017656683921813965
final,4,block1.W2,45,16,1.022383689880371,0.9841803312301636,0.03820335865020752
final,4,block1.W2,46,16,0.9204770922660828,0.938353955745697,0.017876863479614258
final,4,block1.W2,47,16,0.9735642075538635,0.9905047416687012,0.016940534114837646
final,4,block1.W2,48,16,0.9162899851799011,0.9117266535758972,0.004563331604003906
final,4,block1.W2,49,16,0.8631485104560852,0.8822193145751953,0.019070804119110107
final,4,block1.W2,50,16,0.9377515316009521,0.9121326208114624,0.025618910789489746
final,4,block1.W2,51,16,1.00579035282135,0.9970747232437134,0.008715629577636719
final,4,block1.W2,52,16,0.8774367570877075,0.8868371844291687,0.009400427341461182
final,4,block1.W2,53,16,0.9507721066474915,0.923200786113739,0.02757132053375244
final,4,block1.W2,54,16,1.01872980594635,0.9993588328361511,0.019370973110198975
final,4,block1.W2,55,16,0.9724603891372681,0.963211178779602,0.009249210357666016
final,4,block1.W2,56,16,0.821906328201294,0.8429797291755676,0.02107340097427368
final,4,block1.W2,57,16,1.006066083908081,1.0021576881408691,0.003908395767211914
final,4,block1.W2,58,16,0.957818329334259,0.9620776772499084,0.004259347915649414
final,4,block1.W2,59,16,0.8099079132080078,0.7981022000312805,0.011805713176727295
final,4,block1.W2,60,16,0.9362601041793823,0.971207857131958,0.034947752952575684
final,4,block1.W2,61,16,0.9368182420730591,0.9353956580162048,0.001422584056854248
final,4,block1.W2,62,16,0.9751428961753845,0.9837260842323303,0.0085831880569458
final,4,block1.W2,63,16,0.9158980250358582,0.9196769595146179,0.0037789344787597656
final,5,block2.W1,0,16,1.0495960712432861,1.0432945489883423,0.006301522254943848
final,5,block2.W1,1,16,0.907468855381012,0.9232411980628967,0.015772342681884766
final,5,block2.W1,2,16,0.9279522895812988,0.9133859872817993,0.014566302299499512
final,5,block2.W1,3,16,0.8831253051757812,0.8914364576339722,0.008311152458190918
final,5,block2.W1,4,16,0.9137510657310486,0.9191014170646667,0.005350351333618164
final,5,block2.W1,5,16,0.9144521355628967,0.9074351787567139,0.007016956806182861
final,5,block2.W1,6,16,0.9364049434661865,0.9357373118400574,0.0006676316261291504
final,5,block2.W1,7,16,0.9933322072029114,0.9960405826568604,0.0027083754539489746
final,5,block2.W1,8,16,0.9745558500289917,0.9830676913261414,0.008511841297149658
final,5,block2.W1,9,16,0.8914968967437744,0.8946412801742554,0.003144383430480957
final,5,block2.W1,10,16,0.9041868448257446,0.9505977034568787,0.04641085863113403
final,5,block2.W1,11,16,0.9458417296409607,0.9533388018608093,0.007497072219848633
final,5,block2.W1,12,16,0.9544132947921753,0.95597904920578,0.0015657544136047363
final,5,block2.W1,13,16,0.9571165442466736,0.9446209669113159,0.012495577335357666
final,5,block2.W1,14,16,0.8868767619132996,0.8935426473617554,0.0066658854484558105
final,5,block2.W1,15,16,0.9303970336914062,0.9514216184616089,0.021024584770202637
final,5,block2.W1,16,16,0.8745595812797546,0.8808547854423523,0.006295204162597656
final,5,block2.W1,17,16,0.9629504680633545,0.9705932140350342,0.0076427459716796875
final,5,block2.W1,18,16,0.9287100434303284,0.9277443885803223,0.0009656548500061035
final,5,block2.W1,19,16,1.019355297088623,1.0205165147781372,0.0011612176895141602
final,5,block2.W1,20,16,1.0364402532577515,1.0110985040664673,0.02534174919128418
final,5,block2.W1,21,16,0.8470939993858337,0.8544922471046448,0.007398247718811035
final,5,block2.W1,22,16,0.804619550704956,0.8122040033340454,0.0075844526290893555
final,5,block2.W1,23,16,0.9594478011131287,0.9871132969856262,0.02766549587249756
final,5,block2.W1,24,16,0.9841939806938171,0.9827402234077454,0.0014537572860717773
final,5,block2.W1,25,16,0.91002357006073,0.9140031337738037,0.0039795637130737305
final,5,block2.W1,26,16,1.0204404592514038,1.002885103225708,0.0175553560256958
final,5,block2.W1,27,16,0.8821817636489868,0.8861720561981201,0.003990292549133301
final,5,block2.W1,28,16,0.962902843952179,0.951056718826294,0.01184612512588501
final,5,block2.W1,29,16,0.8116751313209534,0.8168378472328186,0.005162715911865234
final,5,block2.W1,30,16,0.8812577724456787,0.8683161735534668,0.012941598892211914
final,5,block2.W1,31,16,1.0910077095031738,1.0920884609222412,0.0010807514190673828
final,5,block2.W1,32,16,0.9097657799720764,0.9390507936477661,0.029285013675689697
final,5,block2.W1,33,16,0.7851399779319763,0.785810649394989,0.0006706714630126953
final,5,block2.W1,34,16,0.8750457167625427,0.8802255392074585,0.0051798224449157715
final,5,block2.W1,35,16,0.9093816876411438,0.9081242680549622,0.0012574195861816406
final,5,block2.W1,36,16,0.9266740083694458,0.9078413844108582,0.018832623958587646
final,5,block2.W1,37,16,0.9534903168678284,0.9607842564582825,0.0072939395904541016
final,5,block2.W1,38,16,0.8874779939651489,0.8906427025794983,0.0031647086143493652
final,5,block2.W1,39,16,0.9865615367889404,0.965126633644104,0.021434903144836426
final,5,block2.W1,40,16,0.8994200229644775,0.9171785712242126,0.017758548259735107
final,5,block2.W1,41,16,0.9154788851737976,0.894592821598053,0.02088606357574463
final,5,block2.W1,42,16,0.8604829907417297,0.8462527394294739,0.01423025131225586
final,5,block2.W1,43,16,0.9337381720542908,0.9539006352424622,0.020162463188171387
final,5,block2.W1,44,16,0.919505774974823,0.8896881341934204,0.029817640781402588
final,5,block2.W1,45,16,0.9142926335334778,0.9268869757652283,0.012594342231750488
final,5,block2.W1,46,16,0.9989665746688843,0.958657443523407,0.040309131145477295
final,5,block2.W1,47,16,0.9184110164642334,0.9293593764305115,0.010948359966278076
final,5,block2.W1,48,16,1.0261316299438477,1.0020060539245605,0.02412557601928711
final,5,block2.W1,49,16,0.92868572473526,0.9237871170043945,0.0048986077308654785
final,5,block2.W1,50,16,0.9682031273841858,0.9809192419052124,0.012716114521026611
final,5,block2.W1,51,16,0.9417385458946228,0.9181365370750427,0.023602008819580078
final,5,block2.W1,52,16,0.9426167607307434,0.9645208716392517,0.0219041109085083
final,5,block2.W1,53,16,0.7956463098526001,0.8170408010482788,0.02139449119567871
final,5,block2.W1,54,16,0.8645134568214417,0.8954141736030579,0.03090071678161621
final,5,block2.W1,55,16,1.0007387399673462,1.0028096437454224,0.002070903778076172
final,5,block2.W1,56,16,0.9526420831680298,0.9516050815582275,0.001037001609802246
final,5,block2.W1,57,16,0.8344574570655823,0.8458421230316162,0.011384665966033936
final,5,block2.W1,58,16,0.956244170665741,0.9873934388160706,0.03114926815032959
final,5,block2.W1,59,16,0.8824317455291748,0.8961865901947021,0.013754844665527344
final,5,block2.W1,60,16,0.8800878524780273,0.9011606574058533,0.021072804927825928
final,5,block2.W1,61,16,0.826680600643158,0.8473444581031799,0.020663857460021973
final,5,block2.W1,62,16,0.8609630465507507,0.8669655919075012,0.006002545356750488
final,5,block2.W1,63,16,0.7619096040725708,0.7719631791114807,0.010053575038909912
final,6,block2.W2,0,16,0.8947914838790894,0.8970492482185364,0.0022577643394470215
final,6,block2.W2,1,16,0.9877749085426331,0.9765523076057434,0.011222600936889648
final,6,block2.W2,2,16,0.8230118751525879,0.811134934425354,0.011876940727233887
final,6,block2.W2,3,16,0.9641450643539429,0.9685119390487671,0.004366874694824219
final,6,block2.W2,4,16,0.9355480074882507,0.963567852973938,0.028019845485687256
final,6,block2.W2,5,16,0.8669034242630005,0.8592661023139954,0.007637321949005127
final,6,block2.W2,6,16,0.8935347199440002,0.9094253778457642,0.015890657901763916
final,6,block2.W2,7,16,0.910904049873352,0.9283552765846252,0.017451226711273193
final,6,block2.W2,8,16,0.9122512936592102,0.9372782111167908,0.025026917457580566
final,6,block2.W2,9,16,0.9295148849487305,0.9264827966690063,0.003032088279724121
final,6,block2.W2,10,16,0.8539277911186218,0.862869918346405,0.008942127227783203
final,6,block2.W2,11,16,0.9565294981002808,0.944078266620636,0.012451231479644775
final,6,block2.W2,12,16,0.9008834362030029,0.8738771080970764,0.027006328105926514
final,6,block2.W2,13,16,0.9167425036430359,0.9144112467765808,0.002331256866455078
final,6,block2.W2,14,16,0.8914383053779602,0.861562967300415,0.029875338077545166
final,6,block2.W2,15,16,0.9882997870445251,0.9746886491775513,0.013611137866973877
final,6,block2.W2,16,16,0.9945493936538696,1.0160841941833496,0.02153480052947998
final,6,block2.W2,17,16,1.038586974143982,1.0281646251678467,0.010422348976135254
final,6,block2.W2,18,16,0.9753409624099731,0.9640269875526428,0.011313974857330322
final,6,block2.W2,19,16,1.0810909271240234,1.0934687852859497,0.01237785816192627
final,6,block2.W2,20,16,0.9698361158370972,0.9568224549293518,0.013013660907745361
final,6,block2.W2,21,16,0.9413918852806091,0.9414233565330505,3.147125244140625e-05
final,6,block2.W2,22,16,0.9086169004440308,0.8936566114425659,0.014960289001464844
final,6,block2.W2,23,16,0.8527045845985413,0.865911066532135,0.01320648193359375
final,6,block2.W2,24,16,0.8964298963546753,0.9346982836723328,0.03826838731765747
final,6,block2.W2,25,16,0.9082793593406677,0.9307743310928345,0.022494971752166748
final,6,block2.W2,26,16,0.9610074162483215,0.9551607966423035,0.005846619606018066
final,6,block2.W2,27,16,0.8757559061050415,0.8922250866889954,0.016469180583953857
final,6,block2.W2,28,16,0.9088778495788574,0.9161723256111145,0.00729447603225708
final,6,block2.W2,29,16,0.9908216595649719,0.9884626865386963,0.0023589730262756348
final,6,block2.W2,30,16,1.018340826034546,0.9872774481773376,0.031063377857208252
final,6,block2.W2,31,16,0.9647760987281799,0.9689610600471497,0.0041849613189697266
final,6,block2.W2,32,16,1.032532811164856,1.040165901184082,0.007633090019226074
final,6,block2.W2,33,16,0.9718936085700989,0.9772530198097229,0.0053594112396240234
final,6,block2.W2,34,16,0.9575406312942505,0.9673729538917542,0.009832322597503662
final,6,block2.W2,35,16,0.9201507568359375,0.916469931602478,0.0036808252334594727
final,6,block2.W2,36,16,0.8617916703224182,0.8491891622543335,0.012602508068084717
final,6,block2.W2,37,16,0.8092149496078491,0.8186691403388977,0.009454190731048584
final,6,block2.W2,38,16,0.9584186673164368,0.988326907157898,0.02990823984146118
final,6,block2.W2,39,16,0.9168792963027954,0.9022138714790344,0.014665424823760986
final,6,block2.W2,40,16,0.9334648251533508,0.9309712052345276,0.002493619918823242
final,6,block2.W2,41,16,0.9760589599609375,0.9539329409599304,0.02212601900100708
final,6,block2.W2,42,16,0.9461217522621155,0.9429202079772949,0.0032015442848205566
final,6,block2.W2,43,16,0.9255985617637634,0.9004409313201904,0.025157630443572998
final,6,block2.W2,44,16,0.9141753315925598,0.9018765091896057,0.012298822402954102
final,6,block2.W2,45,16,0.900765061378479,0.8987367749214172,0.0020282864570617676
final,6,block2.W2,46,16,0.8436079025268555,0.8621029853820801,0.01849508285522461
final,6,block2.W2,47,16,0.8733242154121399,0.9009475708007812,0.027623355388641357
final,6,block2.W2,48,16,0.9145792722702026,0.8967052102088928,0.017874062061309814
final,6,block2.W2,49,16,0.8607876896858215,0.8761036396026611,0.0153159499168396
final,6,block2.W2,50,16,0.9897999167442322,0.9997977018356323,0.009997785091400146
final,6,block2.W2,51,16,0.9147511720657349,0.9117639660835266,0.002987205982208252
final,6,block2.W2,52,16,0.8538200259208679,0.8474079370498657,0.006412088871002197
final,6,block2.W2,53,16,0.9568350911140442,0.9597204923629761,0.0028854012489318848
final,6,block2.W2,54,16,0.9095779061317444,0.9066612124443054,0.002916693687438965
final,6,block2.W2,55,16,1.038556694984436,1.0268747806549072,0.011681914329528809
final,6,block2.W2,56,16,1.0466980934143066,1.0615246295928955,0.014826536178588867
final,6,block2.W2,57,16,0.9108708500862122,0.8970202207565308,0.013850629329681396
final,6,block2.W2,58,16,0.8800527453422546,0.9085590839385986,0.028506338596343994
final,6,block2.W2,59,16,0.909903883934021,0.9266703724861145,0.016766488552093506
final,6,block2.W2,60,16,0.9536876678466797,0.9511035680770874,0.002584099769592285
final,6,block2.W2,61,16,1.0081396102905273,0.997482419013977,0.010657191276550293
final,6,block2.W2,62,16,0.8869549632072449,0.8829257488250732,0.004029214382171631
final,6,block2.W2,63,16,0.9331689476966858,0.9700307846069336,0.0368618369102478
final,7,block3.W1,0,16,0.8799808025360107,0.8838953971862793,0.003914594650268555
final,7,block3.W1,1,16,0.9540951251983643,0.9719901084899902,0.017894983291625977
final,7,block3.W1,2,16,0.9609072208404541,0.9424239993095398,0.018483221530914307
final,7,block3.W1,3,16,0.8558595776557922,0.8688900470733643,0.013030469417572021
final,7,block3.W1,4,16,1.0613610744476318,1.0418119430541992,0.019549131393432617
final,7,block3.W1,5,16,0.9195117950439453,0.9465188384056091,0.02700704336166382
final,7,block3.W1,6,16,0.9634766578674316,0.9649802446365356,0.001503586769104004
final,7,block3.W1,7,16,0.9534203410148621,0.9641496539115906,0.010729312896728516
final,7,block3.W1,8,16,0.9445745348930359,0.9451906085014343,0.0006160736083984375
final,7,block3.W1,9,16,1.023404836654663,0.9962777495384216,0.027127087116241455
final,7,block3.W1,10,16,0.9938369393348694,0.9733384251594543,0.02049851417541504
final,7,block3.W1,11,16,0.8645437955856323,0.8491699695587158,0.015373826026916504
final,7,block3.W1,12,16,0.9954710006713867,0.9973105788230896,0.0018395781517028809
final,7,block3.W1,13,16,1.0062683820724487,1.0031574964523315,0.0031108856201171875
final,7,block3.W1,14,16,0.9564793705940247,0.9624753594398499,0.005995988845825195
final,7,block3.W1,15,16,0.8491355180740356,0.8556501269340515,0.006514608860015869
final,7,block3.W1,16,16,0.9914578795433044,0.9921872615814209,0.0007293820381164551
final,7,block3.W1,17,16,0.967194676399231,0.9728803038597107,0.005685627460479736
final,7,block3.W1,18,16,1.039476990699768,1.0279942750930786,0.011482715606689453
final,7,block3.W1,19,16,0.8580372929573059,0.8771778345108032,0.019140541553497314
final,7,block3.W1,20,16,0.8347445130348206,0.8318768739700317,0.0028676390647888184
final,7,block3.W1,21,16,0.8793832659721375,0.8862660527229309,0.006882786750793457
final,7,block3.W1,22,16,0.842923641204834,0.8662569522857666,0.023333311080932617
final,7,block3.W1,23,16,0.8753587603569031,0.8939738869667053,0.018615126609802246
final,7,block3.W1,24,16,1.0217864513397217,1.0169833898544312,0.004803061485290527
final,7,block3.W1,25,16,1.0489211082458496,1.0690408945083618,0.020119786262512207
final,7,block3.W1,26,16,1.0932295322418213,1.0876637697219849,0.005565762519836426
final,7,block3.W1,27,16,1.0113554000854492,1.0182020664215088,0.00684666633605957
final,7,block3.W1,28,16,0.8136465549468994,0.7978410720825195,0.015805482864379883
final,7,block3.W1,29,16,1.0269049406051636,1.0227196216583252,0.004185318946838379
final,7,block3.W1,30,16,0.9095833897590637,0.8876003623008728,0.021983027458190918
final,7,block3.W1,31,16,0.9263019561767578,0.9196900725364685,0.006611883640289307
final,7,block3.W1,32,16,1.0011667013168335,1.023019552230835,0.021852850914001465
final,7,block3.W1,33,16,0.9703452587127686,0.974181592464447,0.003836333751678467
final,7,block3.W1,34,16,0.8950161933898926,0.8795533180236816,0.015462875366210938
final,7,block3.W1,35,16,1.0174064636230469,0.9907132983207703,0.02669316530227661
final,7,block3.W1,36,16,0.904474139213562,0.897965669631958,0.006508469581604004
final,7,block3.W1,37,16,0.9311606884002686,0.9109936952590942,0.020166993141174316
final,7,block3.W1,38,16,0.932080864906311,0.8967867493629456,0.03529411554336548
final,7,block3.W1,39,16,0.8973053693771362,0.8929522633552551,0.0043531060218811035
final,7,block3.W1,40,16,0.9202877879142761,0.9280572533607483,0.007769465446472168
final,7,block3.W1,41,16,0.83366459608078,0.8381100296974182,0.004445433616638184
final,7,block3.W1,42,16,0.9409659504890442,0.9570478200912476,0.01608186960220337
final,7,block3.W1,43,16,0.9561209678649902,0.9551908373832703,0.0009301304817199707
final,7,block3.W1,44,16,0.8612419962882996,0.8692248463630676,0.007982850074768066
final,7,block3.W1,45,16,0.980776846408844,0.98585444688797,0.0050776004791259766
final,7,block3.W1,46,16,0.8461257219314575,0.8407500386238098,0.005375683307647705
final,7,block3.W1,47,16,0.9455670714378357,0.9492629766464233,0.0036959052085876465
final,7,block3.W1,48,16,1.1356147527694702,1.1219156980514526,0.013699054718017578
final,7,block3.W1,49,16,0.9270613193511963,0.921990156173706,0.005071163177490234
final,7,block3.W1,50,16,0.764661967754364,0.7682823538780212,0.0036203861236572266
final,7,block3.W1,51,16,0.9156097173690796,0.9334326386451721,0.01782292127609253
final,7,block3.W1,52,16,0.9145960807800293,0.9245645403862,0.009968459606170654
final,7,block3.W1,53,16,0.9702877998352051,0.9535462260246277,0.016741573810577393
final,7,block3.W1,54,16,0.8847284317016602,0.8848669528961182,0.0001385211944580078
final,7,block3.W1,55,16,0.9527449607849121,0.947386622428894,0.005358338356018066
final,7,block3.W1,56,16,1.031525731086731,1.0388298034667969,0.007304072380065918
final,7,block3.W1,57,16,0.9261502027511597,0.9226487278938293,0.0035014748573303223
final,7,block3.W1,58,16,0.8893396258354187,0.8560553789138794,0.03328424692153931
final,7,block3.W1,59,16,0.9032544493675232,0.9206794500350952,0.01742500066757202
final,7,block3.W1,60,16,0.8418641090393066,0.8512640595436096,0.009399950504302979
final,7,block3.W1,61,16,0.9398191571235657,0.9426313042640686,0.0028121471405029297
final,7,block3.W1,62,16,0.977764904499054,0.9678009748458862,0.009963929653167725
final,7,block3.W1,63,16,0.9666231870651245,0.9689565300941467,0.002333343029022217
final,8,block3.W2,0,16,0.9224705696105957,0.9233962297439575,0.0009256601333618164
final,8,block3.W2,1,16,0.9391140937805176,0.9393853545188904,0.00027126073837280273
final,8,block3.W2,2,16,0.8772045373916626,0.8656060695648193,0.011598467826843262
final,8,block3.W2,3,16,0.8959743976593018,0.8842165470123291,0.011757850646972656
final,8,block3.W2,4,16,0.9344813823699951,0.950588583946228,0.01610720157623291
final,8,block3.W2,5,16,0.9445405006408691,0.9482178092002869,0.0036773085594177246
final,8,block3.W2,6,16,1.0259673595428467,1.0161291360855103,0.009838223457336426
final,8,block3.W2,7,16,0.9394412040710449,0.9324266910552979,0.00701451301574707
final,8,block3.W2,8,16,0.9094905257225037,0.9267761707305908,0.017285645008087158
final,8,block3.W2,9,16,0.9355466961860657,0.9378700256347656,0.002323329448699951
final,8,block3.W2,10,16,0.90421462059021,0.888706624507904,0.015507996082305908
final,8,block3.W2,11,16,0.862399697303772,0.8771887421607971,0.014789044857025146
final,8,block3.W2,12,16,0.913129985332489,0.9071527123451233,0.005977272987365723
final,8,block3.W2,13,16,0.9145619869232178,0.9211157560348511,0.006553769111633301
final,8,block3.W2,14,16,0.930019199848175,0.9558821320533752,0.025862932205200195
final,8,block3.W2,15,16,0.9534236788749695,0.9523136615753174,0.0011100172996520996
final,8,block3.W2,16,16,1.004102349281311,1.003502607345581,0.0005997419357299805
final,8,block3.W2,17,16,0.918862521648407,0.9134303331375122,0.005432188510894775
final,8,block3.W2,18,16,0.9892284870147705,0.9977818131446838,0.00855332612991333
final,8,block3.W2,19,16,0.9319356083869934,0.9273743629455566,0.004561245441436768
final,8,block3.W2,20,16,0.9780676960945129,0.9708392024040222,0.007228493690490723
final,8,block3.W2,21,16,0.937039315700531,0.9256631135940552,0.01137620210647583
final,8,block3.W2,22,16,0.9636111855506897,0.9559434652328491,0.007667720317840576
final,8,block3.W2,23,16,0.8927631974220276,0.8871031403541565,0.005660057067871094
final,8,block3.W2,24,16,0.9384456872940063,0.9206174612045288,0.01782822608947754
final,8,block3.W2,25,16,1.0076634883880615,1.0267633199691772,0.019099831581115723
final,8,block3.W2,26,16,0.8941627740859985,0.9015257954597473,0.007363021373748779
final,8,block3.W2,27,16,0.9195404648780823,0.9205453991889954,0.001004934310913086
final,8,block3.W2,28,16,0.88124680519104,0.8830024003982544,0.0017555952072143555
final,8,block3.W2,29,16,0.9530516862869263,0.9552043080329895,0.0021526217460632324
final,8,block3.W2,30,16,0.8524661660194397,0.8441647887229919,0.008301377296447754
final,8,block3.W2,31,16,0.849330484867096,0.8513709902763367,0.0020405054092407227
final,8,block3.W2,32,16,0.9447281956672668,0.9411195516586304,0.0036086440086364746
final,8,block3.W2,33,16,0.9270052909851074,0.9444148540496826,0.017409563064575195
final,8,block3.W2,34,16,0.8258834481239319,0.8347212076187134,0.008837759494781494
final,8,block3.W2,35,16,1.00105881690979,0.9836851954460144,0.017373621463775635
final,8,block3.W2,36,16,0.952055811882019,0.9719376564025879,0.019881844520568848
final,8,block3.W2,37,16,0.8967841863632202,0.9161674380302429,0.019383251667022705
final,8,block3.W2,38,16,0.9078354239463806,0.9026446342468262,0.005190789699554443
final,8,block3.W2,39,16,0.8399696350097656,0.8469246029853821,0.006954967975616455
final,8,block3.W2,40,16,1.014538049697876,1.0221788883209229,0.007640838623046875
final,8,block3.W2,41,16,1.0067458152770996,0.9907342195510864,0.016011595726013184
final,8,block3.W2,42,16,1.0136559009552002,0.9991817474365234,0.014474153518676758
final,8,block3.W2,43,16,0.8002049326896667,0.8070894479751587,0.006884515285491943
final,8,block3.W2,44,16,0.8434013724327087,0.8454234600067139,0.002022087574005127
final,8,block3.W2,45,16,0.8689704537391663,0.8684142231941223,0.0005562305450439453
final,8,block3.W2,46,16,0.9075751900672913,0.8976300954818726,0.009945094585418701
final,8,block3.W2,47,16,0.8674718141555786,0.8719378709793091,0.004466056823730469
final,8,block3.W2,48,16,0.8594799041748047,0.8692771196365356,0.009797215461730957
final,8,block3.W2,49,16,0.9170947074890137,0.919826090335846,0.0027313828468322754
final,8,block3.W2,50,16,0.9660257697105408,0.9632104635238647,0.0028153061866760254
final,8,block3.W2,51,16,0.8292858004570007,0.8430913686752319,0.013805568218231201
final,8,block3.W2,52,16,1.042243480682373,1.047123670578003,0.004880189895629883
final,8,block3.W2,53,16,1.036751627922058,1.0538240671157837,0.017072439193725586
final,8,block3.W2,54,16,0.9503453373908997,0.9405149221420288,0.00983041524887085
final,8,block3.W2,55,16,0.881644070148468,0.894761860370636,0.013117790222167969
final,8,block3.W2,56,16,0.9645191431045532,0.9744808077812195,0.00996166467666626
final,8,block3.W2,57,16,0.9726967215538025,0.9883367419242859,0.0156400203704834
final,8,block3.W2,58,16,0.9616001844406128,0.9783852696418762,0.016785085201263428
final,8,block3.W2,59,16,0.9593244194984436,0.9671012759208679,0.007776856422424316
final,8,block3.W2,60,16,0.8214847445487976,0.8481938242912292,0.02670907974243164
final,8,block3.W2,61,16,0.9766075015068054,0.9819885492324829,0.00538104772567749
final,8,block3.W2,62,16,0.9192513823509216,0.9191334247589111,0.00011795759201049805
final,8,block3.W2,63,16,0.9290456175804138,0.9433102011680603,0.014264583587646484
final,9,block4.W1,0,16,0.9987018704414368,0.978100061416626,0.02060180902481079
final,9,block4.W1,1,16,0.8493728637695312,0.8511161208152771,0.0017432570457458496
final,9,block4.W1,2,16,0.869077205657959,0.8749279379844666,0.005850732326507568
final,9,block4.W1,3,16,0.8884532451629639,0.8691971898078918,0.01925605535507202
final,9,block4.W1,4,16,0.909991979598999,0.9383991360664368,0.028407156467437744
final,9,block4.W1,5,16,0.8587603569030762,0.8559547662734985,0.0028055906295776367
final,9,block4.W1,6,16,1.009893536567688,1.0161666870117188,0.006273150444030762
final,9,block4.W1,7,16,0.9028055667877197,0.9058606028556824,0.0030550360679626465
final,9,block4.W1,8,16,0.8813827037811279,0.8828631639480591,0.0014804601669311523
final,9,block4.W1,9,16,0.993818998336792,1.0059658288955688,0.012146830558776855
final,9,block4.W1,10,16,1.0323234796524048,1.0369714498519897,0.004647970199584961
final,9,block4.W1,11,16,0.9082896113395691,0.910796046257019,0.002506434917449951
final,9,block4.W1,12,16,0.9065926671028137,0.9192208647727966,0.01262819766998291
final,9,block4.W1,13,16,1.0211344957351685,1.0313142538070679,0.010179758071899414
final,9,block4.W1,14,16,0.9568092226982117,0.964758574962616,0.007949352264404297
final,9,block4.W1,15,16,0.8944894671440125,0.8886110186576843,0.005878448486328125
final,9,block4.W1,16,16,1.0416589975357056,1.0433589220046997,0.0016999244689941406
final,9,block4.W1,17,16,1.0628682374954224,1.0809128284454346,0.018044590950012207
final,9,block4.W1,18,16,0.840288519859314,0.8274285197257996,0.012860000133514404
final,9,block4.W1,19,16,1.0043513774871826,1.0198349952697754,0.015483617782592773
final,9,block4.W1,20,16,0.8935366868972778,0.9014241099357605,0.007887423038482666
final,9,block4.W1,21,16,0.9417874217033386,0.9378201365470886,0.00396728515625
final,9,block4.W1,22,16,1.0096666812896729,1.0170397758483887,0.00737309455871582
final,9,block4.W1,23,16,0.8383647203445435,0.8265001773834229,0.011864542961120605
final,9,block4.W1,24,16,0.9499642252922058,0.962299108505249,0.012334883213043213
final,9,block4.W1,25,16,0.9469497203826904,0.9630185961723328,0.016068875789642334
final,9,block4.W1,26,16,0.8722013235092163,0.8738768696784973,0.0016755461692810059
final,9,block4.W1,27,16,0.9306696057319641,0.9662997126579285,0.035630106925964355
final,9,block4.W1,28,16,0.9656952023506165,0.9798302054405212,0.014135003089904785
final,9,block4.W1,29,16,0.9499682784080505,0.9528752565383911,0.002906978130340576
final,9,block4.W1,30,16,0.8792775273323059,0.8774109482765198,0.0018665790557861328
final,9,block4.W1,31,16,0.8638222813606262,0.8467621803283691,0.01706010103225708
final,9,block4.W1,32,16,0.9847031235694885,0.9490758180618286,0.03562730550765991
final,9,block4.W1,33,16,1.012762188911438,1.000970721244812,0.011791467666625977
final,9,block4.W1,34,16,0.9773348569869995,0.9998058676719666,0.02247101068496704
final,9,block4.W1,35,16,0.9811012148857117,0.9942318797111511,0.013130664825439453
final,9,block4.W1,36,16,0.9528582692146301,0.9586052298545837,0.005746960639953613
final,9,block4.W1,37,16,0.9647884964942932,0.9632326364517212,0.0015558600425720215
final,9,block4.W1,38,16,0.9210816025733948,0.9187178015708923,0.0023638010025024414
final,9,block4.W1,39,16,1.0282790660858154,1.0122383832931519,0.016040682792663574
final,9,block4.W1,40,16,0.9116713404655457,0.9173663258552551,0.005694985389709473
final,9,block4.W1,41,16,1.023685336112976,1.0083657503128052,0.015319585800170898
final,9,block4.W1,42,16,0.8898277282714844,0.8796738386154175,0.010153889656066895
final,9,block4.W1,43,16,0.8454830646514893,0.8393361568450928,0.006146907806396484
final,9,block4.W1,44,16,0.9077529311180115,0.9123671650886536,0.00461423397064209
final,9,block4.W1,45,16,0.8808925747871399,0.8766555190086365,0.004237055778503418
final,9,block4.W1,46,16,0.8852128982543945,0.8793841004371643,0.005828797817230225
final,9,block4.W1,47,16,1.00930655002594,1.0056142807006836,0.0036922693252563477
final,9,block4.W1,48,16,0.8979901075363159,0.9049574136734009,0.006967306137084961
final,9,block4.W1,49,16,0.9465764760971069,0.9625449776649475,0.015968501567840576
final,9,block4.W1,50,16,0.8704114556312561,0.874335527420044,0.003924071788787842
final,9,block4.W1,51,16,1.0607556104660034,1.0374348163604736,0.023320794105529785
final,9,block4.W1,52,16,0.863994836807251,0.8679508566856384,0.003956019878387451
final,9,block4.W1,53,16,0.8487332463264465,0.8497321009635925,0.000998854637145996
final,9,block4.W1,54,16,0.8087820410728455,0.8161522150039673,0.007370173931121826
final,9,block4.W1,55,16,0.9545875787734985,0.9648715257644653,0.010283946990966797
final,9,block4.W1,56,16,1.0402305126190186,1.0277117490768433,0.012518763542175293
final,9,block4.W1,57,16,1.082911729812622,1.0944085121154785,0.011496782302856445
final,9,block4.W1,58,16,0.8880012631416321,0.898533821105957,0.010532557964324951
final,9,block4.W1,59,16,0.9577464461326599,0.9764721393585205,0.018725693225860596
final,9,block4.W1,60,16,0.9966199398040771,0.9990385174751282,0.0024185776710510254
final,9,block4.W1,61,16,1.0231722593307495,1.0388747453689575,0.015702486038208008
final,9,block4.W1,62,16,0.8585164546966553,0.854270339012146,0.004246115684509277
final,9,block4.W1,63,16,0.8895060420036316,0.895045816898346,0.0055397748947143555
final,10,block4.W2,0,16,0.9286405444145203,0.9269942045211792,0.0016463398933410645
final,10,block4.W2,1,16,0.9779040813446045,0.984178364276886,0.006274282932281494
final,10,block4.W2,2,16,0.9597780108451843,0.9541538953781128,0.005624115467071533
final,10,block4.W2,3,16,0.9500176310539246,0.9375874996185303,0.012430131435394287
final,10,block4.W2,4,16,0.8098765015602112,0.8020563721656799,0.00782012939453125
final,10,block4.W2,5,16,0.9513712525367737,0.9479812979698181,0.0033899545669555664
final,10,block4.W2,6,16,0.9769906401634216,0.96023029088974,0.01676034927368164
final,10,block4.W2,7,16,0.9000641703605652,0.8940330147743225,0.006031155586242676
final,10,block4.W2,8,16,0.8331993818283081,0.8283936977386475,0.0048056840896606445
final,10,block4.W2,9,16,0.8743685483932495,0.8689893484115601,0.005379199981689453
final,10,block4.W2,10,16,0.8193081617355347,0.8251045942306519,0.0057964324951171875
final,10,block4.W2,11,16,0.9919435381889343,0.9753365516662598,0.01660698652267456
final,10,block4.W2,12,16,0.9783437848091125,0.9741042256355286,0.004239559173583984
final,10,block4.W2,13,16,1.022525668144226,1.0008118152618408,0.021713852882385254
final,10,block4.W2,14,16,0.8446677327156067,0.8457127213478088,0.0010449886322021484
final,10,block4.W2,15,16,0.9023539423942566,0.9050423502922058,0.0026884078979492188
final,10,block4.W2,16,16,0.8559432029724121,0.8708950877189636,0.014951884746551514
final,10,block4.W2,17,16,0.9491264224052429,0.9523546695709229,0.0032282471656799316
final,10,block4.W2,18,16,0.9781309366226196,0.9688125252723694,0.009318411350250244
final,10,block4.W2,19,16,0.9266763925552368,0.9144589900970459,0.012217402458190918
final,10,block4.W2,20,16,1.068552017211914,1.0655548572540283,0.002997159957885742
final,10,block4.W2,21,16,1.0910532474517822,1.0872740745544434,0.003779172897338867
final,10,block4.W2,22,16,0.9005164504051208,0.9115006327629089,0.010984182357788086
final,10,block4.W2,23,16,0.934744656085968,0.9204406142234802,0.014304041862487793
final,10,block4.W2,24,16,0.9719091057777405,0.9714704751968384,0.0004386305809020996
final,10,block4.W2,25,16,1.0456256866455078,1.0474450588226318,0.0018193721771240234
final,10,block4.W2,26,16,0.901495099067688,0.9242056012153625,0.02271050214767456
final,10,block4.W2,27,16,1.0212842226028442,1.0221744775772095,0.0008902549743652344
final,10,block4.W2,28,16,0.9752767086029053,0.9722394347190857,0.00303727388381958
final,10,block4.W2,29,16,0.9081091284751892,0.8978462219238281,0.010262906551361084
final,10,block4.W2,30,16,0.855324387550354,0.869594395160675,0.014270007610321045
final,10,block4.W2,31,16,0.8315990567207336,0.8350725769996643,0.003473520278930664
final,10,block4.W2,32,16,0.9187571406364441,0.9130607843399048,0.005696356296539307
final,10,block4.W2,33,16,0.9144570231437683,0.8978853821754456,0.016571640968322754
final,10,block4.W2,34,16,0.9859352111816406,0.989683985710144,0.003748774528503418
final,10,block4.W2,35,16,0.8582186698913574,0.8595106601715088,0.0012919902801513672
final,10,block4.W2,36,16,0.9700311422348022,0.9542317390441895,0.015799403190612793
final,10,block4.W2,37,16,0.8956258296966553,0.8889452219009399,0.006680607795715332
final,10,block4.W2,38,16,0.8774027824401855,0.8882905840873718,0.01088780164718628
final,10,block4.W2,39,16,0.9591209888458252,0.9510688185691833,0.008052170276641846
final,10,block4.W2,40,16,0.9294308423995972,0.9379308223724365,0.008499979972839355
final,10,block4.W2,41,16,1.006169319152832,0.9990407228469849,0.007128596305847168
final,10,block4.W2,42,16,0.9799652099609375,0.9767422080039978,0.0032230019569396973
final,10,block4.W2,43,16,0.8963198661804199,0.8901147842407227,0.006205081939697266
final,10,block4.W2,44,16,0.9780248403549194,0.9781836867332458,0.00015884637832641602
final,10,block4.W2,45,16,0.8724662661552429,0.878534197807312,0.006067931652069092
final,10,block4.W2,46,16,0.936470091342926,0.9086549282073975,0.027815163135528564
final,10,block4.W2,47,16,0.9956080913543701,1.0039950609207153,0.008386969566345215
final,10,block4.W2,48,16,0.9445028305053711,0.9336158633232117,0.010886967182159424
final,10,block4.W2,49,16,1.0018633604049683,0.973459005355835,0.0284043550491333
final,10,block4.W2,50,16,0.7748140096664429,0.7864052653312683,0.01159125566482544
final,10,block4.W2,51,16,0.8006976842880249,0.812161922454834,0.011464238166809082
final,10,block4.W2,52,16,0.8598774671554565,0.8609027862548828,0.0010253190994262695
final,10,block4.W2,53,16,1.0373389720916748,1.0617313385009766,0.024392366409301758
final,10,block4.W2,54,16,0.9267569184303284,0.9114000797271729,0.015356838703155518
final,10,block4.W2,55,16,0.9512422680854797,0.9456697702407837,0.005572497844696045
final,10,block4.W2,56,16,0.8121856451034546,0.8077958822250366,0.004389762878417969
final,10,block4.W2,57,16,0.9974849224090576,0.9769029021263123,0.02058202028274536
final,10,block4.W2,58,16,0.9877352118492126,0.9925097227096558,0.004774510860443115
final,10,block4.W2,59,16,0.955967128276825,0.947368323802948,0.008598804473876953
final,10,block4.W2,60,16,0.8776734471321106,0.8982501029968262,0.020576655864715576
final,10,block4.W2,61,16,0.8514540791511536,0.8554621338844299,0.004008054733276367
final,10,block4.W2,62,16,0.8524921536445618,0.8571641445159912,0.004671990871429443
final,10,block4.W2,63,16,1.0124369859695435,0.994672417640686,0.017764568328857422
final,11,block5.W1,0,16,0.9961487650871277,0.984495222568512,0.011653542518615723
final,11,block5.W1,1,16,0.9235396981239319,0.9291300773620605,0.005590379238128662
final,11,block5.W1,2,16,0.9395195245742798,0.968071460723877,0.028551936149597168
final,11,block5.W1,3,16,0.8687132000923157,0.8815996646881104,0.012886464595794678
final,11,block5.W1,4,16,0.9030191898345947,0.9092496037483215,0.006230413913726807
final,11,block5.W1,5,16,0.9154506921768188,0.9144582748413086,0.000992417335510254
final,11,block5.W1,6,16,0.944412887096405,0.9445042014122009,9.131431579589844e-05
final,11,block5.W1,7,16,0.9149131178855896,0.9205837249755859,0.005670607089996338
final,11,block5.W1,8,16,0.8200330138206482,0.8279246091842651,0.007891595363616943
final,11,block5.W1,9,16,1.022809386253357,0.997076153755188,0.025733232498168945
final,11,block5.W1,10,16,1.007188081741333,1.0017982721328735,0.005389809608459473
final,11,block5.W1,11,16,0.8690815567970276,0.8618412613868713,0.00724029541015625
final,11,block5.W1,12,16,0.9699557423591614,0.9854785203933716,0.015522778034210205
final,11,block5.W1,13,16,0.9739386439323425,0.979150116443634,0.005211472511291504
final,11,block5.W1,14,16,0.9181196689605713,0.9295451045036316,0.011425435543060303
final,11,block5.W1,15,16,0.9110415577888489,0.9112958312034607,0.0002542734146118164
final,11,block5.W1,16,16,0.9184581637382507,0.9164872765541077,0.0019708871841430664
final,11,block5.W1,17,16,0.9350224733352661,0.9495686888694763,0.014546215534210205
final,11,block5.W1,18,16,0.8415554761886597,0.8620805144309998,0.020525038242340088
final,11,block5.W1,19,16,0.9156473875045776,0.9311500191688538,0.015502631664276123
final,11,block5.W1,20,16,0.8575913906097412,0.8709385991096497,0.013347208499908447
final,11,block5.W1,21,16,0.8701021075248718,0.8663156032562256,0.0037865042686462402
final,11,block5.W1,22,16,0.8573684692382812,0.8308232426643372,0.026545226573944092
final,11,block5.W1,23,16,1.0133399963378906,1.006477952003479,0.006862044334411621
final,11,block5.W1,24,16,0.7579215168952942,0.7552909255027771,0.00263059139251709
final,11,block5.W1,25,16,0.9964852333068848,0.9807909727096558,0.015694260597229004
final,11,block5.W1,26,16,0.935347855091095,0.9241740107536316,0.011173844337463379
final,11,block5.W1,27,16,0.748741626739502,0.754779577255249,0.00603795051574707
final,11,block5.W1,28,16,0.8158844709396362,0.8150644302368164,0.0008200407028198242
final,11,block5.W1,29,16,0.917428195476532,0.9191423654556274,0.001714169979095459
final,11,block5.W1,30,16,0.8645002841949463,0.866397500038147,0.0018972158432006836
final,11,block5.W1,31,16,0.9580826163291931,0.9474351406097412,0.010647475719451904
final,11,block5.W1,32,16,0.9445703625679016,0.9415795207023621,0.0029908418655395508
final,11,block5.W1,33,16,0.9932653903961182,0.9936968088150024,0.00043141841888427734
final,11,block5.W1,34,16,0.9838059544563293,0.9917221069335938,0.007916152477264404
final,11,block5.W1,35,16,0.9403418898582458,0.9360140562057495,0.004327833652496338
final,11,block5.W1,36,16,0.8885248899459839,0.901049792766571,0.012524902820587158
final,11,block5.W1,37,16,0.916727602481842,0.9088639616966248,0.007863640785217285
final,11,block5.W1,38,16,1.119973063468933,1.1170626878738403,0.0029103755950927734
final,11,block5.W1,39,16,0.9999562501907349,1.006232738494873,0.006276488304138184
final,11,block5.W1,40,16,0.9749997854232788,0.9842286705970764,0.009228885173797607
final,11,block5.W1,41,16,0.8738066554069519,0.8782209753990173,0.00441431999206543
final,11,block5.W1,42,16,0.932328462600708,0.9352152943611145,0.002886831760406494
final,11,block5.W1,43,16,0.8637978434562683,0.8592740297317505,0.004523813724517822
final,11,block5.W1,44,16,0.9283909201622009,0.931769073009491,0.003378152847290039
final,11,block5.W1,45,16,0.9042460918426514,0.8999900817871094,0.004256010055541992
final,11,block5.W1,46,16,0.9130644202232361,0.8972539305686951,0.015810489654541016
final,11,block5.W1,47,16,0.8269486427307129,0.8460572361946106,0.019108593463897705
final,11,block5.W1,48,16,1.038060188293457,1.044474720954895,0.006414532661437988
final,11,block5.W1,49,16,0.790142834186554,0.80587238073349,0.015729546546936035
final,11,block5.W1,50,16,0.8593672513961792,0.8590478897094727,0.00031936168670654297
final,11,block5.W1,51,16,1.0415891408920288,1.0335817337036133,0.008007407188415527
final,11,block5.W1,52,16,0.8880619406700134,0.8895592093467712,0.0014972686767578125
final,11,block5.W1,53,16,0.9760259389877319,0.9777597188949585,0.0017337799072265625
final,11,block5.W1,54,16,0.9235488772392273,0.9151184558868408,0.008430421352386475
final,11,block5.W1,55,16,0.8816348314285278,0.8878920078277588,0.006257176399230957
final,11,block5.W1,56,16,0.8181908130645752,0.8182539343833923,6.312131881713867e-05
final,11,block5.W1,57,16,0.8479194641113281,0.8525710105895996,0.004651546478271484
final,11,block5.W1,58,16,0.8810240030288696,0.8668735027313232,0.014150500297546387
final,11,block5.W1,59,16,0.8623950481414795,0.8643702268600464,0.0019751787185668945
final,11,block5.W1,60,16,0.8573370575904846,0.8884953856468201,0.03115832805633545
final,11,block5.W1,61,16,1.0528031587600708,1.0399857759475708,0.0128173828125
final,11,block5.W1,62,16,0.9781263470649719,0.9691131114959717,0.009013235569000244
final,11,block5.W1,63,16,1.0045769214630127,0.9885950684547424,0.015981853008270264
final,12,block5.W2,0,16,1.066044807434082,1.0587369203567505,0.007307887077331543
final,12,block5.W2,1,16,1.064679741859436,1.051725149154663,0.01295459270477295
final,12,block5.W2,2,16,0.9074984192848206,0.8927870988845825,0.014711320400238037
final,12,block5.W2,3,16,0.9099936485290527,0.9099079966545105,8.565187454223633e-05
final,12,block5.W2,4,16,0.8963355422019958,0.9019085168838501,0.005572974681854248
final,12,block5.W2,5,16,0.9477770328521729,0.9433618187904358,0.0044152140617370605
final,12,block5.W2,6,16,0.9341257810592651,0.9257904291152954,0.008335351943969727
final,12,block5.W2,7,16,0.8930570483207703,0.8765881061553955,0.016468942165374756
final,12,block5.W2,8,16,0.8669353723526001,0.8619982600212097,0.004937112331390381
final,12,block5.W2,9,16,1.0713155269622803,1.0683562755584717,0.0029592514038085938
final,12,block5.W2,10,16,0.9283193945884705,0.9312674403190613,0.0029480457305908203
final,12,block5.W2,11,16,0.9187161922454834,0.9291383028030396,0.010422110557556152
final,12,block5.W2,12,16,0.9687461853027344,0.9719570875167847,0.003210902214050293
final,12,block5.W2,13,16,1.0331158638000488,1.0262407064437866,0.006875157356262207
final,12,block5.W2,14,16,1.0663474798202515,1.080795168876648,0.014447689056396484
final,12,block5.W2,15,16,0.9709835648536682,0.9482218623161316,0.02276170253753662
final,12,block5.W2,16,16,0.9480207562446594,0.9518811106681824,0.0038603544235229492
final,12,block5.W2,17,16,1.0954033136367798,1.0797122716903687,0.015691041946411133
final,12,block5.W2,18,16,0.9639559984207153,0.952426016330719,0.011529982089996338
final,12,block5.W2,19,16,0.9508474469184875,0.9641233682632446,0.01327592134475708
final,12,block5.W2,20,16,1.000522255897522,1.017764925956726,0.0172426700592041
final,12,block5.W2,21,16,0.9380197525024414,0.9444454908370972,0.006425738334655762
final,12,block5.W2,22,16,0.9274295568466187,0.9220348000526428,0.00539475679397583
final,12,block5.W2,23,16,0.9572866559028625,0.9621580839157104,0.0048714280128479
final,12,block5.W2,24,16,0.8771941065788269,0.8596729040145874,0.017521202564239502
final,12,block5.W2,25,16,0.8556519150733948,0.8533729910850525,0.002278923988342285
final,12,block5.W2,26,16,0.8754719495773315,0.8839529752731323,0.008481025695800781
final,12,block5.W2,27,16,0.9556136727333069,0.9510489106178284,0.004564762115478516
final,12,block5.W2,28,16,0.9355866312980652,0.9274188876152039,0.008167743682861328
final,12,block5.W2,29,16,0.9062379598617554,0.8987870216369629,0.0074509382247924805
final,12,block5.W2,30,16,1.0073566436767578,1.018288254737854,0.010931611061096191
final,12,block5.W2,31,16,0.8799251317977905,0.8869847059249878,0.007059574127197266
final,12,block5.W2,32,16,0.8619279265403748,0.8653044700622559,0.0033765435218811035
final,12,block5.W2,33,16,0.8734278678894043,0.8579621315002441,0.015465736389160156
final,12,block5.W2,34,16,0.9347615838050842,0.9278372526168823,0.006924331188201904
final,12,block5.W2,35,16,0.9460299611091614,0.9424139261245728,0.003616034984588623
final,12,block5.W2,36,16,1.0279074907302856,1.010911226272583,0.016996264457702637
final,12,block5.W2,37,16,1.0266693830490112,1.005661129951477,0.02100825309753418
final,12,block5.W2,38,16,0.9987901449203491,1.0005477666854858,0.0017576217651367188
final,12,block5.W2,39,16,0.867825984954834,0.8521462082862854,0.015679776668548584
final,12,block5.W2,40,16,0.9881977438926697,0.9969682097434998,0.008770465850830078
final,12,block5.W2,41,16,1.0905742645263672,1.0801315307617188,0.010442733764648438
final,12,block5.W2,42,16,0.9528139233589172,0.9466071128845215,0.006206810474395752
final,12,block5.W2,43,16,0.9767313599586487,0.9547650218009949,0.02196633815765381
final,12,block5.W2,44,16,0.9620522260665894,0.9479199647903442,0.014132261276245117
final,12,block5.W2,45,16,0.8200837969779968,0.8207626938819885,0.0006788969039916992
final,12,block5.W2,46,16,0.8269001245498657,0.8270004391670227,0.00010031461715698242
final,12,block5.W2,47,16,0.8475404381752014,0.8501065969467163,0.0025661587715148926
final,12,block5.W2,48,16,0.9414989948272705,0.9415020942687988,3.0994415283203125e-06
final,12,block5.W2,49,16,0.9677231311798096,0.963085949420929,0.004637181758880615
final,12,block5.W2,50,16,0.9349520206451416,0.9196133613586426,0.015338659286499023
final,12,block5.W2,51,16,0.984355092048645,0.977118194103241,0.007236897945404053
final,12,block5.W2,52,16,0.9338330030441284,0.9392883777618408,0.005455374717712402
final,12,block5.W2,53,16,0.9444246292114258,0.9494345784187317,0.005009949207305908
final,12,block5.W2,54,16,0.9723200798034668,0.9690810441970825,0.0032390356063842773
final,12,block5.W2,55,16,1.0387424230575562,1.0403409004211426,0.0015984773635864258
final,12,block5.W2,56,16,0.8022111654281616,0.8095945119857788,0.0073833465576171875
final,12,block5.W2,57,16,0.9346556067466736,0.9297184944152832,0.004937112331390381
final,12,block5.W2,58,16,1.0016275644302368,0.9981278777122498,0.0034996867179870605
final,12,block5.W2,59,16,0.9294877052307129,0.9503830075263977,0.020895302295684814
final,12,block5.W2,60,16,0.9330752491950989,0.9383568167686462,0.005281567573547363
final,12,block5.W2,61,16,0.9176383018493652,0.93025141954422,0.012613117694854736
final,12,block5.W2,62,16,0.9793661236763,0.9821226000785828,0.002756476402282715
final,12,block5.W2,63,16,0.8761698007583618,0.8768739700317383,0.0007041692733764648
final,13,block6.W1,0,16,0.9710730314254761,0.9836413264274597,0.012568295001983643
final,13,block6.W1,1,16,1.0131676197052002,1.012242317199707,0.0009253025054931641
final,13,block6.W1,2,16,0.7944813966751099,0.7985525131225586,0.0040711164474487305
final,13,block6.W1,3,16,0.9175761938095093,0.9172466397285461,0.00032955408096313477
final,13,block6.W1,4,16,0.985103189945221,0.9671832323074341,0.017919957637786865
final,13,block6.W1,5,16,0.9880441427230835,0.9946345686912537,0.006590425968170166
final,13,block6.W1,6,16,0.9357075691223145,0.9353457689285278,0.0003618001937866211
final,13,block6.W1,7,16,0.9594224095344543,0.9669580459594727,0.0075356364250183105
final,13,block6.W1,8,16,1.0178354978561401,1.024975299835205,0.007139801979064941
final,13,block6.W1,9,16,0.8868600130081177,0.8887672424316406,0.0019072294235229492
final,13,block6.W1,10,16,0.9452320337295532,0.9576635956764221,0.012431561946868896
final,13,block6.W1,11,16,0.8737097978591919,0.8732708096504211,0.00043898820877075195
final,13,block6.W1,12,16,0.9907476902008057,0.9894161224365234,0.0013315677642822266
final,13,block6.W1,13,16,0.9080797433853149,0.9101332426071167,0.002053499221801758
final,13,block6.W1,14,16,0.8058137893676758,0.8085694313049316,0.0027556419372558594
final,13,block6.W1,15,16,0.9230954051017761,0.930107831954956,0.007012426853179932
final,13,block6.W1,16,16,0.9897849559783936,1.001636266708374,0.011851310729980469
final,13,block6.W1,17,16,1.0251635313034058,1.0064300298690796,0.018733501434326172
final,13,block6.W1,18,16,0.9158983826637268,0.8966085910797119,0.019289791584014893
final,13,block6.W1,19,16,0.9076953530311584,0.91291344165802,0.005218088626861572
final,13,block6.W1,20,16,0.9265679717063904,0.9371292591094971,0.01056128740310669
final,13,block6.W1,21,16,0.8912111520767212,0.8798322081565857,0.011378943920135498
final,13,block6.W1,22,16,0.9673676490783691,0.9733586311340332,0.0059909820556640625
final,13,block6.W1,23,16,0.8855888843536377,0.8945320844650269,0.00894320011138916
final,13,block6.W1,24,16,0.9651927947998047,0.9655320048332214,0.00033921003341674805
final,13,block6.W1,25,16,1.051477313041687,1.0344371795654297,0.017040133476257324
final,13,block6.W1,26,16,0.8661807179450989,0.8708641529083252,0.004683434963226318
final,13,block6.W1,27,16,0.9135476350784302,0.9129672050476074,0.0005804300308227539
final,13,block6.W1,28,16,0.9917082786560059,0.9904415011405945,0.001266777515411377
final,13,block6.W1,29,16,0.8739376068115234,0.8822200894355774,0.008282482624053955
final,13,block6.W1,30,16,0.8910243511199951,0.8888078331947327,0.002216517925262451
final,13,block6.W1,31,16,0.9466351866722107,0.9335173964500427,0.013117790222167969
final,13,block6.W1,32,16,0.8827321529388428,0.894657552242279,0.01192539930343628
final,13,block6.W1,33,16,0.987173855304718,0.9990841150283813,0.01191025972366333
final,13,block6.W1,34,16,0.9245558977127075,0.9113914966583252,0.013164401054382324
final,13,block6.W1,35,16,0.8253734111785889,0.8307153582572937,0.005341947078704834
final,13,block6.W1,36,16,0.932969868183136,0.9308258295059204,0.002144038677215576
final,13,block6.W1,37,16,0.7958739399909973,0.7967652082443237,0.000891268253326416
final,13,block6.W1,38,16,1.0433334112167358,1.0272107124328613,0.01612269878387451
final,13,block6.W1,39,16,0.9507520198822021,0.945659339427948,0.00509268045425415
final,13,block6.W1,40,16,0.9507901072502136,0.9541469216346741,0.0033568143844604492
final,13,block6.W1,41,16,0.8959312438964844,0.8859726190567017,0.009958624839782715
final,13,block6.W1,42,16,0.9074853658676147,0.8915594816207886,0.015925884246826172
final,13,block6.W1,43,16,0.8285366892814636,0.8329581022262573,0.004421412944793701
final,13,block6.W1,44,16,0.9354133009910583,0.9361153841018677,0.0007020831108093262
final,13,block6.W1,45,16,0.9232126474380493,0.9271948933601379,0.003982245922088623
final,13,block6.W1,46,16,0.8858919143676758,0.8801040053367615,0.005787909030914307
final,13,block6.W1,47,16,0.9599294066429138,0.9685916900634766,0.008662283420562744
final,13,block6.W1,48,16,0.9782073497772217,0.9823880791664124,0.004180729389190674
final,13,block6.W1,49,16,1.0487369298934937,1.0404045581817627,0.008332371711730957
final,13,block6.W1,50,16,0.8286744356155396,0.8345149159431458,0.005840480327606201
final,13,block6.W1,51,16,0.9399959444999695,0.9354568719863892,0.004539072513580322
final,13,block6.W1,52,16,1.0388578176498413,1.0369731187820435,0.0018846988677978516
final,13,block6.W1,53,16,0.9242982268333435,0.9241650700569153,0.00013315677642822266
final,13,block6.W1,54,16,1.0093562602996826,1.0176491737365723,0.008292913436889648
final,13,block6.W1,55,16,0.9591495394706726,0.9537973999977112,0.005352139472961426
final,13,block6.W1,56,16,0.9021228551864624,0.8865146636962891,0.01560819149017334
final,13,block6.W1,57,16,0.9887166023254395,1.013330101966858,0.024613499641418457
final,13,block6.W1,58,16,0.8916362524032593,0.8841566443443298,0.007479608058929443
final,13,block6.W1,59,16,0.8905531764030457,0.9026575088500977,0.012104332447052002
final,13,block6.W1,60,16,0.8897371888160706,0.8928738236427307,0.0031366348266601562
final,13,block6.W1,61,16,0.9173327684402466,0.914004385471344,0.003328382968902588
final,13,block6.W1,62,16,1.005456805229187,1.0006699562072754,0.004786849021911621
final,13,block6.W1,63,16,0.928989827632904,0.9280409216880798,0.0009489059448242188
final,14,block6.W2,0,16,0.9378700256347656,0.9320880174636841,0.005782008171081543
final,14,block6.W2,1,16,1.0175241231918335,1.0221863985061646,0.004662275314331055
final,14,block6.W2,2,16,0.964813768863678,0.959053635597229,0.005760133266448975
final,14,block6.W2,3,16,1.0291435718536377,1.0294023752212524,0.0002588033676147461
final,14,block6.W2,4,16,0.9784042835235596,0.9825989603996277,0.004194676876068115
final,14,block6.W2,5,16,0.8363932371139526,0.8394407629966736,0.0030475258827209473
final,14,block6.W2,6,16,0.9361442923545837,0.9258244633674622,0.010319828987121582
final,14,block6.W2,7,16,0.7973867654800415,0.7947266697883606,0.002660095691680908
final,14,block6.W2,8,16,0.877007782459259,0.8868471384048462,0.009839355945587158
final,14,block6.W2,9,16,0.8891734480857849,0.8857492208480835,0.003424227237701416
final,14,block6.W2,10,16,1.0216783285140991,1.016917109489441,0.004761219024658203
final,14,block6.W2,11,16,0.9126563668251038,0.9116048812866211,0.001051485538482666
final,14,block6.W2,12,16,0.9147743582725525,0.9129807353019714,0.0017936229705810547
final,14,block6.W2,13,16,0.9727080464363098,0.9752757549285889,0.0025677084922790527
final,14,block6.W2,14,16,0.8768477439880371,0.8833120465278625,0.0064643025398254395
final,14,block6.W2,15,16,0.8552542924880981,0.8656411170959473,0.010386824607849121
final,14,block6.W2,16,16,1.0107585191726685,1.0108219385147095,6.341934204101562e-05
final,14,block6.W2,17,16,0.95827716588974,0.9641030430793762,0.0058258771896362305
final,14,block6.W2,18,16,1.0634326934814453,1.0550040006637573,0.008428692817687988
final,14,block6.W2,19,16,0.9311915040016174,0.9290932416915894,0.002098262310028076
final,14,block6.W2,20,16,0.8986749053001404,0.9131790995597839,0.014504194259643555
final,14,block6.W2,21,16,0.9614143967628479,0.9568166732788086,0.004597723484039307
final,14,block6.W2,22,16,0.9726599454879761,0.9820979833602905,0.009438037872314453
final,14,block6.W2,23,16,0.9151878952980042,0.9165906310081482,0.001402735710144043
final,14,block6.W2,24,16,1.1229504346847534,1.1247658729553223,0.0018154382705688477
final,14,block6.W2,25,16,0.8710132241249084,0.8697407245635986,0.0012724995613098145
final,14,block6.W2,26,16,0.8557436466217041,0.8556459546089172,9.769201278686523e-05
final,14,block6.W2,27,16,1.0316781997680664,1.0300358533859253,0.0016423463821411133
final,14,block6.W2,28,16,0.9254937171936035,0.9307810664176941,0.005287349224090576
final,14,block6.W2,29,16,0.9239650368690491,0.939730167388916,0.015765130519866943
final,14,block6.W2,30,16,0.951610803604126,0.9499090313911438,0.0017017722129821777
final,14,block6.W2,31,16,0.9392528533935547,0.9400035738945007,0.0007507205009460449
final,14,block6.W2,32,16,0.8320596218109131,0.827799379825592,0.004260241985321045
final,14,block6.W2,33,16,0.9657479524612427,0.9758334755897522,0.010085523128509521
final,14,block6.W2,34,16,0.9605738520622253,0.9611173272132874,0.0005434751510620117
final,14,block6.W2,35,16,0.9534167647361755,0.9703846573829651,0.01696789264678955
final,14,block6.W2,36,16,0.953161358833313,0.955694854259491,0.0025334954261779785
final,14,block6.W2,37,16,0.9998634457588196,0.9952107071876526,0.004652738571166992
final,14,block6.W2,38,16,0.9399482011795044,0.9409101009368896,0.0009618997573852539
final,14,block6.W2,39,16,1.0711854696273804,1.0745011568069458,0.0033156871795654297
final,14,block6.W2,40,16,0.904448926448822,0.9077090620994568,0.0032601356506347656
final,14,block6.W2,41,16,0.9550861716270447,0.9630958437919617,0.008009672164916992
final,14,block6.W2,42,16,0.9284747242927551,0.9167409539222717,0.011733770370483398
final,14,block6.W2,43,16,0.9367480278015137,0.9423561692237854,0.0056081414222717285
final,14,block6.W2,44,16,0.9752026200294495,0.9763175845146179,0.001114964485168457
final,14,block6.W2,45,16,1.0419621467590332,1.036719560623169,0.005242586135864258
final,14,block6.W2,46,16,0.9007836580276489,0.8962385058403015,0.004545152187347412
final,14,block6.W2,47,16,0.7794132232666016,0.7738370895385742,0.005576133728027344
final,14,block6.W2,48,16,0.917182981967926,0.9079486131668091,0.009234368801116943
final,14,block6.W2,49,16,0.849474310874939,0.8541592955589294,0.0046849846839904785
final,14,block6.W2,50,16,0.9192737340927124,0.915889322757721,0.003384411334991455
final,14,block6.W2,51,16,0.9433462023735046,0.9502570033073425,0.006910800933837891
final,14,block6.W2,52,16,1.0150120258331299,0.9978399276733398,0.01717209815979004
final,14,block6.W2,53,16,1.0031423568725586,0.9947316646575928,0.00841069221496582
final,14,block6.W2,54,16,0.9231830835342407,0.9127252101898193,0.010457873344421387
final,14,block6.W2,55,16,1.0076403617858887,1.0008949041366577,0.006745457649230957
final,14,block6.W2,56,16,0.9184863567352295,0.9082260727882385,0.010260283946990967
final,14,block6.W2,57,16,0.9782595038414001,0.9817385077476501,0.00347900390625
final,14,block6.W2,58,16,1.1243524551391602,1.1259114742279053,0.0015590190887451172
final,14,block6.W2,59,16,1.061828374862671,1.0506912469863892,0.011137127876281738
final,14,block6.W2,60,16,0.9221348166465759,0.9138771295547485,0.008257687091827393
final,14,block6.W2,61,16,0.9618197083473206,0.9699046611785889,0.00808495283126831
final,14,block6.W2,62,16,0.8835242986679077,0.8854440450668335,0.0019197463989257812
final,14,block6.W2,63,16,1.0414100885391235,1.0391440391540527,0.0022660493850708008
final,15,block7.W1,0,16,1.0041673183441162,1.012450933456421,0.008283615112304688
final,15,block7.W1,1,16,0.8002628087997437,0.7927556037902832,0.007507205009460449
final,15,block7.W1,2,16,1.012324333190918,1.0098974704742432,0.0024268627166748047
final,15,block7.W1,3,16,0.9840928316116333,0.9758293032646179,0.00826352834701538
final,15,block7.W1,4,16,0.850750207901001,0.8510921597480774,0.000341951847076416
final,15,block7.W1,5,16,0.896285355091095,0.9033070206642151,0.007021665573120117
final,15,block7.W1,6,16,0.9462016224861145,0.9563218355178833,0.010120213031768799
final,15,block7.W1,7,16,0.9563573002815247,0.9608216285705566,0.004464328289031982
final,15,block7.W1,8,16,1.0410587787628174,1.052323579788208,0.011264801025390625
final,15,block7.W1,9,16,0.8799484372138977,0.8737594485282898,0.00618898868560791
final,15,block7.W1,10,16,0.8867965340614319,0.8822518587112427,0.004544675350189209
final,15,block7.W1,11,16,0.8688055276870728,0.8739840388298035,0.005178511142730713
final,15,block7.W1,12,16,0.9495542049407959,0.945843517780304,0.0037106871604919434
final,15,block7.W1,13,16,0.8679274320602417,0.8645687699317932,0.0033586621284484863
final,15,block7.W1,14,16,0.7595431804656982,0.7626228332519531,0.003079652786254883
final,15,block7.W1,15,16,0.8730835318565369,0.8632863163948059,0.009797215461730957
final,15,block7.W1,16,16,0.9728769659996033,0.9764857888221741,0.0036088228225708008
final,15,block7.W1,17,16,0.8334657549858093,0.828643798828125,0.004821956157684326
final,15,block7.W1,18,16,0.9477910995483398,0.946066677570343,0.0017244219779968262
final,15,block7.W1,19,16,0.8895524144172668,0.8897770047187805,0.00022459030151367188
final,15,block7.W1,20,16,1.0402450561523438,1.042358160018921,0.0021131038665771484
final,15,block7.W1,21,16,0.8891392350196838,0.8890555500984192,8.368492126464844e-05
final,15,block7.W1,22,16,0.8706592321395874,0.8762262463569641,0.005567014217376709
final,15,block7.W1,23,16,0.9474533200263977,0.9388052821159363,0.008648037910461426
final,15,block7.W1,24,16,0.9112523794174194,0.8980292081832886,0.01322317123413086
final,15,block7.W1,25,16,0.991462767124176,0.9901909828186035,0.0012717843055725098
final,15,block7.W1,26,16,0.7994646430015564,0.7935231328010559,0.005941510200500488
final,15,block7.W1,27,16,0.950589656829834,0.9348543286323547,0.015735328197479248
final,15,block7.W1,28,16,1.0106263160705566,0.999407947063446,0.011218369007110596
final,15,block7.W1,29,16,0.8739038109779358,0.8728389143943787,0.001064896583557129
final,15,block7.W1,30,16,1.027113914489746,1.0268375873565674,0.00027632713317871094
final,15,block7.W1,31,16,0.9587346911430359,0.9528490304946899,0.005885660648345947
final,15,block7.W1,32,16,1.0048989057540894,0.9990841746330261,0.005814731121063232
final,15,block7.W1,33,16,0.8991665840148926,0.9018134474754333,0.0026468634605407715
final,15,block7.W1,34,16,0.9522332549095154,0.9537827968597412,0.00154954195022583
final,15,block7.W1,35,16,0.8749408721923828,0.8691324591636658,0.005808413028717041
final,15,block7.W1,36,16,0.9694919586181641,0.9608416557312012,0.00865030288696289
final,15,block7.W1,37,16,0.9537885785102844,0.9509876370429993,0.0028009414672851562
final,15,block7.W1,38,16,1.0289496183395386,1.0291029214859009,0.0001533031463623047
final,15,block7.W1,39,16,0.8630632758140564,0.8472189903259277,0.015844285488128662
final,15,block7.W1,40,16,1.0452591180801392,1.053142786026001,0.007883667945861816
final,15,block7.W1,41,16,0.9098625183105469,0.908218264579773,0.0016442537307739258
final,15,block7.W1,42,16,0.9399721026420593,0.9347174763679504,0.005254626274108887
final,15,block7.W1,43,16,0.9916728138923645,0.9983771443367004,0.0067043304443359375
final,15,block7.W1,44,16,0.9501340985298157,0.9496742486953735,0.00045984983444213867
final,15,block7.W1,45,16,0.9060506820678711,0.9098416566848755,0.0037909746170043945
final,15,block7.W1,46,16,0.9866939187049866,0.9845078587532043,0.0021860599517822266
final,15,block7.W1,47,16,0.8758841156959534,0.8735970258712769,0.0022870898246765137
final,15,block7.W1,48,16,0.8869220614433289,0.879709780216217,0.007212281227111816
final,15,block7.W1,49,16,0.8237703442573547,0.8314785361289978,0.007708191871643066
final,15,block7.W1,50,16,0.9454256296157837,0.9445044994354248,0.0009211301803588867
final,15,block7.W1,51,16,0.8795655965805054,0.8739126324653625,0.005652964115142822
final,15,block7.W1,52,16,0.9585718512535095,0.957281768321991,0.0012900829315185547
final,15,block7.W1,53,16,0.9550302624702454,0.9450405836105347,0.009989678859710693
final,15,block7.W1,54,16,1.0179466009140015,1.0248847007751465,0.0069380998611450195
final,15,block7.W1,55,16,0.9142284393310547,0.9105893969535828,0.003639042377471924
final,15,block7.W1,56,16,1.0265295505523682,1.0193132162094116,0.007216334342956543
final,15,block7.W1,57,16,0.9309588670730591,0.921819806098938,0.009139060974121094
final,15,block7.W1,58,16,0.8018627166748047,0.8089576959609985,0.007094979286193848
final,15,block7.W1,59,16,0.8839098811149597,0.8796858787536621,0.004224002361297607
final,15,block7.W1,60,16,0.8241955637931824,0.8259813189506531,0.0017857551574707031
final,15,block7.W1,61,16,1.0598738193511963,1.049272060394287,0.01060175895690918
final,15,block7.W1,62,16,0.9641234278678894,0.963725209236145,0.00039821863174438477
final,15,block7.W1,63,16,1.0689946413040161,1.0735975503921509,0.004602909088134766
final,16,block7.W2,0,16,0.9752438068389893,0.979328453540802,0.004084646701812744
final,16,block7.W2,1,16,0.9700656533241272,0.9666742086410522,0.003391444683074951
final,16,block7.W2,2,16,0.8800188302993774,0.880188524723053,0.0001696944236755371
final,16,block7.W2,3,16,0.9005404710769653,0.900646448135376,0.00010597705841064453
final,16,block7.W2,4,16,0.9972613453865051,0.9909840822219849,0.006277263164520264
final,16,block7.W2,5,16,0.902732789516449,0.9002343416213989,0.002498447895050049
final,16,block7.W2,6,16,0.8873579502105713,0.8904502987861633,0.003092348575592041
final,16,block7.W2,7,16,1.034027338027954,1.0365498065948486,0.0025224685668945312
final,16,block7.W2,8,16,0.9678182601928711,0.9665557742118835,0.0012624859809875488
final,16,block7.W2,9,16,1.0870378017425537,1.0855621099472046,0.001475691795349121
final,16,block7.W2,10,16,0.9033464789390564,0.9028009176254272,0.0005455613136291504
final,16,block7.W2,11,16,1.0724563598632812,1.0758641958236694,0.0034078359603881836
final,16,block7.W2,12,16,1.0077041387557983,1.0087913274765015,0.001087188720703125
final,16,block7.W2,13,16,0.9963377714157104,1.0035301446914673,0.007192373275756836
final,16,block7.W2,14,16,0.9717413783073425,0.976150631904602,0.0044092535972595215
final,16,block7.W2,15,16,0.8797266483306885,0.8773830533027649,0.002343595027923584
final,16,block7.W2,16,16,0.9421970248222351,0.9403784275054932,0.0018185973167419434
final,16,block7.W2,17,16,1.0089777708053589,1.009210467338562,0.000232696533203125
final,16,block7.W2,18,16,0.9354761242866516,0.9323583245277405,0.003117799758911133
final,16,block7.W2,19,16,0.8773737549781799,0.878607451915741,0.0012336969375610352
final,16,block7.W2,20,16,0.8554819822311401,0.8510664105415344,0.004415571689605713
final,16,block7.W2,21,16,0.8948488235473633,0.8970099091529846,0.002161085605621338
final,16,block7.W2,22,16,0.8981708884239197,0.8956097364425659,0.0025611519813537598
final,16,block7.W2,23,16,0.8730075359344482,0.8715922832489014,0.001415252685546875
final,16,block7.W2,24,16,0.8920220732688904,0.8921251893043518,0.00010311603546142578
final,16,block7.W2,25,16,0.8403812646865845,0.8381561636924744,0.0022251009941101074
final,16,block7.W2,26,16,0.916276216506958,0.9138286709785461,0.0024475455284118652
final,16,block7.W2,27,16,0.8446159362792969,0.8450444936752319,0.0004285573959350586
final,16,block7.W2,28,16,0.8194559812545776,0.8210440874099731,0.0015881061553955078
final,16,block7.W2,29,16,0.9805116057395935,0.9777995347976685,0.002712070941925049
final,16,block7.W2,30,16,1.020202875137329,1.0182307958602905,0.0019720792770385742
final,16,block7.W2,31,16,0.8841395378112793,0.8844401836395264,0.0003006458282470703
final,16,block7.W2,32,16,1.086704134941101,1.0873208045959473,0.0006166696548461914
final,16,block7.W2,33,16,1.0148365497589111,1.0119507312774658,0.0028858184814453125
final,16,block7.W2,34,16,0.8159206509590149,0.8134108185768127,0.0025098323822021484
final,16,block7.W2,35,16,0.8719161748886108,0.8730058073997498,0.001089632511138916
final,16,block7.W2,36,16,0.9323979616165161,0.9304642081260681,0.001933753490447998
final,16,block7.W2,37,16,1.058641791343689,1.060456395149231,0.0018146038055419922
final,16,block7.W2,38,16,0.8659347891807556,0.8581932187080383,0.007741570472717285
final,16,block7.W2,39,16,0.9424187541007996,0.9413307309150696,0.0010880231857299805
final,16,block7.W2,40,16,0.9347035884857178,0.9369649887084961,0.0022614002227783203
final,16,block7.W2,41,16,0.9745470285415649,0.9758309721946716,0.0012839436531066895
final,16,block7.W2,42,16,0.9159623980522156,0.918422520160675,0.0024601221084594727
final,16,block7.W2,43,16,0.913218080997467,0.9134232401847839,0.00020515918731689453
final,16,block7.W2,44,16,0.9465001821517944,0.9452317953109741,0.0012683868408203125
final,16,block7.W2,45,16,0.9196434617042542,0.9249253273010254,0.00528186559677124
final,16,block7.W2,46,16,0.8829623460769653,0.8840125799179077,0.0010502338409423828
final,16,block7.W2,47,16,0.8833931088447571,0.8889080882072449,0.005514979362487793
final,16,block7.W2,48,16,0.8754962086677551,0.8783261179924011,0.002829909324645996
final,16,block7.W2,49,16,0.9140729308128357,0.911874532699585,0.0021983981132507324
final,16,block7.W2,50,16,0.9538419842720032,0.958587110042572,0.004745125770568848
final,16,block7.W2,51,16,0.9833241105079651,0.980194628238678,0.0031294822692871094
final,16,block7.W2,52,16,1.0468299388885498,1.0483500957489014,0.0015201568603515625
final,16,block7.W2,53,16,0.8908596634864807,0.8931567072868347,0.002297043800354004
final,16,block7.W2,54,16,0.9372777938842773,0.938933253288269,0.0016554594039916992
final,16,block7.W2,55,16,0.833767831325531,0.834960401058197,0.0011925697326660156
final,16,block7.W2,56,16,0.8815237879753113,0.8857572078704834,0.004233419895172119
final,16,block7.W2,57,16,0.8762767314910889,0.874433696269989,0.0018430352210998535
final,16,block7.W2,58,16,1.0404343605041504,1.0455729961395264,0.0051386356353759766
final,16,block7.W2,59,16,1.029802918434143,1.0299365520477295,0.00013363361358642578
final,16,block7.W2,60,16,0.9171853065490723,0.9120169281959534,0.0051683783531188965
final,16,block7.W2,61,16,1.0555615425109863,1.0623769760131836,0.006815433502197266
final,16,block7.W2,62,16,0.9671475291252136,0.9654883146286011,0.0016592144966125488
final,16,block7.W2,63,16,0.8866622447967529,0.8907791376113892,0.0041168928146362305
final,17,W_out,0,16,0.9918281435966492,0.9909099340438843,0.0009182095527648926
final,17,W_out,1,16,0.9699352979660034,0.956186056137085,0.013749241828918457
final,17,W_out,2,16,0.8177318572998047,0.8308475017547607,0.013115644454956055
final,17,W_out,3,16,0.8256396055221558,0.8297009468078613,0.004061341285705566
final,17,W_out,4,16,0.9595595598220825,0.950735867023468,0.008823692798614502
final,17,W_out,5,16,0.9165098071098328,0.9128053188323975,0.0037044882774353027
final,17,W_out,6,16,0.838046133518219,0.8717877864837646,0.033741652965545654
final,17,W_out,7,16,0.9742468595504761,0.971856415271759,0.002390444278717041
final,17,W_out,8,16,0.9473835229873657,0.9259024858474731,0.021481037139892578
final,17,W_out,9,16,0.9733023047447205,0.9719676971435547,0.0013346076011657715
final,17,W_out,10,16,0.937060534954071,0.9450218081474304,0.007961273193359375
final,17,W_out,11,16,1.0526654720306396,1.0436339378356934,0.009031534194946289
final,17,W_out,12,16,0.8624888062477112,0.8416118025779724,0.02087700366973877
final,17,W_out,13,16,1.075930118560791,1.089110255241394,0.013180136680603027
final,17,W_out,14,16,0.9130902886390686,0.928187370300293,0.015097081661224365
final,17,W_out,15,16,1.00069260597229,1.0336356163024902,0.032943010330200195
final,17,W_out,16,16,0.8258906006813049,0.8457526564598083,0.019862055778503418
final,17,W_out,17,16,0.8789098262786865,0.8711243867874146,0.007785439491271973
final,17,W_out,18,16,0.8657258749008179,0.8604770302772522,0.005248844623565674
final,17,W_out,19,16,0.8326113820075989,0.8346818685531616,0.002070486545562744
final,17,W_out,20,16,0.9227409362792969,0.9202663898468018,0.002474546432495117
final,17,W_out,21,16,0.9667870402336121,0.9681057333946228,0.0013186931610107422
final,17,W_out,22,16,0.9838126301765442,0.967178225517273,0.01663440465927124
final,17,W_out,23,16,0.8745971918106079,0.8722375631332397,0.002359628677368164
final,17,W_out,24,16,0.8426423072814941,0.8593397736549377,0.016697466373443604
final,17,W_out,25,16,0.9369189143180847,0.9311255812644958,0.005793333053588867
final,17,W_out,26,16,0.9602147936820984,0.965855062007904,0.005640268325805664
final,17,W_out,27,16,0.991061806678772,0.9638261795043945,0.02723562717437744
final,17,W_out,28,16,1.0046143531799316,0.9875679016113281,0.017046451568603516
final,17,W_out,29,16,0.9364429712295532,0.9118975400924683,0.02454543113708496
final,17,W_out,30,16,0.7862675189971924,0.7920005917549133,0.005733072757720947
final,17,W_out,31,16,0.8374341130256653,0.8205645680427551,0.016869544982910156
final,17,W_out,32,16,0.9102484583854675,0.8986716270446777,0.011576831340789795
final,17,W_out,33,16,0.9354204535484314,0.9313930869102478,0.004027366638183594
final,17,W_out,34,16,1.0283336639404297,1.0307090282440186,0.002375364303588867
final,17,W_out,35,16,0.8576293587684631,0.8953170776367188,0.037687718868255615
final,17,W_out,36,16,1.0063029527664185,1.0003525018692017,0.005950450897216797
final,17,W_out,37,16,0.9210876822471619,0.9162358045578003,0.004851877689361572
final,17,W_out,38,16,0.9368367195129395,0.952317476272583,0.015480756759643555
final,17,W_out,39,16,0.8778131008148193,0.8860442638397217,0.008231163024902344
final,17,W_out,40,16,0.9068199396133423,0.9140067100524902,0.007186770439147949
final,17,W_out,41,16,0.9534942507743835,0.9631356596946716,0.009641408920288086
final,17,W_out,42,16,0.9090639352798462,0.9035559296607971,0.005508005619049072
final,17,W_out,43,16,0.8303623199462891,0.8254140615463257,0.004948258399963379
final,17,W_out,44,16,0.9236684441566467,0.9292688369750977,0.005600392818450928
final,17,W_out,45,16,0.9210487604141235,0.9152026176452637,0.005846142768859863
final,17,W_out,46,16,0.8826868534088135,0.8847718834877014,0.0020850300788879395
final,17,W_out,47,16,0.8411847949028015,0.8190064430236816,0.022178351879119873
final,17,W_out,48,16,0.9382345080375671,0.9509139060974121,0.01267939805984497
final,17,W_out,49,16,0.9384942054748535,0.9425118565559387,0.004017651081085205
final,17,W_out,50,16,1.0584601163864136,1.0598787069320679,0.0014185905456542969
final,17,W_out,51,16,1.0053603649139404,1.0035444498062134,0.0018159151077270508
final,17,W_out,52,16,0.908137321472168,0.9102746248245239,0.002137303352355957
final,17,W_out,53,16,1.0117251873016357,1.0236644744873047,0.011939287185668945
final,17,W_out,54,16,1.0624583959579468,1.0656185150146484,0.00316011905670166
final,17,W_out,55,16,0.9504215121269226,0.9659786224365234,0.01555711030960083
final,17,W_out,56,16,0.9439690709114075,0.9321551322937012,0.011813938617706299
final,17,W_out,57,16,0.9148255586624146,0.8901767134666443,0.024648845195770264
final,17,W_out,58,16,1.010903000831604,1.0013588666915894,0.009544134140014648
final,17,W_out,59,16,0.8874561786651611,0.909893810749054,0.022437632083892822
final,17,W_out,60,16,0.8400928974151611,0.8238422870635986,0.0162506103515625
final,17,W_out,61,16,0.9618047475814819,0.9751420617103577,0.013337314128875732
final,17,W_out,62,16,0.8039748668670654,0.8203516006469727,0.016376733779907227
final,17,W_out,63,16,0.9134658575057983,0.9123124480247498,0.001153409481048584
