step,coordinate,target
1,9317,0
2,20366,0
3,65055,0
4,18600,1
5,32695,-1
6,99779,1
7,41169,0
8,7134,0
9,99274,0
10,27780,1
11,138,-1
12,21848,-1
13,8992,1
14,59818,0
15,25195,-1
16,59343,-1
17,10450,-1
18,75875,-1
19,25865,0
20,47812,0
21,14649,-1
22,13442,0
23,96580,1
24,5616,0
25,66532,1
26,24953,0
27,16482,-1
28,13425,-1
29,17444,1
30,3304,-1
31,11925,0
32,77919,-1
33,99956,0
34,60664,0
35,82313,-1
36,57472,-1
37,18494,-1
38,3525,-1
39,33789,0
40,10461,0
41,49039,-1
42,50569,1
43,72487,0
44,99931,1
45,13844,0
46,16634,-1
47,2140,0
48,99856,1
49,71355,1
50,89997,0
51,1924,-1
52,19773,1
53,99938,0
54,12937,0
55,29725,1
56,19883,-1
57,99841,1
58,2473,1
59,17368,1
60,60586,0
61,11489,0
62,83837,-1
63,22011,0
64,87848,1
65,96505,-1
66,5616,1
67,80836,-1
68,92424,1
69,15157,0
70,24634,1
71,15315,0
72,17445,1
73,34301,0
74,9422,0
75,68521,1
76,82529,-1
77,40773,0
78,99816,-1
79,94429,1
80,16331,0
81,52901,-1
82,85425,0
83,64454,-1
84,51214,-1
85,47751,-1
86,12732,1
87,18066,0
88,6145,0
89,31274,0
90,13671,0
91,72809,0
92,3124,0
93,40688,0
94,24448,-1
95,49961,1
96,26702,0
97,97635,-1
98,-1,0
99,2649,1
100,29960,0
101,72165,-1
102,74766,1
103,16808,0
104,25597,0
105,93617,1
106,48701,-1
107,6823,1
108,9304,0
109,31310,-1
110,6274,0
111,784,0
112,8836,0
113,92589,0
114,33754,-1
115,59395,0
116,94641,1
117,79686,-1
118,99800,0
119,30931,1
120,28620,0
121,19663,0
122,27417,0
123,99748,1
124,5253,-1
125,7651,-1
126,13341,-1
127,30214,-1
128,82537,-1
129,42920,0
130,5706,1
131,90982,0
132,1858,-1
133,14659,1
134,40750,1
135,89918,0
136,56310,0
137,41570,1
138,20328,1
139,87040,1
140,35847,0
141,73336,1
142,117,1
143,22172,1
144,79416,0
145,25618,-1
146,7298,0
147,99799,-1
148,7495,-1
149,8401,-1
150,27976,0
151,22985,0
152,39700,-1
153,36560,-1
154,59994,-1
155,26377,0
156,68976,-1
157,18116,-1
158,2412,-1
159,14062,0
160,20383,1
161,20714,0
162,48592,-1
163,4183,1
164,34312,0
165,16983,0
166,3722,0
167,44189,0
168,41405,1
169,7466,1
170,63012,-1
171,13674,-1
172,63458,0
173,55420,1
174,95915,-1
175,74890,-1
176,85139,-1
177,82324,-1
178,99966,0
179,42583,1
180,43705,1
181,63501,-1
182,28216,-1
183,29865,-1
184,16457,0
185,25022,0
186,13944,-1
187,76291,0
188,31259,0
189,68929,0
190,35078,0
191,13746,1
192,99635,1
193,95088,0
194,94636,0
195,99380,1
196,10197,0
197,99867,1
198,86344,1
199,67358,0
200,48710,0
201,5615,0
202,69528,-1
203,14900,0
204,17954,0
205,86699,0
206,8557,0
207,32851,0
208,71479,0
209,99891,0
210,12500,0
211,3035,0
212,66910,-1
213,53790,-1
214,40510,0
215,71442,0
216,2751,-1
217,40236,1
218,8044,0
219,1125,-1
220,63039,1
221,72847,1
222,11542,-1
223,2974,0
224,79718,1
225,2482,1
226,11085,-1
227,44111,0
228,99446,0
229,59825,1
230,49520,0
231,866,-1
232,17515,-1
233,68675,0
234,51692,-1
235,16678,0
236,2105,0
237,35500,0
238,34015,0
239,27456,0
240,16619,1
241,75148,1
242,2477,0
243,72009,1
244,2145,-1
245,79128,0
246,28481,0
247,4927,0
248,20850,0
249,5975,0
250,78040,0
251,8773,0
252,5712,-1
253,975,-1
254,9971,-1
255,62572,1
256,323,-1
257,68035,0
258,55832,0
259,37491,0
260,22620,0
261,1815,0
262,42821,0
263,9317,1
264,579,0
265,64254,0
266,83893,-1
267,42769,1
268,99583,-1
269,88904,0
270,7634,0
271,41950,1
272,14703,0
273,22475,1
274,11666,1
275,19455,0
276,32305,0
277,28044,1
278,38273,0
279,88701,-1
280,34595,0
281,58148,-1
282,3653,1
283,5396,-1
284,78198,1
285,61917,1
286,10496,0
287,52645,0
288,24077,0
289,46058,-1
290,37973,0
291,5813,0
292,58915,-1
293,27250,1
294,94917,1
295,14536,1
296,1236,0
297,32877,0
298,6105,1
299,23299,0
300,37677,-1
301,37216,-1
302,8819,0
303,31162,1
304,23604,1
305,86228,-1
306,71020,1
307,51039,-1
308,1648,0
309,99322,0
310,49841,-1
311,38185,0
312,15911,1
313,6534,0
314,97588,0
315,5603,0
316,29059,-1
317,7861,0
318,10382,-1
319,35900,0
320,9042,1
321,22038,-1
322,57405,0
323,97028,1
324,48032,-1
325,31473,0
326,29558,0
327,6675,1
328,54595,0
329,22857,0
330,61711,-1
331,99833,1
332,30368,0
333,99949,0
334,78070,-1
335,36370,0
336,22760,1
337,59338,0
338,55692,-1
339,37457,1
340,33390,-1
341,65681,1
342,61749,-1
343,52040,-1
344,65334,1
345,19971,0
346,71094,1
347,36951,0
348,-1,0
349,16603,0
350,1506,0
351,12396,0
352,40495,0
353,12613,1
354,62692,-1
355,11668,0
356,26214,0
357,65142,-1
358,44910,-1
359,51609,0
360,19328,-1
361,21745,1
362,49624,0
363,73673,-1
364,15888,0
365,5535,1
366,4365,1
367,7767,1
368,34042,0
369,29640,1
370,99696,0
371,10486,0
372,96315,0
373,78475,0
374,19396,0
375,22372,1
376,6723,1
377,7562,-1
378,77687,1
379,17942,0
380,-1,0
381,16522,0
382,97954,1
383,1884,1
384,19164,1
385,14355,1
386,17419,0
387,36873,0
388,24693,0
389,1572,0
390,34648,0
391,133,-1
392,22917,0
393,16075,-1
394,60928,-1
395,8907,0
396,75306,1
397,124,0
398,20310,0
399,7311,1
400,7715,-1
401,6514,0
402,98033,-1
403,17816,0
404,8320,0
405,20599,0
406,71912,0
407,49909,0
408,63018,-1
409,32285,1
410,8987,0
411,28052,0
412,73379,1
413,31824,0
414,1442,-1
415,54536,0
416,41680,1
417,99371,0
418,89321,-1
419,15907,0
420,85822,1
421,17976,-1
422,19110,1
423,59654,1
424,90247,0
425,53231,1
426,17073,1
427,21168,-1
428,-1,0
429,31387,0
430,4295,1
431,64511,-1
432,99766,-1
433,60551,1
434,52006,0
435,26717,0
436,35625,-1
437,50976,0
438,20629,-1
439,66588,0
440,7037,0
441,13565,-1
442,52322,-1
443,76059,-1
444,88729,1
445,16466,0
446,8240,1
447,18334,0
448,10806,1
449,1378,-1
450,4374,1
451,23289,0
452,24179,0
453,826,-1
454,16862,-1
455,11340,0
456,56875,1
457,14548,0
458,34716,1
459,47523,0
460,403,0
461,-1,0
462,82515,1
463,41705,1
464,39154,0
465,71590,0
466,22970,0
467,42920,-1
468,50733,-1
469,30114,1
470,99374,0
471,-1,0
472,44869,-1
473,6093,1
474,29173,1
475,7667,0
476,87032,0
477,1314,1
478,61161,0
479,94810,-1
480,98158,0
481,75612,-1
482,23072,0
483,94413,0
484,88214,0
485,79557,1
486,42761,1
487,55841,1
488,28006,-1
489,99295,0
490,32851,-1
491,21271,0
492,61586,0
493,46195,0
494,82696,0
495,71549,0
496,2019,0
497,8949,1
498,43888,0
499,73367,0
500,59784,0
501,8784,0
502,91034,0
503,67033,1
504,16009,1
505,30376,-1
506,5615,1
507,2939,-1
508,65352,1
509,99850,1
510,55656,0
511,12050,1
512,16103,-1
513,2801,0
514,56107,-1
515,46327,1
516,98239,-1
517,33254,-1
518,16786,1
519,42375,1
520,29117,0
521,91656,1
522,15334,1
523,60744,0
524,23922,1
525,2338,1
526,12996,0
527,38248,1
528,90289,1
529,2664,-1
530,99075,0
531,43227,0
532,17909,-1
533,6194,0
534,41362,0
535,64194,0
536,13165,1
537,40798,0
538,94150,-1
539,16604,-1
540,48131,-1
541,9517,1
542,37425,-1
543,55645,-1
544,34948,-1
545,12539,1
546,66359,-1
547,83829,-1
548,46759,0
549,46205,0
550,-1,0
551,17227,0
552,49828,-1
553,2837,1
554,29874,0
555,57884,-1
556,99990,0
557,-1,0
558,86618,0
559,8254,1
560,77929,0
561,86432,1
562,28073,1
563,18311,1
564,95384,-1
565,74224,-1
566,15885,0
567,99716,-1
568,98037,-1
569,54054,1
570,32202,0
571,43549,-1
572,56309,1
573,-1,0
574,54748,1
575,18117,0
576,85098,0
577,15752,-1
578,99970,1
579,24921,0
580,14386,-1
581,2562,0
582,11036,0
583,95371,0
584,52118,-1
585,70443,0
586,46873,1
587,3262,0
588,65948,1
589,99315,-1
590,37056,-1
591,22982,0
592,23522,-1
593,16330,1
594,26383,-1
595,34752,-1
596,37344,0
597,91744,0
598,60822,1
599,64272,1
600,57521,0
601,71443,1
602,15190,-1
603,9967,0
604,35470,0
605,16109,-1
606,97640,0
607,23275,0
608,9956,-1
609,53421,0
610,76277,0
611,53235,0
612,36371,0
613,926,0
614,40965,0
615,17010,1
616,42154,-1
617,61395,-1
618,22881,0
619,90720,0
620,8897,-1
621,7350,-1
622,42640,1
623,50294,1
624,48440,-1
625,65639,-1
626,41697,0
627,582,0
628,14232,0
629,73389,0
630,99989,0
631,3335,1
632,45508,1
633,89539,0
634,8366,0
635,832,-1
636,251,-1
637,55423,1
638,55496,0
639,27582,0
640,10742,0
641,99645,1
642,52956,-1
643,25850,-1
644,66589,0
645,49004,-1
646,61782,1
647,8305,-1
648,12969,-1
649,18115,0
650,49580,0
651,69334,1
652,78808,-1
653,38201,-1
654,7853,0
655,5053,0
656,97500,-1
657,15081,0
658,45590,0
659,39189,-1
660,66894,0
661,37866,-1
662,58613,0
663,4504,0
664,73237,-1
665,68354,-1
666,47522,0
667,19956,-1
668,45154,0
669,244,0
670,39484,-1
671,29558,1
672,92086,-1
673,24866,0
674,14707,-1
675,14244,0
676,96746,-1
677,43392,-1
678,49440,0
679,17231,-1
680,3622,-1
681,10881,-1
682,83058,-1
683,73647,0
684,55208,-1
685,39900,1
686,9066,1
687,76248,1
688,56393,0
689,70089,1
690,49400,-1
691,86792,-1
692,79056,1
693,21931,0
694,57045,1
695,33261,1
696,11306,0
697,67332,1
698,14603,0
699,44840,1
700,99913,0
701,17427,-1
702,55713,1
703,97065,-1
704,5155,0
705,9868,0
706,63407,1
707,95731,1
708,10006,0
709,54708,0
710,-1,0
711,87974,1
712,15271,0
713,82312,0
714,-1,0
715,71371,0
716,48820,0
717,33447,-1
718,8960,1
719,46757,-1
720,25613,0
721,7960,-1
722,24912,1
723,10717,1
724,71032,0
725,26500,-1
726,5562,1
727,99274,-1
728,80157,0
729,76716,1
730,27056,0
731,6198,1
732,32682,0
733,-1,0
734,13463,0
735,406,0
736,99335,0
737,41527,0
738,12692,-1
739,56661,0
740,-1,0
741,20205,-1
742,3106,0
743,14117,1
744,98007,1
745,229,-1
746,76848,1
747,55850,1
748,-1,0
749,862,1
750,52611,1
751,23335,0
752,23389,-1
753,33685,0
754,21956,-1
755,32956,1
756,8889,0
757,99359,-1
758,38181,-1
759,19760,0
760,79033,-1
761,6736,1
762,93126,0
763,38424,-1
764,56896,-1
765,27950,0
766,8224,0
767,11591,1
768,63993,1
769,72253,0
770,43764,-1
771,40174,0
772,12360,1
773,93783,1
774,6516,0
775,72464,-1
776,21966,0
777,62857,-1
778,81539,0
779,4036,1
780,69489,-1
781,14015,1
782,47638,1
783,9000,-1
784,41395,-1
785,99984,0
786,67610,1
787,14789,0
788,7665,0
789,60999,1
790,37231,1
791,8298,0
792,66579,-1
793,1055,1
794,21051,1
795,-1,0
796,-1,0
797,22912,-1
798,-1,0
799,27765,0
800,13331,0
801,715,-1
802,75179,0
803,39248,-1
804,12885,0
805,3164,1
806,88155,1
807,87171,-1
808,31313,-1
809,71555,0
810,15513,-1
811,9406,1
812,736,1
813,59897,1
814,2765,-1
815,5084,1
816,-1,0
817,10537,1
818,27728,1
819,60653,-1
820,47109,0
821,18267,0
822,44735,1
823,46188,-1
824,2854,-1
825,52579,0
826,90848,1
827,46166,0
828,26741,-1
829,1312,1
830,74604,0
831,-1,0
832,87803,1
833,27089,0
834,27665,0
835,61567,0
836,99473,0
837,9793,0
838,23447,1
839,4114,0
840,23858,0
841,8387,1
842,64891,0
843,39187,-1
844,13655,0
845,45255,-1
846,70271,1
847,7646,0
848,5692,0
849,3273,0
850,33375,1
851,84507,-1
852,-1,0
853,99858,-1
854,85158,-1
855,34014,0
856,91286,0
857,58095,0
858,98623,0
859,74968,1
860,3573,0
861,55936,1
862,22391,0
863,-1,0
864,50571,-1
865,-1,0
866,8313,-1
867,17424,0
868,63355,0
869,76485,0
870,4306,-1
871,38748,1
872,15687,-1
873,7630,0
874,83681,0
875,7995,0
876,16350,1
877,60151,1
878,33045,-1
879,22349,1
880,1847,-1
881,37566,-1
882,53102,0
883,10030,-1
884,92981,0
885,24042,0
886,41647,0
887,48684,-1
888,31291,0
889,97895,1
890,11344,0
891,98495,0
892,67973,1
893,29644,1
894,72985,0
895,49769,0
896,5178,0
897,11739,0
898,-1,0
899,22356,0
900,59997,1
901,43008,0
902,37032,-1
903,8820,0
904,-1,0
905,4020,0
906,8527,0
907,7191,-1
908,79119,-1
909,29745,-1
910,74437,0
911,79792,-1
912,39321,1
913,24288,1
914,82450,0
915,99860,1
916,5193,0
917,-1,0
918,20722,0
919,573,0
920,536,-1
921,6314,0
922,82909,0
923,63862,0
924,55932,1
925,87519,0
926,7156,-1
927,19133,1
928,68691,-1
929,9126,0
930,-1,0
931,34302,-1
932,25683,-1
933,33486,0
934,40302,1
935,18249,1
936,64255,1
937,11702,0
938,24340,0
939,34596,0
940,14698,0
941,69947,-1
942,73720,0
943,9193,0
944,10829,1
945,99750,-1
946,12173,0
947,75713,-1
948,14081,-1
949,52307,-1
950,4971,0
951,-1,0
952,59295,-1
953,27084,0
954,80713,1
955,3912,0
956,95904,0
957,31157,-1
958,19081,0
959,92835,1
960,1671,0
961,26094,0
962,50902,-1
963,-1,0
964,83693,-1
965,21086,-1
966,5836,1
967,9492,1
968,54903,0
969,45473,0
970,90128,-1
971,3163,1
972,9051,0
973,54230,0
974,28570,0
975,42617,-1
976,7341,0
977,78319,-1
978,73697,0
979,61075,-1
980,64531,1
981,349,1
982,75741,0
983,6862,0
984,47918,1
985,28126,0
986,94610,1
987,64007,0
988,-1,0
989,32484,0
990,-1,0
991,15343,0
992,1754,1
993,75231,0
994,63895,1
995,24336,1
996,22757,0
997,14704,-1
998,85511,0
999,28691,0
1000,23326,1
1001,6378,1
1002,99943,0
1003,71572,1
1004,56895,0
1005,51652,0
1006,81956,0
1007,23439,-1
1008,46337,-1
1009,72461,0
1010,3448,0
1011,58052,1
1012,50049,-1
1013,47562,-1
1014,57529,1
1015,76301,1
1016,22376,1
1017,29853,0
1018,66916,-1
1019,65347,1
1020,1382,-1
1021,13975,0
1022,1316,0
1023,25400,-1
1024,12111,0
1025,-1,0
1026,26642,-1
1027,37596,-1
1028,66535,0
1029,7120,0
1030,45394,0
1031,13189,1
1032,53637,-1
1033,1226,0
1034,40733,1
1035,53777,-1
1036,42571,-1
1037,22943,1
1038,56789,1
1039,93029,0
1040,63103,-1
1041,73731,0
1042,65892,0
1043,82471,-1
1044,56145,1
1045,29491,1
1046,41409,0
1047,99539,0
1048,10805,-1
1049,95347,1
1050,52130,0
1051,33452,-1
1052,56630,1
1053,37240,-1
1054,50367,-1
1055,28312,-1
1056,50968,1
1057,99821,0
1058,29867,0
1059,99831,0
1060,77770,0
1061,5206,0
1062,10739,-1
1063,4395,1
1064,5463,-1
1065,706,1
1066,-1,0
1067,23714,-1
1068,8924,1
1069,41257,-1
1070,50634,1
1071,94346,0
1072,23292,0
1073,3514,-1
1074,79064,0
1075,31542,-1
1076,86341,-1
1077,78961,0
1078,73651,0
1079,1497,0
1080,13994,-1
1081,30151,0
1082,46729,0
1083,75778,-1
1084,64701,-1
1085,13721,0
1086,99385,0
1087,24061,-1
1088,22657,1
1089,19735,-1
1090,10448,-1
1091,6204,1
1092,17253,0
1093,28800,1
1094,38548,0
1095,29941,0
1096,81017,0
1097,64505,1
1098,16698,0
1099,99703,1
1100,37411,0
1101,41645,-1
1102,21247,0
1103,70136,1
1104,32566,0
1105,85195,-1
1106,85391,-1
1107,3308,0
1108,67608,0
1109,42914,1
1110,29518,0
1111,2395,0
1112,67390,-1
1113,-1,0
1114,20784,0
1115,46739,1
1116,58266,-1
1117,44100,1
1118,36384,-1
1119,37526,-1
1120,21280,0
1121,23268,0
1122,-1,0
1123,9779,-1
1124,14331,-1
1125,99797,-1
1126,36160,1
1127,71918,-1
1128,15922,0
1129,50279,0
1130,2683,0
1131,37562,1
1132,55133,0
1133,87484,0
1134,92833,1
1135,3551,1
1136,73324,1
1137,63536,0
1138,4793,-1
1139,4129,0
1140,44506,0
1141,11484,1
1142,50280,-1
1143,36874,0
1144,73113,1
1145,15428,0
1146,38491,0
1147,27558,0
1148,1077,-1
1149,34604,0
1150,83064,0
1151,86991,1
1152,30019,1
1153,83494,0
1154,-1,0
1155,99731,0
1156,80110,1
1157,73847,0
1158,41881,0
1159,79,0
1160,46384,0
1161,41007,0
1162,71981,1
1163,12786,1
1164,67928,-1
1165,8087,0
1166,1032,-1
1167,22981,-1
1168,4945,0
1169,9049,1
1170,78578,0
1171,-1,0
1172,24735,0
1173,56443,0
1174,52444,0
1175,93405,-1
1176,15453,0
1177,2641,1
1178,60347,0
1179,33059,1
1180,40653,0
1181,68327,-1
1182,99427,-1
1183,84149,-1
1184,9845,-1
1185,1306,0
1186,31659,-1
1187,28150,-1
1188,59713,1
1189,26918,0
1190,5857,1
1191,55169,0
1192,99463,0
1193,3765,0
1194,72187,1
1195,32888,1
1196,39479,0
1197,79167,0
1198,22364,0
1199,61636,0
1200,2553,-1
1201,6894,0
1202,39676,0
1203,57291,-1
1204,71218,1
1205,64302,0
1206,34991,0
1207,57635,0
1208,67528,0
1209,5273,0
1210,59723,1
1211,55260,0
1212,3226,1
1213,3992,1
1214,59707,0
1215,3717,0
1216,21597,1
1217,16750,1
1218,42645,0
1219,48169,0
1220,75648,1
1221,40418,-1
1222,95030,1
1223,89510,0
1224,64441,0
1225,41529,-1
1226,8014,0
1227,1017,-1
1228,22184,0
1229,79537,0
1230,55504,0
1231,3096,0
1232,92161,1
1233,24270,0
1234,99933,1
1235,7618,0
1236,14417,1
1237,59853,1
1238,40433,1
1239,49385,0
1240,13149,0
1241,20435,-1
1242,62240,0
1243,56272,1
1244,65081,-1
1245,22455,0
1246,40874,0
1247,-1,0
1248,57742,0
1249,85407,-1
1250,24229,0
1251,77826,1
1252,18141,-1
1253,32438,1
1254,72352,1
1255,73541,0
1256,37124,0
1257,6089,1
1258,15216,1
1259,21023,-1
1260,84010,0
1261,9940,-1
1262,22535,0
1263,78243,0
1264,95295,0
1265,38925,-1
1266,47433,1
1267,53904,1
1268,2395,1
1269,31796,0
1270,72054,0
1271,47737,0
1272,-1,0
1273,14190,0
1274,64806,1
1275,45843,0
1276,73756,1
1277,98771,0
1278,28391,0
1279,41860,-1
1280,24946,0
1281,-1,0
1282,56203,1
1283,5812,-1
1284,54996,-1
1285,-1,0
1286,69015,-1
1287,13274,0
1288,32886,0
1289,8206,-1
1290,7917,0
1291,60848,0
1292,71722,1
1293,9640,-1
1294,49758,1
1295,26626,0
1296,13635,0
1297,21868,1
1298,-1,0
1299,95423,1
1300,26068,1
1301,99060,1
1302,33795,1
1303,50419,0
1304,19440,-1
1305,59658,0
1306,22827,0
1307,99420,1
1308,86194,1
1309,46392,0
1310,82340,1
1311,-1,0
1312,-1,0
1313,4077,1
1314,95704,-1
1315,48061,0
1316,55478,1
1317,-1,0
1318,28022,-1
1319,17898,-1
1320,99609,0
1321,1506,-1
1322,67741,0
1323,30356,1
1324,76925,0
1325,27835,0
1326,32114,0
1327,59050,0
1328,29851,0
1329,85337,0
1330,33719,1
1331,63544,0
1332,64664,1
1333,6416,1
1334,65632,-1
1335,23265,1
1336,85241,1
1337,43183,-1
1338,32813,0
1339,41478,1
1340,87759,-1
1341,87309,0
1342,95978,1
1343,49951,-1
1344,7217,1
1345,68614,0
1346,-1,0
1347,2185,0
1348,59612,1
1349,97585,1
1350,-1,0
1351,23201,0
1352,67697,-1
1353,15192,1
1354,3512,1
1355,7472,0
1356,99402,1
1357,37379,0
1358,94554,1
1359,84622,0
1360,16594,1
1361,58249,0
1362,53891,-1
1363,38668,1
1364,13946,0
1365,9854,0
1366,27631,0
1367,32981,-1
1368,14784,0
1369,30445,1
1370,11196,-1
1371,15491,-1
1372,71660,0
1373,-1,0
1374,69123,1
1375,86236,0
1376,63486,0
1377,37581,0
1378,80327,1
1379,15122,-1
1380,80059,1
1381,87259,0
1382,44121,1
1383,-1,0
1384,91082,-1
1385,54458,1
1386,4138,-1
1387,82801,1
1388,42646,-1
1389,68768,1
1390,99998,0
1391,83213,-1
1392,62993,-1
1393,99521,-1
1394,36261,0
1395,31868,0
1396,82337,1
1397,451,0
1398,69372,0
1399,-1,0
1400,67588,0
1401,43913,-1
1402,64986,1
1403,41782,0
1404,30931,0
1405,39639,-1
1406,-1,0
1407,98083,0
1408,12181,1
1409,80404,0
1410,6314,-1
1411,70574,0
1412,15328,-1
1413,79111,1
1414,5088,1
1415,93692,1
1416,86440,0
1417,19931,0
1418,81654,0
1419,22632,0
1420,16832,0
1421,89474,-1
1422,68056,0
1423,301,-1
1424,12339,1
1425,49569,-1
1426,193,-1
1427,-1,0
1428,25080,0
1429,-1,0
1430,-1,0
1431,92352,1
1432,4018,0
1433,95989,0
1434,8862,0
1435,-1,0
1436,49015,0
1437,13282,-1
1438,60416,0
1439,9152,1
1440,73693,0
1441,8625,-1
1442,15,-1
1443,29557,-1
1444,63837,0
1445,96755,0
1446,43912,1
1447,3416,0
1448,78711,-1
1449,15117,-1
1450,33879,0
1451,69644,1
1452,74415,0
1453,54482,0
1454,80318,1
1455,61933,1
1456,9379,1
1457,69384,-1
1458,54340,0
1459,-1,0
1460,3796,0
1461,66340,-1
1462,99788,0
1463,15525,0
1464,29563,-1
1465,88850,1
1466,1423,0
1467,63778,1
1468,26291,0
1469,48324,0
1470,51136,0
1471,40339,1
1472,70733,0
1473,48017,1
1474,9012,1
1475,98424,-1
1476,8159,-1
1477,64798,0
1478,89335,1
1479,-1,0
1480,16524,0
1481,75731,-1
1482,81431,1
1483,13946,1
1484,1533,1
1485,30596,0
1486,57343,0
1487,95640,1
1488,82084,-1
1489,76267,-1
1490,19447,0
1491,18993,0
1492,29476,-1
1493,97905,0
1494,66840,0
1495,12533,-1
1496,5414,0
1497,63301,-1
1498,8704,-1
1499,72647,0
1500,-1,0
1501,95575,0
1502,89714,-1
1503,36431,0
1504,47036,0
1505,76884,-1
1506,84049,0
1507,95246,0
1508,1113,0
1509,17765,0
1510,-1,0
1511,2325,1
1512,3106,1
1513,17587,-1
1514,93186,0
1515,48262,-1
1516,45523,0
1517,66919,-1
1518,89854,0
1519,973,0
1520,30251,-1
1521,39751,-1
1522,96834,-1
1523,82751,1
1524,68312,1
1525,67296,0
1526,20285,0
1527,-1,0
1528,14772,-1
1529,82795,0
1530,99625,0
1531,95831,1
1532,46538,-1
1533,64876,1
1534,21403,1
1535,23284,0
1536,86618,-1
1537,24773,0
1538,29275,-1
1539,93432,1
1540,9546,1
1541,64796,0
1542,62653,0
1543,34634,0
1544,60582,1
1545,56192,0
1546,76885,-1
1547,68597,0
1548,20831,0
1549,86751,-1
1550,59495,0
1551,91022,0
1552,53351,0
1553,62486,0
1554,52293,0
1555,28320,0
1556,58249,1
1557,57246,1
1558,71454,-1
1559,99749,1
1560,4867,0
1561,15247,0
1562,90185,-1
1563,38773,0
1564,65926,-1
1565,15112,0
1566,66586,0
1567,43380,0
1568,4338,1
1569,43441,0
1570,56760,0
1571,96959,-1
1572,32982,1
1573,17582,0
1574,21413,0
1575,59549,1
1576,41970,0
1577,34641,0
1578,59812,1
1579,54162,0
1580,66939,-1
1581,31219,0
1582,2965,0
1583,69452,-1
1584,41256,0
1585,13400,1
1586,84457,1
1587,13853,-1
1588,-1,0
1589,63078,1
1590,5303,1
1591,43607,-1
1592,32782,0
1593,4145,0
1594,31839,0
1595,81454,-1
1596,48375,0
1597,-1,0
1598,44880,-1
1599,61353,-1
1600,21315,-1
1601,87773,0
1602,2723,0
1603,62506,1
1604,-1,0
1605,69293,0
1606,1575,1
1607,34665,0
1608,74539,0
1609,38459,1
1610,-1,0
1611,39674,-1
1612,49503,0
1613,67607,0
1614,7566,0
1615,25948,-1
1616,15784,0
1617,67453,0
1618,95993,0
1619,-1,0
1620,56000,-1
1621,36269,0
1622,79763,0
1623,10269,-1
1624,89925,0
1625,55729,0
1626,13900,0
1627,56667,1
1628,24085,1
1629,70270,1
1630,65447,1
1631,65687,0
1632,71901,0
1633,18118,1
1634,29830,-1
1635,6091,-1
1636,74209,0
1637,90818,-1
1638,36240,-1
1639,91425,0
1640,10614,1
1641,-1,0
1642,40063,1
1643,14624,1
1644,-1,0
1645,83959,-1
1646,42787,0
1647,12970,1
1648,19090,1
1649,99702,0
1650,32821,1
1651,47733,1
1652,56498,-1
1653,303,-1
1654,64818,0
1655,99837,1
1656,1377,-1
1657,10465,0
1658,70551,0
1659,74747,0
1660,-1,0
1661,90596,-1
1662,14350,0
1663,29005,0
1664,17750,0
1665,6536,-1
1666,41370,0
1667,4017,-1
1668,99974,1
1669,15479,0
1670,76623,-1
1671,60106,0
1672,18305,-1
1673,77598,0
1674,83713,0
1675,16213,-1
1676,5746,0
1677,22219,0
1678,86761,0
1679,55293,-1
1680,-1,0
1681,43068,0
1682,90039,-1
1683,84258,0
1684,99091,0
1685,71384,0
1686,74258,1
1687,24016,0
1688,-1,0
1689,75447,-1
1690,10468,0
1691,22224,1
1692,-1,0
1693,65569,-1
1694,30244,0
1695,-1,0
1696,79166,1
1697,49352,0
1698,93113,-1
1699,14755,0
1700,70148,1
1701,59760,-1
1702,15271,-1
1703,99775,0
1704,-1,0
1705,81106,0
1706,46215,0
1707,-1,0
1708,3947,1
1709,24058,0
1710,17286,-1
1711,86580,-1
1712,25198,0
1713,54867,1
1714,63517,0
1715,99540,0
1716,3974,0
1717,77054,-1
1718,-1,0
1719,23842,1
1720,64996,0
1721,46641,-1
1722,85976,0
1723,31481,0
1724,-1,0
1725,55380,1
1726,86676,1
1727,73536,0
1728,69425,1
1729,47573,-1
1730,74389,0
1731,94536,-1
1732,79755,0
1733,79757,0
1734,59142,0
1735,48707,0
1736,33175,-1
1737,55613,1
1738,43219,-1
1739,18003,1
1740,36181,0
1741,30391,0
1742,-1,0
1743,7247,1
1744,22508,0
1745,72742,0
1746,20899,0
1747,18630,0
1748,4478,-1
1749,64593,0
1750,63122,0
1751,75560,-1
1752,98895,0
1753,19122,0
1754,22524,1
1755,24012,-1
1756,85336,0
1757,-1,0
1758,25450,-1
1759,10308,0
1760,25050,1
1761,54754,-1
1762,62463,1
1763,43997,0
1764,20524,0
1765,54521,0
1766,46806,-1
1767,5794,1
1768,7801,0
1769,28680,0
1770,88099,0
1771,63369,0
1772,65899,1
1773,23240,1
1774,76364,1
1775,49813,0
1776,35755,1
1777,-1,0
1778,53947,0
1779,48901,1
1780,89663,1
1781,3234,0
1782,32209,0
1783,98764,1
1784,22015,0
1785,54640,0
1786,29086,-1
1787,32475,0
1788,82753,1
1789,41537,0
1790,-1,0
1791,84622,-1
1792,16012,0
1793,-1,0
1794,97851,-1
1795,89981,1
1796,27529,0
1797,-1,0
1798,40078,1
1799,-1,0
1800,80167,0
1801,29785,0
1802,91899,-1
1803,8841,0
1804,2121,0
1805,84839,1
1806,19081,-1
1807,92927,1
1808,6270,1
1809,54447,0
1810,63790,0
1811,22113,0
1812,-1,0
1813,9976,-1
1814,19054,1
1815,59114,0
1816,20429,-1
1817,55572,1
1818,80068,0
1819,19104,-1
1820,19797,0
1821,99446,1
1822,62206,-1
1823,32508,-1
1824,4265,-1
1825,36607,0
1826,62255,0
1827,1152,0
1828,86344,0
1829,49339,-1
1830,34505,0
1831,55625,0
1832,36374,0
1833,81054,0
1834,85897,-1
1835,29426,0
1836,70345,0
1837,72626,0
1838,76187,-1
1839,32356,1
1840,53775,0
1841,9738,-1
1842,71972,0
1843,11981,-1
1844,71549,1
1845,12707,0
1846,96182,1
1847,95320,0
1848,33220,1
1849,16898,0
1850,75129,0
1851,26396,0
1852,83722,0
1853,19283,0
1854,87232,1
1855,71267,1
1856,21618,0
1857,59489,1
1858,8192,1
1859,32039,0
1860,-1,0
1861,70213,1
1862,92224,1
1863,40543,0
1864,60367,0
1865,65637,1
1866,32157,0
1867,59274,-1
1868,3983,0
1869,88769,-1
1870,12230,0
1871,-1,0
1872,-1,0
1873,71223,1
1874,62863,0
1875,27845,0
1876,99922,0
1877,9003,0
1878,50489,1
1879,69201,0
1880,-1,0
1881,94162,1
1882,15291,-1
1883,98240,0
1884,55094,0
1885,3858,0
1886,48551,-1
1887,2299,0
1888,-1,0
1889,92381,0
1890,15413,-1
1891,-1,0
1892,-1,0
1893,5381,0
1894,27081,0
1895,-1,0
1896,99637,0
1897,37294,-1
1898,67247,0
1899,31029,-1
1900,32071,0
1901,72214,1
1902,65987,1
1903,81692,0
1904,85913,1
1905,18133,-1
1906,92971,1
1907,86952,0
1908,15709,0
1909,22720,1
1910,26811,1
1911,-1,0
1912,34380,0
1913,97492,0
1914,83360,-1
1915,69207,0
1916,79029,-1
1917,34011,-1
1918,17372,0
1919,78730,0
1920,-1,0
1921,79108,1
1922,30151,1
1923,7620,0
1924,99262,0
1925,54013,0
1926,22529,-1
1927,26366,0
1928,91420,0
1929,-1,0
1930,25993,0
1931,17698,1
1932,4177,0
1933,20472,0
1934,92440,0
1935,59739,0
1936,11424,0
1937,28141,0
1938,93802,-1
1939,78403,-1
1940,-1,0
1941,5827,0
1942,39578,-1
1943,99241,-1
1944,78405,-1
1945,95020,1
1946,55960,0
1947,-1,0
1948,95050,-1
1949,34446,0
1950,91767,1
1951,-1,0
1952,22494,0
1953,12646,1
1954,-1,0
1955,54982,0
1956,42204,1
1957,91168,0
1958,9786,0
1959,58950,1
1960,83192,-1
1961,61421,0
1962,14594,1
1963,61946,0
1964,53004,1
1965,32546,0
1966,-1,0
1967,82582,0
1968,28672,0
1969,55421,1
1970,5785,1
1971,14060,0
1972,58941,0
1973,14028,-1
1974,34583,0
1975,6109,1
1976,609,-1
1977,95674,0
1978,54168,1
1979,81584,0
1980,34720,-1
1981,80181,0
1982,-1,0
1983,67081,1
1984,-1,0
1985,54219,1
1986,58889,0
1987,30355,1
1988,76438,1
1989,15587,-1
1990,97326,1
1991,5936,1
1992,78424,1
1993,51252,0
1994,41747,0
1995,88426,-1
1996,11226,1
1997,21089,-1
1998,67456,1
1999,35604,0
2000,41194,-1
2001,61197,0
2002,65537,0
2003,1307,0
2004,87551,-1
2005,42624,0
2006,37169,0
2007,47563,0
2008,66897,0
2009,57829,-1
2010,-1,0
2011,39695,0
2012,79,1
2013,51601,1
2014,2463,0
2015,25597,-1
2016,-1,0
2017,29323,1
2018,966,0
2019,48482,0
2020,6437,-1
2021,92600,0
2022,66502,0
2023,9607,0
2024,45450,0
2025,24549,0
2026,7735,0
2027,9335,-1
2028,93301,0
2029,50569,0
2030,11098,0
2031,51601,0
2032,23425,1
2033,50361,1
2034,75472,-1
2035,54609,1
2036,92747,0
2037,96641,1
2038,63534,0
2039,15019,-1
2040,33754,0
2041,49602,1
2042,79687,1
2043,97823,-1
2044,40844,-1
2045,89662,1
2046,96144,1
2047,5067,-1
2048,2687,-1
2049,83385,-1
2050,-1,0
2051,96568,0
2052,3168,0
2053,92436,-1
2054,69546,1
2055,43695,-1
2056,61636,-1
2057,89119,1
2058,21036,-1
2059,4903,1
2060,54875,0
2061,75578,0
2062,33762,0
2063,11474,1
2064,43943,0
2065,10371,1
2066,3332,1
2067,94285,1
2068,19604,1
2069,88070,0
2070,36485,1
2071,53492,1
2072,2368,0
2073,91047,0
2074,51535,-1
2075,43644,0
2076,15441,1
2077,70883,-1
2078,56732,1
2079,-1,0
2080,60518,-1
2081,7881,0
2082,39927,0
2083,69783,0
2084,92204,1
2085,14503,1
2086,65254,0
2087,23374,1
2088,87864,-1
2089,44229,0
2090,71908,0
2091,61156,0
2092,99553,1
2093,-1,0
2094,95314,-1
2095,71806,-1
2096,60741,1
2097,94738,0
2098,15011,-1
2099,44560,0
2100,12136,0
2101,-1,0
2102,26379,1
2103,4125,1
2104,37118,1
2105,10615,0
2106,24285,-1
2107,67602,0
2108,67393,0
2109,21965,1
2110,75157,1
2111,96723,0
2112,40601,-1
2113,63982,0
2114,93978,0
2115,29025,0
2116,37817,0
2117,20710,-1
2118,19482,0
2119,9786,1
2120,79141,1
2121,-1,0
2122,18073,-1
2123,92945,-1
2124,20384,0
2125,19846,0
2126,70192,0
2127,68770,1
2128,76881,0
2129,54504,0
2130,25138,0
2131,10716,0
2132,36727,1
2133,23410,-1
2134,9284,0
2135,99617,-1
2136,11999,0
2137,81494,0
2138,95742,0
2139,96282,1
2140,-1,0
2141,42433,-1
2142,-1,0
2143,40125,-1
2144,60737,1
2145,48148,0
2146,87592,0
2147,-1,0
2148,75909,-1
2149,52776,0
2150,10391,1
2151,92381,1
2152,98895,1
2153,72692,1
2154,74269,1
2155,85077,-1
2156,-1,0
2157,16651,-1
2158,15257,1
2159,48436,0
2160,16085,0
2161,88181,1
2162,67822,0
2163,95113,0
2164,471,0
2165,68835,0
2166,2423,-1
2167,9232,0
2168,18210,1
2169,89681,1
2170,78107,1
2171,48697,0
2172,36799,0
2173,8135,1
2174,51459,-1
2175,52038,0
2176,89664,-1
2177,90957,0
2178,69455,0
2179,42054,0
2180,17500,1
2181,29873,-1
2182,51467,1
2183,23802,-1
2184,24963,1
2185,45898,-1
2186,56436,1
2187,88747,0
2188,81061,0
2189,23988,-1
2190,87172,1
2191,71229,-1
2192,27881,0
2193,6463,1
2194,47174,0
2195,46228,-1
2196,8762,0
2197,-1,0
2198,85196,0
2199,86305,0
2200,47636,-1
2201,5753,0
2202,-1,0
2203,89717,-1
2204,70046,1
2205,55364,1
2206,39326,-1
2207,60182,0
2208,40828,-1
2209,99897,-1
2210,27961,0
2211,-1,0
2212,-1,0
2213,44752,0
2214,32954,0
2215,-1,0
2216,13993,-1
2217,42036,-1
2218,26234,-1
2219,3546,1
2220,68421,0
2221,55429,0
2222,65107,0
2223,81942,0
2224,49836,0
2225,30912,-1
2226,4923,1
2227,54013,1
2228,2174,1
2229,-1,0
2230,-1,0
2231,-1,0
2232,84837,1
2233,72174,0
2234,66139,0
2235,53654,0
2236,97951,0
2237,37771,0
2238,31433,1
2239,41971,-1
2240,52920,1
2241,68367,0
2242,48698,1
2243,57511,1
2244,37219,-1
2245,28889,1
2246,46305,1
2247,37870,1
2248,95736,1
2249,92724,1
2250,71536,1
2251,28420,1
2252,102,0
2253,68730,-1
2254,47534,-1
2255,7618,-1
2256,51882,0
2257,69251,1
2258,29279,-1
2259,19818,1
2260,36016,-1
2261,-1,0
2262,986,0
2263,-1,0
2264,69314,1
2265,86692,1
2266,-1,0
2267,42127,1
2268,60405,1
2269,62732,-1
2270,55329,-1
2271,68030,-1
2272,53324,1
2273,70736,0
2274,8809,0
2275,-1,0
2276,33056,-1
2277,34294,0
2278,48624,0
2279,-1,0
2280,84186,0
2281,16111,1
2282,-1,0
2283,77372,0
2284,54497,1
2285,41311,0
2286,58055,-1
2287,99596,0
2288,81408,1
2289,34810,0
2290,72173,0
2291,-1,0
2292,-1,0
2293,88387,0
2294,9726,-1
2295,91288,0
2296,77918,0
2297,41320,0
2298,469,-1
2299,25021,0
2300,15445,0
2301,91190,1
2302,63176,0
2303,35709,-1
2304,68227,1
2305,99572,-1
2306,63941,1
2307,14293,0
2308,13807,1
2309,82355,-1
2310,48946,-1
2311,72198,-1
2312,93301,-1
2313,4776,1
2314,16575,0
2315,12145,1
2316,13058,-1
2317,36213,0
2318,30810,0
2319,67270,0
2320,45428,0
2321,-1,0
2322,68391,0
2323,69155,1
2324,-1,0
2325,86888,0
2326,43020,0
2327,82683,1
2328,68385,1
2329,62785,1
2330,60743,1
2331,49491,0
2332,98492,-1
2333,-1,0
2334,32938,0
2335,39426,0
2336,78713,0
2337,98341,-1
2338,56688,0
2339,-1,0
2340,58413,1
2341,15155,-1
2342,7689,1
2343,19748,-1
2344,-1,0
2345,-1,0
2346,72153,0
2347,47741,-1
2348,24884,0
2349,2776,0
2350,82277,1
2351,35738,-1
2352,-1,0
2353,67242,-1
2354,99938,1
2355,8833,0
2356,8385,1
2357,16,0
2358,69374,-1
2359,58863,0
2360,31556,-1
2361,80324,0
2362,89841,0
2363,29309,0
2364,-1,0
2365,34673,0
2366,9065,-1
2367,26041,1
2368,69817,-1
2369,55089,0
2370,95589,1
2371,96642,1
2372,87167,0
2373,-1,0
2374,30239,0
2375,17697,-1
2376,59352,1
2377,92477,1
2378,88890,1
2379,47854,0
2380,72859,0
2381,44102,0
2382,31653,1
2383,-1,0
2384,71647,0
2385,80010,-1
2386,14392,0
2387,55873,1
2388,90243,-1
2389,-1,0
2390,-1,0
2391,-1,0
2392,91893,0
2393,22413,0
2394,2850,0
2395,-1,0
2396,40005,1
2397,-1,0
2398,48905,-1
2399,8037,0
2400,16051,-1
2401,95615,1
2402,21219,0
2403,61699,0
2404,-1,0
2405,17892,0
2406,85474,0
2407,43249,0
2408,33885,-1
2409,8801,0
2410,37180,0
2411,61037,1
2412,71888,-1
2413,52643,-1
2414,75077,1
2415,-1,0
2416,-1,0
2417,64014,0
2418,79346,1
2419,44345,0
2420,65944,0
2421,84464,0
2422,99608,0
2423,-1,0
2424,22854,1
2425,25920,0
2426,31689,0
2427,99898,0
2428,-1,0
2429,10757,0
2430,26016,0
2431,13988,1
2432,67202,0
2433,83510,1
2434,75436,0
2435,18586,-1
2436,3524,-1
2437,73926,0
2438,17398,1
2439,46949,0
2440,48787,-1
2441,51906,0
2442,26996,0
2443,52468,0
2444,88845,0
2445,-1,0
2446,21709,-1
2447,96922,-1
2448,78130,-1
2449,41650,0
2450,26254,1
2451,65531,1
2452,16376,1
2453,82403,1
2454,38591,0
2455,19167,1
2456,15211,0
2457,-1,0
2458,11400,1
2459,67209,-1
2460,38053,0
2461,-1,0
2462,65863,0
2463,49625,0
2464,77514,0
2465,88598,-1
2466,47705,0
2467,64869,0
2468,54170,-1
2469,79270,0
2470,68158,-1
2471,16995,0
2472,-1,0
2473,75692,1
2474,78170,0
2475,49616,1
2476,99910,-1
2477,55306,0
2478,24065,0
2479,1109,1
2480,-1,0
2481,84328,-1
2482,35387,1
2483,-1,0
2484,47845,1
2485,82277,0
2486,47376,-1
2487,48261,0
2488,98670,0
2489,31361,0
2490,7151,1
2491,69561,1
2492,10254,1
2493,62743,1
2494,-1,0
2495,58477,1
2496,46792,-1
2497,41318,0
2498,-1,0
2499,3707,0
2500,62375,1
2501,48971,0
2502,9580,0
2503,16454,-1
2504,18415,1
2505,72238,-1
2506,52320,-1
2507,60152,1
2508,23036,0
2509,81746,1
2510,54132,0
2511,79422,0
2512,86498,1
2513,-1,0
2514,5855,-1
2515,71317,-1
2516,-1,0
2517,30585,0
2518,38076,0
2519,40652,1
2520,28317,0
2521,39679,-1
2522,78418,1
2523,25256,-1
2524,-1,0
2525,21466,-1
2526,25013,0
2527,81221,-1
2528,77318,-1
2529,44400,0
2530,77587,0
2531,72928,0
2532,96539,-1
2533,9457,0
2534,13654,1
2535,94308,0
2536,52625,1
2537,94429,0
2538,793,-1
2539,94636,1
2540,-1,0
2541,71180,-1
2542,39443,1
2543,44184,0
2544,52258,0
2545,46594,0
2546,87152,0
2547,6898,0
2548,30094,1
2549,58620,-1
2550,58261,1
2551,37731,1
2552,-1,0
2553,30465,0
2554,92796,0
2555,95745,0
2556,58182,1
2557,17419,-1
2558,35562,-1
2559,74117,0
2560,27989,0
2561,1546,-1
2562,57264,0
2563,-1,0
2564,54318,0
2565,36747,-1
2566,43046,0
2567,91192,-1
2568,-1,0
2569,33582,0
2570,61382,-1
2571,98260,-1
2572,47527,-1
2573,96859,-1
2574,26325,-1
2575,28838,0
2576,27671,-1
2577,19802,-1
2578,-1,0
2579,58640,0
2580,38123,-1
2581,4826,0
2582,-1,0
2583,92635,1
2584,85022,1
2585,-1,0
2586,57205,0
2587,64271,0
2588,73268,0
2589,15066,-1
2590,62367,0
2591,85514,0
2592,80844,-1
2593,88493,1
2594,-1,0
2595,2269,0
2596,47785,-1
2597,9834,0
2598,55094,-1
2599,29657,0
2600,51876,0
2601,86996,0
2602,49277,0
2603,2221,0
2604,39226,-1
2605,-1,0
2606,-1,0
2607,64319,-1
2608,66490,0
2609,50741,-1
2610,3513,0
2611,6354,-1
2612,5842,0
2613,23628,1
2614,67423,0
2615,23932,0
2616,46780,-1
2617,32046,0
2618,71164,1
2619,10438,0
2620,32570,1
2621,47234,0
2622,-1,0
2623,73859,-1
2624,29673,0
2625,91100,-1
2626,95555,-1
2627,77710,-1
2628,99963,0
2629,92023,1
2630,47017,0
2631,42488,1
2632,-1,0
2633,46771,0
2634,1613,1
2635,-1,0
2636,97093,0
2637,51602,0
2638,77868,0
2639,-1,0
2640,-1,0
2641,-1,0
2642,-1,0
2643,70080,0
2644,71381,0
2645,4946,0
2646,74823,0
2647,80830,-1
2648,51974,1
2649,94565,0
2650,64330,1
2651,17219,1
2652,59971,0
2653,71113,1
2654,-1,0
2655,44400,-1
2656,59080,0
2657,18807,0
2658,4701,0
2659,32044,1
2660,57595,0
2661,8610,1
2662,85657,0
2663,56348,-1
2664,16091,1
2665,5983,1
2666,37448,0
2667,50271,0
2668,25458,0
2669,25264,1
2670,987,1
2671,18976,0
2672,5325,-1
2673,66985,1
2674,63433,-1
2675,14877,0
2676,14322,1
2677,81325,-1
2678,33783,1
2679,2151,0
2680,38156,1
2681,94089,0
2682,8006,1
2683,-1,0
2684,-1,0
2685,83928,0
2686,4554,1
2687,55634,1
2688,64061,0
2689,6643,1
2690,58136,0
2691,71297,0
2692,72313,1
2693,48819,-1
2694,62780,0
2695,93613,0
2696,45359,0
2697,78254,-1
2698,-1,0
2699,70566,0
2700,-1,0
2701,69131,-1
2702,37480,0
2703,95031,-1
2704,73665,-1
2705,46068,-1
2706,9914,0
2707,29988,1
2708,22759,-1
2709,41495,-1
2710,5787,0
2711,-1,0
2712,99731,-1
2713,75732,0
2714,72682,1
2715,85466,0
2716,35085,0
2717,62635,1
2718,2392,0
2719,67888,-1
2720,97356,1
2721,33907,0
2722,30200,-1
2723,62954,1
2724,31266,-1
2725,66797,1
2726,29930,1
2727,49041,1
2728,68904,0
2729,42656,1
2730,97481,-1
2731,84462,1
2732,4064,-1
2733,69759,0
2734,40720,1
2735,85689,0
2736,4736,1
2737,71030,0
2738,57993,1
2739,77443,1
2740,90561,1
2741,76377,-1
2742,43730,0
2743,79935,0
2744,52169,-1
2745,-1,0
2746,8161,-1
2747,68276,1
2748,8026,-1
2749,11980,0
2750,99523,0
2751,2635,0
2752,52559,1
2753,9137,1
2754,99079,0
2755,13328,1
2756,29410,-1
2757,81770,0
2758,35700,0
2759,99580,1
2760,24412,-1
2761,17072,0
2762,-1,0
2763,27796,1
2764,52427,0
2765,27255,-1
2766,87313,0
2767,5035,0
2768,43193,0
2769,11455,-1
2770,-1,0
2771,56591,1
2772,43972,0
2773,-1,0
2774,37896,-1
2775,65013,-1
2776,45189,-1
2777,9794,1
2778,78941,0
2779,35907,1
2780,79292,0
2781,1848,0
2782,28944,-1
2783,-1,0
2784,47991,0
2785,26538,-1
2786,57315,-1
2787,5859,0
2788,91495,-1
2789,96873,0
2790,65269,0
2791,25858,0
2792,96860,0
2793,63644,0
2794,1428,0
2795,16562,0
2796,-1,0
2797,93722,0
2798,82502,0
2799,2926,0
2800,33293,0
2801,14712,0
2802,88071,-1
2803,91688,1
2804,5130,1
2805,50484,0
2806,60719,-1
2807,44351,0
2808,6625,0
2809,14216,0
2810,27597,-1
2811,59974,1
2812,62343,0
2813,-1,0
2814,18135,-1
2815,90544,0
2816,35701,0
2817,58695,0
2818,26282,0
2819,48571,0
2820,60342,0
2821,24337,0
2822,64797,1
2823,49822,-1
2824,99401,0
2825,69457,1
2826,213,1
2827,-1,0
2828,51981,0
2829,-1,0
2830,66513,0
2831,31807,0
2832,14512,-1
2833,52897,-1
2834,74642,0
2835,40029,0
2836,72665,1
2837,63814,1
2838,27864,-1
2839,8911,0
2840,74890,0
2841,48927,-1
2842,25955,-1
2843,-1,0
2844,46532,0
2845,40317,1
2846,77301,-1
2847,70421,-1
2848,19801,0
2849,77612,0
2850,3562,0
2851,12781,-1
2852,30932,-1
2853,18426,0
2854,90458,-1
2855,28415,1
2856,13831,-1
2857,13942,0
2858,32187,-1
2859,99600,0
2860,12430,0
2861,97774,0
2862,86675,-1
2863,90872,1
2864,9914,-1
2865,28598,-1
2866,2717,0
2867,69134,1
2868,66030,0
2869,-1,0
2870,93403,0
2871,67075,1
2872,3512,0
2873,46753,0
2874,6430,0
2875,35837,1
2876,19006,-1
2877,78406,0
2878,60804,0
2879,28478,0
2880,-1,0
2881,9423,0
2882,-1,0
2883,26745,0
2884,37291,-1
2885,60639,-1
2886,44709,0
2887,24715,0
2888,602,0
2889,1982,-1
2890,73846,0
2891,9678,0
2892,11506,0
2893,27909,0
2894,69397,-1
2895,19322,-1
2896,88541,1
2897,80525,0
2898,12508,0
2899,69774,0
2900,9022,0
2901,40395,0
2902,94629,0
2903,49883,-1
2904,94243,-1
2905,49378,0
2906,12449,0
2907,83301,1
2908,-1,0
2909,89215,0
2910,15199,0
2911,73003,0
2912,55951,0
2913,5520,1
2914,32446,0
2915,62185,1
2916,88937,0
2917,16968,-1
2918,-1,0
2919,100009,-1
2920,71802,0
2921,-1,0
2922,-1,0
2923,11611,1
2924,-1,0
2925,40003,0
2926,-1,0
2927,90257,1
2928,9298,1
2929,42570,0
2930,71838,-1
2931,45670,0
2932,22689,1
2933,59595,0
2934,78872,0
2935,60902,-1
2936,12857,0
2937,64992,1
2938,65930,0
2939,14223,0
2940,30076,0
2941,74032,0
2942,60144,0
2943,34194,1
2944,96908,0
2945,50232,0
2946,61870,0
2947,57590,1
2948,54494,0
2949,76521,-1
2950,16710,-1
2951,87976,-1
2952,41697,1
2953,67787,-1
2954,84916,0
2955,46194,0
2956,-1,0
2957,3374,-1
2958,13012,0
2959,19149,1
2960,84217,-1
2961,12118,0
2962,90925,0
2963,35793,1
2964,96582,1
2965,37217,0
2966,19017,0
2967,10968,0
2968,43538,0
2969,64353,0
2970,-1,0
2971,45348,0
2972,34729,-1
2973,53237,-1
2974,14699,-1
2975,63677,-1
2976,56111,0
2977,93334,0
2978,49300,-1
2979,11420,-1
2980,24588,1
2981,82131,0
2982,-1,0
2983,70299,-1
2984,44493,-1
2985,32783,1
2986,59134,0
2987,1944,-1
2988,34124,1
2989,75697,0
2990,55170,0
2991,38024,1
2992,51940,-1
2993,8338,0
2994,39451,0
2995,79082,0
2996,-1,0
2997,68450,0
2998,27083,-1
2999,17991,-1
3000,-1,0
3001,98598,0
3002,-1,0
3003,70899,1
3004,4388,-1
3005,98432,0
3006,64614,1
3007,49896,-1
3008,36121,-1
3009,14823,-1
3010,53441,1
3011,44092,0
3012,44992,0
3013,62496,0
3014,10584,-1
3015,51421,-1
3016,71400,1
3017,2596,0
3018,80696,-1
3019,52188,0
3020,48505,0
3021,50961,0
3022,70566,1
3023,29184,0
3024,71510,1
3025,84783,0
3026,-1,0
3027,96398,1
3028,5193,1
3029,91728,1
3030,89856,0
3031,79851,1
3032,23231,0
3033,88982,0
3034,58158,-1
3035,42782,0
3036,52826,0
3037,18964,-1
3038,42772,0
3039,14883,1
3040,36947,-1
3041,75426,-1
3042,21022,0
3043,79057,-1
3044,8211,0
3045,50036,1
3046,68922,0
3047,-1,0
3048,33478,0
3049,96603,0
3050,56371,1
3051,28971,-1
3052,54437,0
3053,-1,0
3054,-1,0
3055,60429,1
3056,958,1
3057,32822,0
3058,3586,-1
3059,86260,-1
3060,47995,0
3061,54022,-1
3062,2424,0
3063,37484,0
3064,10816,1
3065,25003,0
3066,-1,0
3067,16720,1
3068,55120,-1
3069,7349,-1
3070,38189,0
3071,9589,-1
3072,45889,0
3073,-1,0
3074,90552,0
3075,14836,0
3076,278,1
3077,5290,0
3078,92534,0
3079,85832,0
3080,70872,0
3081,31831,0
3082,74701,0
3083,63086,0
3084,30888,-1
3085,75416,0
3086,71155,0
3087,42194,0
3088,65756,-1
3089,89279,1
3090,21145,-1
3091,93675,0
3092,74342,0
3093,-1,0
3094,39819,-1
3095,-1,0
3096,83608,-1
3097,29636,0
3098,83952,1
3099,574,1
3100,90255,0
3101,45088,1
3102,-1,0
3103,15004,0
3104,81313,-1
3105,28520,0
3106,95673,0
3107,89624,0
3108,65429,-1
3109,99821,1
3110,72429,0
3111,98852,0
3112,63915,0
3113,37297,-1
3114,-1,0
3115,-1,0
3116,6055,-1
3117,-1,0
3118,46113,-1
3119,95986,-1
3120,28036,0
3121,-1,0
3122,43518,-1
3123,-1,0
3124,81742,0
3125,76468,-1
3126,-1,0
3127,7046,0
3128,-1,0
3129,79671,-1
3130,48288,0
3131,33283,0
3132,28604,-1
3133,70063,-1
3134,12998,-1
3135,88873,0
3136,59838,0
3137,-1,0
3138,34086,0
3139,3327,1
3140,16487,0
3141,44123,1
3142,53655,0
3143,58933,1
3144,50749,-1
3145,52525,0
3146,49526,0
3147,43184,1
3148,87381,1
3149,30262,-1
3150,88194,-1
3151,58150,0
3152,-1,0
3153,-1,0
3154,88271,0
3155,35694,0
3156,-1,0
3157,36988,0
3158,56039,0
3159,58503,0
3160,70355,0
3161,16180,-1
3162,73519,-1
3163,-1,0
3164,-1,0
3165,1589,-1
3166,60182,1
3167,-1,0
3168,2748,0
3169,-1,0
3170,52971,0
3171,83373,0
3172,30191,0
3173,29103,0
3174,38322,1
3175,96622,0
3176,51651,1
3177,76280,0
3178,98645,-1
3179,-1,0
3180,74570,-1
3181,44707,0
3182,40810,-1
3183,-1,0
3184,45979,0
3185,11502,0
3186,47,0
3187,50610,1
3188,76936,1
3189,-1,0
3190,36000,-1
3191,82201,0
3192,11737,-1
3193,27034,0
3194,51867,0
3195,54767,0
3196,66435,0
3197,35606,0
3198,26199,0
3199,88629,-1
3200,-1,0
3201,76970,-1
3202,53915,-1
3203,85395,0
3204,30908,0
3205,44103,1
3206,-1,0
3207,73144,0
3208,64488,0
3209,63055,-1
3210,3274,0
3211,40141,0
3212,60270,0
3213,8832,1
3214,33548,0
3215,-1,0
3216,45732,0
3217,41406,0
3218,20783,0
3219,34318,-1
3220,53600,1
3221,91696,0
3222,44318,1
3223,97827,0
3224,23123,1
3225,67770,-1
3226,98358,0
3227,29827,0
3228,28667,0
3229,-1,0
3230,57075,-1
3231,27901,0
3232,91870,0
3233,77202,0
3234,57150,-1
3235,59276,-1
3236,94968,0
3237,61627,1
3238,-1,0
3239,60433,1
3240,32067,0
3241,7015,1
3242,78393,1
3243,-1,0
3244,74680,0
3245,8392,0
3246,78239,1
3247,45348,1
3248,6615,0
3249,36170,-1
3250,-1,0
3251,29530,-1
3252,39155,1
3253,80413,0
3254,80042,0
3255,22745,0
3256,-1,0
3257,16393,0
3258,67231,-1
3259,17711,0
3260,21202,0
3261,83367,0
3262,99963,-1
3263,89344,0
3264,89473,0
3265,92615,0
3266,44817,0
3267,8580,1
3268,1054,0
3269,14800,0
3270,90054,0
3271,65197,1
3272,24473,0
3273,-1,0
3274,95976,0
3275,17708,1
3276,6188,-1
3277,85725,0
3278,-1,0
3279,18048,0
3280,4601,0
3281,13240,0
3282,61393,1
3283,38563,-1
3284,-1,0
3285,79501,-1
3286,71155,1
3287,17836,1
3288,-1,0
3289,83305,1
3290,-1,0
3291,75430,0
3292,53729,1
3293,53047,0
3294,-1,0
3295,-1,0
3296,3390,0
3297,59136,-1
3298,-1,0
3299,95508,0
3300,59103,-1
3301,81181,1
3302,-1,0
3303,11330,1
3304,45030,-1
3305,76300,-1
3306,77460,0
3307,87742,-1
3308,23233,0
3309,44895,0
3310,86130,-1
3311,36415,-1
3312,60386,0
3313,47671,0
3314,60530,0
3315,73172,-1
3316,30630,-1
3317,46051,0
3318,91330,1
3319,63739,1
3320,744,0
3321,36450,-1
3322,44341,0
3323,2334,1
3324,82016,0
3325,35862,-1
3326,32324,-1
3327,70557,0
3328,86360,-1
3329,52758,-1
3330,58915,0
3331,94533,-1
3332,61631,1
3333,64964,-1
3334,56780,-1
3335,39452,-1
3336,56910,0
3337,77347,0
3338,14090,0
3339,18132,0
3340,96936,0
3341,54579,-1
3342,64991,0
3343,-1,0
3344,4184,0
3345,6294,1
3346,13752,0
3347,13987,0
3348,4591,1
3349,42619,1
3350,87032,-1
3351,68324,1
3352,54359,1
3353,93411,0
3354,45589,-1
3355,40800,0
3356,27200,0
3357,6015,0
3358,59258,-1
3359,84302,1
3360,-1,0
3361,82649,1
3362,67893,1
3363,58970,1
3364,53027,-1
3365,30773,-1
3366,79965,1
3367,52114,0
3368,42806,0
3369,22169,-1
3370,12906,-1
3371,24549,1
3372,68612,0
3373,-1,0
3374,-1,0
3375,70179,1
3376,30753,0
3377,34741,1
3378,61705,0
3379,74917,-1
3380,71110,0
3381,21163,0
3382,12524,1
3383,84906,1
3384,68774,-1
3385,87289,0
3386,12176,0
3387,22152,0
3388,10936,0
3389,66790,0
3390,-1,0
3391,92846,0
3392,89648,1
3393,78218,0
3394,96930,0
3395,64405,0
3396,-1,0
3397,45068,1
3398,30084,0
3399,-1,0
3400,94574,0
3401,83746,-1
3402,47329,0
3403,42274,1
3404,56573,0
3405,7047,0
3406,-1,0
3407,36572,0
3408,29689,-1
3409,62364,1
3410,26304,-1
3411,-1,0
3412,93911,0
3413,20936,0
3414,-1,0
3415,35098,0
3416,8424,1
3417,75311,-1
3418,79077,-1
3419,-1,0
3420,49994,1
3421,42080,0
3422,23032,1
3423,-1,0
3424,64325,0
3425,66552,0
3426,79192,0
3427,22106,0
3428,57457,1
3429,41618,-1
3430,3036,0
3431,10171,0
3432,93180,-1
3433,82142,0
3434,-1,0
3435,40554,1
3436,27969,0
3437,18999,0
3438,4509,-1
3439,52965,0
3440,9761,-1
3441,15094,0
3442,27979,0
3443,31013,-1
3444,69838,0
3445,41264,0
3446,34026,0
3447,55431,1
3448,52007,0
3449,24364,0
3450,51963,0
3451,28930,-1
3452,84174,-1
3453,27024,1
3454,9365,0
3455,85308,1
3456,99176,1
3457,91002,0
3458,30684,0
3459,91611,1
3460,38145,0
3461,48603,0
3462,45703,-1
3463,75689,1
3464,73755,-1
3465,32305,-1
3466,3557,0
3467,97988,1
3468,10484,0
3469,82587,0
3470,85707,0
3471,14,0
3472,29444,0
3473,84212,0
3474,732,-1
3475,-1,0
3476,43609,0
3477,31185,-1
3478,83127,0
3479,63269,0
3480,88313,0
3481,20337,-1
3482,44993,0
3483,-1,0
3484,-1,0
3485,-1,0
3486,-1,0
3487,9136,1
3488,3139,1
3489,40588,0
3490,71458,-1
3491,8324,0
3492,44359,0
3493,92260,-1
3494,10381,-1
3495,11963,-1
3496,50149,-1
3497,44542,0
3498,14719,0
3499,44576,-1
3500,55622,0
3501,-1,0
3502,97353,-1
3503,73736,0
3504,93616,0
3505,86799,0
3506,52592,0
3507,27021,0
3508,69419,1
3509,23979,-1
3510,21978,0
3511,71329,0
3512,79702,1
3513,-1,0
3514,10124,-1
3515,3485,0
3516,95598,0
3517,-1,0
3518,69628,0
3519,-1,0
3520,12150,0
3521,26693,0
3522,23864,0
3523,20974,-1
3524,7486,0
3525,-1,0
3526,20932,0
3527,33115,-1
3528,94714,-1
3529,-1,0
3530,40724,0
3531,4430,0
3532,4070,0
3533,89011,0
3534,35624,1
3535,78692,-1
3536,83934,0
3537,75167,-1
3538,50187,0
3539,35313,-1
3540,63982,-1
3541,15313,0
3542,60444,0
3543,49595,1
3544,89559,1
3545,42535,0
3546,98331,1
3547,39569,1
3548,56363,-1
3549,61934,-1
3550,99885,0
3551,44663,1
3552,96909,-1
3553,1874,-1
3554,17748,-1
3555,70844,1
3556,83068,1
3557,12270,0
3558,44009,1
3559,-1,0
3560,96303,1
3561,59880,1
3562,8889,1
3563,65122,1
3564,21637,0
3565,16860,0
3566,16337,0
3567,40208,-1
3568,28791,0
3569,72847,0
3570,84021,-1
3571,97859,1
3572,47028,-1
3573,61510,-1
3574,65667,-1
3575,62795,0
3576,21660,0
3577,32875,-1
3578,14312,1
3579,99025,1
3580,31233,1
3581,39973,0
3582,-1,0
3583,51177,1
3584,73068,0
3585,52122,0
3586,78768,0
3587,-1,0
3588,66254,1
3589,70743,-1
3590,8053,1
3591,17626,-1
3592,69330,0
3593,74769,1
3594,87789,0
3595,79416,1
3596,42764,1
3597,78985,-1
3598,19386,0
3599,-1,0
3600,75834,-1
3601,32782,1
3602,82016,-1
3603,-1,0
3604,69437,1
3605,85684,1
3606,-1,0
3607,43418,1
3608,75482,-1
3609,48333,-1
3610,40668,0
3611,37346,0
3612,84534,1
3613,47324,1
3614,-1,0
3615,88601,0
3616,46130,0
3617,11784,1
3618,1206,0
3619,46552,-1
3620,96662,1
3621,91628,0
3622,-1,0
3623,51299,-1
3624,89162,0
3625,28295,-1
3626,-1,0
3627,56901,-1
3628,39911,-1
3629,20717,0
3630,-1,0
3631,66457,0
3632,81801,1
3633,49988,1
3634,16744,0
3635,-1,0
3636,-1,0
3637,50167,-1
3638,43409,0
3639,40007,0
3640,93084,1
3641,-1,0
3642,76310,0
3643,42819,0
3644,70025,1
3645,38555,0
3646,44604,-1
3647,97897,-1
3648,37456,0
3649,61347,0
3650,42831,1
3651,7854,0
3652,85757,0
3653,43022,0
3654,34584,-1
3655,64638,0
3656,44713,0
3657,-1,0
3658,12570,0
3659,11642,0
3660,74166,0
3661,308,0
3662,-1,0
3663,-1,0
3664,41747,1
3665,77663,0
3666,46459,-1
3667,51473,-1
3668,59023,0
3669,59116,0
3670,22549,0
3671,31490,0
3672,79093,0
3673,77652,0
3674,93125,0
3675,51807,0
3676,58140,-1
3677,-1,0
3678,84186,-1
3679,50512,0
3680,-1,0
3681,37082,0
3682,57619,-1
3683,34409,0
3684,9051,-1
3685,40650,-1
3686,68272,1
3687,93356,0
3688,13694,-1
3689,17459,0
3690,39098,-1
3691,77652,1
3692,-1,0
3693,32502,-1
3694,84545,0
3695,-1,0
3696,93747,0
3697,48781,0
3698,78367,0
3699,52192,-1
3700,97825,0
3701,68663,1
3702,16858,1
3703,81850,0
3704,27087,1
3705,53476,0
3706,28076,0
3707,35252,-1
3708,67595,-1
3709,90970,1
3710,-1,0
3711,77770,1
3712,95329,1
3713,65469,-1
3714,-1,0
3715,32780,-1
3716,14490,0
3717,70564,0
3718,-1,0
3719,1332,0
3720,42572,1
3721,37252,0
3722,52999,0
3723,88513,0
3724,50902,0
3725,60916,1
3726,44417,1
3727,29043,-1
3728,62272,0
3729,20894,1
3730,25843,0
3731,91333,1
3732,42272,0
3733,-1,0
3734,-1,0
3735,-1,0
3736,39095,-1
3737,27908,0
3738,87584,0
3739,40352,-1
3740,14884,0
3741,19048,0
3742,39069,0
3743,39387,1
3744,60059,-1
3745,92159,0
3746,99344,-1
3747,22869,-1
3748,36836,-1
3749,98151,-1
3750,24870,0
3751,44620,0
3752,-1,0
3753,92105,-1
3754,71905,1
3755,39786,-1
3756,90286,-1
3757,67468,0
3758,6192,0
3759,74016,1
3760,77626,1
3761,13167,1
3762,71758,0
3763,90516,0
3764,40815,0
3765,90009,0
3766,17983,0
3767,10744,-1
3768,50108,0
3769,57769,0
3770,98477,0
3771,60242,1
3772,45368,0
3773,-1,0
3774,46752,0
3775,20242,0
3776,16269,0
3777,51272,-1
3778,57123,0
3779,89113,1
3780,65309,0
3781,46877,0
3782,13934,1
3783,68658,0
3784,24286,1
3785,-1,0
3786,40994,1
3787,64131,0
3788,2921,1
3789,-1,0
3790,68076,0
3791,28354,0
3792,26285,1
3793,-1,0
3794,41554,0
3795,95910,0
3796,64667,-1
3797,981,0
3798,2350,-1
3799,-1,0
3800,50651,0
3801,16261,-1
3802,75116,-1
3803,909,0
3804,53603,1
3805,11585,1
3806,99670,-1
3807,48658,-1
3808,32567,0
3809,48301,1
3810,33993,0
3811,14714,0
3812,-1,0
3813,-1,0
3814,37672,0
3815,9985,1
3816,5739,0
3817,5702,0
3818,66845,-1
3819,74199,0
3820,64176,1
3821,37597,-1
3822,-1,0
3823,55371,0
3824,39519,0
3825,68648,0
3826,13689,0
3827,35133,0
3828,10769,0
3829,37373,-1
3830,98205,1
3831,37425,0
3832,94955,0
3833,52297,0
3834,46096,1
3835,31294,0
3836,43922,0
3837,58819,1
3838,4268,-1
3839,58996,0
3840,95745,-1
3841,29041,0
3842,30595,0
3843,98372,-1
3844,53465,0
3845,73860,0
3846,55251,0
3847,22660,-1
3848,93609,0
3849,73145,1
3850,32892,0
3851,73905,0
3852,61672,0
3853,49843,0
3854,11980,1
3855,22963,0
3856,16066,0
3857,78131,1
3858,3157,-1
3859,27723,0
3860,74973,1
3861,-1,0
3862,57609,-1
3863,31756,-1
3864,79032,0
3865,68151,1
3866,32739,1
3867,37202,1
3868,87306,0
3869,11904,1
3870,68599,0
3871,68892,0
3872,-1,0
3873,-1,0
3874,55770,-1
3875,94231,1
3876,21007,0
3877,40836,0
3878,8310,0
3879,91375,1
3880,-1,0
3881,35385,1
3882,70589,0
3883,89452,-1
3884,41432,1
3885,18253,0
3886,-1,0
3887,13340,0
3888,83443,-1
3889,63497,0
3890,33100,-1
3891,96212,0
3892,67588,-1
3893,51054,1
3894,63049,0
3895,93454,-1
3896,76206,0
3897,-1,0
3898,94904,-1
3899,57103,0
3900,89610,0
3901,98167,-1
3902,32190,-1
3903,40414,-1
3904,38224,0
3905,10038,1
3906,17621,0
3907,66768,0
3908,67548,0
3909,67751,1
3910,46808,0
3911,59040,-1
3912,-1,0
3913,72791,1
3914,18112,0
3915,97145,0
3916,-1,0
3917,3452,0
3918,75951,-1
3919,83441,1
3920,64019,0
3921,73091,0
3922,1042,1
3923,97547,0
3924,58486,0
3925,1766,1
3926,28074,0
3927,88453,1
3928,-1,0
3929,20992,0
3930,25734,0
3931,-1,0
3932,43100,1
3933,54707,1
3934,58012,1
3935,6335,1
3936,7230,-1
3937,-1,0
3938,20194,0
3939,8116,1
3940,46765,0
3941,64507,0
3942,7369,0
3943,-1,0
3944,72931,1
3945,24156,-1
3946,65521,0
3947,99737,-1
3948,30408,1
3949,65372,0
3950,-1,0
3951,43263,0
3952,71098,0
3953,6102,1
3954,81334,0
3955,7595,0
3956,34693,1
3957,-1,0
3958,3448,1
3959,60402,-1
3960,74003,1
3961,16764,-1
3962,18188,1
3963,-1,0
3964,13933,0
3965,2276,1
3966,26479,0
3967,-1,0
3968,-1,0
3969,-1,0
3970,99183,1
3971,38458,1
3972,-1,0
3973,79495,0
3974,99061,0
3975,-1,0
3976,65367,0
3977,91664,1
3978,-1,0
3979,86472,1
3980,36620,0
3981,68575,0
3982,33610,0
3983,77650,0
3984,63115,0
3985,70409,0
3986,-1,0
3987,6483,0
3988,36620,1
3989,38705,0
3990,53829,1
3991,24130,1
3992,27374,1
3993,20021,1
3994,36629,0
3995,23299,1
3996,77015,0
3997,12970,0
3998,19514,0
3999,34097,0
4000,60041,1
4001,97339,1
4002,-1,0
4003,16468,-1
4004,-1,0
4005,73496,-1
4006,29712,0
4007,28898,0
4008,74807,1
4009,48445,0
4010,91426,1
4011,43343,-1
4012,-1,0
4013,48715,0
4014,87158,1
4015,52608,0
4016,57852,0
4017,52345,0
4018,58837,0
4019,20469,1
4020,16358,0
4021,93204,0
4022,-1,0
4023,91655,1
4024,43224,1
4025,34523,0
4026,94482,1
4027,57900,-1
4028,18717,0
4029,4270,-1
4030,91818,0
4031,79928,-1
4032,42503,0
4033,4594,1
4034,16815,-1
4035,-1,0
4036,7086,-1
4037,20441,0
4038,-1,0
4039,-1,0
4040,98668,1
4041,55684,0
4042,-1,0
4043,53396,0
4044,7388,0
4045,8815,1
4046,90690,0
4047,2697,0
4048,54999,0
4049,94596,-1
4050,90239,-1
4051,84375,1
4052,-1,0
4053,5086,0
4054,65323,-1
4055,-1,0
4056,56253,0
4057,14122,0
4058,74834,1
4059,31091,0
4060,14461,0
4061,63707,0
4062,2838,1
4063,14310,0
4064,85855,-1
4065,-1,0
4066,70519,1
4067,84313,0
4068,14827,1
4069,16818,-1
4070,10347,0
4071,78077,1
4072,81325,0
4073,98840,0
4074,-1,0
4075,83012,0
4076,17620,0
4077,-1,0
4078,99830,-1
4079,57759,-1
4080,-1,0
4081,32281,-1
4082,11940,0
4083,-1,0
4084,15211,-1
4085,61844,1
4086,21226,1
4087,50357,1
4088,-1,0
4089,37796,0
4090,96534,-1
4091,44225,0
4092,83744,-1
4093,61852,0
4094,22276,0
4095,70122,0
4096,73,0
4097,1055,0
4098,58723,1
4099,16360,0
4100,8270,0
4101,14418,-1
4102,33782,0
4103,2720,0
4104,20040,-1
4105,40564,0
4106,67017,0
4107,7307,1
4108,47753,1
4109,78017,0
4110,86250,0
4111,24929,0
4112,54260,1
4113,56436,0
4114,35900,-1
4115,10628,0
4116,48397,0
4117,72232,1
4118,3232,0
4119,47423,0
4120,27923,0
4121,-1,0
4122,32654,-1
4123,90912,0
4124,17121,0
4125,90118,1
4126,92312,0
4127,-1,0
4128,94377,0
4129,92431,1
4130,53673,0
4131,84989,0
4132,7092,-1
4133,57506,1
4134,26952,0
4135,87012,0
4136,81569,0
4137,1440,0
4138,9228,0
4139,15697,-1
4140,42806,1
4141,37263,-1
4142,89096,1
4143,58293,1
4144,66131,1
4145,74782,-1
4146,98556,0
4147,75793,-1
4148,9150,0
4149,68162,0
4150,99047,1
4151,10111,0
4152,62666,0
4153,24742,-1
4154,62076,1
4155,1384,0
4156,82027,0
4157,27169,1
4158,14639,0
4159,74159,1
4160,68046,0
4161,17647,0
4162,77571,1
4163,88422,1
4164,78202,0
4165,87383,0
4166,-1,0
4167,-1,0
4168,18123,-1
4169,18748,-1
4170,61116,1
4171,79270,1
4172,-1,0
4173,-1,0
4174,-1,0
4175,28236,-1
4176,39715,1
4177,87086,0
4178,20159,0
4179,-1,0
4180,95629,-1
4181,4045,1
4182,30403,0
4183,-1,0
4184,80606,0
4185,9946,0
4186,18049,-1
4187,93406,1
4188,99122,0
4189,41087,0
4190,96344,1
4191,87159,-1
4192,62993,0
4193,-1,0
4194,93272,1
4195,13818,0
4196,91412,-1
4197,41597,0
4198,88831,-1
4199,74141,0
4200,2441,0
4201,-1,0
4202,28601,0
4203,75193,0
4204,32697,-1
4205,82013,-1
4206,58024,1
4207,-1,0
4208,-1,0
4209,32550,0
4210,35732,-1
4211,79026,1
4212,-1,0
4213,74708,0
4214,-1,0
4215,65800,1
4216,10116,-1
4217,28173,1
4218,39180,0
4219,92345,0
4220,44425,0
4221,79874,1
4222,62930,0
4223,58462,0
4224,65658,-1
4225,67702,1
4226,23523,0
4227,69286,0
4228,37019,0
4229,3765,1
4230,-1,0
4231,58005,-1
4232,48315,0
4233,84971,0
4234,-1,0
4235,18949,0
4236,20440,1
4237,90084,0
4238,47989,0
4239,74057,0
4240,78893,-1
4241,42754,-1
4242,55919,0
4243,30559,0
4244,94143,1
4245,75657,0
4246,-1,0
4247,98974,1
4248,64336,0
4249,45434,-1
4250,91827,-1
4251,40443,0
4252,83083,0
4253,93477,0
4254,-1,0
4255,38008,0
4256,75157,0
4257,70235,-1
4258,58893,0
4259,68739,1
4260,49,-1
4261,16086,0
4262,9580,-1
4263,95650,0
4264,91460,1
4265,42277,-1
4266,36422,1
4267,96571,0
4268,11852,1
4269,81334,-1
4270,90464,1
4271,27048,0
4272,13639,1
4273,43759,-1
4274,-1,0
4275,70187,0
4276,-1,0
4277,69869,0
4278,80904,-1
4279,629,-1
4280,71801,1
4281,1781,1
4282,66860,0
4283,46618,-1
4284,95714,1
4285,31281,0
4286,98959,0
4287,50468,0
4288,41507,1
4289,-1,0
4290,13738,0
4291,60,0
4292,18986,1
4293,40741,0
4294,80789,-1
4295,-1,0
4296,93081,1
4297,-1,0
4298,48801,0
4299,44502,-1
4300,83709,0
4301,14424,-1
4302,64514,0
4303,31523,0
4304,57598,0
4305,94079,0
4306,44526,0
4307,53462,1
4308,71506,-1
4309,54055,0
4310,-1,0
4311,87856,1
4312,84891,0
4313,16401,1
4314,85832,-1
4315,7590,-1
4316,75724,1
4317,57474,1
4318,15135,0
4319,18522,0
4320,24531,-1
4321,3941,-1
4322,34887,-1
4323,93670,0
4324,-1,0
4325,68993,-1
4326,61848,1
4327,66950,-1
4328,38030,-1
4329,5162,-1
4330,3753,0
4331,39838,1
4332,96811,-1
4333,-1,0
4334,67125,0
4335,98906,0
4336,40783,1
4337,-1,0
4338,90636,0
4339,35650,-1
4340,99644,1
4341,84976,1
4342,87121,0
4343,-1,0
4344,89984,0
4345,97694,1
4346,36600,0
4347,17510,0
4348,58151,1
4349,44182,-1
4350,23556,1
4351,80347,0
4352,13490,1
4353,54437,1
4354,91947,0
4355,11024,-1
4356,59186,-1
4357,27409,0
4358,43470,1
4359,18150,0
4360,46948,0
4361,63928,1
4362,81972,0
4363,98622,1
4364,30430,-1
4365,7158,-1
4366,34617,1
4367,-1,0
4368,43753,1
4369,-1,0
4370,43498,1
4371,94846,-1
4372,67797,-1
4373,68824,1
4374,12102,-1
4375,58056,1
4376,31466,-1
4377,9338,0
4378,32994,1
4379,72706,0
4380,23481,-1
4381,12430,1
4382,80716,1
4383,59800,0
4384,27528,1
4385,21976,1
4386,52686,0
4387,33024,1
4388,-1,0
4389,55323,-1
4390,9313,0
4391,50997,-1
4392,41070,1
4393,64429,-1
4394,57247,-1
4395,68312,0
4396,60815,-1
4397,86865,0
4398,48347,0
4399,58082,0
4400,99671,1
4401,73023,0
4402,70127,0
4403,19547,-1
4404,13215,0
4405,53155,1
4406,-1,0
4407,12947,0
4408,97063,1
4409,57386,1
4410,45417,1
4411,38889,0
4412,79391,0
4413,28644,-1
4414,75246,0
4415,66796,0
4416,27700,-1
4417,83142,1
4418,-1,0
4419,98643,0
4420,28632,0
4421,98600,0
4422,28201,-1
4423,26508,0
4424,18542,-1
4425,-1,0
4426,34187,0
4427,20864,1
4428,-1,0
4429,91144,-1
4430,-1,0
4431,72439,0
4432,71821,0
4433,68098,0
4434,88542,0
4435,37217,-1
4436,30781,1
4437,9659,0
4438,34697,1
4439,98650,0
4440,61146,1
4441,10855,1
4442,-1,0
4443,7935,0
4444,94851,-1
4445,77096,1
4446,7542,0
4447,68418,0
4448,80994,1
4449,-1,0
4450,-1,0
4451,79900,0
4452,-1,0
4453,66104,1
4454,50269,-1
4455,45803,0
4456,28510,-1
4457,41104,1
4458,36361,1
4459,4484,-1
4460,20554,1
4461,25149,0
4462,25923,1
4463,55997,1
4464,96820,0
4465,40890,0
4466,3936,1
4467,34556,-1
4468,52836,-1
4469,11230,0
4470,86959,0
4471,49479,-1
4472,34218,0
4473,16425,0
4474,67667,-1
4475,-1,0
4476,46497,-1
4477,24474,-1
4478,19230,1
4479,46715,-1
4480,15292,0
4481,85353,-1
4482,36319,0
4483,38555,-1
4484,15279,1
4485,80861,0
4486,1331,0
4487,37422,0
4488,13829,1
4489,-1,0
4490,-1,0
4491,-1,0
4492,90997,-1
4493,32188,1
4494,37180,1
4495,11192,1
4496,83003,-1
4497,89437,1
4498,12451,0
4499,-1,0
4500,70447,-1
4501,15582,0
4502,99435,-1
4503,18347,0
4504,1628,0
4505,97361,-1
4506,64145,0
4507,63721,-1
4508,96654,0
4509,65663,0
4510,62958,0
4511,59449,-1
4512,73561,0
4513,24878,0
4514,-1,0
4515,4396,0
4516,26053,1
4517,35448,-1
4518,-1,0
4519,51010,-1
4520,6747,1
4521,93711,-1
4522,24642,0
4523,-1,0
4524,32805,0
4525,33036,1
4526,74483,1
4527,64650,0
4528,18677,0
4529,94577,0
4530,8507,-1
4531,51248,1
4532,90406,0
4533,75539,0
4534,30764,1
4535,43164,-1
4536,502,0
4537,87037,0
4538,60779,0
4539,52974,0
4540,-1,0
4541,86026,0
4542,12936,0
4543,86891,0
4544,89451,1
4545,16693,1
4546,68485,-1
4547,81733,-1
4548,67609,1
4549,34502,0
4550,58011,-1
4551,49583,0
4552,29916,1
4553,84360,1
4554,59890,-1
4555,55128,-1
4556,-1,0
4557,54967,1
4558,83845,0
4559,92717,-1
4560,19034,0
4561,23233,1
4562,29784,0
4563,24126,-1
4564,70053,0
4565,-1,0
4566,96216,0
4567,12585,1
4568,76035,0
4569,-1,0
4570,80303,0
4571,-1,0
4572,83094,1
4573,58689,-1
4574,48575,0
4575,92646,0
4576,63798,1
4577,-1,0
4578,-1,0
4579,16142,1
4580,59907,0
4581,82873,-1
4582,6575,0
4583,91574,-1
4584,-1,0
4585,59542,0
4586,50973,-1
4587,87635,0
4588,34792,-1
4589,-1,0
4590,51713,1
4591,20193,0
4592,-1,0
4593,21007,1
4594,41522,1
4595,65549,0
4596,59888,-1
4597,28994,-1
4598,2950,1
4599,72440,0
4600,16504,-1
4601,74053,1
4602,14326,-1
4603,-1,0
4604,83699,0
4605,60803,0
4606,48303,1
4607,77581,0
4608,62489,0
4609,47173,0
4610,-1,0
4611,-1,0
4612,6318,0
4613,86838,1
4614,57953,1
4615,86971,-1
4616,99874,1
4617,902,0
4618,44374,1
4619,88959,-1
4620,35285,0
4621,-1,0
4622,-1,0
4623,20430,1
4624,70581,1
4625,58402,-1
4626,79205,0
4627,60638,-1
4628,37525,0
4629,18951,1
4630,15186,0
4631,56648,0
4632,83026,1
4633,66550,0
4634,61030,-1
4635,97361,0
4636,74169,1
4637,48715,-1
4638,41952,0
4639,30955,1
4640,52413,0
4641,98999,-1
4642,36259,1
4643,-1,0
4644,96430,-1
4645,73073,-1
4646,77977,0
4647,73852,0
4648,66753,0
4649,59746,-1
4650,25565,-1
4651,17099,0
4652,27349,0
4653,57083,1
4654,39229,0
4655,71365,1
4656,91684,0
4657,20588,-1
4658,75058,1
4659,3192,0
4660,70402,0
4661,2903,0
4662,50032,0
4663,29803,0
4664,29081,0
4665,-1,0
4666,55815,1
4667,27990,0
4668,13998,0
4669,12302,0
4670,-1,0
4671,-1,0
4672,23668,0
4673,29572,0
4674,24044,0
4675,99,0
4676,14371,0
4677,19952,1
4678,67362,0
4679,47727,0
4680,19442,1
4681,9480,0
4682,31714,1
4683,2646,1
4684,59779,0
4685,40802,0
4686,86154,0
4687,5292,1
4688,45841,0
4689,-1,0
4690,-1,0
4691,72248,0
4692,30103,0
4693,12256,-1
4694,12843,1
4695,31932,1
4696,54870,-1
4697,16673,0
4698,22302,-1
4699,-1,0
4700,26363,-1
4701,80754,-1
4702,3090,1
4703,28098,1
4704,56842,0
4705,48377,0
4706,77815,1
4707,-1,0
4708,96211,0
4709,97631,1
4710,-1,0
4711,50514,-1
4712,48600,-1
4713,-1,0
4714,53990,1
4715,91053,0
4716,31356,-1
4717,38948,0
4718,35772,-1
4719,31182,1
4720,94375,0
4721,47944,1
4722,69054,1
4723,94314,1
4724,9733,0
4725,32043,1
4726,15160,-1
4727,67487,0
4728,12483,-1
4729,38445,0
4730,-1,0
4731,61485,-1
4732,47289,1
4733,56006,0
4734,10189,0
4735,40564,-1
4736,70495,0
4737,36942,0
4738,69256,0
4739,44734,0
4740,22135,0
4741,42847,0
4742,59796,0
4743,35044,-1
4744,63930,0
4745,43408,0
4746,79053,1
4747,53965,0
4748,89206,-1
4749,7515,0
4750,68349,0
4751,64227,-1
4752,47856,0
4753,47075,-1
4754,2815,1
4755,13522,-1
4756,53950,1
4757,79196,0
4758,44522,1
4759,2892,-1
4760,98818,0
4761,84521,0
4762,-1,0
4763,-1,0
4764,71016,1
4765,49741,0
4766,66644,0
4767,-1,0
4768,3210,0
4769,53662,0
4770,17933,0
4771,88594,1
4772,-1,0
4773,-1,0
4774,258,0
4775,-1,0
4776,-1,0
4777,40333,0
4778,61720,1
4779,40344,1
4780,20403,0
4781,62047,-1
4782,-1,0
4783,33960,0
4784,62275,-1
4785,64377,0
4786,91460,0
4787,-1,0
4788,-1,0
4789,-1,0
4790,30893,0
4791,79749,1
4792,52592,1
4793,39867,1
4794,32602,0
4795,24695,1
4796,65448,1
4797,75929,-1
4798,43864,-1
4799,18860,1
4800,6960,0
4801,-1,0
4802,49315,0
4803,91767,0
4804,40321,1
4805,23351,1
4806,17021,0
4807,13805,0
4808,9509,-1
4809,7907,0
4810,18144,1
4811,96772,1
4812,44367,0
4813,28299,-1
4814,81886,0
4815,93995,1
4816,74413,0
4817,63645,0
4818,-1,0
4819,75597,1
4820,59759,-1
4821,55890,0
4822,78312,0
4823,82156,0
4824,58663,0
4825,62960,-1
4826,51323,-1
4827,83948,1
4828,74129,1
4829,98563,0
4830,48705,-1
4831,36608,0
4832,92360,0
4833,27409,1
4834,16038,1
4835,8314,0
4836,75566,-1
4837,20683,0
4838,89494,0
4839,57738,0
4840,46924,1
4841,54498,0
4842,-1,0
4843,38735,0
4844,52637,1
4845,15899,1
4846,-1,0
4847,44329,0
4848,66577,0
4849,32645,0
4850,75636,0
4851,-1,0
4852,71839,-1
4853,99742,-1
4854,42163,1
4855,96754,0
4856,59539,0
4857,34905,-1
4858,26807,0
4859,-1,0
4860,8545,-1
4861,2807,-1
4862,48322,1
4863,42291,0
4864,6399,0
4865,85643,0
4866,50403,0
4867,18410,-1
4868,8215,-1
4869,44341,-1
4870,-1,0
4871,53501,0
4872,35785,0
4873,72309,0
4874,-1,0
4875,39282,1
4876,8633,1
4877,87471,0
4878,-1,0
4879,21426,-1
4880,98768,0
4881,-1,0
4882,22020,1
4883,8333,1
4884,28354,1
4885,-1,0
4886,-1,0
4887,88356,1
4888,12725,0
4889,92149,0
4890,39045,0
4891,19557,1
4892,-1,0
4893,16965,-1
4894,21665,0
4895,55088,1
4896,-1,0
4897,98001,0
4898,64988,0
4899,3553,1
4900,5988,0
4901,50014,1
4902,69683,0
4903,33110,-1
4904,96413,1
4905,99287,0
4906,-1,0
4907,37704,0
4908,60398,0
4909,75405,-1
4910,3364,0
4911,94707,0
4912,-1,0
4913,78164,1
4914,2744,0
4915,6886,0
4916,40083,-1
4917,38444,-1
4918,-1,0
4919,51940,0
4920,-1,0
4921,51822,0
4922,8230,1
4923,81014,-1
4924,98212,0
4925,11722,1
4926,58343,0
4927,70378,0
4928,18048,1
4929,30832,0
4930,49123,-1
4931,77627,1
4932,-1,0
4933,8687,0
4934,44350,0
4935,25668,0
4936,59728,1
4937,-1,0
4938,67277,1
4939,96891,-1
4940,45960,-1
4941,50279,1
4942,13048,0
4943,16506,0
4944,91479,0
4945,22856,0
4946,15525,-1
4947,-1,0
4948,39417,1
4949,15443,-1
4950,40279,0
4951,87625,-1
4952,26892,0
4953,70802,1
4954,87789,1
4955,1581,-1
4956,46935,0
4957,12667,0
4958,57138,0
4959,11003,0
4960,9975,1
4961,-1,0
4962,81510,0
4963,56513,-1
4964,27035,1
4965,72404,0
4966,20087,-1
4967,1907,1
4968,-1,0
4969,-1,0
4970,-1,0
4971,42402,-1
4972,34400,0
4973,53664,1
4974,71632,-1
4975,19113,-1
4976,-1,0
4977,37721,0
4978,-1,0
4979,86953,-1
4980,67927,-1
4981,-1,0
4982,959,1
4983,-1,0
4984,90944,0
4985,54102,-1
4986,68983,1
4987,9982,-1
4988,53930,0
4989,64922,0
4990,41530,0
4991,26076,0
4992,78584,0
4993,90584,0
4994,-1,0
4995,9385,-1
4996,-1,0
4997,-1,0
4998,-1,0
4999,62620,-1
5000,43874,0
5001,-1,0
5002,67162,0
5003,29004,1
5004,-1,0
5005,19994,0
5006,48107,0
5007,43481,0
5008,43776,-1
5009,87971,0
5010,93901,-1
5011,66961,0
5012,75642,0
5013,2424,-1
5014,15880,-1
5015,-1,0
5016,81931,0
5017,92534,-1
5018,24894,-1
5019,44423,0
5020,50664,1
5021,53045,0
5022,12500,1
5023,1401,0
5024,3315,0
5025,51527,0
5026,24148,-1
5027,-1,0
5028,88376,0
5029,40568,0
5030,16637,1
5031,88633,1
5032,-1,0
5033,25867,1
5034,36017,-1
5035,-1,0
5036,-1,0
5037,12519,0
5038,28661,-1
5039,96432,0
5040,56261,-1
5041,69176,-1
5042,48694,0
5043,31829,0
5044,88687,-1
5045,16307,0
5046,83383,0
5047,38844,0
5048,-1,0
5049,82996,0
5050,19953,0
5051,-1,0
5052,68068,0
5053,6956,-1
5054,81332,0
5055,47581,-1
5056,95817,0
5057,33802,0
5058,36177,0
5059,41455,0
5060,21393,0
5061,15575,-1
5062,5923,-1
5063,97345,-1
5064,-1,0
5065,42976,1
5066,-1,0
5067,44339,0
5068,6635,0
5069,78833,0
5070,30701,0
5071,83567,-1
5072,-1,0
5073,56041,0
5074,51426,1
5075,94716,0
5076,40752,0
5077,-1,0
5078,83725,0
5079,35060,-1
5080,22528,0
5081,13519,0
5082,44937,0
5083,40147,1
5084,70623,-1
5085,-1,0
5086,55616,1
5087,-1,0
5088,58369,1
5089,57826,0
5090,73713,0
5091,10041,-1
5092,87301,0
5093,38751,-1
5094,-1,0
5095,48428,0
5096,67417,0
5097,26482,1
5098,84222,1
5099,59507,0
5100,52341,1
5101,-1,0
5102,17337,0
5103,42078,0
5104,46536,1
5105,10832,1
5106,2987,0
5107,32984,0
5108,-1,0
5109,-1,0
5110,-1,0
5111,17960,1
5112,71098,1
5113,22753,1
5114,-1,0
5115,2692,0
5116,99717,-1
5117,75190,1
5118,-1,0
5119,29864,-1
5120,-1,0
5121,-1,0
5122,11971,-1
5123,63465,-1
5124,49545,-1
5125,79261,1
5126,59913,0
5127,41443,0
5128,89642,-1
5129,5667,0
5130,87465,-1
5131,87470,0
5132,20844,-1
5133,54419,1
5134,63848,-1
5135,-1,0
5136,74368,0
5137,44296,1
5138,36932,0
5139,53032,0
5140,11150,-1
5141,47445,1
5142,-1,0
5143,-1,0
5144,16664,1
5145,88285,0
5146,21478,-1
5147,45786,0
5148,3604,0
5149,80581,-1
5150,54534,1
5151,48145,-1
5152,37346,1
5153,24566,1
5154,-1,0
5155,95406,1
5156,66214,0
5157,48454,1
5158,-1,0
5159,10812,0
5160,1711,-1
5161,-1,0
5162,71769,0
5163,23626,1
5164,90203,0
5165,16666,0
5166,74138,1
5167,-1,0
5168,-1,0
5169,19543,-1
5170,35985,0
5171,17435,0
5172,58757,0
5173,6293,0
5174,27247,1
5175,14033,1
5176,79849,0
5177,42513,0
5178,-1,0
5179,4673,0
5180,54219,0
5181,31801,0
5182,-1,0
5183,65200,0
5184,-1,0
5185,50009,1
5186,-1,0
5187,17161,0
5188,23836,0
5189,93268,0
5190,72716,0
5191,43119,1
5192,48114,1
5193,6674,0
5194,6080,0
5195,47313,0
5196,37733,0
5197,-1,0
5198,29382,0
5199,95595,1
5200,-1,0
5201,71687,0
5202,10405,0
5203,83409,-1
5204,2909,1
5205,64776,-1
5206,-1,0
5207,50912,0
5208,29166,0
5209,42501,1
5210,61718,0
5211,61743,0
5212,-1,0
5213,11759,-1
5214,-1,0
5215,12281,0
5216,54795,1
5217,20090,-1
5218,59782,0
5219,16878,0
5220,97806,-1
5221,-1,0
5222,67006,1
5223,28163,1
5224,162,0
5225,76327,-1
5226,86717,1
5227,5042,0
5228,81578,0
5229,6368,-1
5230,49776,0
5231,10549,0
5232,-1,0
5233,46056,1
5234,21834,-1
5235,21407,0
5236,68163,-1
5237,34930,0
5238,26404,0
5239,40026,-1
5240,48050,0
5241,22242,0
5242,87947,-1
5243,59786,0
5244,11766,0
5245,84578,0
5246,52192,0
5247,66835,1
5248,81994,0
5249,320,-1
5250,47443,0
5251,-1,0
5252,-1,0
5253,74770,1
5254,37655,1
5255,72375,0
5256,11238,-1
5257,30483,-1
5258,14422,0
5259,92011,0
5260,95139,0
5261,5780,-1
5262,99648,0
5263,63596,-1
5264,85169,0
5265,81253,1
5266,24586,0
5267,54081,0
5268,60332,-1
5269,98189,-1
5270,62479,1
5271,51518,1
5272,-1,0
5273,95509,0
5274,16796,0
5275,-1,0
5276,51792,-1
5277,8983,0
5278,95450,-1
5279,-1,0
5280,15563,0
5281,30777,0
5282,37388,0
5283,41967,1
5284,66654,0
5285,95791,0
5286,57044,0
5287,-1,0
5288,70596,0
5289,-1,0
5290,99872,0
5291,63880,-1
5292,51686,1
5293,21553,0
5294,80729,1
5295,-1,0
5296,-1,0
5297,67111,0
5298,27885,-1
5299,7560,-1
5300,-1,0
5301,69314,0
5302,-1,0
5303,73769,-1
5304,59220,0
5305,57588,-1
5306,83425,1
5307,9326,0
5308,70186,-1
5309,48811,-1
5310,48986,0
5311,76109,0
5312,65393,-1
5313,2589,0
5314,-1,0
5315,-1,0
5316,41669,0
5317,72010,0
5318,23796,0
5319,65078,1
5320,23613,-1
5321,21209,0
5322,97007,-1
5323,-1,0
5324,-1,0
5325,68047,-1
5326,70554,1
5327,-1,0
5328,51748,-1
5329,57313,-1
5330,59708,0
5331,45926,0
5332,9661,0
5333,-1,0
5334,-1,0
5335,47903,0
5336,-1,0
5337,2099,0
5338,-1,0
5339,87007,-1
5340,51001,-1
5341,-1,0
5342,61250,0
5343,-1,0
5344,95882,0
5345,7038,-1
5346,59301,0
5347,-1,0
5348,9114,0
5349,49976,0
5350,-1,0
5351,86119,0
5352,54831,0
5353,38694,0
5354,46444,-1
5355,92051,0
5356,35720,0
5357,76646,1
5358,-1,0
5359,60560,0
5360,41757,1
5361,55567,0
5362,45067,1
5363,39340,0
5364,85895,-1
5365,58635,1
5366,-1,0
5367,88499,0
5368,-1,0
5369,51708,1
5370,99928,0
5371,82674,0
5372,24533,0
5373,87019,-1
5374,7654,-1
5375,52150,-1
5376,74091,0
5377,-1,0
5378,42504,0
5379,88058,0
5380,10927,0
5381,67966,1
5382,88977,0
5383,9992,0
5384,1939,0
5385,37813,0
5386,43248,-1
5387,56530,0
5388,5984,1
5389,94296,1
5390,6388,0
5391,13754,0
5392,75041,0
5393,-1,0
5394,43902,1
5395,12351,0
5396,-1,0
5397,-1,0
5398,79388,0
5399,38335,0
5400,68134,0
5401,98244,0
5402,27629,0
5403,18534,0
5404,28013,-1
5405,51601,1
5406,51821,1
5407,53502,0
5408,96854,0
5409,57360,-1
5410,81916,0
5411,55831,0
5412,55188,0
5413,-1,0
5414,94268,1
5415,77840,0
5416,46328,0
5417,-1,0
5418,45594,1
5419,-1,0
5420,4337,0
5421,30634,-1
5422,55189,0
5423,21644,0
5424,92655,0
5425,80939,-1
5426,7755,1
5427,34558,-1
5428,9798,0
5429,-1,0
5430,69671,0
5431,-1,0
5432,-1,0
5433,38212,0
5434,9105,-1
5435,21705,0
5436,70348,1
5437,56486,0
5438,45054,0
5439,94057,0
5440,84895,0
5441,21585,0
5442,42657,0
5443,91796,-1
5444,-1,0
5445,12522,-1
5446,66589,1
5447,17954,-1
5448,67759,1
5449,9310,1
5450,75611,-1
5451,68640,1
5452,94208,0
5453,89842,0
5454,74299,0
5455,62301,-1
5456,57704,-1
5457,5729,-1
5458,14390,1
5459,22558,0
5460,88416,0
5461,82316,1
5462,86430,0
5463,31223,1
5464,53388,0
5465,54195,0
5466,97341,-1
5467,-1,0
5468,51009,1
5469,24618,-1
5470,-1,0
5471,87872,0
5472,61842,0
5473,99877,-1
5474,43436,0
5475,37104,1
5476,44344,-1
5477,7777,0
5478,58692,-1
5479,-1,0
5480,69230,-1
5481,-1,0
5482,32714,1
5483,-1,0
5484,12575,-1
5485,91229,0
5486,59481,0
5487,13175,1
5488,54091,1
5489,6015,-1
5490,98371,0
5491,93037,-1
5492,69820,0
5493,38380,0
5494,91927,1
5495,56154,1
5496,-1,0
5497,53593,1
5498,47666,1
5499,73096,0
5500,-1,0
5501,25551,0
5502,13597,0
5503,51847,1
5504,-1,0
5505,48258,-1
5506,97643,0
5507,48144,1
5508,-1,0
5509,3657,-1
5510,80256,-1
5511,63890,1
5512,51047,1
5513,55357,-1
5514,27038,-1
5515,29681,0
5516,36291,0
5517,42572,0
5518,84226,1
5519,98691,-1
5520,43280,-1
5521,-1,0
5522,8355,0
5523,34911,0
5524,-1,0
5525,89938,0
5526,86479,0
5527,99746,1
5528,12001,0
5529,12811,0
5530,96960,-1
5531,72603,0
5532,67557,0
5533,83926,-1
5534,75473,-1
5535,55055,-1
5536,10617,-1
5537,55079,-1
5538,3433,0
5539,-1,0
5540,9561,0
5541,-1,0
5542,19429,0
5543,19560,-1
5544,78562,-1
5545,22145,0
5546,8470,1
5547,92798,-1
5548,53322,0
5549,14663,1
5550,-1,0
5551,83155,-1
5552,72431,-1
5553,-1,0
5554,16857,-1
5555,56799,0
5556,72110,0
5557,73314,-1
5558,39669,-1
5559,32963,1
5560,-1,0
5561,19630,1
5562,2626,0
5563,31893,0
5564,-1,0
5565,51425,0
5566,-1,0
5567,-1,0
5568,26093,0
5569,26101,0
5570,65131,0
5571,85100,-1
5572,53385,0
5573,-1,0
5574,58473,-1
5575,6025,-1
5576,86824,0
5577,-1,0
5578,-1,0
5579,71634,0
5580,99899,1
5581,28007,0
5582,91140,1
5583,60050,-1
5584,-1,0
5585,12679,0
5586,68091,0
5587,47989,-1
5588,30368,1
5589,71926,0
5590,-1,0
5591,10591,0
5592,30108,-1
5593,97987,0
5594,-1,0
5595,71794,0
5596,29966,0
5597,26694,0
5598,7879,-1
5599,-1,0
5600,22805,0
5601,80535,1
5602,-1,0
5603,13441,-1
5604,14455,1
5605,15031,0
5606,16059,0
5607,6305,-1
5608,24570,1
5609,27564,0
5610,33414,-1
5611,1088,1
5612,20506,0
5613,65410,0
5614,7085,-1
5615,-1,0
5616,70123,0
5617,75943,0
5618,41912,0
5619,30478,0
5620,58169,0
5621,67737,0
5622,49099,-1
5623,17068,-1
5624,15350,1
5625,70406,1
5626,98982,0
5627,80778,1
5628,36985,0
5629,-1,0
5630,24041,0
5631,-1,0
5632,-1,0
5633,-1,0
5634,49886,1
5635,57508,1
5636,76105,0
5637,-1,0
5638,42474,-1
5639,11028,-1
5640,25081,-1
5641,67205,-1
5642,17175,1
5643,56245,0
5644,5233,0
5645,87215,0
5646,85076,1
5647,-1,0
5648,803,0
5649,55608,0
5650,96858,1
5651,52336,0
5652,-1,0
5653,-1,0
5654,-1,0
5655,-1,0
5656,2128,0
5657,48217,0
5658,3042,1
5659,83637,-1
5660,1772,-1
5661,15938,0
5662,98471,1
5663,34470,-1
5664,56499,0
5665,-1,0
5666,38481,-1
5667,66959,-1
5668,-1,0
5669,83120,1
5670,16374,0
5671,76430,1
5672,66250,0
5673,-1,0
5674,94353,1
5675,92534,0
5676,8091,-1
5677,-1,0
5678,-1,0
5679,30511,0
5680,-1,0
5681,-1,0
5682,57455,-1
5683,87411,-1
5684,45756,0
5685,37439,0
5686,58160,0
5687,74201,0
5688,39979,0
5689,20427,0
5690,-1,0
5691,61260,-1
5692,-1,0
5693,-1,0
5694,44572,-1
5695,72823,1
5696,66266,1
5697,30476,0
5698,67516,0
5699,72613,0
5700,29891,-1
5701,39695,1
5702,89636,-1
5703,13923,0
5704,-1,0
5705,88364,0
5706,47299,0
5707,37452,-1
5708,99405,-1
5709,28931,0
5710,51936,-1
5711,99678,1
5712,21355,-1
5713,87592,1
5714,50546,0
5715,18525,-1
5716,2805,0
5717,-1,0
5718,92899,0
5719,-1,0
5720,160,-1
5721,91694,0
5722,8764,1
5723,77942,0
5724,71265,0
5725,76406,0
5726,84010,1
5727,8636,-1
5728,81832,1
5729,69317,0
5730,63762,-1
5731,87141,1
5732,92645,-1
5733,19592,-1
5734,28234,-1
5735,6688,1
5736,49376,1
5737,79508,1
5738,-1,0
5739,54524,-1
5740,29455,1
5741,50167,0
5742,34586,-1
5743,21085,0
5744,64389,-1
5745,42555,0
5746,46745,-1
5747,-1,0
5748,64205,0
5749,86230,0
5750,9572,-1
5751,-1,0
5752,18430,0
5753,44168,0
5754,92715,0
5755,77379,1
5756,48550,0
5757,16669,1
5758,68177,0
5759,-1,0
5760,76122,1
5761,33680,1
5762,67939,-1
5763,77220,0
5764,44234,0
5765,2161,1
5766,16492,-1
5767,5501,0
5768,-1,0
5769,81782,-1
5770,47162,0
5771,31516,0
5772,51933,-1
5773,-1,0
5774,32142,0
5775,71106,-1
5776,31989,-1
5777,-1,0
5778,27692,-1
5779,48761,0
5780,94847,1
5781,35961,-1
5782,13124,-1
5783,69981,0
5784,54982,1
5785,8046,0
5786,51606,1
5787,-1,0
5788,27159,1
5789,-1,0
5790,55664,-1
5791,46750,1
5792,79281,1
5793,35147,1
5794,81134,1
5795,-1,0
5796,-1,0
5797,27496,-1
5798,59661,1
5799,47571,1
5800,99777,1
5801,168,0
5802,97010,1
5803,16366,-1
5804,59682,0
5805,19575,0
5806,17577,0
5807,16991,-1
5808,40796,1
5809,37495,0
5810,-1,0
5811,58960,0
5812,60104,-1
5813,39295,0
5814,42884,0
5815,69451,1
5816,63258,0
5817,59319,0
5818,51257,0
5819,92803,-1
5820,41770,0
5821,63329,1
5822,78021,0
5823,36482,-1
5824,74177,0
5825,79120,1
5826,88960,1
5827,3184,-1
5828,52024,0
5829,84161,1
5830,-1,0
5831,-1,0
5832,-1,0
5833,51803,0
5834,55449,0
5835,60794,1
5836,-1,0
5837,46198,1
5838,89672,-1
5839,-1,0
5840,13261,1
5841,-1,0
5842,79752,-1
5843,97993,1
5844,25700,0
5845,70210,0
5846,-1,0
5847,50047,-1
5848,47337,-1
5849,95494,1
5850,4610,1
5851,61701,0
5852,85620,0
5853,-1,0
5854,24436,0
5855,26164,1
5856,64694,-1
5857,78208,1
5858,40873,-1
5859,39557,0
5860,47303,0
5861,42345,-1
5862,63008,-1
5863,79211,-1
5864,42739,0
5865,68210,-1
5866,59218,1
5867,51658,0
5868,72901,0
5869,-1,0
5870,62853,0
5871,-1,0
5872,-1,0
5873,-1,0
5874,61477,0
5875,-1,0
5876,43174,-1
5877,22833,-1
5878,21520,1
5879,78718,-1
5880,-1,0
5881,36121,0
5882,70268,0
5883,54609,0
5884,-1,0
5885,7913,0
5886,80332,-1
5887,66266,0
5888,63442,0
5889,874,-1
5890,19854,0
5891,67907,0
5892,-1,0
5893,77548,1
5894,75497,0
5895,44503,-1
5896,3961,0
5897,68184,-1
5898,23835,0
5899,29159,0
5900,79718,0
5901,52221,0
5902,27974,1
5903,15085,-1
5904,-1,0
5905,50472,0
5906,39757,0
5907,27159,0
5908,12955,0
5909,70872,-1
5910,92676,-1
5911,46247,0
5912,81201,-1
5913,81521,0
5914,11675,0
5915,82234,0
5916,67440,-1
5917,76908,-1
5918,47708,-1
5919,88982,-1
5920,72812,1
5921,-1,0
5922,17608,1
5923,97035,0
5924,2896,1
5925,37494,0
5926,61616,1
5927,-1,0
5928,-1,0
5929,89830,0
5930,75044,0
5931,-1,0
5932,2519,0
5933,80019,0
5934,73170,-1
5935,56413,0
5936,82744,-1
5937,-1,0
5938,25289,1
5939,95704,0
5940,94624,1
5941,87150,0
5942,66269,1
5943,84431,-1
5944,-1,0
5945,-1,0
5946,-1,0
5947,28511,0
5948,77433,1
5949,78472,0
5950,54382,1
5951,24527,0
5952,83896,-1
5953,15177,1
5954,22568,0
5955,624,-1
5956,-1,0
5957,72507,-1
5958,45222,0
5959,27845,1
5960,5359,0
5961,19695,-1
5962,47707,-1
5963,68959,0
5964,50545,1
5965,58301,0
5966,71333,1
5967,-1,0
5968,93442,0
5969,94550,-1
5970,-1,0
5971,65054,1
5972,50685,-1
5973,86673,-1
5974,64824,0
5975,70562,0
5976,69560,0
5977,29297,0
5978,82660,0
5979,21869,0
5980,35910,-1
5981,-1,0
5982,-1,0
5983,75050,-1
5984,-1,0
5985,-1,0
5986,28199,0
5987,-1,0
5988,27193,1
5989,92408,0
5990,-1,0
5991,82978,0
5992,77954,-1
5993,6323,0
5994,9469,-1
5995,63815,1
5996,67722,0
5997,-1,0
5998,84190,-1
5999,35300,-1
6000,97528,0
6001,18455,-1
6002,73271,0
6003,40700,0
6004,45707,0
6005,71447,0
6006,52777,1
6007,42099,-1
6008,18300,1
6009,77693,1
6010,46065,1
6011,54908,1
6012,-1,0
6013,96762,0
6014,30696,0
6015,52852,0
6016,8928,-1
6017,-1,0
6018,49325,1
6019,36851,1
6020,89997,1
6021,52178,0
6022,49375,0
6023,47906,0
6024,-1,0
6025,80252,1
6026,9211,1
6027,19680,1
6028,86884,0
6029,96966,0
6030,88382,-1
6031,45524,1
6032,18429,0
6033,54227,0
6034,-1,0
6035,27793,0
6036,2331,0
6037,10543,-1
6038,37966,-1
6039,96084,0
6040,39354,1
6041,59196,-1
6042,43520,1
6043,8527,-1
6044,71167,1
6045,89003,1
6046,62197,0
6047,-1,0
6048,30386,0
6049,47200,0
6050,76953,0
6051,2922,0
6052,62637,0
6053,90292,0
6054,88368,1
6055,-1,0
6056,54341,0
6057,56220,1
6058,83542,1
6059,57378,0
6060,86346,0
6061,48530,-1
6062,-1,0
6063,58209,1
6064,-1,0
6065,24774,0
6066,14555,0
6067,-1,0
6068,15001,1
6069,87195,0
6070,28357,0
6071,29156,-1
6072,-1,0
6073,-1,0
6074,32730,1
6075,77318,0
6076,24016,-1
6077,99370,1
6078,26229,1
6079,31244,0
6080,62186,0
6081,80813,0
6082,10491,-1
6083,15415,-1
6084,41185,-1
6085,22352,1
6086,30572,0
6087,10258,0
6088,80212,0
6089,45812,0
6090,15826,1
6091,47995,-1
6092,60656,0
6093,35958,0
6094,-1,0
6095,28544,1
6096,47783,0
6097,44731,0
6098,33190,1
6099,30244,1
6100,9196,-1
6101,55241,0
6102,35190,0
6103,79277,1
6104,38227,0
6105,25327,1
6106,35352,0
6107,27704,1
6108,89332,-1
6109,1097,0
6110,38763,0
6111,81227,0
6112,23225,0
6113,51014,1
6114,53951,-1
6115,93073,1
6116,13499,1
6117,31812,1
6118,94013,-1
6119,82298,0
6120,29269,1
6121,20065,1
6122,91029,-1
6123,95699,0
6124,82027,-1
6125,18056,0
6126,83200,0
6127,70085,-1
6128,-1,0
6129,93616,1
6130,74266,1
6131,-1,0
6132,26749,0
6133,84730,1
6134,96617,0
6135,26445,1
6136,37273,1
6137,85819,-1
6138,85253,0
6139,-1,0
6140,92536,-1
6141,-1,0
6142,60606,1
6143,16128,0
6144,11198,0
6145,25013,1
6146,-1,0
6147,56878,0
6148,51412,-1
6149,13270,-1
6150,25804,1
6151,98174,-1
6152,-1,0
6153,97988,0
6154,63909,0
6155,83361,-1
6156,83519,0
6157,58405,1
6158,-1,0
6159,99541,0
6160,-1,0
6161,16971,-1
6162,5326,0
6163,-1,0
6164,51309,0
6165,-1,0
6166,68198,1
6167,1834,-1
6168,26781,1
6169,-1,0
6170,77469,0
6171,71856,0
6172,-1,0
6173,64355,0
6174,38771,0
6175,-1,0
6176,86530,0
6177,12526,0
6178,59137,1
6179,-1,0
6180,74216,0
6181,65614,-1
6182,81864,0
6183,61252,0
6184,49057,-1
6185,77775,0
6186,87768,0
6187,91458,0
6188,-1,0
6189,65339,1
6190,17168,0
6191,97579,0
6192,98263,1
6193,55516,-1
6194,75111,1
6195,64402,-1
6196,-1,0
6197,92467,-1
6198,76552,0
6199,28556,0
6200,84907,-1
6201,55919,-1
6202,68393,0
6203,-1,0
6204,60399,0
6205,56607,0
6206,76598,1
6207,78033,-1
6208,89418,0
6209,61881,-1
6210,79473,0
6211,29240,0
6212,33641,0
6213,65110,0
6214,-1,0
6215,77271,0
6216,22352,0
6217,61375,0
6218,63805,0
6219,81137,-1
6220,35422,1
6221,5238,0
6222,-1,0
6223,-1,0
6224,10850,0
6225,79261,0
6226,37583,1
6227,96720,1
6228,42902,1
6229,54245,-1
6230,-1,0
6231,-1,0
6232,65194,1
6233,93764,-1
6234,-1,0
6235,65304,0
6236,73385,0
6237,-1,0
6238,40769,0
6239,66872,0
6240,92290,0
6241,77978,0
6242,-1,0
6243,-1,0
6244,7074,1
6245,98601,0
6246,90411,-1
6247,15598,0
6248,85373,0
6249,1108,-1
6250,43058,0
6251,65902,0
6252,91686,0
6253,34603,0
6254,48628,1
6255,63908,-1
6256,56172,0
6257,17579,-1
6258,-1,0
6259,-1,0
6260,82896,0
6261,72397,1
6262,62141,-1
6263,50362,1
6264,24637,1
6265,86812,0
6266,25809,-1
6267,24155,0
6268,-1,0
6269,72941,1
6270,57012,1
6271,86670,1
6272,35225,0
6273,55575,1
6274,58816,1
6275,83689,-1
6276,71593,0
6277,22593,0
6278,-1,0
6279,4913,0
6280,-1,0
6281,13736,-1
6282,60566,0
6283,37284,1
6284,82330,-1
6285,19298,1
6286,98265,0
6287,70350,1
6288,-1,0
6289,57806,1
6290,55189,-1
6291,97898,0
6292,65706,1
6293,33045,0
6294,95373,1
6295,-1,0
6296,28224,0
6297,-1,0
6298,80149,1
6299,59120,-1
6300,63327,0
6301,-1,0
6302,-1,0
6303,53657,0
6304,79316,0
6305,59151,1
6306,86384,0
6307,2618,0
6308,42100,0
6309,-1,0
6310,-1,0
6311,3593,1
6312,94300,0
6313,40641,1
6314,47108,-1
6315,97901,0
6316,69198,1
6317,-1,0
6318,41817,1
6319,80938,0
6320,37691,0
6321,33032,0
6322,86480,0
6323,14271,0
6324,-1,0
6325,86881,0
6326,54005,1
6327,93830,-1
6328,96619,0
6329,17973,-1
6330,43346,0
6331,32155,-1
6332,32722,0
6333,30538,0
6334,93362,0
6335,22089,-1
6336,44082,0
6337,57363,1
6338,25927,-1
6339,-1,0
6340,88927,0
6341,44025,0
6342,75271,1
6343,29116,-1
6344,-1,0
6345,95763,0
6346,46979,0
6347,84993,-1
6348,93211,0
6349,92758,0
6350,98653,-1
6351,33886,0
6352,29093,1
6353,9944,0
6354,21791,0
6355,76692,1
6356,5681,0
6357,12649,0
6358,-1,0
6359,73934,0
6360,75784,-1
6361,-1,0
6362,46667,0
6363,63114,0
6364,15067,0
6365,-1,0
6366,77792,0
6367,24212,0
6368,63388,0
6369,54360,0
6370,4541,0
6371,18317,0
6372,17560,1
6373,32435,-1
6374,16792,-1
6375,11635,-1
6376,-1,0
6377,40102,0
6378,-1,0
6379,-1,0
6380,67304,1
6381,39990,-1
6382,-1,0
6383,45748,0
6384,91705,1
6385,53754,1
6386,30011,0
6387,16395,-1
6388,56362,0
6389,-1,0
6390,4621,-1
6391,9988,1
6392,43000,0
6393,3484,0
6394,62197,1
6395,3496,0
6396,89952,0
6397,85161,0
6398,37061,-1
6399,39858,0
6400,60946,0
6401,39236,0
6402,67591,0
6403,-1,0
6404,36639,0
6405,13776,1
6406,63577,1
6407,13367,0
6408,-1,0
6409,59962,0
6410,72198,0
6411,12451,-1
6412,95063,0
6413,23594,0
6414,-1,0
6415,46941,1
6416,81426,0
6417,22295,-1
6418,4903,0
6419,90835,-1
6420,69266,1
6421,71195,1
6422,50932,1
6423,14218,0
6424,35701,-1
6425,28618,0
6426,-1,0
6427,49255,0
6428,21115,-1
6429,87422,-1
6430,-1,0
6431,51786,1
6432,16932,0
6433,76078,-1
6434,56322,1
6435,16438,-1
6436,79468,-1
6437,48945,0
6438,54516,1
6439,47222,0
6440,92510,0
6441,77901,-1
6442,41329,-1
6443,-1,0
6444,-1,0
6445,63759,0
6446,7504,1
6447,99582,-1
6448,37633,1
6449,18194,0
6450,57458,0
6451,42385,1
6452,93378,0
6453,64352,-1
6454,6279,0
6455,20462,0
6456,30522,0
6457,38975,1
6458,40879,0
6459,59892,1
6460,49056,0
6461,92465,-1
6462,-1,0
6463,31945,0
6464,32964,-1
6465,96731,0
6466,59565,0
6467,18564,0
6468,75070,0
6469,23503,1
6470,31818,0
6471,-1,0
6472,62408,0
6473,57949,-1
6474,59303,0
6475,84488,0
6476,81702,0
6477,83439,0
6478,98618,-1
6479,65127,0
6480,75474,-1
6481,47643,1
6482,81647,1
6483,43314,-1
6484,80569,-1
6485,84158,-1
6486,29438,-1
6487,83172,0
6488,3549,1
6489,-1,0
6490,19854,-1
6491,39982,1
6492,96234,0
6493,98262,0
6494,71325,-1
6495,23143,0
6496,14214,0
6497,-1,0
6498,48877,0
6499,83622,0
6500,55031,-1
6501,68284,0
6502,50224,0
6503,10266,-1
6504,79989,-1
6505,78839,1
6506,61212,-1
6507,85997,0
6508,57671,0
6509,30318,-1
6510,18659,0
6511,9441,-1
6512,12123,1
6513,78096,-1
6514,56484,0
6515,-1,0
6516,-1,0
6517,-1,0
6518,-1,0
6519,48059,-1
6520,27813,0
6521,91543,1
6522,83620,0
6523,9073,0
6524,87550,0
6525,55904,0
6526,-1,0
6527,-1,0
6528,74325,1
6529,57261,1
6530,43976,0
6531,82252,-1
6532,46060,0
6533,40545,0
6534,8918,0
6535,39599,0
6536,82525,1
6537,69489,0
6538,57535,1
6539,-1,0
6540,36525,0
6541,-1,0
6542,-1,0
6543,62671,1
6544,22207,-1
6545,29846,1
6546,812,-1
6547,72297,0
6548,96937,0
6549,85889,1
6550,77686,0
6551,79470,0
6552,13796,-1
6553,-1,0
6554,33530,1
6555,29175,0
6556,45958,-1
6557,35931,0
6558,86248,0
6559,95464,0
6560,-1,0
6561,17709,-1
6562,83240,0
6563,43747,-1
6564,84877,1
6565,89586,0
6566,83031,0
6567,75774,0
6568,64160,-1
6569,33874,0
6570,17432,1
6571,67008,0
6572,27915,0
6573,-1,0
6574,78581,0
6575,-1,0
6576,64649,1
6577,542,1
6578,61635,0
6579,26360,0
6580,65778,1
6581,98500,0
6582,16024,-1
6583,79441,0
6584,26986,-1
6585,69910,0
6586,27192,0
6587,-1,0
6588,92069,1
6589,-1,0
6590,53244,0
6591,16445,-1
6592,6769,1
6593,39847,0
6594,-1,0
6595,89485,1
6596,-1,0
6597,23260,-1
6598,24871,1
6599,10242,0
6600,48069,1
6601,97726,1
6602,57441,0
6603,65609,0
6604,-1,0
6605,93633,1
6606,6898,-1
6607,49183,0
6608,-1,0
6609,86974,1
6610,20426,-1
6611,122,0
6612,9496,0
6613,78160,0
6614,79056,0
6615,31661,1
6616,27932,1
6617,29617,-1
6618,79542,0
6619,69533,0
6620,33026,0
6621,20187,0
6622,98756,1
6623,59225,0
6624,76419,0
6625,85787,0
6626,4844,0
6627,82193,-1
6628,45028,1
6629,-1,0
6630,77928,0
6631,-1,0
6632,66888,1
6633,57489,0
6634,23678,1
6635,73046,0
6636,-1,0
6637,-1,0
6638,87044,-1
6639,88971,0
6640,3012,0
6641,58421,0
6642,82967,1
6643,27768,1
6644,12660,1
6645,18713,0
6646,75083,0
6647,11554,-1
6648,66554,0
6649,89204,-1
6650,75826,-1
6651,93868,0
6652,59163,0
6653,9902,1
6654,72102,0
6655,40040,0
6656,55633,0
6657,73698,0
6658,69006,1
6659,21281,1
6660,97426,-1
6661,7532,0
6662,97295,-1
6663,67449,0
6664,99124,0
6665,-1,0
6666,42142,1
6667,79275,1
6668,13911,0
6669,9452,0
6670,47837,0
6671,811,0
6672,96181,-1
6673,91156,0
6674,33084,-1
6675,-1,0
6676,54824,1
6677,90586,0
6678,25864,1
6679,6529,0
6680,50089,1
6681,-1,0
6682,89010,0
6683,19504,0
6684,51446,0
6685,27638,-1
6686,-1,0
6687,38139,0
6688,79493,-1
6689,87635,-1
6690,-1,0
6691,77170,0
6692,86625,0
6693,42225,0
6694,58465,-1
6695,38807,-1
6696,79937,-1
6697,15552,1
6698,15610,1
6699,67952,-1
6700,16111,0
6701,512,-1
6702,42464,-1
6703,7122,-1
6704,77095,0
6705,7870,1
6706,83100,0
6707,25515,-1
6708,46008,0
6709,65309,-1
6710,38399,-1
6711,91470,0
6712,40495,1
6713,27329,1
6714,16351,0
6715,42729,1
6716,-1,0
6717,69249,0
6718,24249,0
6719,20271,-1
6720,62001,0
6721,24975,0
6722,-1,0
6723,90773,1
6724,55529,0
6725,96397,-1
6726,48705,0
6727,72596,0
6728,24149,0
6729,76192,0
6730,93728,0
6731,-1,0
6732,26941,0
6733,25211,0
6734,23737,0
6735,81581,0
6736,-1,0
6737,77299,0
6738,19808,1
6739,72354,0
6740,63143,-1
6741,-1,0
6742,56403,-1
6743,26531,0
6744,-1,0
6745,51564,1
6746,86166,0
6747,58610,0
6748,72809,-1
6749,84406,1
6750,98445,-1
6751,-1,0
6752,-1,0
6753,64351,0
6754,57758,0
6755,98302,0
6756,44553,1
6757,-1,0
6758,21570,0
6759,84117,1
6760,38737,-1
6761,97168,0
6762,67410,-1
6763,37405,1
6764,-1,0
6765,99622,0
6766,80989,0
6767,57064,0
6768,47879,0
6769,77433,0
6770,54160,1
6771,54582,1
6772,16594,0
6773,3270,0
6774,93489,1
6775,-1,0
6776,85345,-1
6777,72513,1
6778,99016,-1
6779,34984,1
6780,98730,1
6781,45218,0
6782,35107,1
6783,85073,-1
6784,65264,0
6785,28072,1
6786,85285,-1
6787,20914,-1
6788,57367,0
6789,57269,0
6790,75452,-1
6791,87149,0
6792,50995,0
6793,3205,-1
6794,-1,0
6795,82305,0
6796,71065,-1
6797,53013,0
6798,37736,-1
6799,42266,0
6800,50669,-1
6801,79689,1
6802,63828,0
6803,8150,1
6804,52443,0
6805,75595,0
6806,96303,0
6807,84280,1
6808,28614,1
6809,87752,1
6810,22483,1
6811,73132,0
6812,92096,0
6813,90799,0
6814,8367,0
6815,48517,0
6816,-1,0
6817,77321,1
6818,82192,1
6819,2173,1
6820,79927,1
6821,92050,0
6822,60815,0
6823,37854,0
6824,58685,-1
6825,41833,-1
6826,13323,0
6827,41260,0
6828,22031,-1
6829,73328,1
6830,35686,-1
6831,-1,0
6832,30654,0
6833,-1,0
6834,73691,1
6835,34870,1
6836,96312,0
6837,18041,0
6838,37872,-1
6839,90803,1
6840,11545,1
6841,90190,0
6842,64153,1
6843,-1,0
6844,74249,-1
6845,-1,0
6846,43725,-1
6847,79409,-1
6848,11763,0
6849,81680,0
6850,40502,1
6851,48100,0
6852,67397,0
6853,-1,0
6854,98898,0
6855,-1,0
6856,66386,0
6857,-1,0
6858,34194,0
6859,2026,0
6860,88220,0
6861,13003,0
6862,41376,0
6863,52166,1
6864,70138,0
6865,2477,-1
6866,68118,0
6867,44536,1
6868,38562,0
6869,45618,-1
6870,-1,0
6871,-1,0
6872,15029,-1
6873,49370,1
6874,62313,0
6875,10511,0
6876,-1,0
6877,5981,0
6878,12700,0
6879,-1,0
6880,-1,0
6881,63497,1
6882,87055,0
6883,42308,1
6884,46845,0
6885,40952,0
6886,34234,0
6887,70580,1
6888,65766,0
6889,7062,0
6890,50785,1
6891,-1,0
6892,-1,0
6893,-1,0
6894,78755,-1
6895,-1,0
6896,88303,1
6897,-1,0
6898,47143,-1
6899,21246,-1
6900,64536,1
6901,5112,1
6902,-1,0
6903,42272,-1
6904,15173,0
6905,75993,-1
6906,67261,0
6907,-1,0
6908,41314,1
6909,51620,-1
6910,-1,0
6911,2471,0
6912,75310,1
6913,29588,0
6914,34340,1
6915,29353,-1
6916,69823,-1
6917,2410,0
6918,6410,-1
6919,29076,0
6920,-1,0
6921,80200,1
6922,22138,0
6923,25164,1
6924,12420,0
6925,25434,0
6926,-1,0
6927,84281,0
6928,55273,0
6929,18774,0
6930,-1,0
6931,35455,0
6932,17620,1
6933,93190,1
6934,57414,0
6935,85390,1
6936,20327,0
6937,-1,0
6938,89029,0
6939,16751,0
6940,43386,0
6941,-1,0
6942,93937,1
6943,81082,0
6944,-1,0
6945,9078,0
6946,-1,0
6947,23944,0
6948,52967,0
6949,79516,-1
6950,72951,1
6951,-1,0
6952,14742,0
6953,70068,-1
6954,21115,0
6955,59782,-1
6956,12092,0
6957,-1,0
6958,29171,-1
6959,-1,0
6960,3614,0
6961,60859,-1
6962,12662,1
6963,62232,0
6964,-1,0
6965,89067,0
6966,37388,-1
6967,45139,1
6968,33123,1
6969,43679,-1
6970,98939,1
6971,-1,0
6972,20950,0
6973,2599,1
6974,81165,1
6975,92724,0
6976,26319,-1
6977,62985,0
6978,27841,1
6979,87311,0
6980,85004,0
6981,9859,-1
6982,45934,0
6983,93957,1
6984,-1,0
6985,93114,1
6986,73264,1
6987,50397,0
6988,37434,-1
6989,57934,1
6990,46585,0
6991,89227,0
6992,48937,0
6993,9909,-1
6994,62434,0
6995,29091,-1
6996,-1,0
6997,88669,0
6998,81790,0
6999,63117,-1
7000,36742,0
7001,94644,-1
7002,77092,0
7003,20293,1
7004,61692,0
7005,52107,1
7006,75195,-1
7007,-1,0
7008,97904,0
7009,46293,-1
7010,83581,0
7011,18147,0
7012,97632,0
7013,-1,0
7014,7859,0
7015,91135,0
7016,70294,0
7017,27354,-1
7018,39177,0
7019,40941,0
7020,56762,1
7021,92950,0
7022,54213,1
7023,67283,-1
7024,71495,0
7025,-1,0
7026,74986,1
7027,40457,-1
7028,33620,-1
7029,77410,-1
7030,-1,0
7031,-1,0
7032,42189,0
7033,57894,0
7034,32444,1
7035,83485,0
7036,-1,0
7037,33490,0
7038,93307,0
7039,87009,0
7040,77501,0
7041,33279,-1
7042,-1,0
7043,45846,0
7044,62720,0
7045,79113,0
7046,30566,1
7047,49776,-1
7048,34720,0
7049,49872,-1
7050,32053,0
7051,56559,-1
7052,47323,0
7053,93297,0
7054,34159,-1
7055,95846,0
7056,83267,1
7057,15079,-1
7058,81125,0
7059,84126,0
7060,68575,-1
7061,97005,0
7062,43359,-1
7063,-1,0
7064,54627,0
7065,81010,0
7066,56510,1
7067,80616,1
7068,8575,0
7069,40616,0
7070,36857,1
7071,59493,0
7072,11702,-1
7073,86692,0
7074,60785,0
7075,12684,-1
7076,54498,1
7077,54808,0
7078,88772,0
7079,72278,1
7080,29840,-1
7081,3423,0
7082,-1,0
7083,32226,1
7084,16539,0
7085,78829,0
7086,3642,0
7087,91006,0
7088,22363,0
7089,-1,0
7090,66355,1
7091,2680,0
7092,57963,-1
7093,64278,-1
7094,81374,0
7095,17131,0
7096,1019,-1
7097,-1,0
7098,42535,-1
7099,1166,1
7100,56004,0
7101,49019,-1
7102,73208,0
7103,78764,-1
7104,-1,0
7105,14923,-1
7106,29179,0
7107,53670,0
7108,93835,0
7109,95271,0
7110,84140,0
7111,8080,0
7112,72023,0
7113,82121,1
7114,67125,1
7115,44711,-1
7116,73284,0
7117,15123,0
7118,81942,1
7119,34567,0
7120,47378,-1
7121,25799,0
7122,7346,1
7123,-1,0
7124,42395,0
7125,81708,0
7126,30471,0
7127,95244,1
7128,63142,0
7129,29595,0
7130,-1,0
7131,68040,1
7132,23901,0
7133,83007,0
7134,72499,0
7135,67706,0
7136,68298,-1
7137,51688,0
7138,40060,-1
7139,48041,0
7140,15381,0
7141,52184,0
7142,8350,1
7143,88879,1
7144,21677,0
7145,89638,-1
7146,68595,0
7147,2239,-1
7148,58569,0
7149,69499,-1
7150,63876,0
7151,-1,0
7152,-1,0
7153,83793,-1
7154,80057,0
7155,98450,-1
7156,82393,0
7157,34310,0
7158,48073,0
7159,10424,1
7160,70095,-1
7161,88849,0
7162,-1,0
7163,57859,0
7164,20179,-1
7165,15368,1
7166,35828,1
7167,17412,-1
7168,-1,0
7169,51055,0
7170,62218,1
7171,84696,0
7172,28339,0
7173,80477,1
7174,81617,1
7175,26785,0
7176,81122,0
7177,50490,0
7178,95406,0
7179,50096,-1
7180,427,0
7181,25640,1
7182,62879,0
7183,57484,1
7184,41958,0
7185,16527,0
7186,860,0
7187,77332,-1
7188,21743,-1
7189,83647,-1
7190,46338,0
7191,45265,-1
7192,64359,1
7193,52688,-1
7194,25554,-1
7195,27974,0
7196,9482,0
7197,253,-1
7198,4757,0
7199,82268,1
7200,35279,1
7201,-1,0
7202,-1,0
7203,42475,0
7204,35697,1
7205,49191,0
7206,7843,0
7207,79703,0
7208,70397,1
7209,5102,1
7210,-1,0
7211,79557,0
7212,20098,0
7213,86176,0
7214,22374,0
7215,58526,-1
7216,36841,-1
7217,78446,0
7218,-1,0
7219,56931,0
7220,80317,-1
7221,15370,0
7222,32695,0
7223,5524,-1
7224,47318,0
7225,86042,0
7226,75540,0
7227,4182,0
7228,11277,-1
7229,56549,-1
7230,79202,-1
7231,18052,1
7232,22829,1
7233,41672,0
7234,12475,0
7235,39305,0
7236,41848,1
7237,82445,0
7238,30023,-1
7239,74987,1
7240,67882,0
7241,10644,1
7242,71747,-1
7243,10244,0
7244,72286,0
7245,20821,0
7246,26418,0
7247,-1,0
7248,21083,0
7249,86220,0
7250,97503,0
7251,-1,0
7252,5402,0
7253,53215,0
7254,79313,0
7255,63163,0
7256,97671,0
7257,52815,-1
7258,41116,-1
7259,88612,0
7260,5038,0
7261,555,1
7262,49964,1
7263,93372,0
7264,97322,1
7265,-1,0
7266,31604,1
7267,-1,0
7268,8639,0
7269,87538,0
7270,20070,0
7271,74189,0
7272,80399,0
7273,-1,0
7274,93005,0
7275,36781,0
7276,98861,0
7277,40660,0
7278,48630,0
7279,81696,1
7280,49499,-1
7281,-1,0
7282,33870,0
7283,33097,-1
7284,28447,0
7285,-1,0
7286,11305,1
7287,70273,0
7288,86424,0
7289,17178,-1
7290,96068,0
7291,83951,0
7292,98961,0
7293,82074,0
7294,84334,1
7295,81714,-1
7296,57887,0
7297,52968,0
7298,9820,0
7299,37561,-1
7300,55348,0
7301,78565,-1
7302,71983,0
7303,88765,0
7304,60773,-1
7305,89956,0
7306,15100,1
7307,36632,-1
7308,86696,0
7309,-1,0
7310,43131,0
7311,91063,0
7312,74969,1
7313,53805,-1
7314,56538,0
7315,1327,0
7316,40188,1
7317,94947,0
7318,48442,0
7319,33098,0
7320,33542,0
7321,58886,1
7322,63835,0
7323,80677,0
7324,84625,1
7325,-1,0
7326,70360,0
7327,77122,1
7328,19841,0
7329,8599,-1
7330,2062,-1
7331,89764,1
7332,53656,0
7333,87110,-1
7334,84800,-1
7335,-1,0
7336,69252,-1
7337,58781,0
7338,63286,0
7339,34308,0
7340,7327,-1
7341,-1,0
7342,86404,1
7343,62498,1
7344,27332,0
7345,81764,-1
7346,7597,0
7347,98843,1
7348,8976,1
7349,2480,0
7350,6283,0
7351,18299,0
7352,96491,0
7353,-1,0
7354,5501,-1
7355,65976,1
7356,-1,0
7357,43653,-1
7358,71671,0
7359,76271,0
7360,17493,1
7361,43597,0
7362,56314,-1
7363,70744,0
7364,22598,-1
7365,82412,0
7366,43682,-1
7367,-1,0
7368,95163,-1
7369,52919,0
7370,82329,0
7371,-1,0
7372,-1,0
7373,12936,1
7374,74436,1
7375,36000,0
7376,55937,-1
7377,94358,0
7378,50162,0
7379,72903,0
7380,47205,-1
7381,42719,0
7382,89441,0
7383,86021,1
7384,-1,0
7385,12973,0
7386,69657,0
7387,9291,1
7388,-1,0
7389,74690,0
7390,72552,1
7391,84786,0
7392,47467,0
7393,96848,1
7394,85703,1
7395,59173,-1
7396,97233,0
7397,65944,1
7398,11738,0
7399,23198,-1
7400,3515,1
7401,-1,0
7402,-1,0
7403,98305,0
7404,11033,-1
7405,49119,-1
7406,-1,0
7407,24029,1
7408,904,0
7409,44070,0
7410,52722,0
7411,66090,1
7412,36880,0
7413,20734,1
7414,-1,0
7415,-1,0
7416,11052,0
7417,13058,0
7418,48789,1
7419,32967,0
7420,63800,1
7421,16629,0
7422,93681,0
7423,12773,0
7424,72813,0
7425,27655,0
7426,81514,1
7427,43867,0
7428,22380,-1
7429,69589,1
7430,63609,0
7431,53187,-1
7432,78615,-1
7433,13071,-1
7434,59144,-1
7435,-1,0
7436,87388,-1
7437,55948,0
7438,81405,0
7439,61145,0
7440,17248,1
7441,45144,-1
7442,17691,0
7443,64430,0
7444,32775,0
7445,31176,-1
7446,70932,0
7447,-1,0
7448,96979,0
7449,23650,-1
7450,55524,1
7451,37471,0
7452,69325,0
7453,90244,0
7454,89777,0
7455,59506,0
7456,69963,0
7457,40161,0
7458,-1,0
7459,15899,0
7460,87251,1
7461,19574,1
7462,65694,-1
7463,93110,0
7464,66066,0
7465,7215,1
7466,-1,0
7467,83122,1
7468,62872,0
7469,60396,1
7470,66818,-1
7471,68076,1
7472,85201,1
7473,-1,0
7474,33480,-1
7475,28139,0
7476,57547,0
7477,20268,0
7478,6022,1
7479,58841,0
7480,11463,0
7481,2290,-1
7482,-1,0
7483,41424,1
7484,32243,0
7485,61490,1
7486,46146,1
7487,46560,-1
7488,90615,0
7489,-1,0
7490,-1,0
7491,10638,-1
7492,34623,0
7493,92010,-1
7494,14635,0
7495,56807,-1
7496,21027,-1
7497,63063,-1
7498,52642,0
7499,43489,1
7500,45968,1
7501,47340,1
7502,50290,1
7503,88951,0
7504,31535,0
7505,17625,-1
7506,26119,-1
7507,641,-1
7508,26307,0
7509,20223,0
7510,87579,-1
7511,97587,-1
7512,61323,1
7513,55106,0
7514,23135,0
7515,-1,0
7516,41093,0
7517,-1,0
7518,63905,1
7519,69283,0
7520,16913,1
7521,77777,0
7522,66301,0
7523,-1,0
7524,3810,1
7525,64259,0
7526,2138,0
7527,-1,0
7528,66654,-1
7529,8396,0
7530,30792,-1
7531,25503,0
7532,96465,-1
7533,74846,-1
7534,60407,-1
7535,56744,0
7536,-1,0
7537,81318,1
7538,26755,-1
7539,29681,-1
7540,53346,1
7541,-1,0
7542,-1,0
7543,72886,0
7544,-1,0
7545,-1,0
7546,88846,1
7547,89046,1
7548,-1,0
7549,95143,0
7550,-1,0
7551,85679,0
7552,69840,0
7553,76131,0
7554,-1,0
7555,43641,0
7556,84183,-1
7557,90085,-1
7558,21481,-1
7559,-1,0
7560,68629,0
7561,-1,0
7562,10295,1
7563,70078,0
7564,-1,0
7565,80830,0
7566,-1,0
7567,28296,1
7568,-1,0
7569,-1,0
7570,36981,0
7571,-1,0
7572,70142,1
7573,51204,0
7574,5671,1
7575,48071,1
7576,72669,0
7577,38511,-1
7578,-1,0
7579,93101,-1
7580,56488,0
7581,-1,0
7582,23413,0
7583,87802,0
7584,89658,-1
7585,32716,0
7586,9287,-1
7587,62507,-1
7588,76702,-1
7589,-1,0
7590,10061,1
7591,15990,1
7592,33268,0
7593,51684,1
7594,-1,0
7595,-1,0
7596,33950,0
7597,81882,-1
7598,85995,0
7599,38578,-1
7600,-1,0
7601,-1,0
7602,3739,1
7603,-1,0
7604,83669,0
7605,39437,0
7606,13191,1
7607,44378,0
7608,-1,0
7609,99997,-1
7610,64215,0
7611,17259,0
7612,71334,0
7613,83497,-1
7614,1941,1
7615,32719,0
7616,11183,0
7617,16804,0
7618,-1,0
7619,76062,1
7620,45469,1
7621,64518,0
7622,46285,0
7623,29922,0
7624,68764,1
7625,70843,-1
7626,50592,0
7627,87833,0
7628,84602,0
7629,21590,-1
7630,70090,0
7631,-1,0
7632,10114,0
7633,60110,-1
7634,90987,0
7635,5703,0
7636,61802,0
7637,3393,1
7638,49850,0
7639,8594,-1
7640,22601,-1
7641,76388,0
7642,-1,0
7643,52782,0
7644,42810,-1
7645,18546,0
7646,81252,1
7647,88977,-1
7648,73306,1
7649,36031,0
7650,68024,-1
7651,84981,0
7652,97130,0
7653,-1,0
7654,420,1
7655,38222,0
7656,16734,1
7657,15452,0
7658,51672,1
7659,16333,-1
7660,92983,1
7661,90527,1
7662,95532,1
7663,53258,1
7664,48603,-1
7665,-1,0
7666,5867,0
7667,-1,0
7668,43810,1
7669,73132,1
7670,19841,1
7671,87481,0
7672,-1,0
7673,100,0
7674,46639,0
7675,-1,0
7676,30462,-1
7677,2106,-1
7678,44017,-1
7679,65227,0
7680,45120,-1
7681,70838,0
7682,26579,0
7683,58892,1
7684,39334,-1
7685,38836,0
7686,-1,0
7687,96858,0
7688,-1,0
7689,30645,0
7690,77324,-1
7691,29657,1
7692,-1,0
7693,88117,0
7694,63663,0
7695,-1,0
7696,89381,0
7697,92596,-1
7698,57792,0
7699,-1,0
7700,34627,0
7701,-1,0
7702,91966,0
7703,55736,0
7704,78684,0
7705,82745,0
7706,70528,-1
7707,51130,0
7708,69670,-1
7709,60660,1
7710,12250,1
7711,5342,-1
7712,33363,0
7713,73322,0
7714,12113,0
7715,40791,1
7716,17570,0
7717,-1,0
7718,77836,1
7719,32419,0
7720,60827,1
7721,-1,0
7722,5351,0
7723,38828,0
7724,30875,0
7725,3710,1
7726,99167,1
7727,878,0
7728,-1,0
7729,24395,-1
7730,-1,0
7731,4501,-1
7732,54941,-1
7733,62363,1
7734,5503,0
7735,88905,0
7736,46817,0
7737,75436,1
7738,12784,0
7739,97904,1
7740,21808,0
7741,64567,0
7742,92055,0
7743,82715,0
7744,81628,0
7745,-1,0
7746,74368,-1
7747,59168,0
7748,29305,-1
7749,9161,1
7750,65840,0
7751,24528,-1
7752,28558,0
7753,68133,-1
7754,23340,1
7755,8114,0
7756,-1,0
7757,24582,0
7758,83176,0
7759,40393,0
7760,56166,1
7761,29509,0
7762,76764,-1
7763,-1,0
7764,-1,0
7765,96657,1
7766,98937,1
7767,21367,0
7768,31630,0
7769,73989,1
7770,11953,0
7771,36889,1
7772,64794,-1
7773,-1,0
7774,24026,0
7775,-1,0
7776,58676,1
7777,25205,0
7778,20031,0
7779,76680,0
7780,62444,0
7781,53547,0
7782,65714,-1
7783,78308,0
7784,35,0
7785,45500,1
7786,-1,0
7787,63303,1
7788,45970,0
7789,-1,0
7790,76391,1
7791,67398,0
7792,-1,0
7793,-1,0
7794,97187,0
7795,18125,0
7796,2974,1
7797,59771,0
7798,98504,0
7799,56637,1
7800,62472,0
7801,71263,0
7802,62962,0
7803,66755,0
7804,47836,-1
7805,-1,0
7806,27273,0
7807,35120,-1
7808,-1,0
7809,94411,-1
7810,58379,1
7811,3491,1
7812,-1,0
7813,-1,0
7814,60518,0
7815,26763,1
7816,-1,0
7817,30771,-1
7818,60219,-1
7819,-1,0
7820,49743,0
7821,98186,1
7822,-1,0
7823,49474,-1
7824,63702,1
7825,59298,0
7826,73515,0
7827,4289,1
7828,47756,-1
7829,-1,0
7830,-1,0
7831,64042,1
7832,67737,-1
7833,63180,-1
7834,24434,1
7835,28330,1
7836,44739,1
7837,93830,0
7838,51492,0
7839,-1,0
7840,6226,0
7841,37394,0
7842,-1,0
7843,26590,-1
7844,22042,0
7845,70296,0
7846,-1,0
7847,28163,0
7848,73585,1
7849,16829,0
7850,99651,1
7851,72253,1
7852,99673,-1
7853,41240,-1
7854,96937,-1
7855,57833,1
7856,13046,0
7857,-1,0
7858,71720,-1
7859,39579,0
7860,55847,0
7861,84244,-1
7862,28936,-1
7863,57952,0
7864,94809,0
7865,4679,1
7866,14638,0
7867,55398,1
7868,87308,0
7869,35605,1
7870,1130,0
7871,-1,0
7872,22212,0
7873,-1,0
7874,-1,0
7875,-1,0
7876,1098,-1
7877,22043,0
7878,54001,0
7879,78586,-1
7880,41948,0
7881,37938,0
7882,84433,-1
7883,18975,1
7884,-1,0
7885,-1,0
7886,86033,0
7887,94374,0
7888,17312,0
7889,31180,-1
7890,86972,1
7891,40475,0
7892,14271,1
7893,4055,0
7894,70678,-1
7895,36185,-1
7896,40977,1
7897,94628,-1
7898,59148,0
7899,97013,0
7900,45197,-1
7901,23250,1
7902,61623,1
7903,91823,-1
7904,53133,0
7905,-1,0
7906,15171,0
7907,95693,-1
7908,31704,0
7909,7195,0
7910,4255,1
7911,93018,1
7912,4797,-1
7913,35923,0
7914,64998,0
7915,72601,1
7916,58546,1
7917,37440,0
7918,49224,-1
7919,9801,0
7920,66838,0
7921,80431,0
7922,1772,0
7923,53629,-1
7924,67482,0
7925,95411,1
7926,26646,0
7927,-1,0
7928,19972,-1
7929,-1,0
7930,72120,0
7931,16711,0
7932,78850,1
7933,46589,0
7934,-1,0
7935,42958,1
7936,17068,0
7937,26962,0
7938,63009,0
7939,12380,0
7940,6241,0
7941,48933,0
7942,-1,0
7943,45360,0
7944,-1,0
7945,79619,0
7946,94615,0
7947,91274,0
7948,47624,0
7949,-1,0
7950,82067,1
7951,93988,0
7952,32589,0
7953,43781,1
7954,12184,0
7955,10641,-1
7956,90308,-1
7957,57972,-1
7958,47780,0
7959,-1,0
7960,42864,0
7961,55125,1
7962,87459,-1
7963,64137,0
7964,-1,0
7965,75819,0
7966,-1,0
7967,71050,0
7968,35151,-1
7969,-1,0
7970,-1,0
7971,49830,1
7972,34958,0
7973,14453,0
7974,99211,-1
7975,60457,-1
7976,312,0
7977,10514,-1
7978,54235,0
7979,32434,-1
7980,-1,0
7981,99675,-1
7982,95446,1
7983,10604,0
7984,17378,0
7985,-1,0
7986,25479,1
7987,94616,1
7988,32937,0
7989,-1,0
7990,70212,0
7991,-1,0
7992,76380,1
7993,14883,0
7994,38564,1
7995,71141,1
7996,78815,0
7997,18377,0
7998,25263,0
7999,36110,1
8000,58980,0
8001,86956,0
8002,96798,0
8003,-1,0
8004,17197,-1
8005,42994,1
8006,38481,0
8007,51030,1
8008,79668,0
8009,34424,1
8010,74276,-1
8011,47668,-1
8012,-1,0
8013,37178,-1
8014,9533,-1
8015,71799,0
8016,44385,0
8017,78483,0
8018,40584,0
8019,50211,-1
8020,24968,1
8021,86231,1
8022,17160,-1
8023,17563,1
8024,93893,0
8025,79665,0
8026,-1,0
8027,26755,0
8028,74826,0
8029,11485,-1
8030,54969,0
8031,90020,-1
8032,13625,0
8033,9265,1
8034,59160,1
8035,18814,-1
8036,70687,0
8037,25666,-1
8038,95620,-1
8039,51023,0
8040,9418,0
8041,-1,0
8042,58309,1
8043,25243,-1
8044,-1,0
8045,44657,0
8046,26480,0
8047,26247,0
8048,96575,0
8049,48162,1
8050,28161,0
8051,64688,0
8052,97802,0
8053,55514,0
8054,-1,0
8055,24221,0
8056,27125,1
8057,32546,-1
8058,37632,-1
8059,65168,0
8060,89834,0
8061,32415,0
8062,74508,0
8063,50233,1
8064,80725,1
8065,68948,0
8066,53935,-1
8067,61401,0
8068,41454,0
8069,33525,0
8070,90933,0
8071,38157,-1
8072,81160,1
8073,98105,0
8074,68399,-1
8075,91185,0
8076,49720,-1
8077,-1,0
8078,79617,1
8079,4847,0
8080,31227,-1
8081,4396,1
8082,90029,1
8083,83930,1
8084,87281,1
8085,-1,0
8086,-1,0
8087,516,0
8088,11701,0
8089,-1,0
8090,46922,-1
8091,14048,1
8092,87402,1
8093,10044,0
8094,40891,-1
8095,28867,-1
8096,-1,0
8097,-1,0
8098,87795,0
8099,18109,0
8100,63887,0
8101,-1,0
8102,27739,0
8103,40505,0
8104,62309,1
8105,73349,0
8106,32030,0
8107,78119,-1
8108,89201,-1
8109,29418,0
8110,-1,0
8111,41564,0
8112,91612,0
8113,60498,0
8114,42659,0
8115,19660,1
8116,-1,0
8117,63011,1
8118,-1,0
8119,81705,0
8120,95719,0
8121,-1,0
8122,38793,0
8123,-1,0
8124,46786,0
8125,43000,1
8126,43139,0
8127,78887,0
8128,21385,-1
8129,10178,0
8130,53534,0
8131,44652,1
8132,48933,-1
8133,48491,0
8134,99977,1
8135,50018,0
8136,2147,-1
8137,-1,0
8138,23513,0
8139,57338,1
8140,72262,0
8141,35213,0
8142,43378,0
8143,-1,0
8144,24579,-1
8145,-1,0
8146,32039,-1
8147,65057,1
8148,-1,0
8149,-1,0
8150,7928,-1
8151,65423,0
8152,71546,0
8153,20922,-1
8154,-1,0
8155,38117,1
8156,28388,-1
8157,56976,1
8158,61794,0
8159,14546,0
8160,53183,0
8161,67467,0
8162,87094,0
8163,60685,-1
8164,18961,-1
8165,55535,-1
8166,-1,0
8167,72780,0
8168,79944,-1
8169,51647,0
8170,85775,0
8171,99295,-1
8172,86901,-1
8173,67987,1
8174,56317,-1
8175,-1,0
8176,91880,0
8177,29463,-1
8178,-1,0
8179,34348,1
8180,99077,1
8181,57627,0
8182,53547,1
8183,-1,0
8184,80453,1
8185,90922,0
8186,45476,0
8187,10188,-1
8188,39908,0
8189,-1,0
8190,-1,0
8191,95417,-1
8192,93803,0
8193,84880,0
8194,45183,-1
8195,58494,0
8196,11168,1
8197,16811,-1
8198,-1,0
8199,97324,1
8200,80401,0
8201,95755,0
8202,2947,0
8203,-1,0
8204,8384,0
8205,87878,1
8206,6308,1
8207,41834,1
8208,54647,0
8209,-1,0
8210,47773,0
8211,86212,0
8212,15878,0
8213,96938,0
8214,82868,0
8215,20844,0
8216,44234,-1
8217,67200,0
8218,88561,0
8219,84038,-1
8220,24221,1
8221,67243,0
8222,92699,0
8223,44760,1
8224,18297,0
8225,55750,0
8226,55899,1
8227,15548,-1
8228,36053,1
8229,37787,0
8230,-1,0
8231,55362,0
8232,84437,1
8233,13529,0
8234,1362,0
8235,34481,0
8236,81048,-1
8237,62354,1
8238,-1,0
8239,34042,1
8240,94346,1
8241,58944,1
8242,16564,0
8243,95850,0
8244,-1,0
8245,70642,0
8246,-1,0
8247,15035,0
8248,22462,1
8249,-1,0
8250,64589,0
8251,6158,1
8252,49677,0
8253,11329,1
8254,22253,0
8255,53372,0
8256,25304,0
8257,30840,0
8258,21714,0
8259,51601,0
8260,8342,1
8261,59469,-1
8262,20664,-1
8263,37029,-1
8264,96852,0
8265,29979,-1
8266,70101,0
8267,-1,0
8268,14290,0
8269,72248,1
8270,-1,0
8271,65529,0
8272,86152,0
8273,48986,1
8274,86822,-1
8275,91286,1
8276,-1,0
8277,-1,0
8278,45586,0
8279,-1,0
8280,49547,-1
8281,47405,1
8282,94151,0
8283,60459,-1
8284,90056,0
8285,92046,0
8286,-1,0
8287,15265,0
8288,-1,0
8289,67993,0
8290,20967,-1
8291,81229,0
8292,12251,1
8293,69254,-1
8294,65860,-1
8295,28289,-1
8296,36944,0
8297,49455,1
8298,65010,0
8299,32271,1
8300,54167,-1
8301,68701,0
8302,54155,-1
8303,73280,0
8304,52019,-1
8305,62020,0
8306,96089,0
8307,78464,1
8308,29578,0
8309,-1,0
8310,86959,1
8311,24846,0
8312,80999,0
8313,-1,0
8314,24449,0
8315,43671,0
8316,75504,0
8317,40039,-1
8318,-1,0
8319,26467,1
8320,-1,0
8321,38770,0
8322,83651,0
8323,-1,0
8324,36477,1
8325,36043,0
8326,74540,1
8327,61525,0
8328,5423,1
8329,89690,0
8330,56301,0
8331,61599,-1
8332,31523,-1
8333,53000,0
8334,51954,-1
8335,89262,0
8336,81539,1
8337,93718,0
8338,19913,0
8339,46683,0
8340,37143,-1
8341,-1,0
8342,21966,1
8343,87253,0
8344,67433,0
8345,49672,0
8346,76954,1
8347,13368,-1
8348,-1,0
8349,39546,-1
8350,98444,-1
8351,93239,0
8352,9126,1
8353,97312,-1
8354,14455,0
8355,31087,1
8356,29681,0
8357,31968,-1
8358,-1,0
8359,81567,1
8360,52907,1
8361,42134,-1
8362,82953,0
8363,80000,-1
8364,90014,0
8365,54939,0
8366,62774,0
8367,31978,-1
8368,51765,0
8369,39426,-1
8370,69002,0
8371,14698,-1
8372,89354,0
8373,64193,-1
8374,-1,0
8375,31170,-1
8376,38957,1
8377,-1,0
8378,40559,0
8379,99042,-1
8380,81554,0
8381,38335,1
8382,12624,0
8383,51865,-1
8384,99898,-1
8385,37637,0
8386,70687,1
8387,5627,0
8388,16396,0
8389,43383,0
8390,25498,0
8391,50542,-1
8392,92333,0
8393,43781,0
8394,34015,-1
8395,93738,0
8396,89454,0
8397,44855,-1
8398,50549,-1
8399,34896,1
8400,77107,0
8401,78411,-1
8402,7078,0
8403,84638,1
8404,53008,0
8405,86036,1
8406,86451,1
8407,69491,0
8408,87914,1
8409,97000,1
8410,96864,1
8411,69638,0
8412,1899,0
8413,61324,0
8414,15475,0
8415,58716,1
8416,24436,-1
8417,17449,-1
8418,9181,0
8419,72116,-1
8420,27793,1
8421,87892,0
8422,11106,-1
8423,-1,0
8424,-1,0
8425,21367,1
8426,30886,-1
8427,21121,0
8428,48478,1
8429,-1,0
8430,33548,1
8431,81220,1
8432,74926,0
8433,-1,0
8434,-1,0
8435,-1,0
8436,9463,-1
8437,38832,0
8438,-1,0
8439,87613,-1
8440,23746,1
8441,77165,0
8442,96658,-1
8443,-1,0
8444,51880,1
8445,61897,0
8446,-1,0
8447,-1,0
8448,18388,1
8449,-1,0
8450,50864,0
8451,76554,1
8452,90811,-1
8453,94885,0
8454,-1,0
8455,27539,-1
8456,38395,1
8457,-1,0
8458,-1,0
8459,4272,-1
8460,68222,-1
8461,80538,-1
8462,28102,-1
8463,-1,0
8464,50902,1
8465,30336,-1
8466,-1,0
8467,65104,-1
8468,-1,0
8469,-1,0
8470,42348,1
8471,83892,1
8472,33370,0
8473,79261,-1
8474,29374,0
8475,21329,0
8476,24041,1
8477,70383,0
8478,-1,0
8479,-1,0
8480,57190,0
8481,92182,1
8482,55882,1
8483,97711,1
8484,-1,0
8485,82927,1
8486,-1,0
8487,44062,0
8488,81188,0
8489,-1,0
8490,88858,-1
8491,59122,-1
8492,93583,0
8493,76551,-1
8494,-1,0
8495,73968,0
8496,73980,0
8497,69382,-1
8498,23626,0
8499,8427,0
8500,92428,0
8501,92314,0
8502,35266,-1
8503,6896,0
8504,94459,0
8505,89984,1
8506,-1,0
8507,-1,0
8508,55159,-1
8509,62028,-1
8510,-1,0
8511,34984,0
8512,98813,0
8513,26298,0
8514,97478,-1
8515,12542,0
8516,46321,1
8517,10324,0
8518,51255,-1
8519,-1,0
8520,58369,0
8521,90089,1
8522,-1,0
8523,-1,0
8524,29316,-1
8525,94867,0
8526,3168,-1
8527,90409,1
8528,-1,0
8529,43443,0
8530,87383,-1
8531,97922,0
8532,28261,1
8533,89216,0
8534,49044,1
8535,14899,0
8536,38235,1
8537,69376,-1
8538,76893,1
8539,7634,1
8540,30900,-1
8541,71285,0
8542,52543,0
8543,83456,0
8544,-1,0
8545,68715,0
8546,66685,-1
8547,49091,-1
8548,33395,-1
8549,96094,0
8550,82645,-1
8551,81657,1
8552,34896,0
8553,40996,1
8554,47288,0
8555,1788,0
8556,83494,-1
8557,10091,-1
8558,46890,-1
8559,14112,1
8560,9738,0
8561,68650,0
8562,55609,-1
8563,46990,0
8564,52841,0
8565,26122,0
8566,21742,-1
8567,91161,0
8568,26270,1
8569,92443,0
8570,88504,0
8571,22272,0
8572,52823,-1
8573,93329,-1
8574,86992,1
8575,9426,-1
8576,97408,0
8577,-1,0
8578,37617,0
8579,71478,1
8580,44457,0
8581,92404,0
8582,42153,0
8583,-1,0
8584,91871,0
8585,63427,-1
8586,-1,0
8587,36500,-1
8588,43501,1
8589,65151,-1
8590,99056,0
8591,27327,-1
8592,15697,0
8593,70227,-1
8594,52105,1
8595,8954,1
8596,38748,0
8597,83085,-1
8598,91813,1
8599,85967,-1
8600,28385,0
8601,22141,-1
8602,59800,1
8603,76626,0
8604,47951,1
8605,50375,0
8606,-1,0
8607,74131,1
8608,-1,0
8609,50997,0
8610,89453,0
8611,41532,-1
8612,39812,1
8613,21564,1
8614,89961,0
8615,1205,0
8616,22000,1
8617,89472,1
8618,30851,1
8619,-1,0
8620,-1,0
8621,73963,1
8622,13462,1
8623,-1,0
8624,87009,1
8625,69342,1
8626,38839,-1
8627,-1,0
8628,473,-1
8629,-1,0
8630,8340,0
8631,-1,0
8632,91759,0
8633,36305,0
8634,83525,0
8635,-1,0
8636,3988,0
8637,94615,1
8638,72400,1
8639,75002,1
8640,26552,1
8641,829,-1
8642,90376,-1
8643,-1,0
8644,-1,0
8645,-1,0
8646,64224,-1
8647,50997,-1
8648,-1,0
8649,22607,-1
8650,82102,0
8651,-1,0
8652,61096,-1
8653,36694,1
8654,52899,1
8655,48968,0
8656,28954,-1
8657,5838,0
8658,87683,0
8659,15347,0
8660,75823,-1
8661,71751,0
8662,91022,-1
8663,15740,0
8664,78355,0
8665,-1,0
8666,73321,0
8667,-1,0
8668,95522,1
8669,-1,0
8670,37424,0
8671,34100,0
8672,66269,0
8673,85558,0
8674,40890,-1
8675,89387,-1
8676,22178,-1
8677,76866,0
8678,91912,0
8679,55222,1
8680,51658,1
8681,86398,0
8682,-1,0
8683,70736,1
8684,60577,-1
8685,71138,0
8686,38440,-1
8687,73335,0
8688,51555,0
8689,77138,-1
8690,100015,1
8691,50780,-1
8692,71352,0
8693,98745,-1
8694,31484,0
8695,52580,0
8696,74503,0
8697,30593,1
8698,73994,0
8699,82460,0
8700,21460,0
8701,44077,0
8702,9905,0
8703,7991,-1
8704,43430,0
8705,-1,0
8706,71886,-1
8707,97324,0
8708,9827,-1
8709,92809,1
8710,-1,0
8711,34144,0
8712,3854,0
8713,43825,0
8714,70200,1
8715,-1,0
8716,73311,0
8717,82348,0
8718,1560,-1
8719,48262,0
8720,63182,0
8721,-1,0
8722,35674,1
8723,-1,0
8724,10710,0
8725,32852,0
8726,41721,0
8727,58584,0
8728,61863,-1
8729,18355,1
8730,38602,1
8731,35464,1
8732,55166,1
8733,65112,0
8734,-1,0
8735,76053,0
8736,50941,0
8737,45058,0
8738,41742,0
8739,15729,0
8740,46121,1
8741,74846,0
8742,-1,0
8743,69566,0
8744,-1,0
8745,38349,-1
8746,66009,0
8747,47835,0
8748,53163,1
8749,89579,-1
8750,45023,0
8751,53425,0
8752,77021,0
8753,27971,0
8754,58872,1
8755,91453,-1
8756,64991,1
8757,95627,-1
8758,-1,0
8759,9498,0
8760,53889,1
8761,31329,0
8762,78702,0
8763,80526,0
8764,-1,0
8765,49872,0
8766,16199,1
8767,56163,0
8768,93003,1
8769,95780,-1
8770,1421,0
8771,-1,0
8772,-1,0
8773,99022,0
8774,17686,0
8775,10922,-1
8776,32239,0
8777,4044,1
8778,42975,1
8779,66017,0
8780,40605,0
8781,32638,0
8782,-1,0
8783,88278,0
8784,50034,0
8785,91222,0
8786,65306,0
8787,8500,0
8788,50580,0
8789,7341,-1
8790,-1,0
8791,6115,0
8792,-1,0
8793,57745,1
8794,4259,0
8795,67534,0
8796,45524,0
8797,79006,-1
8798,38021,1
8799,24429,-1
8800,-1,0
8801,66540,-1
8802,91091,-1
8803,83325,1
8804,72938,-1
8805,4559,0
8806,93244,-1
8807,73262,0
8808,40160,1
8809,40065,-1
8810,11450,0
8811,89363,0
8812,-1,0
8813,94217,-1
8814,76944,0
8815,67398,1
8816,21961,-1
8817,70894,1
8818,95324,1
8819,1299,0
8820,31262,1
8821,18846,-1
8822,50384,0
8823,29166,1
8824,59296,1
8825,44306,0
8826,77056,1
8827,83614,0
8828,89525,0
8829,-1,0
8830,97774,-1
8831,45142,1
8832,62556,0
8833,97140,-1
8834,6860,0
8835,67561,-1
8836,59557,-1
8837,55795,1
8838,41457,0
8839,64307,0
8840,12808,0
8841,35423,1
8842,12043,0
8843,6801,1
8844,25797,0
8845,3380,1
8846,17879,0
8847,61113,1
8848,44265,0
8849,69963,1
8850,76694,0
8851,94911,0
8852,98736,0
8853,31568,-1
8854,73340,0
8855,72773,-1
8856,83665,0
8857,69770,0
8858,49512,0
8859,70671,0
8860,20981,1
8861,89611,0
8862,60537,0
8863,35271,0
8864,94888,-1
8865,91072,1
8866,9160,0
8867,5223,0
8868,81241,0
8869,22083,0
8870,67749,0
8871,14581,0
8872,-1,0
8873,-1,0
8874,85669,0
8875,52523,-1
8876,33493,0
8877,65616,0
8878,9075,1
8879,82095,0
8880,87499,-1
8881,60835,1
8882,11334,0
8883,62585,-1
8884,53077,0
8885,28317,1
8886,13688,0
8887,76259,1
8888,44939,0
8889,60144,-1
8890,-1,0
8891,13002,0
8892,37204,1
8893,56616,0
8894,77047,0
8895,31210,0
8896,-1,0
8897,56832,-1
8898,57829,0
8899,51200,0
8900,72650,1
8901,5922,0
8902,75622,1
8903,6776,0
8904,51412,0
8905,7844,0
8906,24147,0
8907,21075,1
8908,-1,0
8909,5113,1
8910,11391,0
8911,-1,0
8912,47879,-1
8913,64375,1
8914,12590,0
8915,90057,0
8916,25997,0
8917,47515,0
8918,21694,-1
8919,61083,0
8920,91325,-1
8921,23319,0
8922,-1,0
8923,88727,0
8924,37983,0
8925,-1,0
8926,75868,1
8927,62235,0
8928,82165,0
8929,-1,0
8930,15428,-1
8931,11641,-1
8932,84284,-1
8933,83990,0
8934,10258,-1
8935,15781,0
8936,-1,0
8937,41110,0
8938,56195,0
8939,75347,0
8940,42686,-1
8941,5345,-1
8942,17748,0
8943,51544,-1
8944,28808,0
8945,16365,1
8946,57159,1
8947,71949,0
8948,-1,0
8949,41374,-1
8950,44055,1
8951,65200,-1
8952,85796,1
8953,37204,0
8954,96908,1
8955,60196,1
8956,99109,0
8957,96632,0
8958,69681,0
8959,40033,0
8960,36080,1
8961,5383,-1
8962,19917,0
8963,-1,0
8964,53756,0
8965,29538,0
8966,390,-1
8967,42391,1
8968,33076,1
8969,76590,1
8970,74734,1
8971,16563,0
8972,-1,0
8973,93322,0
8974,84193,0
8975,94518,1
8976,78170,1
8977,31137,0
8978,57848,-1
8979,-1,0
8980,-1,0
8981,-1,0
8982,69229,0
8983,96486,0
8984,-1,0
8985,97543,0
8986,7777,1
8987,52798,0
8988,10703,-1
8989,10060,1
8990,-1,0
8991,42869,-1
8992,36712,0
8993,21291,1
8994,62605,-1
8995,79421,-1
8996,12780,-1
8997,62238,0
8998,57117,1
8999,95503,0
9000,13970,0
9001,37964,0
9002,-1,0
9003,73109,1
9004,46193,0
9005,98796,-1
9006,73703,0
9007,63753,0
9008,72669,1
9009,85434,-1
9010,2861,0
9011,76502,1
9012,23967,1
9013,36795,0
9014,47972,0
9015,75761,0
9016,79539,-1
9017,66851,0
9018,80993,1
9019,68603,0
9020,-1,0
9021,13915,0
9022,12432,0
9023,89936,1
9024,3967,0
9025,27463,-1
9026,87696,0
9027,73961,0
9028,47391,0
9029,74131,0
9030,11759,0
9031,71473,0
9032,-1,0
9033,14466,1
9034,-1,0
9035,30871,0
9036,96298,0
9037,53193,-1
9038,-1,0
9039,61154,-1
9040,39758,-1
9041,62315,0
9042,61453,1
9043,4604,0
9044,82905,0
9045,38287,1
9046,7301,0
9047,47234,-1
9048,21153,-1
9049,4506,0
9050,38997,-1
9051,46639,1
9052,62902,1
9053,23343,-1
9054,2537,-1
9055,69107,1
9056,8186,1
9057,30904,1
9058,87343,0
9059,42106,0
9060,9749,1
9061,-1,0
9062,75054,-1
9063,38457,-1
9064,77188,-1
9065,86946,0
9066,64838,-1
9067,65045,0
9068,-1,0
9069,95118,-1
9070,25573,0
9071,48862,0
9072,68860,0
9073,7600,0
9074,84419,-1
9075,74069,0
9076,95797,1
9077,66651,0
9078,96172,-1
9079,22937,-1
9080,35319,1
9081,40920,1
9082,66157,0
9083,72619,0
9084,21751,1
9085,14137,1
9086,60124,-1
9087,47650,0
9088,27697,1
9089,75314,-1
9090,94852,1
9091,21146,-1
9092,50051,0
9093,-1,0
9094,63790,-1
9095,47120,0
9096,37182,0
9097,13462,0
9098,24814,1
9099,18101,0
9100,44824,0
9101,88349,-1
9102,57589,0
9103,-1,0
9104,-1,0
9105,92949,0
9106,87308,-1
9107,-1,0
9108,35587,0
9109,3907,0
9110,97486,0
9111,-1,0
9112,38276,-1
9113,17276,0
9114,63678,1
9115,-1,0
9116,39816,0
9117,52468,-1
9118,-1,0
9119,87538,-1
9120,70837,1
9121,86903,0
9122,-1,0
9123,64197,1
9124,20596,-1
9125,14143,0
9126,70196,0
9127,98312,1
9128,39079,0
9129,-1,0
9130,50600,0
9131,68376,1
9132,68404,-1
9133,65971,0
9134,28802,1
9135,74103,0
9136,77357,0
9137,27602,-1
9138,11056,1
9139,51442,-1
9140,-1,0
9141,68574,0
9142,82270,0
9143,21897,0
9144,42138,1
9145,61158,1
9146,65174,-1
9147,30682,0
9148,62647,1
9149,76406,-1
9150,21907,0
9151,56743,0
9152,63162,0
9153,87093,-1
9154,65874,-1
9155,40559,-1
9156,64334,0
9157,4757,-1
9158,8939,1
9159,88615,1
9160,40696,-1
9161,97988,-1
9162,65249,0
9163,34653,0
9164,84067,0
9165,64347,-1
9166,61163,1
9167,47375,-1
9168,89586,-1
9169,-1,0
9170,21117,0
9171,3029,1
9172,1922,-1
9173,96513,1
9174,9280,0
9175,99384,0
9176,32060,1
9177,85530,0
9178,88237,-1
9179,76711,0
9180,53662,1
9181,32544,0
9182,74753,0
9183,83004,1
9184,98429,1
9185,62549,1
9186,29289,0
9187,-1,0
9188,48065,-1
9189,-1,0
9190,58396,1
9191,84381,-1
9192,25076,0
9193,4,0
9194,39479,1
9195,-1,0
9196,62247,0
9197,1867,-1
9198,29584,0
9199,78021,-1
9200,66856,0
9201,49858,1
9202,98864,0
9203,71062,1
9204,92834,0
9205,46496,-1
9206,12443,0
9207,45156,-1
9208,16257,1
9209,88905,-1
9210,78859,1
9211,56046,0
9212,22512,0
9213,62379,-1
9214,51504,0
9215,98488,0
9216,-1,0
9217,-1,0
9218,-1,0
9219,10786,0
9220,92645,0
9221,4269,1
9222,59137,0
9223,59344,1
9224,48993,1
9225,86823,0
9226,2346,1
9227,86218,0
9228,73245,-1
9229,-1,0
9230,85924,0
9231,28788,0
9232,82493,0
9233,-1,0
9234,45394,1
9235,-1,0
9236,16166,1
9237,23192,0
9238,-1,0
9239,93271,-1
9240,89790,1
9241,-1,0
9242,19484,0
9243,35679,1
9244,73413,0
9245,-1,0
9246,-1,0
9247,45746,1
9248,18627,0
9249,48561,1
9250,63914,0
9251,-1,0
9252,35362,0
9253,9304,1
9254,46066,0
9255,36781,-1
9256,70462,0
9257,52626,1
9258,56863,1
9259,51149,0
9260,-1,0
9261,81615,1
9262,86452,0
9263,21162,1
9264,28086,1
9265,13634,0
9266,65410,1
9267,96899,0
9268,3252,0
9269,-1,0
9270,60525,-1
9271,20011,0
9272,80833,-1
9273,-1,0
9274,75313,0
9275,17579,0
9276,69844,0
9277,-1,0
9278,75020,0
9279,56660,0
9280,35162,1
9281,35875,0
9282,24219,0
9283,54782,0
9284,-1,0
9285,31165,1
9286,46529,1
9287,73759,0
9288,36201,1
9289,-1,0
9290,59755,0
9291,6821,1
9292,45295,-1
9293,73213,0
9294,19881,-1
9295,30607,0
9296,-1,0
9297,45021,0
9298,99672,-1
9299,36231,1
9300,55006,0
9301,18627,-1
9302,85263,0
9303,58681,0
9304,97894,0
9305,48976,0
9306,12568,0
9307,58431,0
9308,59088,1
9309,-1,0
9310,-1,0
9311,61387,1
9312,65140,1
9313,22489,0
9314,59201,0
9315,53956,-1
9316,54895,0
9317,40732,0
9318,28428,-1
9319,29429,0
9320,27714,0
9321,89268,0
9322,-1,0
9323,53135,-1
9324,91685,-1
9325,-1,0
9326,45409,0
9327,6993,1
9328,35583,0
9329,46284,0
9330,22305,1
9331,52573,0
9332,-1,0
9333,77986,-1
9334,26337,0
9335,87879,0
9336,46048,1
9337,93771,0
9338,35255,0
9339,77006,1
9340,92654,0
9341,38651,1
9342,70860,-1
9343,46665,1
9344,5604,0
9345,24867,0
9346,94719,-1
9347,85075,0
9348,23955,1
9349,79653,0
9350,-1,0
9351,92408,1
9352,67228,0
9353,10504,-1
9354,67528,1
9355,45154,1
9356,80459,0
9357,55242,0
9358,35843,0
9359,8582,1
9360,-1,0
9361,-1,0
9362,-1,0
9363,91631,1
9364,26360,-1
9365,73777,-1
9366,40608,-1
9367,79285,0
9368,10196,-1
9369,59898,0
9370,36832,0
9371,-1,0
9372,51388,0
9373,41949,1
9374,61202,-1
9375,70431,-1
9376,94717,0
9377,52276,0
9378,60388,0
9379,22587,-1
9380,62738,-1
9381,49442,0
9382,69940,1
9383,28823,-1
9384,92805,0
9385,-1,0
9386,-1,0
9387,62309,0
9388,49908,-1
9389,20770,-1
9390,791,1
9391,36864,0
9392,17686,1
9393,57422,1
9394,32000,0
9395,52522,0
9396,64232,0
9397,36774,-1
9398,95685,0
9399,-1,0
9400,96868,-1
9401,86765,-1
9402,-1,0
9403,19000,1
9404,-1,0
9405,22451,0
9406,21624,1
9407,-1,0
9408,51803,1
9409,77230,0
9410,46347,1
9411,-1,0
9412,75676,1
9413,14622,1
9414,70271,0
9415,92700,0
9416,57383,0
9417,71250,0
9418,-1,0
9419,-1,0
9420,93468,0
9421,86884,1
9422,41770,-1
9423,59182,0
9424,-1,0
9425,-1,0
9426,22508,-1
9427,36034,0
9428,55082,0
9429,98964,0
9430,26337,-1
9431,-1,0
9432,-1,0
9433,76310,-1
9434,51419,-1
9435,43037,0
9436,23228,1
9437,83592,0
9438,36132,1
9439,-1,0
9440,20586,0
9441,43574,1
9442,61304,1
9443,454,0
9444,17593,-1
9445,32462,0
9446,18772,1
9447,73510,0
9448,90118,0
9449,90237,-1
9450,54850,1
9451,13023,1
9452,-1,0
9453,20349,0
9454,14062,-1
9455,72216,-1
9456,93529,0
9457,80396,1
9458,-1,0
9459,69683,1
9460,-1,0
9461,81008,1
9462,1161,-1
9463,10264,1
9464,85316,-1
9465,74549,1
9466,-1,0
9467,62100,-1
9468,22656,0
9469,17650,-1
9470,74396,0
9471,76669,0
9472,-1,0
9473,95082,1
9474,-1,0
9475,64093,0
9476,26071,0
9477,9976,0
9478,91963,0
9479,92253,0
9480,60868,1
9481,14888,-1
9482,5792,0
9483,50064,-1
9484,96963,0
9485,98244,1
9486,70322,1
9487,-1,0
9488,72620,1
9489,24431,1
9490,54808,-1
9491,-1,0
9492,44002,-1
9493,91300,0
9494,5378,1
9495,12892,-1
9496,90418,0
9497,5311,0
9498,82326,-1
9499,57281,0
9500,-1,0
9501,90118,-1
9502,13985,1
9503,36886,-1
9504,33526,-1
9505,88993,1
9506,43308,0
9507,69761,0
9508,70796,-1
9509,-1,0
9510,-1,0
9511,-1,0
9512,-1,0
9513,-1,0
9514,15402,0
9515,71104,-1
9516,80070,0
9517,80644,0
9518,14869,0
9519,95642,0
9520,16556,-1
9521,92623,-1
9522,72375,-1
9523,73952,1
9524,-1,0
9525,34457,-1
9526,66580,0
9527,67140,-1
9528,66633,0
9529,26958,-1
9530,31053,1
9531,34707,0
9532,83523,0
9533,-1,0
9534,14195,0
9535,84437,0
9536,92107,-1
9537,45827,0
9538,4486,-1
9539,-1,0
9540,25120,-1
9541,85384,0
9542,52481,0
9543,96958,-1
9544,74595,1
9545,70624,0
9546,25493,0
9547,58986,0
9548,-1,0
9549,72268,0
9550,67055,0
9551,5865,0
9552,25869,1
9553,86662,0
9554,67111,1
9555,27881,-1
9556,54904,0
9557,47790,-1
9558,26178,-1
9559,41933,0
9560,2207,1
9561,92527,1
9562,552,0
9563,53939,1
9564,69871,0
9565,4601,-1
9566,90601,-1
9567,63068,0
9568,10964,0
9569,44556,1
9570,68622,0
9571,27982,0
9572,11186,0
9573,91325,0
9574,98521,1
9575,45282,0
9576,78561,0
9577,-1,0
9578,78734,-1
9579,1527,1
9580,94721,-1
9581,12933,-1
9582,-1,0
9583,90717,0
9584,54354,1
9585,8427,1
9586,87321,0
9587,2657,0
9588,5489,-1
9589,66767,1
9590,89160,0
9591,-1,0
9592,-1,0
9593,53060,0
9594,78297,0
9595,26307,-1
9596,34564,0
9597,87021,0
9598,93917,0
9599,24182,0
9600,32774,-1
9601,88525,0
9602,75301,0
9603,99216,0
9604,65809,0
9605,79617,0
9606,1896,0
9607,33754,-1
9608,88911,1
9609,37857,0
9610,3916,0
9611,14345,0
9612,42229,0
9613,-1,0
9614,20127,0
9615,-1,0
9616,74337,0
9617,8475,-1
9618,32543,-1
9619,40265,-1
9620,47288,-1
9621,50051,1
9622,86968,-1
9623,-1,0
9624,6923,0
9625,12530,1
9626,-1,0
9627,61368,0
9628,-1,0
9629,72849,-1
9630,12285,-1
9631,-1,0
9632,71448,-1
9633,21591,0
9634,73024,0
9635,-1,0
9636,46286,0
9637,19509,1
9638,10613,-1
9639,21712,1
9640,17017,-1
9641,77547,1
9642,79666,-1
9643,19309,1
9644,40936,1
9645,25852,-1
9646,70647,-1
9647,91636,1
9648,72625,1
9649,84264,1
9650,12177,0
9651,78820,1
9652,90636,-1
9653,87205,0
9654,67167,0
9655,68961,1
9656,12412,0
9657,24377,0
9658,71295,-1
9659,87862,0
9660,14280,1
9661,40365,-1
9662,17058,1
9663,12240,-1
9664,56300,0
9665,6989,0
9666,17104,1
9667,25458,-1
9668,791,0
9669,89172,-1
9670,76122,0
9671,98880,1
9672,97714,-1
9673,75391,0
9674,32787,-1
9675,70964,0
9676,37688,1
9677,74554,0
9678,86187,-1
9679,-1,0
9680,-1,0
9681,78719,1
9682,43283,0
9683,90904,-1
9684,-1,0
9685,72845,0
9686,-1,0
9687,31576,0
9688,37888,0
9689,90391,-1
9690,54703,-1
9691,50139,0
9692,86950,1
9693,-1,0
9694,37761,0
9695,25832,1
9696,22193,0
9697,54003,0
9698,93699,1
9699,86820,0
9700,93386,-1
9701,2820,0
9702,45621,0
9703,63689,-1
9704,-1,0
9705,40076,1
9706,63161,0
9707,-1,0
9708,79340,-1
9709,58234,0
9710,17451,0
9711,91202,-1
9712,48114,0
9713,28800,0
9714,93351,-1
9715,92304,0
9716,71355,0
9717,77169,0
9718,92852,0
9719,35051,0
9720,-1,0
9721,15247,-1
9722,63232,0
9723,43515,0
9724,26468,1
9725,66339,0
9726,63904,0
9727,96065,1
9728,-1,0
9729,24052,1
9730,74798,0
9731,91066,0
9732,35716,1
9733,78949,-1
9734,93916,1
9735,60162,0
9736,-1,0
9737,18587,0
9738,74076,0
9739,97986,0
9740,58618,0
9741,58380,0
9742,5456,-1
9743,82323,0
9744,61332,0
9745,50312,0
9746,86279,0
9747,-1,0
9748,16700,1
9749,29840,0
9750,47887,0
9751,88498,0
9752,5217,0
9753,-1,0
9754,12625,1
9755,18787,0
9756,80069,0
9757,69344,1
9758,96605,1
9759,62476,-1
9760,39524,0
9761,71883,-1
9762,56946,-1
9763,87267,-1
9764,31626,1
9765,-1,0
9766,84670,0
9767,67404,1
9768,39368,0
9769,96787,0
9770,14309,-1
9771,74324,0
9772,44790,0
9773,19959,1
9774,75873,-1
9775,90876,-1
9776,85826,0
9777,-1,0
9778,-1,0
9779,89281,-1
9780,-1,0
9781,66565,1
9782,-1,0
9783,24889,-1
9784,36476,0
9785,99190,0
9786,61121,-1
9787,3425,1
9788,20559,1
9789,67587,0
9790,-1,0
9791,81569,1
9792,43120,0
9793,-1,0
9794,93192,-1
9795,15596,1
9796,50731,0
9797,85473,0
9798,64715,0
9799,35012,0
9800,10757,1
9801,66075,-1
9802,81676,-1
9803,-1,0
9804,75238,0
9805,84916,-1
9806,37193,1
9807,81456,1
9808,37221,1
9809,17246,0
9810,-1,0
9811,34597,0
9812,82688,0
9813,89956,1
9814,86060,0
9815,88830,0
9816,20215,0
9817,60689,-1
9818,72470,-1
9819,51874,-1
9820,-1,0
9821,79056,1
9822,58815,0
9823,18426,1
9824,23194,0
9825,64776,0
9826,22546,-1
9827,52165,0
9828,38405,1
9829,53950,0
9830,49011,0
9831,39823,-1
9832,97375,0
9833,-1,0
9834,31505,0
9835,41073,0
9836,32935,0
9837,16888,0
9838,-1,0
9839,85524,1
9840,96599,0
9841,77637,1
9842,-1,0
9843,40256,0
9844,24082,0
9845,19436,0
9846,65245,0
9847,57302,0
9848,712,0
9849,-1,0
9850,59607,0
9851,73260,-1
9852,96377,1
9853,36667,-1
9854,38920,0
9855,22247,0
9856,39481,0
9857,6627,-1
9858,90867,0
9859,32726,-1
9860,93001,0
9861,43677,0
9862,-1,0
9863,28004,0
9864,6880,0
9865,18801,-1
9866,73896,0
9867,58376,0
9868,-1,0
9869,75433,-1
9870,86828,1
9871,59945,-1
9872,88325,-1
9873,41741,0
9874,21391,1
9875,36386,0
9876,54420,-1
9877,-1,0
9878,5508,0
9879,50504,-1
9880,-1,0
9881,94155,0
9882,9269,0
9883,11560,0
9884,97280,0
9885,58803,0
9886,1603,-1
9887,39003,-1
9888,73234,0
9889,78212,-1
9890,93865,0
9891,85897,0
9892,94057,1
9893,76149,-1
9894,85241,0
9895,99907,0
9896,79873,-1
9897,36800,0
9898,38565,0
9899,75356,0
9900,94791,0
9901,70939,1
9902,71970,0
9903,646,0
9904,-1,0
9905,39570,1
9906,71544,0
9907,23503,0
9908,-1,0
9909,61862,1
9910,12429,0
9911,55650,-1
9912,58624,1
9913,-1,0
9914,48562,-1
9915,12470,1
9916,97548,1
9917,85418,0
9918,-1,0
9919,-1,0
9920,40899,0
9921,46530,0
9922,47459,0
9923,67951,0
9924,65544,0
9925,50722,1
9926,58708,1
9927,83175,0
9928,-1,0
9929,-1,0
9930,37652,0
9931,80662,-1
9932,83761,1
9933,-1,0
9934,19044,0
9935,65473,0
9936,70853,0
9937,70339,1
9938,20977,0
9939,79695,0
9940,19697,0
9941,56975,0
9942,97624,0
9943,69754,0
9944,26419,0
9945,55876,0
9946,89542,0
9947,53246,0
9948,31857,0
9949,11912,0
9950,58835,0
9951,60142,0
9952,33737,0
9953,-1,0
9954,28823,0
9955,99315,0
9956,29737,0
9957,68067,0
9958,59777,-1
9959,54271,-1
9960,10618,-1
9961,40127,1
9962,96001,1
9963,-1,0
9964,96971,1
9965,62298,0
9966,-1,0
9967,2217,1
9968,37519,0
9969,54476,-1
9970,97338,-1
9971,60899,1
9972,71007,0
9973,36365,0
9974,38583,1
9975,76461,1
9976,68879,1
9977,38548,-1
9978,-1,0
9979,40518,0
9980,10682,0
9981,72377,0
9982,52287,0
9983,72660,0
9984,-1,0
9985,24339,-1
9986,85389,1
9987,97331,0
9988,29843,1
9989,36115,0
9990,78735,-1
9991,92605,0
9992,54033,-1
9993,-1,0
9994,21789,0
9995,-1,0
9996,76791,0
9997,44302,0
9998,22269,-1
9999,-1,0
10000,49450,1
10001,51853,0
10002,-1,0
10003,-1,0
10004,96418,1
10005,91411,-1
10006,99701,1
10007,96378,0
10008,59336,0
10009,-1,0
10010,16389,-1
10011,59372,0
10012,96145,0
10013,58204,0
10014,20724,0
10015,12682,-1
10016,94129,0
10017,98155,0
10018,-1,0
10019,79623,0
10020,51676,1
10021,32515,0
10022,30262,0
10023,77417,0
10024,-1,0
10025,67338,0
10026,-1,0
10027,35163,1
10028,13541,-1
10029,46293,0
10030,81162,-1
10031,81297,1
10032,14675,-1
10033,55503,1
10034,18731,0
10035,94838,-1
10036,92058,0
10037,-1,0
10038,50193,0
10039,-1,0
10040,70949,1
10041,7123,0
10042,8751,1
10043,61638,0
10044,1732,0
10045,18211,0
10046,37801,0
10047,63401,0
10048,91283,0
10049,56494,0
10050,72684,-1
10051,94507,0
10052,10753,0
10053,41512,0
10054,29787,0
10055,73082,-1
10056,29445,0
10057,51986,0
10058,98059,-1
10059,5853,0
10060,69725,0
10061,31419,1
10062,21361,0
10063,64392,1
10064,-1,0
10065,88350,1
10066,-1,0
10067,-1,0
10068,44861,0
10069,11804,0
10070,48715,0
10071,96392,0
10072,30656,0
10073,-1,0
10074,76414,0
10075,-1,0
10076,59984,0
10077,59000,0
10078,51916,0
10079,53827,0
10080,54573,1
10081,53074,0
10082,79704,0
10083,72952,0
10084,70888,1
10085,37471,-1
10086,36452,1
10087,95157,0
10088,34990,-1
10089,70122,-1
10090,-1,0
10091,4157,1
10092,44104,1
10093,14996,1
10094,17093,0
10095,61092,1
10096,75707,-1
10097,15967,0
10098,13973,-1
10099,6258,-1
10100,9649,0
10101,8435,0
10102,28801,1
10103,94044,0
10104,2413,0
10105,46487,0
10106,39035,0
10107,49711,1
10108,59739,1
10109,91685,0
10110,91585,0
10111,27143,0
10112,63889,1
10113,33216,1
10114,-1,0
10115,37332,0
10116,73335,1
10117,30429,0
10118,97422,1
10119,77347,-1
10120,19242,0
10121,-1,0
10122,33435,1
10123,17148,1
10124,99232,0
10125,63593,-1
10126,86321,0
10127,-1,0
10128,-1,0
10129,69662,1
10130,76478,-1
10131,69231,0
10132,92317,1
10133,77586,0
10134,94402,-1
10135,41567,-1
10136,24559,-1
10137,93738,-1
10138,-1,0
10139,-1,0
10140,62798,1
10141,53291,0
10142,40545,-1
10143,78971,0
10144,7537,0
10145,56299,0
10146,-1,0
10147,2346,0
10148,22042,1
10149,-1,0
10150,37704,-1
10151,31057,0
10152,27665,-1
10153,45895,-1
10154,12593,0
10155,62146,0
10156,53483,0
10157,-1,0
10158,-1,0
10159,10483,0
10160,95415,1
10161,77510,0
10162,19705,-1
10163,96188,1
10164,66415,1
10165,12442,0
10166,62789,0
10167,-1,0
10168,81827,-1
10169,22405,1
10170,51822,1
10171,70445,-1
10172,26004,0
10173,91116,0
10174,62150,1
10175,87923,0
10176,37103,0
10177,-1,0
10178,17522,-1
10179,50178,0
10180,29056,0
10181,-1,0
10182,7496,0
10183,84399,1
10184,36494,0
10185,40608,0
10186,6802,0
10187,46970,1
10188,98997,-1
10189,30713,-1
10190,65646,0
10191,52246,0
10192,96425,-1
10193,53755,1
10194,93670,1
10195,94491,1
10196,57631,1
10197,20380,1
10198,-1,0
10199,65234,1
10200,-1,0
10201,67493,0
10202,71373,0
10203,38774,-1
10204,-1,0
10205,40923,0
10206,87868,1
10207,50963,0
10208,84507,0
10209,38541,1
10210,77684,1
10211,60221,1
10212,69642,0
10213,-1,0
10214,94620,0
10215,31249,0
10216,18276,0
10217,88599,0
10218,78994,0
10219,51647,1
10220,-1,0
10221,19184,0
10222,86719,0
10223,80672,-1
10224,21947,1
10225,73700,-1
10226,13364,0
10227,37006,-1
10228,20746,-1
10229,11308,-1
10230,45930,0
10231,16930,1
10232,67612,0
10233,98984,0
10234,39160,1
10235,37659,-1
10236,39926,0
10237,72619,1
10238,-1,0
10239,9823,0
10240,2704,0
10241,53989,-1
10242,49449,1
10243,56057,0
10244,60819,1
10245,84068,1
10246,84112,-1
10247,-1,0
10248,-1,0
10249,93369,0
10250,11086,1
10251,65724,-1
10252,40023,1
10253,43064,0
10254,94310,1
10255,3236,1
10256,7719,0
10257,77946,0
10258,-1,0
10259,4928,0
10260,21162,0
10261,37845,-1
10262,49878,1
10263,75663,1
10264,88817,0
10265,70841,-1
10266,33104,1
10267,87652,0
10268,47721,0
10269,53026,0
10270,86069,1
10271,24212,1
10272,68956,-1
10273,4169,-1
10274,3744,1
10275,-1,0
10276,50359,0
10277,89242,-1
10278,63276,0
10279,31671,-1
10280,14571,0
10281,60100,0
10282,41945,0
10283,99824,0
10284,7908,0
10285,89441,-1
10286,46949,-1
10287,82542,0
10288,72361,0
10289,47074,0
10290,39782,1
10291,12818,0
10292,-1,0
10293,92498,-1
10294,-1,0
10295,-1,0
10296,62881,0
10297,30915,0
10298,28836,0
10299,33820,1
10300,311,-1
10301,-1,0
10302,-1,0
10303,94470,1
10304,50913,-1
10305,32827,1
10306,52918,0
10307,89580,0
10308,32673,0
10309,41138,0
10310,78291,-1
10311,75928,0
10312,90921,0
10313,76734,0
10314,66622,-1
10315,-1,0
10316,84566,-1
10317,37618,0
10318,41324,1
10319,-1,0
10320,35999,-1
10321,43698,-1
10322,-1,0
10323,-1,0
10324,69677,0
10325,-1,0
10326,93029,-1
10327,76097,0
10328,62176,0
10329,9410,0
10330,33683,0
10331,-1,0
10332,28940,0
10333,1781,0
10334,56082,1
10335,23231,1
10336,90652,-1
10337,41151,0
10338,-1,0
10339,82390,0
10340,47015,0
10341,7044,0
10342,46116,1
10343,49367,0
10344,57864,0
10345,5543,1
10346,7199,-1
10347,37096,0
10348,-1,0
10349,73609,0
10350,-1,0
10351,76056,0
10352,1098,0
10353,9131,1
10354,30830,1
10355,83454,1
10356,21280,-1
10357,87535,1
10358,54693,-1
10359,67881,0
10360,15653,0
10361,9683,0
10362,20393,0
10363,-1,0
10364,66506,0
10365,83045,0
10366,-1,0
10367,-1,0
10368,52090,1
10369,50850,0
10370,98212,-1
10371,9644,1
10372,73515,1
10373,46799,0
10374,77395,0
10375,34666,0
10376,22857,1
10377,33389,0
10378,20299,1
10379,26523,0
10380,33736,-1
10381,-1,0
10382,-1,0
10383,-1,0
10384,59386,0
10385,83033,-1
10386,13949,1
10387,56005,-1
10388,42547,1
10389,93403,1
10390,55556,0
10391,71984,1
10392,48961,0
10393,-1,0
10394,37465,-1
10395,68445,0
10396,94571,1
10397,65004,1
10398,99201,-1
10399,51357,0
10400,75327,-1
10401,5993,0
10402,6072,1
10403,12274,-1
10404,-1,0
10405,42509,0
10406,39664,0
10407,44318,0
10408,43441,-1
10409,87528,0
10410,-1,0
10411,75270,0
10412,70558,0
10413,-1,0
10414,-1,0
10415,73412,0
10416,93876,1
10417,9105,0
10418,73341,1
10419,-1,0
10420,1272,0
10421,9137,0
10422,90295,1
10423,71769,1
10424,9607,-1
10425,47147,-1
10426,54412,-1
10427,71054,0
10428,92046,1
10429,25038,0
10430,94835,0
10431,61052,0
10432,93179,0
10433,29525,0
10434,-1,0
10435,84328,0
10436,-1,0
10437,11303,0
10438,29556,-1
10439,82695,1
10440,26350,0
10441,18569,0
10442,16273,0
10443,-1,0
10444,60526,0
10445,81860,1
10446,11817,1
10447,-1,0
10448,48136,1
10449,56566,-1
10450,72164,-1
10451,-1,0
10452,15589,0
10453,39703,0
10454,68571,-1
10455,-1,0
10456,-1,0
10457,54695,0
10458,81405,1
10459,-1,0
10460,78339,1
10461,7782,0
10462,67600,0
10463,66984,1
10464,62054,-1
10465,85563,0
10466,47458,-1
10467,13969,-1
10468,-1,0
10469,91719,0
10470,-1,0
10471,37324,1
10472,33656,0
10473,78685,-1
10474,31211,-1
10475,44293,0
10476,-1,0
10477,93829,-1
10478,70562,-1
10479,34805,0
10480,24005,0
10481,77136,1
10482,13504,0
10483,75007,1
10484,26845,0
10485,91484,1
10486,22183,0
10487,88838,1
10488,9208,0
10489,10012,1
10490,97615,0
10491,50830,0
10492,28508,-1
10493,67033,0
10494,76555,-1
10495,-1,0
10496,-1,0
10497,7366,0
10498,64058,0
10499,79870,1
10500,37266,1
10501,70340,-1
10502,-1,0
10503,-1,0
10504,23589,-1
10505,16312,0
10506,-1,0
10507,24327,0
10508,18914,-1
10509,64977,0
10510,48135,0
10511,77725,1
10512,31841,0
10513,61517,0
10514,10979,0
10515,14243,-1
10516,11137,0
10517,54340,-1
10518,-1,0
10519,545,0
10520,78560,-1
10521,23305,1
10522,2601,0
10523,-1,0
10524,-1,0
10525,60270,-1
10526,3187,-1
10527,84243,0
10528,59464,-1
10529,87079,-1
10530,-1,0
10531,20242,-1
10532,27761,-1
10533,68978,0
10534,91358,1
10535,76337,0
10536,35540,0
10537,63739,0
10538,41121,0
10539,82915,0
10540,97723,0
10541,11260,0
10542,50016,0
10543,79193,0
10544,30565,0
10545,35344,0
10546,59362,-1
10547,95290,0
10548,82818,0
10549,8113,0
10550,-1,0
10551,61313,0
10552,91092,0
10553,43730,-1
10554,32634,1
10555,87726,1
10556,35323,0
10557,64293,0
10558,69538,1
10559,40164,-1
10560,80892,-1
10561,76186,0
10562,34538,0
10563,20675,0
10564,5463,0
10565,33323,0
10566,-1,0
10567,36336,-1
10568,29127,0
10569,76033,1
10570,85956,0
10571,14005,-1
10572,-1,0
10573,90161,0
10574,87058,-1
10575,-1,0
10576,46248,-1
10577,74077,1
10578,99561,1
10579,84412,-1
10580,92725,1
10581,35806,0
10582,54958,-1
10583,64363,0
10584,27031,0
10585,33324,-1
10586,57888,1
10587,20602,0
10588,5318,0
10589,8778,0
10590,-1,0
10591,3400,-1
10592,29159,-1
10593,55075,0
10594,89819,0
10595,-1,0
10596,91807,0
10597,51870,0
10598,87445,0
10599,92219,0
10600,-1,0
10601,3370,0
10602,52570,-1
10603,46223,1
10604,54482,-1
10605,35048,0
10606,90207,-1
10607,60580,0
10608,77641,1
10609,6808,-1
10610,52407,-1
10611,62039,0
10612,41342,0
10613,85083,0
10614,14578,-1
10615,33145,0
10616,35949,-1
10617,44131,-1
10618,25964,0
10619,51060,-1
10620,91270,0
10621,46220,1
10622,55772,-1
10623,62984,-1
10624,-1,0
10625,49927,0
10626,72334,0
10627,90354,0
10628,14222,-1
10629,-1,0
10630,73734,0
10631,58061,0
10632,35283,1
10633,37750,0
10634,-1,0
10635,-1,0
10636,11021,0
10637,38540,0
10638,-1,0
10639,88070,-1
10640,32021,-1
10641,-1,0
10642,55785,-1
10643,-1,0
10644,43050,0
10645,51359,0
10646,71340,-1
10647,41792,0
10648,51177,0
10649,85157,0
10650,65257,-1
10651,99732,0
10652,87776,-1
10653,31026,0
10654,76369,0
10655,-1,0
10656,-1,0
10657,55424,0
10658,87496,-1
10659,83780,0
10660,-1,0
10661,73771,-1
10662,-1,0
10663,93986,1
10664,-1,0
10665,95931,1
10666,56835,-1
10667,46755,1
10668,21783,1
10669,97238,0
10670,40388,0
10671,6763,-1
10672,42270,0
10673,30469,-1
10674,80397,1
10675,74878,0
10676,66998,-1
10677,77973,-1
10678,3215,1
10679,42847,-1
10680,89950,1
10681,34507,-1
10682,92510,1
10683,14166,-1
10684,-1,0
10685,35844,-1
10686,42930,1
10687,43053,1
10688,72585,0
10689,4135,1
10690,16642,1
10691,41655,-1
10692,-1,0
10693,86707,-1
10694,6439,0
10695,-1,0
10696,29052,0
10697,40548,0
10698,79495,1
10699,9285,0
10700,30902,1
10701,32521,0
10702,32499,0
10703,85205,-1
10704,-1,0
10705,66346,0
10706,25256,0
10707,72701,0
10708,79332,-1
10709,48120,0
10710,7980,0
10711,99066,0
10712,64639,0
10713,31277,-1
10714,-1,0
10715,27936,0
10716,-1,0
10717,69274,-1
10718,55675,-1
10719,65117,1
10720,27235,0
10721,15952,1
10722,12601,0
10723,33763,0
10724,37457,0
10725,-1,0
10726,-1,0
10727,67274,0
10728,20441,-1
10729,48592,0
10730,-1,0
10731,44192,0
10732,70881,0
10733,47195,1
10734,-1,0
10735,81863,1
10736,41547,0
10737,40681,0
10738,6062,0
10739,53670,1
10740,57721,1
10741,7554,1
10742,18247,1
10743,96129,0
10744,63949,0
10745,-1,0
10746,13795,1
10747,50319,1
10748,18322,-1
10749,95736,0
10750,-1,0
10751,28199,1
10752,57847,0
10753,-1,0
10754,38194,0
10755,47557,0
10756,25477,0
10757,67644,1
10758,63826,0
10759,50477,-1
10760,20094,-1
10761,27483,-1
10762,57521,1
10763,71016,0
10764,90240,0
10765,14183,0
10766,85112,1
10767,75202,1
10768,-1,0
10769,-1,0
10770,-1,0
10771,79819,-1
10772,15832,0
10773,34552,1
10774,89594,0
10775,-1,0
10776,97749,0
10777,1007,0
10778,17149,1
10779,48651,0
10780,-1,0
10781,78780,0
10782,77485,1
10783,-1,0
10784,54798,0
10785,41932,0
10786,80448,1
10787,35676,0
10788,31988,0
10789,47690,0
10790,71944,-1
10791,32620,1
10792,10692,-1
10793,37782,1
10794,91309,0
10795,79306,-1
10796,76672,1
10797,96404,0
10798,73793,1
10799,-1,0
10800,27683,-1
10801,-1,0
10802,21401,-1
10803,45606,0
10804,67318,0
10805,-1,0
10806,45063,-1
10807,65122,0
10808,12826,1
10809,65114,0
10810,38264,0
10811,5972,0
10812,27842,1
10813,37844,-1
10814,43796,-1
10815,16125,0
10816,43983,0
10817,1101,1
10818,82802,-1
10819,15307,0
10820,41363,-1
10821,14682,1
10822,171,0
10823,-1,0
10824,9157,1
10825,51971,0
10826,85094,-1
10827,29493,1
10828,90259,0
10829,55079,0
10830,79564,0
10831,40379,0
10832,25381,1
10833,94475,-1
10834,79716,0
10835,46740,1
10836,87705,1
10837,-1,0
10838,86175,0
10839,69556,0
10840,62839,1
10841,22663,0
10842,88232,0
10843,83396,1
10844,78683,0
10845,83812,-1
10846,76642,0
10847,66220,-1
10848,-1,0
10849,33045,-1
10850,15292,-1
10851,11118,-1
10852,53048,1
10853,-1,0
10854,18728,0
10855,65000,-1
10856,42139,-1
10857,88204,1
10858,68716,-1
10859,39211,0
10860,59979,-1
10861,86912,-1
10862,86662,1
10863,-1,0
10864,11498,0
10865,86705,1
10866,61722,0
10867,39927,1
10868,14836,-1
10869,82291,-1
10870,59322,0
10871,-1,0
10872,77858,1
10873,59409,0
10874,74141,-1
10875,47369,0
10876,35998,1
10877,23571,-1
10878,-1,0
10879,-1,0
10880,-1,0
10881,8258,0
10882,44106,-1
10883,54403,0
10884,49011,-1
10885,17040,-1
10886,94448,0
10887,38527,0
10888,87311,-1
10889,95949,0
10890,-1,0
10891,19330,0
10892,93585,1
10893,64583,1
10894,84744,0
10895,67386,1
10896,96686,-1
10897,-1,0
10898,84002,0
10899,-1,0
10900,73208,1
10901,41563,0
10902,85755,0
10903,68333,1
10904,42497,0
10905,20985,1
10906,96478,-1
10907,97631,0
10908,-1,0
10909,95797,0
10910,44099,1
10911,96279,0
10912,56828,1
10913,54855,0
10914,8223,1
10915,78379,0
10916,16869,1
10917,25600,1
10918,57723,0
10919,72337,0
10920,34410,0
10921,-1,0
10922,55853,1
10923,-1,0
10924,72520,0
10925,80072,-1
10926,15436,-1
10927,70453,1
10928,10969,0
10929,52683,1
10930,13558,-1
10931,-1,0
10932,12799,1
10933,86413,0
10934,37370,-1
10935,54533,0
10936,26185,1
10937,53700,0
10938,-1,0
10939,41670,0
10940,17799,0
10941,1139,0
10942,50064,0
10943,18138,0
10944,36820,-1
10945,-1,0
10946,37666,0
10947,-1,0
10948,-1,0
10949,6657,-1
10950,59534,0
10951,97587,0
10952,35549,1
10953,-1,0
10954,60990,0
10955,12839,-1
10956,81908,0
10957,64423,0
10958,55480,0
10959,84903,-1
10960,53898,1
10961,60948,0
10962,78866,0
10963,64256,-1
10964,85985,-1
10965,-1,0
10966,-1,0
10967,72969,0
10968,12333,1
10969,56766,0
10970,75414,0
10971,-1,0
10972,-1,0
10973,73852,1
10974,43454,0
10975,45004,1
10976,-1,0
10977,57542,1
10978,-1,0
10979,96062,1
10980,53400,-1
10981,-1,0
10982,-1,0
10983,54297,0
10984,67548,1
10985,43963,1
10986,48959,0
10987,65197,0
10988,45032,0
10989,54685,0
10990,22351,-1
10991,89356,0
10992,63077,0
10993,31528,0
10994,52032,0
10995,62388,1
10996,31428,1
10997,-1,0
10998,98494,0
10999,98935,0
11000,82958,0
11001,78711,0
11002,78595,0
11003,71325,0
11004,12378,0
11005,5320,0
11006,-1,0
11007,8742,0
11008,36564,0
11009,70384,0
11010,93391,-1
11011,72706,1
11012,64157,0
11013,48256,-1
11014,34812,1
11015,-1,0
11016,15198,0
11017,6682,0
11018,7987,0
11019,44129,0
11020,34527,1
11021,91940,1
11022,26891,1
11023,77859,1
11024,86906,-1
11025,7348,-1
11026,-1,0
11027,86928,0
11028,-1,0
11029,20284,-1
11030,97671,-1
11031,-1,0
11032,44810,-1
11033,88062,-1
11034,59165,1
11035,84982,1
11036,53477,0
11037,63154,0
11038,59086,1
11039,53532,1
11040,33465,0
11041,57345,-1
11042,40543,1
11043,28458,1
11044,79865,-1
11045,67761,1
11046,-1,0
11047,71369,1
11048,36500,0
11049,44618,-1
11050,25260,-1
11051,45930,-1
11052,52662,-1
11053,53363,0
11054,32612,0
11055,32876,0
11056,74573,-1
11057,-1,0
11058,64607,1
11059,98273,-1
11060,9396,0
11061,69294,1
11062,32739,0
11063,99335,-1
11064,56523,1
11065,27904,0
11066,89829,1
11067,62103,1
11068,-1,0
11069,-1,0
11070,-1,0
11071,37130,0
11072,54566,1
11073,94520,0
11074,68079,0
11075,89398,0
11076,36504,0
11077,-1,0
11078,36031,-1
11079,2836,-1
11080,87342,0
11081,36396,0
11082,7163,1
11083,-1,0
11084,23856,0
11085,40484,1
11086,79605,1
11087,67072,1
11088,89862,0
11089,92457,0
11090,-1,0
11091,-1,0
11092,34778,-1
11093,40161,-1
11094,-1,0
11095,78479,-1
11096,79144,-1
11097,77149,1
11098,11855,1
11099,12355,-1
11100,51550,-1
11101,-1,0
11102,36675,1
11103,92203,1
11104,48445,1
11105,71071,0
11106,82949,-1
11107,3437,0
11108,75779,0
11109,74057,-1
11110,89611,-1
11111,40568,-1
11112,81714,0
11113,15554,-1
11114,73713,-1
11115,-1,0
11116,46351,0
11117,51895,1
11118,-1,0
11119,9815,0
11120,8200,0
11121,22117,0
11122,58232,0
11123,43831,-1
11124,33272,0
11125,48108,1
11126,50494,1
11127,10698,-1
11128,94745,0
11129,52754,0
11130,87568,0
11131,14020,-1
11132,-1,0
11133,29422,-1
11134,33091,-1
11135,-1,0
11136,46565,1
11137,97375,-1
11138,-1,0
11139,-1,0
11140,73884,1
11141,40242,0
11142,30067,0
11143,28859,1
11144,97006,-1
11145,66504,1
11146,24190,1
11147,-1,0
11148,88395,0
11149,85469,0
11150,-1,0
11151,83574,0
11152,90004,-1
11153,56975,1
11154,80075,0
11155,93283,1
11156,89505,0
11157,59591,0
11158,19258,0
11159,84216,0
11160,20795,0
11161,-1,0
11162,19791,0
11163,94031,-1
11164,21093,-1
11165,87995,1
11166,10171,1
11167,63914,1
11168,22099,1
11169,84712,0
11170,87885,0
11171,19196,0
11172,-1,0
11173,71499,0
11174,93723,1
11175,-1,0
11176,63719,1
11177,81098,1
11178,-1,0
11179,23100,0
11180,73431,0
11181,27757,0
11182,16618,0
11183,12727,0
11184,55131,0
11185,65127,1
11186,-1,0
11187,-1,0
11188,-1,0
11189,93327,1
11190,37097,1
11191,42267,1
11192,77934,-1
11193,6690,0
11194,65015,-1
11195,31512,1
11196,82693,-1
11197,60654,-1
11198,13638,-1
11199,17767,0
11200,39593,1
11201,63882,0
11202,78275,-1
11203,69972,0
11204,79656,0
11205,35013,1
11206,42670,0
11207,50143,1
11208,7339,0
11209,76786,0
11210,21723,-1
11211,30478,-1
11212,81057,0
11213,84574,1
11214,67596,0
11215,59977,1
11216,58438,0
11217,56525,1
11218,25369,0
11219,98781,-1
11220,29047,1
11221,70292,0
11222,79028,0
11223,60841,1
11224,64147,1
11225,-1,0
11226,92266,0
11227,32358,-1
11228,-1,0
11229,66815,0
11230,96692,0
11231,-1,0
11232,62749,-1
11233,-1,0
11234,37192,1
11235,43201,0
11236,15807,-1
11237,-1,0
11238,61010,0
11239,-1,0
11240,85087,0
11241,798,-1
11242,46157,0
11243,46686,-1
11244,89581,1
11245,17869,1
11246,53672,0
11247,60658,1
11248,27930,0
11249,47305,0
11250,10386,1
11251,61203,-1
11252,-1,0
11253,63754,-1
11254,-1,0
11255,-1,0
11256,28828,0
11257,-1,0
11258,10215,1
11259,42864,-1
11260,84412,0
11261,-1,0
11262,-1,0
11263,78242,0
11264,97394,0
11265,45431,-1
11266,74802,0
11267,81910,-1
11268,80842,0
11269,18818,0
11270,15487,0
11271,82796,-1
11272,56897,-1
11273,-1,0
11274,54389,0
11275,34492,0
11276,65930,1
11277,12651,0
11278,36213,-1
11279,68901,1
11280,1949,0
11281,62892,0
11282,99956,1
11283,81788,-1
11284,83605,0
11285,22252,0
11286,70944,1
11287,-1,0
11288,18382,0
11289,47429,0
11290,98423,-1
11291,41410,0
11292,54115,0
11293,75875,0
11294,23413,-1
11295,34562,0
11296,44160,1
11297,83858,1
11298,8521,0
11299,87129,-1
11300,73703,-1
11301,-1,0
11302,48104,1
11303,65051,-1
11304,85715,0
11305,88867,-1
11306,73641,0
11307,26071,1
11308,31789,1
11309,93088,0
11310,1886,-1
11311,31046,0
11312,4667,1
11313,40971,1
11314,75739,1
11315,66126,0
11316,29938,0
11317,24821,0
11318,42636,-1
11319,62851,0
11320,81028,1
11321,61453,0
11322,90392,0
11323,-1,0
11324,34508,-1
11325,91374,1
11326,-1,0
11327,88902,0
11328,68867,0
11329,46322,0
11330,50309,0
11331,62535,0
11332,25277,1
11333,60804,-1
11334,52096,0
11335,93246,1
11336,61729,0
11337,43612,1
11338,69789,1
11339,36506,0
11340,45336,-1
11341,11572,0
11342,35931,1
11343,29862,-1
11344,76194,0
11345,20244,-1
11346,19050,-1
11347,64216,-1
11348,53461,0
11349,66880,-1
11350,64940,0
11351,40453,0
11352,79511,0
11353,81988,1
11354,86982,-1
11355,13249,0
11356,15123,1
11357,66297,1
11358,36731,-1
11359,-1,0
11360,13739,1
11361,47437,0
11362,99121,0
11363,58896,0
11364,-1,0
11365,86790,0
11366,-1,0
11367,40521,1
11368,31264,-1
11369,10494,0
11370,75885,0
11371,98997,0
11372,-1,0
11373,-1,0
11374,77862,1
11375,70070,0
11376,-1,0
11377,44663,0
11378,4844,-1
11379,-1,0
11380,36642,0
11381,4020,1
11382,63515,-1
11383,71819,0
11384,-1,0
11385,-1,0
11386,65259,0
11387,33723,0
11388,45694,0
11389,48479,0
11390,85506,0
11391,-1,0
11392,33005,-1
11393,15140,1
11394,44313,0
11395,25309,0
11396,-1,0
11397,93779,-1
11398,18902,0
11399,46762,0
11400,88279,0
11401,80161,0
11402,3382,0
11403,11024,0
11404,42010,0
11405,19695,0
11406,-1,0
11407,7325,0
11408,76900,-1
11409,30921,-1
11410,50598,0
11411,87807,0
11412,-1,0
11413,86505,0
11414,74861,1
11415,24084,-1
11416,38546,-1
11417,84743,1
11418,48960,0
11419,24296,-1
11420,50343,0
11421,75875,-1
11422,89141,0
11423,11855,0
11424,89619,0
11425,-1,0
11426,94547,0
11427,69353,-1
11428,65471,-1
11429,55250,-1
11430,69306,0
11431,33116,1
11432,36817,0
11433,82551,-1
11434,62296,0
11435,16824,1
11436,84793,0
11437,89153,1
11438,12369,0
11439,39936,1
11440,-1,0
11441,64682,0
11442,8886,1
11443,78862,-1
11444,30138,-1
11445,53527,1
11446,51593,0
11447,-1,0
11448,62388,0
11449,8997,0
11450,33694,0
11451,-1,0
11452,-1,0
11453,51045,0
11454,48124,-1
11455,15520,1
11456,96729,0
11457,802,0
11458,-1,0
11459,44991,0
11460,83070,-1
11461,10339,-1
11462,50458,0
11463,30733,-1
11464,97222,1
11465,21224,0
11466,35273,1
11467,-1,0
11468,-1,0
11469,62956,0
11470,25155,1
11471,-1,0
11472,65862,1
11473,20968,0
11474,80206,0
11475,70266,1
11476,98104,0
11477,-1,0
11478,25581,1
11479,35568,0
11480,48123,1
11481,26795,0
11482,21558,1
11483,81648,0
11484,33196,0
11485,59507,-1
11486,-1,0
11487,40320,0
11488,61161,1
11489,-1,0
11490,69484,0
11491,37898,0
11492,64546,-1
11493,49543,-1
11494,80557,-1
11495,-1,0
11496,2391,0
11497,55928,0
11498,54893,0
11499,64014,1
11500,38727,0
11501,73123,0
11502,55870,-1
11503,40390,0
11504,80345,-1
11505,-1,0
11506,-1,0
11507,2061,0
11508,-1,0
11509,-1,0
11510,68561,0
11511,37466,0
11512,36877,0
11513,30055,-1
11514,35166,1
11515,-1,0
11516,35457,0
11517,3961,-1
11518,-1,0
11519,17697,0
11520,72864,1
11521,12449,1
11522,60834,0
11523,90043,0
11524,82472,0
11525,56957,0
11526,9957,0
11527,62153,-1
11528,39658,0
11529,16435,-1
11530,-1,0
11531,72474,0
11532,20775,0
11533,64506,0
11534,78676,1
11535,89467,1
11536,37338,0
11537,28877,0
11538,14657,0
11539,61791,-1
11540,28909,-1
11541,-1,0
11542,35130,1
11543,-1,0
11544,-1,0
11545,-1,0
11546,94372,0
11547,48723,-1
11548,93361,0
11549,75069,0
11550,8501,-1
11551,52931,0
11552,14776,0
11553,-1,0
11554,26932,0
11555,27586,0
11556,92366,1
11557,70537,0
11558,80019,-1
11559,64776,1
11560,9222,1
11561,91665,0
11562,53563,1
11563,37022,0
11564,-1,0
11565,17359,0
11566,4700,0
11567,45282,-1
11568,70553,0
11569,58352,0
11570,25024,1
11571,32387,1
11572,-1,0
11573,-1,0
11574,-1,0
11575,88245,1
11576,76641,1
11577,35399,-1
11578,-1,0
11579,79242,1
11580,56313,0
11581,89028,0
11582,83476,0
11583,77729,0
11584,21255,1
11585,2181,1
11586,46667,1
11587,39198,-1
11588,52005,-1
11589,10238,0
11590,81315,0
11591,9879,0
11592,46244,0
11593,15941,-1
11594,11894,-1
11595,24127,-1
11596,45613,-1
11597,60325,0
11598,84232,-1
11599,59014,0
11600,66460,0
11601,92432,0
11602,35188,0
11603,95443,0
11604,-1,0
11605,46194,1
11606,74284,0
11607,96223,-1
11608,41562,0
11609,67511,0
11610,58446,1
11611,-1,0
11612,90111,1
11613,25541,0
11614,32539,-1
11615,14394,-1
11616,-1,0
11617,18271,0
11618,28541,0
11619,63912,0
11620,8060,-1
11621,31219,-1
11622,31866,1
11623,50237,-1
11624,34731,-1
11625,24119,0
11626,84453,0
11627,31886,0
11628,92294,0
11629,19968,-1
11630,26862,-1
11631,-1,0
11632,59223,1
11633,17130,0
11634,9694,-1
11635,-1,0
11636,16028,1
11637,62227,-1
11638,63906,0
11639,-1,0
11640,64483,0
11641,40743,-1
11642,77436,0
11643,58214,1
11644,-1,0
11645,46454,0
11646,-1,0
11647,36157,1
11648,83256,0
11649,16256,1
11650,76709,0
11651,64084,0
11652,79036,0
11653,35742,0
11654,70918,1
11655,32899,0
11656,55812,1
11657,2525,0
11658,64034,0
11659,39046,0
11660,43053,0
11661,92938,1
11662,42011,0
11663,4919,0
11664,42941,1
11665,15075,0
11666,31759,0
11667,-1,0
11668,13632,-1
11669,21296,0
11670,76343,1
11671,6291,0
11672,47195,0
11673,58409,0
11674,92523,1
11675,9878,0
11676,29516,1
11677,-1,0
11678,45792,0
11679,81525,-1
11680,32774,0
11681,33434,1
11682,38805,1
11683,84596,0
11684,85342,0
11685,-1,0
11686,65030,0
11687,-1,0
11688,12176,-1
11689,-1,0
11690,-1,0
11691,94854,0
11692,66725,0
11693,-1,0
11694,77430,0
11695,32170,0
11696,25065,0
11697,538,0
11698,3714,1
11699,27681,0
11700,93610,0
11701,59413,-1
11702,89901,0
11703,65451,0
11704,-1,0
11705,96257,0
11706,28636,0
11707,34575,-1
11708,80578,0
11709,-1,0
11710,24232,0
11711,47716,0
11712,97891,1
11713,82928,0
11714,90448,-1
11715,65495,-1
11716,78974,0
11717,-1,0
11718,45507,0
11719,70319,0
11720,-1,0
11721,89155,1
11722,-1,0
11723,49869,1
11724,80264,0
11725,53794,1
11726,72317,1
11727,-1,0
11728,71826,-1
11729,22239,0
11730,-1,0
11731,-1,0
11732,32001,0
11733,69615,-1
11734,33973,-1
11735,76368,0
11736,43934,1
11737,46649,0
11738,7377,0
11739,83947,-1
11740,69669,0
11741,72866,1
11742,81985,-1
11743,29729,0
11744,-1,0
11745,46765,1
11746,40510,1
11747,35166,0
11748,94316,0
11749,79573,-1
11750,58579,-1
11751,75918,0
11752,12253,-1
11753,4257,1
11754,71913,0
11755,59588,-1
11756,-1,0
11757,66541,-1
11758,2211,0
11759,10149,1
11760,56834,0
11761,-1,0
11762,806,0
11763,36620,0
11764,36262,0
11765,63350,0
11766,50711,-1
11767,83215,-1
11768,96989,0
11769,65342,-1
11770,-1,0
11771,71576,0
11772,73973,-1
11773,82565,-1
11774,51465,0
11775,88284,0
11776,33315,0
11777,81343,0
11778,75391,-1
11779,41114,1
11780,-1,0
11781,89599,0
11782,49693,0
11783,50277,0
11784,89610,-1
11785,16069,1
11786,79702,0
11787,41425,0
11788,10649,0
11789,33138,-1
11790,13714,-1
11791,-1,0
11792,91307,0
11793,86515,1
11794,66881,0
11795,-1,0
11796,-1,0
11797,-1,0
11798,28496,-1
11799,73921,-1
11800,74304,-1
11801,25893,0
11802,6402,1
11803,63458,1
11804,38057,0
11805,-1,0
11806,-1,0
11807,11517,0
11808,99732,1
11809,89305,-1
11810,57551,0
11811,49470,-1
11812,53227,0
11813,93649,0
11814,53978,-1
11815,63140,0
11816,3605,-1
11817,47703,-1
11818,40708,1
11819,14427,-1
11820,6874,0
11821,69297,1
11822,94115,1
11823,8182,1
11824,-1,0
11825,82975,0
11826,30121,0
11827,27623,-1
11828,20352,0
11829,1162,0
11830,95907,0
11831,93321,0
11832,32612,1
11833,29461,1
11834,-1,0
11835,70778,1
11836,20417,0
11837,37331,0
11838,53863,0
11839,37282,-1
11840,42196,-1
11841,30292,-1
11842,98192,0
11843,60402,0
11844,36126,0
11845,70564,1
11846,7447,1
11847,-1,0
11848,65037,0
11849,96460,0
11850,77436,-1
11851,9723,0
11852,94731,0
11853,8916,0
11854,-1,0
11855,93913,-1
11856,93231,1
11857,91598,0
11858,-1,0
11859,25590,0
11860,75857,0
11861,11258,0
11862,42610,-1
11863,-1,0
11864,68535,0
11865,47988,1
11866,-1,0
11867,55632,1
11868,30522,-1
11869,21731,-1
11870,97494,0
11871,73850,1
11872,86610,0
11873,42905,0
11874,6318,1
11875,26119,0
11876,-1,0
11877,75594,0
11878,78779,0
11879,25576,1
11880,80517,0
11881,98288,1
11882,61722,1
11883,58656,0
11884,49567,0
11885,30777,-1
11886,91095,0
11887,8929,1
11888,81584,1
11889,27739,-1
11890,85793,1
11891,62630,0
11892,-1,0
11893,20477,-1
11894,-1,0
11895,51846,-1
11896,59157,0
11897,51133,0
11898,31631,-1
11899,63775,0
11900,9695,-1
11901,86146,-1
11902,31927,0
11903,-1,0
11904,79108,0
11905,29016,0
11906,16443,0
11907,10495,-1
11908,48153,0
11909,53016,0
11910,31260,0
11911,98271,0
11912,83938,0
11913,77680,1
11914,75608,0
11915,22288,1
11916,94666,0
11917,-1,0
11918,24281,1
11919,55666,0
11920,26827,0
11921,96504,-1
11922,96068,-1
11923,96528,0
11924,-1,0
11925,4749,-1
11926,-1,0
11927,48184,-1
11928,68353,-1
11929,-1,0
11930,75504,-1
11931,41920,0
11932,-1,0
11933,58968,1
11934,-1,0
11935,31606,0
11936,6162,0
11937,67062,0
11938,21218,-1
11939,-1,0
11940,33480,0
11941,66194,0
11942,34460,0
11943,65397,-1
11944,35540,-1
11945,65182,0
11946,29003,0
11947,-1,0
11948,70619,-1
11949,31789,0
11950,-1,0
11951,-1,0
11952,18484,0
11953,90342,1
11954,51773,-1
11955,51762,-1
11956,95826,0
11957,82137,1
11958,47232,1
11959,92685,-1
11960,89222,0
11961,-1,0
11962,57609,0
11963,-1,0
11964,-1,0
11965,42013,-1
11966,17862,0
11967,66735,0
11968,84564,0
11969,9107,0
11970,76787,-1
11971,21103,1
11972,-1,0
11973,22685,0
11974,797,0
11975,69902,0
11976,34512,0
11977,39839,0
11978,43662,1
11979,87371,0
11980,90069,0
11981,2251,0
11982,84302,0
11983,85810,-1
11984,45952,1
11985,54705,1
11986,43385,0
11987,68972,0
11988,-1,0
11989,27015,-1
11990,39921,0
11991,56279,0
11992,45484,0
11993,39947,-1
11994,-1,0
11995,743,1
11996,87980,0
11997,85181,0
11998,44545,0
11999,32262,1
12000,64140,1
12001,54705,0
12002,18674,1
12003,-1,0
12004,29824,-1
12005,66710,0
12006,12694,1
12007,87786,0
12008,99556,0
12009,79244,0
12010,9047,0
12011,-1,0
12012,66843,0
12013,61942,0
12014,10234,0
12015,27660,0
12016,85500,0
12017,-1,0
12018,85157,-1
12019,85948,1
12020,56985,0
12021,-1,0
12022,-1,0
12023,13565,0
12024,66106,1
12025,-1,0
12026,95061,-1
12027,87777,0
12028,28734,-1
12029,27904,1
12030,63316,0
12031,37182,-1
12032,51033,1
12033,16852,1
12034,-1,0
12035,90425,-1
12036,32991,0
12037,56415,0
12038,59338,1
12039,26772,-1
12040,49765,0
12041,71832,0
12042,984,-1
12043,81950,0
12044,53244,1
12045,98052,1
12046,69084,0
12047,-1,0
12048,20416,-1
12049,48479,1
12050,-1,0
12051,17816,1
12052,13026,0
12053,58070,1
12054,92494,1
12055,86799,-1
12056,89244,0
12057,44763,1
12058,75194,0
12059,-1,0
12060,5583,-1
12061,92889,0
12062,75509,1
12063,-1,0
12064,45833,0
12065,89597,1
12066,40590,-1
12067,-1,0
12068,76145,0
12069,51900,-1
12070,81456,0
12071,53106,1
12072,17856,0
12073,42712,0
12074,35853,0
12075,99169,-1
12076,60875,0
12077,14356,0
12078,35123,1
12079,-1,0
12080,5288,1
12081,72597,0
12082,54000,1
12083,13639,0
12084,81419,0
12085,75681,0
12086,999,1
12087,9295,1
12088,99170,0
12089,15806,0
12090,65164,0
12091,11824,-1
12092,56618,1
12093,230,1
12094,53810,-1
12095,12487,0
12096,73866,1
12097,-1,0
12098,39382,0
12099,25789,0
12100,79325,0
12101,48578,0
12102,97588,-1
12103,13871,-1
12104,36199,0
12105,57263,0
12106,2472,0
12107,77369,0
12108,-1,0
12109,32478,1
12110,19877,0
12111,-1,0
12112,39740,1
12113,99357,1
12114,73076,0
12115,73667,0
12116,35651,0
12117,-1,0
12118,18511,-1
12119,83828,0
12120,94343,0
12121,11092,-1
12122,11117,0
12123,59290,0
12124,54256,0
12125,-1,0
12126,76703,1
12127,87285,0
12128,91017,0
12129,12361,0
12130,45604,-1
12131,25422,-1
12132,49309,1
12133,3893,1
12134,-1,0
12135,56182,0
12136,34121,0
12137,44472,1
12138,74696,-1
12139,51068,0
12140,-1,0
12141,83274,0
12142,5339,-1
12143,45690,0
12144,73289,0
12145,-1,0
12146,80914,0
12147,57997,1
12148,62644,1
12149,1462,-1
12150,-1,0
12151,1201,0
12152,31411,0
12153,42128,0
12154,-1,0
12155,29379,0
12156,10925,-1
12157,95674,1
12158,19282,0
12159,50194,0
12160,74794,1
12161,47876,-1
12162,78367,1
12163,65417,0
12164,-1,0
12165,60142,1
12166,59578,0
12167,17449,0
12168,33194,0
12169,28175,-1
12170,47032,0
12171,-1,0
12172,52538,-1
12173,77182,0
12174,6944,-1
12175,87051,1
12176,78076,0
12177,50265,0
12178,91311,1
12179,51040,1
12180,41660,-1
12181,71807,0
12182,85081,0
12183,39976,1
12184,68921,1
12185,28811,-1
12186,24118,0
12187,-1,0
12188,2810,1
12189,40119,0
12190,80676,-1
12191,56727,0
12192,82888,-1
12193,43823,-1
12194,98,0
12195,-1,0
12196,63175,0
12197,39607,0
12198,58487,1
12199,30158,0
12200,-1,0
12201,15245,0
12202,15367,-1
12203,41488,-1
12204,46975,0
12205,47081,0
12206,35600,0
12207,28823,-1
12208,-1,0
12209,46766,0
12210,46929,1
12211,-1,0
12212,-1,0
12213,44638,0
12214,-1,0
12215,51831,1
12216,-1,0
12217,-1,0
12218,45768,1
12219,-1,0
12220,89854,-1
12221,87467,-1
12222,65000,0
12223,83052,0
12224,10150,0
12225,96191,1
12226,69315,0
12227,58111,1
12228,54140,0
12229,56399,0
12230,93996,0
12231,99982,-1
12232,25562,0
12233,8630,0
12234,27927,0
12235,8610,0
12236,4980,0
12237,64124,1
12238,22128,-1
12239,18603,-1
12240,62942,0
12241,1277,0
12242,-1,0
12243,86930,0
12244,-1,0
12245,24006,0
12246,89776,-1
12247,75717,0
12248,23516,0
12249,30896,-1
12250,54213,0
12251,98003,0
12252,-1,0
12253,66490,-1
12254,77396,0
12255,88014,0
12256,95965,0
12257,48790,-1
12258,59181,0
12259,74897,0
12260,91478,1
12261,620,0
12262,81873,-1
12263,77950,1
12264,40256,-1
12265,83601,0
12266,14329,1
12267,55541,0
12268,24258,-1
12269,65496,1
12270,43950,0
12271,69659,-1
12272,50480,1
12273,56698,-1
12274,85621,-1
12275,32180,0
12276,65214,1
12277,92890,0
12278,5397,1
12279,21224,1
12280,38656,-1
12281,67515,0
12282,48385,0
12283,104,0
12284,81648,-1
12285,66028,-1
12286,43695,0
12287,49024,0
12288,40895,1
12289,91756,1
12290,86440,-1
12291,82824,-1
12292,81709,-1
12293,-1,0
12294,93452,1
12295,89684,1
12296,85629,0
12297,36316,0
12298,562,0
12299,23475,-1
12300,41842,0
12301,-1,0
12302,73961,-1
12303,80445,1
12304,30708,1
12305,71862,-1
12306,-1,0
12307,96279,1
12308,62118,0
12309,27863,1
12310,93907,1
12311,-1,0
12312,36149,1
12313,65467,1
12314,-1,0
12315,34759,1
12316,15571,-1
12317,65158,-1
12318,67384,-1
12319,66322,-1
12320,14169,1
12321,66662,0
12322,93254,1
12323,47414,-1
12324,6377,1
12325,15829,0
12326,75719,1
12327,29170,-1
12328,-1,0
12329,5008,-1
12330,52432,-1
12331,96757,0
12332,92399,1
12333,97579,-1
12334,67571,1
12335,38506,0
12336,76181,0
12337,-1,0
12338,32450,-1
12339,38177,0
12340,15281,0
12341,79706,1
12342,-1,0
12343,44590,1
12344,9600,0
12345,25000,1
12346,48210,0
12347,9046,-1
12348,26075,1
12349,69661,-1
12350,88271,-1
12351,81673,-1
12352,66821,0
12353,14529,-1
12354,-1,0
12355,94355,0
12356,-1,0
12357,40046,-1
12358,69727,0
12359,93631,0
12360,97346,1
12361,48837,0
12362,95207,-1
12363,11494,1
12364,54032,1
12365,17894,0
12366,6053,1
12367,63882,1
12368,21385,0
12369,-1,0
12370,86435,1
12371,-1,0
12372,7022,0
12373,35751,0
12374,56519,0
12375,65246,1
12376,90429,1
12377,94266,0
12378,4914,0
12379,26159,0
12380,6112,0
12381,17667,1
12382,47517,-1
12383,77633,0
12384,34054,0
12385,68258,0
12386,56507,-1
12387,30042,-1
12388,15892,0
12389,14833,-1
12390,60039,1
12391,99113,-1
12392,24049,0
12393,60872,-1
12394,53867,0
12395,50338,-1
12396,-1,0
12397,83300,0
12398,7608,0
12399,25377,-1
12400,-1,0
12401,73463,-1
12402,84276,0
12403,16786,0
12404,89465,0
12405,45463,1
12406,50060,1
12407,22820,-1
12408,74345,0
12409,53142,-1
12410,25801,0
12411,23180,0
12412,54480,0
12413,42766,0
12414,8761,0
12415,-1,0
12416,14120,1
12417,38480,0
12418,30936,0
12419,32095,0
12420,-1,0
12421,30045,1
12422,13271,-1
12423,95642,-1
12424,86853,1
12425,32889,0
12426,21549,1
12427,21707,-1
12428,79712,0
12429,97866,0
12430,1196,0
12431,95379,1
12432,7395,0
12433,17716,0
12434,97977,-1
12435,2030,1
12436,73100,-1
12437,-1,0
12438,66826,0
12439,55935,1
12440,52986,0
12441,32801,1
12442,17624,0
12443,8936,0
12444,51421,0
12445,-1,0
12446,4010,-1
12447,79444,0
12448,-1,0
12449,-1,0
12450,42574,1
12451,-1,0
12452,6302,1
12453,78181,-1
12454,87027,0
12455,22642,0
12456,93641,1
12457,39899,1
12458,53721,0
12459,75351,1
12460,34388,1
12461,13389,0
12462,79859,-1
12463,87556,-1
12464,9187,0
12465,24149,-1
12466,62651,1
12467,59396,0
12468,-1,0
12469,16865,1
12470,52456,-1
12471,36256,1
12472,37445,1
12473,29135,-1
12474,78549,-1
12475,-1,0
12476,-1,0
12477,63814,0
12478,75641,0
12479,37022,-1
12480,11941,0
12481,73343,0
12482,50962,-1
12483,60925,-1
12484,-1,0
12485,65800,0
12486,19932,-1
12487,92698,1
12488,40055,1
12489,90499,1
12490,87306,1
12491,44546,1
12492,37545,0
12493,56207,0
12494,-1,0
12495,64140,0
12496,-1,0
12497,41332,0
12498,41695,-1
12499,7429,0
12500,-1,0
12501,12935,-1
12502,-1,0
12503,2620,0
12504,20006,-1
12505,96744,1
12506,84259,0
12507,34907,-1
12508,25081,0
12509,97258,0
12510,-1,0
12511,51046,0
12512,-1,0
12513,-1,0
12514,66252,0
12515,89421,1
12516,60831,0
12517,-1,0
12518,44719,1
12519,19007,0
12520,6501,-1
12521,66894,-1
12522,46593,1
12523,70194,-1
12524,34006,0
12525,19656,0
12526,-1,0
12527,3326,0
12528,-1,0
12529,1736,-1
12530,96433,0
12531,-1,0
12532,30728,-1
12533,-1,0
12534,96896,1
12535,75461,1
12536,58601,0
12537,42095,0
12538,93712,-1
12539,96348,1
12540,35103,0
12541,41161,0
12542,21782,0
12543,46942,-1
12544,77561,1
12545,32925,0
12546,15282,0
12547,38842,0
12548,-1,0
12549,12490,-1
12550,40890,0
12551,77919,0
12552,99371,1
12553,75636,1
12554,19889,-1
12555,77232,-1
12556,18155,0
12557,79694,1
12558,71129,-1
12559,-1,0
12560,-1,0
12561,56060,1
12562,47500,1
12563,13322,0
12564,53234,0
12565,99138,-1
12566,32229,0
12567,84824,-1
12568,24278,0
12569,-1,0
12570,58507,0
12571,54135,0
12572,3619,0
12573,59505,-1
12574,-1,0
12575,52904,0
12576,30949,-1
12577,82409,0
12578,-1,0
12579,30792,0
12580,90099,0
12581,73266,-1
12582,59107,0
12583,45884,0
12584,13432,0
12585,-1,0
12586,22721,0
12587,80659,1
12588,68454,0
12589,18184,0
12590,54565,-1
12591,63661,0
12592,17925,-1
12593,-1,0
12594,3775,-1
12595,87140,0
12596,58144,1
12597,99064,0
12598,-1,0
12599,73248,-1
12600,91922,0
12601,7330,0
12602,75040,0
12603,18577,0
12604,31853,-1
12605,-1,0
12606,13430,0
12607,78116,0
12608,91034,1
12609,23488,-1
12610,26290,0
12611,75672,-1
12612,55274,-1
12613,81082,-1
12614,-1,0
12615,-1,0
12616,26067,1
12617,60911,1
12618,88669,-1
12619,56226,0
12620,34664,-1
12621,45836,0
12622,56035,0
12623,49270,1
12624,32068,1
12625,-1,0
12626,42066,-1
12627,20361,-1
12628,83196,-1
12629,25371,1
12630,50302,0
12631,30944,-1
12632,22663,-1
12633,17798,0
12634,38967,0
12635,4949,0
12636,68064,0
12637,67431,0
12638,88503,0
12639,17157,0
12640,76248,0
12641,6844,0
12642,-1,0
12643,61713,0
12644,12323,0
12645,-1,0
12646,32336,1
12647,-1,0
12648,35924,-1
12649,34398,-1
12650,24869,0
12651,22399,0
12652,75051,-1
12653,66587,0
12654,97137,0
12655,21922,-1
12656,37422,-1
12657,-1,0
12658,85303,0
12659,78048,0
12660,44863,-1
12661,46974,0
12662,50464,0
12663,2791,-1
12664,56856,0
12665,72007,0
12666,58445,1
12667,78836,1
12668,38254,0
12669,19510,0
12670,65271,0
12671,72716,1
12672,97033,-1
12673,53570,0
12674,44474,0
12675,46198,0
12676,62723,0
12677,82780,0
12678,93225,1
12679,72179,0
12680,58983,-1
12681,45179,1
12682,71276,0
12683,78841,1
12684,73707,-1
12685,90294,1
12686,-1,0
12687,-1,0
12688,16127,0
12689,-1,0
12690,-1,0
12691,9389,-1
12692,48065,0
12693,34287,-1
12694,92711,-1
12695,94023,0
12696,89796,0
12697,20223,-1
12698,77329,0
12699,-1,0
12700,38579,0
12701,83071,0
12702,97433,0
12703,10551,0
12704,-1,0
12705,83797,-1
12706,45670,-1
12707,62310,0
12708,77936,-1
12709,70438,0
12710,76735,0
12711,-1,0
12712,19246,0
12713,36387,0
12714,42628,1
12715,48560,1
12716,99441,-1
12717,44954,0
12718,26626,-1
12719,47402,1
12720,72037,-1
12721,82807,0
12722,19564,0
12723,20152,0
12724,62305,0
12725,-1,0
12726,56415,1
12727,1823,0
12728,99609,-1
12729,-1,0
12730,85860,0
12731,76451,-1
12732,39979,-1
12733,52588,-1
12734,64037,0
12735,44844,1
12736,52123,0
12737,39368,-1
12738,66002,-1
12739,67917,0
12740,60062,0
12741,20517,1
12742,2293,-1
12743,-1,0
12744,56133,1
12745,-1,0
12746,-1,0
12747,47062,-1
12748,65811,0
12749,35379,1
12750,12064,1
12751,82893,0
12752,89639,-1
12753,-1,0
12754,-1,0
12755,80533,-1
12756,74631,0
12757,90476,1
12758,37204,1
12759,-1,0
12760,98605,0
12761,35410,-1
12762,49759,0
12763,69956,1
12764,94780,-1
12765,-1,0
12766,54728,0
12767,43210,-1
12768,31015,1
12769,-1,0
12770,-1,0
12771,62657,-1
12772,98870,-1
12773,22851,0
12774,51087,0
12775,86330,0
12776,-1,0
12777,23067,0
12778,6336,-1
12779,53376,-1
12780,45380,0
12781,19552,0
12782,24747,0
12783,-1,0
12784,-1,0
12785,-1,0
12786,27679,0
12787,88536,-1
12788,91892,1
12789,29678,0
12790,87714,0
12791,98408,1
12792,17485,1
12793,83367,-1
12794,97224,0
12795,39582,-1
12796,17943,1
12797,39455,0
12798,26401,0
12799,94860,0
12800,40219,0
12801,62983,1
12802,57528,-1
12803,38541,0
12804,277,0
12805,46939,0
12806,58612,1
12807,37516,0
12808,78391,0
12809,96378,1
12810,48803,0
12811,30974,0
12812,17174,1
12813,71590,1
12814,25103,0
12815,79118,-1
12816,13995,0
12817,93765,1
12818,13171,-1
12819,88201,1
12820,52661,-1
12821,51484,0
12822,82101,1
12823,13265,-1
12824,58991,0
12825,-1,0
12826,30260,-1
12827,39080,-1
12828,-1,0
12829,2440,1
12830,-1,0
12831,89852,-1
12832,-1,0
12833,37161,1
12834,31362,1
12835,8944,1
12836,-1,0
12837,5289,-1
12838,-1,0
12839,2061,1
12840,76143,1
12841,33185,1
12842,48657,1
12843,76789,-1
12844,95371,1
12845,24178,0
12846,90461,-1
12847,67322,-1
12848,-1,0
12849,-1,0
12850,6020,-1
12851,70740,0
12852,57911,1
12853,14072,1
12854,43990,0
12855,69902,1
12856,54804,0
12857,25875,0
12858,4604,1
12859,90195,0
12860,73751,0
12861,19890,1
12862,36461,0
12863,36742,-1
12864,71964,-1
12865,275,0
12866,26592,1
12867,57563,1
12868,51843,0
12869,10444,1
12870,59888,0
12871,46753,1
12872,64830,1
12873,68183,0
12874,18480,0
12875,31595,0
12876,48139,0
12877,44164,0
12878,93147,1
12879,17582,1
12880,98427,0
12881,-1,0
12882,48079,1
12883,45421,0
12884,84851,0
12885,64192,-1
12886,40729,0
12887,40912,0
12888,39392,0
12889,73573,0
12890,86262,-1
12891,4919,1
12892,77392,1
12893,45209,-1
12894,-1,0
12895,64910,0
12896,34725,-1
12897,38147,0
12898,61016,-1
12899,31964,0
12900,19704,1
12901,88673,1
12902,26151,0
12903,63401,1
12904,83219,0
12905,35275,0
12906,87368,-1
12907,75856,1
12908,-1,0
12909,83514,0
12910,74627,0
12911,61913,0
12912,31764,-1
12913,16533,0
12914,74391,0
12915,46421,1
12916,50438,-1
12917,59365,-1
12918,75273,0
12919,73297,0
12920,-1,0
12921,24360,1
12922,32086,-1
12923,-1,0
12924,94173,-1
12925,49488,0
12926,64350,0
12927,-1,0
12928,33332,-1
12929,27168,0
12930,61418,0
12931,6581,0
12932,73624,1
12933,53178,-1
12934,-1,0
12935,64121,0
12936,43187,-1
12937,9633,0
12938,45897,1
12939,61883,0
12940,33114,0
12941,96882,0
12942,65506,-1
12943,52157,0
12944,81562,-1
12945,98249,0
12946,-1,0
12947,-1,0
12948,93909,0
12949,33759,0
12950,26440,0
12951,29429,1
12952,83388,1
12953,70895,0
12954,80740,0
12955,-1,0
12956,96279,0
12957,84277,-1
12958,88939,1
12959,52422,0
12960,-1,0
12961,18076,0
12962,73486,0
12963,-1,0
12964,94169,0
12965,-1,0
12966,63379,0
12967,95598,-1
12968,88096,0
12969,6527,0
12970,-1,0
12971,72297,1
12972,51592,0
12973,71378,0
12974,28572,1
12975,-1,0
12976,88251,0
12977,2890,1
12978,66585,-1
12979,73538,0
12980,86127,1
12981,-1,0
12982,51026,-1
12983,-1,0
12984,72431,0
12985,57373,0
12986,72764,1
12987,71239,0
12988,57560,0
12989,70081,-1
12990,62096,1
12991,66805,1
12992,60055,0
12993,18689,0
12994,46952,-1
12995,58988,-1
12996,16730,1
12997,-1,0
12998,78260,0
12999,30130,-1
13000,98063,-1
13001,21041,1
13002,-1,0
13003,12933,0
13004,43687,-1
13005,-1,0
13006,69594,0
13007,49998,-1
13008,11908,0
13009,48420,0
13010,94183,0
13011,42081,-1
13012,83450,1
13013,49375,1
13014,64188,1
13015,88918,1
13016,75945,0
13017,29764,0
13018,60016,0
13019,92017,1
13020,76217,0
13021,33472,1
13022,98218,-1
13023,-1,0
13024,6605,1
13025,64058,-1
13026,-1,0
13027,60287,1
13028,-1,0
13029,35901,0
13030,58380,-1
13031,25791,1
13032,60693,-1
13033,9267,1
13034,64159,0
13035,50991,1
13036,77220,1
13037,59802,0
13038,78685,0
13039,7046,1
13040,95452,1
13041,72280,0
13042,-1,0
13043,36908,0
13044,94467,1
13045,3552,1
13046,29611,0
13047,55656,-1
13048,-1,0
13049,6086,0
13050,87161,0
13051,27295,-1
13052,24152,1
13053,25612,0
13054,22893,0
13055,11979,0
13056,28783,-1
13057,99445,0
13058,-1,0
13059,3029,0
13060,95975,0
13061,4991,1
13062,-1,0
13063,24492,0
13064,74367,-1
13065,90033,0
13066,37288,-1
13067,-1,0
13068,39896,0
13069,99017,0
13070,88484,0
13071,72610,0
13072,7590,0
13073,55823,-1
13074,89850,0
13075,21622,1
13076,54034,1
13077,70057,0
13078,66690,0
13079,-1,0
13080,82267,0
13081,27855,-1
13082,55810,-1
13083,-1,0
13084,26701,0
13085,83374,0
13086,17400,1
13087,68464,0
13088,-1,0
13089,82720,1
13090,44024,0
13091,51591,0
13092,72357,-1
13093,49070,1
13094,50958,1
13095,97070,0
13096,91137,0
13097,-1,0
13098,55435,-1
13099,89626,1
13100,-1,0
13101,7033,0
13102,-1,0
13103,36191,0
13104,44282,-1
13105,16794,1
13106,58177,0
13107,15158,0
13108,51446,-1
13109,83218,-1
13110,88371,0
13111,61775,-1
13112,44136,1
13113,52378,-1
13114,49411,-1
13115,41538,-1
13116,80963,-1
13117,38709,0
13118,77242,0
13119,3047,1
13120,89047,0
13121,26166,1
13122,20831,1
13123,36013,1
13124,17916,1
13125,14674,1
13126,-1,0
13127,79638,0
13128,50231,0
13129,81458,-1
13130,31685,0
13131,23364,0
13132,70088,1
13133,71208,0
13134,88509,0
13135,13662,1
13136,64168,0
13137,76220,0
13138,87685,-1
13139,80352,0
13140,60042,0
13141,99551,0
13142,22098,-1
13143,52465,0
13144,-1,0
13145,15430,1
13146,24780,0
13147,81834,1
13148,40941,-1
13149,33168,-1
13150,81626,0
13151,2061,0
13152,-1,0
13153,16034,0
13154,-1,0
13155,-1,0
13156,87415,0
13157,-1,0
13158,24194,0
13159,-1,0
13160,18780,1
13161,2481,1
13162,-1,0
13163,67094,0
13164,91183,0
13165,46954,0
13166,89966,-1
13167,50232,-1
13168,13764,-1
13169,55624,0
13170,29332,0
13171,97139,1
13172,65995,1
13173,15020,1
13174,82630,1
13175,-1,0
13176,64064,0
13177,20829,0
13178,16479,-1
13179,11729,0
13180,15002,0
13181,66430,0
13182,69894,0
13183,44811,1
13184,44431,0
13185,10802,1
13186,-1,0
13187,81455,0
13188,50573,0
13189,37527,1
13190,10414,0
13191,88185,-1
13192,-1,0
13193,55669,0
13194,21261,0
13195,15185,0
13196,67840,0
13197,22642,1
13198,51715,1
13199,71081,0
13200,-1,0
13201,66561,1
13202,50808,1
13203,70544,-1
13204,79966,-1
13205,71979,0
13206,49014,0
13207,69544,0
13208,44087,1
13209,77826,0
13210,7649,0
13211,80464,0
13212,21558,0
13213,71861,1
13214,68953,0
13215,42325,-1
13216,49943,0
13217,56593,0
13218,6812,0
13219,54632,-1
13220,-1,0
13221,232,-1
13222,36358,1
13223,18020,0
13224,61649,0
13225,81959,-1
13226,861,0
13227,47228,0
13228,61679,-1
13229,66327,-1
13230,61985,0
13231,84281,1
13232,96766,1
13233,-1,0
13234,70881,1
13235,17592,1
13236,7970,0
13237,53361,-1
13238,26622,1
13239,1961,-1
13240,23911,0
13241,24143,-1
13242,24943,-1
13243,-1,0
13244,42344,0
13245,92973,0
13246,-1,0
13247,9940,0
13248,78278,0
13249,98743,1
13250,21031,0
13251,-1,0
13252,-1,0
13253,99819,1
13254,18060,1
13255,73762,0
13256,31659,0
13257,45967,0
13258,26280,0
13259,12297,1
13260,78800,0
13261,62303,0
13262,28643,-1
13263,32934,-1
13264,-1,0
13265,70846,0
13266,79634,1
13267,82671,-1
13268,41867,0
13269,-1,0
13270,68370,0
13271,12697,0
13272,47835,1
13273,73155,1
13274,97631,1
13275,2597,0
13276,71332,0
13277,-1,0
13278,38240,0
13279,57269,1
13280,83039,0
13281,45890,0
13282,8508,0
13283,39982,0
13284,9092,0
13285,98335,-1
13286,42178,0
13287,45962,1
13288,-1,0
13289,14838,-1
13290,-1,0
13291,78912,0
13292,88386,1
13293,16954,0
13294,70700,1
13295,-1,0
13296,50816,-1
13297,45775,0
13298,61478,1
13299,25067,1
13300,74606,-1
13301,51220,1
13302,92886,0
13303,3047,0
13304,84270,-1
13305,73984,0
13306,69363,0
13307,7549,0
13308,2710,0
13309,21782,-1
13310,71911,0
13311,39242,1
13312,23243,0
13313,1930,0
13314,34359,0
13315,58838,1
13316,11762,0
13317,3382,-1
13318,86499,0
13319,8486,0
13320,19703,0
13321,61777,0
13322,50197,0
13323,-1,0
13324,89247,1
13325,60885,0
13326,68237,0
13327,7528,-1
13328,75661,0
13329,82671,0
13330,70846,1
13331,11750,1
13332,57511,0
13333,-1,0
13334,37888,1
13335,9217,1
13336,23295,0
13337,-1,0
13338,96523,-1
13339,34098,-1
13340,49540,-1
13341,88937,-1
13342,-1,0
13343,74657,0
13344,58910,1
13345,46977,0
13346,50901,0
13347,30066,1
13348,91642,1
13349,-1,0
13350,58709,1
13351,14716,0
13352,55896,1
13353,30169,0
13354,44411,0
13355,30938,0
13356,13222,1
13357,-1,0
13358,54278,0
13359,66475,0
13360,-1,0
13361,-1,0
13362,20416,0
13363,79275,0
13364,56733,1
13365,93581,0
13366,67766,0
13367,45522,0
13368,36219,0
13369,23847,-1
13370,95942,-1
13371,81148,1
13372,44934,0
13373,4856,1
13374,76141,0
13375,-1,0
13376,63079,0
13377,49803,1
13378,64805,0
13379,27232,0
13380,80057,1
13381,6252,1
13382,77574,0
13383,96796,0
13384,90095,-1
13385,-1,0
13386,15132,0
13387,19563,-1
13388,74771,-1
13389,27558,-1
13390,38909,-1
13391,25416,0
13392,28289,0
13393,97020,0
13394,48200,1
13395,26643,1
13396,49460,-1
13397,75164,0
13398,41701,1
13399,70487,1
13400,49100,0
13401,-1,0
13402,-1,0
13403,77308,0
13404,44955,-1
13405,24028,0
13406,72185,-1
13407,15607,0
13408,98231,0
13409,89973,0
13410,75617,-1
13411,-1,0
13412,33847,1
13413,23979,0
13414,27060,-1
13415,-1,0
13416,70100,0
13417,58772,0
13418,79856,0
13419,1518,1
13420,53181,1
13421,27307,-1
13422,5462,0
13423,44045,0
13424,92018,0
13425,62758,0
13426,72268,1
13427,-1,0
13428,18384,0
13429,74425,0
13430,79147,-1
13431,36296,0
13432,64167,0
13433,67260,-1
13434,96662,0
13435,23490,1
13436,-1,0
13437,61772,0
13438,9229,0
13439,-1,0
13440,83534,-1
13441,64682,1
13442,97189,-1
13443,-1,0
13444,84955,0
13445,-1,0
13446,-1,0
13447,73577,0
13448,79313,1
13449,1100,-1
13450,61104,0
13451,20339,-1
13452,50570,0
13453,99872,-1
13454,50554,0
13455,4377,0
13456,57988,0
13457,65514,-1
13458,2128,1
13459,67950,1
13460,62890,-1
13461,95123,0
13462,89786,1
13463,31898,0
13464,-1,0
13465,4560,0
13466,-1,0
13467,80756,0
13468,95811,-1
13469,73001,-1
13470,27979,-1
13471,32045,0
13472,53062,0
13473,-1,0
13474,75634,0
13475,68529,1
13476,44131,0
13477,54692,0
13478,41886,0
13479,18505,0
13480,96078,0
13481,18712,-1
13482,50875,1
13483,93267,-1
13484,4454,0
13485,8786,0
13486,32817,0
13487,38670,-1
13488,1691,1
13489,60594,1
13490,-1,0
13491,43330,1
13492,19787,0
13493,-1,0
13494,-1,0
13495,35053,-1
13496,-1,0
13497,67766,-1
13498,15695,-1
13499,15282,1
13500,20313,1
13501,3620,1
13502,-1,0
13503,69073,0
13504,27902,1
13505,47673,-1
13506,91731,0
13507,50703,0
13508,72380,-1
13509,17673,0
13510,9269,1
13511,56258,1
13512,23721,0
13513,-1,0
13514,44159,1
13515,98127,1
13516,62652,0
13517,60500,0
13518,96614,0
13519,-1,0
13520,93502,-1
13521,96318,1
13522,89770,0
13523,46534,-1
13524,9835,-1
13525,92460,1
13526,30305,0
13527,-1,0
13528,-1,0
13529,44450,-1
13530,29348,-1
13531,-1,0
13532,78961,1
13533,86873,1
13534,89654,0
13535,1071,-1
13536,63885,0
13537,-1,0
13538,74732,0
13539,66733,0
13540,74345,1
13541,58043,0
13542,82150,1
13543,-1,0
13544,40180,1
13545,38596,-1
13546,60876,-1
13547,21748,-1
13548,80022,1
13549,95176,0
13550,93818,0
13551,86025,-1
13552,67252,1
13553,-1,0
13554,74172,0
13555,41892,1
13556,66021,0
13557,47765,0
13558,50077,0
13559,-1,0
13560,39106,0
13561,42813,0
13562,74521,0
13563,-1,0
13564,46332,-1
13565,2750,-1
13566,71524,0
13567,50782,0
13568,27722,0
13569,-1,0
13570,88843,0
13571,28623,-1
13572,13315,0
13573,23997,0
13574,-1,0
13575,66960,0
13576,823,1
13577,-1,0
13578,19154,0
13579,51691,0
13580,-1,0
13581,15354,0
13582,20829,1
13583,34441,-1
13584,-1,0
13585,69121,-1
13586,47172,-1
13587,79773,1
13588,94258,0
13589,-1,0
13590,86505,1
13591,53486,-1
13592,98102,-1
13593,47126,-1
13594,85141,0
13595,83454,0
13596,12177,1
13597,465,0
13598,-1,0
13599,44073,0
13600,30847,0
13601,57225,-1
13602,22168,1
13603,65358,0
13604,82727,0
13605,38773,-1
13606,14588,0
13607,53012,-1
13608,72537,0
13609,58444,-1
13610,-1,0
13611,30627,0
13612,53386,0
13613,64291,-1
13614,69723,0
13615,81728,0
13616,-1,0
13617,54108,1
13618,48785,1
13619,32487,1
13620,-1,0
13621,35123,0
13622,75664,0
13623,47652,0
13624,41322,-1
13625,10102,0
13626,84447,0
13627,57916,-1
13628,87834,-1
13629,-1,0
13630,65549,-1
13631,-1,0
13632,80262,1
13633,22140,0
13634,9232,-1
13635,68228,0
13636,57300,-1
13637,53044,1
13638,58637,0
13639,67064,-1
13640,53787,-1
13641,57999,1
13642,32938,-1
13643,27052,0
13644,-1,0
13645,84560,0
13646,87311,0
13647,87089,0
13648,94042,0
13649,72406,-1
13650,49303,1
13651,38828,1
13652,75535,1
13653,-1,0
13654,42128,1
13655,74337,-1
13656,81071,-1
13657,52522,1
13658,48151,1
13659,91917,0
13660,87764,1
13661,60339,1
13662,68447,1
13663,73355,0
13664,62123,0
13665,64069,0
13666,54981,0
13667,42793,1
13668,50302,1
13669,13161,1
13670,29018,1
13671,59082,0
13672,43372,0
13673,60015,1
13674,67234,-1
13675,17994,0
13676,11104,0
13677,80626,1
13678,21049,1
13679,79194,0
13680,98180,0
13681,89839,0
13682,67709,0
13683,35945,-1
13684,89002,-1
13685,32750,0
13686,88414,0
13687,64185,1
13688,3101,1
13689,69147,0
13690,91358,0
13691,-1,0
13692,56034,1
13693,50574,0
13694,27824,0
13695,74884,0
13696,41721,1
13697,59313,1
13698,11439,1
13699,45967,1
13700,61198,0
13701,56999,-1
13702,98083,1
13703,95613,-1
13704,50845,0
13705,77786,0
13706,35510,0
13707,29300,0
13708,23517,1
13709,-1,0
13710,98583,0
13711,86169,0
13712,66213,-1
13713,-1,0
13714,60021,1
13715,91926,0
13716,88328,0
13717,97054,0
13718,59261,0
13719,-1,0
13720,8995,0
13721,60263,0
13722,78656,1
13723,91299,0
13724,-1,0
13725,51498,0
13726,58840,0
13727,84852,0
13728,36215,1
13729,-1,0
13730,58759,-1
13731,-1,0
13732,8181,0
13733,73375,0
13734,67759,0
13735,20034,0
13736,21379,0
13737,86016,0
13738,4187,0
13739,67347,0
13740,72208,0
13741,73583,-1
13742,48839,0
13743,2330,1
13744,81158,0
13745,89344,1
13746,85979,0
13747,16139,0
13748,94216,0
13749,-1,0
13750,12043,1
13751,73498,-1
13752,92471,0
13753,70306,0
13754,57914,0
13755,-1,0
13756,80699,1
13757,76969,0
13758,98350,-1
13759,73547,-1
13760,46631,0
13761,91505,0
13762,76278,1
13763,80070,1
13764,-1,0
13765,-1,0
13766,13078,-1
13767,-1,0
13768,-1,0
13769,58905,1
13770,49198,0
13771,60996,1
13772,-1,0
13773,41225,1
13774,71828,0
13775,-1,0
13776,979,0
13777,24509,1
13778,79652,0
13779,-1,0
13780,92230,1
13781,38316,0
13782,63343,0
13783,7497,1
13784,59031,1
13785,51198,0
13786,-1,0
13787,14654,0
13788,71402,-1
13789,85049,0
13790,-1,0
13791,-1,0
13792,59844,0
13793,52164,-1
13794,24048,0
13795,97277,0
13796,98614,0
13797,87792,0
13798,94372,1
13799,89477,0
13800,-1,0
13801,54212,1
13802,39127,1
13803,26510,0
13804,16578,-1
13805,40685,0
13806,91311,0
13807,98792,0
13808,67165,0
13809,-1,0
13810,86919,0
13811,20180,1
13812,95096,-1
13813,-1,0
13814,91795,-1
13815,93210,-1
13816,-1,0
13817,91579,0
13818,49307,0
13819,56955,0
13820,65210,0
13821,80390,0
13822,-1,0
13823,31948,0
13824,33042,-1
13825,25498,-1
13826,3967,1
13827,57332,1
13828,391,1
13829,51007,0
13830,9444,0
13831,65799,1
13832,-1,0
13833,87280,1
13834,68654,1
13835,28982,0
13836,50952,0
13837,73618,0
13838,25140,1
13839,9066,0
13840,-1,0
13841,53277,-1
13842,10318,1
13843,80991,0
13844,43266,0
13845,20956,0
13846,-1,0
13847,-1,0
13848,83074,0
13849,-1,0
13850,1974,1
13851,-1,0
13852,11141,-1
13853,-1,0
13854,32764,-1
13855,94987,0
13856,69373,-1
13857,-1,0
13858,55456,-1
13859,-1,0
13860,48199,-1
13861,68335,0
13862,43104,0
13863,-1,0
13864,76764,0
13865,53802,0
13866,44573,0
13867,10874,-1
13868,90619,0
13869,77622,0
13870,-1,0
13871,51753,-1
13872,26639,0
13873,-1,0
13874,31963,-1
13875,-1,0
13876,85207,1
13877,35917,-1
13878,58359,-1
13879,52170,1
13880,22473,0
13881,68067,1
13882,46635,1
13883,62576,0
13884,56630,0
13885,37438,0
13886,41580,0
13887,41375,-1
13888,70643,0
13889,29647,0
13890,37203,0
13891,54664,0
13892,11474,0
13893,83633,1
13894,-1,0
13895,-1,0
13896,63134,-1
13897,-1,0
13898,30890,-1
13899,31857,-1
13900,13767,0
13901,44200,-1
13902,65293,0
13903,-1,0
13904,52878,1
13905,23451,0
13906,76787,0
13907,55181,-1
13908,78446,1
13909,35987,1
13910,39343,1
13911,33669,-1
13912,-1,0
13913,61295,-1
13914,85085,-1
13915,68456,1
13916,26966,0
13917,4646,-1
13918,61246,0
13919,99581,0
13920,34232,1
13921,86996,-1
13922,74702,-1
13923,-1,0
13924,28862,0
13925,34971,0
13926,57113,0
13927,51257,1
13928,26836,0
13929,4009,0
13930,-1,0
13931,81180,0
13932,13079,0
13933,-1,0
13934,54288,0
13935,40443,1
13936,36986,0
13937,42490,0
13938,45735,0
13939,-1,0
13940,81560,1
13941,90054,1
13942,49270,0
13943,13383,0
13944,20844,1
13945,43378,-1
13946,-1,0
13947,73231,-1
13948,54065,-1
13949,36545,-1
13950,97480,0
13951,22868,0
13952,61672,-1
13953,34069,0
13954,86337,-1
13955,24386,0
13956,62012,0
13957,8650,1
13958,28751,0
13959,87431,0
13960,74572,1
13961,2129,0
13962,-1,0
13963,78607,-1
13964,16255,0
13965,42029,0
13966,94292,0
13967,51474,0
13968,92076,-1
13969,68396,0
13970,-1,0
13971,11870,-1
13972,41452,0
13973,52680,0
13974,-1,0
13975,98290,0
13976,46272,-1
13977,82488,0
13978,-1,0
13979,95698,-1
13980,86248,1
13981,55611,1
13982,73292,0
13983,94388,0
13984,21698,0
13985,45688,1
13986,72889,0
13987,39093,0
13988,75248,0
13989,55352,0
13990,99949,1
13991,64158,-1
13992,82734,-1
13993,84021,0
13994,87058,0
13995,18313,-1
13996,47245,0
13997,63231,0
13998,6665,-1
13999,99654,-1
14000,1377,0
14001,73801,0
14002,44887,0
14003,35236,0
14004,38783,0
14005,71143,0
14006,10231,-1
14007,86956,1
14008,25983,0
14009,1951,-1
14010,8549,1
14011,34685,0
14012,88288,0
14013,-1,0
14014,-1,0
14015,12872,0
14016,80174,1
14017,90314,0
14018,9289,-1
14019,84636,0
14020,94228,-1
14021,-1,0
14022,4951,-1
14023,84201,0
14024,32418,0
14025,67086,-1
14026,46650,0
14027,33285,0
14028,67293,0
14029,95204,-1
14030,74247,0
14031,-1,0
14032,39506,0
14033,-1,0
14034,-1,0
14035,6726,0
14036,-1,0
14037,-1,0
14038,83385,0
14039,81510,1
14040,27468,1
14041,-1,0
14042,-1,0
14043,51303,-1
14044,94919,0
14045,58230,0
14046,38977,1
14047,77254,1
14048,83144,-1
14049,81429,0
14050,26278,-1
14051,9906,0
14052,45700,1
14053,84931,-1
14054,46845,-1
14055,88954,0
14056,6151,1
14057,20808,0
14058,20821,1
14059,49673,-1
14060,50864,1
14061,69962,0
14062,84878,-1
14063,79021,-1
14064,16846,0
14065,59419,-1
14066,74586,0
14067,-1,0
14068,46646,0
14069,61291,0
14070,-1,0
14071,80692,0
14072,88498,1
14073,59724,0
14074,-1,0
14075,56560,-1
14076,69550,-1
14077,-1,0
14078,22199,-1
14079,-1,0
14080,-1,0
14081,46701,1
14082,16685,0
14083,63150,0
14084,26891,0
14085,50045,0
14086,14150,1
14087,4023,-1
14088,5901,-1
14089,15388,1
14090,-1,0
14091,85252,0
14092,42816,0
14093,72833,0
14094,-1,0
14095,41205,0
14096,68736,0
14097,50468,1
14098,-1,0
14099,60493,-1
14100,81802,1
14101,8251,0
14102,17227,1
14103,-1,0
14104,20685,0
14105,33700,0
14106,3836,0
14107,54269,0
14108,93202,-1
14109,52052,1
14110,3151,-1
14111,18604,1
14112,87186,1
14113,52352,0
14114,10360,-1
14115,17829,1
14116,-1,0
14117,-1,0
14118,72553,0
14119,-1,0
14120,79828,0
14121,12810,0
14122,-1,0
14123,-1,0
14124,28652,0
14125,62556,1
14126,86833,0
14127,72019,0
14128,66564,-1
14129,60111,0
14130,-1,0
14131,49737,1
14132,67545,-1
14133,16318,1
14134,10887,0
14135,91533,1
14136,-1,0
14137,-1,0
14138,88474,0
14139,81882,0
14140,66046,0
14141,87765,-1
14142,83998,0
14143,8283,1
14144,39296,0
14145,42193,0
14146,-1,0
14147,8493,0
14148,41546,1
14149,17980,1
14150,21806,0
14151,51261,-1
14152,61812,-1
14153,79642,0
14154,14484,0
14155,73634,1
14156,25868,-1
14157,45063,0
14158,96543,0
14159,41115,-1
14160,52167,-1
14161,8708,-1
14162,76446,-1
14163,-1,0
14164,38729,1
14165,60353,0
14166,15150,1
14167,57679,-1
14168,72293,0
14169,-1,0
14170,10527,-1
14171,98547,-1
14172,61561,0
14173,39406,-1
14174,6692,1
14175,95943,0
14176,57769,1
14177,32511,0
14178,13048,1
14179,-1,0
14180,70579,0
14181,74666,0
14182,-1,0
14183,82329,-1
14184,-1,0
14185,39357,-1
14186,32044,0
14187,-1,0
14188,58611,1
14189,39770,1
14190,25551,-1
14191,68915,-1
14192,54151,1
14193,19393,-1
14194,76454,0
14195,30245,-1
14196,67964,1
14197,22372,0
14198,63038,-1
14199,56040,-1
14200,94749,1
14201,39422,0
14202,28669,0
14203,69516,0
14204,1890,-1
14205,12158,0
14206,22901,0
14207,44336,0
14208,44764,-1
14209,65112,1
14210,67603,0
14211,44399,1
14212,62366,0
14213,86418,-1
14214,21429,1
14215,44430,0
14216,93437,-1
14217,-1,0
14218,46010,-1
14219,29880,1
14220,25769,0
14221,25885,1
14222,78490,0
14223,60666,0
14224,96561,0
14225,23364,1
14226,6895,-1
14227,30167,0
14228,93368,0
14229,76116,1
14230,58109,1
14231,96193,0
14232,77643,0
14233,71713,1
14234,12143,0
14235,32724,0
14236,76942,0
14237,29885,0
14238,56709,-1
14239,34034,0
14240,60888,0
14241,67292,-1
14242,80159,-1
14243,26501,0
14244,11314,1
14245,36573,0
14246,-1,0
14247,20311,1
14248,53028,1
14249,32456,1
14250,69206,0
14251,20102,0
14252,19445,0
14253,20073,-1
14254,78690,0
14255,-1,0
14256,24494,0
14257,74471,0
14258,62702,0
14259,24906,-1
14260,74194,0
14261,24754,1
14262,99699,-1
14263,67548,0
14264,20379,1
14265,15107,1
14266,4840,0
14267,-1,0
14268,93962,0
14269,75629,0
14270,39143,0
14271,7398,1
14272,98092,0
14273,13375,0
14274,60267,-1
14275,32352,1
14276,-1,0
14277,95623,0
14278,97786,0
14279,-1,0
14280,94686,0
14281,92157,0
14282,1152,-1
14283,-1,0
14284,-1,0
14285,14445,-1
14286,57257,1
14287,3009,1
14288,11502,1
14289,61375,-1
14290,89894,0
14291,76166,1
14292,82148,-1
14293,43813,0
14294,42789,1
14295,-1,0
14296,59731,1
14297,88831,0
14298,9752,-1
14299,46561,0
14300,3669,1
14301,200,-1
14302,39766,0
14303,93533,-1
14304,37774,1
14305,57066,1
14306,36101,0
14307,14636,1
14308,44615,0
14309,70811,0
14310,35986,-1
14311,50366,0
14312,-1,0
14313,62984,0
14314,50270,-1
14315,65259,-1
14316,-1,0
14317,51036,1
14318,19803,0
14319,19540,-1
14320,98980,-1
14321,-1,0
14322,17587,0
14323,25577,0
14324,48110,0
14325,-1,0
14326,3314,1
14327,28875,-1
14328,82822,-1
14329,60924,0
14330,-1,0
14331,32386,1
14332,5494,1
14333,60517,0
14334,15686,0
14335,23452,0
14336,8551,0
14337,61390,0
14338,68267,0
14339,-1,0
14340,28932,-1
14341,41605,0
14342,47843,0
14343,62243,-1
14344,53023,0
14345,30263,0
14346,83764,1
14347,40718,-1
14348,94325,1
14349,8255,0
14350,66975,1
14351,79683,0
14352,23955,0
14353,34301,1
14354,24449,1
14355,65930,0
14356,-1,0
14357,43576,1
14358,9053,0
14359,50520,0
14360,82303,0
14361,-1,0
14362,6572,1
14363,83567,0
14364,12347,1
14365,68172,-1
14366,14433,0
14367,89924,0
14368,40137,0
14369,48599,0
14370,96385,1
14371,10169,0
14372,4174,1
14373,38616,0
14374,-1,0
14375,90413,1
14376,31967,-1
14377,-1,0
14378,26626,0
14379,37933,0
14380,19635,1
14381,2251,-1
14382,-1,0
14383,99327,1
14384,-1,0
14385,98920,-1
14386,1535,0
14387,70232,0
14388,81475,0
14389,67376,0
14390,4998,1
14391,90305,0
14392,72442,0
14393,11773,0
14394,-1,0
14395,46912,0
14396,35731,1
14397,77767,0
14398,91843,0
14399,70025,0
14400,-1,0
14401,61296,0
14402,54794,-1
14403,24208,0
14404,-1,0
14405,48305,0
14406,48994,-1
14407,27067,0
14408,30131,0
14409,-1,0
14410,67719,-1
14411,59900,0
14412,39271,0
14413,92956,-1
14414,13842,-1
14415,93044,-1
14416,48640,-1
14417,41447,1
14418,18564,1
14419,78997,0
14420,448,1
14421,96864,0
14422,58611,0
14423,14666,1
14424,22731,1
14425,-1,0
14426,91323,0
14427,20269,0
14428,4490,0
14429,5315,0
14430,5979,-1
14431,74577,1
14432,12197,1
14433,-1,0
14434,27628,0
14435,50096,0
14436,29387,0
14437,73619,0
14438,76260,1
14439,28930,0
14440,-1,0
14441,-1,0
14442,55296,0
14443,3783,0
14444,86893,0
14445,64807,0
14446,57506,0
14447,7362,1
14448,48385,-1
14449,17347,1
14450,92166,-1
14451,57525,0
14452,17444,0
14453,15231,0
14454,-1,0
14455,17917,1
14456,19399,-1
14457,96286,1
14458,22369,-1
14459,51694,-1
14460,85072,0
14461,76339,0
14462,84421,0
14463,43919,0
14464,-1,0
14465,10745,0
14466,2240,1
14467,36340,0
14468,17892,-1
14469,27432,1
14470,42716,1
14471,78417,1
14472,-1,0
14473,62478,0
14474,28649,0
14475,67869,1
14476,22831,1
14477,5580,0
14478,57351,1
14479,71363,0
14480,10171,0
14481,59074,-1
14482,81419,1
14483,-1,0
14484,70522,1
14485,78919,1
14486,18921,1
14487,63922,-1
14488,92714,1
14489,5432,0
14490,98243,1
14491,-1,0
14492,9036,1
14493,18552,-1
14494,47331,-1
14495,-1,0
14496,9684,-1
14497,96081,-1
14498,41339,0
14499,20097,0
14500,71463,0
14501,2362,0
14502,36985,1
14503,88213,1
14504,78154,1
14505,16423,-1
14506,6020,0
14507,62874,-1
14508,28056,0
14509,66289,0
14510,-1,0
14511,86380,-1
14512,94039,-1
14513,-1,0
14514,55198,-1
14515,79734,-1
14516,-1,0
14517,29253,-1
14518,15870,0
14519,14259,1
14520,77865,0
14521,16477,0
14522,60308,-1
14523,-1,0
14524,26651,-1
14525,-1,0
14526,-1,0
14527,56074,0
14528,42546,0
14529,3729,-1
14530,55798,1
14531,48454,0
14532,22745,-1
14533,58421,1
14534,21990,0
14535,37301,0
14536,96145,-1
14537,70413,1
14538,41989,-1
14539,74219,0
14540,67776,1
14541,45966,1
14542,31550,-1
14543,90753,-1
14544,89800,1
14545,6205,-1
14546,51105,-1
14547,-1,0
14548,89177,0
14549,22897,0
14550,97027,-1
14551,22065,1
14552,-1,0
14553,68923,1
14554,55519,-1
14555,26225,1
14556,4764,0
14557,16342,0
14558,78577,0
14559,83145,1
14560,3700,0
14561,24000,1
14562,31417,0
14563,79483,1
14564,65703,0
14565,65496,0
14566,9466,0
14567,-1,0
14568,80025,-1
14569,84517,0
14570,-1,0
14571,78451,1
14572,71236,1
14573,56604,1
14574,98879,0
14575,43312,0
14576,-1,0
14577,33503,1
14578,8601,0
14579,-1,0
14580,10284,0
14581,73627,0
14582,31805,0
14583,88156,-1
14584,96692,-1
14585,42722,-1
14586,62896,0
14587,17508,1
14588,86266,1
14589,14583,0
14590,33793,0
14591,50371,-1
14592,-1,0
14593,-1,0
14594,64429,0
14595,519,-1
14596,59918,0
14597,79188,0
14598,81255,-1
14599,98358,1
14600,21566,-1
14601,2710,-1
14602,-1,0
14603,62225,1
14604,-1,0
14605,-1,0
14606,72201,0
14607,45234,-1
14608,74166,1
14609,982,1
14610,20402,-1
14611,91847,0
14612,55684,-1
14613,53149,0
14614,33201,0
14615,30443,0
14616,-1,0
14617,41333,1
14618,5360,-1
14619,61141,0
14620,-1,0
14621,-1,0
14622,39329,-1
14623,8019,1
14624,8086,-1
14625,27479,0
14626,39276,-1
14627,-1,0
14628,65776,-1
14629,10243,0
14630,45206,-1
14631,38805,0
14632,58230,1
14633,17119,-1
14634,15531,0
14635,34845,1
14636,99800,-1
14637,2654,0
14638,-1,0
14639,45375,-1
14640,37939,1
14641,-1,0
14642,77453,0
14643,-1,0
14644,88094,0
14645,45738,-1
14646,71215,-1
14647,77572,-1
14648,-1,0
14649,48363,0
14650,2804,-1
14651,-1,0
14652,24411,1
14653,8553,0
14654,12872,1
14655,84120,0
14656,29763,1
14657,86509,-1
14658,72475,0
14659,25153,0
14660,83995,0
14661,-1,0
14662,-1,0
14663,-1,0
14664,44259,1
14665,79914,1
14666,93057,-1
14667,53845,1
14668,57499,0
14669,51704,0
14670,59281,0
14671,30505,0
14672,26809,0
14673,72125,0
14674,25673,0
14675,54517,0
14676,35397,0
14677,91881,0
14678,17274,-1
14679,34488,0
14680,43514,1
14681,49614,0
14682,69391,-1
14683,73565,0
14684,98959,-1
14685,30083,0
14686,5854,-1
14687,26509,-1
14688,27430,-1
14689,71611,-1
14690,68843,0
14691,90580,0
14692,58768,0
14693,-1,0
14694,45786,-1
14695,49033,0
14696,36740,0
14697,-1,0
14698,36732,0
14699,56454,-1
14700,36244,0
14701,33268,1
14702,9299,1
14703,67592,0
14704,61139,0
14705,38049,0
14706,54302,-1
14707,25595,0
14708,38145,1
14709,78040,1
14710,-1,0
14711,78080,0
14712,-1,0
14713,73200,1
14714,52361,0
14715,21988,1
14716,88695,0
14717,83016,0
14718,75307,0
14719,44289,0
14720,14979,0
14721,94171,1
14722,31156,0
14723,8712,1
14724,32987,-1
14725,-1,0
14726,40770,0
14727,54187,0
14728,81680,1
14729,68158,0
14730,60035,-1
14731,72074,0
14732,80173,-1
14733,89143,0
14734,32646,0
14735,97381,1
14736,75129,1
14737,15510,-1
14738,90418,1
14739,50134,1
14740,73108,1
14741,-1,0
14742,90137,-1
14743,43316,0
14744,33675,-1
14745,-1,0
14746,4029,0
14747,93312,1
14748,98630,1
14749,60780,-1
14750,87926,0
14751,-1,0
14752,-1,0
14753,52877,1
14754,36827,-1
14755,91807,1
14756,54289,-1
14757,81612,0
14758,98682,1
14759,69383,0
14760,52115,1
14761,57663,0
14762,27957,-1
14763,74899,0
14764,56413,1
14765,-1,0
14766,-1,0
14767,91309,1
14768,90364,1
14769,80476,0
14770,68400,0
14771,63810,0
14772,-1,0
14773,6297,0
14774,70066,1
14775,-1,0
14776,90614,0
14777,64403,0
14778,57243,0
14779,39823,0
14780,82528,0
14781,1132,1
14782,-1,0
14783,75304,1
14784,95508,-1
14785,54175,1
14786,64663,-1
14787,44610,-1
14788,16781,0
14789,56766,-1
14790,69523,-1
14791,30265,0
14792,34314,0
14793,93315,0
14794,45415,-1
14795,98309,0
14796,54625,-1
14797,40300,0
14798,-1,0
14799,-1,0
14800,53221,1
14801,-1,0
14802,52974,1
14803,-1,0
14804,20506,-1
14805,27134,-1
14806,86391,-1
14807,42250,0
14808,22152,1
14809,54159,0
14810,3387,1
14811,-1,0
14812,-1,0
14813,9824,0
14814,97039,1
14815,66457,1
14816,38450,0
14817,13587,-1
14818,94493,0
14819,78971,1
14820,75912,1
14821,37203,-1
14822,-1,0
14823,71811,0
14824,25571,0
14825,72041,0
14826,-1,0
14827,11072,1
14828,67888,0
14829,40688,1
14830,28255,-1
14831,14068,0
14832,62664,0
14833,81072,0
14834,81571,-1
14835,76957,-1
14836,19804,-1
14837,-1,0
14838,62975,0
14839,71399,0
14840,47591,0
14841,82963,0
14842,20778,0
14843,99063,1
14844,63306,-1
14845,71906,-1
14846,27745,1
14847,10464,0
14848,-1,0
14849,39793,0
14850,59671,0
14851,73860,-1
14852,19315,0
14853,97429,1
14854,54984,-1
14855,-1,0
14856,-1,0
14857,87896,-1
14858,-1,0
14859,62198,0
14860,88302,-1
14861,43132,1
14862,80449,0
14863,5637,-1
14864,22471,0
14865,-1,0
14866,38882,-1
14867,71596,1
14868,72499,1
14869,25764,-1
14870,70093,1
14871,34827,0
14872,97208,0
14873,84531,-1
14874,64909,1
14875,47022,0
14876,86612,0
14877,51019,1
14878,30858,0
14879,-1,0
14880,20029,-1
14881,63397,-1
14882,16562,1
14883,89462,0
14884,-1,0
14885,10852,0
14886,26223,1
14887,39586,1
14888,99776,-1
14889,31164,0
14890,89914,0
14891,99064,-1
14892,16293,0
14893,73002,0
14894,67973,0
14895,86198,1
14896,-1,0
14897,-1,0
14898,37685,-1
14899,87001,0
14900,59394,0
14901,49364,0
14902,60653,0
14903,39652,0
14904,99127,0
14905,-1,0
14906,8488,0
14907,46581,-1
14908,85696,-1
14909,58940,0
14910,22839,0
14911,39013,0
14912,74032,-1
14913,44689,0
14914,36290,0
14915,62894,0
14916,18696,-1
14917,20837,-1
14918,-1,0
14919,-1,0
14920,56007,-1
14921,57686,1
14922,87833,-1
14923,69044,0
14924,53064,0
14925,-1,0
14926,-1,0
14927,71269,-1
14928,-1,0
14929,31125,0
14930,72667,-1
14931,-1,0
14932,59081,0
14933,25269,0
14934,27133,1
14935,46576,-1
14936,-1,0
14937,33789,-1
14938,63676,-1
14939,75061,0
14940,53863,-1
14941,58610,-1
14942,282,0
14943,83610,0
14944,77304,0
14945,34222,0
14946,81431,0
14947,97958,0
14948,34386,0
14949,3754,-1
14950,96047,0
14951,63118,0
14952,30384,0
14953,46004,0
14954,81494,-1
14955,50659,1
14956,93424,0
14957,85214,0
14958,90447,0
14959,24439,0
14960,76859,1
14961,29525,1
14962,85304,-1
14963,-1,0
14964,98585,1
14965,38033,1
14966,36726,1
14967,63842,1
14968,62045,-1
14969,55645,0
14970,33457,1
14971,51200,1
14972,56777,0
14973,44451,0
14974,62861,0
14975,63060,-1
14976,-1,0
14977,55646,1
14978,9224,-1
14979,-1,0
14980,86258,1
14981,98191,0
14982,88061,1
14983,18348,0
14984,88771,0
14985,5179,0
14986,61119,0
14987,28251,0
14988,6230,0
14989,83426,0
14990,52957,0
14991,-1,0
14992,57620,1
14993,36525,1
14994,71611,0
14995,80296,-1
14996,-1,0
14997,18583,0
14998,76785,0
14999,5048,0
15000,56899,0
15001,73024,1
15002,-1,0
15003,79093,1
15004,98130,1
15005,13749,0
15006,38259,0
15007,56419,0
15008,52751,1
15009,55407,0
15010,-1,0
15011,24926,0
15012,2257,-1
15013,50382,1
15014,69888,1
15015,9715,1
15016,-1,0
15017,82954,1
15018,43005,0
15019,85866,-1
15020,87912,-1
15021,66687,0
15022,33132,0
15023,75189,0
15024,31134,0
15025,10833,1
15026,44916,1
15027,93285,-1
15028,31568,0
15029,89922,-1
15030,-1,0
15031,98639,0
15032,-1,0
15033,45121,0
15034,79752,0
15035,57494,1
15036,47243,0
15037,80363,-1
15038,-1,0
15039,-1,0
15040,85692,0
15041,9094,1
15042,42268,0
15043,-1,0
15044,58529,-1
15045,81283,0
15046,75164,1
15047,24525,0
15048,60589,1
15049,73287,0
15050,79723,0
15051,42324,1
15052,-1,0
15053,51539,0
15054,71614,-1
15055,49380,1
15056,85144,1
15057,14405,-1
15058,55316,0
15059,23001,0
15060,63260,1
15061,14706,0
15062,39121,0
15063,31466,0
15064,-1,0
15065,22131,0
15066,43757,-1
15067,58258,0
15068,56312,0
15069,21341,1
15070,53790,0
15071,37423,0
15072,54556,0
15073,74150,0
15074,32031,0
15075,72770,0
15076,35887,-1
15077,60831,1
15078,73549,1
15079,-1,0
15080,-1,0
15081,42175,0
15082,83902,-1
15083,58858,1
15084,44781,0
15085,25476,-1
15086,49177,1
15087,50445,-1
15088,35924,0
15089,80798,0
15090,10825,0
15091,53640,1
15092,2411,0
15093,60447,0
15094,96557,0
15095,42268,1
15096,5202,0
15097,32276,0
15098,23514,-1
15099,59516,1
15100,94625,0
15101,11571,-1
15102,-1,0
15103,73108,0
15104,-1,0
15105,76170,0
15106,59081,1
15107,8027,1
15108,93313,-1
15109,43767,0
15110,56938,0
15111,10286,1
15112,40090,0
15113,30951,0
15114,-1,0
15115,35197,0
15116,42765,-1
15117,-1,0
15118,10274,-1
15119,-1,0
15120,50362,0
15121,59765,0
15122,60691,1
15123,61856,1
15124,73197,-1
15125,67303,1
15126,3279,-1
15127,-1,0
15128,26769,0
15129,93962,1
15130,27119,0
15131,66398,0
15132,3406,-1
15133,98936,0
15134,-1,0
15135,25076,-1
15136,-1,0
15137,-1,0
15138,57495,-1
15139,42189,-1
15140,22034,-1
15141,51060,0
15142,82193,0
15143,-1,0
15144,40289,0
15145,-1,0
15146,88174,0
15147,21914,1
15148,-1,0
15149,15433,-1
15150,95916,0
15151,88017,-1
15152,23958,1
15153,-1,0
15154,72560,0
15155,43778,0
15156,75170,0
15157,74575,0
15158,6432,1
15159,-1,0
15160,78399,1
15161,-1,0
15162,47782,0
15163,-1,0
15164,28281,0
15165,99017,-1
15166,88587,-1
15167,23402,1
15168,43179,-1
15169,34292,0
15170,63378,0
15171,-1,0
15172,87037,1
15173,74280,1
15174,-1,0
15175,76908,0
15176,62062,0
15177,83641,1
15178,78387,1
15179,82060,1
15180,26465,0
15181,5338,1
15182,3366,1
15183,-1,0
15184,14648,0
15185,22034,0
15186,62400,-1
15187,-1,0
15188,79459,0
15189,35477,1
15190,56099,-1
15191,87604,1
15192,-1,0
15193,82400,-1
15194,96184,0
15195,-1,0
15196,83089,1
15197,12071,0
15198,17193,0
15199,94335,-1
15200,37274,1
15201,39136,1
15202,56016,1
15203,41929,1
15204,23356,1
15205,44823,-1
15206,53232,0
15207,-1,0
15208,87267,0
15209,-1,0
15210,-1,0
15211,49952,0
15212,62705,0
15213,53309,0
15214,57112,1
15215,50651,1
15216,93752,0
15217,34842,1
15218,-1,0
15219,14490,1
15220,14248,1
15221,81547,-1
15222,31824,1
15223,-1,0
15224,-1,0
15225,51967,-1
15226,-1,0
15227,42719,-1
15228,50923,0
15229,37782,0
15230,22439,-1
15231,-1,0
15232,39268,0
15233,15801,0
15234,34039,1
15235,90152,0
15236,4979,1
15237,99838,0
15238,38804,1
15239,69671,-1
15240,-1,0
15241,46316,-1
15242,-1,0
15243,70994,1
15244,2299,-1
15245,54716,-1
15246,61426,-1
15247,47432,-1
15248,60940,1
15249,18104,0
15250,-1,0
15251,53900,0
15252,65209,1
15253,15299,0
15254,41924,0
15255,56991,0
15256,64605,1
15257,27960,0
15258,57684,1
15259,6932,0
15260,92783,-1
15261,50992,0
15262,29841,-1
15263,57904,0
15264,84873,0
15265,-1,0
15266,76732,0
15267,46337,0
15268,20897,0
15269,72488,0
15270,54187,1
15271,35402,-1
15272,74247,1
15273,44991,-1
15274,66821,-1
15275,19143,0
15276,21599,-1
15277,-1,0
15278,95759,1
15279,58820,1
15280,3419,1
15281,64061,1
15282,89666,0
15283,18363,0
15284,93029,0
15285,56719,0
15286,62608,-1
15287,-1,0
15288,92014,1
15289,37367,0
15290,1404,-1
15291,64147,0
15292,98747,0
15293,49736,0
15294,10086,1
15295,43690,0
15296,18068,1
15297,58144,0
15298,60569,0
15299,34650,0
15300,90043,-1
15301,24131,0
15302,25325,0
15303,76994,-1
15304,30161,0
15305,41731,1
15306,81912,0
15307,45361,0
15308,82498,0
15309,-1,0
15310,44266,1
15311,35806,1
15312,18629,0
15313,63635,0
15314,-1,0
15315,1021,0
15316,29994,0
15317,40243,0
15318,1867,0
15319,67543,0
15320,30906,-1
15321,28474,0
15322,98694,-1
15323,55672,-1
15324,26718,0
15325,78027,1
15326,52727,0
15327,99502,-1
15328,46761,0
15329,49001,0
15330,62552,0
15331,58648,0
15332,45344,0
15333,-1,0
15334,52439,0
15335,92787,-1
15336,45429,0
15337,61599,0
15338,88627,0
15339,52292,-1
15340,28577,0
15341,-1,0
15342,56271,1
15343,74826,-1
15344,50154,0
15345,11368,0
15346,68054,-1
15347,80712,-1
15348,57615,0
15349,34484,-1
15350,87860,1
15351,631,-1
15352,85554,0
15353,71227,0
15354,50325,0
15355,15324,0
15356,18299,-1
15357,55067,-1
15358,91407,0
15359,73452,0
15360,87239,0
15361,36753,0
15362,69295,1
15363,88309,0
15364,27213,-1
15365,230,0
15366,29821,-1
15367,58413,0
15368,62875,0
15369,5076,-1
15370,65952,0
15371,-1,0
15372,81371,0
15373,20553,1
15374,27002,1
15375,-1,0
15376,-1,0
15377,57578,0
15378,98355,0
15379,23963,-1
15380,77523,0
15381,-1,0
15382,60043,-1
15383,22576,0
15384,76069,-1
15385,49959,1
15386,87748,1
15387,75276,-1
15388,-1,0
15389,49402,-1
15390,42827,1
15391,35054,-1
15392,49131,0
15393,70548,1
15394,93667,0
15395,39691,0
15396,66556,0
15397,99289,-1
15398,37571,-1
15399,25256,-1
15400,8346,0
15401,77203,1
15402,71157,0
15403,63557,0
15404,-1,0
15405,31772,0
15406,13624,0
15407,23100,1
15408,-1,0
15409,89245,0
15410,57418,1
15411,-1,0
15412,69038,0
15413,52273,0
15414,5381,-1
15415,73866,0
15416,2262,0
15417,22685,-1
15418,89329,0
15419,89432,0
15420,96176,0
15421,91025,0
15422,94776,0
15423,99697,0
15424,54110,-1
15425,83458,0
15426,69645,0
15427,67480,-1
15428,10814,-1
15429,70964,-1
15430,47407,-1
15431,9005,-1
15432,40079,-1
15433,81633,0
15434,80700,-1
15435,4049,0
15436,85428,0
15437,70243,0
15438,-1,0
15439,11004,0
15440,32709,1
15441,51414,-1
15442,-1,0
15443,77506,0
15444,93772,0
15445,63146,0
15446,-1,0
15447,50049,0
15448,15600,-1
15449,44045,-1
15450,96821,0
15451,87857,-1
15452,68858,0
15453,48856,0
15454,87980,-1
15455,66538,0
15456,-1,0
15457,74441,1
15458,51357,-1
15459,22625,0
15460,38813,0
15461,26797,1
15462,91051,-1
15463,32643,0
15464,91261,1
15465,36877,-1
15466,81737,-1
15467,51496,0
15468,48486,0
15469,74246,-1
15470,38264,1
15471,75536,0
15472,21420,-1
15473,91799,0
15474,59323,1
15475,-1,0
15476,27310,1
15477,21784,0
15478,18588,-1
15479,30200,0
15480,63437,0
15481,74657,-1
15482,20952,1
15483,-1,0
15484,-1,0
15485,87720,0
15486,-1,0
15487,60393,0
15488,93128,0
15489,70815,0
15490,65061,0
15491,45545,-1
15492,63286,-1
15493,11807,0
15494,35963,1
15495,6786,-1
15496,74765,0
15497,86995,-1
15498,4597,0
15499,98820,-1
15500,-1,0
15501,80944,1
15502,15835,1
15503,75402,1
15504,18452,-1
15505,8989,-1
15506,-1,0
15507,97663,-1
15508,82123,-1
15509,30449,-1
15510,53976,0
15511,45270,0
15512,69952,0
15513,70465,-1
15514,53926,-1
15515,63354,0
15516,56036,0
15517,34755,0
15518,70053,-1
15519,-1,0
15520,-1,0
15521,16464,-1
15522,78607,0
15523,86404,0
15524,54188,0
15525,16683,0
15526,-1,0
15527,46940,-1
15528,43825,1
15529,446,0
15530,-1,0
15531,94489,0
15532,22436,0
15533,-1,0
15534,52422,1
15535,-1,0
15536,371,0
15537,25293,0
15538,41127,1
15539,71629,0
15540,91511,0
15541,84197,0
15542,93455,0
15543,43067,-1
15544,45837,-1
15545,86783,0
15546,44749,-1
15547,-1,0
15548,34715,0
15549,15863,0
15550,97825,-1
15551,43649,1
15552,62872,-1
15553,16620,-1
15554,-1,0
15555,77613,1
15556,-1,0
15557,48257,0
15558,48671,1
15559,19401,-1
15560,-1,0
15561,94632,0
15562,15254,0
15563,8337,-1
15564,97306,-1
15565,33284,1
15566,70142,0
15567,67433,-1
15568,3317,1
15569,-1,0
15570,1551,1
15571,22217,1
15572,7472,1
15573,45098,-1
15574,15922,-1
15575,63103,0
15576,90341,-1
15577,46023,0
15578,91419,0
15579,-1,0
15580,85550,-1
15581,99596,-1
15582,94033,0
15583,-1,0
15584,98310,0
15585,65846,0
15586,24374,-1
15587,71503,0
15588,86168,0
15589,19080,0
15590,23976,0
15591,66939,0
15592,78385,0
15593,88201,0
15594,25153,-1
15595,28587,0
15596,-1,0
15597,87869,1
15598,88090,1
15599,86481,1
15600,10446,1
15601,2708,0
15602,52670,1
15603,49480,0
15604,26263,0
15605,66805,0
15606,10478,0
15607,25974,1
15608,47656,0
15609,-1,0
15610,58583,0
15611,64146,0
15612,-1,0
15613,71206,-1
15614,-1,0
15615,11090,0
15616,65976,0
15617,-1,0
15618,18679,0
15619,61436,-1
15620,46470,0
15621,71116,1
15622,98678,0
15623,46814,-1
15624,67843,0
15625,25795,-1
15626,24774,-1
15627,82159,0
15628,81595,1
15629,78075,1
15630,67639,0
15631,64170,0
15632,68332,-1
15633,54154,-1
15634,86042,1
15635,35686,0
15636,56291,0
15637,-1,0
15638,22243,0
15639,-1,0
15640,79558,0
15641,-1,0
15642,59261,1
15643,26045,-1
15644,83755,1
15645,71016,-1
15646,61360,0
15647,39215,0
15648,87930,0
15649,36380,0
15650,-1,0
15651,54344,0
15652,4056,0
15653,3687,0
15654,89067,-1
15655,92479,0
15656,99003,0
15657,51703,1
15658,41516,0
15659,88458,1
15660,81069,0
15661,50453,-1
15662,90158,1
15663,-1,0
15664,91313,0
15665,47851,1
15666,6778,1
15667,5653,0
15668,39937,0
15669,2763,0
15670,28448,0
15671,80833,0
15672,44660,0
15673,57019,0
15674,87192,0
15675,6575,-1
15676,17152,0
15677,-1,0
15678,83644,0
15679,98911,0
15680,33342,1
15681,-1,0
15682,48741,0
15683,73560,0
15684,59085,-1
15685,-1,0
15686,96013,1
15687,26026,0
15688,-1,0
15689,-1,0
15690,-1,0
15691,17364,0
15692,46189,0
15693,-1,0
15694,82416,-1
15695,14145,0
15696,44390,-1
15697,44496,1
15698,-1,0
15699,50104,1
15700,31938,1
15701,7792,0
15702,-1,0
15703,77376,1
15704,89674,0
15705,52564,1
15706,58865,-1
15707,14340,0
15708,86419,0
15709,-1,0
15710,90708,0
15711,26502,-1
15712,54722,1
15713,-1,0
15714,73017,-1
15715,33836,1
15716,21773,0
15717,66925,-1
15718,-1,0
15719,81770,1
15720,39079,-1
15721,84518,-1
15722,54140,-1
15723,-1,0
15724,39864,0
15725,48457,0
15726,-1,0
15727,44931,0
15728,56029,0
15729,70967,0
15730,86064,1
15731,45480,0
15732,66433,0
15733,16299,-1
15734,9745,0
15735,63786,0
15736,86992,0
15737,44135,0
15738,89371,-1
15739,39198,0
15740,91899,0
15741,88976,1
15742,54821,-1
15743,15906,0
15744,26113,1
15745,70119,0
15746,8502,0
15747,-1,0
15748,55568,-1
15749,3957,0
15750,39096,1
15751,-1,0
15752,89526,0
15753,11984,-1
15754,86848,-1
15755,61176,0
15756,-1,0
15757,23421,0
15758,23352,0
15759,50566,1
15760,73596,1
15761,-1,0
15762,48382,1
15763,72374,1
15764,39055,-1
15765,-1,0
15766,92673,1
15767,55237,0
15768,77315,1
15769,-1,0
15770,-1,0
15771,58806,0
15772,71400,0
15773,67652,0
15774,4512,1
15775,9239,-1
15776,98173,0
15777,99953,-1
15778,60494,0
15779,77352,0
15780,67354,1
15781,3351,0
15782,28543,0
15783,43929,0
15784,2699,0
15785,42880,0
15786,8606,1
15787,713,0
15788,59142,1
15789,39561,0
15790,77888,-1
15791,47508,0
15792,98136,0
15793,31554,1
15794,66659,0
15795,3899,0
15796,42421,1
15797,66717,-1
15798,23786,1
15799,-1,0
15800,95712,1
15801,45694,-1
15802,19703,1
15803,-1,0
15804,80992,1
15805,79935,-1
15806,81667,0
15807,27100,-1
15808,13999,-1
15809,62222,0
15810,85038,-1
15811,89865,0
15812,14974,1
15813,75099,-1
15814,-1,0
15815,66446,-1
15816,95000,1
15817,89078,1
15818,14919,0
15819,53188,0
15820,-1,0
15821,85182,0
15822,59225,-1
15823,6564,0
15824,55553,0
15825,41073,1
15826,47073,0
15827,-1,0
15828,9821,0
15829,26410,0
15830,67956,0
15831,7022,-1
15832,13198,0
15833,63019,1
15834,29239,-1
15835,67816,0
15836,54948,1
15837,-1,0
15838,-1,0
15839,47091,0
15840,98772,-1
15841,39504,0
15842,67635,0
15843,79841,1
15844,63296,0
15845,28583,0
15846,-1,0
15847,-1,0
15848,903,0
15849,96783,-1
15850,23799,1
15851,80832,0
15852,67563,0
15853,55896,0
15854,56232,-1
15855,17645,0
15856,89447,1
15857,-1,0
15858,36942,1
15859,80347,-1
15860,-1,0
15861,-1,0
15862,78667,-1
15863,84076,-1
15864,26241,0
15865,98117,0
15866,14943,-1
15867,99834,1
15868,64938,0
15869,66513,1
15870,59849,0
15871,47680,0
15872,49063,-1
15873,70779,-1
15874,6942,-1
15875,27200,-1
15876,46375,0
15877,74888,0
15878,85839,0
15879,91479,-1
15880,29304,0
15881,44448,0
15882,80529,1
15883,73475,0
15884,56316,0
15885,49794,-1
15886,71034,0
15887,57950,1
15888,98268,0
15889,62579,0
15890,370,0
15891,-1,0
15892,47245,1
15893,21796,0
15894,34588,1
15895,98194,0
15896,54279,0
15897,62027,1
15898,39281,0
15899,71320,-1
15900,25592,-1
15901,62507,0
15902,87278,0
15903,-1,0
15904,42194,-1
15905,88510,0
15906,67972,-1
15907,83470,0
15908,87015,0
15909,8562,1
15910,14338,0
15911,65949,0
15912,36137,0
15913,-1,0
15914,33861,-1
15915,12805,1
15916,-1,0
15917,65269,-1
15918,23754,-1
15919,50374,-1
15920,31394,-1
15921,58537,0
15922,21974,0
15923,-1,0
15924,91224,1
15925,70632,-1
15926,67078,0
15927,47085,-1
15928,13020,0
15929,64167,1
15930,99073,0
15931,97953,1
15932,62290,0
15933,-1,0
15934,24383,-1
15935,14359,0
15936,-1,0
15937,83087,0
15938,82607,0
15939,50618,-1
15940,-1,0
15941,68453,0
15942,71294,-1
15943,27397,0
15944,-1,0
15945,21870,0
15946,23242,0
15947,27155,-1
15948,23192,-1
15949,-1,0
15950,59445,0
15951,4189,0
15952,91465,0
15953,82869,-1
15954,-1,0
15955,39112,-1
15956,20710,0
15957,4603,1
15958,25151,-1
15959,63160,-1
15960,51506,1
15961,81412,-1
15962,62625,0
15963,81145,-1
15964,72081,1
15965,35864,0
15966,45198,1
15967,16490,0
15968,28295,0
15969,63034,0
15970,28267,-1
15971,45126,0
15972,68910,-1
15973,69632,0
15974,61950,-1
15975,39381,0
15976,-1,0
15977,31308,0
15978,54442,0
15979,88564,-1
15980,2550,1
15981,51760,1
15982,-1,0
15983,42340,0
15984,72496,-1
15985,98979,0
15986,42424,1
15987,39013,-1
15988,17251,0
15989,18526,0
15990,27917,0
15991,18155,1
15992,42762,1
15993,48234,0
15994,59722,-1
15995,82964,1
15996,79388,1
15997,71648,0
15998,25685,1
15999,87802,1
16000,91425,1
16001,63074,0
16002,91757,0
16003,-1,0
16004,-1,0
16005,39592,1
16006,76526,0
16007,-1,0
16008,-1,0
16009,21382,1
16010,55057,0
16011,7257,0
16012,46331,1
16013,4693,-1
16014,30617,0
16015,86764,0
16016,88397,0
16017,23919,1
16018,74494,-1
16019,73702,0
16020,72790,0
16021,94136,0
16022,31775,-1
16023,62486,-1
16024,21415,1
16025,-1,0
16026,61950,0
16027,56190,0
16028,15569,1
16029,47605,0
16030,-1,0
16031,57977,1
16032,-1,0
16033,79812,0
16034,58149,0
16035,-1,0
16036,88338,0
16037,56703,1
16038,67079,0
16039,30300,-1
16040,7994,1
16041,4980,-1
16042,23641,-1
16043,80074,0
16044,-1,0
16045,15077,1
16046,91021,-1
16047,-1,0
16048,23474,0
16049,-1,0
16050,77055,0
16051,-1,0
16052,87139,-1
16053,-1,0
16054,-1,0
16055,89050,-1
16056,41024,0
16057,30828,0
16058,-1,0
16059,1723,-1
16060,25052,0
16061,74199,-1
16062,60395,1
16063,84250,1
16064,87728,0
16065,-1,0
16066,55907,0
16067,40715,1
16068,44044,0
16069,88328,1
16070,2979,0
16071,71162,0
16072,10638,0
16073,-1,0
16074,-1,0
16075,51868,0
16076,90424,0
16077,42257,0
16078,27434,0
16079,33724,-1
16080,20069,0
16081,38790,-1
16082,-1,0
16083,84173,1
16084,43049,0
16085,19347,0
16086,94919,1
16087,84655,0
16088,23824,1
16089,15805,0
16090,73220,1
16091,91807,0
16092,34057,1
16093,19978,0
16094,19008,0
16095,-1,0
16096,91433,0
16097,83460,0
16098,5311,-1
16099,31470,1
16100,6045,0
16101,56949,0
16102,30057,0
16103,-1,0
16104,37883,1
16105,55372,0
16106,13763,-1
16107,37973,-1
16108,8880,-1
16109,69385,0
16110,14011,-1
16111,-1,0
16112,45825,0
16113,55599,0
16114,84375,0
16115,11741,0
16116,-1,0
16117,86541,0
16118,-1,0
16119,97216,-1
16120,72047,0
16121,67782,-1
16122,64820,1
16123,12451,0
16124,56947,-1
16125,92576,-1
16126,9444,-1
16127,34060,1
16128,52618,0
16129,80740,1
16130,80533,0
16131,97265,0
16132,71011,1
16133,81433,0
16134,30206,0
16135,67862,0
16136,11439,0
16137,19423,1
16138,8607,0
16139,46430,1
16140,40249,-1
16141,60479,1
16142,94240,-1
16143,-1,0
16144,-1,0
16145,15467,-1
16146,68786,0
16147,31639,0
16148,72943,0
16149,32339,0
16150,85991,0
16151,63816,1
16152,28147,0
16153,15237,0
16154,88443,0
16155,55017,0
16156,42811,0
16157,-1,0
16158,18952,-1
16159,96501,0
16160,63714,1
16161,41267,0
16162,73004,0
16163,9935,-1
16164,39499,0
16165,59221,0
16166,81362,-1
16167,57206,0
16168,97486,1
16169,-1,0
16170,59955,0
16171,52962,1
16172,-1,0
16173,-1,0
16174,87249,1
16175,-1,0
16176,41807,-1
16177,9808,0
16178,54306,-1
16179,95541,0
16180,60583,0
16181,53495,0
16182,32946,0
16183,46869,0
16184,44119,0
16185,-1,0
16186,51803,0
16187,88593,0
16188,-1,0
16189,5279,0
16190,80459,-1
16191,-1,0
16192,12922,0
16193,29749,0
16194,92962,0
16195,25817,-1
16196,59467,0
16197,42176,0
16198,-1,0
16199,-1,0
16200,36083,-1
16201,30603,-1
16202,48490,0
16203,91027,0
16204,79864,1
16205,-1,0
16206,97688,-1
16207,8438,1
16208,54658,1
16209,61797,-1
16210,83665,-1
16211,74808,0
16212,62003,0
16213,86648,0
16214,74080,-1
16215,37516,1
16216,31951,0
16217,41330,-1
16218,33223,-1
16219,71900,0
16220,7292,-1
16221,48397,-1
16222,44397,0
16223,20052,1
16224,-1,0
16225,76512,0
16226,16642,0
16227,45455,-1
16228,32615,0
16229,70586,-1
16230,67758,1
16231,86960,1
16232,64489,1
16233,35969,0
16234,-1,0
16235,54916,0
16236,74393,0
16237,-1,0
16238,80844,0
16239,88422,0
16240,90837,0
16241,93195,0
16242,88446,1
16243,92034,1
16244,1268,0
16245,87610,0
16246,56381,-1
16247,35301,0
16248,-1,0
16249,30416,-1
16250,52672,0
16251,6622,0
16252,37668,-1
16253,62895,0
16254,-1,0
16255,57218,0
16256,47174,1
16257,93179,-1
16258,40616,1
16259,30588,0
16260,30968,0
16261,39576,0
16262,45176,0
16263,90314,-1
16264,67151,-1
16265,93798,0
16266,36790,1
16267,64122,1
16268,95808,0
16269,55456,0
16270,77946,-1
16271,82362,1
16272,16101,-1
16273,46267,0
16274,25421,0
16275,86783,1
16276,90440,-1
16277,53295,1
16278,85163,0
16279,55231,0
16280,82520,1
16281,-1,0
16282,31972,1
16283,48303,0
16284,49151,0
16285,71017,0
16286,-1,0
16287,27666,-1
16288,85428,1
16289,69857,0
16290,90387,1
16291,83415,0
16292,-1,0
16293,13855,1
16294,65935,1
16295,25260,0
16296,64902,-1
16297,30896,0
16298,33157,-1
16299,15208,0
16300,85982,1
16301,55614,0
16302,43948,0
16303,-1,0
16304,85771,0
16305,90215,1
16306,71981,0
16307,60230,-1
16308,334,0
16309,26098,-1
16310,87219,1
16311,20820,0
16312,44842,0
16313,-1,0
16314,57603,1
16315,29081,1
16316,65236,-1
16317,99302,1
16318,55871,0
16319,50141,-1
16320,34055,0
16321,13067,0
16322,-1,0
16323,59023,1
16324,34970,0
16325,31662,0
16326,50933,0
16327,41704,-1
16328,-1,0
16329,86509,0
16330,11329,0
16331,-1,0
16332,30647,1
16333,85710,0
16334,95850,1
16335,19696,0
16336,74731,0
16337,75766,0
16338,39771,0
16339,62001,1
16340,-1,0
16341,79623,1
16342,-1,0
16343,12651,-1
16344,3305,0
16345,59792,1
16346,74021,0
16347,10703,0
16348,60316,0
16349,22581,0
16350,58832,0
16351,77005,-1
16352,-1,0
16353,39579,-1
16354,99430,0
16355,-1,0
16356,31141,0
16357,15244,-1
16358,89817,1
16359,80325,0
16360,48130,0
16361,-1,0
16362,62098,0
16363,66153,0
16364,23423,0
16365,15438,-1
16366,-1,0
16367,9808,1
16368,60361,-1
16369,73569,0
16370,49683,-1
16371,96345,0
16372,-1,0
16373,-1,0
16374,47279,0
16375,14952,1
16376,-1,0
16377,31156,-1
16378,81289,-1
16379,68535,1
16380,-1,0
16381,78502,1
16382,52084,-1
16383,57673,0
16384,83831,0
16385,-1,0
16386,62916,0
16387,2055,-1
16388,58826,1
16389,-1,0
16390,99101,0
16391,-1,0
16392,57438,0
16393,9207,1
16394,18973,0
16395,60587,-1
16396,-1,0
16397,75723,1
16398,93850,0
16399,40797,1
16400,23166,0
16401,-1,0
16402,-1,0
16403,-1,0
16404,19522,0
16405,22226,1
16406,17814,0
16407,-1,0
16408,35443,1
16409,15435,1
16410,73807,-1
16411,-1,0
16412,47968,0
16413,15013,0
16414,68005,-1
16415,-1,0
16416,73585,0
16417,90710,1
16418,17959,0
16419,12122,1
16420,36769,0
16421,26861,-1
16422,56414,-1
16423,63169,-1
16424,94183,-1
16425,77382,0
16426,31304,0
16427,51309,-1
16428,-1,0
16429,47167,0
16430,35227,0
16431,2360,1
16432,91125,-1
16433,83811,0
16434,-1,0
16435,32078,1
16436,100,-1
16437,-1,0
16438,-1,0
16439,78173,1
16440,74552,0
16441,54118,1
16442,26563,-1
16443,96321,0
16444,51848,1
16445,70551,-1
16446,58650,0
16447,-1,0
16448,53657,-1
16449,80317,0
16450,51648,1
16451,84622,0
16452,-1,0
16453,64189,-1
16454,51710,0
16455,1329,0
16456,32544,1
16457,87450,0
16458,93657,1
16459,56688,1
16460,-1,0
16461,94547,1
16462,92333,1
16463,9079,-1
16464,91228,1
16465,90497,-1
16466,34452,-1
16467,70082,-1
16468,66886,0
16469,-1,0
16470,93242,0
16471,89993,1
16472,87520,0
16473,23384,-1
16474,57180,-1
16475,68658,1
16476,39758,0
16477,6163,0
16478,40156,0
16479,70252,0
16480,25427,1
16481,95667,-1
16482,54913,0
16483,53695,0
16484,3909,1
16485,98647,0
16486,90250,0
16487,36845,0
16488,63571,0
16489,64013,0
16490,96609,-1
16491,40729,1
16492,-1,0
16493,73719,0
16494,63178,1
16495,62677,0
16496,77971,0
16497,35982,1
16498,92624,0
16499,59720,0
16500,14969,-1
16501,34226,1
16502,82106,1
16503,19378,0
16504,98242,0
16505,87885,-1
16506,38928,1
16507,82963,-1
16508,37597,0
16509,88,0
16510,19038,-1
16511,-1,0
16512,9991,0
16513,63230,0
16514,71380,0
16515,98669,0
16516,56402,-1
16517,41729,0
16518,87783,1
16519,33702,1
16520,43683,-1
16521,14195,-1
16522,75211,-1
16523,57470,0
16524,73846,-1
16525,41918,-1
16526,45622,0
16527,66189,-1
16528,47635,-1
16529,418,1
16530,53596,0
16531,57859,1
16532,29231,0
16533,-1,0
16534,23831,1
16535,39915,0
16536,82928,1
16537,98762,-1
16538,51538,0
16539,58934,0
16540,81617,0
16541,44386,1
16542,2610,0
16543,21023,0
16544,58237,0
16545,13953,0
16546,96134,0
16547,18419,1
16548,70977,0
16549,55912,0
16550,89603,0
16551,-1,0
16552,80525,1
16553,33381,0
16554,67706,1
16555,16450,0
16556,24852,-1
16557,64982,0
16558,29082,-1
16559,77965,0
16560,7526,0
16561,64440,0
16562,61174,1
16563,54896,0
16564,98651,0
16565,29413,0
16566,1978,1
16567,55748,0
16568,46333,0
16569,-1,0
16570,10457,0
16571,70197,-1
16572,76703,0
16573,30315,0
16574,13770,0
16575,15912,0
16576,61084,1
16577,1402,0
16578,-1,0
16579,86702,0
16580,94383,-1
16581,94820,0
16582,61485,0
16583,-1,0
16584,47512,-1
16585,57831,0
16586,49928,0
16587,36388,0
16588,83866,0
16589,29007,1
16590,64513,0
16591,37520,0
16592,55203,-1
16593,71843,0
16594,68863,0
16595,19990,0
16596,31643,0
16597,64349,0
16598,48288,1
16599,92817,0
16600,98275,0
16601,78689,1
16602,11922,0
16603,83651,1
16604,-1,0
16605,14363,-1
16606,85410,1
16607,62155,-1
16608,65461,0
16609,47494,0
16610,99002,1
16611,58899,1
16612,88752,-1
16613,8618,-1
16614,91734,-1
16615,48550,-1
16616,14404,1
16617,11092,0
16618,93443,1
16619,81760,0
16620,-1,0
16621,97271,0
16622,36661,0
16623,57342,0
16624,61608,0
16625,61684,1
16626,7937,0
16627,13093,0
16628,40363,-1
16629,87480,1
16630,-1,0
16631,1401,1
16632,61245,1
16633,96851,-1
16634,64959,0
16635,54612,1
16636,-1,0
16637,77247,0
16638,8349,0
16639,25798,1
16640,73440,1
16641,66113,0
16642,64959,1
16643,57768,-1
16644,1428,-1
16645,43226,0
16646,71569,-1
16647,85607,0
16648,43020,-1
16649,53279,0
16650,93088,-1
16651,92283,1
16652,98789,1
16653,68523,1
16654,69781,0
16655,75433,0
16656,90410,-1
16657,36369,-1
16658,68219,0
16659,29968,0
16660,74264,0
16661,58922,0
16662,54508,1
16663,12565,0
16664,48082,0
16665,-1,0
16666,96366,0
16667,33239,-1
16668,81935,0
16669,16323,-1
16670,64948,0
16671,25905,0
16672,-1,0
16673,15703,1
16674,2523,0
16675,64643,0
16676,-1,0
16677,-1,0
16678,83197,-1
16679,90809,0
16680,16914,1
16681,82608,1
16682,77973,0
16683,-1,0
16684,98537,0
16685,46081,0
16686,85193,0
16687,10511,1
16688,51912,0
16689,56566,0
16690,37032,0
16691,92353,0
16692,87164,0
16693,-1,0
16694,28175,0
16695,67780,-1
16696,68097,0
16697,70014,0
16698,69115,0
16699,30822,0
16700,-1,0
16701,-1,0
16702,-1,0
16703,-1,0
16704,56395,0
16705,94652,0
16706,37210,0
16707,84387,0
16708,63876,-1
16709,61561,1
16710,-1,0
16711,60110,0
16712,84953,-1
16713,8295,0
16714,34426,0
16715,63149,0
16716,-1,0
16717,46758,0
16718,64289,-1
16719,21299,0
16720,61040,0
16721,47322,0
16722,86904,0
16723,23234,0
16724,36912,0
16725,50304,0
16726,82635,1
16727,75344,0
16728,54833,0
16729,75584,-1
16730,46617,1
16731,-1,0
16732,38837,0
16733,10696,0
16734,-1,0
16735,94968,-1
16736,-1,0
16737,64550,0
16738,65700,0
16739,81509,0
16740,11,1
16741,-1,0
16742,60768,0
16743,6192,1
16744,-1,0
16745,-1,0
16746,-1,0
16747,63805,1
16748,74814,1
16749,88422,-1
16750,18929,0
16751,63016,0
16752,84730,0
16753,88985,-1
16754,-1,0
16755,468,0
16756,58032,0
16757,37009,0
16758,71531,0
16759,63871,0
16760,86931,0
16761,-1,0
16762,22467,-1
16763,-1,0
16764,72182,1
16765,37588,1
16766,15510,0
16767,25915,-1
16768,22089,0
16769,-1,0
16770,79642,1
16771,13489,0
16772,52955,1
16773,58940,1
16774,13124,0
16775,-1,0
16776,78723,1
16777,41624,0
16778,-1,0
16779,83304,0
16780,-1,0
16781,9285,1
16782,-1,0
16783,89856,-1
16784,37532,0
16785,23801,-1
16786,62245,0
16787,23752,0
16788,-1,0
16789,78022,0
16790,24758,-1
16791,8506,1
16792,43827,-1
16793,-1,0
16794,31667,-1
16795,61949,1
16796,20863,0
16797,52735,0
16798,65693,0
16799,-1,0
16800,77890,0
16801,40739,0
16802,14121,0
16803,91576,0
16804,56350,0
16805,47813,0
16806,84851,-1
16807,90542,1
16808,95830,1
16809,-1,0
16810,-1,0
16811,87665,0
16812,65976,1
16813,87545,0
16814,62033,0
16815,9529,1
16816,8676,-1
16817,97403,-1
16818,31025,0
16819,61496,0
16820,98689,0
16821,3493,1
16822,14902,0
16823,30540,0
16824,8749,-1
16825,30318,0
16826,56980,0
16827,24543,0
16828,20904,0
16829,63865,1
16830,3297,-1
16831,75964,0
16832,96147,0
16833,81599,1
16834,35868,0
16835,-1,0
16836,-1,0
16837,30821,-1
16838,34774,0
16839,82912,0
16840,21130,0
16841,83257,0
16842,66085,1
16843,-1,0
16844,68329,-1
16845,37884,1
16846,56680,0
16847,61157,0
16848,94033,-1
16849,46069,0
16850,99181,0
16851,-1,0
16852,48782,0
16853,25245,1
16854,53355,0
16855,27949,-1
16856,59651,-1
16857,82204,-1
16858,149,0
16859,29422,0
16860,3738,0
16861,15178,1
16862,-1,0
16863,52303,0
16864,99442,1
16865,87615,1
16866,-1,0
16867,-1,0
16868,11727,1
16869,7649,-1
16870,18777,1
16871,9769,1
16872,98050,0
16873,-1,0
16874,73244,-1
16875,26915,0
16876,-1,0
16877,12247,-1
16878,-1,0
16879,-1,0
16880,96320,1
16881,-1,0
16882,39290,0
16883,79473,1
16884,77210,0
16885,38246,1
16886,-1,0
16887,42161,0
16888,-1,0
16889,-1,0
16890,80399,-1
16891,-1,0
16892,73006,0
16893,50259,1
16894,48154,0
16895,27038,0
16896,23742,0
16897,82910,0
16898,42748,1
16899,49813,1
16900,66514,0
16901,28867,0
16902,65483,-1
16903,63867,1
16904,19758,0
16905,-1,0
16906,86414,0
16907,5868,0
16908,74980,1
16909,-1,0
16910,19354,-1
16911,29109,1
16912,85205,0
16913,35812,1
16914,90929,0
16915,64430,-1
16916,77321,0
16917,98321,0
16918,60158,1
16919,-1,0
16920,36715,1
16921,-1,0
16922,-1,0
16923,70499,0
16924,6411,0
16925,88756,1
16926,-1,0
16927,-1,0
16928,51485,0
16929,969,0
16930,49198,1
16931,53043,-1
16932,51180,0
16933,35517,-1
16934,28776,-1
16935,7212,-1
16936,32,0
16937,22278,1
16938,-1,0
16939,86770,-1
16940,78543,0
16941,87646,-1
16942,94909,0
16943,18409,0
16944,-1,0
16945,29635,0
16946,86177,0
16947,93936,0
16948,-1,0
16949,-1,0
16950,77971,-1
16951,-1,0
16952,-1,0
16953,68787,-1
16954,49112,-1
16955,5962,-1
16956,-1,0
16957,46971,-1
16958,63199,0
16959,50737,0
16960,87654,0
16961,93475,0
16962,73300,0
16963,-1,0
16964,-1,0
16965,37940,0
16966,-1,0
16967,56918,1
16968,55341,0
16969,67650,-1
16970,5587,0
16971,17056,1
16972,76915,1
16973,82228,0
16974,61235,-1
16975,70123,-1
16976,-1,0
16977,15774,0
16978,2926,1
16979,78309,0
16980,83576,-1
16981,72602,0
16982,69925,-1
16983,68674,0
16984,64955,0
16985,57858,0
16986,669,0
16987,84267,0
16988,40794,0
16989,27060,0
16990,15016,0
16991,50085,0
16992,32880,0
16993,5302,1
16994,92597,-1
16995,36774,0
16996,46405,0
16997,80726,0
16998,63146,-1
16999,23265,0
17000,36239,-1
17001,-1,0
17002,22370,1
17003,71650,0
17004,73681,1
17005,34068,1
17006,61400,0
17007,44115,1
17008,51067,0
17009,-1,0
17010,83843,1
17011,46790,0
17012,-1,0
17013,82353,0
17014,66339,-1
17015,18340,0
17016,41401,1
17017,31311,0
17018,73839,1
17019,94644,0
17020,79124,1
17021,46522,0
17022,4160,0
17023,11172,0
17024,49849,0
17025,25627,1
17026,11214,1
17027,-1,0
17028,14470,1
17029,3933,1
17030,-1,0
17031,50070,-1
17032,98015,1
17033,40080,0
17034,55287,-1
17035,31981,-1
17036,-1,0
17037,95602,0
17038,12917,0
17039,29482,0
17040,60901,0
17041,89215,1
17042,35538,0
17043,7629,1
17044,59883,-1
17045,-1,0
17046,14849,-1
17047,8607,1
17048,60733,0
17049,94219,0
17050,53520,1
17051,23766,0
17052,36726,0
17053,45907,0
17054,55390,0
17055,43893,0
17056,97815,0
17057,-1,0
17058,42650,0
17059,16053,0
17060,89177,-1
17061,24263,0
17062,85835,0
17063,72191,0
17064,34664,0
17065,47361,0
17066,17106,0
17067,96568,1
17068,11245,1
17069,91613,1
17070,84956,0
17071,77051,0
17072,47840,0
17073,66392,-1
17074,76452,0
17075,18745,-1
17076,-1,0
17077,-1,0
17078,54564,1
17079,-1,0
17080,54010,0
17081,66789,0
17082,67595,0
17083,35057,0
17084,72968,-1
17085,45306,1
17086,7177,-1
17087,533,0
17088,48616,0
17089,86579,0
17090,29175,-1
17091,489,-1
17092,90470,0
17093,22605,-1
17094,48357,0
17095,38029,0
17096,-1,0
17097,36277,1
17098,-1,0
17099,66814,1
17100,-1,0
17101,36908,-1
17102,-1,0
17103,97133,1
17104,-1,0
17105,31471,1
17106,27235,1
17107,33478,1
17108,96985,-1
17109,95589,0
17110,92052,1
17111,3971,-1
17112,80829,0
17113,26097,-1
17114,17448,0
17115,41912,1
17116,82485,1
17117,56294,1
17118,-1,0
17119,78791,-1
17120,-1,0
17121,72793,0
17122,24411,0
17123,93295,0
17124,-1,0
17125,87517,0
17126,2353,0
17127,33636,1
17128,92573,0
17129,32123,0
17130,47786,0
17131,66513,0
17132,90150,-1
17133,76507,-1
17134,-1,0
17135,53666,0
17136,33575,-1
17137,26329,1
17138,22,-1
17139,7761,-1
17140,85824,-1
17141,67763,1
17142,37217,0
17143,98221,0
17144,72413,1
17145,87663,0
17146,36616,-1
17147,43611,0
17148,-1,0
17149,88614,-1
17150,98030,-1
17151,54033,0
17152,47657,0
17153,-1,0
17154,44082,1
17155,83975,-1
17156,37067,1
17157,76313,1
17158,84628,0
17159,-1,0
17160,94533,0
17161,61275,-1
17162,1069,0
17163,19501,1
17164,20116,0
17165,-1,0
17166,30981,0
17167,46423,-1
17168,75935,0
17169,75751,0
17170,8169,0
17171,95200,1
17172,89220,-1
17173,-1,0
17174,22648,-1
17175,74070,0
17176,-1,0
17177,47987,-1
17178,13915,1
17179,3889,0
17180,83443,0
17181,92099,1
17182,89983,0
17183,14316,-1
17184,67360,0
17185,-1,0
17186,-1,0
17187,50396,0
17188,55993,-1
17189,-1,0
17190,35118,-1
17191,57137,0
17192,-1,0
17193,10525,1
17194,80831,0
17195,54284,1
17196,57336,1
17197,19145,1
17198,25007,1
17199,73517,-1
17200,20157,0
17201,98494,-1
17202,72062,0
17203,-1,0
17204,5468,0
17205,25419,0
17206,25207,0
17207,80912,1
17208,98898,1
17209,84622,-1
17210,-1,0
17211,94410,-1
17212,65897,1
17213,96016,0
17214,91141,0
17215,6833,0
17216,94766,0
17217,1817,-1
17218,30802,-1
17219,-1,0
17220,33186,0
17221,36,0
17222,30830,0
17223,90419,0
17224,-1,0
17225,-1,0
17226,90684,0
17227,8167,-1
17228,-1,0
17229,4548,-1
17230,8321,1
17231,69631,0
17232,-1,0
17233,-1,0
17234,65702,1
17235,80842,1
17236,98000,1
17237,7222,0
17238,44939,-1
17239,31129,0
17240,96742,0
17241,69291,-1
17242,18454,0
17243,55725,0
17244,69429,0
17245,86679,-1
17246,21264,0
17247,46455,0
17248,97841,-1
17249,31080,0
17250,92485,0
17251,67221,0
17252,60172,0
17253,75388,0
17254,64395,1
17255,97662,1
17256,72736,1
17257,88806,1
17258,60256,1
17259,36118,0
17260,27681,1
17261,-1,0
17262,-1,0
17263,-1,0
17264,38733,0
17265,32807,0
17266,-1,0
17267,-1,0
17268,81986,1
17269,90606,0
17270,62131,-1
17271,7346,0
17272,22017,0
17273,33950,1
17274,29241,0
17275,77392,0
17276,78686,0
17277,24191,-1
17278,79856,1
17279,6380,0
17280,46063,-1
17281,18156,1
17282,8901,1
17283,84666,0
17284,48749,-1
17285,61930,1
17286,49825,0
17287,58056,0
17288,29961,-1
17289,64723,1
17290,68063,-1
17291,2749,0
17292,21383,1
17293,36188,0
17294,10435,-1
17295,43709,-1
17296,96546,-1
17297,57227,-1
17298,-1,0
17299,82479,0
17300,13560,0
17301,10556,0
17302,32299,1
17303,79947,0
17304,28861,0
17305,68957,1
17306,15704,0
17307,30891,0
17308,-1,0
17309,93888,0
17310,44058,1
17311,97950,0
17312,-1,0
17313,56518,1
17314,71462,0
17315,43061,0
17316,53914,-1
17317,-1,0
17318,77000,1
17319,99991,1
17320,27470,0
17321,20895,0
17322,31852,-1
17323,40770,1
17324,35409,1
17325,78179,0
17326,252,0
17327,68863,-1
17328,66350,0
17329,16977,-1
17330,34997,-1
17331,-1,0
17332,26616,0
17333,33536,1
17334,90319,0
17335,-1,0
17336,7383,-1
17337,10131,0
17338,-1,0
17339,-1,0
17340,-1,0
17341,93958,0
17342,43447,1
17343,94649,0
17344,87094,1
17345,81869,-1
17346,-1,0
17347,11293,0
17348,76908,-1
17349,64487,0
17350,35419,0
17351,74835,1
17352,43481,1
17353,23397,0
17354,38671,0
17355,59727,0
17356,20591,0
17357,-1,0
17358,37628,0
17359,16354,1
17360,-1,0
17361,98675,0
17362,97580,0
17363,-1,0
17364,46749,0
17365,20724,-1
17366,67353,0
17367,7793,-1
17368,26257,0
17369,95001,0
17370,46820,0
17371,60729,-1
17372,59895,0
17373,19577,0
17374,-1,0
17375,89429,0
17376,82958,-1
17377,45298,0
17378,3597,1
17379,-1,0
17380,-1,0
17381,-1,0
17382,36628,0
17383,10911,-1
17384,69862,-1
17385,25878,0
17386,77636,0
17387,-1,0
17388,8740,1
17389,-1,0
17390,10267,1
17391,-1,0
17392,-1,0
17393,38574,0
17394,87311,1
17395,-1,0
17396,32707,0
17397,-1,0
17398,61230,-1
17399,-1,0
17400,79476,0
17401,62297,1
17402,14809,-1
17403,78705,0
17404,50552,0
17405,-1,0
17406,63088,1
17407,22856,1
17408,42579,0
17409,21076,0
17410,24474,0
17411,9821,1
17412,32592,0
17413,-1,0
17414,7977,1
17415,95064,0
17416,48126,0
17417,28061,-1
17418,-1,0
17419,7327,0
17420,67476,1
17421,32174,-1
17422,57217,0
17423,47398,0
17424,85125,-1
17425,51584,0
17426,-1,0
17427,89457,0
17428,47196,1
17429,81511,0
17430,96682,0
17431,23486,0
17432,69784,-1
17433,53252,0
17434,71694,0
17435,69604,1
17436,-1,0
17437,-1,0
17438,-1,0
17439,80281,1
17440,31667,0
17441,11014,0
17442,81344,1
17443,45451,0
17444,90729,0
17445,66626,0
17446,34401,0
17447,90127,1
17448,53652,0
17449,73742,-1
17450,82281,-1
17451,69239,-1
17452,61378,0
17453,92858,1
17454,-1,0
17455,53235,-1
17456,-1,0
17457,38885,0
17458,39957,0
17459,86647,0
17460,57659,-1
17461,48596,0
17462,99024,0
17463,68020,0
17464,82764,0
17465,-1,0
17466,58843,-1
17467,13738,1
17468,-1,0
17469,8006,0
17470,59658,-1
17471,64419,-1
17472,13923,-1
17473,14161,-1
17474,69725,-1
17475,13377,0
17476,88456,0
17477,91827,0
17478,84693,1
17479,47265,1
17480,21477,1
17481,35649,0
17482,93252,1
17483,71304,0
17484,46239,0
17485,86382,0
17486,59107,-1
17487,60858,0
17488,62738,0
17489,74652,0
17490,-1,0
17491,12193,0
17492,-1,0
17493,56466,-1
17494,-1,0
17495,-1,0
17496,75771,1
17497,8293,0
17498,81624,-1
17499,-1,0
17500,1103,0
17501,56807,0
17502,8249,0
17503,-1,0
17504,37740,0
17505,78558,0
17506,18327,0
17507,-1,0
17508,88957,0
17509,11167,0
17510,60182,0
17511,2668,1
17512,9422,-1
17513,21983,0
17514,8430,1
17515,3149,0
17516,89352,0
17517,90928,1
17518,682,1
17519,52725,0
17520,15843,0
17521,6263,0
17522,-1,0
17523,-1,0
17524,11685,0
17525,96133,-1
17526,29994,-1
17527,13985,0
17528,35038,0
17529,41941,-1
17530,9957,-1
17531,91162,-1
17532,82822,0
17533,70816,0
17534,89630,-1
17535,12528,0
17536,14388,0
17537,63901,0
17538,27585,-1
17539,-1,0
17540,56507,0
17541,94206,-1
17542,52705,0
17543,4586,1
17544,84112,0
17545,4732,0
17546,54125,0
17547,3410,0
17548,-1,0
17549,-1,0
17550,72004,0
17551,-1,0
17552,81037,-1
17553,72717,-1
17554,17408,1
17555,36570,1
17556,76316,-1
17557,10060,0
17558,97824,1
17559,-1,0
17560,88629,0
17561,91136,-1
17562,20225,0
17563,53401,0
17564,86056,-1
17565,39077,0
17566,66296,1
17567,18407,0
17568,47230,-1
17569,-1,0
17570,22934,0
17571,41987,0
17572,70273,1
17573,71043,1
17574,2956,-1
17575,98084,0
17576,-1,0
17577,-1,0
17578,94324,1
17579,61160,1
17580,11220,0
17581,-1,0
17582,43343,0
17583,-1,0
17584,34420,-1
17585,51189,0
17586,22469,-1
17587,98653,0
17588,11080,0
17589,-1,0
17590,-1,0
17591,7179,0
17592,90742,0
17593,18497,0
17594,60317,0
17595,35494,-1
17596,22710,0
17597,9870,0
17598,96794,0
17599,95604,0
17600,15228,0
17601,71922,0
17602,38735,1
17603,53442,1
17604,1220,0
17605,17377,0
17606,36527,0
17607,31465,0
17608,-1,0
17609,35914,-1
17610,-1,0
17611,91567,-1
17612,28839,0
17613,28980,-1
17614,68691,0
17615,34121,1
17616,69874,0
17617,59351,1
17618,81048,0
17619,14232,-1
17620,79077,0
17621,8879,1
17622,89947,0
17623,78167,-1
17624,17408,0
17625,75630,1
17626,67845,0
17627,11825,0
17628,58682,-1
17629,-1,0
17630,736,0
17631,34099,0
17632,65351,0
17633,35215,0
17634,47292,0
17635,95190,0
17636,30110,0
17637,80807,0
17638,68219,1
17639,30393,0
17640,96477,0
17641,83157,0
17642,35014,-1
17643,25656,1
17644,50810,-1
17645,-1,0
17646,30467,0
17647,77250,1
17648,4023,0
17649,48166,0
17650,79422,1
17651,8312,1
17652,18,0
17653,17156,1
17654,-1,0
17655,60339,0
17656,-1,0
17657,46482,-1
17658,23384,0
17659,48471,1
17660,-1,0
17661,-1,0
17662,71751,1
17663,89525,-1
17664,74133,-1
17665,65043,-1
17666,49876,0
17667,-1,0
17668,95343,0
17669,76291,-1
17670,-1,0
17671,10430,0
17672,28292,0
17673,18822,-1
17674,16336,-1
17675,-1,0
17676,40518,-1
17677,56607,1
17678,87239,1
17679,70492,0
17680,-1,0
17681,7497,0
17682,91131,0
17683,83681,1
17684,-1,0
17685,22487,-1
17686,82472,-1
17687,20454,1
17688,-1,0
17689,51976,0
17690,59521,0
17691,47047,0
17692,95853,0
17693,1004,-1
17694,90973,1
17695,89619,1
17696,55470,0
17697,47875,0
17698,23561,0
17699,69894,1
17700,44498,-1
17701,5256,-1
17702,31368,0
17703,98172,-1
17704,-1,0
17705,27898,1
17706,42455,0
17707,12092,1
17708,60412,0
17709,27101,0
17710,-1,0
17711,-1,0
17712,33247,0
17713,92976,0
17714,84326,1
17715,60587,0
17716,31423,1
17717,64135,-1
17718,33036,0
17719,92070,-1
17720,35828,0
17721,98985,0
17722,54374,1
17723,79318,0
17724,58567,0
17725,80529,0
17726,51458,0
17727,98276,1
17728,51236,0
17729,51695,0
17730,66277,-1
17731,50629,0
17732,44672,0
17733,31452,0
17734,59827,-1
17735,66452,0
17736,36957,-1
17737,51992,-1
17738,92179,0
17739,51706,-1
17740,35480,0
17741,33808,1
17742,4237,0
17743,49108,0
17744,59328,1
17745,84980,0
17746,83926,0
17747,34191,0
17748,54244,0
17749,19846,-1
17750,92902,0
17751,30219,0
17752,82694,0
17753,9486,0
17754,97440,0
17755,28554,0
17756,29441,-1
17757,95820,0
17758,26499,1
17759,-1,0
17760,15595,1
17761,46243,-1
17762,41004,1
17763,-1,0
17764,-1,0
17765,28189,0
17766,34175,1
17767,-1,0
17768,7328,-1
17769,79439,1
17770,98982,-1
17771,88336,1
17772,99223,0
17773,-1,0
17774,52344,1
17775,60044,0
17776,43805,-1
17777,41908,0
17778,208,0
17779,79915,0
17780,29320,0
17781,12931,1
17782,2140,1
17783,68754,0
17784,22813,1
17785,36826,0
17786,69723,1
17787,87807,1
17788,66046,-1
17789,-1,0
17790,44664,1
17791,35720,-1
17792,-1,0
17793,89337,0
17794,30915,-1
17795,-1,0
17796,71117,0
17797,31607,1
17798,98926,-1
17799,-1,0
17800,58544,0
17801,-1,0
17802,-1,0
17803,98664,1
17804,62011,1
17805,34510,0
17806,15626,0
17807,38786,-1
17808,936,0
17809,-1,0
17810,-1,0
17811,69818,0
17812,67009,0
17813,15317,-1
17814,46174,-1
17815,98661,0
17816,70686,-1
17817,89011,-1
17818,68412,0
17819,66622,0
17820,73799,0
17821,76786,1
17822,28977,0
17823,-1,0
17824,50926,0
17825,91627,1
17826,-1,0
17827,-1,0
17828,61085,0
17829,64086,0
17830,42927,0
17831,31182,0
17832,98958,-1
17833,22609,-1
17834,66006,1
17835,32022,0
17836,31889,0
17837,94329,0
17838,42753,-1
17839,97709,0
17840,-1,0
17841,91742,-1
17842,64724,-1
17843,75289,0
17844,54041,0
17845,-1,0
17846,96212,1
17847,67009,-1
17848,30134,-1
17849,73085,-1
17850,-1,0
17851,50026,0
17852,82435,0
17853,92925,0
17854,93002,-1
17855,-1,0
17856,12751,-1
17857,-1,0
17858,52011,0
17859,61000,0
17860,45521,1
17861,-1,0
17862,13849,-1
17863,-1,0
17864,50638,-1
17865,-1,0
17866,96889,0
17867,-1,0
17868,-1,0
17869,-1,0
17870,24887,0
17871,60840,1
17872,81817,1
17873,65265,-1
17874,73742,0
17875,95481,1
17876,41010,0
17877,32282,0
17878,1599,-1
17879,92858,0
17880,15633,0
17881,59156,-1
17882,-1,0
17883,88186,0
17884,72721,0
17885,95763,1
17886,37294,0
17887,26721,0
17888,22553,0
17889,5674,0
17890,28443,1
17891,5504,0
17892,71262,-1
17893,-1,0
17894,-1,0
17895,11739,1
17896,31055,-1
17897,82570,0
17898,79502,0
17899,15699,-1
17900,19322,0
17901,30252,0
17902,92775,1
17903,32147,0
17904,33817,0
17905,49128,-1
17906,39726,-1
17907,65210,-1
17908,32952,0
17909,15814,0
17910,93110,1
17911,-1,0
17912,86334,0
17913,-1,0
17914,46397,0
17915,40311,0
17916,61389,0
17917,90065,-1
17918,35835,0
17919,87091,1
17920,-1,0
17921,70120,0
17922,30975,1
17923,-1,0
17924,-1,0
17925,79724,0
17926,8838,0
17927,86013,1
17928,9146,0
17929,16581,1
17930,71071,-1
17931,56648,1
17932,93890,0
17933,48781,1
17934,76328,-1
17935,-1,0
17936,32523,1
17937,27678,0
17938,62101,0
17939,21000,0
17940,17763,0
17941,-1,0
17942,96385,0
17943,27746,0
17944,41106,0
17945,25935,0
17946,38064,0
17947,46052,0
17948,62176,-1
17949,94298,1
17950,7219,0
17951,25277,0
17952,59743,-1
17953,36449,1
17954,99360,1
17955,2693,1
17956,-1,0
17957,74824,0
17958,67330,1
17959,23500,0
17960,43727,0
17961,121,-1
17962,67769,0
17963,53068,-1
17964,65016,0
17965,17939,-1
17966,65208,-1
17967,-1,0
17968,-1,0
17969,9612,-1
17970,-1,0
17971,38859,0
17972,92191,0
17973,26286,0
17974,5910,0
17975,80471,-1
17976,91903,1
17977,40672,-1
17978,-1,0
17979,4094,-1
17980,42049,1
17981,77159,0
17982,89327,0
17983,57023,0
17984,66716,1
17985,60757,-1
17986,82848,0
17987,-1,0
17988,65107,-1
17989,6042,-1
17990,63880,0
17991,28906,1
17992,2601,-1
17993,-1,0
17994,-1,0
17995,73193,0
17996,74846,1
17997,97866,-1
17998,53293,0
17999,-1,0
18000,82385,0
18001,80582,0
18002,58021,1
18003,24141,1
18004,-1,0
18005,34822,0
18006,93712,0
18007,51140,1
18008,92474,1
18009,83712,0
18010,92961,0
18011,-1,0
18012,55117,1
18013,56453,-1
18014,92259,0
18015,75455,-1
18016,1752,0
18017,-1,0
18018,95264,0
18019,-1,0
18020,27220,-1
18021,84971,1
18022,14041,1
18023,60673,0
18024,-1,0
18025,13383,-1
18026,40200,0
18027,25060,1
18028,90311,1
18029,86958,0
18030,15995,1
18031,59652,1
18032,1399,1
18033,27759,1
18034,48778,1
18035,-1,0
18036,52463,0
18037,-1,0
18038,-1,0
18039,8857,0
18040,83144,0
18041,8505,-1
18042,6279,1
18043,91932,1
18044,22894,0
18045,17359,1
18046,66207,0
18047,-1,0
18048,-1,0
18049,18379,0
18050,42816,-1
18051,-1,0
18052,84522,-1
18053,82951,-1
18054,-1,0
18055,55895,0
18056,-1,0
18057,91754,0
18058,16013,-1
18059,76601,1
18060,43846,0
18061,75495,0
18062,80375,0
18063,17465,0
18064,45774,0
18065,-1,0
18066,28324,0
18067,-1,0
18068,48853,0
18069,-1,0
18070,13407,1
18071,52,0
18072,70826,-1
18073,-1,0
18074,18177,-1
18075,28730,0
18076,88603,0
18077,31498,0
18078,29496,-1
18079,96904,1
18080,22433,1
18081,49191,1
18082,32418,1
18083,83061,0
18084,62463,0
18085,-1,0
18086,18926,1
18087,-1,0
18088,35203,-1
18089,59008,1
18090,74863,1
18091,49246,0
18092,25724,1
18093,39389,0
18094,91372,0
18095,27542,0
18096,96721,0
18097,48391,0
18098,57592,0
18099,17717,0
18100,89867,0
18101,52992,-1
18102,53330,0
18103,76250,0
18104,-1,0
18105,87791,-1
18106,-1,0
18107,43233,0
18108,37460,0
18109,32973,-1
18110,66983,0
18111,22982,1
18112,63847,-1
18113,46561,-1
18114,82040,-1
18115,98339,0
18116,48187,-1
18117,48245,0
18118,53566,0
18119,82308,0
18120,-1,0
18121,87418,1
18122,46814,0
18123,27114,1
18124,81432,1
18125,93115,0
18126,14600,0
18127,21713,0
18128,-1,0
18129,42919,0
18130,81506,0
18131,67936,0
18132,42797,1
18133,86876,0
18134,43474,1
18135,-1,0
18136,6382,-1
18137,74067,0
18138,48782,-1
18139,16059,-1
18140,91777,1
18141,17586,-1
18142,58573,0
18143,48939,1
18144,917,0
18145,80897,0
18146,9640,0
18147,6202,0
18148,88338,1
18149,-1,0
18150,15356,1
18151,75311,0
18152,5260,0
18153,33879,-1
18154,19546,0
18155,24406,0
18156,68571,0
18157,33260,0
18158,5402,-1
18159,51894,-1
18160,12180,1
18161,83237,0
18162,44522,0
18163,62499,0
18164,42611,0
18165,14590,0
18166,70071,0
18167,15517,0
18168,-1,0
18169,6518,0
18170,87521,0
18171,39963,0
18172,57190,-1
18173,69770,-1
18174,54144,0
18175,-1,0
18176,51537,0
18177,-1,0
18178,41834,0
18179,98290,1
18180,16190,0
18181,30828,1
18182,90711,0
18183,83729,1
18184,19813,1
18185,-1,0
18186,84477,1
18187,80541,1
18188,-1,0
18189,87786,1
18190,79588,0
18191,44588,1
18192,56327,0
18193,-1,0
18194,41866,0
18195,76609,-1
18196,41525,0
18197,-1,0
18198,87133,-1
18199,28571,0
18200,995,1
18201,7433,0
18202,4287,-1
18203,-1,0
18204,59692,-1
18205,-1,0
18206,93424,-1
18207,78189,0
18208,-1,0
18209,19944,0
18210,66027,0
18211,40051,1
18212,-1,0
18213,62422,1
18214,85388,0
18215,-1,0
18216,-1,0
18217,-1,0
18218,90559,0
18219,41624,1
18220,80638,0
18221,29367,0
18222,-1,0
18223,20818,1
18224,2459,-1
18225,-1,0
18226,57457,0
18227,-1,0
18228,47503,1
18229,-1,0
18230,61014,0
18231,9467,0
18232,61773,0
18233,88498,0
18234,14163,0
18235,24969,0
18236,47957,1
18237,2514,0
18238,91517,-1
18239,38380,1
18240,-1,0
18241,92455,-1
18242,-1,0
18243,-1,0
18244,-1,0
18245,97599,1
18246,355,0
18247,-1,0
18248,24981,0
18249,62491,0
18250,61744,0
18251,20391,0
18252,84418,0
18253,50510,-1
18254,98420,-1
18255,9568,0
18256,92755,0
18257,-1,0
18258,38042,1
18259,33027,0
18260,91952,-1
18261,72494,-1
18262,29566,0
18263,69772,0
18264,69663,0
18265,56423,-1
18266,-1,0
18267,22528,-1
18268,-1,0
18269,42882,-1
18270,-1,0
18271,13732,0
18272,51972,-1
18273,38775,-1
18274,74096,-1
18275,36400,0
18276,30682,-1
18277,98011,1
18278,58840,1
18279,35032,0
18280,39635,-1
18281,-1,0
18282,58150,-1
18283,-1,0
18284,72981,0
18285,43216,0
18286,62653,-1
18287,74007,1
18288,89329,1
18289,47372,1
18290,1359,-1
18291,-1,0
18292,30857,0
18293,73836,0
18294,849,-1
18295,-1,0
18296,-1,0
18297,90306,1
18298,-1,0
18299,88697,-1
18300,-1,0
18301,62347,0
18302,-1,0
18303,49901,0
18304,68345,0
18305,41887,1
18306,56221,-1
18307,38680,0
18308,51071,-1
18309,-1,0
18310,86818,0
18311,42717,0
18312,91964,0
18313,48700,0
18314,92679,0
18315,95448,0
18316,-1,0
18317,19064,-1
18318,59276,0
18319,43268,0
18320,66968,0
18321,28289,1
18322,70239,1
18323,41585,1
18324,67490,0
18325,49406,1
18326,12157,1
18327,68801,0
18328,-1,0
18329,58588,0
18330,51005,1
18331,67806,-1
18332,69920,1
18333,75967,1
18334,63755,0
18335,67185,0
18336,-1,0
18337,53335,0
18338,22806,0
18339,97705,-1
18340,81784,1
18341,81526,0
18342,37949,1
18343,-1,0
18344,35641,0
18345,-1,0
18346,28909,0
18347,28129,1
18348,70936,-1
18349,82219,0
18350,9862,-1
18351,87478,1
18352,37619,0
18353,65061,-1
18354,40295,1
18355,64869,1
18356,-1,0
18357,44437,-1
18358,63172,0
18359,10551,1
18360,77222,-1
18361,19466,1
18362,93742,0
18363,-1,0
18364,-1,0
18365,75930,0
18366,4067,0
18367,15208,1
18368,14329,0
18369,87668,0
18370,-1,0
18371,28083,0
18372,83752,0
18373,22272,1
18374,56833,-1
18375,98578,0
18376,88752,0
18377,-1,0
18378,21061,0
18379,-1,0
18380,61835,0
18381,77034,0
18382,58290,0
18383,7420,-1
18384,46484,0
18385,85277,0
18386,94620,1
18387,62249,0
18388,-1,0
18389,56028,-1
18390,45380,1
18391,69071,0
18392,43934,0
18393,-1,0
18394,48975,0
18395,22936,0
18396,46456,-1
18397,-1,0
18398,25687,-1
18399,11107,0
18400,58333,0
18401,848,1
18402,49522,0
18403,81849,0
18404,54695,-1
18405,17254,1
18406,48092,0
18407,-1,0
18408,77590,1
18409,91720,0
18410,49519,0
18411,80919,0
18412,79439,0
18413,8926,-1
18414,6708,0
18415,55544,0
18416,89865,-1
18417,-1,0
18418,74140,-1
18419,41122,0
18420,67490,-1
18421,75007,0
18422,49572,-1
18423,90084,-1
18424,43342,0
18425,68333,0
18426,29632,0
18427,-1,0
18428,42758,-1
18429,7637,1
18430,19226,0
18431,65450,1
18432,25663,0
18433,34380,-1
18434,69470,0
18435,-1,0
18436,60868,0
18437,-1,0
18438,72515,-1
18439,47609,0
18440,99408,0
18441,75641,1
18442,80872,0
18443,59530,0
18444,65349,0
18445,35417,1
18446,-1,0
18447,3202,-1
18448,-1,0
18449,15219,0
18450,30255,-1
18451,52029,0
18452,84378,0
18453,-1,0
18454,95633,0
18455,3346,1
18456,-1,0
18457,-1,0
18458,22544,-1
18459,12901,0
18460,51942,-1
18461,71738,0
18462,54633,0
18463,54731,1
18464,99434,-1
18465,50495,0
18466,71202,1
18467,63171,0
18468,16351,1
18469,-1,0
18470,44720,1
18471,79908,0
18472,73683,-1
18473,25835,0
18474,35889,-1
18475,72596,-1
18476,63994,0
18477,75579,-1
18478,76470,1
18479,60498,-1
18480,85340,0
18481,44884,-1
18482,83357,0
18483,94093,0
18484,10198,0
18485,92668,1
18486,27662,1
18487,21565,0
18488,73250,0
18489,24812,-1
18490,23862,0
18491,30002,1
18492,15290,-1
18493,79743,0
18494,85932,0
18495,64298,1
18496,73103,0
18497,21462,0
18498,5919,0
18499,50102,0
18500,56230,-1
18501,-1,0
18502,19709,0
18503,75196,0
18504,41938,0
18505,24560,1
18506,88831,1
18507,-1,0
18508,-1,0
18509,57329,0
18510,5664,0
18511,63876,0
18512,3255,0
18513,87693,0
18514,-1,0
18515,73425,0
18516,30217,0
18517,22162,-1
18518,49190,0
18519,52427,1
18520,23249,1
18521,77213,0
18522,-1,0
18523,-1,0
18524,35251,0
18525,83704,0
18526,30867,0
18527,68538,0
18528,95418,-1
18529,44869,0
18530,11262,-1
18531,69904,0
18532,1622,0
18533,29967,0
18534,99109,-1
18535,96593,1
18536,72582,0
18537,60768,1
18538,87949,1
18539,21444,0
18540,88101,0
18541,19658,-1
18542,49138,0
18543,64824,-1
18544,43456,0
18545,37110,0
18546,86658,0
18547,93731,1
18548,39274,1
18549,71107,0
18550,-1,0
18551,39784,-1
18552,-1,0
18553,89594,1
18554,-1,0
18555,57913,0
18556,-1,0
18557,20248,0
18558,58987,0
18559,97514,0
18560,22256,0
18561,32035,0
18562,47586,0
18563,-1,0
18564,11757,0
18565,94375,1
18566,77051,1
18567,42443,1
18568,44206,-1
18569,79272,0
18570,82115,-1
18571,-1,0
18572,27879,0
18573,89040,1
18574,90359,1
18575,96854,1
18576,35840,0
18577,16706,-1
18578,97495,0
18579,53335,1
18580,59835,-1
18581,-1,0
18582,83496,0
18583,14766,1
18584,57432,0
18585,66445,1
18586,57881,-1
18587,57246,0
18588,50909,1
18589,85027,0
18590,-1,0
18591,8157,1
18592,95511,0
18593,85971,1
18594,65420,0
18595,99922,-1
18596,8132,0
18597,49851,0
18598,48373,-1
18599,97725,0
18600,24406,1
18601,72957,-1
18602,89250,0
18603,92721,-1
18604,55472,-1
18605,81431,1
18606,72109,0
18607,11910,0
18608,18248,0
18609,36665,0
18610,30075,1
18611,82870,-1
18612,28372,-1
18613,87205,-1
18614,58490,-1
18615,33780,0
18616,83338,1
18617,27608,1
18618,7501,1
18619,88828,-1
18620,56054,1
18621,16533,-1
18622,-1,0
18623,-1,0
18624,41059,0
18625,35257,-1
18626,5703,-1
18627,-1,0
18628,98610,0
18629,91363,0
18630,81450,0
18631,69667,0
18632,22320,0
18633,13741,0
18634,-1,0
18635,33352,0
18636,41247,0
18637,-1,0
18638,15557,-1
18639,3822,0
18640,50155,-1
18641,27660,-1
18642,71167,0
18643,94822,-1
18644,-1,0
18645,63588,0
18646,-1,0
18647,67380,0
18648,47137,1
18649,-1,0
18650,16466,-1
18651,-1,0
18652,22578,-1
18653,72057,-1
18654,24206,1
18655,43024,-1
18656,60818,1
18657,-1,0
18658,57425,0
18659,31411,-1
18660,76131,-1
18661,99727,1
18662,28690,0
18663,40523,0
18664,92407,-1
18665,-1,0
18666,78090,0
18667,-1,0
18668,58050,0
18669,32598,0
18670,4570,1
18671,42669,0
18672,41423,-1
18673,18307,0
18674,18327,1
18675,76762,0
18676,20484,1
18677,-1,0
18678,90789,0
18679,82548,1
18680,65986,0
18681,17222,0
18682,56622,0
18683,43690,-1
18684,35702,0
18685,37187,0
18686,35618,-1
18687,68790,0
18688,92952,0
18689,97500,0
18690,35657,1
18691,47597,-1
18692,40150,0
18693,80656,0
18694,34617,0
18695,61860,0
18696,70495,1
18697,72871,-1
18698,84553,-1
18699,29076,1
18700,9024,0
18701,95533,-1
18702,68943,0
18703,47047,-1
18704,-1,0
18705,96141,-1
18706,89275,0
18707,68462,1
18708,71022,-1
18709,-1,0
18710,86124,-1
18711,48706,0
18712,7646,-1
18713,59401,1
18714,-1,0
18715,84284,0
18716,-1,0
18717,28273,-1
18718,-1,0
18719,19046,1
18720,-1,0
18721,87349,1
18722,86137,0
18723,37539,1
18724,13848,1
18725,15253,1
18726,77414,0
18727,-1,0
18728,36747,0
18729,23454,1
18730,12828,-1
18731,-1,0
18732,12169,0
18733,27835,1
18734,72284,0
18735,466,1
18736,97333,0
18737,85504,0
18738,60890,1
18739,41891,0
18740,23009,-1
18741,36069,0
18742,90524,1
18743,99213,0
18744,48133,0
18745,61033,0
18746,48336,0
18747,82212,-1
18748,17102,1
18749,95022,1
18750,62134,0
18751,29840,1
18752,55295,1
18753,-1,0
18754,9555,1
18755,98577,-1
18756,53412,-1
18757,76158,1
18758,6584,0
18759,60350,1
18760,80793,-1
18761,90516,-1
18762,67432,0
18763,2695,1
18764,22404,0
18765,16049,-1
18766,95298,1
18767,-1,0
18768,-1,0
18769,88643,0
18770,9902,0
18771,10108,0
18772,42985,0
18773,25371,0
18774,30174,1
18775,26070,-1
18776,-1,0
18777,56421,-1
18778,-1,0
18779,14507,0
18780,41007,-1
18781,821,1
18782,90139,-1
18783,64732,1
18784,-1,0
18785,29724,-1
18786,44094,1
18787,-1,0
18788,49845,-1
18789,30465,-1
18790,31144,-1
18791,23017,0
18792,44188,-1
18793,79866,-1
18794,22732,0
18795,49902,0
18796,25997,-1
18797,94722,1
18798,73235,-1
18799,77932,-1
18800,34179,0
18801,40990,1
18802,94955,-1
18803,8808,-1
18804,62501,0
18805,94220,0
18806,82022,1
18807,97119,0
18808,54453,-1
18809,-1,0
18810,81823,0
18811,96352,-1
18812,-1,0
18813,15,0
18814,66178,0
18815,44356,1
18816,74984,0
18817,-1,0
18818,17055,0
18819,12971,0
18820,-1,0
18821,55693,0
18822,42957,0
18823,70751,0
18824,76711,1
18825,77381,0
18826,1402,-1
18827,42665,1
18828,62447,0
18829,1630,1
18830,36179,1
18831,63914,0
18832,62926,0
18833,42346,0
18834,59793,0
18835,88587,0
18836,-1,0
18837,78831,0
18838,92334,0
18839,28449,-1
18840,47163,0
18841,55850,0
18842,39356,-1
18843,-1,0
18844,82267,1
18845,44991,0
18846,39690,1
18847,95995,0
18848,9634,0
18849,83663,1
18850,94647,0
18851,66283,-1
18852,20278,-1
18853,31723,1
18854,30604,0
18855,51031,0
18856,626,0
18857,84596,-1
18858,-1,0
18859,18466,0
18860,-1,0
18861,33140,0
18862,25423,0
18863,-1,0
18864,-1,0
18865,92002,0
18866,-1,0
18867,40337,-1
18868,94291,0
18869,45889,1
18870,59390,0
18871,50007,-1
18872,90660,0
18873,48728,-1
18874,90990,0
18875,-1,0
18876,54759,-1
18877,35472,1
18878,18702,1
18879,40404,-1
18880,12831,0
18881,85905,-1
18882,34708,0
18883,87246,0
18884,71582,0
18885,22042,0
18886,32177,0
18887,-1,0
18888,75200,-1
18889,-1,0
18890,3819,0
18891,66108,0
18892,62144,-1
18893,59841,-1
18894,65296,0
18895,95858,0
18896,77304,1
18897,89464,0
18898,-1,0
18899,-1,0
18900,-1,0
18901,24473,-1
18902,14894,0
18903,-1,0
18904,-1,0
18905,19023,-1
18906,76373,1
18907,21785,0
18908,27954,0
18909,99374,-1
18910,44953,0
18911,33908,0
18912,52055,0
18913,79496,-1
18914,93485,0
18915,97542,0
18916,96405,-1
18917,84070,-1
18918,78923,0
18919,68262,-1
18920,13806,0
18921,21232,0
18922,41093,1
18923,96043,0
18924,99395,1
18925,-1,0
18926,38510,0
18927,72607,1
18928,79257,-1
18929,30652,-1
18930,67964,0
18931,-1,0
18932,64605,0
18933,43935,1
18934,84496,0
18935,39035,1
18936,61311,0
18937,16119,1
18938,89379,0
18939,24928,0
18940,73676,1
18941,100013,-1
18942,-1,0
18943,61385,0
18944,-1,0
18945,19670,0
18946,65354,0
18947,56492,0
18948,23303,1
18949,42157,0
18950,38601,-1
18951,44112,-1
18952,-1,0
18953,15870,1
18954,35019,1
18955,58948,-1
18956,73276,0
18957,95237,0
18958,31772,1
18959,76772,1
18960,-1,0
18961,59565,1
18962,78599,0
18963,76556,0
18964,86179,1
18965,25881,1
18966,-1,0
18967,40577,-1
18968,83176,-1
18969,50774,0
18970,18282,1
18971,2623,1
18972,92910,0
18973,99111,-1
18974,-1,0
18975,78056,1
18976,67041,1
18977,1758,0
18978,-1,0
18979,4649,0
18980,-1,0
18981,67207,-1
18982,5458,0
18983,88945,0
18984,71204,0
18985,91715,1
18986,32110,-1
18987,87493,0
18988,20967,0
18989,92972,0
18990,93924,0
18991,52196,0
18992,81483,0
18993,55821,1
18994,16095,1
18995,31437,-1
18996,24141,0
18997,-1,0
18998,10231,0
18999,85738,-1
19000,7738,-1
19001,56277,1
19002,-1,0
19003,42461,0
19004,-1,0
19005,-1,0
19006,63934,0
19007,58136,1
19008,-1,0
19009,82017,-1
19010,87226,0
19011,68848,-1
19012,20581,0
19013,80454,-1
19014,49865,0
19015,22497,0
19016,26852,0
19017,44438,1
19018,74301,-1
19019,61414,-1
19020,23309,0
19021,70362,0
19022,-1,0
19023,-1,0
19024,95195,0
19025,75484,-1
19026,68337,0
19027,-1,0
19028,61025,-1
19029,99212,0
19030,23006,0
19031,-1,0
19032,85689,1
19033,39434,0
19034,57918,0
19035,52470,0
19036,30818,0
19037,66222,0
19038,82570,-1
19039,48119,-1
19040,-1,0
19041,40792,1
19042,-1,0
19043,26556,0
19044,61333,-1
19045,47640,0
19046,53022,0
19047,74549,0
19048,-1,0
19049,28365,-1
19050,62697,0
19051,-1,0
19052,-1,0
19053,-1,0
19054,59273,0
19055,81749,0
19056,69606,1
19057,-1,0
19058,-1,0
19059,17798,1
19060,6988,-1
19061,271,0
19062,75483,0
19063,4507,0
19064,96017,-1
19065,91608,-1
19066,96575,1
19067,87991,0
19068,45088,0
19069,95786,-1
19070,-1,0
19071,14913,-1
19072,69716,-1
19073,54618,0
19074,23500,1
19075,47279,1
19076,38152,0
19077,3219,0
19078,17834,1
19079,17145,0
19080,32028,0
19081,20366,-1
19082,83784,0
19083,4448,0
19084,6340,0
19085,95068,0
19086,2429,1
19087,18757,0
19088,6740,1
19089,88808,-1
19090,9119,0
19091,52975,0
19092,46514,0
19093,-1,0
19094,-1,0
19095,-1,0
19096,36698,0
19097,-1,0
19098,56087,0
19099,-1,0
19100,69823,0
19101,-1,0
19102,16921,0
19103,-1,0
19104,60591,0
19105,-1,0
19106,-1,0
19107,-1,0
19108,40682,0
19109,20906,0
19110,23991,1
19111,18784,0
19112,82588,0
19113,47033,1
19114,26363,0
19115,39088,0
19116,87581,-1
19117,34887,0
19118,38461,0
19119,-1,0
19120,15760,0
19121,5880,-1
19122,-1,0
19123,43594,1
19124,11623,1
19125,11763,-1
19126,62535,-1
19127,82374,0
19128,47345,0
19129,68020,1
19130,94497,1
19131,74691,0
19132,99923,0
19133,24396,0
19134,34519,0
19135,96214,0
19136,74935,0
19137,76863,0
19138,31989,0
19139,66767,0
19140,89324,0
19141,10169,-1
19142,-1,0
19143,26560,-1
19144,-1,0
19145,54678,0
19146,12635,0
19147,30354,0
19148,67403,0
19149,9679,0
19150,49600,1
19151,65290,0
19152,57482,0
19153,14840,1
19154,-1,0
19155,63051,-1
19156,30956,0
19157,78088,-1
19158,77721,1
19159,49854,0
19160,95978,0
19161,27032,-1
19162,30291,0
19163,96429,0
19164,99281,1
19165,7673,0
19166,36181,-1
19167,-1,0
19168,83143,0
19169,31058,0
19170,4650,0
19171,78193,-1
19172,41082,0
19173,-1,0
19174,72049,0
19175,50850,-1
19176,15172,1
19177,42057,0
19178,72565,0
19179,48387,1
19180,59188,-1
19181,35661,1
19182,23548,0
19183,18864,0
19184,93010,0
19185,77303,0
19186,-1,0
19187,13184,1
19188,-1,0
19189,-1,0
19190,43171,0
19191,40336,0
19192,38610,1
19193,-1,0
19194,61580,-1
19195,26744,0
19196,2687,0
19197,88714,-1
19198,98201,-1
19199,7026,0
19200,62692,0
19201,76776,0
19202,68983,0
19203,20474,0
19204,23017,1
19205,5864,0
19206,20026,1
19207,30863,0
19208,78979,-1
19209,32365,0
19210,60587,-1
19211,99045,0
19212,57613,0
19213,-1,0
19214,74335,0
19215,83210,0
19216,39670,0
19217,90397,0
19218,68408,0
19219,14866,0
19220,78144,1
19221,14789,-1
19222,23989,-1
19223,64411,-1
19224,-1,0
19225,32195,1
19226,25696,-1
19227,16512,0
19228,63550,0
19229,35975,0
19230,18907,0
19231,25380,0
19232,39543,1
19233,15782,1
19234,63416,1
19235,55592,1
19236,88674,1
19237,-1,0
19238,20349,1
19239,88748,0
19240,12824,0
19241,76520,0
19242,90625,-1
19243,-1,0
19244,59648,-1
19245,23343,0
19246,39657,0
19247,70324,0
19248,61473,-1
19249,5041,1
19250,29133,1
19251,93588,-1
19252,38003,0
19253,78926,0
19254,60672,1
19255,-1,0
19256,-1,0
19257,4452,-1
19258,24103,1
19259,52038,1
19260,-1,0
19261,10885,-1
19262,17366,0
19263,72821,0
19264,51433,0
19265,-1,0
19266,-1,0
19267,75374,0
19268,51399,0
19269,20697,0
19270,17143,-1
19271,8526,0
19272,96218,0
19273,-1,0
19274,80776,-1
19275,67636,0
19276,-1,0
19277,73396,0
19278,52705,1
19279,82030,0
19280,-1,0
19281,22426,0
19282,-1,0
19283,31776,0
19284,21292,0
19285,98305,-1
19286,63243,-1
19287,98304,0
19288,88658,0
19289,87020,0
19290,41602,1
19291,9679,1
19292,72274,1
19293,-1,0
19294,3191,0
19295,62793,0
19296,8636,0
19297,-1,0
19298,-1,0
19299,64767,0
19300,-1,0
19301,57347,0
19302,1321,-1
19303,-1,0
19304,70885,-1
19305,23299,0
19306,93942,-1
19307,41517,0
19308,75374,-1
19309,83672,-1
19310,37666,1
19311,-1,0
19312,79489,0
19313,86439,0
19314,73051,0
19315,-1,0
19316,62061,1
19317,31179,0
19318,82474,0
19319,38761,0
19320,53899,0
19321,9789,-1
19322,25638,-1
19323,36261,-1
19324,41061,0
19325,74443,0
19326,15852,1
19327,19672,1
19328,32791,0
19329,45212,-1
19330,4439,0
19331,-1,0
19332,63244,0
19333,78964,0
19334,-1,0
19335,50124,-1
19336,42902,0
19337,39515,-1
19338,56821,0
19339,96774,-1
19340,45274,0
19341,75841,0
19342,76403,1
19343,72249,1
19344,-1,0
19345,78631,0
19346,58427,0
19347,3640,1
19348,50066,0
19349,18609,0
19350,58150,0
19351,47523,1
19352,34448,1
19353,6179,-1
19354,30267,1
19355,58999,0
19356,69560,-1
19357,84096,1
19358,-1,0
19359,65940,0
19360,18961,0
19361,82908,1
19362,7665,-1
19363,59324,1
19364,39057,1
19365,68064,-1
19366,-1,0
19367,2199,0
19368,35546,0
19369,26562,-1
19370,71613,1
19371,36983,0
19372,49,0
19373,7134,1
19374,26103,0
19375,63864,0
19376,-1,0
19377,35821,-1
19378,7533,-1
19379,95182,0
19380,41939,-1
19381,1601,0
19382,75060,1
19383,80399,0
19384,24362,-1
19385,86084,-1
19386,71079,0
19387,11601,0
19388,54520,1
19389,70570,-1
19390,86968,0
19391,75138,0
19392,-1,0
19393,-1,0
19394,44707,-1
19395,98830,-1
19396,97635,0
19397,72870,0
19398,76513,0
19399,-1,0
19400,60304,0
19401,21710,-1
19402,-1,0
19403,62452,0
19404,12833,0
19405,33164,1
19406,72587,-1
19407,49952,-1
19408,34388,0
19409,24981,-1
19410,51377,-1
19411,38993,1
19412,2175,0
19413,15840,0
19414,77487,1
19415,77767,-1
19416,63544,-1
19417,79199,-1
19418,27960,-1
19419,73651,1
19420,18560,1
19421,75095,1
19422,94932,1
19423,29900,0
19424,97138,1
19425,19486,0
19426,53872,-1
19427,63878,1
19428,90032,-1
19429,95603,-1
19430,21980,0
19431,-1,0
19432,37205,0
19433,88113,0
19434,31768,1
19435,26849,0
19436,41609,0
19437,18532,-1
19438,17885,1
19439,26607,1
19440,68158,-1
19441,-1,0
19442,80051,-1
19443,89583,0
19444,-1,0
19445,80222,0
19446,7547,0
19447,45969,-1
19448,55328,-1
19449,26834,0
19450,4351,-1
19451,32164,1
19452,99322,-1
19453,-1,0
19454,95359,0
19455,82724,-1
19456,11707,0
19457,85418,-1
19458,50695,0
19459,66171,-1
19460,8106,-1
19461,2927,0
19462,75107,0
19463,59776,1
19464,54796,0
19465,21068,-1
19466,25865,1
19467,15538,1
19468,31274,-1
19469,71830,1
19470,99998,1
19471,79646,0
19472,-1,0
19473,-1,0
19474,24757,0
19475,92200,0
19476,65326,-1
19477,89062,1
19478,-1,0
19479,78549,0
19480,21720,1
19481,6061,0
19482,84224,1
19483,31351,-1
19484,47026,0
19485,-1,0
19486,85982,0
19487,37975,0
19488,34495,-1
19489,44883,1
19490,71017,1
19491,26103,-1
19492,43093,0
19493,39299,0
19494,88280,-1
19495,63145,0
19496,35382,0
19497,90680,0
19498,74102,0
19499,-1,0
19500,28962,1
19501,77214,0
19502,8639,-1
19503,-1,0
19504,8872,0
19505,92338,-1
19506,27859,-1
19507,28667,-1
19508,33719,0
19509,52713,0
19510,-1,0
19511,-1,0
19512,69661,0
19513,602,1
19514,9502,0
19515,50480,0
19516,81263,-1
19517,-1,0
19518,35394,-1
19519,92189,1
19520,41080,0
19521,-1,0
19522,72857,0
19523,-1,0
19524,1609,1
19525,52929,-1
19526,74511,-1
19527,84889,1
19528,-1,0
19529,25893,1
19530,-1,0
19531,-1,0
19532,35713,1
19533,-1,0
19534,-1,0
19535,13391,0
19536,87589,1
19537,24870,1
19538,75541,0
19539,-1,0
19540,2508,0
19541,39789,0
19542,49352,-1
19543,-1,0
19544,-1,0
19545,77421,0
19546,86195,-1
19547,-1,0
19548,88575,0
19549,-1,0
19550,-1,0
19551,-1,0
19552,81353,1
19553,82321,0
19554,58922,-1
19555,-1,0
19556,59762,0
19557,97664,-1
19558,54556,1
19559,-1,0
19560,59439,0
19561,53799,1
19562,-1,0
19563,5547,-1
19564,30622,1
19565,71625,1
19566,15182,0
19567,13272,0
19568,-1,0
19569,90291,1
19570,-1,0
19571,62259,0
19572,14558,0
19573,95062,1
19574,53951,0
19575,15845,1
19576,38770,1
19577,48280,1
19578,29482,-1
19579,56982,-1
19580,-1,0
19581,26956,0
19582,35050,0
19583,-1,0
19584,35252,0
19585,3253,0
19586,32561,1
19587,22327,0
19588,-1,0
19589,97183,1
19590,94620,0
19591,-1,0
19592,-1,0
19593,58056,-1
19594,68226,0
19595,-1,0
19596,72385,-1
19597,92234,1
19598,45894,0
19599,78776,1
19600,71876,1
19601,-1,0
19602,57532,1
19603,8169,-1
19604,90921,1
19605,49648,-1
19606,62530,0
19607,46161,0
19608,-1,0
19609,90962,0
19610,91114,0
19611,92228,-1
19612,31369,0
19613,25824,1
19614,56846,0
19615,46821,-1
19616,18718,-1
19617,5811,1
19618,58755,0
19619,46106,0
19620,-1,0
19621,25428,0
19622,-1,0
19623,63900,1
19624,79439,1
19625,48082,-1
19626,69675,1
19627,-1,0
19628,63209,-1
19629,94145,0
19630,-1,0
19631,85535,1
19632,28621,0
19633,55967,0
19634,58353,0
19635,80309,-1
19636,6606,-1
19637,27697,0
19638,76539,0
19639,-1,0
19640,70611,1
19641,3429,1
19642,16814,1
19643,20845,1
19644,94553,-1
19645,32984,1
19646,33500,0
19647,89018,1
19648,22531,0
19649,35279,0
19650,87468,0
19651,18187,0
19652,31924,0
19653,45901,1
19654,18951,0
19655,77480,0
19656,82574,-1
19657,53852,0
19658,82958,0
19659,-1,0
19660,52552,0
19661,53444,0
19662,81916,-1
19663,-1,0
19664,74251,1
19665,62522,0
19666,70376,0
19667,98695,-1
19668,44918,1
19669,16412,0
19670,-1,0
19671,95728,0
19672,-1,0
19673,24248,0
19674,-1,0
19675,-1,0
19676,18901,-1
19677,66817,0
19678,79534,0
19679,58485,0
19680,54661,-1
19681,91691,0
19682,-1,0
19683,-1,0
19684,27888,0
19685,98152,0
19686,-1,0
19687,76735,-1
19688,54395,1
19689,84979,0
19690,48367,0
19691,52745,0
19692,22630,0
19693,86276,-1
19694,43419,0
19695,73271,1
19696,85106,0
19697,59830,-1
19698,3796,-1
19699,-1,0
19700,74640,-1
19701,53241,1
19702,12977,1
19703,8249,-1
19704,34533,0
19705,17433,0
19706,91011,0
19707,23605,0
19708,97587,1
19709,25225,0
19710,-1,0
19711,-1,0
19712,10353,0
19713,-1,0
19714,8883,1
19715,49363,-1
19716,93900,0
19717,56629,0
19718,59881,0
19719,79250,-1
19720,81325,-1
19721,81329,0
19722,61201,0
19723,43952,1
19724,40646,-1
19725,-1,0
19726,-1,0
19727,10987,1
19728,98691,0
19729,75214,0
19730,74680,1
19731,78111,0
19732,69756,0
19733,10032,-1
19734,69668,1
19735,39963,-1
19736,31421,1
19737,27719,1
19738,78902,1
19739,7884,1
19740,53644,0
19741,12542,-1
19742,-1,0
19743,-1,0
19744,14444,0
19745,64343,0
19746,-1,0
19747,41747,0
19748,34754,1
19749,97725,1
19750,61746,1
19751,47740,0
19752,-1,0
19753,61329,1
19754,76165,-1
19755,57075,0
19756,36869,1
19757,63517,1
19758,68395,0
19759,83531,-1
19760,85048,0
19761,2740,-1
19762,63988,-1
19763,1241,0
19764,8158,1
19765,-1,0
19766,98173,-1
19767,57157,0
19768,44214,0
19769,359,1
19770,-1,0
19771,44253,0
19772,61349,0
19773,81766,0
19774,76936,0
19775,53984,0
19776,-1,0
19777,74303,1
19778,19853,1
19779,39520,0
19780,83775,0
19781,-1,0
19782,25526,1
19783,86482,0
19784,82208,-1
19785,86818,-1
19786,59841,0
19787,70047,1
19788,45462,-1
19789,-1,0
19790,36509,0
19791,34627,1
19792,96016,1
19793,26068,0
19794,93960,0
19795,95095,0
19796,12342,0
19797,-1,0
19798,98528,0
19799,-1,0
19800,97046,-1
19801,78695,-1
19802,11757,1
19803,47456,0
19804,36585,0
19805,13249,1
19806,-1,0
19807,69745,0
19808,11867,1
19809,63044,-1
19810,79810,1
19811,75841,-1
19812,72475,-1
19813,-1,0
19814,90773,0
19815,-1,0
19816,68017,0
19817,88128,0
19818,85685,1
19819,93791,1
19820,10095,-1
19821,52085,0
19822,76114,-1
19823,95307,0
19824,30156,0
19825,19776,-1
19826,63137,1
19827,-1,0
19828,10876,-1
19829,-1,0
19830,-1,0
19831,-1,0
19832,70891,0
19833,45719,0
19834,99561,0
19835,51725,-1
19836,92699,1
19837,85673,-1
19838,80985,0
19839,31336,0
19840,81589,1
19841,-1,0
19842,-1,0
19843,91131,-1
19844,42876,1
19845,65142,0
19846,69636,0
19847,-1,0
19848,70032,1
19849,77604,-1
19850,63645,-1
19851,-1,0
19852,84693,0
19853,55333,1
19854,23632,-1
19855,70103,-1
19856,90143,0
19857,21058,0
19858,92880,1
19859,52151,0
19860,52152,1
19861,92185,0
19862,78905,0
19863,40487,0
19864,58889,-1
19865,46959,0
19866,84784,0
19867,28543,1
19868,66593,0
19869,85823,0
19870,50204,1
19871,69431,0
19872,71506,0
19873,80146,-1
19874,65483,0
19875,34776,0
19876,69433,0
19877,54287,0
19878,78872,1
19879,34605,1
19880,75162,-1
19881,29735,0
19882,33896,0
19883,19453,0
19884,95073,0
19885,47500,0
19886,13496,0
19887,26909,0
19888,67643,0
19889,90757,0
19890,64733,0
19891,89130,0
19892,87395,0
19893,85323,0
19894,-1,0
19895,26301,0
19896,99503,1
19897,1624,0
19898,89238,0
19899,24200,0
19900,32853,1
19901,95716,0
19902,77116,0
19903,-1,0
19904,77468,-1
19905,62949,1
19906,31764,0
19907,94459,1
19908,11716,1
19909,61060,0
19910,17554,0
19911,93461,1
19912,29948,-1
19913,69893,0
19914,19489,0
19915,-1,0
19916,43736,0
19917,97779,1
19918,19102,1
19919,75943,1
19920,89378,-1
19921,14042,0
19922,28220,-1
19923,7202,-1
19924,91183,-1
19925,91330,0
19926,66178,-1
19927,49436,0
19928,-1,0
19929,94169,1
19930,90278,1
19931,7027,0
19932,2039,1
19933,59393,0
19934,16440,-1
19935,98092,-1
19936,61689,0
19937,51588,0
19938,78155,0
19939,2797,0
19940,73531,-1
19941,33900,-1
19942,52203,0
19943,50594,0
19944,-1,0
19945,86295,0
19946,98869,1
19947,66876,1
19948,21498,1
19949,67321,0
19950,27813,-1
19951,79517,0
19952,85960,0
19953,7515,-1
19954,98016,1
19955,-1,0
19956,70871,1
19957,23235,1
19958,74904,0
19959,20011,-1
19960,84140,1
19961,-1,0
19962,80812,1
19963,-1,0
19964,62228,-1
19965,12030,0
19966,66427,0
19967,64095,1
19968,72903,-1
19969,32159,0
19970,80192,-1
19971,89455,0
19972,84824,0
19973,71046,0
19974,93877,0
19975,44214,1
19976,80330,0
19977,32898,0
19978,67085,0
19979,73633,1
19980,85974,0
19981,-1,0
19982,51088,0
19983,13329,0
19984,86914,-1
19985,36676,1
19986,47066,-1
19987,52433,1
19988,9607,0
19989,66805,-1
19990,16193,1
19991,8363,0
19992,24298,0
19993,87513,-1
19994,76627,0
19995,60488,0
19996,-1,0
19997,29098,-1
19998,43074,1
19999,95202,-1
20000,-1,0
20001,35001,1
20002,9679,0
20003,22399,1
20004,16523,0
20005,-1,0
20006,51751,0
20007,-1,0
20008,66816,0
20009,-1,0
20010,62961,1
20011,14482,0
20012,69485,0
20013,61491,0
20014,25261,0
20015,-1,0
20016,68809,0
20017,-1,0
20018,86731,0
20019,50681,0
20020,-1,0
20021,56040,0
20022,7105,0
20023,-1,0
20024,-1,0
20025,60354,-1
20026,-1,0
20027,-1,0
20028,81701,0
20029,20765,0
20030,74351,-1
20031,92202,0
20032,-1,0
20033,6493,0
20034,-1,0
20035,-1,0
20036,28174,0
20037,48667,1
20038,47773,-1
20039,70566,0
20040,32653,0
20041,93997,0
20042,89727,0
20043,50015,0
20044,21975,1
20045,65730,0
20046,61238,1
20047,99913,1
20048,46023,1
20049,70633,1
20050,-1,0
20051,91985,0
20052,15855,1
20053,12761,0
20054,51648,0
20055,56552,0
20056,57132,0
20057,74503,-1
20058,34767,-1
20059,38163,-1
20060,33399,0
20061,94004,0
20062,33135,0
20063,28828,1
20064,90190,-1
20065,-1,0
20066,-1,0
20067,59640,-1
20068,80676,0
20069,87202,-1
20070,88240,1
20071,96036,0
20072,57008,0
20073,43873,1
20074,14094,0
20075,-1,0
20076,91821,0
20077,72415,0
20078,13861,0
20079,47529,0
20080,-1,0
20081,91104,-1
20082,21352,-1
20083,10089,0
20084,-1,0
20085,47721,1
20086,-1,0
20087,46048,0
20088,80257,0
20089,98176,1
20090,76404,0
20091,-1,0
20092,9371,0
20093,56561,1
20094,43901,-1
20095,48864,0
20096,19207,0
20097,68285,0
20098,49479,0
20099,19185,0
20100,-1,0
20101,79298,1
20102,-1,0
20103,-1,0
20104,43345,-1
20105,36118,1
20106,49243,0
20107,62188,1
20108,24022,0
20109,88027,1
20110,17971,0
20111,-1,0
20112,-1,0
20113,26453,1
20114,6627,0
20115,-1,0
20116,18193,1
20117,7670,0
20118,46026,1
20119,28636,-1
20120,-1,0
20121,73126,0
20122,77133,0
20123,1536,-1
20124,-1,0
20125,97439,1
20126,12690,0
20127,22086,0
20128,38060,0
20129,-1,0
20130,68422,-1
20131,19931,-1
20132,-1,0
20133,55608,1
20134,-1,0
20135,5991,0
20136,98696,1
20137,26661,0
20138,4303,-1
20139,65478,1
20140,10756,0
20141,3090,0
20142,66407,1
20143,44400,0
20144,97208,-1
20145,-1,0
20146,87308,0
20147,73305,-1
20148,-1,0
20149,23630,1
20150,-1,0
20151,-1,0
20152,77012,-1
20153,77211,-1
20154,29467,-1
20155,-1,0
20156,68547,-1
20157,77453,1
20158,16816,0
20159,97128,1
20160,1326,-1
20161,46340,0
20162,-1,0
20163,19723,0
20164,-1,0
20165,38554,1
20166,28700,-1
20167,34050,-1
20168,63248,0
20169,27574,0
20170,6747,0
20171,-1,0
20172,-1,0
20173,72186,1
20174,95506,-1
20175,77178,0
20176,89256,0
20177,34175,0
20178,39310,-1
20179,1354,-1
20180,1541,0
20181,-1,0
20182,5495,1
20183,-1,0
20184,42911,0
20185,4239,0
20186,43979,1
20187,59623,0
20188,31708,0
20189,-1,0
20190,87997,-1
20191,2828,-1
20192,96143,0
20193,-1,0
20194,64176,0
20195,78162,0
20196,69888,0
20197,52906,0
20198,70459,0
20199,37782,-1
20200,-1,0
20201,53289,1
20202,86155,0
20203,71893,0
20204,28092,1
20205,98042,-1
20206,-1,0
20207,1050,-1
20208,61418,1
20209,34684,0
20210,73352,0
20211,-1,0
20212,63892,0
20213,79975,-1
20214,47504,-1
20215,93854,-1
20216,34132,1
20217,34365,0
20218,80939,0
20219,14837,-1
20220,89753,0
20221,90475,0
20222,54607,0
20223,70065,-1
20224,-1,0
20225,92229,0
20226,69479,0
20227,74129,0
20228,44902,-1
20229,92088,1
20230,74260,0
20231,70734,-1
20232,28186,0
20233,54730,1
20234,40680,-1
20235,70858,0
20236,61517,1
20237,-1,0
20238,78968,0
20239,64012,1
20240,61468,0
20241,87925,0
20242,56955,1
20243,88268,1
20244,7733,0
20245,48742,1
20246,30538,1
20247,64859,0
20248,94283,-1
20249,49158,0
20250,4597,-1
20251,90955,-1
20252,85878,1
20253,32732,0
20254,-1,0
20255,20120,1
20256,15982,1
20257,38112,0
20258,92927,0
20259,-1,0
20260,75504,0
20261,6286,0
20262,58981,0
20263,26752,0
20264,22939,-1
20265,43023,0
20266,65074,-1
20267,92702,0
20268,88643,1
20269,-1,0
20270,88877,0
20271,79277,0
20272,89981,0
20273,76386,0
20274,34679,-1
20275,22846,1
20276,69681,1
20277,-1,0
20278,29146,0
20279,-1,0
20280,82120,-1
20281,49218,0
20282,-1,0
20283,19376,1
20284,63786,1
20285,69805,0
20286,9961,-1
20287,94478,0
20288,13128,-1
20289,50544,0
20290,52917,0
20291,27890,0
20292,-1,0
20293,31481,-1
20294,89424,0
20295,60287,0
20296,96983,0
20297,38927,0
20298,19354,0
20299,24504,0
20300,-1,0
20301,-1,0
20302,44955,0
20303,81931,1
20304,-1,0
20305,-1,0
20306,36755,0
20307,60116,-1
20308,-1,0
20309,-1,0
20310,95943,1
20311,10889,0
20312,18515,-1
20313,30092,0
20314,68067,0
20315,87143,0
20316,95376,1
20317,63312,0
20318,80823,0
20319,98590,0
20320,50730,1
20321,-1,0
20322,27333,1
20323,86934,0
20324,84622,0
20325,47717,0
20326,14059,1
20327,37151,1
20328,26132,-1
20329,11132,0
20330,-1,0
20331,91143,0
20332,71229,0
20333,74620,-1
20334,65969,-1
20335,56895,-1
20336,81042,1
20337,68940,0
20338,15064,0
20339,7529,0
20340,75680,0
20341,39601,-1
20342,44667,0
20343,99824,-1
20344,71651,1
20345,-1,0
20346,25380,-1
20347,2277,0
20348,33559,-1
20349,20528,0
20350,-1,0
20351,5137,-1
20352,-1,0
20353,95655,0
20354,45265,0
20355,81670,-1
20356,46152,0
20357,34882,0
20358,90837,-1
20359,22118,1
20360,63096,0
20361,25596,-1
20362,-1,0
20363,93921,1
20364,76234,1
20365,71547,0
20366,21201,-1
20367,34956,1
20368,73505,0
20369,79284,0
20370,76324,1
20371,98660,1
20372,26519,1
20373,69019,0
20374,20952,0
20375,73916,0
20376,-1,0
20377,17276,1
20378,70406,0
20379,73638,1
20380,35311,-1
20381,-1,0
20382,54602,0
20383,-1,0
20384,72663,0
20385,25619,0
20386,-1,0
20387,63350,1
20388,66019,1
20389,89057,1
20390,18776,0
20391,7965,1
20392,46982,0
20393,74474,-1
20394,95432,1
20395,74243,0
20396,68267,1
20397,88827,-1
20398,39969,0
20399,-1,0
20400,21604,0
20401,-1,0
20402,17204,1
20403,60773,0
20404,60691,0
20405,88129,-1
20406,-1,0
20407,-1,0
20408,92405,0
20409,50191,0
20410,24109,0
20411,44338,0
20412,15453,-1
20413,30066,0
20414,56857,-1
20415,27864,0
20416,93542,1
20417,72294,0
20418,6287,1
20419,40434,0
20420,34033,-1
20421,53366,1
20422,40494,0
20423,80722,0
20424,33664,0
20425,75199,1
20426,-1,0
20427,46429,0
20428,90199,-1
20429,51413,0
20430,-1,0
20431,46523,0
20432,99076,0
20433,62770,0
20434,52841,-1
20435,89070,-1
20436,24497,1
20437,84778,-1
20438,-1,0
20439,17933,-1
20440,8465,0
20441,-1,0
20442,69782,0
20443,72816,1
20444,62456,0
20445,58595,1
20446,27662,0
20447,13379,-1
20448,52536,-1
20449,59439,-1
20450,20617,-1
20451,31359,0
20452,-1,0
20453,30349,0
20454,75362,1
20455,50377,0
20456,10481,1
20457,43896,0
20458,72763,0
20459,89810,0
20460,57645,0
20461,41000,-1
20462,-1,0
20463,25956,1
20464,56155,1
20465,38517,0
20466,65267,0
20467,-1,0
20468,-1,0
20469,40960,0
20470,64729,0
20471,95460,-1
20472,-1,0
20473,45706,1
20474,50912,1
20475,31709,0
20476,39158,0
20477,46372,1
20478,98401,0
20479,90683,-1
20480,43023,1
20481,56525,0
20482,-1,0
20483,21222,1
20484,-1,0
20485,74937,-1
20486,-1,0
20487,16233,1
20488,80713,0
20489,34634,1
20490,-1,0
20491,72732,0
20492,84034,1
20493,11847,-1
20494,-1,0
20495,40953,1
20496,30078,0
20497,85244,1
20498,50945,-1
20499,11652,1
20500,-1,0
20501,67991,0
20502,-1,0
20503,83941,0
20504,82162,0
20505,50673,0
20506,-1,0
20507,82847,-1
20508,19893,0
20509,71635,0
20510,-1,0
20511,44926,1
20512,-1,0
20513,49817,1
20514,51665,1
20515,68986,-1
20516,63554,-1
20517,-1,0
20518,28657,0
20519,25883,0
20520,66909,0
20521,49977,-1
20522,-1,0
20523,53254,0
20524,49901,-1
20525,8040,0
20526,66838,1
20527,8108,0
20528,79681,0
20529,89873,1
20530,62916,-1
20531,91099,0
20532,9315,0
20533,85271,0
20534,55093,1
20535,-1,0
20536,12578,0
20537,84821,0
20538,49256,1
20539,98019,-1
20540,51053,0
20541,19515,0
20542,66195,1
20543,38359,0
20544,56063,0
20545,32454,-1
20546,-1,0
20547,45245,-1
20548,44364,1
20549,16093,1
20550,57270,-1
20551,-1,0
20552,26838,-1
20553,-1,0
20554,5310,-1
20555,17147,0
20556,33029,0
20557,-1,0
20558,-1,0
20559,95756,1
20560,29944,0
20561,-1,0
20562,28822,1
20563,25865,0
20564,58173,-1
20565,98262,-1
20566,58828,0
20567,39527,0
20568,38840,0
20569,-1,0
20570,47549,0
20571,95060,0
20572,53717,0
20573,56838,-1
20574,-1,0
20575,38655,0
20576,86972,0
20577,81846,1
20578,78743,1
20579,70608,0
20580,28086,0
20581,35112,1
20582,86127,0
20583,23117,0
20584,86149,0
20585,95966,-1
20586,16068,0
20587,69086,1
20588,-1,0
20589,74530,-1
20590,61468,1
20591,99194,-1
20592,96907,0
20593,56512,0
20594,6386,0
20595,47446,1
20596,97094,0
20597,63234,-1
20598,65964,0
20599,79712,-1
20600,68758,0
20601,55868,-1
20602,-1,0
20603,37816,1
20604,77025,0
20605,-1,0
20606,98286,1
20607,85634,0
20608,54821,0
20609,55209,0
20610,62246,0
20611,85692,1
20612,82460,-1
20613,25547,0
20614,25730,-1
20615,-1,0
20616,-1,0
20617,-1,0
20618,59941,0
20619,-1,0
20620,76782,-1
20621,-1,0
20622,-1,0
20623,66830,1
20624,17751,0
20625,74527,0
20626,81017,1
20627,-1,0
20628,28685,1
20629,-1,0
20630,14417,0
20631,69307,1
20632,91630,1
20633,39428,0
20634,-1,0
20635,88090,0
20636,41464,0
20637,7115,1
20638,40949,1
20639,84420,0
20640,52683,0
20641,1752,-1
20642,32462,-1
20643,8671,0
20644,68708,0
20645,26387,0
20646,503,0
20647,38960,-1
20648,16016,0
20649,26674,0
20650,10489,-1
20651,18513,-1
20652,94212,1
20653,9584,0
20654,94255,0
20655,39511,0
20656,46345,0
20657,67956,-1
20658,9229,-1
20659,860,-1
20660,-1,0
20661,-1,0
20662,40787,-1
20663,82506,0
20664,54144,1
20665,70732,0
20666,-1,0
20667,15239,-1
20668,30624,1
20669,10701,-1
20670,92717,0
20671,-1,0
20672,18180,1
20673,95026,1
20674,75984,0
20675,4225,0
20676,82479,1
20677,-1,0
20678,73913,-1
20679,55260,1
20680,89152,0
20681,53372,1
20682,10369,0
20683,65976,0
20684,84510,0
20685,66422,0
20686,42901,1
20687,27535,0
20688,86782,1
20689,87513,0
20690,88635,0
20691,-1,0
20692,26079,0
20693,68461,0
20694,83327,1
20695,10792,0
20696,52624,0
20697,-1,0
20698,-1,0
20699,43059,-1
20700,14088,0
20701,-1,0
20702,72235,-1
20703,-1,0
20704,70040,0
20705,37547,1
20706,32780,0
20707,-1,0
20708,18005,0
20709,-1,0
20710,24522,0
20711,46511,0
20712,59918,-1
20713,55546,0
20714,-1,0
20715,53211,-1
20716,-1,0
20717,-1,0
20718,-1,0
20719,18084,0
20720,91316,0
20721,4315,0
20722,48414,0
20723,11601,-1
20724,6001,0
20725,8514,0
20726,12286,0
20727,-1,0
20728,65039,-1
20729,42239,0
20730,94058,0
20731,85903,1
20732,30551,0
20733,9293,1
20734,-1,0
20735,-1,0
20736,38717,0
20737,-1,0
20738,85626,1
20739,80844,-1
20740,33479,-1
20741,71961,-1
20742,17131,1
20743,63134,0
20744,914,0
20745,74029,0
20746,-1,0
20747,25962,0
20748,84669,0
20749,53188,1
20750,91164,1
20751,69792,0
20752,87853,1
20753,41854,0
20754,83958,-1
20755,46552,0
20756,14431,0
20757,72927,0
20758,-1,0
20759,80877,0
20760,89125,0
20761,34665,1
20762,46242,1
20763,12460,-1
20764,53168,0
20765,92264,1
20766,28540,0
20767,20956,-1
20768,63150,1
20769,-1,0
20770,61401,-1
20771,37628,-1
20772,1021,-1
20773,-1,0
20774,62165,-1
20775,90859,1
20776,70171,0
20777,97690,-1
20778,62085,0
20779,70054,0
20780,21768,0
20781,67677,1
20782,85029,1
20783,65151,0
20784,75151,1
20785,-1,0
20786,70826,0
20787,92649,1
20788,59935,0
20789,36931,-1
20790,95438,0
20791,79695,-1
20792,75239,0
20793,37379,1
20794,70034,-1
20795,15099,-1
20796,24809,1
20797,73610,1
20798,69424,0
20799,53212,-1
20800,28888,0
20801,42799,0
20802,56681,0
20803,29702,-1
20804,65554,1
20805,38467,1
20806,41130,0
20807,22250,0
20808,86760,0
20809,99885,-1
20810,99219,1
20811,67953,0
20812,36458,1
20813,34450,-1
20814,62496,1
20815,37057,1
20816,71788,0
20817,77321,1
20818,92846,-1
20819,69662,0
20820,62947,0
20821,47185,0
20822,73686,-1
20823,13675,1
20824,42854,1
20825,-1,0
20826,74809,0
20827,-1,0
20828,21864,0
20829,80692,1
20830,65403,-1
20831,61265,0
20832,1580,-1
20833,59464,0
20834,67295,0
20835,91128,1
20836,30054,0
20837,32701,1
20838,9805,1
20839,4774,1
20840,80637,-1
20841,-1,0
20842,68097,1
20843,-1,0
20844,17844,0
20845,86493,0
20846,42381,0
20847,86879,0
20848,22583,0
20849,66681,0
20850,23828,-1
20851,33578,0
20852,77770,0
20853,49317,0
20854,65140,0
20855,64713,0
20856,96299,0
20857,70720,0
20858,62214,-1
20859,39461,-1
20860,88188,0
20861,17273,-1
20862,77803,-1
20863,-1,0
20864,82245,0
20865,62436,-1
20866,47096,0
20867,-1,0
20868,15582,-1
20869,8509,0
20870,26863,-1
20871,-1,0
20872,54323,0
20873,33061,0
20874,93128,1
20875,96049,0
20876,73919,-1
20877,56374,0
20878,1379,1
20879,67285,0
20880,99382,0
20881,40372,0
20882,86169,1
20883,54627,-1
20884,38666,1
20885,11859,0
20886,56525,1
20887,92245,1
20888,26454,-1
20889,70259,1
20890,46697,0
20891,37224,0
20892,86478,0
20893,57694,1
20894,42250,-1
20895,37576,0
20896,-1,0
20897,37446,0
20898,38956,-1
20899,-1,0
20900,50423,0
20901,48988,-1
20902,-1,0
20903,-1,0
20904,1529,0
20905,42222,1
20906,20762,0
20907,-1,0
20908,90386,0
20909,99761,1
20910,89343,-1
20911,20540,0
20912,80094,0
20913,10107,1
20914,-1,0
20915,60040,0
20916,43393,0
20917,88856,-1
20918,51441,0
20919,20057,0
20920,53749,0
20921,2621,-1
20922,-1,0
20923,58007,1
20924,31074,0
20925,43049,1
20926,-1,0
20927,50943,-1
20928,89215,0
20929,12040,0
20930,-1,0
20931,47780,1
20932,35757,0
20933,6111,-1
20934,77972,0
20935,48633,1
20936,-1,0
20937,44677,0
20938,62698,0
20939,40129,-1
20940,28488,0
20941,72888,-1
20942,94896,1
20943,73411,-1
20944,83653,0
20945,33548,0
20946,33074,1
20947,24363,0
20948,-1,0
20949,46626,-1
20950,47786,1
20951,21752,0
20952,65624,0
20953,31087,0
20954,-1,0
20955,76413,1
20956,6346,-1
20957,99242,1
20958,49903,0
20959,-1,0
20960,78015,0
20961,29923,0
20962,66369,0
20963,36986,-1
20964,95184,-1
20965,45750,-1
20966,46152,-1
20967,-1,0
20968,30247,0
20969,85337,1
20970,29153,1
20971,64087,-1
20972,-1,0
20973,52816,0
20974,5327,-1
20975,74889,0
20976,55598,0
20977,49898,0
20978,-1,0
20979,24188,0
20980,99579,-1
20981,-1,0
20982,81795,0
20983,32262,0
20984,8780,0
20985,13853,0
20986,55544,-1
20987,94614,-1
20988,-1,0
20989,66795,0
20990,-1,0
20991,50352,0
20992,6227,0
20993,21506,-1
20994,-1,0
20995,97201,0
20996,76835,1
20997,90750,0
20998,88037,-1
20999,7330,-1
21000,88494,0
21001,50827,-1
21002,-1,0
21003,94637,0
21004,26567,0
21005,-1,0
21006,66840,1
21007,27600,0
21008,63927,-1
21009,-1,0
21010,94593,0
21011,28323,0
21012,-1,0
21013,99185,0
21014,59503,-1
21015,21867,0
21016,33798,0
21017,54250,-1
21018,79407,1
21019,43034,0
21020,-1,0
21021,77963,0
21022,73420,0
21023,29543,1
21024,62033,1
21025,84751,-1
21026,27066,-1
21027,81442,0
21028,5504,1
21029,96355,-1
21030,62252,0
21031,-1,0
21032,6461,0
21033,24287,0
21034,28814,0
21035,24863,0
21036,85959,-1
21037,61970,0
21038,52152,0
21039,29528,-1
21040,65619,0
21041,38290,0
21042,17193,-1
21043,88365,0
21044,56899,-1
21045,77837,0
21046,96679,0
21047,90605,1
21048,34613,-1
21049,73686,0
21050,13079,-1
21051,98205,0
21052,-1,0
21053,70193,0
21054,-1,0
21055,97007,0
21056,20187,-1
21057,9081,-1
21058,23389,0
21059,91722,0
21060,53162,0
21061,6664,0
21062,-1,0
21063,17703,0
21064,18811,-1
21065,-1,0
21066,30775,1
21067,60660,0
21068,14414,0
21069,47617,1
21070,37913,-1
21071,77650,-1
21072,43558,0
21073,39311,-1
21074,-1,0
21075,51390,0
21076,35703,0
21077,21755,-1
21078,44986,0
21079,29542,-1
21080,31432,1
21081,84191,1
21082,10013,-1
21083,22311,1
21084,64155,-1
21085,618,0
21086,79063,-1
21087,45401,0
21088,47907,0
21089,60461,0
21090,8347,0
21091,-1,0
21092,18735,0
21093,59652,0
21094,12547,0
21095,45304,1
21096,22012,-1
21097,87022,0
21098,-1,0
21099,26547,0
21100,76627,1
21101,22590,0
21102,68917,1
21103,-1,0
21104,86601,0
21105,5658,-1
21106,-1,0
21107,99719,0
21108,27478,-1
21109,31421,0
21110,34984,-1
21111,72087,0
21112,71199,0
21113,4018,-1
21114,-1,0
21115,17418,0
21116,63738,0
21117,32958,1
21118,93946,0
21119,44430,1
21120,411,1
21121,32378,0
21122,64506,-1
21123,50093,0
21124,13024,0
21125,83023,-1
21126,85807,1
21127,7626,-1
21128,8879,0
21129,54854,-1
21130,64820,0
21131,11149,-1
21132,64436,1
21133,64046,0
21134,60998,0
21135,52824,0
21136,17974,1
21137,59233,0
21138,24044,-1
21139,6397,0
21140,28155,0
21141,99399,-1
21142,82713,-1
21143,42389,0
21144,14059,0
21145,57345,0
21146,79484,0
21147,46946,0
21148,1528,-1
21149,72394,0
21150,88273,1
21151,45610,0
21152,74808,1
21153,29463,0
21154,70634,1
21155,-1,0
21156,-1,0
21157,13124,-1
21158,86377,0
21159,71830,0
21160,26036,0
21161,73698,1
21162,52046,0
21163,73930,0
21164,94068,-1
21165,61932,0
21166,14338,-1
21167,55626,1
21168,-1,0
21169,37779,-1
21170,22961,0
21171,83188,0
21172,76274,0
21173,61738,0
21174,64602,0
21175,15876,1
21176,22713,0
21177,32334,-1
21178,-1,0
21179,33795,0
21180,43739,0
21181,53608,1
21182,-1,0
21183,3281,0
21184,54,0
21185,18921,0
21186,86647,1
21187,66563,0
21188,-1,0
21189,-1,0
21190,49895,0
21191,93848,1
21192,58410,1
21193,29493,0
21194,61409,0
21195,870,1
21196,19110,0
21197,998,-1
21198,17448,-1
21199,-1,0
21200,66371,1
21201,19719,-1
21202,89079,-1
21203,7403,1
21204,77901,0
21205,93694,0
21206,-1,0
21207,-1,0
21208,56499,-1
21209,22645,1
21210,5197,-1
21211,-1,0
21212,-1,0
21213,73577,-1
21214,50647,-1
21215,49389,0
21216,25412,0
21217,3943,-1
21218,81237,0
21219,48836,0
21220,98543,0
21221,77414,-1
21222,31192,-1
21223,96246,-1
21224,54580,1
21225,10530,0
21226,14961,0
21227,32893,0
21228,26588,-1
21229,38028,0
21230,38176,0
21231,28672,-1
21232,58640,1
21233,39160,0
21234,52147,1
21235,40774,0
21236,75206,-1
21237,122,1
21238,85607,-1
21239,-1,0
21240,81949,1
21241,11592,0
21242,67589,-1
21243,90340,0
21244,46272,0
21245,-1,0
21246,-1,0
21247,-1,0
21248,-1,0
21249,67944,0
21250,51987,0
21251,14657,-1
21252,88559,0
21253,63507,0
21254,-1,0
21255,84017,0
21256,19513,0
21257,85649,0
21258,3234,1
21259,3970,1
21260,1896,1
21261,94191,-1
21262,96762,1
21263,94957,0
21264,98347,0
21265,15871,0
21266,77001,0
21267,52685,0
21268,31418,1
21269,-1,0
21270,32893,-1
21271,6034,0
21272,17993,0
21273,50864,0
21274,-1,0
21275,95729,0
21276,913,1
21277,81888,0
21278,71260,0
21279,51082,-1
21280,-1,0
21281,-1,0
21282,25962,-1
21283,91259,0
21284,85292,-1
21285,-1,0
21286,74939,0
21287,52244,0
21288,94633,1
21289,1848,-1
21290,91077,0
21291,42336,1
21292,60627,-1
21293,19795,0
21294,75883,0
21295,15220,-1
21296,3968,-1
21297,90579,0
21298,31427,-1
21299,29649,0
21300,94825,-1
21301,26861,0
21302,18502,0
21303,35901,1
21304,59722,0
21305,34298,1
21306,88513,1
21307,58155,1
21308,73656,0
21309,20264,0
21310,-1,0
21311,53971,0
21312,59376,0
21313,85839,1
21314,35119,0
21315,-1,0
21316,45927,0
21317,9513,1
21318,7628,-1
21319,30078,-1
21320,18824,-1
21321,-1,0
21322,20313,0
21323,11708,-1
21324,78870,0
21325,14736,1
21326,9591,-1
21327,7512,0
21328,77961,1
21329,68558,1
21330,95169,0
21331,-1,0
21332,59015,0
21333,56129,0
21334,83866,-1
21335,99118,0
21336,45538,1
21337,81951,0
21338,51896,0
21339,77428,0
21340,60506,0
21341,-1,0
21342,15471,0
21343,82291,0
21344,3908,1
21345,-1,0
21346,77444,1
21347,61363,1
21348,38537,1
21349,67044,0
21350,63583,0
21351,79091,0
21352,94634,-1
21353,-1,0
21354,91962,0
21355,60218,0
21356,-1,0
21357,71556,-1
21358,59557,0
21359,97064,-1
21360,47143,0
21361,77381,1
21362,78286,-1
21363,-1,0
21364,68662,0
21365,-1,0
21366,32879,0
21367,2166,-1
21368,55702,0
21369,36869,0
21370,75769,0
21371,43879,0
21372,46157,1
21373,-1,0
21374,60895,0
21375,38642,1
21376,76918,0
21377,40659,-1
21378,-1,0
21379,93319,0
21380,15298,-1
21381,82987,0
21382,32970,-1
21383,48732,0
21384,-1,0
21385,40665,1
21386,32323,1
21387,2231,1
21388,43706,1
21389,-1,0
21390,22622,-1
21391,93620,-1
21392,48245,1
21393,98785,0
21394,-1,0
21395,66002,0
21396,26123,0
21397,70751,-1
21398,-1,0
21399,18471,0
21400,97724,1
21401,-1,0
21402,-1,0
21403,28061,0
21404,-1,0
21405,-1,0
21406,66551,0
21407,47720,1
21408,-1,0
21409,73509,0
21410,-1,0
21411,67168,0
21412,92650,-1
21413,23448,-1
21414,-1,0
21415,-1,0
21416,66898,0
21417,7126,0
21418,64271,-1
21419,35643,0
21420,45277,1
21421,95738,0
21422,17067,1
21423,37620,0
21424,43577,0
21425,-1,0
21426,54644,0
21427,23219,1
21428,10194,0
21429,95197,0
21430,27442,0
21431,27006,0
21432,41682,1
21433,95380,0
21434,17172,0
21435,67356,0
21436,76179,-1
21437,87330,1
21438,91138,1
21439,-1,0
21440,56255,1
21441,35913,1
21442,84100,-1
21443,54888,0
21444,63609,1
21445,58843,0
21446,-1,0
21447,62952,0
21448,85590,-1
21449,11960,1
21450,71301,1
21451,82506,1
21452,37121,0
21453,18187,1
21454,13081,0
21455,67819,1
21456,-1,0
21457,61555,0
21458,22014,0
21459,98741,0
21460,87599,0
21461,18532,0
21462,60962,-1
21463,17467,0
21464,5730,-1
21465,82551,0
21466,95632,1
21467,92389,1
21468,74041,0
21469,-1,0
21470,62143,1
21471,52923,0
21472,85629,-1
21473,92915,-1
21474,-1,0
21475,67277,0
21476,8859,0
21477,83501,0
21478,-1,0
21479,40544,0
21480,51494,0
21481,91511,-1
21482,-1,0
21483,5584,0
21484,87388,0
21485,9334,0
21486,48510,1
21487,4563,-1
21488,56616,-1
21489,7826,1
21490,66316,0
21491,57854,0
21492,90595,0
21493,33929,1
21494,11804,-1
21495,92778,0
21496,-1,0
21497,76134,0
21498,88094,1
21499,66333,0
21500,75596,0
21501,81591,0
21502,67276,0
21503,22635,0
21504,86817,-1
21505,-1,0
21506,9708,0
21507,-1,0
21508,34408,-1
21509,4831,0
21510,59847,1
21511,80244,-1
21512,-1,0
21513,-1,0
21514,74936,-1
21515,15138,-1
21516,73443,1
21517,17866,1
21518,-1,0
21519,68033,1
21520,56979,-1
21521,18147,-1
21522,6329,0
21523,98274,0
21524,-1,0
21525,85617,-1
21526,84045,0
21527,89402,-1
21528,74963,1
21529,68644,-1
21530,24225,0
21531,81595,0
21532,42594,0
21533,10755,0
21534,15006,0
21535,35076,-1
21536,49028,0
21537,64101,1
21538,80700,0
21539,48341,0
21540,46510,-1
21541,77805,0
21542,15602,0
21543,63622,1
21544,-1,0
21545,49779,0
21546,11707,1
21547,96911,0
21548,66569,0
21549,91489,0
21550,92575,0
21551,-1,0
21552,62838,1
21553,-1,0
21554,79404,1
21555,11846,1
21556,55995,-1
21557,64904,0
21558,57064,-1
21559,92898,0
21560,90796,0
21561,72820,0
21562,34855,-1
21563,1713,0
21564,93820,0
21565,-1,0
21566,-1,0
21567,22082,1
21568,31689,1
21569,30784,-1
21570,65027,-1
21571,30263,1
21572,14129,-1
21573,98469,-1
21574,40864,-1
21575,-1,0
21576,95940,0
21577,14817,0
21578,-1,0
21579,41137,0
21580,65033,1
21581,71504,1
21582,5708,1
21583,17847,0
21584,4036,0
21585,-1,0
21586,23341,0
21587,11268,-1
21588,47830,0
21589,-1,0
21590,17998,-1
21591,23181,0
21592,-1,0
21593,57295,0
21594,2732,0
21595,87132,1
21596,82165,1
21597,19201,1
21598,96857,0
21599,-1,0
21600,55491,1
21601,50156,-1
21602,24983,0
21603,47137,0
21604,383,0
21605,59991,0
21606,82768,0
21607,84254,-1
21608,13353,0
21609,92895,0
21610,83472,1
21611,80554,0
21612,79617,1
21613,54658,0
21614,57833,0
21615,60896,-1
21616,48002,-1
21617,12361,-1
21618,48117,-1
21619,-1,0
21620,52818,1
21621,92287,0
21622,42124,-1
21623,30712,-1
21624,59094,0
21625,94079,1
21626,54344,1
21627,623,0
21628,18934,0
21629,28685,0
21630,40116,-1
21631,76110,0
21632,65480,1
21633,6041,0
21634,30717,-1
21635,96956,0
21636,23339,1
21637,96312,1
21638,69685,0
21639,55558,0
21640,42406,-1
21641,367,0
21642,17464,-1
21643,43424,1
21644,-1,0
21645,79702,-1
21646,-1,0
21647,69620,1
21648,72918,0
21649,88598,0
21650,-1,0
21651,51674,-1
21652,77795,-1
21653,-1,0
21654,68708,1
21655,82959,0
21656,-1,0
21657,58949,0
21658,25302,0
21659,-1,0
21660,81487,0
21661,47436,0
21662,119,-1
21663,22054,0
21664,95993,-1
21665,48028,1
21666,82621,1
21667,17306,1
21668,45941,0
21669,22897,1
21670,34857,0
21671,56083,0
21672,32874,-1
21673,-1,0
21674,40539,0
21675,60353,1
21676,27839,1
21677,48498,0
21678,52287,1
21679,42309,1
21680,59306,0
21681,71646,-1
21682,-1,0
21683,-1,0
21684,-1,0
21685,5241,0
21686,63179,-1
21687,57763,0
21688,52963,0
21689,82757,0
21690,-1,0
21691,14742,-1
21692,-1,0
21693,-1,0
21694,80455,0
21695,27021,1
21696,60957,-1
21697,94548,0
21698,3633,1
21699,77256,0
21700,82673,0
21701,59581,0
21702,-1,0
21703,15219,1
21704,38243,0
21705,45301,0
21706,80891,0
21707,25544,0
21708,83459,0
21709,51694,0
21710,43804,0
21711,58092,-1
21712,59799,0
21713,98393,0
21714,42400,0
21715,39475,1
21716,52823,0
21717,30952,-1
21718,39301,0
21719,922,0
21720,62318,1
21721,36718,0
21722,91893,1
21723,19204,0
21724,62999,0
21725,53969,-1
21726,27927,-1
21727,1461,-1
21728,97601,-1
21729,33202,0
21730,59554,1
21731,48031,0
21732,37241,-1
21733,83464,0
21734,73478,1
21735,50834,0
21736,1524,0
21737,-1,0
21738,69310,-1
21739,5872,-1
21740,71218,0
21741,16101,0
21742,61137,0
21743,71400,-1
21744,88111,0
21745,6078,1
21746,16645,-1
21747,4782,0
21748,92262,1
21749,97556,-1
21750,70721,1
21751,88372,0
21752,11265,1
21753,71933,0
21754,71127,0
21755,18414,0
21756,65845,0
21757,37824,1
21758,79034,-1
21759,80589,0
21760,64660,0
21761,19704,0
21762,36730,-1
21763,-1,0
21764,50900,1
21765,46770,0
21766,71001,-1
21767,91672,-1
21768,90586,1
21769,44674,0
21770,26218,-1
21771,98311,-1
21772,1871,-1
21773,7051,0
21774,49364,-1
21775,55361,0
21776,79132,0
21777,93464,1
21778,48060,0
21779,48193,0
21780,11654,1
21781,-1,0
21782,41139,0
21783,42743,0
21784,21729,-1
21785,26236,-1
21786,-1,0
21787,-1,0
21788,-1,0
21789,47807,0
21790,18950,0
21791,-1,0
21792,32748,0
21793,97203,0
21794,28036,1
21795,19295,0
21796,24907,0
21797,4337,1
21798,39768,0
21799,32707,-1
21800,842,1
21801,85125,0
21802,59490,-1
21803,78294,0
21804,42652,0
21805,8490,0
21806,23225,1
21807,51018,-1
21808,96926,0
21809,76294,1
21810,64952,0
21811,74260,1
21812,94218,0
21813,68704,0
21814,49541,0
21815,16904,-1
21816,25653,0
21817,47859,0
21818,86308,0
21819,59568,-1
21820,86111,1
21821,91322,1
21822,62872,0
21823,16326,0
21824,43417,1
21825,33649,-1
21826,75835,-1
21827,70414,0
21828,12781,0
21829,24164,0
21830,79239,1
21831,52582,1
21832,-1,0
21833,26220,0
21834,77608,0
21835,12218,0
21836,-1,0
21837,56951,0
21838,6593,0
21839,16887,0
21840,97935,1
21841,24179,-1
21842,6740,0
21843,45436,0
21844,30490,0
21845,53790,-1
21846,93044,0
21847,37499,0
21848,6927,-1
21849,52760,-1
21850,68911,-1
21851,-1,0
21852,37143,0
21853,29866,0
21854,72540,0
21855,-1,0
21856,63528,0
21857,92884,0
21858,74775,0
21859,83227,0
21860,78013,0
21861,84412,1
21862,35881,0
21863,26020,0
21864,54288,1
21865,269,1
21866,46559,0
21867,65189,0
21868,66702,1
21869,7548,1
21870,90032,0
21871,10496,1
21872,12040,-1
21873,90147,1
21874,28189,1
21875,87973,0
21876,62909,1
21877,52361,-1
21878,61325,-1
21879,94472,0
21880,45329,-1
21881,-1,0
21882,54653,-1
21883,1187,0
21884,77514,-1
21885,82552,0
21886,84797,0
21887,56989,0
21888,95593,0
21889,52236,1
21890,78790,0
21891,61634,0
21892,-1,0
21893,96939,0
21894,49341,-1
21895,37368,1
21896,8784,1
21897,85875,0
21898,31660,0
21899,40915,-1
21900,62201,0
21901,26428,-1
21902,-1,0
21903,79826,0
21904,66207,1
21905,56478,1
21906,58831,0
21907,84023,1
21908,-1,0
21909,72117,0
21910,96114,0
21911,84299,0
21912,28535,0
21913,87720,1
21914,26378,0
21915,-1,0
21916,85541,0
21917,99025,0
21918,47952,0
21919,-1,0
21920,30300,0
21921,29351,0
21922,10715,0
21923,58612,0
21924,-1,0
21925,31113,0
21926,19842,1
21927,90122,-1
21928,29784,1
21929,41148,0
21930,47092,1
21931,-1,0
21932,50239,0
21933,92463,1
21934,96462,1
21935,18168,0
21936,2191,1
21937,31597,0
21938,7363,1
21939,81512,0
21940,10695,0
21941,51461,0
21942,6646,0
21943,88921,1
21944,88082,-1
21945,-1,0
21946,77476,1
21947,96837,-1
21948,30964,0
21949,35708,0
21950,84348,0
21951,27450,0
21952,94349,-1
21953,80310,1
21954,64868,0
21955,82254,0
21956,8906,0
21957,90269,0
21958,-1,0
21959,97019,-1
21960,59598,-1
21961,51505,0
21962,42141,0
21963,59359,1
21964,49675,0
21965,-1,0
21966,58110,0
21967,42389,-1
21968,-1,0
21969,-1,0
21970,88422,0
21971,82403,0
21972,-1,0
21973,18231,-1
21974,3771,-1
21975,-1,0
21976,-1,0
21977,90155,1
21978,-1,0
21979,41876,-1
21980,-1,0
21981,74282,0
21982,39067,0
21983,62579,-1
21984,3962,1
21985,9956,0
21986,16514,0
21987,36886,0
21988,67408,0
21989,88415,0
21990,-1,0
21991,36661,1
21992,54952,1
21993,98912,-1
21994,63163,-1
21995,-1,0
21996,49837,0
21997,1890,0
21998,91798,1
21999,34525,0
22000,71387,-1
22001,37485,0
22002,29066,0
22003,35290,-1
22004,-1,0
22005,78039,0
22006,22581,-1
22007,28507,0
22008,72488,-1
22009,7856,-1
22010,51323,0
22011,-1,0
22012,39889,-1
22013,39118,0
22014,79236,0
22015,1939,1
22016,-1,0
22017,-1,0
22018,26551,0
22019,39353,1
22020,-1,0
22021,6932,-1
22022,25038,-1
22023,24047,0
22024,54787,-1
22025,93661,0
22026,74205,0
22027,4944,1
22028,41756,-1
22029,44943,1
22030,19861,0
22031,22827,-1
22032,84891,1
22033,30417,0
22034,65792,0
22035,53849,1
22036,92988,0
22037,28418,1
22038,22014,1
22039,36998,0
22040,66104,0
22041,14646,-1
22042,24239,0
22043,11016,1
22044,-1,0
22045,71928,1
22046,71461,-1
22047,4851,0
22048,47514,0
22049,51762,0
22050,77817,-1
22051,39024,0
22052,15318,-1
22053,25944,1
22054,84829,0
22055,40219,-1
22056,33118,0
22057,44570,1
22058,73003,1
22059,94884,0
22060,83529,-1
22061,60509,0
22062,47448,0
22063,-1,0
22064,88024,0
22065,33814,0
22066,39784,0
22067,50969,-1
22068,-1,0
22069,53393,-1
22070,82001,-1
22071,52638,-1
22072,56705,-1
22073,95910,-1
22074,75252,0
22075,75293,-1
22076,97280,1
22077,55987,0
22078,41574,1
22079,52385,1
22080,48654,0
22081,47408,0
22082,78466,1
22083,70633,0
22084,7257,-1
22085,61789,0
22086,97165,1
22087,-1,0
22088,80404,-1
22089,55064,0
22090,14985,0
22091,39719,0
22092,14961,1
22093,13904,0
22094,45839,1
22095,40781,-1
22096,92624,-1
22097,60310,0
22098,92856,-1
22099,53247,-1
22100,85851,0
22101,-1,0
22102,23347,0
22103,24820,-1
22104,11948,1
22105,65014,0
22106,66270,-1
22107,70746,0
22108,46591,-1
22109,57170,0
22110,-1,0
22111,-1,0
22112,5580,-1
22113,91693,0
22114,16266,1
22115,57486,0
22116,72925,-1
22117,76562,-1
22118,28422,0
22119,53822,0
22120,80810,0
22121,7125,1
22122,42819,1
22123,60978,-1
22124,58325,-1
22125,60887,0
22126,31301,1
22127,26769,1
22128,96691,1
22129,12399,-1
22130,66868,-1
22131,63737,0
22132,88686,-1
22133,93303,1
22134,11677,-1
22135,-1,0
22136,96158,0
22137,16942,0
22138,79653,-1
22139,74464,0
22140,-1,0
22141,10567,0
22142,31627,1
22143,37964,1
22144,-1,0
22145,77175,0
22146,73462,-1
22147,-1,0
22148,67619,1
22149,70592,-1
22150,49484,1
22151,35683,-1
22152,62576,1
22153,-1,0
22154,63300,1
22155,-1,0
22156,91159,0
22157,7618,0
22158,58838,0
22159,83193,1
22160,43325,1
22161,-1,0
22162,89547,1
22163,17999,0
22164,57601,0
22165,43626,0
22166,52434,0
22167,91323,-1
22168,64955,-1
22169,79591,0
22170,56736,0
22171,72511,-1
22172,18792,0
22173,-1,0
22174,95705,1
22175,12738,-1
22176,46729,1
22177,14463,0
22178,6896,1
22179,56585,-1
22180,45094,0
22181,33276,1
22182,97188,0
22183,40380,1
22184,47541,0
22185,57656,-1
22186,71852,0
22187,52485,0
22188,53313,0
22189,-1,0
22190,66725,1
22191,5096,1
22192,93547,0
22193,44697,0
22194,37310,1
22195,37386,-1
22196,96723,-1
22197,51869,1
22198,36740,-1
22199,-1,0
22200,-1,0
22201,98777,1
22202,87577,0
22203,44125,0
22204,-1,0
22205,-1,0
22206,31457,0
22207,52937,0
22208,28362,-1
22209,-1,0
22210,60843,1
22211,56947,0
22212,36418,0
22213,22253,-1
22214,64252,0
22215,49930,0
22216,-1,0
22217,41361,1
22218,63691,1
22219,57345,-1
22220,7990,-1
22221,36046,-1
22222,-1,0
22223,97228,0
22224,59781,-1
22225,76274,1
22226,9549,-1
22227,95206,-1
22228,74898,-1
22229,95687,-1
22230,-1,0
22231,47528,-1
22232,49202,1
22233,5686,1
22234,97640,1
22235,75128,0
22236,17399,0
22237,89302,0
22238,77257,1
22239,41989,0
22240,23641,0
22241,49767,0
22242,71362,1
22243,22761,0
22244,73254,0
22245,86483,1
22246,-1,0
22247,15900,0
22248,-1,0
22249,-1,0
22250,98791,1
22251,82203,-1
22252,50496,0
22253,44942,1
22254,45602,0
22255,52295,-1
22256,-1,0
22257,70350,0
22258,39389,-1
22259,76776,-1
22260,42779,1
22261,64651,0
22262,28680,-1
22263,10223,0
22264,-1,0
22265,34019,1
22266,-1,0
22267,19861,-1
22268,25008,1
22269,70634,0
22270,39213,1
22271,61073,0
22272,-1,0
22273,7417,0
22274,-1,0
22275,90100,-1
22276,-1,0
22277,49030,1
22278,97341,0
22279,-1,0
22280,-1,0
22281,38551,1
22282,33055,0
22283,98801,0
22284,98514,0
22285,18800,1
22286,98834,0
22287,50851,0
22288,-1,0
22289,93908,-1
22290,2901,-1
22291,62215,1
22292,42603,0
22293,83063,-1
22294,-1,0
22295,26339,1
22296,63914,-1
22297,34972,0
22298,9111,-1
22299,35750,1
22300,36396,-1
22301,22554,1
22302,524,0
22303,31696,-1
22304,78663,0
22305,11732,0
22306,44366,1
22307,30682,0
22308,62859,0
22309,72216,0
22310,1593,-1
22311,35719,0
22312,18,1
22313,83525,1
22314,-1,0
22315,-1,0
22316,-1,0
22317,92916,0
22318,-1,0
22319,998,0
22320,68616,-1
22321,86180,0
22322,-1,0
22323,-1,0
22324,54080,0
22325,-1,0
22326,73247,-1
22327,-1,0
22328,63811,0
22329,25159,0
22330,60198,1
22331,88351,0
22332,-1,0
22333,-1,0
22334,43384,0
22335,24960,-1
22336,54488,0
22337,90840,0
22338,83108,-1
22339,25187,-1
22340,64699,1
22341,43349,0
22342,-1,0
22343,20183,0
22344,59517,1
22345,-1,0
22346,33711,0
22347,90615,1
22348,78802,1
22349,21954,0
22350,94937,0
22351,47982,-1
22352,76950,0
22353,-1,0
22354,-1,0
22355,-1,0
22356,66274,0
22357,-1,0
22358,53426,1
22359,83537,0
22360,-1,0
22361,95855,0
22362,57630,1
22363,45064,1
22364,39269,0
22365,43678,0
22366,77749,1
22367,85336,-1
22368,40498,0
22369,92621,-1
22370,84710,1
22371,7624,0
22372,73078,1
22373,67331,1
22374,-1,0
22375,23750,0
22376,-1,0
22377,68135,1
22378,12152,0
22379,26723,0
22380,69639,0
22381,59692,0
22382,32814,0
22383,-1,0
22384,84998,0
22385,93299,1
22386,3292,-1
22387,79993,-1
22388,56654,-1
22389,79337,0
22390,64447,1
22391,-1,0
22392,32805,1
22393,93643,1
22394,16642,-1
22395,30604,-1
22396,79132,1
22397,-1,0
22398,-1,0
22399,64682,0
22400,-1,0
22401,84375,-1
22402,26363,-1
22403,14442,-1
22404,46033,0
22405,79557,-1
22406,31084,-1
22407,-1,0
22408,-1,0
22409,49131,-1
22410,40448,-1
22411,71604,0
22412,41864,0
22413,26008,1
22414,55256,1
22415,86000,-1
22416,94205,0
22417,-1,0
22418,52210,1
22419,-1,0
22420,96139,-1
22421,-1,0
22422,5964,-1
22423,49957,1
22424,-1,0
22425,25430,0
22426,869,1
22427,-1,0
22428,-1,0
22429,17687,0
22430,-1,0
22431,-1,0
22432,97708,0
22433,43816,0
22434,60091,0
22435,69247,0
22436,80609,-1
22437,48018,0
22438,44157,0
22439,-1,0
22440,88663,0
22441,87781,0
22442,9346,1
22443,54110,0
22444,35723,-1
22445,84005,1
22446,99436,1
22447,88439,1
22448,-1,0
22449,22180,0
22450,56858,-1
22451,60052,0
22452,52969,1
22453,68659,0
22454,61319,-1
22455,46429,1
22456,27468,0
22457,27175,-1
22458,-1,0
22459,68703,1
22460,-1,0
22461,49733,0
22462,-1,0
22463,93752,1
22464,-1,0
22465,85671,-1
22466,41239,0
22467,11959,-1
22468,-1,0
22469,22021,1
22470,44330,0
22471,12084,-1
22472,36666,0
22473,84582,-1
22474,22263,-1
22475,24584,0
22476,3569,0
22477,-1,0
22478,59202,1
22479,96555,1
22480,26419,-1
22481,81309,0
22482,70117,0
22483,76682,0
22484,58873,1
22485,37530,-1
22486,63602,1
22487,52728,1
22488,72678,-1
22489,82608,0
22490,53731,1
22491,87580,0
22492,37871,0
22493,44486,0
22494,72106,-1
22495,22194,0
22496,85164,0
22497,88068,-1
22498,-1,0
22499,7625,-1
22500,49214,0
22501,-1,0
22502,94343,1
22503,78512,1
22504,79534,-1
22505,88732,0
22506,43848,0
22507,64151,1
22508,5301,0
22509,55131,1
22510,76737,0
22511,98792,-1
22512,81366,0
22513,20314,1
22514,-1,0
22515,13134,0
22516,39592,0
22517,82223,1
22518,77873,0
22519,60164,0
22520,20661,1
22521,89487,1
22522,29472,1
22523,89636,0
22524,76660,0
22525,76463,1
22526,42014,1
22527,-1,0
22528,42284,0
22529,13578,1
22530,57154,0
22531,71493,0
22532,17751,1
22533,77803,0
22534,-1,0
22535,56265,0
22536,38289,-1
22537,-1,0
22538,68540,1
22539,90201,0
22540,26971,1
22541,67990,-1
22542,17843,0
22543,16050,0
22544,-1,0
22545,9943,0
22546,-1,0
22547,7203,-1
22548,45413,0
22549,43343,-1
22550,71209,-1
22551,58662,1
22552,22645,0
22553,65458,1
22554,99725,0
22555,19965,1
22556,57245,1
22557,53407,0
22558,-1,0
22559,56267,0
22560,65085,0
22561,44394,0
22562,92309,-1
22563,75433,-1
22564,67039,0
22565,43468,1
22566,59394,-1
22567,80327,0
22568,42946,0
22569,1841,0
22570,70070,1
22571,80656,-1
22572,-1,0
22573,83084,0
22574,89659,0
22575,84939,-1
22576,85399,0
22577,-1,0
22578,80491,0
22579,-1,0
22580,48864,1
22581,86511,1
22582,95605,1
22583,-1,0
22584,12552,0
22585,75782,0
22586,93314,0
22587,-1,0
22588,12765,1
22589,76003,0
22590,32244,0
22591,57965,0
22592,43282,0
22593,27075,1
22594,33884,-1
22595,95321,1
22596,64607,0
22597,4430,1
22598,69983,-1
22599,-1,0
22600,-1,0
22601,37352,0
22602,16993,-1
22603,64309,0
22604,34699,0
22605,10417,1
22606,-1,0
22607,40348,0
22608,27816,0
22609,66603,1
22610,-1,0
22611,31782,0
22612,10720,0
22613,34479,0
22614,22481,1
22615,29485,-1
22616,-1,0
22617,-1,0
22618,41799,-1
22619,-1,0
22620,65563,0
22621,-1,0
22622,71436,0
22623,49465,1
22624,60431,0
22625,66114,0
22626,38789,0
22627,29538,1
22628,14209,0
22629,-1,0
22630,92257,0
22631,29842,-1
22632,83797,0
22633,-1,0
22634,-1,0
22635,9726,0
22636,8361,1
22637,58886,0
22638,2179,1
22639,16888,1
22640,84562,0
22641,80933,0
22642,98366,1
22643,19027,1
22644,23178,-1
22645,52140,0
22646,30705,0
22647,-1,0
22648,53671,-1
22649,35896,1
22650,-1,0
22651,60374,0
22652,52857,0
22653,64707,-1
22654,-1,0
22655,90610,0
22656,18933,-1
22657,33267,0
22658,17249,1
22659,75704,0
22660,28796,1
22661,-1,0
22662,41079,-1
22663,-1,0
22664,50185,-1
22665,38309,0
22666,46019,1
22667,84198,0
22668,87564,0
22669,-1,0
22670,25580,1
22671,-1,0
22672,20729,1
22673,65423,1
22674,96729,-1
22675,-1,0
22676,89542,1
22677,75565,-1
22678,81488,0
22679,69346,0
22680,24120,0
22681,-1,0
22682,94312,1
22683,13793,1
22684,-1,0
22685,85754,0
22686,39692,0
22687,20471,0
22688,87925,1
22689,21886,1
22690,80650,0
22691,84338,0
22692,68463,0
22693,-1,0
22694,56985,-1
22695,49741,-1
22696,69411,1
22697,41942,0
22698,53841,0
22699,6048,0
22700,21907,1
22701,7149,1
22702,60431,1
22703,67968,1
22704,59831,0
22705,90384,0
22706,75608,-1
22707,24997,-1
22708,25631,-1
22709,65446,0
22710,-1,0
22711,80094,-1
22712,13300,0
22713,82200,0
22714,75203,0
22715,67551,1
22716,74290,-1
22717,279,-1
22718,72631,0
22719,-1,0
22720,6391,0
22721,96121,1
22722,84067,1
22723,19849,0
22724,77500,-1
22725,66547,0
22726,90599,0
22727,-1,0
22728,50440,0
22729,80438,1
22730,2432,-1
22731,7462,0
22732,69826,-1
22733,68451,0
22734,30978,1
22735,46500,1
22736,25837,0
22737,95068,1
22738,30010,0
22739,57522,0
22740,4078,-1
22741,48493,0
22742,37792,-1
22743,69963,0
22744,-1,0
22745,45719,-1
22746,92575,-1
22747,-1,0
22748,16043,-1
22749,74728,0
22750,73795,0
22751,-1,0
22752,86290,-1
22753,44780,0
22754,16246,0
22755,21802,0
22756,10883,-1
22757,86846,0
22758,13585,-1
22759,10209,0
22760,87940,0
22761,43591,-1
22762,53604,0
22763,93271,0
22764,67602,-1
22765,68167,0
22766,96072,0
22767,69076,0
22768,31997,-1
22769,75170,1
22770,38664,1
22771,40662,-1
22772,23703,1
22773,56299,-1
22774,63712,0
22775,25023,0
22776,-1,0
22777,43786,-1
22778,16991,0
22779,-1,0
22780,17485,0
22781,20658,-1
22782,82776,0
22783,75109,0
22784,84775,1
22785,-1,0
22786,24982,-1
22787,59374,0
22788,94216,1
22789,39751,0
22790,97961,0
22791,-1,0
22792,18571,-1
22793,78178,1
22794,19256,1
22795,48084,1
22796,90876,0
22797,9382,0
22798,34857,1
22799,74634,0
22800,-1,0
22801,38209,1
22802,58345,0
22803,51679,-1
22804,98620,0
22805,77497,0
22806,58702,0
22807,-1,0
22808,95341,0
22809,36795,1
22810,49559,1
22811,29130,-1
22812,47129,-1
22813,48740,1
22814,52458,1
22815,-1,0
22816,59854,0
22817,27871,0
22818,12120,-1
22819,31541,0
22820,36673,0
22821,15073,0
22822,14984,0
22823,79665,1
22824,20016,0
22825,44636,1
22826,14989,0
22827,-1,0
22828,54799,-1
22829,41822,0
22830,31738,1
22831,54478,0
22832,94571,0
22833,49588,-1
22834,76821,-1
22835,70143,0
22836,-1,0
22837,13767,1
22838,81775,0
22839,84353,1
22840,64807,-1
22841,34736,-1
22842,56215,0
22843,-1,0
22844,-1,0
22845,45677,-1
22846,74658,0
22847,43628,0
22848,48900,0
22849,98990,0
22850,69630,1
22851,88196,0
22852,70146,0
22853,82212,0
22854,40727,1
22855,-1,0
22856,91227,0
22857,13080,-1
22858,-1,0
22859,99918,-1
22860,85520,0
22861,24384,1
22862,-1,0
22863,54296,1
22864,93309,0
22865,61082,0
22866,50755,1
22867,58933,0
22868,74399,0
22869,-1,0
22870,36421,-1
22871,86072,0
22872,55854,0
22873,82135,-1
22874,-1,0
22875,99017,0
22876,76128,-1
22877,-1,0
22878,49140,0
22879,30583,0
22880,-1,0
22881,24642,-1
22882,-1,0
22883,59852,0
22884,83294,0
22885,46924,0
22886,43896,1
22887,50005,0
22888,29827,1
22889,-1,0
22890,32955,-1
22891,148,0
22892,65773,-1
22893,45515,0
22894,85571,-1
22895,46375,1
22896,27058,0
22897,75363,0
22898,29941,-1
22899,11627,0
22900,83622,-1
22901,69178,1
22902,41575,-1
22903,62117,-1
22904,-1,0
22905,58256,-1
22906,44074,1
22907,59028,0
22908,-1,0
22909,98133,-1
22910,22540,0
22911,92382,0
22912,78377,-1
22913,13375,1
22914,58656,1
22915,971,1
22916,83268,0
22917,-1,0
22918,7033,-1
22919,37244,1
22920,42657,-1
22921,75252,-1
22922,93865,-1
22923,96629,0
22924,64346,0
22925,-1,0
22926,10429,0
22927,27097,0
22928,94178,-1
22929,59876,0
22930,59638,0
22931,-1,0
22932,28536,0
22933,38087,1
22934,93317,0
22935,34076,0
22936,37871,1
22937,-1,0
22938,97503,1
22939,88845,-1
22940,97669,-1
22941,78106,-1
22942,64894,0
22943,22665,0
22944,-1,0
22945,30454,0
22946,87086,-1
22947,33030,-1
22948,-1,0
22949,60842,0
22950,7483,0
22951,58708,0
22952,9489,-1
22953,49272,0
22954,-1,0
22955,20315,0
22956,35088,0
22957,77423,-1
22958,29770,0
22959,69167,0
22960,39616,1
22961,-1,0
22962,85334,-1
22963,39357,0
22964,63296,1
22965,46925,0
22966,72158,1
22967,33580,-1
22968,11474,1
22969,24264,-1
22970,71851,0
22971,29753,0
22972,12452,0
22973,86716,0
22974,32162,0
22975,91667,-1
22976,-1,0
22977,82757,1
22978,38101,-1
22979,41776,1
22980,29,-1
22981,7853,1
22982,49094,0
22983,-1,0
22984,92986,0
22985,33150,0
22986,35271,-1
22987,8087,-1
22988,8476,0
22989,96739,0
22990,13872,0
22991,75514,0
22992,28722,-1
22993,64973,1
22994,55596,0
22995,20809,0
22996,-1,0
22997,88293,1
22998,-1,0
22999,-1,0
23000,47133,-1
23001,29538,0
23002,22495,1
23003,77460,1
23004,22208,-1
23005,54098,1
23006,41760,0
23007,18550,1
23008,64625,0
23009,53097,1
23010,162,-1
23011,90877,1
23012,-1,0
23013,92882,0
23014,65085,1
23015,-1,0
23016,75835,0
23017,74749,0
23018,42466,0
23019,18108,0
23020,55180,0
23021,79485,0
23022,92590,1
23023,75767,0
23024,86177,1
23025,67989,-1
23026,13136,0
23027,14025,1
23028,34459,0
23029,92629,-1
23030,80968,1
23031,8142,0
23032,-1,0
23033,72497,1
23034,-1,0
23035,6284,1
23036,3917,0
23037,61689,1
23038,-1,0
23039,71583,-1
23040,-1,0
23041,-1,0
23042,44657,-1
23043,75343,0
23044,79403,0
23045,-1,0
23046,89097,0
23047,-1,0
23048,80155,0
23049,99464,-1
23050,16802,1
23051,33203,0
23052,69871,-1
23053,1528,0
23054,93157,-1
23055,82232,1
23056,50833,0
23057,18228,-1
23058,70231,0
23059,82719,0
23060,91862,1
23061,75297,1
23062,88401,0
23063,829,0
23064,49601,0
23065,38823,0
23066,90400,-1
23067,-1,0
23068,66731,0
23069,76502,0
23070,76385,1
23071,-1,0
23072,46454,-1
23073,14467,0
23074,-1,0
23075,76665,0
23076,47396,1
23077,49512,-1
23078,28930,-1
23079,40040,-1
23080,70171,-1
23081,29369,-1
23082,80781,0
23083,30976,0
23084,-1,0
23085,83150,-1
23086,44101,0
23087,32184,1
23088,40090,-1
23089,53635,-1
23090,84624,0
23091,82629,-1
23092,60512,1
23093,15937,0
23094,25676,0
23095,74049,0
23096,87775,0
23097,79136,0
23098,86093,-1
23099,16988,1
23100,-1,0
23101,56809,0
23102,-1,0
23103,-1,0
23104,6966,0
23105,34249,0
23106,73504,0
23107,61035,0
23108,38108,1
23109,45340,-1
23110,47138,-1
23111,40175,1
23112,69673,1
23113,35270,-1
23114,25603,0
23115,16923,0
23116,33881,-1
23117,32924,0
23118,-1,0
23119,-1,0
23120,97528,1
23121,65754,0
23122,29181,0
23123,83303,-1
23124,19318,0
23125,82987,-1
23126,25249,-1
23127,8670,0
23128,61900,0
23129,44306,1
23130,45119,1
23131,91773,0
23132,67239,0
23133,20121,-1
23134,9651,0
23135,78142,1
23136,45972,1
23137,66142,0
23138,77917,1
23139,85361,0
23140,47082,0
23141,30945,0
23142,57220,0
23143,79551,0
23144,25974,0
23145,22394,1
23146,39765,-1
23147,69043,1
23148,96659,1
23149,64096,1
23150,-1,0
23151,11364,-1
23152,92233,-1
23153,66599,0
23154,73155,0
23155,72426,0
23156,88737,0
23157,-1,0
23158,283,0
23159,74564,-1
23160,35458,-1
23161,82425,-1
23162,68022,0
23163,35808,1
23164,26100,0
23165,82385,1
23166,71611,-1
23167,84671,0
23168,-1,0
23169,94125,-1
23170,75524,0
23171,66589,0
23172,69556,1
23173,58734,-1
23174,13212,0
23175,64453,0
23176,-1,0
23177,67225,0
23178,36159,1
23179,46484,1
23180,-1,0
23181,11013,0
23182,-1,0
23183,13840,0
23184,97482,0
23185,72782,0
23186,56278,0
23187,54956,-1
23188,7719,1
23189,3097,1
23190,39667,-1
23191,88168,-1
23192,94179,1
23193,-1,0
23194,30495,0
23195,65944,0
23196,-1,0
23197,43756,0
23198,13778,0
23199,75860,0
23200,16364,0
23201,53024,-1
23202,20434,0
23203,-1,0
23204,35352,1
23205,60265,0
23206,-1,0
23207,82463,1
23208,11826,0
23209,70073,0
23210,-1,0
23211,64798,1
23212,-1,0
23213,21261,1
23214,35744,0
23215,27045,-1
23216,57195,0
23217,28937,-1
23218,72306,-1
23219,46230,0
23220,76972,-1
23221,-1,0
23222,17998,0
23223,33181,0
23224,85334,0
23225,-1,0
23226,17263,0
23227,25244,0
23228,37808,-1
23229,39353,0
23230,58886,1
23231,12293,1
23232,53687,0
23233,69844,-1
23234,52581,-1
23235,7698,0
23236,55239,1
23237,59995,1
23238,26593,0
23239,19388,0
23240,89577,1
23241,63902,0
23242,-1,0
23243,23622,0
23244,-1,0
23245,25918,-1
23246,65331,0
23247,-1,0
23248,84364,0
23249,59539,1
23250,95154,0
23251,7383,0
23252,-1,0
23253,30452,-1
23254,62382,0
23255,17125,-1
23256,47955,0
23257,48628,0
23258,91474,1
23259,-1,0
23260,34571,0
23261,12989,0
23262,-1,0
23263,25307,-1
23264,-1,0
23265,3598,0
23266,46791,1
23267,-1,0
23268,48218,1
23269,49810,0
23270,66695,1
23271,89267,0
23272,51782,1
23273,69130,0
23274,75774,1
23275,74453,0
23276,-1,0
23277,78716,-1
23278,3278,0
23279,63104,0
23280,79704,1
23281,30891,-1
23282,20733,1
23283,91029,0
23284,97242,-1
23285,-1,0
23286,-1,0
23287,17615,0
23288,62578,0
23289,-1,0
23290,33317,0
23291,-1,0
23292,42697,-1
23293,59971,-1
23294,-1,0
23295,-1,0
23296,2496,0
23297,86088,0
23298,35606,1
23299,40024,0
23300,-1,0
23301,68059,0
23302,27108,0
23303,84212,-1
23304,29961,0
23305,-1,0
23306,97674,-1
23307,91937,0
23308,8919,0
23309,86799,0
23310,72111,-1
23311,97065,0
23312,38871,0
23313,85562,0
23314,63799,-1
23315,96137,-1
23316,-1,0
23317,65663,-1
23318,28352,0
23319,-1,0
23320,-1,0
23321,-1,0
23322,5078,0
23323,9797,0
23324,-1,0
23325,-1,0
23326,59109,0
23327,67122,0
23328,48257,1
23329,44984,-1
23330,34410,-1
23331,5120,0
23332,15801,-1
23333,51141,0
23334,11765,0
23335,2683,-1
23336,-1,0
23337,5924,0
23338,62781,0
23339,87031,0
23340,-1,0
23341,31785,-1
23342,81231,-1
23343,97848,1
23344,95692,0
23345,98606,-1
23346,73150,0
23347,89062,0
23348,72914,0
23349,42339,0
23350,66942,1
23351,11196,0
23352,10755,-1
23353,51686,0
23354,14259,0
23355,41090,0
23356,89013,0
23357,87814,0
23358,4279,-1
23359,69948,0
23360,11546,0
23361,67013,0
23362,3231,1
23363,-1,0
23364,12540,1
23365,34562,-1
23366,-1,0
23367,93663,0
23368,90238,1
23369,6192,0
23370,26653,0
23371,-1,0
23372,27783,0
23373,69581,0
23374,5051,0
23375,67291,-1
23376,-1,0
23377,-1,0
23378,68468,1
23379,43434,1
23380,82136,0
23381,75290,0
23382,80324,1
23383,-1,0
23384,55160,1
23385,88198,1
23386,21568,0
23387,29575,1
23388,62224,0
23389,19027,0
23390,35105,0
23391,46672,-1
23392,69900,-1
23393,15343,-1
23394,53007,-1
23395,72657,0
23396,66475,-1
23397,99674,1
23398,1199,-1
23399,90153,0
23400,-1,0
23401,7204,-1
23402,54827,0
23403,35576,0
23404,57507,-1
23405,51048,0
23406,-1,0
23407,32755,1
23408,-1,0
23409,89127,0
23410,-1,0
23411,-1,0
23412,94755,0
23413,54826,1
23414,32069,1
23415,68839,0
23416,14645,0
23417,87467,0
23418,-1,0
23419,62155,0
23420,850,1
23421,66867,-1
23422,46633,0
23423,27294,0
23424,-1,0
23425,81814,1
23426,51606,0
23427,27852,1
23428,66390,0
23429,80560,-1
23430,9447,-1
23431,91834,0
23432,27109,-1
23433,78641,-1
23434,41838,1
23435,828,-1
23436,30354,-1
23437,61632,1
23438,76223,1
23439,64019,-1
23440,20150,0
23441,73851,-1
23442,52733,-1
23443,23897,0
23444,74283,0
23445,13046,-1
23446,35524,1
23447,-1,0
23448,5720,-1
23449,78355,-1
23450,92905,1
23451,36521,0
23452,47896,1
23453,36458,0
23454,-1,0
23455,97665,1
23456,41811,-1
23457,18138,-1
23458,29431,-1
23459,-1,0
23460,63733,0
23461,57358,1
23462,74189,-1
23463,32665,1
23464,47488,0
23465,42255,1
23466,86881,1
23467,2754,0
23468,21431,0
23469,65479,0
23470,-1,0
23471,57760,1
23472,38631,0
23473,-1,0
23474,55631,0
23475,48033,1
23476,50883,0
23477,-1,0
23478,80396,0
23479,71077,1
23480,82978,-1
23481,-1,0
23482,47991,-1
23483,73006,1
23484,34474,0
23485,41224,-1
23486,-1,0
23487,64780,0
23488,29506,1
23489,98064,-1
23490,26082,1
23491,71120,-1
23492,82747,0
23493,15577,1
23494,77581,1
23495,15866,-1
23496,91224,0
23497,21510,0
23498,-1,0
23499,56629,-1
23500,51795,0
23501,70234,0
23502,-1,0
23503,60200,1
23504,92892,-1
23505,79799,0
23506,79610,0
23507,16335,0
23508,39630,1
23509,25319,0
23510,37392,-1
23511,-1,0
23512,-1,0
23513,36829,0
23514,35945,0
23515,92764,0
23516,6291,1
23517,40493,0
23518,-1,0
23519,50292,1
23520,75065,0
23521,7799,1
23522,-1,0
23523,60877,1
23524,33292,0
23525,81774,0
23526,83788,0
23527,93649,-1
23528,-1,0
23529,71289,0
23530,60031,0
23531,61633,0
23532,25032,1
23533,72828,0
23534,6752,0
23535,51059,1
23536,78981,0
23537,49187,-1
23538,39151,0
23539,-1,0
23540,62756,0
23541,89840,0
23542,-1,0
23543,31070,1
23544,52207,0
23545,95810,1
23546,26021,0
23547,-1,0
23548,2948,0
23549,86583,-1
23550,97716,-1
23551,40843,-1
23552,-1,0
23553,66416,-1
23554,19274,-1
23555,97996,0
23556,96670,0
23557,-1,0
23558,95568,-1
23559,65333,0
23560,9951,0
23561,4148,0
23562,-1,0
23563,17268,-1
23564,35062,0
23565,84395,-1
23566,30779,1
23567,81178,-1
23568,-1,0
23569,12347,0
23570,1726,0
23571,78544,-1
23572,21681,0
23573,37224,-1
23574,-1,0
23575,26106,1
23576,48648,0
23577,17780,-1
23578,87620,0
23579,22958,-1
23580,44641,0
23581,22082,0
23582,70523,-1
23583,20152,1
23584,-1,0
23585,88262,0
23586,49326,0
23587,84846,0
23588,82925,-1
23589,76828,-1
23590,88168,0
23591,72448,-1
23592,72011,0
23593,63535,1
23594,26139,0
23595,86940,0
23596,-1,0
23597,82902,1
23598,77464,0
23599,29687,0
23600,83826,0
23601,81243,0
23602,62330,0
23603,55748,-1
23604,12223,0
23605,41468,0
23606,20305,-1
23607,73608,-1
23608,51340,1
23609,57335,0
23610,85299,-1
23611,-1,0
23612,58887,1
23613,43069,0
23614,-1,0
23615,89896,0
23616,89298,-1
23617,-1,0
23618,11767,0
23619,69621,1
23620,82850,0
23621,99,-1
23622,49234,-1
23623,79503,0
23624,73461,1
23625,94646,1
23626,-1,0
23627,83007,1
23628,56095,0
23629,87438,0
23630,45999,0
23631,-1,0
23632,91844,0
23633,38143,0
23634,86275,0
23635,95910,0
23636,97582,0
23637,58788,0
23638,-1,0
23639,49254,1
23640,47563,1
23641,94871,1
23642,64529,1
23643,81108,0
23644,75097,0
23645,26802,0
23646,59707,1
23647,66697,0
23648,9610,-1
23649,75829,0
23650,37887,1
23651,-1,0
23652,91523,0
23653,28836,1
23654,45012,-1
23655,89184,-1
23656,30800,-1
23657,88851,-1
23658,58201,1
23659,83446,-1
23660,-1,0
23661,80102,-1
23662,61140,0
23663,34114,1
23664,35195,0
23665,89110,1
23666,94141,0
23667,1899,-1
23668,30814,-1
23669,10764,-1
23670,64131,1
23671,56362,1
23672,87343,-1
23673,33215,0
23674,98501,0
23675,29033,1
23676,53289,0
23677,34367,1
23678,14848,0
23679,68929,1
23680,-1,0
23681,42942,1
23682,14606,-1
23683,-1,0
23684,58075,0
23685,51928,-1
23686,6727,1
23687,-1,0
23688,2369,1
23689,-1,0
23690,39284,-1
23691,50997,0
23692,-1,0
23693,79786,0
23694,94559,-1
23695,83104,0
23696,41916,1
23697,81689,-1
23698,64121,-1
23699,39696,0
23700,49535,0
23701,96241,0
23702,14645,-1
23703,-1,0
23704,45459,-1
23705,84510,1
23706,27298,0
23707,62073,0
23708,82639,0
23709,43375,-1
23710,9026,1
23711,-1,0
23712,52196,-1
23713,3446,1
23714,93256,0
23715,38406,0
23716,86990,0
23717,74726,-1
23718,66371,0
23719,45170,0
23720,87391,0
23721,-1,0
23722,32949,1
23723,-1,0
23724,83423,0
23725,22167,-1
23726,15607,-1
23727,10836,1
23728,86235,1
23729,59976,1
23730,62902,0
23731,61537,0
23732,96048,1
23733,82814,1
23734,48960,-1
23735,84048,0
23736,47499,-1
23737,22489,1
23738,91079,-1
23739,63987,-1
23740,57706,1
23741,91764,0
23742,33454,1
23743,67884,0
23744,91871,-1
23745,82059,0
23746,55738,0
23747,22394,0
23748,-1,0
23749,92288,-1
23750,75561,1
23751,20007,0
23752,21370,1
23753,92997,0
23754,95848,0
23755,71880,1
23756,-1,0
23757,34982,1
23758,71761,1
23759,31924,1
23760,86663,1
23761,-1,0
23762,-1,0
23763,26614,0
23764,-1,0
23765,67605,-1
23766,67038,0
23767,-1,0
23768,34819,0
23769,33157,0
23770,98880,0
23771,52947,-1
23772,94524,0
23773,26876,-1
23774,97975,0
23775,56027,0
23776,64293,-1
23777,62520,0
23778,-1,0
23779,36531,1
23780,3839,-1
23781,51382,-1
23782,57769,0
23783,88025,-1
23784,22936,-1
23785,58336,0
23786,92987,0
23787,18357,1
23788,41518,-1
23789,16738,0
23790,46749,1
23791,29937,0
23792,81398,-1
23793,-1,0
23794,34678,0
23795,67758,0
23796,45828,-1
23797,26340,0
23798,66598,1
23799,59609,0
23800,16006,0
23801,3888,0
23802,49651,0
23803,75212,0
23804,52434,1
23805,20777,-1
23806,-1,0
23807,55941,0
23808,31590,-1
23809,43393,-1
23810,97591,1
23811,10271,-1
23812,29694,-1
23813,35883,0
23814,-1,0
23815,97710,0
23816,95109,0
23817,93097,0
23818,9001,1
23819,63125,0
23820,81570,1
23821,42191,0
23822,8744,1
23823,5271,0
23824,13551,-1
23825,89967,0
23826,17012,0
23827,33817,-1
23828,1489,-1
23829,90377,1
23830,-1,0
23831,-1,0
23832,41087,-1
23833,68437,1
23834,-1,0
23835,39355,1
23836,37152,0
23837,69008,-1
23838,57357,1
23839,44855,0
23840,71048,0
23841,-1,0
23842,20539,0
23843,97662,0
23844,5279,1
23845,53738,1
23846,38143,1
23847,67860,0
23848,-1,0
23849,81140,0
23850,59686,0
23851,19606,-1
23852,9490,0
23853,97315,-1
23854,28624,0
23855,59759,0
23856,-1,0
23857,13649,0
23858,84021,-1
23859,39943,1
23860,80315,-1
23861,-1,0
23862,26545,-1
23863,57269,0
23864,42602,0
23865,79689,0
23866,17994,-1
23867,40595,0
23868,74913,0
23869,75150,1
23870,78780,1
23871,47310,1
23872,96443,1
23873,47326,0
23874,95132,0
23875,87773,-1
23876,33559,0
23877,-1,0
23878,45011,1
23879,86009,0
23880,66932,0
23881,84995,0
23882,88369,1
23883,24080,-1
23884,91366,0
23885,44237,0
23886,84270,0
23887,94739,-1
23888,96067,1
23889,-1,0
23890,64848,1
23891,49035,0
23892,32859,0
23893,34347,0
23894,36826,1
23895,33139,1
23896,83744,0
23897,73912,1
23898,-1,0
23899,87481,-1
23900,-1,0
23901,12217,0
23902,-1,0
23903,-1,0
23904,76797,1
23905,75656,1
23906,-1,0
23907,76685,0
23908,85691,-1
23909,28370,-1
23910,-1,0
23911,-1,0
23912,81249,0
23913,-1,0
23914,47781,0
23915,74665,1
23916,-1,0
23917,70258,0
23918,37501,1
23919,35576,-1
23920,-1,0
23921,-1,0
23922,26208,-1
23923,20277,0
23924,87206,-1
23925,32417,0
23926,56386,0
23927,80026,0
23928,25147,0
23929,63852,1
23930,-1,0
23931,13997,0
23932,52822,-1
23933,62097,-1
23934,44302,1
23935,24224,1
23936,55401,-1
23937,55757,-1
23938,32527,0
23939,39346,0
23940,67458,0
23941,21380,0
23942,25252,-1
23943,33946,0
23944,33483,0
23945,89982,0
23946,41226,-1
23947,59480,-1
23948,12108,-1
23949,44893,0
23950,41034,0
23951,76224,0
23952,22058,0
23953,42016,1
23954,80958,0
23955,23980,0
23956,-1,0
23957,81847,1
23958,17965,1
23959,46784,-1
23960,21665,-1
23961,76399,0
23962,90090,0
23963,224,0
23964,85144,0
23965,34411,0
23966,58219,0
23967,87459,0
23968,33689,0
23969,40112,0
23970,48655,1
23971,36769,1
23972,59523,0
23973,75983,0
23974,-1,0
23975,15706,0
23976,-1,0
23977,42423,1
23978,448,0
23979,91563,0
23980,-1,0
23981,9598,0
23982,7810,0
23983,-1,0
23984,89624,1
23985,78877,0
23986,60480,0
23987,-1,0
23988,91786,-1
23989,83161,0
23990,24953,1
23991,77206,0
23992,5774,0
23993,-1,0
23994,21794,-1
23995,2616,1
23996,-1,0
23997,5738,0
23998,48139,-1
23999,30761,0
24000,45675,0
24001,60062,-1
24002,87039,-1
24003,89929,0
24004,98444,0
24005,57454,1
24006,44383,1
24007,39039,-1
24008,9709,1
24009,70057,-1
24010,67676,1
24011,64800,0
24012,1950,-1
24013,66415,0
24014,72832,0
24015,62024,1
24016,52883,1
24017,13266,-1
24018,65005,-1
24019,64829,1
24020,54509,0
24021,40262,1
24022,84625,0
24023,76882,1
24024,-1,0
24025,27122,-1
24026,58277,0
24027,-1,0
24028,67782,0
24029,11674,-1
24030,51053,1
24031,32576,0
24032,2191,0
24033,96698,0
24034,68539,0
24035,82690,-1
24036,13212,1
24037,30065,1
24038,67270,1
24039,-1,0
24040,-1,0
24041,90853,1
24042,33089,0
24043,84028,0
24044,78183,0
24045,-1,0
24046,46157,0
24047,-1,0
24048,12716,1
24049,94476,1
24050,-1,0
24051,9884,1
24052,67627,-1
24053,17956,0
24054,20557,0
24055,36896,0
24056,87740,1
24057,43654,-1
24058,43675,0
24059,90427,0
24060,39676,-1
24061,-1,0
24062,80587,1
24063,69077,0
24064,62713,0
24065,18271,-1
24066,69423,1
24067,63143,0
24068,-1,0
24069,25244,-1
24070,72434,0
24071,13981,0
24072,-1,0
24073,42651,1
24074,76110,1
24075,57079,0
24076,53683,0
24077,75597,0
24078,38880,0
24079,43038,0
24080,85276,0
24081,66091,0
24082,-1,0
24083,37125,0
24084,86980,0
24085,57122,0
24086,24923,0
24087,4211,-1
24088,644,0
24089,42339,-1
24090,-1,0
24091,65652,0
24092,65827,-1
24093,45854,-1
24094,10568,0
24095,84731,0
24096,82905,-1
24097,63877,0
24098,50343,1
24099,-1,0
24100,34754,0
24101,-1,0
24102,58230,0
24103,77972,1
24104,69548,0
24105,-1,0
24106,-1,0
24107,40551,0
24108,33181,-1
24109,77262,-1
24110,84878,0
24111,60594,0
24112,78144,0
24113,46238,0
24114,93340,0
24115,49285,0
24116,6239,0
24117,-1,0
24118,38685,-1
24119,97883,-1
24120,26541,1
24121,43032,-1
24122,57252,-1
24123,-1,0
24124,20251,0
24125,74669,0
24126,53193,0
24127,50907,-1
24128,-1,0
24129,85141,1
24130,10381,0
24131,90550,1
24132,-1,0
24133,32939,0
24134,-1,0
24135,79886,0
24136,-1,0
24137,-1,0
24138,-1,0
24139,26782,-1
24140,57587,1
24141,-1,0
24142,38277,-1
24143,63765,0
24144,89749,-1
24145,87986,0
24146,70320,1
24147,69135,0
24148,85820,0
24149,58319,0
24150,55372,1
24151,69334,0
24152,14780,0
24153,21141,1
24154,71657,0
24155,59355,0
24156,99204,0
24157,52566,-1
24158,77347,0
24159,34446,1
24160,-1,0
24161,7753,-1
24162,1599,0
24163,24294,1
24164,23247,0
24165,28856,0
24166,75513,0
24167,3096,1
24168,41531,-1
24169,21088,0
24170,-1,0
24171,68738,0
24172,59104,1
24173,14318,0
24174,48135,-1
24175,84538,1
24176,61474,0
24177,87350,1
24178,68233,1
24179,86320,0
24180,19935,-1
24181,16869,0
24182,10441,0
24183,64463,0
24184,57952,-1
24185,22124,0
24186,23509,1
24187,74981,1
24188,84,-1
24189,-1,0
24190,67564,1
24191,60888,-1
24192,47351,0
24193,89824,0
24194,35343,0
24195,17843,-1
24196,-1,0
24197,-1,0
24198,50297,1
24199,-1,0
24200,80102,0
24201,67281,0
24202,-1,0
24203,45668,0
24204,90292,-1
24205,50581,-1
24206,57026,1
24207,54706,0
24208,-1,0
24209,90614,1
24210,78997,1
24211,16727,-1
24212,-1,0
24213,51607,0
24214,19994,1
24215,17288,0
24216,18105,0
24217,-1,0
24218,-1,0
24219,87965,0
24220,44262,-1
24221,41914,0
24222,40264,1
24223,23668,-1
24224,45905,0
24225,35054,0
24226,96227,1
24227,65137,0
24228,53243,0
24229,-1,0
24230,13352,0
24231,29341,0
24232,-1,0
24233,84870,0
24234,61806,-1
24235,13135,1
24236,11304,1
24237,92008,0
24238,53642,0
24239,96918,1
24240,7173,-1
24241,34660,1
24242,78056,0
24243,32508,0
24244,97684,-1
24245,27685,0
24246,59004,-1
24247,54152,0
24248,-1,0
24249,43221,0
24250,-1,0
24251,45979,1
24252,37008,0
24253,41590,0
24254,82075,1
24255,-1,0
24256,96342,1
24257,16681,-1
24258,41281,-1
24259,42544,-1
24260,37613,0
24261,56060,0
24262,38903,0
24263,95444,0
24264,96893,0
24265,16209,1
24266,33761,0
24267,40383,0
24268,77581,0
24269,34131,0
24270,24518,0
24271,88005,0
24272,52979,-1
24273,-1,0
24274,51499,0
24275,32791,-1
24276,-1,0
24277,-1,0
24278,95522,0
24279,-1,0
24280,-1,0
24281,55252,0
24282,27645,0
24283,72916,1
24284,8961,0
24285,65440,-1
24286,76376,1
24287,-1,0
24288,88060,0
24289,-1,0
24290,38790,0
24291,49537,0
24292,51633,0
24293,57453,0
24294,81178,0
24295,55597,0
24296,30386,1
24297,84685,0
24298,94865,0
24299,15303,1
24300,23686,-1
24301,78192,-1
24302,60988,1
24303,-1,0
24304,33051,-1
24305,90220,0
24306,29242,0
24307,-1,0
24308,9856,-1
24309,94642,-1
24310,69552,0
24311,-1,0
24312,69059,0
24313,38386,0
24314,6403,-1
24315,67135,1
24316,-1,0
24317,-1,0
24318,31792,0
24319,86286,0
24320,64784,-1
24321,69800,1
24322,51921,0
24323,56494,-1
24324,89056,1
24325,43496,0
24326,82592,0
24327,38050,0
24328,42057,-1
24329,15542,0
24330,20054,-1
24331,80955,0
24332,35530,-1
24333,27995,0
24334,4393,-1
24335,50605,0
24336,73405,0
24337,51796,0
24338,74506,0
24339,28804,0
24340,-1,0
24341,57096,0
24342,64605,1
24343,74331,0
24344,56133,0
24345,12437,-1
24346,23107,0
24347,55335,0
24348,55124,0
24349,-1,0
24350,8162,-1
24351,33236,-1
24352,85357,0
24353,73910,1
24354,3121,0
24355,-1,0
24356,-1,0
24357,-1,0
24358,75878,0
24359,97085,1
24360,88909,1
24361,11743,0
24362,35095,1
24363,30666,0
24364,76656,1
24365,26340,1
24366,50024,-1
24367,2973,-1
24368,99001,0
24369,16333,0
24370,-1,0
24371,58902,0
24372,68721,0
24373,59598,0
24374,-1,0
24375,75489,1
24376,89637,0
24377,70437,0
24378,18841,0
24379,-1,0
24380,88918,0
24381,-1,0
24382,16735,0
24383,17828,-1
24384,4678,-1
24385,47077,1
24386,25646,0
24387,-1,0
24388,26847,1
24389,87702,1
24390,98968,1
24391,65300,1
24392,79120,0
24393,72170,1
24394,29125,0
24395,85330,0
24396,92334,1
24397,-1,0
24398,-1,0
24399,54895,-1
24400,54382,0
24401,75386,0
24402,8064,0
24403,12315,1
24404,77428,-1
24405,90043,0
24406,59831,-1
24407,-1,0
24408,10806,0
24409,30759,1
24410,69356,-1
24411,36044,1
24412,33802,-1
24413,-1,0
24414,82081,0
24415,90887,0
24416,74081,0
24417,-1,0
24418,25167,0
24419,96253,-1
24420,25012,0
24421,13504,-1
24422,19528,1
24423,2062,0
24424,1467,0
24425,84201,-1
24426,50780,0
24427,-1,0
24428,5801,0
24429,39637,-1
24430,99072,0
24431,-1,0
24432,-1,0
24433,1728,1
24434,88362,-1
24435,64190,0
24436,16878,1
24437,59316,0
24438,-1,0
24439,28795,-1
24440,91944,-1
24441,36691,0
24442,-1,0
24443,45894,-1
24444,54732,1
24445,75578,1
24446,43480,0
24447,78997,0
24448,-1,0
24449,-1,0
24450,-1,0
24451,85316,0
24452,15005,0
24453,-1,0
24454,1301,1
24455,98719,1
24456,-1,0
24457,85660,1
24458,40460,1
24459,36201,0
24460,11561,1
24461,57799,1
24462,37335,0
24463,64479,-1
24464,16926,0
24465,26541,0
24466,73193,1
24467,-1,0
24468,90105,1
24469,25578,0
24470,64191,0
24471,-1,0
24472,75211,0
24473,46363,0
24474,73141,-1
24475,18217,1
24476,-1,0
24477,91223,0
24478,32165,0
24479,69147,-1
24480,-1,0
24481,-1,0
24482,21964,0
24483,79986,1
24484,-1,0
24485,20194,-1
24486,72353,0
24487,89493,0
24488,5766,0
24489,28721,0
24490,84981,-1
24491,72199,0
24492,91341,0
24493,93065,0
24494,82349,0
24495,-1,0
24496,80231,1
24497,35109,-1
24498,98355,-1
24499,97901,-1
24500,65094,0
24501,13005,0
24502,55922,1
24503,38182,0
24504,10666,0
24505,39949,0
24506,91057,0
24507,75575,0
24508,43993,-1
24509,79908,1
24510,10612,0
24511,32740,1
24512,73647,-1
24513,12552,1
24514,63052,0
24515,39069,-1
24516,68073,-1
24517,45038,-1
24518,92938,0
24519,72928,-1
24520,93093,-1
24521,33262,1
24522,59677,1
24523,44753,-1
24524,806,-1
24525,69952,-1
24526,38101,0
24527,93865,0
24528,95517,0
24529,-1,0
24530,34930,-1
24531,59201,-1
24532,-1,0
24533,73692,1
24534,26036,-1
24535,39572,0
24536,97986,-1
24537,3505,0
24538,23218,0
24539,-1,0
24540,6080,-1
24541,5341,1
24542,54385,1
24543,74740,0
24544,38455,1
24545,45893,-1
24546,15943,0
24547,84451,0
24548,95638,1
24549,89599,1
24550,50112,1
24551,85037,0
24552,79882,1
24553,62688,0
24554,57485,0
24555,75190,0
24556,64554,-1
24557,12569,0
24558,74114,1
24559,-1,0
24560,82553,0
24561,78306,1
24562,27767,0
24563,77339,0
24564,83656,0
24565,44872,0
24566,28117,-1
24567,49869,0
24568,43284,0
24569,18226,1
24570,63916,0
24571,81270,-1
24572,17763,-1
24573,16165,-1
24574,96216,1
24575,-1,0
24576,59741,-1
24577,-1,0
24578,41460,0
24579,-1,0
24580,-1,0
24581,81855,0
24582,32232,1
24583,54087,0
24584,82629,0
24585,35336,-1
24586,25015,-1
24587,51966,0
24588,25054,1
24589,19101,-1
24590,82308,-1
24591,-1,0
24592,67814,0
24593,64765,-1
24594,71607,0
24595,41423,0
24596,97020,-1
24597,42876,0
24598,31164,-1
24599,5238,1
24600,78112,0
24601,51096,0
24602,80836,0
24603,25854,-1
24604,96378,0
24605,42161,-1
24606,47663,0
24607,1721,0
24608,126,-1
24609,82269,0
24610,53556,0
24611,95593,-1
24612,65775,0
24613,95752,-1
24614,74505,0
24615,70166,0
24616,-1,0
24617,25251,-1
24618,74871,1
24619,88238,1
24620,96834,0
24621,75389,0
24622,-1,0
24623,22406,1
24624,-1,0
24625,81875,1
24626,77663,-1
24627,94237,0
24628,88881,0
24629,50955,1
24630,72110,1
24631,22667,1
24632,33439,1
24633,32360,-1
24634,70625,0
24635,28151,-1
24636,98259,0
24637,80600,1
24638,74111,0
24639,-1,0
24640,-1,0
24641,93144,0
24642,92626,0
24643,93954,0
24644,66732,-1
24645,46558,0
24646,97555,0
24647,58635,0
24648,48666,-1
24649,-1,0
24650,16702,0
24651,69398,0
24652,-1,0
24653,28493,-1
24654,11233,-1
24655,25423,1
24656,-1,0
24657,76666,-1
24658,-1,0
24659,92452,1
24660,94518,0
24661,61792,0
24662,-1,0
24663,-1,0
24664,80728,-1
24665,-1,0
24666,84520,1
24667,-1,0
24668,-1,0
24669,28475,-1
24670,76812,-1
24671,4617,-1
24672,94623,1
24673,14014,0
24674,81603,1
24675,70783,-1
24676,54568,0
24677,-1,0
24678,-1,0
24679,98193,0
24680,32026,0
24681,68877,0
24682,57772,-1
24683,11601,0
24684,56111,1
24685,93264,0
24686,21672,-1
24687,60046,-1
24688,7291,0
24689,67176,-1
24690,5593,0
24691,24077,-1
24692,40433,0
24693,10078,0
24694,90614,0
24695,-1,0
24696,-1,0
24697,43631,0
24698,20045,1
24699,56570,1
24700,94926,0
24701,10137,-1
24702,55479,0
24703,7838,0
24704,16685,-1
24705,90456,0
24706,51256,0
24707,52506,0
24708,62433,0
24709,23746,0
24710,-1,0
24711,69939,1
24712,46272,-1
24713,58863,1
24714,5631,0
24715,57182,-1
24716,-1,0
24717,-1,0
24718,52802,0
24719,65048,-1
24720,17251,1
24721,46679,0
24722,94160,-1
24723,22979,0
24724,96819,1
24725,82358,1
24726,26177,0
24727,-1,0
24728,99477,1
24729,80048,0
24730,91530,1
24731,54340,0
24732,99017,-1
24733,83218,0
24734,11092,-1
24735,98972,-1
24736,96541,0
24737,20122,0
24738,-1,0
24739,87964,-1
24740,58832,1
24741,94440,0
24742,79121,1
24743,45630,0
24744,70069,0
24745,-1,0
24746,66212,0
24747,49884,0
24748,97673,1
24749,79883,0
24750,64439,0
24751,44519,-1
24752,66590,0
24753,97128,0
24754,22836,-1
24755,-1,0
24756,57599,0
24757,-1,0
24758,61807,0
24759,77511,-1
24760,10208,-1
24761,35622,0
24762,61248,1
24763,48646,-1
24764,33323,1
24765,12645,-1
24766,-1,0
24767,81772,-1
24768,35548,0
24769,20802,0
24770,5863,0
24771,-1,0
24772,1706,0
24773,75343,-1
24774,-1,0
24775,43571,-1
24776,33313,1
24777,61722,0
24778,94276,0
24779,19762,-1
24780,16370,-1
24781,99231,1
24782,73623,0
24783,45861,-1
24784,25054,0
24785,66243,1
24786,80021,0
24787,74159,0
24788,26693,1
24789,91620,0
24790,90669,-1
24791,21315,0
24792,-1,0
24793,68176,-1
24794,49619,0
24795,-1,0
24796,69903,0
24797,80067,-1
24798,64819,0
24799,79353,1
24800,-1,0
24801,81110,0
24802,96152,0
24803,13560,-1
24804,64577,0
24805,-1,0
24806,82278,1
24807,72862,0
24808,14179,1
24809,78110,0
24810,91841,0
24811,87261,0
24812,15542,-1
24813,62145,0
24814,62053,1
24815,-1,0
24816,-1,0
24817,16093,0
24818,85136,0
24819,27152,0
24820,47727,-1
24821,6458,0
24822,43027,0
24823,88666,1
24824,16205,-1
24825,82031,0
24826,94608,-1
24827,86156,1
24828,889,0
24829,67032,0
24830,6886,1
24831,32211,-1
24832,18903,1
24833,-1,0
24834,25998,0
24835,22806,1
24836,60118,-1
24837,2351,-1
24838,77132,0
24839,67190,-1
24840,7960,0
24841,-1,0
24842,68056,-1
24843,30190,0
24844,31605,1
24845,62287,0
24846,-1,0
24847,33071,1
24848,35862,0
24849,-1,0
24850,53087,-1
24851,-1,0
24852,26259,1
24853,13136,-1
24854,31156,0
24855,54743,1
24856,7430,1
24857,57661,0
24858,75892,0
24859,44153,-1
24860,50371,0
24861,29070,0
24862,19958,0
24863,66444,1
24864,78290,-1
24865,60362,0
24866,29280,0
24867,37036,0
24868,55022,1
24869,15762,0
24870,21794,0
24871,88252,1
24872,90775,1
24873,-1,0
24874,71736,0
24875,73691,0
24876,-1,0
24877,18297,1
24878,84349,0
24879,28446,1
24880,8408,1
24881,45790,0
24882,59908,-1
24883,31897,1
24884,82267,0
24885,-1,0
24886,40369,0
24887,-1,0
24888,70340,0
24889,-1,0
24890,61671,-1
24891,31473,1
24892,32112,0
24893,35034,-1
24894,9387,-1
24895,24868,-1
24896,50243,-1
24897,56318,0
24898,13026,1
24899,30013,0
24900,-1,0
24901,45683,0
24902,19698,0
24903,7420,0
24904,42424,0
24905,80500,0
24906,12853,-1
24907,34707,-1
24908,56360,-1
24909,57369,0
24910,-1,0
24911,-1,0
24912,73764,0
24913,-1,0
24914,27309,0
24915,-1,0
24916,58884,-1
24917,32909,0
24918,31249,1
24919,12846,1
24920,96969,-1
24921,420,0
24922,63007,0
24923,97130,1
24924,47456,1
24925,41339,1
24926,53193,-1
24927,-1,0
24928,56751,1
24929,10833,0
24930,18915,0
24931,64992,0
24932,59357,-1
24933,47835,0
24934,59709,-1
24935,94844,0
24936,73076,-1
24937,99256,0
24938,11276,0
24939,6926,-1
24940,16773,-1
24941,20633,0
24942,85687,1
24943,24698,1
24944,-1,0
24945,72751,0
24946,73611,-1
24947,67355,0
24948,99716,0
24949,31759,-1
24950,45094,1
24951,99984,1
24952,-1,0
24953,96911,1
24954,64322,-1
24955,-1,0
24956,57333,1
24957,-1,0
24958,93768,0
24959,83221,1
24960,98488,1
24961,22847,-1
24962,81943,0
24963,-1,0
24964,73348,0
24965,68088,-1
24966,80482,0
24967,583,-1
24968,72581,0
24969,73913,0
24970,9689,-1
24971,10975,0
24972,91753,0
24973,49479,-1
24974,24558,0
24975,84819,1
24976,48159,0
24977,11396,0
24978,73707,0
24979,8817,1
24980,44920,0
24981,68523,0
24982,19698,1
24983,30053,0
24984,74678,0
24985,62412,-1
24986,74069,1
24987,10131,-1
24988,54537,0
24989,67189,0
24990,83528,-1
24991,63408,1
24992,25940,0
24993,90719,0
24994,27431,1
24995,95711,1
24996,-1,0
24997,94373,0
24998,76935,-1
24999,-1,0
25000,12501,0
25001,-1,0
25002,29085,0
25003,80432,0
25004,42505,-1
25005,82576,0
25006,10839,0
25007,59670,1
25008,88884,0
25009,52635,1
25010,86491,0
25011,55371,1
25012,54199,1
25013,19158,-1
25014,9148,1
25015,69948,1
25016,68125,0
25017,21596,0
25018,93638,0
25019,74347,0
25020,-1,0
25021,7880,0
25022,54436,1
25023,83528,0
25024,47383,0
25025,67360,1
25026,44433,0
25027,12595,0
25028,80807,1
25029,68313,0
25030,92807,0
25031,33943,0
25032,12417,-1
25033,77024,0
25034,51317,0
25035,-1,0
25036,51244,0
25037,72999,0
25038,-1,0
25039,51101,1
25040,37373,0
25041,84846,-1
25042,71322,0
25043,37480,-1
25044,34494,0
25045,79622,-1
25046,42842,-1
25047,35817,1
25048,92095,0
25049,51272,0
25050,45767,-1
25051,57915,0
25052,14912,1
25053,-1,0
25054,26312,-1
25055,2519,1
25056,90215,0
25057,-1,0
25058,-1,0
25059,-1,0
25060,64553,1
25061,76831,0
25062,25311,-1
25063,82675,0
25064,90069,-1
25065,34295,0
25066,-1,0
25067,78534,0
25068,79952,-1
25069,9762,0
25070,-1,0
25071,46207,-1
25072,25326,1
25073,81598,1
25074,17992,-1
25075,45800,1
25076,-1,0
25077,92958,0
25078,-1,0
25079,13406,1
25080,33491,0
25081,47087,-1
25082,9186,0
25083,-1,0
25084,64606,-1
25085,41698,1
25086,69176,0
25087,-1,0
25088,42442,0
25089,-1,0
25090,1223,1
25091,51744,-1
25092,49207,-1
25093,56613,0
25094,-1,0
25095,917,-1
25096,-1,0
25097,-1,0
25098,-1,0
25099,87255,0
25100,36516,0
25101,34814,0
25102,22891,0
25103,84197,1
25104,63487,0
25105,2102,-1
25106,89509,0
25107,75119,-1
25108,-1,0
25109,-1,0
25110,70039,1
25111,23982,0
25112,85635,0
25113,54363,0
25114,10806,1
25115,98731,0
25116,21908,0
25117,17475,0
25118,32185,1
25119,44526,1
25120,3461,-1
25121,-1,0
25122,68388,0
25123,65752,1
25124,-1,0
25125,43556,-1
25126,18691,1
25127,99748,0
25128,80851,-1
25129,17177,0
25130,-1,0
25131,21076,-1
25132,83984,-1
25133,-1,0
25134,81187,1
25135,75640,-1
25136,57545,0
25137,52376,1
25138,21654,-1
25139,50203,1
25140,22923,-1
25141,80780,0
25142,-1,0
25143,33527,0
25144,14654,1
25145,37304,0
25146,63934,-1
25147,29068,0
25148,-1,0
25149,83905,-1
25150,57246,1
25151,81018,1
25152,-1,0
25153,-1,0
25154,27761,0
25155,15047,-1
25156,-1,0
25157,-1,0
25158,33572,-1
25159,20446,-1
25160,98958,0
25161,30168,0
25162,6160,-1
25163,8105,0
25164,47016,0
25165,25736,0
25166,64255,0
25167,-1,0
25168,6413,-1
25169,95239,0
25170,44615,1
25171,86996,0
25172,16374,-1
25173,21729,0
25174,-1,0
25175,42804,0
25176,66649,-1
25177,97789,0
25178,82310,1
25179,-1,0
25180,55179,0
25181,59540,1
25182,-1,0
25183,89649,0
25184,63620,0
25185,77623,-1
25186,62503,0
25187,55534,0
25188,78897,1
25189,44777,1
25190,88278,-1
25191,36490,1
25192,68801,1
25193,82511,0
25194,30809,0
25195,15131,0
25196,16035,-1
25197,71048,1
25198,14410,1
25199,89806,1
25200,1749,0
25201,55735,0
25202,46647,-1
25203,64338,-1
25204,97104,-1
25205,89399,0
25206,-1,0
25207,82831,1
25208,86928,-1
25209,34661,0
25210,14382,0
25211,-1,0
25212,62274,0
25213,61965,-1
25214,72109,1
25215,-1,0
25216,24180,0
25217,10353,1
25218,77362,-1
25219,97362,0
25220,-1,0
25221,82902,0
25222,-1,0
25223,38284,0
25224,79658,0
25225,33621,0
25226,23492,0
25227,95378,0
25228,72148,-1
25229,53444,1
25230,82688,-1
25231,11359,0
25232,12477,0
25233,7741,0
25234,-1,0
25235,23494,1
25236,88656,1
25237,76651,0
25238,63453,1
25239,25878,-1
25240,8662,1
25241,98111,0
25242,52504,-1
25243,50889,0
25244,8399,0
25245,19824,1
25246,39448,1
25247,24318,1
25248,24981,0
25249,65664,-1
25250,91396,0
25251,42017,-1
25252,78127,-1
25253,87817,0
25254,63659,0
25255,4703,0
25256,39457,1
25257,55874,1
25258,69137,0
25259,18883,-1
25260,173,0
25261,25364,0
25262,61313,-1
25263,93350,0
25264,87388,-1
25265,90930,1
25266,27535,-1
25267,104,1
25268,81997,-1
25269,34922,0
25270,86336,0
25271,12871,-1
25272,45041,0
25273,19411,1
25274,19982,0
25275,99720,0
25276,42689,-1
25277,-1,0
25278,63337,0
25279,77681,-1
25280,6880,1
25281,96335,0
25282,76512,1
25283,33673,0
25284,27687,1
25285,92112,-1
25286,30691,-1
25287,76475,0
25288,25152,0
25289,-1,0
25290,73220,0
25291,-1,0
25292,13265,0
25293,66133,0
25294,-1,0
25295,2143,0
25296,80001,0
25297,59453,1
25298,52712,0
25299,-1,0
25300,57322,-1
25301,18948,1
25302,44814,0
25303,34596,1
25304,24063,0
25305,10708,0
25306,54882,0
25307,-1,0
25308,-1,0
25309,10205,0
25310,5431,0
25311,67406,0
25312,-1,0
25313,78307,0
25314,33714,0
25315,12421,0
25316,97059,0
25317,65036,-1
25318,49867,0
25319,38766,0
25320,12140,0
25321,57481,0
25322,30182,0
25323,23829,1
25324,-1,0
25325,14816,0
25326,98787,0
25327,-1,0
25328,57902,0
25329,86560,1
25330,22437,0
25331,36660,0
25332,8607,0
25333,54965,0
25334,95445,-1
25335,15769,1
25336,8238,-1
25337,46445,1
25338,76314,0
25339,69703,-1
25340,43616,0
25341,19341,0
25342,72959,0
25343,24801,0
25344,52231,0
25345,24907,-1
25346,87833,0
25347,46693,0
25348,62740,-1
25349,-1,0
25350,-1,0
25351,74608,1
25352,60961,0
25353,61841,-1
25354,99070,0
25355,16257,0
25356,92213,0
25357,28421,-1
25358,63635,-1
25359,-1,0
25360,29136,0
25361,59057,0
25362,23765,0
25363,48724,-1
25364,6390,-1
25365,10625,-1
25366,16533,0
25367,40982,0
25368,29515,0
25369,-1,0
25370,83946,1
25371,78966,1
25372,33599,-1
25373,24151,-1
25374,78412,0
25375,-1,0
25376,36658,0
25377,47723,0
25378,99642,0
25379,-1,0
25380,68782,1
25381,97583,1
25382,98537,1
25383,57828,0
25384,81489,-1
25385,13238,0
25386,78944,0
25387,27697,-1
25388,16843,1
25389,63353,-1
25390,-1,0
25391,-1,0
25392,-1,0
25393,59490,0
25394,91483,0
25395,88012,0
25396,83157,-1
25397,69022,0
25398,78012,0
25399,69063,0
25400,14690,0
25401,72697,0
25402,-1,0
25403,86219,-1
25404,41250,0
25405,8556,-1
25406,84719,0
25407,57762,0
25408,26918,1
25409,-1,0
25410,71234,-1
25411,-1,0
25412,43743,1
25413,-1,0
25414,70166,1
25415,84745,1
25416,23937,1
25417,79096,1
25418,82197,0
25419,28158,0
25420,42138,0
25421,72202,-1
25422,21284,0
25423,55289,-1
25424,59713,0
25425,24890,-1
25426,76209,-1
25427,76194,1
25428,13958,0
25429,40711,0
25430,-1,0
25431,49741,0
25432,60682,0
25433,57100,0
25434,24735,-1
25435,71636,1
25436,78214,1
25437,25166,1
25438,-1,0
25439,20631,0
25440,89106,0
25441,57802,-1
25442,34142,1
25443,30740,0
25444,68418,1
25445,-1,0
25446,-1,0
25447,3609,-1
25448,39432,0
25449,49172,0
25450,37485,-1
25451,43338,0
25452,-1,0
25453,-1,0
25454,8125,1
25455,79462,0
25456,-1,0
25457,13886,0
25458,-1,0
25459,49347,0
25460,-1,0
25461,17833,1
25462,74959,0
25463,97174,0
25464,58416,0
25465,77327,0
25466,59973,1
25467,-1,0
25468,76763,1
25469,82939,1
25470,94741,1
25471,50606,0
25472,-1,0
25473,59224,0
25474,71904,1
25475,54173,0
25476,25765,-1
25477,-1,0
25478,22559,0
25479,87419,0
25480,34718,0
25481,50091,1
25482,50007,0
25483,5989,-1
25484,45689,1
25485,52231,1
25486,-1,0
25487,39412,0
25488,28805,1
25489,69487,0
25490,45770,0
25491,-1,0
25492,83782,0
25493,48940,-1
25494,50285,0
25495,15002,-1
25496,-1,0
25497,65111,1
25498,67248,0
25499,98086,1
25500,-1,0
25501,40076,0
25502,50015,1
25503,21604,-1
25504,-1,0
25505,17672,-1
25506,23405,-1
25507,63204,1
25508,63427,0
25509,12412,1
25510,93678,0
25511,23425,0
25512,-1,0
25513,48123,0
25514,81161,1
25515,26826,0
25516,52968,-1
25517,20318,-1
25518,44180,0
25519,-1,0
25520,76485,-1
25521,16949,0
25522,76890,0
25523,34444,0
25524,-1,0
25525,29727,1
25526,69050,-1
25527,65338,0
25528,37829,1
25529,-1,0
25530,86931,1
25531,3767,1
25532,20063,0
25533,96649,0
25534,79831,1
25535,51964,0
25536,68776,0
25537,38929,1
25538,-1,0
25539,85928,0
25540,59525,-1
25541,71514,0
25542,-1,0
25543,42767,0
25544,99032,-1
25545,56868,0
25546,95018,0
25547,19507,0
25548,-1,0
25549,64107,0
25550,72823,0
25551,55137,0
25552,4853,0
25553,-1,0
25554,5657,0
25555,94129,1
25556,36221,0
25557,79894,0
25558,27678,1
25559,90357,0
25560,86046,0
25561,56655,0
25562,48646,0
25563,-1,0
25564,66231,0
25565,53737,0
25566,82460,0
25567,23788,-1
25568,32429,1
25569,81590,0
25570,90974,0
25571,5789,0
25572,86139,-1
25573,-1,0
25574,97521,0
25575,85373,1
25576,64851,0
25577,-1,0
25578,60018,-1
25579,13771,0
25580,4651,-1
25581,80569,0
25582,-1,0
25583,38593,1
25584,62831,0
25585,37922,-1
25586,26242,1
25587,10033,-1
25588,88477,0
25589,53302,0
25590,92733,1
25591,-1,0
25592,24890,0
25593,45752,-1
25594,29230,-1
25595,16295,0
25596,71381,1
25597,56453,0
25598,-1,0
25599,45695,0
25600,-1,0
25601,58009,0
25602,48017,0
25603,60757,0
25604,25761,1
25605,-1,0
25606,53429,-1
25607,47952,1
25608,93519,-1
25609,70377,0
25610,94566,1
25611,53013,1
25612,39234,0
25613,35357,-1
25614,93029,-1
25615,22148,1
25616,38701,1
25617,16522,1
25618,38846,-1
25619,-1,0
25620,13583,0
25621,16995,-1
25622,11647,0
25623,69662,-1
25624,84685,1
25625,4442,1
25626,8773,1
25627,82927,0
25628,97390,0
25629,4686,1
25630,79004,-1
25631,65925,0
25632,18588,0
25633,78781,0
25634,87884,0
25635,2622,0
25636,50455,-1
25637,24699,0
25638,2063,1
25639,40802,1
25640,50044,-1
25641,24612,0
25642,95487,0
25643,20098,1
25644,65725,1
25645,81574,1
25646,-1,0
25647,69884,0
25648,48707,1
25649,5600,0
25650,61768,0
25651,87601,0
25652,97777,0
25653,48825,-1
25654,76408,0
25655,45727,0
25656,78667,0
25657,23082,-1
25658,94512,-1
25659,64678,0
25660,66009,-1
25661,93947,0
25662,-1,0
25663,13823,1
25664,36845,-1
25665,-1,0
25666,38014,0
25667,-1,0
25668,75076,0
25669,62636,0
25670,52337,0
25671,10476,0
25672,-1,0
25673,78791,0
25674,70023,0
25675,7748,1
25676,53782,0
25677,48578,1
25678,45966,0
25679,89453,1
25680,35588,1
25681,88883,-1
25682,19403,1
25683,40104,1
25684,6223,-1
25685,19560,0
25686,10831,0
25687,68867,-1
25688,49509,0
25689,85510,-1
25690,35317,-1
25691,76811,1
25692,28646,0
25693,48463,0
25694,-1,0
25695,13698,1
25696,95148,1
25697,94552,1
25698,93316,0
25699,74177,1
25700,-1,0
25701,7069,0
25702,982,0
25703,28796,0
25704,77831,0
25705,29000,0
25706,3932,0
25707,14166,0
25708,66874,0
25709,23557,0
25710,36157,0
25711,62121,1
25712,86996,1
25713,-1,0
25714,74188,-1
25715,4851,-1
25716,26422,1
25717,-1,0
25718,-1,0
25719,91976,1
25720,-1,0
25721,48913,1
25722,74571,1
25723,24628,0
25724,7472,0
25725,58478,0
25726,82781,-1
25727,59645,-1
25728,89432,-1
25729,57685,1
25730,75642,1
25731,61606,1
25732,-1,0
25733,54661,0
25734,39558,0
25735,78236,0
25736,77786,1
25737,-1,0
25738,20619,0
25739,51905,0
25740,29283,0
25741,-1,0
25742,76564,0
25743,-1,0
25744,81551,1
25745,26261,0
25746,32126,1
25747,-1,0
25748,55466,1
25749,84053,1
25750,-1,0
25751,-1,0
25752,43050,-1
25753,58218,1
25754,61201,1
25755,93878,-1
25756,1338,1
25757,52037,1
25758,27645,-1
25759,53781,0
25760,55306,1
25761,3394,0
25762,-1,0
25763,42421,0
25764,93032,-1
25765,4681,0
25766,37955,1
25767,23666,0
25768,53603,0
25769,56073,0
25770,11997,1
25771,67131,0
25772,97426,0
25773,-1,0
25774,89733,0
25775,-1,0
25776,49223,0
25777,34999,0
25778,58493,0
25779,49932,-1
25780,12550,1
25781,60030,1
25782,44679,0
25783,46684,1
25784,46333,-1
25785,-1,0
25786,35395,0
25787,44002,0
25788,38579,-1
25789,4954,0
25790,70851,1
25791,81680,0
25792,-1,0
25793,-1,0
25794,-1,0
25795,55297,1
25796,42795,0
25797,63670,-1
25798,47839,0
25799,75949,1
25800,59655,0
25801,-1,0
25802,16780,0
25803,56265,-1
25804,64906,0
25805,33632,1
25806,19470,0
25807,29483,1
25808,90255,-1
25809,-1,0
25810,53309,-1
25811,48094,-1
25812,57729,0
25813,-1,0
25814,-1,0
25815,83479,0
25816,41417,0
25817,40722,-1
25818,59247,1
25819,88551,0
25820,76726,1
25821,58956,-1
25822,77878,0
25823,29014,0
25824,35934,0
25825,78816,-1
25826,57627,1
25827,8309,0
25828,73610,0
25829,84048,1
25830,71453,0
25831,13755,0
25832,47154,1
25833,4612,0
25834,68494,0
25835,18558,0
25836,-1,0
25837,52057,0
25838,3389,0
25839,72263,0
25840,34860,0
25841,31832,0
25842,55829,-1
25843,52485,-1
25844,-1,0
25845,43009,0
25846,32223,-1
25847,44619,1
25848,-1,0
25849,57374,-1
25850,52596,-1
25851,83770,1
25852,88184,0
25853,34145,-1
25854,20543,-1
25855,31098,-1
25856,76773,0
25857,96632,-1
25858,98139,0
25859,-1,0
25860,37587,0
25861,26251,0
25862,74817,0
25863,91680,1
25864,97878,0
25865,41283,0
25866,5435,0
25867,48310,0
25868,33989,-1
25869,9284,1
25870,95017,0
25871,17918,0
25872,58791,0
25873,11387,0
25874,46714,-1
25875,99713,-1
25876,44326,0
25877,37816,0
25878,91924,1
25879,50215,0
25880,17511,0
25881,73595,0
25882,-1,0
25883,76741,1
25884,-1,0
25885,6857,1
25886,62390,1
25887,16211,0
25888,28647,1
25889,91482,-1
25890,82503,0
25891,74262,0
25892,65129,0
25893,62621,0
25894,44421,1
25895,68116,0
25896,63662,0
25897,87366,0
25898,56447,0
25899,54399,0
25900,18414,1
25901,11005,-1
25902,13468,0
25903,74467,0
25904,-1,0
25905,51977,0
25906,16229,0
25907,5437,0
25908,12830,0
25909,66620,0
25910,77347,1
25911,23219,0
25912,21424,0
25913,21959,0
25914,27628,1
25915,93487,0
25916,91485,0
25917,-1,0
25918,65957,1
25919,41853,1
25920,56769,1
25921,8077,0
25922,60477,0
25923,21730,0
25924,74510,0
25925,34971,1
25926,78432,1
25927,57990,-1
25928,67854,0
25929,8851,0
25930,74136,0
25931,47110,1
25932,58182,0
25933,41786,1
25934,61360,1
25935,79062,0
25936,69900,0
25937,48711,1
25938,32440,0
25939,72663,1
25940,75435,0
25941,-1,0
25942,30554,1
25943,13925,0
25944,18791,1
25945,65791,0
25946,90442,0
25947,17859,0
25948,49500,0
25949,12663,0
25950,44722,-1
25951,6240,0
25952,16296,0
25953,-1,0
25954,89169,-1
25955,80867,0
25956,-1,0
25957,76923,0
25958,39703,-1
25959,-1,0
25960,81744,1
25961,26760,0
25962,30452,0
25963,91508,1
25964,79,0
25965,67401,-1
25966,72626,-1
25967,74507,-1
25968,81856,0
25969,56435,0
25970,79172,1
25971,90861,0
25972,98265,1
25973,-1,0
25974,23994,0
25975,43136,-1
25976,26747,1
25977,14817,-1
25978,-1,0
25979,81307,-1
25980,60457,0
25981,87031,1
25982,59960,0
25983,-1,0
25984,95576,1
25985,30217,1
25986,74142,0
25987,87869,0
25988,-1,0
25989,71751,0
25990,28867,1
25991,46081,1
25992,32347,0
25993,-1,0
25994,86820,1
25995,16004,0
25996,14271,0
25997,53747,0
25998,-1,0
25999,-1,0
26000,-1,0
26001,92818,-1
26002,7248,-1
26003,-1,0
26004,-1,0
26005,55866,0
26006,56673,0
26007,34460,-1
26008,54700,1
26009,34918,0
26010,47373,0
26011,-1,0
26012,66331,0
26013,61434,0
26014,76390,0
26015,91726,-1
26016,45742,0
26017,11568,0
26018,16881,1
26019,5458,1
26020,7003,0
26021,48394,-1
26022,40313,0
26023,3721,0
26024,35191,0
26025,-1,0
26026,36871,0
26027,54664,1
26028,29000,-1
26029,87526,-1
26030,25958,-1
26031,6746,1
26032,87027,1
26033,93903,1
26034,98914,0
26035,62631,0
26036,71068,0
26037,-1,0
26038,45239,0
26039,3773,0
26040,21363,1
26041,7977,0
26042,12157,0
26043,34546,-1
26044,63218,0
26045,19783,0
26046,24445,-1
26047,89384,1
26048,78417,0
26049,61630,0
26050,-1,0
26051,60934,-1
26052,-1,0
26053,18773,1
26054,61907,0
26055,51522,0
26056,51539,1
26057,-1,0
26058,93663,-1
26059,-1,0
26060,92591,-1
26061,22431,1
26062,42664,-1
26063,46984,1
26064,60723,0
26065,75979,0
26066,17359,0
26067,65798,1
26068,49533,1
26069,50966,0
26070,-1,0
26071,55569,0
26072,37779,0
26073,45206,0
26074,4062,0
26075,67977,0
26076,717,1
26077,-1,0
26078,-1,0
26079,71604,-1
26080,32507,1
26081,65337,-1
26082,41451,0
26083,-1,0
26084,74801,1
26085,67264,0
26086,18001,-1
26087,34222,1
26088,31768,0
26089,-1,0
26090,2740,0
26091,31762,0
26092,81461,0
26093,49512,0
26094,-1,0
26095,68528,-1
26096,7981,-1
26097,94608,0
26098,70029,0
26099,18026,0
26100,48687,1
26101,65008,-1
26102,19018,-1
26103,34286,-1
26104,35172,1
26105,31512,0
26106,2771,0
26107,-1,0
26108,37409,0
26109,-1,0
26110,-1,0
26111,95162,0
26112,65487,0
26113,15922,0
26114,65294,0
26115,72266,0
26116,75019,0
26117,47366,-1
26118,83597,0
26119,38858,-1
26120,44031,0
26121,74275,0
26122,66743,0
26123,77283,0
26124,3593,0
26125,80234,1
26126,36564,-1
26127,83341,0
26128,55614,-1
26129,27629,-1
26130,55836,0
26131,78373,1
26132,4007,0
26133,37736,0
26134,56676,0
26135,55906,0
26136,64444,0
26137,76568,0
26138,81578,-1
26139,3892,1
26140,14848,-1
26141,-1,0
26142,2512,0
26143,56265,0
26144,64970,0
26145,11114,-1
26146,49201,0
26147,20613,1
26148,97766,0
26149,73254,1
26150,64431,-1
26151,1510,-1
26152,57889,0
26153,2030,0
26154,41312,0
26155,38140,-1
26156,63942,0
26157,86676,0
26158,80486,0
26159,25356,0
26160,17439,0
26161,-1,0
26162,21502,0
26163,7364,0
26164,81585,0
26165,2057,0
26166,75433,0
26167,18915,1
26168,-1,0
26169,26779,1
26170,98972,0
26171,71629,1
26172,86532,0
26173,90602,0
26174,68706,0
26175,-1,0
26176,70771,0
26177,90513,0
26178,84412,0
26179,81417,0
26180,59866,0
26181,71791,0
26182,-1,0
26183,90804,1
26184,98480,1
26185,19042,-1
26186,99408,-1
26187,-1,0
26188,88892,0
26189,33154,0
26190,19454,0
26191,31748,0
26192,45297,0
26193,-1,0
26194,3269,1
26195,38976,-1
26196,20486,0
26197,55866,1
26198,85909,0
26199,63733,1
26200,-1,0
26201,37483,-1
26202,34476,0
26203,47910,1
26204,70641,0
26205,28448,-1
26206,45573,0
26207,31038,0
26208,-1,0
26209,6261,0
26210,40534,1
26211,18034,1
26212,88660,0
26213,79459,-1
26214,83841,-1
26215,-1,0
26216,2534,0
26217,52845,0
26218,79577,-1
26219,-1,0
26220,11954,0
26221,66321,0
26222,78535,-1
26223,44630,0
26224,-1,0
26225,51807,-1
26226,78727,0
26227,35906,-1
26228,2571,-1
26229,90573,0
26230,64029,0
26231,-1,0
26232,20019,0
26233,1903,1
26234,98761,-1
26235,35962,0
26236,256,0
26237,-1,0
26238,70664,0
26239,9063,0
26240,13356,0
26241,-1,0
26242,93805,0
26243,22268,0
26244,49014,1
26245,-1,0
26246,30245,0
26247,56881,0
26248,80081,0
26249,-1,0
26250,33992,0
26251,88161,0
26252,52446,0
26253,42071,0
26254,19152,0
26255,14028,0
26256,55524,0
26257,14389,-1
26258,88818,0
26259,91079,0
26260,58930,0
26261,3529,0
26262,37853,0
26263,-1,0
26264,31585,1
26265,30272,-1
26266,24825,0
26267,86780,-1
26268,61967,0
26269,21387,0
26270,61406,1
26271,84794,1
26272,12594,0
26273,76980,0
26274,7318,-1
26275,37458,1
26276,12272,1
26277,10388,0
26278,67663,0
26279,506,1
26280,53441,0
26281,51145,0
26282,10465,1
26283,79983,0
26284,-1,0
26285,31738,0
26286,11829,1
26287,-1,0
26288,37060,0
26289,85625,0
26290,34729,0
26291,-1,0
26292,38474,1
26293,-1,0
26294,16081,1
26295,89176,-1
26296,857,0
26297,96359,0
26298,19361,-1
26299,95890,1
26300,67101,-1
26301,85803,-1
26302,20315,1
26303,45571,-1
26304,72688,-1
26305,98568,1
26306,83973,-1
26307,37648,1
26308,97892,0
26309,74073,-1
26310,87111,1
26311,66687,1
26312,61780,0
26313,50641,1
26314,15599,0
26315,70600,0
26316,73916,-1
26317,83492,0
26318,-1,0
26319,25123,0
26320,-1,0
26321,25911,0
26322,-1,0
26323,74651,0
26324,71818,1
26325,87318,-1
26326,46883,0
26327,41101,0
26328,34048,0
26329,75247,0
26330,85192,0
26331,71217,0
26332,354,-1
26333,13970,-1
26334,78532,0
26335,59727,-1
26336,61126,-1
26337,17867,1
26338,99589,-1
26339,92669,0
26340,-1,0
26341,37635,0
26342,43180,0
26343,99255,0
26344,22753,0
26345,52443,-1
26346,-1,0
26347,3614,-1
26348,62568,-1
26349,39357,1
26350,69557,0
26351,-1,0
26352,49793,1
26353,41961,0
26354,78508,1
26355,79993,0
26356,-1,0
26357,45374,1
26358,19557,0
26359,41601,1
26360,40567,1
26361,19725,-1
26362,72549,0
26363,61786,0
26364,71520,0
26365,15838,-1
26366,67822,1
26367,68799,-1
26368,52887,0
26369,29288,0
26370,69652,1
26371,3362,0
26372,37584,0
26373,79872,-1
26374,35632,0
26375,98856,0
26376,98971,1
26377,44891,-1
26378,-1,0
26379,38199,1
26380,80240,-1
26381,-1,0
26382,59457,1
26383,-1,0
26384,-1,0
26385,55423,0
26386,17914,-1
26387,25956,0
26388,88489,0
26389,36020,0
26390,97923,0
26391,17557,-1
26392,6497,0
26393,90333,0
26394,75915,0
26395,35374,0
26396,63697,-1
26397,81015,1
26398,96576,0
26399,80977,0
26400,93198,-1
26401,47556,0
26402,51657,0
26403,86619,0
26404,-1,0
26405,38464,-1
26406,38695,0
26407,-1,0
26408,49758,0
26409,13787,0
26410,63164,0
26411,44608,0
26412,35649,1
26413,57644,0
26414,37070,0
26415,32916,0
26416,84206,0
26417,45102,0
26418,41958,1
26419,-1,0
26420,21507,0
26421,39731,1
26422,78246,0
26423,71224,0
26424,61104,1
26425,76043,0
26426,85892,1
26427,65942,0
26428,59966,0
26429,38897,1
26430,40004,1
26431,83008,0
26432,96305,0
26433,92664,1
26434,-1,0
26435,50281,0
26436,35884,1
26437,54692,-1
26438,12070,0
26439,6230,-1
26440,8325,0
26441,16051,0
26442,5641,-1
26443,48840,1
26444,-1,0
26445,81559,-1
26446,58546,0
26447,49358,0
26448,3927,-1
26449,1624,1
26450,26052,0
26451,87171,0
26452,3391,-1
26453,55896,-1
26454,4566,0
26455,39104,1
26456,83665,0
26457,-1,0
26458,53243,1
26459,39199,1
26460,57481,1
26461,65500,1
26462,87512,0
26463,-1,0
26464,30459,0
26465,89832,0
26466,69786,0
26467,63354,-1
26468,22502,0
26469,93723,0
26470,65908,-1
26471,55849,0
26472,27686,1
26473,21072,0
26474,90036,-1
26475,64928,1
26476,42454,1
26477,96269,-1
26478,68032,0
26479,37548,0
26480,-1,0
26481,21590,0
26482,-1,0
26483,96863,0
26484,7766,-1
26485,41317,1
26486,-1,0
26487,42446,0
26488,49610,0
26489,85771,1
26490,82279,1
26491,90042,1
26492,19291,1
26493,-1,0
26494,15698,-1
26495,2325,0
26496,96997,0
26497,99001,1
26498,66070,0
26499,70718,1
26500,36824,-1
26501,60310,-1
26502,67960,1
26503,54687,-1
26504,31715,0
26505,82206,-1
26506,91122,1
26507,65819,0
26508,-1,0
26509,81291,0
26510,43306,0
26511,40913,0
26512,-1,0
26513,15676,0
26514,66549,0
26515,66929,0
26516,86333,0
26517,2153,-1
26518,10317,-1
26519,-1,0
26520,2220,0
26521,-1,0
26522,-1,0
26523,1275,1
26524,55904,1
26525,468,-1
26526,25630,-1
26527,89087,0
26528,6222,1
26529,33401,1
26530,17244,0
26531,41223,-1
26532,67251,-1
26533,64582,1
26534,93109,0
26535,19033,0
26536,44142,0
26537,96307,1
26538,90024,0
26539,66262,0
26540,79718,1
26541,98639,-1
26542,36726,-1
26543,8936,1
26544,54467,-1
26545,77813,0
26546,26458,1
26547,56014,1
26548,79198,0
26549,37078,1
26550,44086,0
26551,73116,0
26552,25825,0
26553,47861,0
26554,75040,1
26555,-1,0
26556,38826,1
26557,70344,0
26558,92997,1
26559,29407,1
26560,-1,0
26561,60256,0
26562,21681,-1
26563,67892,0
26564,-1,0
26565,74465,-1
26566,-1,0
26567,34171,0
26568,33453,-1
26569,85417,0
26570,30057,1
26571,79867,-1
26572,-1,0
26573,3680,1
26574,13500,1
26575,86750,-1
26576,81372,1
26577,-1,0
26578,91841,-1
26579,2311,0
26580,25128,0
26581,82957,1
26582,38124,0
26583,28234,0
26584,43459,0
26585,-1,0
26586,-1,0
26587,-1,0
26588,20084,0
26589,93408,0
26590,63637,0
26591,80564,0
26592,-1,0
26593,-1,0
26594,11272,-1
26595,-1,0
26596,-1,0
26597,80620,0
26598,26017,-1
26599,53485,1
26600,-1,0
26601,73640,1
26602,78519,0
26603,28763,-1
26604,98443,0
26605,77809,0
26606,54636,0
26607,73138,-1
26608,-1,0
26609,92842,0
26610,-1,0
26611,-1,0
26612,28122,-1
26613,39593,0
26614,38573,0
26615,36154,0
26616,34894,0
26617,69137,1
26618,72770,1
26619,29809,0
26620,88945,1
26621,19401,0
26622,11546,1
26623,90417,1
26624,46126,0
26625,5482,1
26626,93038,-1
26627,85019,-1
26628,63193,1
26629,11179,-1
26630,83987,0
26631,47381,-1
26632,96160,-1
26633,86520,0
26634,-1,0
26635,77863,0
26636,95580,0
26637,84089,0
26638,-1,0
26639,11233,0
26640,66218,0
26641,-1,0
26642,19665,1
26643,-1,0
26644,-1,0
26645,822,0
26646,70261,0
26647,15751,0
26648,64233,-1
26649,63046,-1
26650,68533,0
26651,18890,-1
26652,13283,0
26653,17949,0
26654,51732,0
26655,-1,0
26656,59335,0
26657,83627,1
26658,2099,1
26659,32879,-1
26660,86194,0
26661,-1,0
26662,50690,1
26663,52214,0
26664,41670,1
26665,17827,0
26666,-1,0
26667,-1,0
26668,-1,0
26669,33090,-1
26670,-1,0
26671,44667,1
26672,15245,1
26673,78217,0
26674,7282,-1
26675,49409,0
26676,79524,-1
26677,54869,0
26678,38661,-1
26679,96925,0
26680,91073,-1
26681,4853,-1
26682,37747,0
26683,35187,0
26684,64346,1
26685,50181,-1
26686,43658,-1
26687,24063,-1
26688,-1,0
26689,98464,-1
26690,45234,0
26691,52833,-1
26692,1713,-1
26693,25064,1
26694,34673,-1
26695,24164,1
26696,82269,-1
26697,69671,0
26698,49257,0
26699,94691,-1
26700,45199,0
26701,28834,-1
26702,23786,0
26703,-1,0
26704,83611,0
26705,23430,1
26706,27717,0
26707,96784,0
26708,11029,0
26709,22855,0
26710,56451,1
26711,81991,-1
26712,41015,0
26713,78532,-1
26714,-1,0
26715,82792,1
26716,91618,-1
26717,26305,0
26718,36363,0
26719,82467,0
26720,51867,-1
26721,40624,0
26722,-1,0
26723,48262,1
26724,68369,0
26725,48530,0
26726,34747,0
26727,-1,0
26728,-1,0
26729,47181,-1
26730,40791,0
26731,65017,0
26732,16282,0
26733,24882,0
26734,-1,0
26735,48535,0
26736,97946,0
26737,85758,0
26738,95201,0
26739,-1,0
26740,55703,-1
26741,57730,0
26742,7978,0
26743,89791,1
26744,75935,1
26745,79960,0
26746,17116,-1
26747,16389,0
26748,93653,1
26749,20630,0
26750,97002,1
26751,89758,1
26752,48854,0
26753,30595,1
26754,46512,0
26755,45303,0
26756,35000,0
26757,65863,-1
26758,19069,-1
26759,29068,1
26760,29833,0
26761,-1,0
26762,71816,0
26763,37453,-1
26764,751,1
26765,92758,-1
26766,98016,0
26767,83573,0
26768,35438,0
26769,58667,0
26770,16235,1
26771,-1,0
26772,81260,0
26773,33908,-1
26774,39235,0
26775,39657,-1
26776,76811,0
26777,76566,0
26778,-1,0
26779,4471,0
26780,79543,-1
26781,61143,0
26782,63784,0
26783,-1,0
26784,-1,0
26785,-1,0
26786,-1,0
26787,35187,1
26788,16761,1
26789,-1,0
26790,-1,0
26791,17420,0
26792,96628,0
26793,22124,1
26794,91947,-1
26795,-1,0
26796,1540,0
26797,21266,0
26798,-1,0
26799,29870,1
26800,86443,0
26801,69082,0
26802,52364,0
26803,99540,-1
26804,98003,-1
26805,1409,0
26806,9885,0
26807,94918,0
26808,19138,1
26809,70889,0
26810,46854,0
26811,64716,1
26812,39084,0
26813,-1,0
26814,64398,-1
26815,63159,0
26816,34324,-1
26817,82848,1
26818,34991,-1
26819,61230,0
26820,56750,1
26821,-1,0
26822,51672,0
26823,91647,0
26824,24446,1
26825,97533,0
26826,41791,0
26827,26327,0
26828,92740,-1
26829,96929,-1
26830,-1,0
26831,-1,0
26832,33662,1
26833,78905,-1
26834,73627,1
26835,99934,0
26836,75519,1
26837,28411,-1
26838,69205,0
26839,33566,0
26840,95243,-1
26841,67394,0
26842,36214,0
26843,14867,0
26844,-1,0
26845,6119,-1
26846,19598,-1
26847,10531,0
26848,-1,0
26849,35320,0
26850,62318,0
26851,6247,1
26852,41869,1
26853,73807,0
26854,97516,-1
26855,55810,0
26856,15599,1
26857,26410,1
26858,94710,0
26859,85412,1
26860,20710,1
26861,51601,-1
26862,2194,-1
26863,21271,-1
26864,92273,0
26865,44777,0
26866,-1,0
26867,817,0
26868,3701,0
26869,24793,0
26870,37601,-1
26871,14871,1
26872,22140,1
26873,57779,1
26874,58152,0
26875,-1,0
26876,605,0
26877,24314,0
26878,1552,0
26879,12464,0
26880,15492,1
26881,78337,-1
26882,-1,0
26883,68479,0
26884,-1,0
26885,15597,0
26886,75970,0
26887,-1,0
26888,52772,0
26889,-1,0
26890,-1,0
26891,-1,0
26892,11078,0
26893,25107,1
26894,18350,0
26895,-1,0
26896,93040,0
26897,-1,0
26898,42963,1
26899,71677,1
26900,36922,1
26901,72049,-1
26902,94635,0
26903,20018,1
26904,34397,0
26905,6221,0
26906,24154,1
26907,38362,0
26908,37299,-1
26909,27094,0
26910,36374,1
26911,30716,1
26912,24056,1
26913,36423,1
26914,83224,0
26915,11311,0
26916,50771,0
26917,92898,1
26918,6907,0
26919,33615,0
26920,55191,1
26921,52289,1
26922,-1,0
26923,2903,-1
26924,23667,0
26925,24800,0
26926,55195,0
26927,-1,0
26928,8615,-1
26929,97808,0
26930,97882,-1
26931,38265,0
26932,95949,1
26933,-1,0
26934,25828,-1
26935,33630,1
26936,-1,0
26937,95327,0
26938,43416,-1
26939,10936,1
26940,44604,0
26941,19917,-1
26942,-1,0
26943,47441,1
26944,27813,0
26945,40079,0
26946,75012,1
26947,47250,-1
26948,45047,0
26949,50926,-1
26950,35026,0
26951,77456,0
26952,68384,1
26953,52966,0
26954,-1,0
26955,58724,0
26956,51048,1
26957,86277,0
26958,67094,1
26959,32578,-1
26960,11784,0
26961,12420,-1
26962,91968,-1
26963,11756,0
26964,64954,0
26965,87611,1
26966,31376,-1
26967,41013,0
26968,67155,1
26969,41700,0
26970,81542,0
26971,60104,0
26972,45781,0
26973,64944,-1
26974,32319,0
26975,-1,0
26976,46899,-1
26977,12965,1
26978,55058,1
26979,31132,-1
26980,89119,0
26981,52023,-1
26982,17695,0
26983,-1,0
26984,69942,0
26985,51796,1
26986,89225,1
26987,73370,0
26988,30152,0
26989,14189,0
26990,92336,0
26991,39744,0
26992,-1,0
26993,98813,-1
26994,-1,0
26995,93664,0
26996,94516,-1
26997,-1,0
26998,-1,0
26999,9049,0
27000,-1,0
27001,3697,0
27002,52419,-1
27003,34234,-1
27004,81171,0
27005,92931,0
27006,71113,0
27007,46596,0
27008,95462,-1
27009,274,0
27010,71785,1
27011,-1,0
27012,92063,-1
27013,71079,-1
27014,-1,0
27015,-1,0
27016,82662,-1
27017,65476,0
27018,47302,1
27019,40571,-1
27020,48463,-1
27021,54705,-1
27022,96490,1
27023,54709,0
27024,27456,-1
27025,66916,0
27026,10333,1
27027,12223,1
27028,82503,-1
27029,77750,0
27030,85346,1
27031,91520,0
27032,23963,0
27033,61333,0
27034,74727,0
27035,-1,0
27036,64355,-1
27037,81492,1
27038,33304,0
27039,70651,-1
27040,96373,1
27041,63394,1
27042,39659,0
27043,-1,0
27044,50987,1
27045,83190,-1
27046,95093,-1
27047,-1,0
27048,-1,0
27049,49541,-1
27050,77129,-1
27051,-1,0
27052,33509,-1
27053,32822,1
27054,92187,-1
27055,82580,0
27056,33017,0
27057,41742,-1
27058,33582,-1
27059,70965,-1
27060,-1,0
27061,21577,-1
27062,73565,1
27063,63107,1
27064,48574,1
27065,60844,0
27066,34733,0
27067,41572,0
27068,91213,0
27069,33873,1
27070,5593,1
27071,-1,0
27072,31011,0
27073,51542,0
27074,6357,-1
27075,87677,0
27076,44330,1
27077,32236,0
27078,-1,0
27079,6237,0
27080,59886,0
27081,15082,0
27082,49847,0
27083,70225,-1
27084,42404,1
27085,-1,0
27086,81540,1
27087,97120,0
27088,22828,0
27089,19893,-1
27090,2613,1
27091,24646,-1
27092,58737,-1
27093,17380,0
27094,15856,-1
27095,96653,1
27096,21705,-1
27097,594,0
27098,73894,0
27099,-1,0
27100,5321,0
27101,80794,1
27102,77485,0
27103,61677,1
27104,15328,0
27105,81225,0
27106,-1,0
27107,68411,1
27108,86812,1
27109,89867,1
27110,46391,0
27111,-1,0
27112,48696,-1
27113,71058,0
27114,-1,0
27115,36305,-1
27116,-1,0
27117,22318,0
27118,94597,0
27119,50226,0
27120,95245,0
27121,70580,0
27122,73425,1
27123,97847,0
27124,11524,1
27125,22033,0
27126,32715,0
27127,20065,0
27128,93541,1
27129,33289,1
27130,59454,-1
27131,20675,-1
27132,59815,0
27133,41878,1
27134,78514,1
27135,55458,1
27136,62933,1
27137,-1,0
27138,52279,1
27139,13506,-1
27140,56458,-1
27141,83577,0
27142,41143,0
27143,84496,-1
27144,-1,0
27145,-1,0
27146,87652,-1
27147,-1,0
27148,40851,0
27149,11034,-1
27150,35756,0
27151,6688,0
27152,45633,0
27153,46299,1
27154,38576,1
27155,22545,0
27156,86963,0
27157,69552,1
27158,63314,0
27159,2570,-1
27160,84067,0
27161,57037,-1
27162,40119,1
27163,66105,0
27164,35004,0
27165,23724,-1
27166,95780,0
27167,80023,1
27168,-1,0
27169,77554,-1
27170,65224,0
27171,-1,0
27172,73683,0
27173,23908,-1
27174,83321,0
27175,84348,-1
27176,88459,-1
27177,19629,0
27178,74418,0
27179,26497,0
27180,43966,0
27181,50060,0
27182,15623,0
27183,41678,0
27184,16408,-1
27185,-1,0
27186,79880,-1
27187,33723,1
27188,32713,0
27189,-1,0
27190,38344,0
27191,49992,0
27192,-1,0
27193,6660,-1
27194,85503,1
27195,78813,-1
27196,17107,0
27197,95968,0
27198,77560,0
27199,-1,0
27200,81069,1
27201,25535,-1
27202,28650,0
27203,63189,0
27204,42029,-1
27205,38543,0
27206,48461,1
27207,56274,0
27208,40006,0
27209,90912,1
27210,51114,0
27211,71373,-1
27212,32161,0
27213,82716,0
27214,58907,-1
27215,72873,0
27216,24502,0
27217,65317,-1
27218,80592,0
27219,-1,0
27220,26798,0
27221,52919,-1
27222,621,0
27223,54114,0
27224,38303,0
27225,36300,1
27226,82666,0
27227,52129,0
27228,48281,-1
27229,45110,0
27230,70408,0
27231,92749,0
27232,36639,1
27233,22134,1
27234,84421,-1
27235,95393,0
27236,-1,0
27237,68470,-1
27238,98936,-1
27239,-1,0
27240,25902,-1
27241,16731,-1
27242,15274,0
27243,-1,0
27244,41790,0
27245,12457,1
27246,13516,-1
27247,49224,0
27248,70181,-1
27249,-1,0
27250,-1,0
27251,82589,-1
27252,24575,0
27253,70849,-1
27254,59989,0
27255,-1,0
27256,86449,1
27257,-1,0
27258,47515,1
27259,88091,0
27260,22340,0
27261,89510,-1
27262,-1,0
27263,-1,0
27264,-1,0
27265,-1,0
27266,-1,0
27267,27425,0
27268,35091,-1
27269,55644,0
27270,-1,0
27271,15098,0
27272,-1,0
27273,48414,1
27274,86180,-1
27275,80812,0
27276,37380,0
27277,-1,0
27278,41233,0
27279,95192,-1
27280,-1,0
27281,47484,0
27282,72964,0
27283,43524,-1
27284,10578,0
27285,59327,0
27286,59718,-1
27287,98879,-1
27288,5572,0
27289,72630,-1
27290,-1,0
27291,-1,0
27292,35938,0
27293,76945,0
27294,56671,0
27295,-1,0
27296,14750,0
27297,50308,0
27298,17614,0
27299,5320,-1
27300,49193,0
27301,83153,-1
27302,32221,1
27303,-1,0
27304,-1,0
27305,61297,1
27306,5991,1
27307,41266,0
27308,88662,0
27309,49609,0
27310,7795,1
27311,33750,0
27312,85531,-1
27313,23962,0
27314,-1,0
27315,59258,0
27316,30952,0
27317,83597,1
27318,95786,0
27319,60517,-1
27320,45311,-1
27321,42343,0
27322,33069,1
27323,83334,1
27324,82151,-1
27325,45641,0
27326,38779,-1
27327,-1,0
27328,32693,0
27329,-1,0
27330,25595,-1
27331,-1,0
27332,53300,0
27333,-1,0
27334,63257,0
27335,80665,0
27336,81310,0
27337,8433,0
27338,20911,0
27339,46642,-1
27340,-1,0
27341,-1,0
27342,35642,0
27343,-1,0
27344,69613,0
27345,63270,0
27346,-1,0
27347,29928,0
27348,32974,1
27349,63940,-1
27350,19007,1
27351,65718,0
27352,29751,0
27353,68706,1
27354,98850,1
27355,3006,1
27356,79679,0
27357,24472,-1
27358,-1,0
27359,74083,0
27360,89065,-1
27361,31812,0
27362,36176,0
27363,72565,1
27364,88163,0
27365,97513,0
27366,89942,0
27367,-1,0
27368,9024,1
27369,-1,0
27370,-1,0
27371,36919,0
27372,13189,0
27373,50369,0
27374,27708,1
27375,82867,0
27376,-1,0
27377,-1,0
27378,57676,0
27379,-1,0
27380,43456,-1
27381,27187,0
27382,-1,0
27383,91295,-1
27384,85282,0
27385,87169,-1
27386,96982,0
27387,95201,-1
27388,8461,1
27389,79923,0
27390,4170,-1
27391,35020,1
27392,53468,-1
27393,-1,0
27394,43997,-1
27395,13178,0
27396,30511,1
27397,-1,0
27398,86705,0
27399,-1,0
27400,99255,-1
27401,88407,0
27402,64193,0
27403,52365,1
27404,-1,0
27405,14530,-1
27406,66214,1
27407,63195,0
27408,11284,0
27409,-1,0
27410,55735,1
27411,36130,-1
27412,64451,0
27413,32172,0
27414,5362,0
27415,21157,0
27416,97901,0
27417,-1,0
27418,73706,0
27419,94609,0
27420,86497,1
27421,51807,0
27422,34250,0
27423,15214,0
27424,60009,1
27425,10297,0
27426,95530,1
27427,66647,0
27428,88579,1
27429,14414,-1
27430,43566,0
27431,41098,1
27432,52429,0
27433,20338,-1
27434,-1,0
27435,83819,0
27436,74098,0
27437,47901,0
27438,96227,0
27439,36694,0
27440,19834,0
27441,85908,1
27442,-1,0
27443,-1,0
27444,98915,0
27445,67601,1
27446,32857,0
27447,59046,1
27448,47013,0
27449,2663,-1
27450,20544,-1
27451,-1,0
27452,75495,1
27453,56108,1
27454,-1,0
27455,52986,-1
27456,4419,0
27457,88699,0
27458,67950,0
27459,62258,0
27460,79537,-1
27461,45284,0
27462,17950,0
27463,9870,1
27464,-1,0
27465,502,1
27466,60344,1
27467,68807,-1
27468,40340,0
27469,17745,1
27470,-1,0
27471,52446,1
27472,-1,0
27473,11159,0
27474,-1,0
27475,37108,-1
27476,-1,0
27477,-1,0
27478,85688,0
27479,71555,1
27480,12574,0
27481,74353,1
27482,-1,0
27483,72450,-1
27484,66849,1
27485,50546,-1
27486,43294,1
27487,68595,1
27488,65456,0
27489,28012,1
27490,60196,0
27491,60359,1
27492,34777,0
27493,66674,1
27494,79980,1
27495,26249,0
27496,65496,-1
27497,86735,1
27498,37540,0
27499,79728,0
27500,45754,1
27501,50308,-1
27502,83113,-1
27503,-1,0
27504,19250,1
27505,88570,-1
27506,56828,0
27507,54195,1
27508,72662,0
27509,76919,1
27510,-1,0
27511,29119,1
27512,25471,0
27513,11135,0
27514,68099,1
27515,67249,1
27516,69724,0
27517,45176,1
27518,45049,0
27519,32106,0
27520,14770,0
27521,68938,0
27522,32281,0
27523,79487,0
27524,65949,1
27525,72880,0
27526,66424,0
27527,30027,0
27528,85656,0
27529,68818,0
27530,63727,0
27531,35855,1
27532,-1,0
27533,72394,1
27534,46148,0
27535,41246,1
27536,-1,0
27537,7723,0
27538,2180,0
27539,98829,0
27540,93260,0
27541,28764,0
27542,25044,0
27543,52285,-1
27544,17587,-1
27545,20683,1
27546,79999,0
27547,56297,0
27548,5956,0
27549,7232,0
27550,-1,0
27551,37817,1
27552,-1,0
27553,19664,0
27554,94875,0
27555,-1,0
27556,95872,0
27557,49850,1
27558,-1,0
27559,18240,1
27560,93868,-1
27561,63479,-1
27562,39791,0
27563,52247,0
27564,48653,0
27565,47753,0
27566,99386,-1
27567,68679,-1
27568,39114,0
27569,16813,0
27570,50044,0
27571,-1,0
27572,93408,-1
27573,34545,1
27574,54059,0
27575,8762,-1
27576,58134,0
27577,-1,0
27578,57068,0
27579,73402,0
27580,60862,0
27581,16446,1
27582,62437,0
27583,-1,0
27584,17601,0
27585,81689,0
27586,64261,0
27587,1354,0
27588,59141,1
27589,69693,0
27590,57887,1
27591,-1,0
27592,57542,0
27593,46821,0
27594,22647,-1
27595,52680,-1
27596,-1,0
27597,69319,0
27598,74793,0
27599,-1,0
27600,8776,0
27601,56795,0
27602,8433,1
27603,-1,0
27604,70183,0
27605,72610,-1
27606,-1,0
27607,55276,1
27608,-1,0
27609,83246,0
27610,50731,-1
27611,40251,0
27612,20398,1
27613,24192,0
27614,67900,0
27615,40428,0
27616,39436,0
27617,74299,1
27618,74101,0
27619,-1,0
27620,44289,-1
27621,95805,0
27622,6970,0
27623,85923,1
27624,87013,1
27625,8270,1
27626,-1,0
27627,49761,1
27628,84393,1
27629,98220,-1
27630,-1,0
27631,3004,0
27632,52633,0
27633,2341,1
27634,46446,-1
27635,25953,0
27636,39807,1
27637,40680,0
27638,71565,0
27639,42362,0
27640,80019,0
27641,34260,-1
27642,30678,0
27643,21453,1
27644,-1,0
27645,63141,-1
27646,91685,1
27647,61100,0
27648,21107,0
27649,89954,0
27650,36950,0
27651,98530,1
27652,-1,0
27653,73261,0
27654,12073,0
27655,85961,1
27656,13354,0
27657,74012,-1
27658,45320,1
27659,20721,1
27660,38109,0
27661,44798,-1
27662,61223,0
27663,69018,1
27664,29355,0
27665,49917,0
27666,74662,0
27667,-1,0
27668,43763,-1
27669,52888,0
27670,89552,0
27671,45435,1
27672,73144,1
27673,65771,1
27674,65826,0
27675,19389,0
27676,10708,1
27677,2019,-1
27678,66477,0
27679,21037,0
27680,67565,0
27681,58252,0
27682,61462,-1
27683,46265,1
27684,32876,1
27685,-1,0
27686,-1,0
27687,96698,-1
27688,85718,0
27689,-1,0
27690,67300,1
27691,61678,0
27692,48100,-1
27693,57715,0
27694,76302,1
27695,79000,0
27696,13769,0
27697,76619,0
27698,34252,0
27699,7365,-1
27700,-1,0
27701,57961,1
27702,87353,0
27703,-1,0
27704,43466,1
27705,66894,0
27706,8243,0
27707,-1,0
27708,-1,0
27709,97235,1
27710,25762,0
27711,-1,0
27712,-1,0
27713,-1,0
27714,-1,0
27715,-1,0
27716,63812,-1
27717,11828,-1
27718,-1,0
27719,-1,0
27720,97317,0
27721,18664,0
27722,31399,-1
27723,90537,0
27724,917,0
27725,-1,0
27726,1706,-1
27727,9729,0
27728,52547,0
27729,-1,0
27730,-1,0
27731,4552,0
27732,-1,0
27733,39846,0
27734,13098,-1
27735,-1,0
27736,34984,0
27737,80584,0
27738,59495,1
27739,19532,0
27740,28698,0
27741,20888,0
27742,67681,1
27743,10260,-1
27744,57188,1
27745,34006,-1
27746,87216,0
27747,71213,1
27748,50833,1
27749,-1,0
27750,50886,0
27751,-1,0
27752,98040,0
27753,46348,0
27754,65868,1
27755,-1,0
27756,9646,0
27757,14915,0
27758,96158,-1
27759,88175,0
27760,40057,-1
27761,74025,-1
27762,14818,0
27763,47955,1
27764,72490,0
27765,36330,0
27766,56707,0
27767,15120,0
27768,27503,1
27769,23661,0
27770,6697,0
27771,69002,1
27772,78534,1
27773,3379,-1
27774,71387,0
27775,87750,0
27776,79232,0
27777,75667,0
27778,53647,-1
27779,35029,0
27780,34703,0
27781,80777,0
27782,83501,1
27783,6567,0
27784,-1,0
27785,62439,0
27786,58966,1
27787,-1,0
27788,55327,0
27789,35497,0
27790,64234,-1
27791,44071,0
27792,46271,0
27793,-1,0
27794,74791,1
27795,98155,1
27796,26342,0
27797,54085,0
27798,80271,1
27799,30248,0
27800,95778,-1
27801,2740,1
27802,85405,1
27803,-1,0
27804,62766,1
27805,65176,0
27806,22114,0
27807,44595,-1
27808,41532,0
27809,21425,0
27810,-1,0
27811,-1,0
27812,530,0
27813,10047,1
27814,-1,0
27815,79748,0
27816,-1,0
27817,76117,0
27818,83288,0
27819,93761,0
27820,79531,0
27821,58859,1
27822,38837,-1
27823,25390,1
27824,59800,0
27825,53698,1
27826,39888,-1
27827,25006,0
27828,64274,0
27829,23849,-1
27830,70475,0
27831,5552,1
27832,69814,0
27833,-1,0
27834,32630,0
27835,86803,1
27836,66785,-1
27837,58092,0
27838,51824,0
27839,65232,0
27840,39215,-1
27841,96482,-1
27842,93841,-1
27843,95144,0
27844,89268,-1
27845,-1,0
27846,-1,0
27847,40759,0
27848,-1,0
27849,7601,0
27850,88531,-1
27851,20296,0
27852,25211,1
27853,31944,0
27854,19652,0
27855,83032,0
27856,54041,-1
27857,-1,0
27858,-1,0
27859,17143,0
27860,33538,0
27861,-1,0
27862,61171,1
27863,36889,0
27864,67079,1
27865,-1,0
27866,-1,0
27867,1167,1
27868,-1,0
27869,-1,0
27870,19170,0
27871,93256,1
27872,53107,-1
27873,64931,0
27874,64698,1
27875,-1,0
27876,83812,0
27877,87018,1
27878,16069,0
27879,91924,0
27880,39985,0
27881,25920,1
27882,54431,-1
27883,93612,0
27884,62029,0
27885,43263,1
27886,71712,-1
27887,22064,0
27888,78420,0
27889,70017,0
27890,63778,0
27891,3687,-1
27892,2757,0
27893,69775,0
27894,-1,0
27895,35926,0
27896,71236,0
27897,94080,1
27898,75712,0
27899,23361,0
27900,2957,0
27901,59664,-1
27902,2346,-1
27903,5678,0
27904,-1,0
27905,5309,1
27906,-1,0
27907,76382,0
27908,55816,-1
27909,55912,1
27910,2314,-1
27911,57487,-1
27912,9389,0
27913,72725,0
27914,-1,0
27915,20477,0
27916,76053,-1
27917,28542,0
27918,-1,0
27919,89747,0
27920,42337,0
27921,84011,0
27922,66352,-1
27923,57661,-1
27924,98230,1
27925,-1,0
27926,83201,0
27927,63922,0
27928,37133,-1
27929,57793,1
27930,91958,-1
27931,24578,-1
27932,71360,0
27933,820,0
27934,51576,1
27935,22207,0
27936,47500,1
27937,90478,0
27938,-1,0
27939,59363,0
27940,89830,-1
27941,18624,-1
27942,85694,1
27943,58790,0
27944,46899,0
27945,28095,1
27946,41516,1
27947,67383,0
27948,-1,0
27949,48529,0
27950,89600,0
27951,87620,-1
27952,63754,0
27953,32073,0
27954,-1,0
27955,-1,0
27956,-1,0
27957,54655,1
27958,60587,0
27959,45450,-1
27960,35465,1
27961,94670,0
27962,63293,0
27963,6908,-1
27964,33113,0
27965,78794,0
27966,87863,0
27967,98630,0
27968,37564,1
27969,38046,1
27970,60861,0
27971,21194,0
27972,-1,0
27973,25280,0
27974,13302,0
27975,10834,0
27976,72911,0
27977,65631,0
27978,18550,0
27979,78371,0
27980,82915,-1
27981,95611,0
27982,79723,1
27983,-1,0
27984,80685,0
27985,76220,-1
27986,93159,0
27987,53222,-1
27988,75253,-1
27989,-1,0
27990,-1,0
27991,71596,0
27992,89028,1
27993,39918,0
27994,81459,0
27995,53032,1
27996,18850,0
27997,56953,0
27998,25407,1
27999,38357,-1
28000,25123,1
28001,-1,0
28002,70864,-1
28003,22973,0
28004,26802,-1
28005,82526,-1
28006,68885,0
28007,20927,1
28008,79146,0
28009,73359,0
28010,-1,0
28011,20599,1
28012,18651,-1
28013,-1,0
28014,19722,0
28015,98671,1
28016,43391,0
28017,36859,0
28018,-1,0
28019,-1,0
28020,-1,0
28021,53466,1
28022,-1,0
28023,-1,0
28024,97251,0
28025,13396,0
28026,17286,0
28027,76944,1
28028,51765,1
28029,30324,0
28030,46575,-1
28031,87203,1
28032,-1,0
28033,610,-1
28034,46484,0
28035,89325,1
28036,-1,0
28037,6306,-1
28038,89360,-1
28039,81815,-1
28040,28389,0
28041,10,1
28042,53759,-1
28043,43545,0
28044,69525,0
28045,92730,0
28046,89081,1
28047,-1,0
28048,98388,-1
28049,88602,0
28050,76882,0
28051,5398,1
28052,-1,0
28053,55017,1
28054,20410,0
28055,45162,-1
28056,90344,-1
28057,82420,0
28058,6051,-1
28059,28674,0
28060,96840,1
28061,69052,0
28062,88832,0
28063,57692,0
28064,71163,0
28065,15365,0
28066,31585,0
28067,17570,1
28068,91113,1
28069,76049,0
28070,36508,0
28071,91836,0
28072,35392,0
28073,-1,0
28074,90926,-1
28075,97889,-1
28076,32698,0
28077,46540,0
28078,-1,0
28079,13068,1
28080,20123,-1
28081,10454,-1
28082,38654,1
28083,-1,0
28084,-1,0
28085,67116,0
28086,20262,0
28087,15098,1
28088,6839,0
28089,85156,0
28090,53827,1
28091,59335,1
28092,26962,-1
28093,19765,0
28094,84591,0
28095,29024,0
28096,16273,-1
28097,54771,-1
28098,85192,1
28099,38000,-1
28100,63597,1
28101,97756,-1
28102,61804,1
28103,51083,1
28104,68463,1
28105,68254,0
28106,94919,0
28107,92700,-1
28108,79413,0
28109,7303,0
28110,64494,-1
28111,50776,1
28112,22344,1
28113,4922,0
28114,23254,0
28115,2336,-1
28116,56012,0
28117,27256,0
28118,86686,0
28119,10400,0
28120,-1,0
28121,87218,0
28122,95355,0
28123,-1,0
28124,39332,0
28125,29641,0
28126,71225,-1
28127,33216,0
28128,58908,-1
28129,42652,-1
28130,41493,1
28131,15331,0
28132,84417,1
28133,51400,0
28134,9881,1
28135,35381,0
28136,47146,0
28137,15799,1
28138,79565,-1
28139,1619,-1
28140,31259,-1
28141,97777,1
28142,81812,0
28143,35237,1
28144,20552,0
28145,37461,1
28146,-1,0
28147,77840,1
28148,-1,0
28149,-1,0
28150,17694,-1
28151,53318,1
28152,72519,0
28153,13395,1
28154,70390,-1
28155,91931,0
28156,27287,1
28157,-1,0
28158,87494,0
28159,-1,0
28160,42891,0
28161,55390,1
28162,34217,0
28163,70593,0
28164,37352,-1
28165,4380,0
28166,49151,1
28167,74804,0
28168,7532,-1
28169,41617,0
28170,53576,1
28171,90619,-1
28172,20820,-1
28173,47466,-1
28174,76857,1
28175,19280,0
28176,97930,0
28177,26060,0
28178,68562,-1
28179,12933,1
28180,66358,1
28181,23226,1
28182,22789,1
28183,73653,0
28184,-1,0
28185,-1,0
28186,-1,0
28187,79976,0
28188,15610,0
28189,90096,-1
28190,-1,0
28191,38936,0
28192,9870,0
28193,21882,-1
28194,-1,0
28195,20898,1
28196,13558,0
28197,67139,1
28198,93152,0
28199,7183,0
28200,47510,0
28201,92565,0
28202,95120,1
28203,31137,-1
28204,17134,0
28205,44276,1
28206,18581,0
28207,-1,0
28208,25667,0
28209,98057,0
28210,33608,0
28211,-1,0
28212,83557,-1
28213,-1,0
28214,70701,0
28215,12069,1
28216,94447,-1
28217,7409,0
28218,30081,0
28219,23490,0
28220,29909,0
28221,68998,0
28222,17204,0
28223,40939,1
28224,64280,0
28225,56178,0
28226,70699,0
28227,97090,0
28228,-1,0
28229,-1,0
28230,65266,0
28231,9718,-1
28232,62290,1
28233,-1,0
28234,58230,-1
28235,-1,0
28236,13039,0
28237,98301,0
28238,20012,0
28239,99404,1
28240,61334,0
28241,28923,-1
28242,61557,0
28243,75991,-1
28244,-1,0
28245,95875,1
28246,-1,0
28247,59804,0
28248,34314,1
28249,18646,0
28250,77599,1
28251,36133,0
28252,78559,0
28253,86300,1
28254,1201,-1
28255,3682,-1
28256,65854,-1
28257,-1,0
28258,44164,-1
28259,22175,0
28260,74900,-1
28261,68049,-1
28262,54634,0
28263,-1,0
28264,27722,-1
28265,58134,1
28266,24881,0
28267,54933,1
28268,95833,-1
28269,2779,0
28270,-1,0
28271,63896,-1
28272,-1,0
28273,35520,0
28274,60323,-1
28275,-1,0
28276,32428,0
28277,72081,0
28278,94659,0
28279,18723,0
28280,8483,1
28281,8953,0
28282,48400,0
28283,91764,1
28284,-1,0
28285,71621,1
28286,27281,0
28287,21522,0
28288,55820,1
28289,26163,-1
28290,96489,1
28291,91347,1
28292,40396,0
28293,67754,-1
28294,30058,0
28295,54299,1
28296,89923,1
28297,91877,1
28298,30863,-1
28299,-1,0
28300,63547,0
28301,43307,1
28302,82679,0
28303,42789,0
28304,18314,0
28305,50022,1
28306,33942,-1
28307,32810,0
28308,77421,1
28309,63909,1
28310,19650,-1
28311,49265,1
28312,-1,0
28313,31315,1
28314,73656,1
28315,54338,-1
28316,45212,0
28317,61354,0
28318,27228,0
28319,59989,-1
28320,37794,-1
28321,78199,-1
28322,25238,0
28323,35501,0
28324,12745,-1
28325,97320,0
28326,36680,-1
28327,-1,0
28328,53212,0
28329,26721,-1
28330,43597,-1
28331,-1,0
28332,16894,0
28333,50810,0
28334,38253,0
28335,-1,0
28336,-1,0
28337,57429,-1
28338,78524,1
28339,82707,1
28340,27930,-1
28341,36530,0
28342,49368,0
28343,51981,1
28344,55074,0
28345,82782,1
28346,24117,1
28347,27281,-1
28348,28184,1
28349,27489,0
28350,77090,0
28351,71905,0
28352,63233,1
28353,26280,1
28354,41881,1
28355,-1,0
28356,51352,0
28357,38381,-1
28358,69525,1
28359,86952,-1
28360,48735,0
28361,53149,1
28362,34010,0
28363,51641,1
28364,60295,-1
28365,60162,-1
28366,82043,0
28367,-1,0
28368,97514,1
28369,30516,0
28370,66634,0
28371,-1,0
28372,-1,0
28373,-1,0
28374,67667,0
28375,86599,1
28376,97701,0
28377,74726,0
28378,-1,0
28379,98339,-1
28380,16026,0
28381,37649,1
28382,30847,1
28383,-1,0
28384,69932,0
28385,55623,0
28386,28903,1
28387,15135,-1
28388,21039,1
28389,-1,0
28390,84624,1
28391,95411,0
28392,38419,1
28393,86133,-1
28394,53739,0
28395,46811,0
28396,38687,0
28397,86903,1
28398,13581,0
28399,78323,1
28400,59110,-1
28401,93119,1
28402,31127,0
28403,46169,0
28404,58003,0
28405,33070,0
28406,-1,0
28407,97762,1
28408,86196,0
28409,52084,0
28410,26820,1
28411,96740,-1
28412,-1,0
28413,4778,0
28414,96059,0
28415,5241,1
28416,18293,-1
28417,-1,0
28418,72069,0
28419,21440,0
28420,27260,0
28421,-1,0
28422,-1,0
28423,-1,0
28424,-1,0
28425,12736,0
28426,67184,-1
28427,99246,0
28428,69509,0
28429,5538,0
28430,18790,0
28431,47879,0
28432,39593,1
28433,1337,0
28434,-1,0
28435,91077,1
28436,39478,0
28437,93412,1
28438,42083,1
28439,27748,-1
28440,88874,-1
28441,14923,0
28442,10232,0
28443,55524,-1
28444,9748,0
28445,21890,1
28446,6489,1
28447,96618,0
28448,76890,-1
28449,79877,1
28450,68321,0
28451,78595,-1
28452,19715,1
28453,96784,1
28454,74751,0
28455,79715,0
28456,93727,1
28457,33416,0
28458,67030,0
28459,80299,1
28460,50286,0
28461,22824,-1
28462,7905,1
28463,27592,1
28464,38357,0
28465,25462,0
28466,-1,0
28467,68132,1
28468,34567,1
28469,51401,-1
28470,-1,0
28471,54210,0
28472,-1,0
28473,92653,0
28474,8670,1
28475,1438,0
28476,84619,0
28477,38205,0
28478,15232,0
28479,91636,0
28480,-1,0
28481,21394,0
28482,90750,-1
28483,33625,-1
28484,94281,0
28485,8435,-1
28486,67788,0
28487,-1,0
28488,26501,1
28489,83128,-1
28490,-1,0
28491,-1,0
28492,15867,0
28493,92334,0
28494,14764,0
28495,96072,1
28496,86471,0
28497,-1,0
28498,-1,0
28499,81463,1
28500,54005,0
28501,-1,0
28502,58408,1
28503,70511,0
28504,96130,1
28505,6340,1
28506,31982,0
28507,62781,1
28508,89807,0
28509,-1,0
28510,81200,-1
28511,39137,0
28512,71669,-1
28513,77848,-1
28514,64536,0
28515,17545,0
28516,95261,1
28517,43076,1
28518,63114,-1
28519,58628,0
28520,-1,0
28521,58479,0
28522,53261,0
28523,90543,-1
28524,17410,1
28525,16562,0
28526,-1,0
28527,21695,0
28528,31170,0
28529,91762,0
28530,38637,-1
28531,46904,0
28532,61252,-1
28533,73519,0
28534,31962,-1
28535,68033,0
28536,-1,0
28537,43166,0
28538,-1,0
28539,81026,1
28540,28041,-1
28541,53226,0
28542,91779,0
28543,49675,-1
28544,27180,1
28545,-1,0
28546,14428,1
28547,88346,1
28548,15898,1
28549,78349,1
28550,66697,1
28551,85248,0
28552,77580,1
28553,-1,0
28554,65116,0
28555,56178,1
28556,17381,-1
28557,-1,0
28558,71240,-1
28559,97377,-1
28560,-1,0
28561,56827,-1
28562,73826,0
28563,85677,1
28564,-1,0
28565,88129,0
28566,66699,-1
28567,40811,0
28568,79022,0
28569,14820,-1
28570,99343,1
28571,67399,-1
28572,70357,-1
28573,71402,0
28574,73039,0
28575,30941,0
28576,44288,1
28577,-1,0
28578,35761,0
28579,84212,0
28580,51641,0
28581,60189,1
28582,84069,0
28583,93430,0
28584,49559,0
28585,45115,1
28586,43564,-1
28587,90339,-1
28588,66271,0
28589,3937,0
28590,65874,0
28591,95648,0
28592,42833,-1
28593,85227,1
28594,5289,0
28595,57628,0
28596,19294,0
28597,-1,0
28598,13336,0
28599,38799,-1
28600,50282,-1
28601,-1,0
28602,59688,0
28603,42221,1
28604,96097,1
28605,1717,0
28606,80081,-1
28607,28731,-1
28608,9743,-1
28609,-1,0
28610,78259,0
28611,25689,0
28612,84927,-1
28613,77470,0
28614,21955,0
28615,73620,0
28616,-1,0
28617,35219,1
28618,-1,0
28619,32682,1
28620,56357,0
28621,22662,0
28622,63123,1
28623,85800,0
28624,85546,1
28625,75588,0
28626,-1,0
28627,64845,1
28628,69001,0
28629,52937,1
28630,35833,0
28631,54521,-1
28632,2028,1
28633,-1,0
28634,69117,0
28635,13922,0
28636,91962,-1
28637,82845,-1
28638,-1,0
28639,11161,-1
28640,63165,1
28641,94313,0
28642,6847,-1
28643,81637,0
28644,51117,0
28645,29231,-1
28646,-1,0
28647,51048,0
28648,3397,-1
28649,90723,0
28650,32907,0
28651,74453,-1
28652,46559,-1
28653,32909,-1
28654,-1,0
28655,90672,-1
28656,95726,1
28657,75454,0
28658,37301,-1
28659,23178,0
28660,95922,0
28661,74882,0
28662,84551,0
28663,76551,0
28664,92135,-1
28665,17221,-1
28666,-1,0
28667,67019,1
28668,34016,0
28669,-1,0
28670,6457,1
28671,-1,0
28672,38943,0
28673,9776,0
28674,82137,0
28675,93027,-1
28676,9886,0
28677,60167,0
28678,-1,0
28679,-1,0
28680,43767,1
28681,4283,1
28682,-1,0
28683,76935,0
28684,90608,1
28685,-1,0
28686,-1,0
28687,95558,0
28688,97557,0
28689,74910,-1
28690,71026,1
28691,7293,0
28692,5841,-1
28693,59098,1
28694,9521,-1
28695,26911,0
28696,6364,0
28697,2721,0
28698,-1,0
28699,65216,1
28700,-1,0
28701,-1,0
28702,29110,1
28703,26170,0
28704,61357,0
28705,-1,0
28706,50517,1
28707,-1,0
28708,22148,0
28709,66569,-1
28710,46141,1
28711,44878,0
28712,31682,0
28713,75937,0
28714,85979,1
28715,72959,1
28716,64954,1
28717,93334,-1
28718,6667,1
28719,29890,0
28720,-1,0
28721,36595,0
28722,38445,1
28723,38255,-1
28724,43815,0
28725,6062,1
28726,42124,0
28727,18685,0
28728,75095,0
28729,86541,1
28730,4504,1
28731,66840,0
28732,54826,0
28733,67149,0
28734,15640,-1
28735,54979,0
28736,80417,0
28737,49091,0
28738,1552,1
28739,12500,0
28740,34467,1
28741,80740,0
28742,66993,0
28743,67247,1
28744,37833,-1
28745,47808,0
28746,45753,1
28747,8685,0
28748,94246,-1
28749,57458,-1
28750,64633,1
28751,39591,1
28752,47950,-1
28753,47647,0
28754,42936,0
28755,7067,0
28756,91938,0
28757,78181,0
28758,81309,-1
28759,-1,0
28760,23566,0
28761,46164,1
28762,29747,1
28763,48196,0
28764,87197,-1
28765,68232,0
28766,-1,0
28767,35333,-1
28768,46277,0
28769,50542,0
28770,59224,-1
28771,93375,1
28772,-1,0
28773,82569,0
28774,43836,-1
28775,72783,1
28776,34081,1
28777,92415,-1
28778,-1,0
28779,89818,-1
28780,-1,0
28781,44294,0
28782,95804,1
28783,4416,0
28784,76697,-1
28785,62723,1
28786,33647,-1
28787,8069,0
28788,90928,0
28789,16989,0
28790,-1,0
28791,4651,0
28792,22043,-1
28793,84838,1
28794,94810,0
28795,59990,0
28796,19856,0
28797,47981,-1
28798,67858,0
28799,15066,0
28800,65543,0
28801,6696,0
28802,-1,0
28803,77843,0
28804,-1,0
28805,78200,-1
28806,50646,1
28807,40810,0
28808,80189,1
28809,4735,0
28810,58779,1
28811,75970,1
28812,41412,-1
28813,97659,0
28814,32087,-1
28815,37069,0
28816,91874,1
28817,81123,0
28818,97156,0
28819,-1,0
28820,58995,0
28821,2909,0
28822,24983,-1
28823,89038,0
28824,68576,-1
28825,22248,0
28826,98140,0
28827,54088,1
28828,63060,0
28829,47202,1
28830,72710,1
28831,-1,0
28832,23501,0
28833,27830,-1
28834,27624,1
28835,45951,-1
28836,73933,0
28837,35951,-1
28838,95500,-1
28839,27646,0
28840,56343,-1
28841,85825,-1
28842,47852,1
28843,65251,0
28844,43527,0
28845,96725,0
28846,83348,-1
28847,71359,0
28848,65944,1
28849,-1,0
28850,32561,0
28851,59672,0
28852,44876,1
28853,68066,-1
28854,7149,0
28855,95073,1
28856,34319,0
28857,93582,0
28858,18173,1
28859,75978,0
28860,78861,0
28861,-1,0
28862,12125,0
28863,10208,0
28864,54824,0
28865,19214,1
28866,82149,0
28867,19598,0
28868,-1,0
28869,32874,0
28870,39399,0
28871,36914,0
28872,94271,1
28873,19452,0
28874,86947,0
28875,80260,1
28876,92006,0
28877,46900,0
28878,74509,0
28879,-1,0
28880,40209,1
28881,76269,0
28882,79683,1
28883,35153,0
28884,54733,0
28885,83903,0
28886,-1,0
28887,71024,1
28888,87574,0
28889,-1,0
28890,26965,0
28891,26504,0
28892,25498,0
28893,3648,1
28894,6469,0
28895,-1,0
28896,75403,0
28897,18740,1
28898,92414,0
28899,52065,0
28900,14193,-1
28901,-1,0
28902,49668,-1
28903,73940,0
28904,79043,-1
28905,37836,0
28906,-1,0
28907,71733,0
28908,39743,-1
28909,91006,1
28910,24361,1
28911,95932,0
28912,44135,-1
28913,11712,-1
28914,84902,0
28915,31413,1
28916,-1,0
28917,73533,0
28918,31464,0
28919,57168,1
28920,66436,0
28921,55484,1
28922,953,0
28923,86135,0
28924,58731,0
28925,92468,0
28926,-1,0
28927,67944,1
28928,-1,0
28929,42545,-1
28930,-1,0
28931,65348,0
28932,36599,0
28933,46842,0
28934,99895,-1
28935,63334,1
28936,81009,0
28937,11607,0
28938,9562,0
28939,-1,0
28940,35526,1
28941,95550,0
28942,-1,0
28943,40641,0
28944,53643,0
28945,48207,-1
28946,-1,0
28947,3802,0
28948,10483,-1
28949,8209,0
28950,-1,0
28951,32996,1
28952,34931,1
28953,14445,0
28954,33653,0
28955,91900,-1
28956,98748,0
28957,50967,0
28958,72183,0
28959,67952,0
28960,75272,-1
28961,70072,0
28962,24524,-1
28963,77337,-1
28964,44903,0
28965,41623,-1
28966,71205,0
28967,-1,0
28968,69643,0
28969,72153,1
28970,95808,-1
28971,-1,0
28972,33674,1
28973,57551,1
28974,59851,0
28975,40059,1
28976,93702,-1
28977,93145,1
28978,33236,0
28979,58846,-1
28980,73538,1
28981,76314,-1
28982,-1,0
28983,8779,0
28984,16416,1
28985,46054,0
28986,-1,0
28987,88028,1
28988,90582,0
28989,90909,-1
28990,-1,0
28991,-1,0
28992,15139,0
28993,61354,1
28994,11716,0
28995,41727,-1
28996,4041,1
28997,58511,0
28998,89667,0
28999,43507,-1
29000,36022,-1
29001,64321,0
29002,82134,0
29003,-1,0
29004,97288,-1
29005,66412,1
29006,33213,0
29007,94936,1
29008,58768,1
29009,37137,-1
29010,87620,0
29011,-1,0
29012,52526,1
29013,90426,1
29014,-1,0
29015,63882,0
29016,11174,1
29017,17134,-1
29018,26962,0
29019,-1,0
29020,31845,1
29021,28669,1
29022,31868,1
29023,97723,-1
29024,96221,0
29025,87430,0
29026,69776,1
29027,18920,0
29028,57428,-1
29029,65850,1
29030,-1,0
29031,10650,-1
29032,17903,1
29033,84281,0
29034,-1,0
29035,46915,1
29036,41626,0
29037,53291,1
29038,92020,0
29039,95204,0
29040,57652,0
29041,-1,0
29042,-1,0
29043,38160,0
29044,12827,1
29045,7242,-1
29046,49615,0
29047,95719,-1
29048,5881,1
29049,89585,0
29050,89335,0
29051,-1,0
29052,77817,0
29053,71892,0
29054,78634,0
29055,-1,0
29056,67952,-1
29057,28554,1
29058,67434,0
29059,57,0
29060,40756,1
29061,7463,0
29062,40767,0
29063,88928,-1
29064,77645,1
29065,69636,-1
29066,80155,-1
29067,65001,-1
29068,7583,-1
29069,88102,1
29070,70090,-1
29071,58870,1
29072,16846,1
29073,76856,-1
29074,95855,-1
29075,67416,-1
29076,15759,-1
29077,86349,1
29078,-1,0
29079,-1,0
29080,59598,1
29081,37,0
29082,2464,0
29083,32328,0
29084,92312,1
29085,96202,1
29086,45504,0
29087,81977,0
29088,83025,0
29089,84965,0
29090,45168,-1
29091,6843,0
29092,40243,1
29093,37519,-1
29094,60326,1
29095,59018,0
29096,84055,0
29097,52789,-1
29098,-1,0
29099,89259,-1
29100,30884,0
29101,77763,0
29102,31639,1
29103,71199,-1
29104,47535,0
29105,4422,1
29106,8961,-1
29107,99519,0
29108,13859,0
29109,87179,0
29110,89779,0
29111,87986,-1
29112,99739,0
29113,69136,1
29114,84621,0
29115,61194,0
29116,10671,0
29117,62042,-1
29118,27775,0
29119,39463,1
29120,62918,0
29121,9540,0
29122,65268,0
29123,58510,-1
29124,-1,0
29125,17883,0
29126,56931,1
29127,89050,0
29128,90310,0
29129,-1,0
29130,4887,1
29131,47331,0
29132,96555,0
29133,1492,0
29134,79181,-1
29135,15662,0
29136,49519,-1
29137,2257,0
29138,91297,0
29139,1527,0
29140,59489,0
29141,87446,0
29142,46797,1
29143,54229,1
29144,66092,0
29145,40846,0
29146,18080,1
29147,-1,0
29148,40534,0
29149,-1,0
29150,67039,-1
29151,74627,-1
29152,23498,0
29153,71617,0
29154,76583,0
29155,22646,-1
29156,-1,0
29157,56471,0
29158,43138,-1
29159,57844,-1
29160,56296,0
29161,-1,0
29162,72560,-1
29163,52922,0
29164,74129,1
29165,67427,0
29166,7463,1
29167,65605,0
29168,-1,0
29169,48554,0
29170,46112,0
29171,62937,0
29172,73968,-1
29173,31669,0
29174,526,0
29175,-1,0
29176,75436,0
29177,32641,0
29178,79735,0
29179,78007,0
29180,63440,0
29181,12500,-1
29182,97375,0
29183,44057,0
29184,35495,0
29185,82921,0
29186,93754,0
29187,50709,0
29188,42499,0
29189,97175,0
29190,-1,0
29191,-1,0
29192,61083,-1
29193,57731,0
29194,23149,0
29195,91850,0
29196,15476,-1
29197,-1,0
29198,21619,1
29199,-1,0
29200,10681,0
29201,13389,-1
29202,59651,0
29203,29357,1
29204,81503,-1
29205,69254,0
29206,14952,0
29207,43531,0
29208,34378,1
29209,41575,0
29210,22184,1
29211,-1,0
29212,83310,0
29213,58214,0
29214,24808,1
29215,16891,0
29216,84255,0
29217,-1,0
29218,96907,1
29219,-1,0
29220,80390,1
29221,97356,0
29222,-1,0
29223,76768,1
29224,98442,0
29225,96234,-1
29226,20745,0
29227,31911,1
29228,44577,0
29229,70795,0
29230,25854,0
29231,72177,-1
29232,71979,1
29233,23082,0
29234,29875,0
29235,9683,1
29236,23031,1
29237,717,0
29238,47080,1
29239,14234,0
29240,68076,0
29241,-1,0
29242,60779,-1
29243,85306,1
29244,80900,0
29245,54888,1
29246,-1,0
29247,86732,0
29248,26814,0
29249,82449,1
29250,58208,0
29251,5592,-1
29252,76135,-1
29253,36016,0
29254,86984,-1
29255,55515,0
29256,2641,0
29257,85677,0
29258,88494,1
29259,60534,-1
29260,85258,-1
29261,78484,1
29262,47695,-1
29263,6305,0
29264,75649,-1
29265,-1,0
29266,57276,1
29267,33189,-1
29268,62680,0
29269,31131,1
29270,36200,0
29271,71622,0
29272,92715,-1
29273,42492,0
29274,94145,-1
29275,68038,-1
29276,74002,1
29277,20932,1
29278,83132,0
29279,-1,0
29280,27486,1
29281,5308,0
29282,25052,-1
29283,93001,1
29284,75596,-1
29285,90288,0
29286,34917,0
29287,37391,-1
29288,-1,0
29289,16302,0
29290,-1,0
29291,52559,0
29292,55780,1
29293,17800,-1
29294,82420,-1
29295,92258,1
29296,50742,0
29297,56516,0
29298,68394,1
29299,-1,0
29300,42318,0
29301,7234,0
29302,96355,0
29303,-1,0
29304,71159,0
29305,16084,0
29306,40783,0
29307,-1,0
29308,82301,0
29309,60213,0
29310,27330,0
29311,79996,0
29312,82413,1
29313,15983,-1
29314,32075,0
29315,18556,1
29316,38373,-1
29317,36476,1
29318,69061,-1
29319,44513,1
29320,36702,0
29321,63113,1
29322,55634,0
29323,50340,0
29324,19259,0
29325,97280,0
29326,16185,0
29327,98552,0
29328,39776,0
29329,93524,-1
29330,53391,0
29331,44606,0
29332,30087,-1
29333,44899,-1
29334,30812,0
29335,85309,0
29336,66689,0
29337,42355,0
29338,6098,0
29339,-1,0
29340,96880,0
29341,-1,0
29342,56219,0
29343,94866,1
29344,-1,0
29345,11080,1
29346,-1,0
29347,55551,-1
29348,20514,0
29349,75156,0
29350,73783,0
29351,40909,0
29352,21864,-1
29353,56537,0
29354,45526,-1
29355,-1,0
29356,19057,0
29357,96464,0
29358,15022,-1
29359,17483,0
29360,52309,1
29361,-1,0
29362,64529,0
29363,97607,-1
29364,84974,1
29365,-1,0
29366,94828,0
29367,84298,0
29368,37941,0
29369,14937,0
29370,30195,0
29371,-1,0
29372,9883,0
29373,26228,0
29374,-1,0
29375,34187,-1
29376,18692,1
29377,76112,0
29378,-1,0
29379,45578,0
29380,86523,1
29381,41545,0
29382,22050,1
29383,44720,0
29384,30540,-1
29385,78101,0
29386,54169,-1
29387,78497,-1
29388,56560,0
29389,49347,1
29390,46821,1
29391,31011,-1
29392,25974,-1
29393,80886,0
29394,-1,0
29395,32843,1
29396,55874,0
29397,41866,1
29398,27161,0
29399,53667,1
29400,8161,0
29401,48678,0
29402,19413,1
29403,24612,1
29404,60556,1
29405,-1,0
29406,87230,1
29407,50090,0
29408,20932,0
29409,17922,1
29410,49001,-1
29411,50605,-1
29412,88123,1
29413,73519,1
29414,38019,1
29415,79519,0
29416,91991,0
29417,73130,-1
29418,21482,0
29419,88275,0
29420,11409,1
29421,-1,0
29422,76624,1
29423,30094,0
29424,43566,1
29425,35002,0
29426,48944,1
29427,67607,1
29428,47338,0
29429,-1,0
29430,26480,-1
29431,79409,0
29432,48420,-1
29433,-1,0
29434,22334,1
29435,31963,0
29436,63909,0
29437,7268,1
29438,-1,0
29439,14374,1
29440,97624,1
29441,-1,0
29442,6601,1
29443,44634,-1
29444,54621,-1
29445,13709,0
29446,18034,0
29447,-1,0
29448,89363,1
29449,-1,0
29450,-1,0
29451,61527,0
29452,55089,-1
29453,78406,1
29454,-1,0
29455,57403,1
29456,58028,0
29457,64681,1
29458,92563,-1
29459,29503,-1
29460,22977,0
29461,90932,0
29462,83682,1
29463,-1,0
29464,96172,0
29465,49219,0
29466,-1,0
29467,65210,0
29468,-1,0
29469,22558,1
29470,24491,0
29471,-1,0
29472,70926,0
29473,-1,0
29474,76555,0
29475,26697,0
29476,26628,-1
29477,646,-1
29478,70941,1
29479,-1,0
29480,24200,-1
29481,-1,0
29482,34175,-1
29483,47230,0
29484,59589,0
29485,78162,-1
29486,96314,-1
29487,-1,0
29488,53162,1
29489,42456,-1
29490,-1,0
29491,-1,0
29492,8246,0
29493,31020,0
29494,72316,-1
29495,45074,0
29496,71517,0
29497,-1,0
29498,48432,1
29499,40272,1
29500,25058,-1
29501,46069,-1
29502,94550,0
29503,12547,-1
29504,-1,0
29505,-1,0
29506,13052,0
29507,26762,0
29508,33882,1
29509,81118,-1
29510,36449,0
29511,-1,0
29512,93529,1
29513,86972,1
29514,-1,0
29515,2102,0
29516,-1,0
29517,83091,-1
29518,-1,0
29519,37551,0
29520,93550,0
29521,78826,0
29522,22709,1
29523,74848,0
29524,85818,0
29525,53941,0
29526,24930,0
29527,19470,1
29528,73001,0
29529,-1,0
29530,38374,-1
29531,-1,0
29532,65787,-1
29533,-1,0
29534,77630,0
29535,79318,1
29536,35159,0
29537,9006,0
29538,58333,1
29539,51210,1
29540,88505,0
29541,-1,0
29542,70347,0
29543,95353,1
29544,-1,0
29545,14643,0
29546,8853,0
29547,50355,1
29548,76180,1
29549,28471,0
29550,-1,0
29551,36610,-1
29552,48430,0
29553,-1,0
29554,-1,0
29555,-1,0
29556,-1,0
29557,81570,0
29558,-1,0
29559,-1,0
29560,-1,0
29561,89487,0
29562,64723,0
29563,75312,0
29564,81352,0
29565,-1,0
29566,10168,1
29567,26517,0
29568,26838,0
29569,58580,-1
29570,44518,1
29571,-1,0
29572,1744,1
29573,60019,-1
29574,38880,1
29575,17944,0
29576,-1,0
29577,51918,0
29578,60346,1
29579,89019,0
29580,-1,0
29581,5098,1
29582,23132,0
29583,50802,-1
29584,31927,1
29585,89023,0
29586,55573,-1
29587,75598,1
29588,80664,1
29589,119,0
29590,40014,0
29591,28593,1
29592,68370,1
29593,15584,-1
29594,51050,1
29595,2420,1
29596,68569,0
29597,32127,-1
29598,26606,0
29599,72666,0
29600,23608,-1
29601,40343,1
29602,7015,0
29603,-1,0
29604,6485,-1
29605,13522,0
29606,32005,1
29607,79852,1
29608,35263,0
29609,25093,0
29610,14071,0
29611,90795,0
29612,87030,-1
29613,99252,1
29614,92672,0
29615,71105,-1
29616,65085,0
29617,48334,0
29618,56312,1
29619,14017,-1
29620,68707,-1
29621,300,0
29622,47983,1
29623,91457,-1
29624,-1,0
29625,59324,0
29626,72046,1
29627,48284,0
29628,76451,0
29629,45175,1
29630,30043,1
29631,2260,-1
29632,19588,0
29633,24948,-1
29634,91591,-1
29635,62875,1
29636,36471,1
29637,68062,-1
29638,91301,-1
29639,79775,0
29640,78131,0
29641,22617,-1
29642,73875,-1
29643,72332,-1
29644,-1,0
29645,-1,0
29646,91448,1
29647,55433,0
29648,41621,-1
29649,-1,0
29650,-1,0
29651,90194,-1
29652,78371,-1
29653,42389,0
29654,33445,-1
29655,74450,0
29656,28470,0
29657,77723,0
29658,87698,0
29659,-1,0
29660,96441,1
29661,7167,1
29662,61818,0
29663,91038,0
29664,46126,-1
29665,-1,0
29666,73500,0
29667,-1,0
29668,37983,1
29669,95534,-1
29670,77714,0
29671,49403,0
29672,25869,0
29673,65584,1
29674,7785,-1
29675,50557,0
29676,58614,1
29677,96031,-1
29678,-1,0
29679,41590,-1
29680,43444,0
29681,27345,0
29682,77276,1
29683,-1,0
29684,59307,1
29685,16338,0
29686,30228,0
29687,17057,1
29688,10146,0
29689,5346,1
29690,24199,-1
29691,-1,0
29692,16252,0
29693,-1,0
29694,53749,-1
29695,49653,0
29696,9722,1
29697,-1,0
29698,65087,0
29699,-1,0
29700,91720,1
29701,24342,0
29702,28619,0
29703,8141,0
29704,18757,1
29705,-1,0
29706,-1,0
29707,7166,0
29708,-1,0
29709,40557,-1
29710,65342,0
29711,-1,0
29712,90617,0
29713,5505,0
29714,30725,0
29715,43356,-1
29716,98863,0
29717,83001,0
29718,50661,0
29719,43353,0
29720,54547,-1
29721,-1,0
29722,-1,0
29723,-1,0
29724,53355,-1
29725,45905,-1
29726,11333,0
29727,68372,1
29728,37103,-1
29729,22794,-1
29730,21419,-1
29731,51115,1
29732,6772,0
29733,23737,1
29734,22568,-1
29735,-1,0
29736,19353,0
29737,59090,-1
29738,5760,0
29739,6004,0
29740,91543,0
29741,94247,1
29742,5071,0
29743,60470,0
29744,49891,1
29745,57640,0
29746,-1,0
29747,77365,1
29748,13384,0
29749,97271,1
29750,-1,0
29751,13985,-1
29752,58713,1
29753,32422,1
29754,95708,0
29755,-1,0
29756,28571,-1
29757,-1,0
29758,74486,-1
29759,26914,-1
29760,-1,0
29761,6632,0
29762,35051,1
29763,89507,-1
29764,14803,1
29765,-1,0
29766,43543,1
29767,69551,0
29768,64902,0
29769,82791,0
29770,61366,0
29771,16052,0
29772,24049,-1
29773,48547,0
29774,-1,0
29775,74596,1
29776,30212,0
29777,-1,0
29778,-1,0
29779,86695,0
29780,83817,0
29781,-1,0
29782,3719,1
29783,55539,0
29784,58488,0
29785,19321,0
29786,-1,0
29787,-1,0
29788,45303,-1
29789,35168,0
29790,23359,0
29791,60458,-1
29792,76578,-1
29793,48019,0
29794,18331,0
29795,33975,0
29796,-1,0
29797,59705,-1
29798,69551,1
29799,38061,-1
29800,61779,0
29801,13793,0
29802,42806,0
29803,-1,0
29804,26889,0
29805,67925,-1
29806,94322,0
29807,15068,0
29808,96596,0
29809,51984,1
29810,22615,1
29811,60326,0
29812,40050,0
29813,14932,0
29814,21208,-1
29815,-1,0
29816,43466,0
29817,-1,0
29818,79362,1
29819,74277,0
29820,42398,0
29821,52816,-1
29822,-1,0
29823,4881,0
29824,75092,1
29825,43108,0
29826,-1,0
29827,20870,-1
29828,92036,0
29829,14877,1
29830,6607,-1
29831,38803,0
29832,2186,-1
29833,34136,-1
29834,18471,1
29835,49030,0
29836,87152,-1
29837,27358,1
29838,22473,-1
29839,2886,0
29840,73036,0
29841,5792,1
29842,63131,1
29843,31974,0
29844,26012,0
29845,68443,0
29846,40489,-1
29847,6142,0
29848,-1,0
29849,65218,-1
29850,96687,-1
29851,16786,1
29852,69420,1
29853,44939,0
29854,55459,0
29855,80923,1
29856,-1,0
29857,90397,-1
29858,76961,1
29859,23500,0
29860,-1,0
29861,73002,-1
29862,42707,-1
29863,22354,0
29864,75612,0
29865,45275,-1
29866,97512,-1
29867,-1,0
29868,78449,1
29869,58774,-1
29870,41502,0
29871,55166,0
29872,51888,-1
29873,24067,0
29874,31467,1
29875,-1,0
29876,49411,0
29877,-1,0
29878,66781,1
29879,13318,0
29880,37849,0
29881,16093,1
29882,64370,1
29883,-1,0
29884,68597,1
29885,95560,1
29886,61730,1
29887,63424,0
29888,-1,0
29889,34308,-1
29890,18486,0
29891,73860,0
29892,81484,0
29893,86686,1
29894,-1,0
29895,48137,1
29896,82955,1
29897,74611,-1
29898,41886,-1
29899,-1,0
29900,14292,-1
29901,70703,0
29902,81915,0
29903,24057,0
29904,52578,0
29905,15082,1
29906,98185,0
29907,53729,0
29908,79163,1
29909,49166,0
29910,7995,1
29911,-1,0
29912,-1,0
29913,7272,0
29914,31306,0
29915,77475,0
29916,-1,0
29917,-1,0
29918,30550,-1
29919,7182,0
29920,17395,1
29921,95758,0
29922,27073,1
29923,51046,-1
29924,79909,-1
29925,87488,0
29926,48573,1
29927,64728,0
29928,59882,0
29929,-1,0
29930,34574,1
29931,-1,0
29932,-1,0
29933,-1,0
29934,92680,0
29935,4870,0
29936,50283,0
29937,41035,1
29938,-1,0
29939,97922,1
29940,21753,-1
29941,76811,1
29942,67112,0
29943,-1,0
29944,24572,-1
29945,67692,-1
29946,77696,0
29947,24495,0
29948,3151,0
29949,66964,0
29950,-1,0
29951,14535,0
29952,40650,0
29953,54256,1
29954,56967,0
29955,37055,0
29956,29345,0
29957,62196,0
29958,-1,0
29959,74018,1
29960,-1,0
29961,67001,0
29962,77989,0
29963,11980,0
29964,42109,0
29965,60915,0
29966,80443,-1
29967,83825,0
29968,19425,1
29969,39884,0
29970,84372,-1
29971,68259,0
29972,83199,0
29973,91983,0
29974,55703,0
29975,18265,0
29976,-1,0
29977,77761,-1
29978,88928,0
29979,92257,1
29980,65456,1
29981,77695,-1
29982,-1,0
29983,85176,-1
29984,22379,1
29985,96251,1
29986,79284,1
29987,18034,1
29988,57388,0
29989,78136,-1
29990,-1,0
29991,70637,0
29992,73665,0
29993,84921,1
29994,60538,0
29995,67630,-1
29996,53071,0
29997,12721,1
29998,99585,-1
29999,47295,0
30000,99272,-1
30001,-1,0
30002,5281,0
30003,66521,0
30004,22182,-1
30005,44249,1
30006,92528,0
30007,9421,0
30008,74533,0
30009,69545,-1
30010,57289,1
30011,11287,0
30012,75131,0
30013,15884,0
30014,1453,1
30015,74204,1
30016,37386,0
30017,10422,0
30018,-1,0
30019,47002,-1
30020,-1,0
30021,4028,1
30022,43650,1
30023,44648,1
30024,7653,0
30025,87257,0
30026,53855,-1
30027,91866,1
30028,60003,0
30029,43745,0
30030,-1,0
30031,18427,0
30032,2549,1
30033,98221,1
30034,45991,0
30035,45701,1
30036,8384,1
30037,64299,0
30038,86326,0
30039,80631,-1
30040,58740,0
30041,83647,0
30042,94657,-1
30043,80832,-1
30044,79576,-1
30045,-1,0
30046,68781,1
30047,20541,1
30048,96883,0
30049,99491,1
30050,2327,0
30051,71873,-1
30052,-1,0
30053,54269,1
30054,6246,-1
30055,40010,0
30056,-1,0
30057,31482,1
30058,56430,0
30059,17614,1
30060,-1,0
30061,55598,-1
30062,-1,0
30063,-1,0
30064,4770,1
30065,47255,1
30066,49471,0
30067,84521,-1
30068,-1,0
30069,-1,0
30070,98607,-1
30071,40025,-1
30072,13493,0
30073,35958,-1
30074,95970,0
30075,87946,1
30076,55381,-1
30077,70936,0
30078,63255,0
30079,77780,0
30080,77343,-1
30081,20955,1
30082,65118,0
30083,51534,0
30084,70319,-1
30085,40770,0
30086,55863,0
30087,-1,0
30088,-1,0
30089,78665,-1
30090,57673,-1
30091,-1,0
30092,46507,0
30093,86555,-1
30094,76209,0
30095,1625,0
30096,89339,-1
30097,61419,0
30098,52837,-1
30099,30152,-1
30100,18959,0
30101,59364,1
30102,67353,-1
30103,67918,0
30104,61007,0
30105,93325,0
30106,-1,0
30107,42868,0
30108,98839,0
30109,88770,-1
30110,3691,0
30111,83493,1
30112,60848,1
30113,-1,0
30114,68273,0
30115,58820,0
30116,37695,-1
30117,61709,0
30118,56719,-1
30119,33078,0
30120,19666,0
30121,59049,0
30122,59806,0
30123,22202,0
30124,44752,-1
30125,99541,-1
30126,98658,0
30127,93462,0
30128,-1,0
30129,56141,0
30130,87525,0
30131,93647,-1
30132,15909,0
30133,5362,-1
30134,-1,0
30135,21513,0
30136,22485,0
30137,43310,0
30138,39984,-1
30139,30341,1
30140,67333,-1
30141,84900,0
30142,53015,0
30143,80349,-1
30144,39856,0
30145,31384,0
30146,-1,0
30147,27828,0
30148,33027,1
30149,83965,0
30150,79745,0
30151,12099,0
30152,6322,0
30153,23100,0
30154,57765,0
30155,48389,1
30156,-1,0
30157,97529,1
30158,23225,0
30159,91585,-1
30160,5921,-1
30161,77829,-1
30162,96049,-1
30163,-1,0
30164,89873,0
30165,61476,-1
30166,3359,-1
30167,38833,0
30168,82965,0
30169,18475,0
30170,-1,0
30171,28099,0
30172,38177,-1
30173,90283,0
30174,-1,0
30175,23325,-1
30176,2066,0
30177,36384,0
30178,-1,0
30179,74139,0
30180,70911,0
30181,78115,-1
30182,55606,0
30183,-1,0
30184,35273,0
30185,21727,0
30186,-1,0
30187,75108,0
30188,85920,0
30189,59817,1
30190,99971,0
30191,95854,-1
30192,66995,1
30193,30439,0
30194,9271,0
30195,74162,0
30196,69302,0
30197,-1,0
30198,1358,0
30199,-1,0
30200,-1,0
30201,55150,0
30202,91297,1
30203,-1,0
30204,26091,0
30205,-1,0
30206,90186,-1
30207,87420,0
30208,-1,0
30209,2728,0
30210,33761,1
30211,70253,-1
30212,11502,0
30213,65510,0
30214,63307,0
30215,9612,0
30216,32807,-1
30217,-1,0
30218,-1,0
30219,68551,0
30220,40117,-1
30221,41380,0
30222,68796,0
30223,29279,0
30224,72768,0
30225,89171,0
30226,-1,0
30227,49388,-1
30228,96670,1
30229,85787,-1
30230,37823,0
30231,70805,0
30232,43416,0
30233,42515,0
30234,71650,-1
30235,98222,1
30236,5912,0
30237,-1,0
30238,59013,0
30239,75311,-1
30240,98119,0
30241,94813,0
30242,96323,0
30243,63014,0
30244,56014,0
30245,-1,0
30246,69132,1
30247,18735,1
30248,-1,0
30249,72137,-1
30250,-1,0
30251,69449,1
30252,54733,-1
30253,40301,0
30254,16874,1
30255,22405,0
30256,71227,-1
30257,30932,0
30258,60469,-1
30259,19374,1
30260,73447,1
30261,32281,-1
30262,68436,0
30263,84285,0
30264,27852,0
30265,19477,0
30266,-1,0
30267,82483,-1
30268,42998,-1
30269,30108,0
30270,99256,-1
30271,22242,-1
30272,97966,0
30273,-1,0
30274,78240,0
30275,8175,1
30276,78262,0
30277,57744,0
30278,28823,0
30279,65698,-1
30280,27294,1
30281,47277,0
30282,-1,0
30283,54474,-1
30284,98035,0
30285,20722,-1
30286,72311,0
30287,46251,-1
30288,31409,0
30289,35082,0
30290,65932,0
30291,28277,0
30292,-1,0
30293,45951,0
30294,66943,0
30295,-1,0
30296,17275,1
30297,2985,-1
30298,53671,0
30299,49898,1
30300,79403,-1
30301,96778,-1
30302,68604,0
30303,96692,0
30304,21551,1
30305,37008,-1
30306,85334,1
30307,6190,-1
30308,15297,1
30309,26015,1
30310,37060,-1
30311,58612,1
30312,20925,-1
30313,-1,0
30314,66494,0
30315,1469,0
30316,56205,0
30317,14583,-1
30318,19168,0
30319,76937,-1
30320,21387,-1
30321,85844,1
30322,49202,0
30323,68380,1
30324,60801,-1
30325,-1,0
30326,30318,1
30327,88196,1
30328,34070,-1
30329,3695,0
30330,28915,1
30331,47381,0
30332,60876,0
30333,85558,-1
30334,37287,-1
30335,29694,0
30336,2066,-1
30337,14369,0
30338,34042,0
30339,66264,-1
30340,37450,0
30341,90481,1
30342,-1,0
30343,-1,0
30344,91850,-1
30345,39234,1
30346,87545,1
30347,92694,-1
30348,41032,-1
30349,44193,1
30350,58929,-1
30351,58230,0
30352,-1,0
30353,32121,-1
30354,31304,-1
30355,29219,0
30356,-1,0
30357,74949,1
30358,47641,1
30359,-1,0
30360,25356,-1
30361,19681,-1
30362,33726,1
30363,45985,-1
30364,28301,0
30365,30322,0
30366,55804,-1
30367,42866,0
30368,-1,0
30369,54810,-1
30370,27576,1
30371,18361,-1
30372,29440,0
30373,91720,0
30374,41987,-1
30375,32157,-1
30376,52789,0
30377,27130,0
30378,54370,-1
30379,41345,0
30380,45675,-1
30381,76807,0
30382,-1,0
30383,48158,0
30384,85829,1
30385,61839,-1
30386,64298,0
30387,63320,0
30388,22718,-1
30389,12341,1
30390,-1,0
30391,-1,0
30392,11691,0
30393,88850,0
30394,69857,-1
30395,99088,0
30396,50258,0
30397,-1,0
30398,60536,0
30399,-1,0
30400,44127,-1
30401,27682,-1
30402,-1,0
30403,1312,0
30404,25778,1
30405,-1,0
30406,93072,-1
30407,74415,1
30408,55828,0
30409,18628,-1
30410,94142,1
30411,55265,1
30412,79747,-1
30413,40762,0
30414,25890,0
30415,-1,0
30416,81180,1
30417,62332,0
30418,-1,0
30419,50572,-1
30420,64922,1
30421,96094,-1
30422,77114,1
30423,66991,0
30424,61647,1
30425,49466,-1
30426,49586,1
30427,92988,1
30428,24696,0
30429,14386,0
30430,50268,1
30431,-1,0
30432,9470,0
30433,54275,0
30434,24452,1
30435,86233,0
30436,84340,1
30437,18085,1
30438,-1,0
30439,71453,1
30440,-1,0
30441,85125,-1
30442,97710,1
30443,12102,0
30444,17159,-1
30445,57162,0
30446,79807,-1
30447,-1,0
30448,47481,0
30449,36931,0
30450,79637,0
30451,54240,1
30452,46479,0
30453,12671,-1
30454,34107,0
30455,15803,0
30456,68866,0
30457,87966,0
30458,19490,0
30459,37423,1
30460,52603,0
30461,37439,1
30462,98112,0
30463,4225,1
30464,23586,0
30465,-1,0
30466,50136,0
30467,53770,0
30468,1910,1
30469,26117,0
30470,41978,0
30471,13474,-1
30472,42292,0
30473,70051,1
30474,83345,0
30475,-1,0
30476,39719,1
30477,77768,1
30478,36236,0
30479,25943,-1
30480,78248,-1
30481,24931,0
30482,92661,0
30483,88824,0
30484,64625,-1
30485,14064,0
30486,45291,1
30487,89839,1
30488,-1,0
30489,17100,0
30490,13698,0
30491,66443,0
30492,-1,0
30493,-1,0
30494,86862,1
30495,-1,0
30496,-1,0
30497,15332,0
30498,77280,1
30499,36540,-1
30500,59940,0
30501,85117,-1
30502,23885,1
30503,30338,0
30504,34630,-1
30505,88568,0
30506,96390,0
30507,28922,0
30508,20834,0
30509,38967,1
30510,70627,1
30511,-1,0
30512,44337,0
30513,32485,0
30514,68075,1
30515,53466,0
30516,-1,0
30517,42208,0
30518,51609,-1
30519,36635,-1
30520,-1,0
30521,95374,0
30522,22502,1
30523,29136,1
30524,80467,0
30525,94825,0
30526,28751,1
30527,5179,1
30528,86129,0
30529,30884,1
30530,83429,0
30531,36091,-1
30532,5505,1
30533,28339,1
30534,-1,0
30535,18548,1
30536,74472,-1
30537,24194,-1
30538,95912,0
30539,4930,0
30540,99560,-1
30541,1497,-1
30542,-1,0
30543,65848,0
30544,1353,0
30545,90725,1
30546,26298,1
30547,48616,1
30548,-1,0
30549,30519,0
30550,49603,0
30551,36451,0
30552,29502,-1
30553,15385,0
30554,85471,0
30555,29407,0
30556,31062,0
30557,45079,-1
30558,56373,1
30559,55754,0
30560,5731,1
30561,17592,0
30562,8609,0
30563,-1,0
30564,79640,0
30565,81977,-1
30566,65142,1
30567,80657,0
30568,-1,0
30569,7881,-1
30570,24636,0
30571,-1,0
30572,15121,-1
30573,94078,0
30574,19302,0
30575,49084,0
30576,-1,0
30577,41446,0
30578,93223,0
30579,18666,1
30580,31803,-1
30581,-1,0
30582,15749,0
30583,101,0
30584,6683,-1
30585,19451,-1
30586,81759,0
30587,18350,-1
30588,63726,-1
30589,-1,0
30590,-1,0
30591,-1,0
30592,89717,0
30593,60163,0
30594,57061,1
30595,38092,1
30596,96780,-1
30597,95327,1
30598,19263,-1
30599,49872,1
30600,80217,0
30601,50969,0
30602,45070,0
30603,-1,0
30604,39562,0
30605,95355,1
30606,-1,0
30607,85572,0
30608,31711,0
30609,-1,0
30610,10127,0
30611,-1,0
30612,26482,0
30613,98916,-1
30614,85947,-1
30615,40151,0
30616,9534,0
30617,1890,-1
30618,68183,-1
30619,85533,1
30620,60817,1
30621,31072,0
30622,49369,0
30623,21336,1
30624,78456,0
30625,30973,0
30626,62754,0
30627,49928,-1
30628,27708,0
30629,43358,-1
30630,61539,0
30631,64035,1
30632,62360,0
30633,75484,0
30634,76889,0
30635,70012,0
30636,57606,-1
30637,63149,1
30638,44415,0
30639,85340,1
30640,56931,0
30641,53187,0
30642,82434,1
30643,58580,0
30644,50663,-1
30645,-1,0
30646,53177,0
30647,46298,0
30648,42970,0
30649,57768,0
30650,37552,0
30651,9788,-1
30652,37939,0
30653,95351,-1
30654,74450,-1
30655,78265,0
30656,2831,-1
30657,95473,-1
30658,55607,-1
30659,24322,-1
30660,66905,1
30661,48275,0
30662,-1,0
30663,13797,1
30664,50833,0
30665,13473,1
30666,23158,1
30667,-1,0
30668,73538,0
30669,72585,1
30670,16107,0
30671,-1,0
30672,58844,-1
30673,53059,-1
30674,75168,0
30675,17101,0
30676,41470,-1
30677,58131,0
30678,78269,-1
30679,90458,0
30680,85174,0
30681,45523,1
30682,-1,0
30683,33602,0
30684,59681,1
30685,97314,1
30686,65221,0
30687,-1,0
30688,13230,1
30689,554,-1
30690,94390,0
30691,44395,-1
30692,60853,0
30693,61937,1
30694,-1,0
30695,53456,-1
30696,49187,0
30697,55309,0
30698,42284,1
30699,9272,1
30700,32026,-1
30701,68584,0
30702,14333,1
30703,15494,1
30704,83092,1
30705,-1,0
30706,56916,0
30707,71048,0
30708,54372,0
30709,98523,1
30710,8732,0
30711,20306,1
30712,13601,0
30713,33174,1
30714,37476,-1
30715,81310,-1
30716,36305,0
30717,88480,1
30718,15053,0
30719,-1,0
30720,9776,1
30721,31512,-1
30722,89588,1
30723,-1,0
30724,34511,-1
30725,-1,0
30726,79453,-1
30727,26461,0
30728,31246,0
30729,89325,0
30730,1628,1
30731,99096,0
30732,70901,0
30733,28128,1
30734,20479,0
30735,3352,0
30736,53279,1
30737,7322,1
30738,53929,1
30739,32632,0
30740,96227,-1
30741,48397,0
30742,63122,-1
30743,72108,1
30744,17780,0
30745,57122,1
30746,-1,0
30747,67586,0
30748,54927,0
30749,87159,0
30750,55870,0
30751,52554,0
30752,11952,0
30753,80938,1
30754,65285,0
30755,41511,0
30756,42880,-1
30757,93145,0
30758,39763,1
30759,32834,1
30760,6568,0
30761,8922,-1
30762,69924,-1
30763,87467,1
30764,86767,-1
30765,24846,-1
30766,58011,0
30767,59943,0
30768,75271,0
30769,9056,0
30770,30494,0
30771,81624,0
30772,-1,0
30773,35667,0
30774,14491,0
30775,83976,0
30776,40231,-1
30777,63241,0
30778,84638,0
30779,-1,0
30780,35543,0
30781,20698,1
30782,78634,-1
30783,94105,0
30784,29363,0
30785,-1,0
30786,89220,0
30787,25218,-1
30788,28056,1
30789,-1,0
30790,71707,0
30791,64779,0
30792,65074,0
30793,76267,0
30794,59533,0
30795,-1,0
30796,52264,1
30797,18019,0
30798,64597,0
30799,93781,-1
30800,-1,0
30801,76638,1
30802,21961,0
30803,51429,0
30804,-1,0
30805,56075,1
30806,-1,0
30807,-1,0
30808,33365,0
30809,55580,-1
30810,21729,-1
30811,88211,1
30812,14473,0
30813,21915,0
30814,56147,-1
30815,9532,0
30816,-1,0
30817,71419,1
30818,85906,1
30819,-1,0
30820,90291,0
30821,66032,0
30822,40247,1
30823,79742,0
30824,79645,-1
30825,12995,0
30826,28500,0
30827,52894,0
30828,95198,0
30829,15725,0
30830,71179,-1
30831,73144,0
30832,35129,0
30833,60336,-1
30834,8688,-1
30835,85995,-1
30836,98910,1
30837,79827,-1
30838,34552,0
30839,22333,-1
30840,17603,0
30841,-1,0
30842,73367,1
30843,-1,0
30844,12940,1
30845,36136,-1
30846,63773,-1
30847,89183,0
30848,93571,0
30849,55635,0
30850,-1,0
30851,33161,1
30852,39972,0
30853,-1,0
30854,55835,0
30855,78974,1
30856,60040,-1
30857,-1,0
30858,59454,0
30859,58924,1
30860,-1,0
30861,97113,0
30862,29226,-1
30863,-1,0
30864,-1,0
30865,40030,0
30866,6169,0
30867,32743,-1
30868,81644,-1
30869,-1,0
30870,34954,-1
30871,61161,0
30872,88841,1
30873,-1,0
30874,-1,0
30875,68201,-1
30876,71426,-1
30877,-1,0
30878,-1,0
30879,10812,1
30880,-1,0
30881,-1,0
30882,48314,0
30883,68242,0
30884,7975,0
30885,17514,0
30886,2311,-1
30887,40661,1
30888,88119,0
30889,47865,1
30890,91635,0
30891,44127,0
30892,-1,0
30893,65776,0
30894,-1,0
30895,30016,1
30896,93587,0
30897,-1,0
30898,46471,-1
30899,8863,0
30900,12900,0
30901,-1,0
30902,-1,0
30903,-1,0
30904,15669,-1
30905,96094,0
30906,97733,1
30907,59446,1
30908,78009,0
30909,82510,0
30910,-1,0
30911,68640,0
30912,30877,1
30913,71669,0
30914,58075,-1
30915,-1,0
30916,23857,0
30917,86576,-1
30918,94019,-1
30919,47372,0
30920,13695,-1
30921,93650,0
30922,-1,0
30923,18045,0
30924,74497,0
30925,4914,-1
30926,27020,0
30927,-1,0
30928,33916,0
30929,87187,0
30930,24890,1
30931,86709,0
30932,74229,0
30933,-1,0
30934,-1,0
30935,92992,0
30936,-1,0
30937,91665,1
30938,17722,0
30939,-1,0
30940,54033,-1
30941,41028,-1
30942,12111,1
30943,87893,1
30944,34339,0
30945,69441,1
30946,28388,0
30947,75098,1
30948,-1,0
30949,52470,-1
30950,39436,-1
30951,13078,0
30952,-1,0
30953,17544,0
30954,62371,-1
30955,74679,0
30956,74997,1
30957,7257,0
30958,69850,-1
30959,36912,1
30960,70118,-1
30961,-1,0
30962,-1,0
30963,96403,0
30964,-1,0
30965,20033,0
30966,53412,0
30967,20653,0
30968,13762,0
30969,-1,0
30970,77458,1
30971,68688,1
30972,64675,0
30973,37412,1
30974,45524,1
30975,25662,0
30976,8058,1
30977,73604,0
30978,53643,-1
30979,76794,0
30980,64590,1
30981,88751,0
30982,56769,0
30983,41012,-1
30984,-1,0
30985,35693,0
30986,50637,-1
30987,79243,0
30988,51255,0
30989,41130,1
30990,70263,1
30991,32568,0
30992,36107,0
30993,51725,0
30994,32621,-1
30995,97019,0
30996,39863,1
30997,13533,0
30998,84539,0
30999,92719,0
31000,24878,-1
31001,39428,1
31002,46015,1
31003,53239,0
31004,18036,1
31005,91117,0
31006,53686,0
31007,45270,1
31008,-1,0
31009,28698,-1
31010,46172,0
31011,28862,-1
31012,36602,0
31013,91819,1
31014,18172,-1
31015,-1,0
31016,46602,1
31017,-1,0
31018,-1,0
31019,69008,0
31020,74540,0
31021,44718,0
31022,21797,-1
31023,33320,0
31024,12128,1
31025,84331,0
31026,57294,-1
31027,84909,0
31028,-1,0
31029,72371,0
31030,12161,1
31031,64898,0
31032,51868,-1
31033,80339,0
31034,-1,0
31035,-1,0
31036,33859,1
31037,-1,0
31038,55921,0
31039,34118,0
31040,84120,1
31041,99135,1
31042,82704,0
31043,85259,0
31044,92620,0
31045,98220,0
31046,-1,0
31047,17793,0
31048,61975,0
31049,12144,-1
31050,59916,0
31051,48391,-1
31052,45413,1
31053,21994,0
31054,12700,-1
31055,64459,0
31056,82783,1
31057,92816,1
31058,18797,-1
31059,46230,-1
31060,20479,-1
31061,86998,1
31062,59246,0
31063,22619,-1
31064,31362,0
31065,62950,0
31066,17390,0
31067,70133,0
31068,80071,0
31069,38072,1
31070,61477,1
31071,-1,0
31072,22085,0
31073,28749,1
31074,38514,0
31075,86031,1
31076,98715,0
31077,55400,-1
31078,77191,1
31079,58615,-1
31080,96031,0
31081,-1,0
31082,72240,-1
31083,91590,1
31084,61305,0
31085,33603,0
31086,86786,0
31087,42725,1
31088,33470,0
31089,52630,-1
31090,15796,-1
31091,49936,0
31092,73748,1
31093,98445,0
31094,60541,0
31095,67046,0
31096,-1,0
31097,90783,0
31098,79301,1
31099,-1,0
31100,47872,0
31101,42377,0
31102,82720,0
31103,69132,0
31104,55414,1
31105,56725,0
31106,59948,0
31107,49791,1
31108,42239,-1
31109,51657,-1
31110,-1,0
31111,-1,0
31112,-1,0
31113,53990,0
31114,96485,1
31115,-1,0
31116,91478,0
31117,54735,-1
31118,79486,0
31119,18721,-1
31120,18001,0
31121,3435,0
31122,11906,0
31123,41891,1
31124,73097,1
31125,38124,-1
31126,52734,0
31127,45421,1
31128,78136,0
31129,47909,-1
31130,96524,-1
31131,22824,0
31132,28092,0
31133,-1,0
31134,55092,0
31135,56125,-1
31136,22027,1
31137,83162,1
31138,82620,1
31139,47574,1
31140,-1,0
31141,66110,-1
31142,45678,1
31143,-1,0
31144,50721,1
31145,53861,0
31146,52207,1
31147,83726,0
31148,95507,1
31149,734,0
31150,88594,0
31151,37768,0
31152,70410,1
31153,17932,0
31154,44212,0
31155,76589,-1
31156,92423,0
31157,20730,0
31158,31906,0
31159,88131,0
31160,31585,1
31161,35634,0
31162,96660,-1
31163,83043,-1
31164,55713,0
31165,43095,-1
31166,65998,0
31167,16649,0
31168,-1,0
31169,6667,0
31170,-1,0
31171,81712,1
31172,86321,1
31173,28430,1
31174,6053,0
31175,50160,1
31176,91169,-1
31177,94207,0
31178,16099,0
31179,-1,0
31180,56846,-1
31181,-1,0
31182,-1,0
31183,82669,0
31184,-1,0
31185,78330,0
31186,74007,0
31187,3781,0
31188,-1,0
31189,25577,1
31190,94200,1
31191,42521,1
31192,45290,1
31193,10381,1
31194,47523,0
31195,23855,1
31196,40651,-1
31197,96589,-1
31198,34092,-1
31199,-1,0
31200,63970,0
31201,25404,1
31202,62767,1
31203,284,1
31204,-1,0
31205,35934,-1
31206,-1,0
31207,230,-1
31208,6718,0
31209,-1,0
31210,-1,0
31211,6301,-1
31212,80728,0
31213,7426,-1
31214,85620,-1
31215,49913,-1
31216,52349,0
31217,58943,0
31218,48479,0
31219,30841,0
31220,99944,0
31221,66398,1
31222,89876,0
31223,29812,1
31224,50317,0
31225,14127,0
31226,90918,0
31227,38049,1
31228,35342,0
31229,46236,0
31230,16186,0
31231,-1,0
31232,-1,0
31233,-1,0
31234,89564,0
31235,49871,0
31236,9761,0
31237,11644,1
31238,14018,0
31239,95754,0
31240,51845,1
31241,62796,0
31242,-1,0
31243,9917,1
31244,86320,-1
31245,-1,0
31246,72370,-1
31247,46885,1
31248,617,1
31249,268,0
31250,30865,1
31251,71343,0
31252,73949,0
31253,-1,0
31254,57643,-1
31255,71199,0
31256,32491,0
31257,44792,-1
31258,67949,0
31259,92037,0
31260,11861,0
31261,74980,0
31262,34205,0
31263,43034,1
31264,85770,0
31265,21473,-1
31266,-1,0
31267,90386,1
31268,77643,1
31269,86290,0
31270,81267,0
31271,94081,-1
31272,78046,0
31273,-1,0
31274,5933,0
31275,46702,0
31276,37156,0
31277,40491,0
31278,43178,-1
31279,69717,1
31280,34033,0
31281,68229,0
31282,93909,1
31283,13381,-1
31284,21570,-1
31285,36576,0
31286,65775,-1
31287,-1,0
31288,93674,0
31289,76618,0
31290,-1,0
31291,-1,0
31292,27692,0
31293,64255,-1
31294,29323,0
31295,99782,0
31296,-1,0
31297,26083,0
31298,23370,0
31299,66732,0
31300,-1,0
31301,25174,-1
31302,10615,-1
31303,19882,-1
31304,43923,1
31305,-1,0
31306,15410,1
31307,-1,0
31308,45786,0
31309,10003,0
31310,55242,1
31311,14901,1
31312,-1,0
31313,34167,0
31314,70537,-1
31315,-1,0
31316,65183,-1
31317,60889,1
31318,40504,-1
31319,43866,-1
31320,7344,0
31321,41373,1
31322,69641,1
31323,52404,0
31324,14714,1
31325,44225,1
31326,34435,0
31327,54311,0
31328,17879,1
31329,73713,0
31330,94646,0
31331,55220,0
31332,75318,0
31333,98974,0
31334,633,-1
31335,2815,0
31336,65865,1
31337,78730,-1
31338,3546,0
31339,-1,0
31340,31279,0
31341,60367,-1
31342,33854,0
31343,39182,0
31344,-1,0
31345,23392,0
31346,56300,-1
31347,72934,0
31348,28266,1
31349,-1,0
31350,33843,0
31351,17435,1
31352,51585,0
31353,24019,0
31354,61708,0
31355,82112,0
31356,26377,1
31357,-1,0
31358,18576,0
31359,31642,1
31360,67779,-1
31361,74164,0
31362,82960,0
31363,94791,-1
31364,96123,0
31365,-1,0
31366,51113,-1
31367,35527,0
31368,-1,0
31369,21304,-1
31370,73002,0
31371,-1,0
31372,92392,0
31373,43605,0
31374,-1,0
31375,13484,0
31376,60410,-1
31377,40042,1
31378,-1,0
31379,89280,-1
31380,-1,0
31381,46570,0
31382,95730,0
31383,50918,1
31384,34568,0
31385,-1,0
31386,-1,0
31387,26251,1
31388,78728,0
31389,22798,0
31390,59830,0
31391,50992,-1
31392,-1,0
31393,86588,1
31394,15313,-1
31395,72166,0
31396,-1,0
31397,92778,-1
31398,-1,0
31399,25995,-1
31400,30069,0
31401,85904,0
31402,62234,1
31403,80029,0
31404,9203,-1
31405,54728,1
31406,88638,1
31407,71015,0
31408,-1,0
31409,-1,0
31410,40704,-1
31411,-1,0
31412,50942,0
31413,31718,0
31414,74080,0
31415,42457,0
31416,93950,0
31417,73672,0
31418,84260,0
31419,8311,-1
31420,2385,1
31421,-1,0
31422,69407,-1
31423,40579,0
31424,57433,0
31425,19954,-1
31426,18487,0
31427,36350,0
31428,47789,0
31429,24459,0
31430,-1,0
31431,6206,-1
31432,55960,1
31433,88368,0
31434,-1,0
31435,-1,0
31436,86808,0
31437,60751,-1
31438,61002,0
31439,-1,0
31440,17471,-1
31441,27987,0
31442,28087,-1
31443,-1,0
31444,85064,0
31445,98360,0
31446,-1,0
31447,82441,1
31448,90092,1
31449,71012,1
31450,67046,-1
31451,73115,0
31452,41655,0
31453,45920,1
31454,74952,0
31455,-1,0
31456,51862,1
31457,47074,-1
31458,42899,0
31459,71344,0
31460,29477,0
31461,94304,-1
31462,57052,0
31463,11566,-1
31464,76905,0
31465,94907,0
31466,29046,-1
31467,-1,0
31468,69808,0
31469,54824,-1
31470,5063,-1
31471,-1,0
31472,91139,0
31473,45086,-1
31474,-1,0
31475,46741,1
31476,54745,0
31477,33975,-1
31478,69466,0
31479,-1,0
31480,-1,0
31481,98823,0
31482,62133,0
31483,-1,0
31484,45871,1
31485,26640,0
31486,7044,-1
31487,61470,0
31488,-1,0
31489,15475,1
31490,74527,1
31491,74397,1
31492,67819,0
31493,96253,0
31494,33145,-1
31495,74428,0
31496,56511,0
31497,91699,0
31498,84587,0
31499,69429,1
31500,58585,1
31501,37963,-1
31502,58824,0
31503,-1,0
31504,84545,-1
31505,-1,0
31506,25746,-1
31507,54039,-1
31508,65200,0
31509,56420,0
31510,10895,0
31511,46900,1
31512,12683,0
31513,84258,-1
31514,36405,0
31515,5495,0
31516,69712,0
31517,89130,1
31518,73505,1
31519,29947,-1
31520,55515,1
31521,-1,0
31522,-1,0
31523,49840,0
31524,50058,-1
31525,82106,0
31526,5822,-1
31527,80892,0
31528,-1,0
31529,67277,1
31530,46257,0
31531,-1,0
31532,81241,1
31533,49645,-1
31534,94635,-1
31535,89415,1
31536,90864,0
31537,97246,0
31538,89052,0
31539,-1,0
31540,59444,1
31541,-1,0
31542,29516,0
31543,68023,1
31544,10300,0
31545,68719,0
31546,83526,0
31547,-1,0
31548,-1,0
31549,61387,0
31550,15274,1
31551,91452,-1
31552,35511,0
31553,-1,0
31554,71415,0
31555,1070,1
31556,58065,-1
31557,11855,1
31558,60946,1
31559,28480,0
31560,3857,-1
31561,20850,1
31562,31493,-1
31563,20698,0
31564,72414,1
31565,-1,0
31566,86975,0
31567,93173,0
31568,40587,-1
31569,42351,-1
31570,93518,0
31571,98889,-1
31572,14797,0
31573,33922,0
31574,79646,-1
31575,99260,1
31576,12693,0
31577,56759,-1
31578,27166,0
31579,30007,1
31580,-1,0
31581,-1,0
31582,71162,1
31583,50923,1
31584,28409,1
31585,88947,1
31586,27238,0
31587,30300,1
31588,44115,0
31589,77619,-1
31590,42095,-1
31591,57163,0
31592,61066,0
31593,83142,0
31594,-1,0
31595,52240,1
31596,21096,0
31597,93996,-1
31598,-1,0
31599,-1,0
31600,95777,0
31601,8766,0
31602,44203,0
31603,75727,0
31604,28854,0
31605,27909,-1
31606,2441,-1
31607,92401,0
31608,65393,0
31609,80521,0
31610,7673,1
31611,-1,0
31612,93268,1
31613,-1,0
31614,-1,0
31615,39795,1
31616,20943,-1
31617,80424,1
31618,52302,0
31619,7197,0
31620,71740,-1
31621,73309,1
31622,36435,-1
31623,46429,0
31624,93004,0
31625,31342,1
31626,75697,1
31627,99957,1
31628,66728,0
31629,-1,0
31630,75838,0
31631,7015,-1
31632,23834,0
31633,54946,0
31634,46041,1
31635,49364,0
31636,-1,0
31637,46293,1
31638,83080,1
31639,67838,0
31640,99968,-1
31641,-1,0
31642,-1,0
31643,71459,1
31644,14854,-1
31645,-1,0
31646,70165,0
31647,83611,1
31648,38362,1
31649,56922,0
31650,52928,0
31651,21160,-1
31652,12583,1
31653,29964,0
31654,93749,-1
31655,18524,0
31656,48102,-1
31657,8459,1
31658,56530,-1
31659,28682,-1
31660,99045,1
31661,77930,1
31662,-1,0
31663,68170,0
31664,97925,0
31665,83349,-1
31666,1255,0
31667,74106,1
31668,14691,-1
31669,1140,1
31670,70998,1
31671,89492,0
31672,40949,0
31673,78652,-1
31674,96614,1
31675,64771,0
31676,77145,-1
31677,-1,0
31678,17609,0
31679,66853,0
31680,36943,0
31681,79673,1
31682,61067,-1
31683,-1,0
31684,17950,1
31685,67854,-1
31686,49556,0
31687,-1,0
31688,86344,-1
31689,-1,0
31690,18395,-1
31691,71918,0
31692,-1,0
31693,-1,0
31694,91926,1
31695,7239,0
31696,22423,0
31697,-1,0
31698,-1,0
31699,40220,1
31700,-1,0
31701,94713,1
31702,94947,-1
31703,-1,0
31704,-1,0
31705,2919,1
31706,-1,0
31707,63988,0
31708,86398,1
31709,83110,0
31710,82672,-1
31711,-1,0
31712,46274,1
31713,93418,0
31714,75741,1
31715,84197,0
31716,17628,0
31717,99507,0
31718,15097,0
31719,52553,1
31720,26057,0
31721,91984,0
31722,85456,0
31723,52062,0
31724,66937,1
31725,89761,0
31726,95279,0
31727,54689,-1
31728,94017,0
31729,20695,-1
31730,75759,0
31731,98444,1
31732,12349,-1
31733,4272,0
31734,74775,1
31735,11267,1
31736,97114,0
31737,49974,1
31738,78274,-1
31739,76916,1
31740,67421,1
31741,20447,0
31742,94036,-1
31743,83363,0
31744,43480,1
31745,8330,0
31746,-1,0
31747,-1,0
31748,65311,0
31749,71389,0
31750,97817,0
31751,37075,0
31752,23631,0
31753,45171,-1
31754,-1,0
31755,14510,1
31756,-1,0
31757,68859,0
31758,18584,1
31759,64796,1
31760,38300,0
31761,-1,0
31762,-1,0
31763,21612,0
31764,75224,1
31765,5598,0
31766,20431,0
31767,92500,0
31768,79597,0
31769,66909,-1
31770,96496,0
31771,36081,0
31772,35362,-1
31773,80501,0
31774,74761,1
31775,41989,-1
31776,-1,0
31777,5440,-1
31778,1353,1
31779,95932,-1
31780,22873,0
31781,36088,0
31782,1409,1
31783,88902,1
31784,45173,1
31785,-1,0
31786,8566,1
31787,42366,1
31788,451,1
31789,-1,0
31790,-1,0
31791,1998,-1
31792,43126,0
31793,-1,0
31794,-1,0
31795,44301,-1
31796,66615,-1
31797,27305,0
31798,23241,0
31799,99133,0
31800,-1,0
31801,-1,0
31802,1127,0
31803,75886,0
31804,42939,0
31805,8233,1
31806,16446,0
31807,90045,0
31808,-1,0
31809,12786,0
31810,89885,0
31811,66851,1
31812,64310,1
31813,72439,-1
31814,-1,0
31815,61336,-1
31816,24959,-1
31817,87669,0
31818,73429,0
31819,-1,0
31820,56488,1
31821,8196,1
31822,26034,0
31823,47618,-1
31824,13039,1
31825,5388,1
31826,62233,0
31827,-1,0
31828,-1,0
31829,-1,0
31830,85523,0
31831,44690,-1
31832,55265,0
31833,7394,0
31834,84169,-1
31835,42113,0
31836,22219,-1
31837,20347,0
31838,72012,0
31839,31126,-1
31840,62208,-1
31841,70559,1
31842,24407,0
31843,77571,0
31844,-1,0
31845,33194,-1
31846,46249,0
31847,19912,1
31848,69942,-1
31849,96503,0
31850,32650,-1
31851,17395,0
31852,43982,0
31853,30360,0
31854,3878,1
31855,8932,0
31856,96547,0
31857,-1,0
31858,67467,-1
31859,34625,0
31860,45311,0
31861,29612,0
31862,-1,0
31863,47089,0
31864,47215,0
31865,60823,0
31866,54137,1
31867,6584,1
31868,-1,0
31869,-1,0
31870,73585,-1
31871,61669,0
31872,49267,0
31873,21971,0
31874,72799,0
31875,73883,0
31876,63825,0
31877,61254,-1
31878,72522,1
31879,-1,0
31880,82989,-1
31881,18447,0
31882,5499,-1
31883,28213,0
31884,13050,-1
31885,34274,0
31886,20674,0
31887,-1,0
31888,27786,0
31889,83098,0
31890,71189,1
31891,72228,1
31892,21522,1
31893,60768,0
31894,57995,0
31895,86966,1
31896,90595,1
31897,91424,1
31898,9026,0
31899,92418,0
31900,26625,0
31901,47259,-1
31902,62447,-1
31903,33202,-1
31904,8483,0
31905,68090,1
31906,-1,0
31907,23541,1
31908,46918,0
31909,-1,0
31910,9230,0
31911,48110,-1
31912,47868,-1
31913,92464,0
31914,88400,0
31915,5958,0
31916,47035,0
31917,22682,-1
31918,-1,0
31919,74110,-1
31920,85884,1
31921,67856,0
31922,70638,0
31923,-1,0
31924,61503,1
31925,29302,-1
31926,66601,-1
31927,11246,0
31928,-1,0
31929,822,-1
31930,44073,-1
31931,25872,0
31932,12034,-1
31933,30214,0
31934,62926,1
31935,85230,0
31936,2206,0
31937,-1,0
31938,-1,0
31939,44357,0
31940,7420,1
31941,68051,0
31942,85375,0
31943,67517,0
31944,58636,1
31945,39360,1
31946,53453,0
31947,-1,0
31948,51760,0
31949,46556,-1
31950,2694,0
31951,29562,0
31952,39562,-1
31953,76874,0
31954,30745,1
31955,80137,0
31956,60071,1
31957,10337,0
31958,33869,0
31959,15031,-1
31960,92100,1
31961,-1,0
31962,6138,1
31963,64785,0
31964,95052,0
31965,92297,0
31966,90090,-1
31967,45998,1
31968,-1,0
31969,36382,0
31970,-1,0
31971,-1,0
31972,65308,1
31973,73537,0
31974,12225,-1
31975,26860,-1
31976,94371,0
31977,62621,-1
31978,96930,1
31979,16364,-1
31980,3446,0
31981,19976,-1
31982,41216,0
31983,44358,0
31984,86605,1
31985,19027,1
31986,93388,0
31987,26617,-1
31988,10225,-1
31989,41452,1
31990,73268,-1
31991,25092,-1
31992,60481,-1
31993,79812,-1
31994,20076,0
31995,23516,1
31996,82803,0
31997,-1,0
31998,13581,-1
31999,7532,0
32000,21968,0
32001,22984,0
32002,92412,1
32003,41564,-1
32004,61701,1
32005,49735,1
32006,5998,-1
32007,-1,0
32008,-1,0
32009,97616,0
32010,-1,0
32011,-1,0
32012,92557,0
32013,75064,0
32014,63923,-1
32015,62152,-1
32016,-1,0
32017,98917,0
32018,39626,-1
32019,67877,-1
32020,66584,0
32021,64003,0
32022,46708,0
32023,85403,1
32024,42398,-1
32025,50704,1
32026,78183,1
32027,27862,0
32028,-1,0
32029,-1,0
32030,67982,-1
32031,11573,0
32032,53352,0
32033,3547,-1
32034,15676,-1
32035,-1,0
32036,96326,0
32037,36247,1
32038,3615,-1
32039,40395,-1
32040,3381,0
32041,22760,0
32042,79985,0
32043,41864,-1
32044,34256,1
32045,24500,1
32046,37755,0
32047,94694,0
32048,30576,-1
32049,3047,-1
32050,30136,0
32051,40989,1
32052,-1,0
32053,76675,-1
32054,93612,-1
32055,48639,0
32056,85333,0
32057,49307,1
32058,28191,-1
32059,21643,0
32060,19858,1
32061,94090,0
32062,-1,0
32063,97669,0
32064,68340,1
32065,-1,0
32066,87035,0
32067,82475,0
32068,68462,0
32069,42723,0
32070,71353,0
32071,59465,0
32072,80182,-1
32073,65622,-1
32074,-1,0
32075,41687,0
32076,-1,0
32077,80719,0
32078,53309,0
32079,97208,0
32080,55056,0
32081,-1,0
32082,63432,0
32083,53394,-1
32084,40135,-1
32085,77443,0
32086,26401,-1
32087,84522,0
32088,47410,0
32089,99002,0
32090,39382,1
32091,76556,1
32092,66334,0
32093,44391,-1
32094,810,0
32095,37818,-1
32096,95128,0
32097,41052,0
32098,94881,-1
32099,89257,0
32100,34537,0
32101,80400,0
32102,14480,-1
32103,36951,-1
32104,44901,0
32105,27573,-1
32106,77275,0
32107,71169,0
32108,65250,-1
32109,65951,0
32110,-1,0
32111,25328,-1
32112,6647,-1
32113,37997,0
32114,33188,0
32115,50862,0
32116,56313,1
32117,60711,0
32118,51652,1
32119,21750,-1
32120,-1,0
32121,25776,0
32122,71990,0
32123,20669,0
32124,24635,0
32125,29006,0
32126,-1,0
32127,34686,0
32128,55043,0
32129,82217,-1
32130,88014,-1
32131,89577,0
32132,69145,0
32133,-1,0
32134,49362,0
32135,8492,1
32136,95299,0
32137,27079,1
32138,-1,0
32139,95821,0
32140,49160,0
32141,-1,0
32142,17867,0
32143,20970,0
32144,76941,0
32145,57096,1
32146,95543,1
32147,85281,1
32148,75988,-1
32149,28259,0
32150,82255,-1
32151,54297,-1
32152,86406,0
32153,-1,0
32154,19085,0
32155,13999,0
32156,7872,0
32157,-1,0
32158,-1,0
32159,78824,0
32160,-1,0
32161,63663,-1
32162,40735,1
32163,85498,-1
32164,-1,0
32165,52278,0
32166,60114,0
32167,79448,1
32168,20811,0
32169,-1,0
32170,53866,-1
32171,81351,1
32172,55742,0
32173,3599,0
32174,81608,-1
32175,43275,1
32176,840,-1
32177,94043,0
32178,-1,0
32179,75661,-1
32180,57773,0
32181,88270,-1
32182,22100,-1
32183,4506,-1
32184,89865,0
32185,39504,1
32186,17283,0
32187,28989,1
32188,86866,0
32189,31649,0
32190,38975,0
32191,85373,0
32192,13178,-1
32193,42794,0
32194,-1,0
32195,33580,0
32196,-1,0
32197,88924,-1
32198,99229,0
32199,95590,1
32200,56737,1
32201,80540,0
32202,59498,1
32203,15505,-1
32204,47597,0
32205,-1,0
32206,147,-1
32207,44901,-1
32208,53502,-1
32209,-1,0
32210,64059,1
32211,78011,1
32212,-1,0
32213,15265,-1
32214,-1,0
32215,21705,0
32216,83319,0
32217,54940,0
32218,38767,1
32219,38744,0
32220,93728,1
32221,60209,0
32222,8566,0
32223,-1,0
32224,49281,0
32225,67373,-1
32226,7252,0
32227,73896,-1
32228,52262,0
32229,49174,1
32230,40326,0
32231,-1,0
32232,87391,-1
32233,88544,1
32234,21454,0
32235,81031,0
32236,94131,0
32237,78,-1
32238,86841,-1
32239,90098,1
32240,68336,0
32241,36495,0
32242,32580,0
32243,35595,-1
32244,47399,0
32245,21272,1
32246,60416,-1
32247,-1,0
32248,78336,0
32249,66114,-1
32250,93822,0
32251,-1,0
32252,35967,0
32253,85717,0
32254,58190,0
32255,996,-1
32256,54205,1
32257,64182,0
32258,-1,0
32259,-1,0
32260,75936,1
32261,80634,0
32262,-1,0
32263,74575,1
32264,96126,-1
32265,31292,0
32266,58475,0
32267,24084,0
32268,-1,0
32269,46664,0
32270,72256,0
32271,51853,1
32272,38336,0
32273,22498,0
32274,76850,0
32275,34754,-1
32276,32493,0
32277,-1,0
32278,87013,0
32279,78984,0
32280,-1,0
32281,902,1
32282,66267,1
32283,82554,0
32284,42408,0
32285,4437,-1
32286,-1,0
32287,50438,0
32288,34996,1
32289,41025,-1
32290,70431,0
32291,90165,1
32292,44580,0
32293,24752,-1
32294,39914,0
32295,-1,0
32296,95682,1
32297,16483,1
32298,-1,0
32299,66576,0
32300,35742,1
32301,26849,-1
32302,37977,0
32303,50860,0
32304,75878,1
32305,48336,1
32306,70548,0
32307,-1,0
32308,1028,0
32309,56961,-1
32310,73493,1
32311,70681,1
32312,5587,-1
32313,34073,1
32314,86140,1
32315,78884,-1
32316,54793,0
32317,45680,1
32318,-1,0
32319,55219,0
32320,93136,1
32321,25937,0
32322,92763,0
32323,-1,0
32324,98417,0
32325,71682,0
32326,-1,0
32327,-1,0
32328,41225,0
32329,57285,1
32330,-1,0
32331,17429,0
32332,56009,1
32333,70648,1
32334,93598,1
32335,3157,0
32336,45822,1
32337,72929,0
32338,18484,1
32339,83309,0
32340,41714,0
32341,11317,0
32342,92423,1
32343,52498,0
32344,48517,1
32345,17424,1
32346,85332,0
32347,11090,-1
32348,16481,0
32349,81507,0
32350,75796,0
32351,40462,0
32352,-1,0
32353,27925,0
32354,70047,0
32355,-1,0
32356,66293,0
32357,42314,0
32358,77160,0
32359,24069,-1
32360,40592,0
32361,1671,1
32362,-1,0
32363,32810,-1
32364,-1,0
32365,-1,0
32366,-1,0
32367,62986,-1
32368,60978,0
32369,98794,1
32370,89093,0
32371,9071,0
32372,90812,0
32373,45042,0
32374,49176,1
32375,98467,0
32376,-1,0
32377,55405,0
32378,-1,0
32379,58710,0
32380,40846,-1
32381,71719,1
32382,91123,1
32383,69166,-1
32384,3909,0
32385,-1,0
32386,-1,0
32387,89066,0
32388,67032,1
32389,53722,0
32390,51307,0
32391,34033,1
32392,60283,0
32393,12876,0
32394,98266,-1
32395,14588,1
32396,77736,-1
32397,42405,0
32398,90784,-1
32399,56748,-1
32400,24033,-1
32401,77534,1
32402,-1,0
32403,97286,0
32404,69137,0
32405,50727,0
32406,56032,1
32407,8239,0
32408,28422,-1
32409,13526,0
32410,51058,1
32411,86844,-1
32412,74616,0
32413,50600,1
32414,11409,0
32415,-1,0
32416,-1,0
32417,-1,0
32418,-1,0
32419,54828,-1
32420,83223,0
32421,67141,-1
32422,-1,0
32423,12210,0
32424,86448,1
32425,-1,0
32426,36269,1
32427,18286,0
32428,34641,-1
32429,43522,0
32430,38732,0
32431,75934,-1
32432,0,-1
32433,6688,1
32434,73816,-1
32435,87023,0
32436,-1,0
32437,83642,0
32438,61633,-1
32439,40625,0
32440,-1,0
32441,20472,-1
32442,-1,0
32443,-1,0
32444,55537,0
32445,67137,1
32446,25393,0
32447,90781,0
32448,70173,-1
32449,68407,0
32450,34844,-1
32451,9283,1
32452,90339,0
32453,-1,0
32454,93353,0
32455,56673,1
32456,47801,0
32457,-1,0
32458,51695,1
32459,78185,0
32460,50150,0
32461,17195,0
32462,92872,0
32463,15789,-1
32464,82128,0
32465,71985,1
32466,41642,0
32467,32021,0
32468,-1,0
32469,-1,0
32470,86767,0
32471,70111,0
32472,-1,0
32473,86934,1
32474,-1,0
32475,-1,0
32476,42193,-1
32477,84231,1
32478,71605,-1
32479,25302,1
32480,-1,0
32481,92655,-1
32482,97552,1
32483,56153,1
32484,-1,0
32485,48468,0
32486,-1,0
32487,51599,1
32488,8193,0
32489,-1,0
32490,38573,-1
32491,25658,0
32492,42499,1
32493,95587,-1
32494,47039,0
32495,89796,1
32496,-1,0
32497,67136,-1
32498,75987,-1
32499,95052,-1
32500,48341,-1
32501,97760,0
32502,66113,-1
32503,95305,0
32504,72054,-1
32505,35461,0
32506,45776,-1
32507,25353,1
32508,88233,0
32509,89387,0
32510,23474,-1
32511,43359,0
32512,55717,0
32513,20753,0
32514,65251,1
32515,-1,0
32516,42301,0
32517,96056,1
32518,21525,0
32519,98785,1
32520,-1,0
32521,82773,0
32522,85259,1
32523,94203,0
32524,11127,-1
32525,88503,-1
32526,36361,0
32527,64986,0
32528,39792,0
32529,35101,0
32530,54412,0
32531,57812,0
32532,47733,0
32533,-1,0
32534,13471,0
32535,38620,0
32536,98554,0
32537,87896,0
32538,86312,0
32539,88003,0
32540,-1,0
32541,2411,1
32542,36487,0
32543,63287,1
32544,12815,0
32545,5098,0
32546,11516,-1
32547,29192,1
32548,45591,0
32549,74398,0
32550,23194,1
32551,35383,0
32552,44783,0
32553,70978,1
32554,80551,-1
32555,68655,0
32556,3818,-1
32557,21875,0
32558,-1,0
32559,95131,-1
32560,10487,0
32561,30022,1
32562,76057,0
32563,49039,0
32564,48301,0
32565,53112,0
32566,34986,1
32567,-1,0
32568,93694,1
32569,34247,0
32570,90195,1
32571,48960,0
32572,60442,0
32573,83938,1
32574,23097,0
32575,-1,0
32576,97524,0
32577,18739,1
32578,76685,-1
32579,27456,0
32580,26079,1
32581,81009,-1
32582,50631,-1
32583,52185,0
32584,69294,0
32585,37152,1
32586,40070,-1
32587,75561,0
32588,97094,1
32589,88058,-1
32590,25419,-1
32591,70683,0
32592,64232,1
32593,42286,1
32594,75868,0
32595,99016,0
32596,87461,-1
32597,47101,0
32598,52439,-1
32599,92546,-1
32600,2570,0
32601,48702,1
32602,26674,1
32603,10355,0
32604,-1,0
32605,82826,1
32606,93050,1
32607,74487,0
32608,52943,0
32609,65869,-1
32610,92658,1
32611,-1,0
32612,-1,0
32613,75521,0
32614,96695,0
32615,13461,-1
32616,-1,0
32617,71526,0
32618,20814,0
32619,71685,0
32620,-1,0
32621,17402,0
32622,96833,-1
32623,90251,0
32624,58645,1
32625,-1,0
32626,89380,0
32627,3190,1
32628,9305,0
32629,-1,0
32630,76560,0
32631,76204,-1
32632,75729,-1
32633,59597,0
32634,66871,-1
32635,81343,-1
32636,18471,0
32637,-1,0
32638,-1,0
32639,24505,1
32640,46346,0
32641,26585,0
32642,53129,0
32643,12936,0
32644,27365,0
32645,53558,1
32646,68957,0
32647,13787,-1
32648,38896,0
32649,34876,0
32650,40098,0
32651,-1,0
32652,-1,0
32653,9634,-1
32654,94856,-1
32655,-1,0
32656,-1,0
32657,27859,0
32658,33372,0
32659,9159,0
32660,35323,-1
32661,86503,0
32662,37811,0
32663,2077,0
32664,-1,0
32665,22394,-1
32666,96030,0
32667,58548,0
32668,57741,0
32669,-1,0
32670,98486,0
32671,51707,-1
32672,92780,1
32673,62382,-1
32674,52188,-1
32675,16977,0
32676,17274,0
32677,36118,0
32678,54037,-1
32679,57541,0
32680,92599,1
32681,36724,-1
32682,4025,-1
32683,17431,-1
32684,48120,-1
32685,23464,0
32686,46064,0
32687,14264,1
32688,-1,0
32689,-1,0
32690,540,0
32691,99813,1
32692,25335,-1
32693,7604,1
32694,10334,0
32695,73457,0
32696,16041,1
32697,89366,-1
32698,46792,0
32699,71013,0
32700,-1,0
32701,-1,0
32702,85725,1
32703,93964,0
32704,15153,0
32705,68924,-1
32706,19957,0
32707,-1,0
32708,80959,0
32709,70643,-1
32710,20,0
32711,-1,0
32712,97891,0
32713,-1,0
32714,70523,0
32715,67999,1
32716,30606,0
32717,19275,1
32718,7327,-1
32719,51842,-1
32720,24292,-1
32721,15922,1
32722,33697,0
32723,72966,1
32724,20381,-1
32725,9113,1
32726,94037,0
32727,41456,0
32728,43668,0
32729,21702,-1
32730,2789,1
32731,77938,0
32732,48061,1
32733,22665,-1
32734,-1,0
32735,98706,0
32736,68234,-1
32737,-1,0
32738,-1,0
32739,74936,0
32740,73643,1
32741,59967,0
32742,72218,0
32743,43029,0
32744,83517,-1
32745,-1,0
32746,47301,1
32747,590,-1
32748,51808,0
32749,53312,-1
32750,87515,1
32751,42045,-1
32752,28572,0
32753,-1,0
32754,-1,0
32755,33638,0
32756,-1,0
32757,57924,0
32758,59481,-1
32759,71611,0
32760,58064,1
32761,30572,-1
32762,-1,0
32763,-1,0
32764,71016,0
32765,51930,0
32766,36982,0
32767,74109,0
32768,11194,0
32769,84517,-1
32770,23500,1
32771,-1,0
32772,28466,0
32773,93960,-1
32774,8901,0
32775,37581,-1
32776,58087,1
32777,99992,-1
32778,47740,1
32779,-1,0
32780,40993,0
32781,75581,-1
32782,-1,0
32783,25364,-1
32784,53501,1
32785,56612,0
32786,32499,1
32787,50415,-1
32788,37076,1
32789,99149,-1
32790,24006,1
32791,43312,1
32792,45714,-1
32793,-1,0
32794,17609,1
32795,2414,0
32796,65280,0
32797,-1,0
32798,80933,1
32799,-1,0
32800,-1,0
32801,34276,1
32802,-1,0
32803,35740,-1
32804,-1,0
32805,55342,0
32806,28803,0
32807,31922,0
32808,44399,0
32809,59203,0
32810,6759,1
32811,48643,-1
32812,82370,1
32813,13171,0
32814,19023,0
32815,15521,0
32816,81711,0
32817,98523,0
32818,74431,-1
32819,-1,0
32820,75992,1
32821,17649,0
32822,60027,0
32823,35827,1
32824,16285,0
32825,83912,0
32826,3092,0
32827,96386,-1
32828,35252,-1
32829,75910,-1
32830,-1,0
32831,54721,0
32832,83591,0
32833,-1,0
32834,-1,0
32835,86708,0
32836,3198,-1
32837,31546,-1
32838,-1,0
32839,92466,1
32840,-1,0
32841,55490,0
32842,81474,-1
32843,82365,-1
32844,78833,-1
32845,80771,0
32846,-1,0
32847,9883,-1
32848,26586,0
32849,86058,1
32850,38078,0
32851,-1,0
32852,32192,0
32853,40649,-1
32854,26915,-1
32855,-1,0
32856,-1,0
32857,-1,0
32858,71351,0
32859,24957,1
32860,62121,0
32861,-1,0
32862,14587,0
32863,57229,-1
32864,68663,0
32865,-1,0
32866,70426,0
32867,53744,1
32868,13576,-1
32869,-1,0
32870,85735,0
32871,37635,-1
32872,43632,0
32873,41726,0
32874,27643,1
32875,12180,0
32876,-1,0
32877,50326,1
32878,55117,0
32879,71330,0
32880,93561,0
32881,29821,0
32882,45456,0
32883,71086,0
32884,-1,0
32885,47470,0
32886,78302,0
32887,32694,0
32888,3350,1
32889,-1,0
32890,93853,1
32891,20492,0
32892,19210,0
32893,81987,1
32894,31939,0
32895,80175,0
32896,25280,-1
32897,-1,0
32898,10419,1
32899,52559,-1
32900,22755,0
32901,65362,0
32902,66391,1
32903,24133,1
32904,65347,0
32905,38955,-1
32906,79860,0
32907,97252,-1
32908,33207,-1
32909,-1,0
32910,12925,0
32911,-1,0
32912,15550,-1
32913,-1,0
32914,74021,1
32915,39077,-1
32916,82354,0
32917,89953,0
32918,13304,-1
32919,33262,0
32920,69920,0
32921,33155,0
32922,95018,-1
32923,54144,0
32924,78573,0
32925,27536,0
32926,52719,1
32927,68926,0
32928,-1,0
32929,22153,-1
32930,-1,0
32931,73856,-1
32932,34268,1
32933,16086,1
32934,99649,-1
32935,4468,0
32936,-1,0
32937,27433,-1
32938,36848,1
32939,22197,0
32940,21808,1
32941,55983,1
32942,47062,0
32943,-1,0
32944,14061,0
32945,13844,1
32946,5887,-1
32947,20883,-1
32948,11744,-1
32949,69247,1
32950,87125,1
32951,35456,1
32952,28658,0
32953,98558,0
32954,95348,-1
32955,31583,0
32956,22327,-1
32957,37057,0
32958,-1,0
32959,99643,1
32960,19146,1
32961,54408,-1
32962,19957,1
32963,5208,1
32964,-1,0
32965,62169,0
32966,96598,0
32967,47789,-1
32968,32473,0
32969,17502,0
32970,45794,0
32971,53717,1
32972,86201,1
32973,-1,0
32974,-1,0
32975,57176,-1
32976,-1,0
32977,5331,0
32978,51212,-1
32979,69127,0
32980,23311,0
32981,67191,0
32982,20282,-1
32983,45729,0
32984,32415,1
32985,61611,0
32986,20032,-1
32987,60551,0
32988,6716,0
32989,96246,0
32990,4022,-1
32991,18402,0
32992,36350,1
32993,-1,0
32994,89794,0
32995,71567,0
32996,47908,0
32997,-1,0
32998,84470,1
32999,76513,1
33000,49144,0
33001,59078,0
33002,86625,-1
33003,69293,1
33004,50143,0
33005,-1,0
33006,9219,-1
33007,98476,-1
33008,54132,1
33009,68044,1
33010,64894,-1
33011,30018,0
33012,89346,-1
33013,59453,0
33014,50417,-1
33015,220,1
33016,51136,1
33017,22995,1
33018,69454,0
33019,17659,-1
33020,70233,-1
33021,86523,0
33022,37673,-1
33023,67532,0
33024,12160,1
33025,13803,0
33026,-1,0
33027,10507,1
33028,46468,0
33029,7929,1
33030,29208,1
33031,-1,0
33032,42714,0
33033,76526,1
33034,8950,0
33035,81417,-1
33036,41906,0
33037,5783,1
33038,23237,-1
33039,-1,0
33040,82160,0
33041,64638,1
33042,-1,0
33043,74057,0
33044,63471,1
33045,7509,-1
33046,42017,0
33047,-1,0
33048,89914,-1
33049,31745,0
33050,77570,0
33051,86659,0
33052,50088,0
33053,82437,0
33054,66182,-1
33055,41694,0
33056,79509,0
33057,9572,0
33058,71028,1
33059,26388,1
33060,84734,1
33061,31497,0
33062,55293,0
33063,89240,0
33064,63469,1
33065,67850,-1
33066,68459,1
33067,18565,-1
33068,17941,0
33069,70111,1
33070,83424,0
33071,8600,-1
33072,65736,0
33073,14616,1
33074,54328,-1
33075,34538,1
33076,36677,1
33077,78701,1
33078,85253,1
33079,21607,0
33080,26045,0
33081,62157,-1
33082,-1,0
33083,-1,0
33084,24670,0
33085,-1,0
33086,27555,1
33087,-1,0
33088,52656,0
33089,58562,-1
33090,10612,1
33091,61979,0
33092,57639,1
33093,97901,-1
33094,82817,-1
33095,59818,1
33096,61964,0
33097,70203,1
33098,63313,1
33099,99561,1
33100,85004,1
33101,55416,0
33102,18623,1
33103,54760,0
33104,1790,-1
33105,86280,1
33106,79709,0
33107,34360,1
33108,88018,0
33109,43743,0
33110,57931,0
33111,82354,-1
33112,35657,0
33113,95503,-1
33114,31206,0
33115,52891,0
33116,-1,0
33117,-1,0
33118,64698,0
33119,68198,0
33120,9260,0
33121,57637,0
33122,72577,0
33123,66814,0
33124,38216,0
33125,6329,-1
33126,38925,0
33127,86598,-1
33128,46129,-1
33129,-1,0
33130,-1,0
33131,77803,1
33132,78794,1
33133,24470,1
33134,19548,0
33135,47038,0
33136,37156,1
33137,38336,1
33138,47593,-1
33139,13833,0
33140,4138,0
33141,28779,-1
33142,65422,1
33143,-1,0
33144,-1,0
33145,30200,1
33146,36055,0
33147,81995,0
33148,32609,0
33149,-1,0
33150,21315,-1
33151,-1,0
33152,75996,1
33153,32113,0
33154,71487,0
33155,74638,0
33156,76244,1
33157,-1,0
33158,90188,0
33159,81652,-1
33160,67777,-1
33161,77825,0
33162,81839,1
33163,86738,0
33164,12487,1
33165,30932,-1
33166,22276,1
33167,-1,0
33168,75481,1
33169,82120,0
33170,-1,0
33171,71311,0
33172,69551,0
33173,86261,0
33174,12453,-1
33175,-1,0
33176,32975,-1
33177,87488,1
33178,75694,0
33179,-1,0
33180,12081,0
33181,47686,-1
33182,80895,0
33183,14961,0
33184,11038,1
33185,-1,0
33186,96770,-1
33187,55116,0
33188,68143,1
33189,32111,-1
33190,-1,0
33191,39145,1
33192,46472,-1
33193,-1,0
33194,-1,0
33195,62376,-1
33196,-1,0
33197,-1,0
33198,23846,-1
33199,89336,-1
33200,36174,1
33201,28609,-1
33202,-1,0
33203,47982,0
33204,26803,-1
33205,22025,1
33206,-1,0
33207,10251,0
33208,69526,0
33209,89620,0
33210,12391,-1
33211,78442,-1
33212,30081,-1
33213,24610,0
33214,75482,0
33215,-1,0
33216,91058,0
33217,83188,1
33218,92920,0
33219,78888,1
33220,82121,0
33221,25092,0
33222,40457,0
33223,44276,0
33224,18931,0
33225,64975,1
33226,17722,1
33227,-1,0
33228,-1,0
33229,35988,0
33230,-1,0
33231,42834,0
33232,46551,0
33233,44962,0
33234,89656,1
33235,44668,-1
33236,86072,-1
33237,88766,1
33238,61242,0
33239,91071,-1
33240,45906,1
33241,59182,1
33242,75924,-1
33243,55737,0
33244,69281,-1
33245,28556,-1
33246,73720,1
33247,99255,0
33248,31110,1
33249,55420,0
33250,95214,-1
33251,89919,0
33252,42451,0
33253,54490,0
33254,22721,-1
33255,67037,0
33256,86952,0
33257,-1,0
33258,29847,1
33259,55172,0
33260,-1,0
33261,52452,1
33262,33300,0
33263,42106,1
33264,56779,0
33265,42669,-1
33266,-1,0
33267,24266,0
33268,15101,0
33269,22811,0
33270,95398,0
33271,21251,0
33272,34387,0
33273,58992,0
33274,81587,0
33275,68379,0
33276,-1,0
33277,8293,1
33278,22458,0
33279,80415,-1
33280,-1,0
33281,93694,0
33282,29323,-1
33283,74667,0
33284,-1,0
33285,59834,-1
33286,2660,0
33287,78738,0
33288,78436,-1
33289,1497,0
33290,75946,1
33291,52296,0
33292,53543,0
33293,48456,-1
33294,18508,0
33295,57432,-1
33296,47321,-1
33297,97007,1
33298,23901,1
33299,20257,0
33300,99255,-1
33301,-1,0
33302,11466,0
33303,2060,0
33304,65433,0
33305,79244,1
33306,2425,-1
33307,91542,0
33308,31475,1
33309,34443,0
33310,-1,0
33311,-1,0
33312,13147,1
33313,45160,0
33314,83642,1
33315,-1,0
33316,29956,0
33317,54222,1
33318,82792,0
33319,-1,0
33320,66562,-1
33321,48118,-1
33322,52532,1
33323,92054,1
33324,44700,1
33325,-1,0
33326,-1,0
33327,91196,0
33328,55013,1
33329,21111,1
33330,52203,1
33331,52877,0
33332,96404,1
33333,33944,1
33334,-1,0
33335,74241,-1
33336,76417,0
33337,-1,0
33338,-1,0
33339,-1,0
33340,34411,-1
33341,-1,0
33342,50825,0
33343,13518,0
33344,9398,-1
33345,59028,-1
33346,27916,-1
33347,95824,0
33348,70711,-1
33349,54357,0
33350,-1,0
33351,33827,-1
33352,-1,0
33353,4839,0
33354,85057,0
33355,77550,1
33356,66684,0
33357,-1,0
33358,39053,0
33359,44507,1
33360,83084,-1
33361,79099,1
33362,69348,1
33363,29501,0
33364,34811,-1
33365,94573,1
33366,33152,1
33367,-1,0
33368,99339,1
33369,26574,0
33370,-1,0
33371,-1,0
33372,2510,-1
33373,69588,1
33374,-1,0
33375,12473,0
33376,88925,0
33377,74913,1
33378,86167,0
33379,95349,0
33380,-1,0
33381,-1,0
33382,84982,0
33383,-1,0
33384,46007,1
33385,90847,0
33386,20214,0
33387,50644,0
33388,79033,0
33389,11874,0
33390,81242,-1
33391,-1,0
33392,7282,0
33393,72651,1
33394,1040,0
33395,80710,-1
33396,55327,1
33397,29809,-1
33398,27118,0
33399,70172,0
33400,29214,0
33401,12451,-1
33402,40532,-1
33403,80669,1
33404,18901,0
33405,85833,-1
33406,26456,0
33407,64954,0
33408,90132,1
33409,74753,-1
33410,-1,0
33411,87497,0
33412,87526,0
33413,38494,0
33414,12222,0
33415,23648,0
33416,77514,0
33417,65277,0
33418,9529,0
33419,18764,1
33420,33793,1
33421,70069,-1
33422,78679,0
33423,-1,0
33424,45457,-1
33425,37067,0
33426,38974,0
33427,59874,1
33428,65477,-1
33429,99270,0
33430,43991,1
33431,32498,0
33432,-1,0
33433,49941,-1
33434,70094,1
33435,44448,-1
33436,36683,1
33437,51969,-1
33438,42884,-1
33439,55921,1
33440,-1,0
33441,61777,1
33442,21859,-1
33443,34509,1
33444,78578,-1
33445,99251,1
33446,98793,0
33447,46517,0
33448,2641,-1
33449,14475,0
33450,96413,0
33451,-1,0
33452,33603,1
33453,-1,0
33454,59177,0
33455,40562,0
33456,21375,-1
33457,4690,-1
33458,40464,1
33459,11843,0
33460,15022,0
33461,1264,-1
33462,53070,0
33463,73092,0
33464,28060,1
33465,32645,-1
33466,38160,-1
33467,97265,-1
33468,35285,1
33469,59281,-1
33470,81457,1
33471,61120,0
33472,29194,-1
33473,38358,0
33474,-1,0
33475,48687,0
33476,41760,1
33477,14555,-1
33478,44756,0
33479,6973,1
33480,38667,-1
33481,92908,0
33482,64818,-1
33483,-1,0
33484,74038,0
33485,60440,1
33486,4215,-1
33487,50564,0
33488,93205,0
33489,69901,0
33490,35073,-1
33491,43842,1
33492,84097,0
33493,63735,0
33494,3437,1
33495,46746,0
33496,75742,0
33497,91715,0
33498,80424,0
33499,14878,1
33500,82785,0
33501,64132,0
33502,65818,1
33503,19263,0
33504,33476,-1
33505,52993,-1
33506,36327,1
33507,78972,1
33508,61068,0
33509,84093,1
33510,30470,-1
33511,40871,-1
33512,92007,1
33513,20639,0
33514,23248,0
33515,86117,-1
33516,-1,0
33517,75632,0
33518,81561,0
33519,76433,0
33520,98608,0
33521,41217,0
33522,56606,0
33523,-1,0
33524,46680,0
33525,53038,0
33526,76987,-1
33527,68724,-1
33528,53642,1
33529,-1,0
33530,61901,0
33531,95327,0
33532,11531,0
33533,-1,0
33534,-1,0
33535,92889,-1
33536,-1,0
33537,58684,0
33538,63936,-1
33539,89439,-1
33540,39359,1
33541,50764,-1
33542,77392,-1
33543,43395,0
33544,32517,-1
33545,57825,0
33546,-1,0
33547,70396,0
33548,9319,0
33549,-1,0
33550,69242,0
33551,38295,1
33552,77901,-1
33553,10127,-1
33554,78179,-1
33555,20312,-1
33556,90044,-1
33557,-1,0
33558,-1,0
33559,29175,0
33560,-1,0
33561,36198,-1
33562,-1,0
33563,60738,0
33564,68412,-1
33565,57506,-1
33566,79600,-1
33567,806,0
33568,62688,1
33569,47787,0
33570,14855,1
33571,36983,1
33572,55807,1
33573,68207,0
33574,47340,0
33575,47886,1
33576,11773,1
33577,73361,1
33578,73087,0
33579,-1,0
33580,41765,0
33581,71854,0
33582,2334,0
33583,2400,0
33584,19064,0
33585,63948,-1
33586,90598,0
33587,73551,-1
33588,79349,1
33589,36614,0
33590,95237,-1
33591,91433,-1
33592,34069,-1
33593,84886,1
33594,-1,0
33595,35533,0
33596,21437,0
33597,59667,1
33598,-1,0
33599,-1,0
33600,71938,1
33601,6739,-1
33602,5853,-1
33603,61046,0
33604,81866,0
33605,98012,0
33606,51257,0
33607,72315,-1
33608,65549,0
33609,96143,-1
33610,70154,1
33611,-1,0
33612,53038,1
33613,-1,0
33614,33944,0
33615,77178,-1
33616,-1,0
33617,75929,0
33618,89410,1
33619,99597,-1
33620,-1,0
33621,79208,0
33622,46865,-1
33623,83610,-1
33624,92307,-1
33625,36588,0
33626,-1,0
33627,58661,0
33628,74529,0
33629,-1,0
33630,42791,0
33631,-1,0
33632,-1,0
33633,77586,1
33634,23017,0
33635,-1,0
33636,68066,0
33637,84112,1
33638,12101,-1
33639,30820,0
33640,10835,1
33641,3601,-1
33642,62787,0
33643,97101,0
33644,76264,0
33645,28857,-1
33646,-1,0
33647,16225,0
33648,58440,0
33649,4898,1
33650,42592,0
33651,22119,-1
33652,47453,0
33653,3603,0
33654,37602,0
33655,-1,0
33656,-1,0
33657,-1,0
33658,-1,0
33659,82425,0
33660,96589,0
33661,10426,0
33662,89185,0
33663,35165,1
33664,-1,0
33665,19111,0
33666,98849,1
33667,47875,1
33668,-1,0
33669,-1,0
33670,75662,-1
33671,14362,1
33672,2676,0
33673,85693,0
33674,99181,-1
33675,72777,1
33676,44193,0
33677,77159,-1
33678,27924,0
33679,55006,1
33680,53006,1
33681,45186,0
33682,8441,0
33683,59189,-1
33684,-1,0
33685,-1,0
33686,36402,0
33687,-1,0
33688,21788,0
33689,38069,1
33690,93222,0
33691,7711,0
33692,77526,0
33693,57199,0
33694,8909,0
33695,86571,0
33696,-1,0
33697,42708,0
33698,3777,-1
33699,77521,0
33700,44395,0
33701,87853,0
33702,56699,-1
33703,8971,-1
33704,85237,-1
33705,-1,0
33706,14159,1
33707,34722,1
33708,-1,0
33709,-1,0
33710,-1,0
33711,48175,0
33712,41643,0
33713,10055,-1
33714,72007,1
33715,64001,1
33716,-1,0
33717,51382,0
33718,17851,0
33719,42212,0
33720,71765,-1
33721,74203,1
33722,54454,-1
33723,8720,0
33724,23314,1
33725,15535,-1
33726,33347,1
33727,-1,0
33728,94937,1
33729,12716,0
33730,27973,1
33731,57012,0
33732,-1,0
33733,99130,0
33734,-1,0
33735,64695,0
33736,61570,0
33737,214,1
33738,12096,1
33739,25107,0
33740,82872,0
33741,56857,0
33742,-1,0
33743,44328,1
33744,65952,-1
33745,94685,0
33746,25367,0
33747,38044,-1
33748,51435,-1
33749,49755,1
33750,-1,0
33751,36692,-1
33752,26421,0
33753,12422,-1
33754,-1,0
33755,56693,-1
33756,7950,-1
33757,-1,0
33758,21310,-1
33759,9905,1
33760,66299,0
33761,44865,1
33762,36694,1
33763,80515,1
33764,32936,0
33765,87391,0
33766,1122,0
33767,11110,1
33768,54395,0
33769,31529,0
33770,4507,1
33771,27690,-1
33772,-1,0
33773,8221,0
33774,56454,0
33775,44732,-1
33776,-1,0
33777,25003,1
33778,37338,-1
33779,9546,0
33780,41339,0
33781,72463,-1
33782,65039,0
33783,61444,0
33784,58744,-1
33785,75675,-1
33786,26054,0
33787,84825,1
33788,53195,-1
33789,26496,1
33790,32944,0
33791,93697,-1
33792,39401,0
33793,8038,-1
33794,74374,-1
33795,60101,-1
33796,26977,0
33797,-1,0
33798,45894,0
33799,16497,-1
33800,93787,0
33801,34400,1
33802,52196,0
33803,63013,1
33804,91370,0
33805,97551,1
33806,-1,0
33807,-1,0
33808,57741,1
33809,82254,1
33810,67824,0
33811,17527,0
33812,65280,-1
33813,80534,0
33814,77095,-1
33815,94412,0
33816,66874,-1
33817,34744,0
33818,27563,0
33819,87776,0
33820,44529,1
33821,-1,0
33822,-1,0
33823,87782,0
33824,80125,1
33825,89837,1
33826,65563,1
33827,68960,0
33828,-1,0
33829,73830,1
33830,20685,1
33831,-1,0
33832,76987,0
33833,24892,0
33834,-1,0
33835,99884,0
33836,97705,0
33837,76599,1
33838,31734,1
33839,-1,0
33840,6916,1
33841,92141,1
33842,25268,0
33843,39902,0
33844,-1,0
33845,98968,0
33846,68641,-1
33847,42631,1
33848,90554,1
33849,38676,-1
33850,81498,0
33851,46332,0
33852,94875,1
33853,65362,-1
33854,8823,0
33855,80986,1
33856,44131,-1
33857,82368,0
33858,86364,0
33859,-1,0
33860,-1,0
33861,-1,0
33862,76543,0
33863,17958,-1
33864,14196,-1
33865,80307,1
33866,28276,1
33867,3551,0
33868,19944,-1
33869,87912,0
33870,-1,0
33871,70504,0
33872,33605,0
33873,34592,1
33874,58973,0
33875,86609,1
33876,68423,0
33877,23291,0
33878,41636,0
33879,9632,0
33880,11806,0
33881,90446,0
33882,75164,0
33883,-1,0
33884,29843,0
33885,96524,0
33886,43327,-1
33887,63865,0
33888,33195,0
33889,-1,0
33890,48167,0
33891,94047,-1
33892,-1,0
33893,49471,1
33894,60668,-1
33895,62578,-1
33896,75347,-1
33897,57178,1
33898,89705,0
33899,26814,-1
33900,82602,0
33901,20943,0
33902,-1,0
33903,3463,0
33904,74521,1
33905,87144,0
33906,58905,0
33907,19097,0
33908,-1,0
33909,42215,-1
33910,23319,1
33911,52753,0
33912,83010,0
33913,88488,0
33914,99061,-1
33915,32899,-1
33916,47120,1
33917,-1,0
33918,2513,-1
33919,24760,0
33920,2814,1
33921,70572,0
33922,57686,0
33923,23921,0
33924,94033,0
33925,556,-1
33926,-1,0
33927,90996,0
33928,12462,-1
33929,50052,-1
33930,49111,-1
33931,3371,0
33932,66514,1
33933,35291,0
33934,19443,1
33935,29150,1
33936,823,0
33937,-1,0
33938,64238,0
33939,34824,0
33940,33339,0
33941,30582,0
33942,70972,0
33943,-1,0
33944,-1,0
33945,23939,-1
33946,82645,0
33947,29912,0
33948,32734,-1
33949,21530,-1
33950,23462,1
33951,39273,0
33952,80952,0
33953,26214,1
33954,98154,0
33955,20909,0
33956,11993,0
33957,93376,1
33958,87418,0
33959,35290,0
33960,75178,0
33961,36445,-1
33962,58412,0
33963,9070,0
33964,20980,1
33965,38057,1
33966,51999,1
33967,-1,0
33968,55179,1
33969,19508,0
33970,50749,0
33971,75292,0
33972,44554,0
33973,89790,0
33974,78061,1
33975,25014,0
33976,47585,-1
33977,25457,0
33978,-1,0
33979,28803,-1
33980,85750,0
33981,68701,-1
33982,82015,1
33983,44676,1
33984,-1,0
33985,12680,0
33986,-1,0
33987,62534,1
33988,9151,0
33989,-1,0
33990,27487,-1
33991,34809,-1
33992,9583,0
33993,92314,-1
33994,56054,0
33995,-1,0
33996,36265,0
33997,61735,-1
33998,89885,-1
33999,27549,-1
34000,97487,1
34001,24507,0
34002,69949,1
34003,44952,-1
34004,49969,0
34005,97518,-1
34006,50955,0
34007,9877,0
34008,19010,0
34009,26979,0
34010,61624,0
34011,39803,0
34012,31339,0
34013,59926,0
34014,-1,0
34015,28059,-1
34016,90704,0
34017,85363,-1
34018,41808,0
34019,-1,0
34020,-1,0
34021,41435,0
34022,89379,-1
34023,-1,0
34024,42649,0
34025,22752,-1
34026,24925,0
34027,32905,0
34028,-1,0
34029,-1,0
34030,74523,0
34031,14818,1
34032,38248,0
34033,74005,0
34034,81737,0
34035,-1,0
34036,-1,0
34037,41466,1
34038,66589,1
34039,92467,0
34040,72364,0
34041,87171,1
34042,77706,0
34043,2764,1
34044,-1,0
34045,23237,0
34046,30416,0
34047,53788,0
34048,-1,0
34049,59887,-1
34050,12716,1
34051,62120,1
34052,19726,0
34053,25648,1
34054,87083,0
34055,85541,-1
34056,54965,-1
34057,87241,-1
34058,8540,0
34059,63216,1
34060,73075,1
34061,39557,1
34062,42303,1
34063,38769,0
34064,-1,0
34065,11523,0
34066,73490,1
34067,6488,0
34068,20835,1
34069,24196,0
34070,71701,1
34071,35646,1
34072,-1,0
34073,-1,0
34074,-1,0
34075,24329,0
34076,-1,0
34077,67676,0
34078,94520,1
34079,81277,1
34080,80488,-1
34081,99303,-1
34082,-1,0
34083,63144,0
34084,96928,1
34085,73666,1
34086,73405,-1
34087,71925,1
34088,72041,1
34089,84114,1
34090,-1,0
34091,-1,0
34092,49301,0
34093,53363,-1
34094,92194,0
34095,39196,-1
34096,-1,0
34097,64472,0
34098,7798,0
34099,28896,1
34100,26774,0
34101,36054,-1
34102,11656,0
34103,-1,0
34104,-1,0
34105,4349,-1
34106,57680,-1
34107,64476,0
34108,11556,0
34109,62710,1
34110,80013,0
34111,96434,0
34112,36133,-1
34113,55900,0
34114,72597,1
34115,49522,-1
34116,69899,0
34117,17475,1
34118,88395,-1
34119,61974,0
34120,87445,1
34121,16668,1
34122,91620,-1
34123,-1,0
34124,53008,-1
34125,72718,0
34126,64950,0
34127,91489,1
34128,11428,1
34129,89607,0
34130,-1,0
34131,68231,-1
34132,52050,-1
34133,30567,0
34134,-1,0
34135,98928,-1
34136,45321,1
34137,63682,0
34138,42335,0
34139,50122,1
34140,50994,1
34141,67040,-1
34142,33001,0
34143,-1,0
34144,97183,0
34145,92958,1
34146,53880,0
34147,87374,0
34148,-1,0
34149,69640,0
34150,63181,0
34151,58165,-1
34152,-1,0
34153,65016,1
34154,35988,-1
34155,28200,0
34156,80603,0
34157,61225,0
34158,51258,-1
34159,-1,0
34160,62446,1
34161,12519,1
34162,98740,0
34163,98644,1
34164,-1,0
34165,24452,0
34166,6119,0
34167,50251,0
34168,-1,0
34169,32960,0
34170,79571,0
34171,51766,0
34172,70651,0
34173,24294,0
34174,-1,0
34175,27069,1
34176,346,0
34177,16649,1
34178,97442,0
34179,69106,0
34180,68947,-1
34181,62862,0
34182,83912,1
34183,28298,0
34184,59592,-1
34185,63383,0
34186,68070,1
34187,29198,1
34188,59678,0
34189,45394,0
34190,94325,0
34191,-1,0
34192,93506,1
34193,4532,0
34194,-1,0
34195,88745,0
34196,5081,-1
34197,40525,-1
34198,-1,0
34199,-1,0
34200,31123,1
34201,55187,-1
34202,13950,0
34203,67613,0
34204,69502,0
34205,17762,0
34206,25778,0
34207,-1,0
34208,12376,0
34209,5042,1
34210,64178,-1
34211,69475,-1
34212,-1,0
34213,52824,1
34214,70073,-1
34215,95832,-1
34216,42762,0
34217,34815,-1
34218,92124,0
34219,59639,0
34220,70160,-1
34221,20736,0
34222,2620,-1
34223,78878,0
34224,-1,0
34225,54832,1
34226,85554,1
34227,13928,0
34228,-1,0
34229,92018,1
34230,-1,0
34231,85522,-1
34232,17798,0
34233,15147,0
34234,-1,0
34235,1679,0
34236,22267,0
34237,-1,0
34238,-1,0
34239,48604,0
34240,18958,0
34241,-1,0
34242,35751,-1
34243,-1,0
34244,8998,0
34245,52734,1
34246,72167,1
34247,98879,0
34248,88096,-1
34249,-1,0
34250,77487,0
34251,33854,-1
34252,26059,0
34253,40103,0
34254,90544,-1
34255,67239,-1
34256,96117,1
34257,-1,0
34258,70413,0
34259,98614,-1
34260,50484,-1
34261,62692,-1
34262,78305,0
34263,89741,-1
34264,79079,-1
34265,-1,0
34266,56963,0
34267,28839,1
34268,73397,-1
34269,-1,0
34270,-1,0
34271,37071,0
34272,15801,0
34273,86734,0
34274,86596,1
34275,2218,0
34276,3390,1
34277,33087,0
34278,3671,1
34279,-1,0
34280,28781,-1
34281,-1,0
34282,93204,1
34283,19152,1
34284,18243,1
34285,99243,-1
34286,64677,1
34287,-1,0
34288,-1,0
34289,44912,0
34290,20529,-1
34291,73975,0
34292,37048,0
34293,3603,-1
34294,12590,1
34295,65476,-1
34296,-1,0
34297,41760,0
34298,36775,-1
34299,-1,0
34300,-1,0
34301,23211,0
34302,78021,0
34303,-1,0
34304,96580,0
34305,66336,0
34306,-1,0
34307,-1,0
34308,-1,0
34309,78380,0
34310,23969,1
34311,89418,1
34312,30291,1
34313,-1,0
34314,62106,-1
34315,-1,0
34316,56796,1
34317,35455,1
34318,12744,1
34319,80923,0
34320,38093,1
34321,75000,1
34322,-1,0
34323,91179,0
34324,-1,0
34325,5040,0
34326,77443,1
34327,-1,0
34328,79583,0
34329,8896,1
34330,40011,-1
34331,52341,0
34332,16437,-1
34333,-1,0
34334,53313,-1
34335,56421,0
34336,32346,1
34337,-1,0
34338,453,0
34339,16833,-1
34340,63808,1
34341,89724,-1
34342,-1,0
34343,96983,-1
34344,-1,0
34345,98273,0
34346,66601,0
34347,87690,0
34348,99315,-1
34349,37586,-1
34350,-1,0
34351,62930,-1
34352,54473,-1
34353,20700,1
34354,18144,0
34355,15120,1
34356,90474,0
34357,9072,0
34358,73391,0
34359,-1,0
34360,97489,0
34361,85431,0
34362,80073,0
34363,52945,0
34364,99159,0
34365,68201,0
34366,69949,0
34367,66982,0
34368,70941,0
34369,32081,0
34370,14456,1
34371,-1,0
34372,72923,-1
34373,92949,-1
34374,55038,0
34375,-1,0
34376,36153,0
34377,57534,-1
34378,45690,-1
34379,31482,0
34380,90161,1
34381,99569,1
34382,34884,0
34383,72121,-1
34384,63056,-1
34385,7425,-1
34386,64434,0
34387,65890,0
34388,87451,0
34389,46857,0
34390,35591,1
34391,43190,0
34392,30792,1
34393,82808,-1
34394,-1,0
34395,88326,0
34396,6295,0
34397,27295,0
34398,93919,-1
34399,35163,0
34400,69343,0
34401,67234,0
34402,-1,0
34403,64812,1
34404,86893,-1
34405,84104,1
34406,85177,0
34407,-1,0
34408,6120,-1
34409,65970,0
34410,-1,0
34411,54116,-1
34412,43695,1
34413,27937,0
34414,15714,0
34415,88504,1
34416,17828,0
34417,76967,0
34418,56757,0
34419,41636,1
34420,41373,0
34421,92869,0
34422,86019,1
34423,14069,0
34424,41210,0
34425,40469,1
34426,31160,0
34427,43932,0
34428,85561,1
34429,15473,0
34430,68443,1
34431,36153,1
34432,18059,1
34433,40566,0
34434,-1,0
34435,-1,0
34436,87084,0
34437,63014,1
34438,3287,0
34439,7549,1
34440,88733,1
34441,-1,0
34442,93630,-1
34443,52857,1
34444,30851,0
34445,-1,0
34446,47359,-1
34447,24783,0
34448,15924,1
34449,21712,0
34450,44060,-1
34451,8113,1
34452,30180,0
34453,2370,0
34454,78899,-1
34455,39655,-1
34456,73492,1
34457,33830,-1
34458,54631,-1
34459,23245,0
34460,79886,1
34461,25884,0
34462,74649,-1
34463,44212,-1
34464,51544,0
34465,70887,1
34466,47411,1
34467,59125,0
34468,37691,1
34469,45361,-1
34470,60971,1
34471,44632,-1
34472,33774,1
34473,40663,-1
34474,23624,-1
34475,-1,0
34476,-1,0
34477,66113,0
34478,88202,0
34479,79431,-1
34480,37487,0
34481,12507,-1
34482,98018,1
34483,55141,0
34484,14697,-1
34485,90696,1
34486,-1,0
34487,25500,0
34488,11211,-1
34489,45284,1
34490,19911,0
34491,40020,0
34492,94353,0
34493,83809,0
34494,69325,-1
34495,61617,0
34496,68685,-1
34497,10015,0
34498,-1,0
34499,46602,0
34500,80816,0
34501,36276,0
34502,-1,0
34503,44065,0
34504,-1,0
34505,-1,0
34506,-1,0
34507,57425,-1
34508,27334,0
34509,34220,0
34510,96432,-1
34511,71781,0
34512,65927,0
34513,7602,1
34514,14826,0
34515,-1,0
34516,95280,0
34517,35573,0
34518,13441,0
34519,29125,-1
34520,40904,-1
34521,-1,0
34522,83398,-1
34523,-1,0
34524,61714,1
34525,30394,0
34526,89097,1
34527,76633,0
34528,41692,1
34529,27541,0
34530,73590,0
34531,49540,0
34532,77923,1
34533,62276,1
34534,96534,0
34535,45684,0
34536,45576,-1
34537,14623,0
34538,74209,1
34539,29647,-1
34540,25522,0
34541,61329,0
34542,-1,0
34543,96221,-1
34544,8277,0
34545,47934,1
34546,49683,0
34547,93104,0
34548,31295,-1
34549,11914,0
34550,-1,0
34551,8857,-1
34552,81433,1
34553,23932,1
34554,42994,0
34555,58262,-1
34556,17241,0
34557,96627,0
34558,39336,0
34559,-1,0
34560,28630,0
34561,37394,-1
34562,31498,-1
34563,40053,0
34564,80898,0
34565,12066,-1
34566,98300,-1
34567,77061,1
34568,50424,0
34569,12167,0
34570,61487,1
34571,-1,0
34572,10100,0
34573,18284,1
34574,57023,1
34575,48119,0
34576,625,0
34577,-1,0
34578,98013,0
34579,82763,0
34580,97316,0
34581,96598,1
34582,42648,0
34583,22627,1
34584,68799,0
34585,69421,1
34586,95271,1
34587,17483,1
34588,86431,1
34589,13639,-1
34590,46541,0
34591,94049,0
34592,94625,-1
34593,27836,0
34594,39015,0
34595,61717,-1
34596,89493,1
34597,22364,1
34598,83693,0
34599,31157,0
34600,89002,0
34601,25255,1
34602,49453,1
34603,-1,0
34604,59758,1
34605,90047,0
34606,25976,0
34607,30462,0
34608,67377,1
34609,65436,-1
34610,1696,-1
34611,-1,0
34612,21236,0
34613,93503,-1
34614,49684,-1
34615,72426,-1
34616,72557,1
34617,69468,0
34618,64614,0
34619,80660,0
34620,27461,0
34621,57139,0
34622,69838,-1
34623,38521,0
34624,31012,0
34625,-1,0
34626,38025,0
34627,7977,1
34628,15077,0
34629,24721,1
34630,96332,0
34631,1721,-1
34632,14400,-1
34633,-1,0
34634,52825,0
34635,83614,-1
34636,59580,-1
34637,26507,0
34638,47798,1
34639,97913,-1
34640,28073,0
34641,74740,1
34642,77867,0
34643,41307,1
34644,28169,0
34645,59691,0
34646,-1,0
34647,40618,0
34648,59425,0
34649,56281,-1
34650,57553,-1
34651,22124,0
34652,-1,0
34653,70399,-1
34654,-1,0
34655,82711,-1
34656,4219,0
34657,31019,0
34658,86190,1
34659,16462,1
34660,88550,0
34661,46546,0
34662,81355,0
34663,-1,0
34664,86669,0
34665,77785,-1
34666,26906,-1
34667,15632,1
34668,59812,0
34669,68562,0
34670,55083,1
34671,82384,0
34672,-1,0
34673,66423,0
34674,79863,-1
34675,84342,0
34676,58131,1
34677,1254,0
34678,30817,1
34679,7001,1
34680,65332,-1
34681,48683,0
34682,9855,1
34683,77880,1
34684,-1,0
34685,-1,0
34686,46812,0
34687,81228,-1
34688,50878,0
34689,87107,0
34690,86508,0
34691,25260,-1
34692,-1,0
34693,75425,0
34694,-1,0
34695,2818,-1
34696,-1,0
34697,-1,0
34698,-1,0
34699,-1,0
34700,79993,1
34701,39265,1
34702,69776,0
34703,60826,0
34704,70028,-1
34705,20905,1
34706,93743,-1
34707,77155,-1
34708,20405,0
34709,41620,1
34710,96183,-1
34711,53360,0
34712,-1,0
34713,4858,-1
34714,64722,-1
34715,43616,-1
34716,53830,0
34717,26642,0
34718,57158,0
34719,-1,0
34720,64046,1
34721,20019,1
34722,44476,1
34723,47728,1
34724,55079,-1
34725,22277,0
34726,55423,1
34727,39907,0
34728,-1,0
34729,63994,-1
34730,-1,0
34731,98081,0
34732,30209,0
34733,-1,0
34734,90630,-1
34735,70010,0
34736,33563,-1
34737,33778,0
34738,50317,-1
34739,38825,-1
34740,17201,1
34741,22380,0
34742,20196,0
34743,81951,1
34744,92898,0
34745,32656,0
34746,63320,1
34747,-1,0
34748,31838,0
34749,23636,1
34750,44073,0
34751,9051,0
34752,91848,0
34753,94606,1
34754,10414,-1
34755,-1,0
34756,74369,0
34757,57635,-1
34758,40838,0
34759,90733,0
34760,-1,0
34761,63232,1
34762,38850,0
34763,34891,-1
34764,24305,1
34765,18662,-1
34766,1378,0
34767,93306,0
34768,55281,1
34769,15621,0
34770,79311,0
34771,38269,0
34772,49616,0
34773,-1,0
34774,61707,-1
34775,35861,0
34776,53004,0
34777,33401,0
34778,22936,0
34779,-1,0
34780,95540,0
34781,54402,1
34782,19204,1
34783,22455,-1
34784,76108,0
34785,60894,0
34786,29918,-1
34787,63720,1
34788,12890,0
34789,76499,0
34790,83597,0
34791,41395,0
34792,-1,0
34793,44534,-1
34794,84292,-1
34795,41997,0
34796,-1,0
34797,-1,0
34798,98231,1
34799,82409,-1
34800,43046,-1
34801,-1,0
34802,58000,0
34803,4646,0
34804,2880,1
34805,36597,0
34806,32098,0
34807,11993,-1
34808,74940,0
34809,91126,1
34810,77118,0
34811,-1,0
34812,78292,-1
34813,20775,1
34814,39555,-1
34815,52112,0
34816,-1,0
34817,45503,-1
34818,91307,1
34819,17489,0
34820,59080,-1
34821,-1,0
34822,8406,-1
34823,62017,0
34824,91419,-1
34825,57478,0
34826,51074,0
34827,37499,1
34828,90564,0
34829,38632,-1
34830,-1,0
34831,29156,0
34832,790,1
34833,69271,-1
34834,96025,0
34835,18703,0
34836,20845,0
34837,71368,1
34838,34574,0
34839,-1,0
34840,55762,1
34841,70368,0
34842,36905,-1
34843,39538,-1
34844,85481,0
34845,25342,0
34846,28143,0
34847,66019,0
34848,-1,0
34849,47735,0
34850,35493,0
34851,68876,-1
34852,-1,0
34853,67083,0
34854,-1,0
34855,20277,-1
34856,9235,1
34857,63920,-1
34858,53964,0
34859,21612,-1
34860,-1,0
34861,-1,0
34862,60165,-1
34863,66263,1
34864,18778,1
34865,32203,1
34866,85761,-1
34867,37810,-1
34868,95426,-1
34869,17791,-1
34870,12454,0
34871,91620,0
34872,60487,-1
34873,71047,1
34874,40661,0
34875,2115,-1
34876,78157,0
34877,96789,1
34878,40597,0
34879,66559,0
34880,14180,1
34881,24737,-1
34882,47308,0
34883,86232,0
34884,76017,0
34885,43414,1
34886,-1,0
34887,10643,-1
34888,29430,1
34889,-1,0
34890,96506,0
34891,25308,0
34892,67698,1
34893,62002,0
34894,40414,0
34895,31416,0
34896,75820,1
34897,37644,1
34898,69652,0
34899,22375,0
34900,73859,0
34901,51745,0
34902,23944,1
34903,47981,0
34904,7383,-1
34905,78160,1
34906,28995,0
34907,6407,-1
34908,-1,0
34909,-1,0
34910,74115,0
34911,59237,-1
34912,98984,1
34913,65128,0
34914,85750,-1
34915,81640,-1
34916,37362,-1
34917,81546,0
34918,75108,-1
34919,45874,1
34920,78498,0
34921,46348,1
34922,25093,1
34923,-1,0
34924,-1,0
34925,49753,0
34926,18897,0
34927,77622,-1
34928,77138,0
34929,77573,0
34930,44225,0
34931,93085,0
34932,12597,0
34933,52509,0
34934,-1,0
34935,2134,0
34936,65518,0
34937,65852,-1
34938,-1,0
34939,42086,-1
34940,97698,0
34941,34723,1
34942,78902,0
34943,-1,0
34944,-1,0
34945,88383,1
34946,37613,1
34947,87561,0
34948,6674,-1
34949,-1,0
34950,50095,-1
34951,-1,0
34952,75520,0
34953,98351,0
34954,73473,1
34955,7561,1
34956,6121,0
34957,91390,0
34958,38697,0
34959,56613,1
34960,59866,1
34961,98684,-1
34962,12710,-1
34963,7659,0
34964,48219,1
34965,15158,1
34966,48782,0
34967,10227,0
34968,33790,-1
34969,89532,-1
34970,73540,-1
34971,94,0
34972,79803,0
34973,4980,0
34974,31152,0
34975,43323,1
34976,89991,-1
34977,25561,0
34978,82084,0
34979,55865,1
34980,87394,1
34981,73974,1
34982,80352,1
34983,57415,-1
34984,-1,0
34985,82876,1
34986,82467,-1
34987,58599,0
34988,-1,0
34989,58214,-1
34990,69500,1
34991,45741,0
34992,2783,0
34993,-1,0
34994,94682,-1
34995,88824,1
34996,91812,0
34997,41368,1
34998,32252,1
34999,44162,0
35000,5070,0
35001,81357,1
35002,-1,0
35003,65814,0
35004,28661,0
35005,85452,-1
35006,55445,0
35007,36831,0
35008,22833,0
35009,6381,0
35010,36762,0
35011,42917,0
35012,72981,-1
35013,76837,0
35014,79884,-1
35015,46258,0
35016,38665,1
35017,26187,0
35018,87619,1
35019,-1,0
35020,67385,0
35021,14508,0
35022,79597,-1
35023,18779,-1
35024,49687,0
35025,6275,0
35026,54995,0
35027,25769,1
35028,87161,-1
35029,83685,0
35030,18019,-1
35031,3600,0
35032,67532,-1
35033,56862,1
35034,33792,1
35035,35195,1
35036,5215,0
35037,24290,1
35038,-1,0
35039,93709,1
35040,5541,1
35041,-1,0
35042,41056,0
35043,63005,-1
35044,31820,0
35045,20314,0
35046,43167,1
35047,24998,1
35048,21326,0
35049,66743,1
35050,72656,0
35051,-1,0
35052,-1,0
35053,91955,1
35054,98194,-1
35055,99862,0
35056,43931,-1
35057,85058,0
35058,61710,1
35059,13423,0
35060,40942,0
35061,1548,0
35062,83347,-1
35063,61301,0
35064,44646,0
35065,499,0
35066,50692,0
35067,-1,0
35068,26216,1
35069,20730,-1
35070,1199,0
35071,80027,0
35072,-1,0
35073,16177,-1
35074,3147,0
35075,20610,1
35076,38097,0
35077,96392,1
35078,99435,0
35079,16060,0
35080,61064,0
35081,53945,1
35082,42486,0
35083,22437,1
35084,-1,0
35085,80315,0
35086,23506,-1
35087,4769,1
35088,24864,1
35089,64987,1
35090,72325,0
35091,44474,-1
35092,57293,0
35093,-1,0
35094,71657,1
35095,49973,0
35096,48522,1
35097,-1,0
35098,46848,0
35099,31767,-1
35100,34421,0
35101,2929,-1
35102,71155,0
35103,-1,0
35104,15831,1
35105,-1,0
35106,65176,1
35107,78918,0
35108,39351,0
35109,86166,1
35110,85803,0
35111,70893,0
35112,-1,0
35113,53994,-1
35114,15046,0
35115,67008,-1
35116,67940,0
35117,98591,-1
35118,63718,0
35119,74509,1
35120,22576,-1
35121,60059,0
35122,74042,0
35123,15431,0
35124,47718,0
35125,54033,0
35126,90490,-1
35127,-1,0
35128,69030,1
35129,60638,0
35130,36845,0
35131,78960,0
35132,43531,-1
35133,34615,0
35134,-1,0
35135,87325,-1
35136,99179,0
35137,85219,0
35138,11129,0
35139,84000,-1
35140,88850,-1
35141,87576,-1
35142,64295,0
35143,23689,0
35144,75123,-1
35145,59307,0
35146,38803,-1
35147,73698,0
35148,44982,-1
35149,42432,0
35150,-1,0
35151,64896,1
35152,20060,0
35153,4782,1
35154,29550,0
35155,5,-1
35156,55524,0
35157,12379,-1
35158,84735,0
35159,8590,0
35160,74870,0
35161,15299,-1
35162,22187,0
35163,-1,0
35164,99090,0
35165,66866,0
35166,-1,0
35167,82980,0
35168,740,0
35169,-1,0
35170,49160,1
35171,99222,-1
35172,8857,0
35173,61307,-1
35174,-1,0
35175,54194,0
35176,49011,0
35177,35912,1
35178,20116,-1
35179,99232,-1
35180,30104,1
35181,-1,0
35182,7070,1
35183,19137,1
35184,53003,-1
35185,-1,0
35186,55827,0
35187,66738,0
35188,84322,-1
35189,96992,0
35190,78350,1
35191,20776,-1
35192,89364,-1
35193,48439,1
35194,-1,0
35195,-1,0
35196,13517,1
35197,40825,-1
35198,59212,0
35199,22791,0
35200,36190,0
35201,7006,0
35202,-1,0
35203,84039,0
35204,7967,1
35205,-1,0
35206,15532,-1
35207,40961,0
35208,55009,0
35209,41514,1
35210,36843,0
35211,39781,1
35212,22184,0
35213,77468,0
35214,-1,0
35215,12421,1
35216,51596,0
35217,64939,1
35218,59842,0
35219,70225,0
35220,79396,1
35221,-1,0
35222,38844,-1
35223,97839,0
35224,50357,0
35225,92122,-1
35226,-1,0
35227,68796,-1
35228,51669,0
35229,25684,0
35230,-1,0
35231,58881,0
35232,57138,-1
35233,27091,-1
35234,83235,0
35235,81069,0
35236,48416,0
35237,12703,1
35238,72384,1
35239,38867,-1
35240,46920,1
35241,-1,0
35242,21572,-1
35243,76969,1
35244,14761,0
35245,95719,0
35246,-1,0
35247,12084,0
35248,-1,0
35249,62672,0
35250,64477,0
35251,22718,0
35252,28541,-1
35253,90719,-1
35254,65230,1
35255,65700,1
35256,92715,0
35257,85411,0
35258,-1,0
35259,24057,-1
35260,18936,0
35261,29528,0
35262,42072,0
35263,96829,-1
35264,87450,-1
35265,77677,0
35266,44474,0
35267,73412,1
35268,61786,1
35269,73767,1
35270,72087,-1
35271,65500,0
35272,79474,-1
35273,-1,0
35274,8185,0
35275,16633,1
35276,1175,-1
35277,68877,-1
35278,46676,0
35279,43310,-1
35280,12835,0
35281,32421,0
35282,-1,0
35283,32725,0
35284,93321,-1
35285,41001,-1
35286,-1,0
35287,-1,0
35288,60530,1
35289,75183,0
35290,22832,0
35291,38686,0
35292,81132,-1
35293,87561,1
35294,56112,-1
35295,-1,0
35296,38475,1
35297,40204,1
35298,70015,-1
35299,93885,1
35300,25397,1
35301,92677,0
35302,77650,0
35303,65304,1
35304,22373,1
35305,56282,0
35306,31289,-1
35307,81031,1
35308,43832,1
35309,7858,-1
35310,25862,0
35311,21209,1
35312,-1,0
35313,19259,1
35314,91715,-1
35315,10813,-1
35316,44265,-1
35317,58047,-1
35318,56834,-1
35319,91727,0
35320,93095,0
35321,13385,0
35322,96918,0
35323,23635,1
35324,-1,0
35325,47905,0
35326,19731,-1
35327,-1,0
35328,-1,0
35329,38517,1
35330,37480,0
35331,56059,0
35332,25409,-1
35333,41373,1
35334,89086,0
35335,87879,1
35336,62035,0
35337,-1,0
35338,18110,0
35339,62965,0
35340,54891,1
35341,87863,-1
35342,43114,0
35343,4685,-1
35344,25021,-1
35345,44642,-1
35346,88334,1
35347,22582,0
35348,-1,0
35349,41251,0
35350,-1,0
35351,93693,1
35352,56325,0
35353,-1,0
35354,29583,0
35355,91563,1
35356,-1,0
35357,-1,0
35358,74547,0
35359,9359,0
35360,10941,1
35361,89735,0
35362,39077,0
35363,98977,0
35364,-1,0
35365,-1,0
35366,-1,0
35367,53738,0
35368,2180,-1
35369,50728,0
35370,36713,0
35371,89302,-1
35372,28448,0
35373,11532,0
35374,3196,1
35375,8452,1
35376,427,1
35377,47094,1
35378,62035,1
35379,9607,-1
35380,43725,0
35381,69673,0
35382,71645,1
35383,50072,1
35384,75922,1
35385,92973,-1
35386,-1,0
35387,81669,-1
35388,79491,0
35389,69076,-1
35390,28046,0
35391,71157,1
35392,-1,0
35393,76232,0
35394,-1,0
35395,1659,-1
35396,46363,1
35397,-1,0
35398,-1,0
35399,92807,-1
35400,35055,0
35401,94342,1
35402,-1,0
35403,34122,0
35404,15603,1
35405,94775,1
35406,-1,0
35407,46717,-1
35408,38503,0
35409,-1,0
35410,14042,1
35411,49250,-1
35412,85566,-1
35413,76688,0
35414,-1,0
35415,-1,0
35416,64760,1
35417,76557,0
35418,69148,0
35419,-1,0
35420,-1,0
35421,-1,0
35422,80629,1
35423,43108,-1
35424,97661,-1
35425,15804,0
35426,62034,0
35427,61020,-1
35428,45019,1
35429,54639,0
35430,90463,0
35431,-1,0
35432,-1,0
35433,52732,-1
35434,2884,1
35435,17949,-1
35436,65563,0
35437,79487,-1
35438,69608,0
35439,7527,1
35440,95008,-1
35441,13552,0
35442,54249,0
35443,58311,0
35444,77456,-1
35445,95208,0
35446,89102,0
35447,27273,-1
35448,98558,-1
35449,82490,0
35450,69708,0
35451,-1,0
35452,78448,-1
35453,-1,0
35454,11567,0
35455,92850,0
35456,-1,0
35457,29045,1
35458,86708,-1
35459,46180,0
35460,86314,1
35461,71476,1
35462,44509,0
35463,68721,-1
35464,-1,0
35465,25876,-1
35466,32751,0
35467,18835,0
35468,59887,0
35469,45191,0
35470,36053,0
35471,-1,0
35472,29360,1
35473,51778,0
35474,-1,0
35475,33714,-1
35476,-1,0
35477,-1,0
35478,40082,0
35479,67217,0
35480,30723,0
35481,69467,0
35482,-1,0
35483,-1,0
35484,51824,-1
35485,92682,0
35486,52215,0
35487,96409,0
35488,46262,-1
35489,76982,0
35490,38470,0
35491,25249,0
35492,-1,0
35493,90509,-1
35494,39766,-1
35495,18896,0
35496,20717,-1
35497,26889,1
35498,26477,1
35499,81903,-1
35500,76966,0
35501,58934,-1
35502,-1,0
35503,49956,1
35504,51678,0
35505,54485,0
35506,15225,-1
35507,29836,1
35508,25819,1
35509,46665,0
35510,80296,0
35511,51668,1
35512,70724,-1
35513,7875,0
35514,18113,0
35515,73598,0
35516,80891,1
35517,97801,0
35518,914,-1
35519,58800,0
35520,94702,-1
35521,93443,0
35522,7234,1
35523,-1,0
35524,35032,-1
35525,57974,0
35526,99457,1
35527,-1,0
35528,88612,1
35529,93709,0
35530,39598,0
35531,-1,0
35532,56861,1
35533,19263,1
35534,40943,-1
35535,46140,-1
35536,64397,0
35537,41075,0
35538,-1,0
35539,71939,-1
35540,9368,0
35541,63712,1
35542,99221,0
35543,55622,-1
35544,67593,0
35545,17420,1
35546,35225,1
35547,79829,0
35548,21085,-1
35549,97504,0
35550,-1,0
35551,9642,0
35552,34129,0
35553,70345,1
35554,71901,-1
35555,67866,0
35556,91118,0
35557,61929,1
35558,46732,0
35559,17675,-1
35560,34999,-1
35561,44171,0
35562,-1,0
35563,95817,1
35564,62789,-1
35565,77894,0
35566,6462,0
35567,91611,0
35568,70196,-1
35569,83086,0
35570,57679,0
35571,76909,0
35572,63384,1
35573,71302,0
35574,62225,0
35575,6479,0
35576,91989,0
35577,21962,0
35578,69954,0
35579,-1,0
35580,68619,0
35581,17737,0
35582,23690,-1
35583,49192,1
35584,23149,1
35585,41603,0
35586,75687,-1
35587,85627,0
35588,58471,-1
35589,74250,0
35590,10130,-1
35591,41862,0
35592,11960,0
35593,-1,0
35594,12614,-1
35595,31178,1
35596,56987,0
35597,84923,-1
35598,6925,0
35599,29402,0
35600,79456,-1
35601,52037,0
35602,15495,-1
35603,91240,0
35604,64330,0
35605,91905,1
35606,97224,-1
35607,53066,-1
35608,-1,0
35609,52837,0
35610,58702,1
35611,39712,-1
35612,48630,-1
35613,88127,0
35614,7045,1
35615,84858,-1
35616,32052,-1
35617,43131,1
35618,71114,0
35619,63637,-1
35620,-1,0
35621,62232,1
35622,-1,0
35623,85648,0
35624,4161,0
35625,46428,0
35626,43483,0
35627,32114,1
35628,66198,1
35629,64342,0
35630,18636,0
35631,-1,0
35632,42360,0
35633,79549,0
35634,2708,-1
35635,33747,0
35636,39409,1
35637,82742,0
35638,87225,1
35639,-1,0
35640,17510,-1
35641,94768,-1
35642,96861,0
35643,90431,-1
35644,-1,0
35645,87540,0
35646,49465,0
35647,14328,-1
35648,16683,-1
35649,80598,-1
35650,46472,0
35651,46219,0
35652,2597,-1
35653,13226,1
35654,20203,0
35655,42170,0
35656,46440,1
35657,69308,0
35658,60817,0
35659,-1,0
35660,32037,1
35661,27036,1
35662,76928,0
35663,78287,1
35664,-1,0
35665,47877,-1
35666,9594,-1
35667,38252,1
35668,54440,0
35669,4311,0
35670,-1,0
35671,1389,0
35672,41476,0
35673,21819,0
35674,70602,-1
35675,22481,0
35676,12320,0
35677,-1,0
35678,-1,0
35679,74587,-1
35680,19865,0
35681,-1,0
35682,37426,-1
35683,45287,1
35684,-1,0
35685,42829,0
35686,66540,0
35687,19338,0
35688,70484,0
35689,-1,0
35690,66185,0
35691,60565,1
35692,31190,-1
35693,27552,0
35694,-1,0
35695,75695,1
35696,46241,0
35697,50790,0
35698,28018,0
35699,81072,1
35700,-1,0
35701,52025,0
35702,7226,0
35703,47493,1
35704,-1,0
35705,79060,-1
35706,-1,0
35707,98696,0
35708,6880,0
35709,41791,-1
35710,64706,1
35711,31809,-1
35712,71966,-1
35713,18204,-1
35714,50425,-1
35715,1108,0
35716,59418,0
35717,22059,1
35718,78064,0
35719,93354,0
35720,-1,0
35721,-1,0
35722,24479,-1
35723,94767,1
35724,27824,-1
35725,43278,-1
35726,2445,0
35727,-1,0
35728,61557,1
35729,93477,1
35730,10886,-1
35731,56491,1
35732,16989,1
35733,48882,-1
35734,89258,0
35735,22113,-1
35736,67361,0
35737,48472,0
35738,43512,0
35739,-1,0
35740,40565,0
35741,66892,0
35742,33914,0
35743,-1,0
35744,43647,1
35745,55074,1
35746,3412,1
35747,97168,-1
35748,31678,1
35749,3318,0
35750,-1,0
35751,61768,-1
35752,47420,0
35753,-1,0
35754,93902,0
35755,94748,0
35756,-1,0
35757,-1,0
35758,-1,0
35759,21951,1
35760,42659,1
35761,14147,-1
35762,37986,0
35763,-1,0
35764,-1,0
35765,-1,0
35766,20199,-1
35767,16442,0
35768,-1,0
35769,88777,0
35770,61792,1
35771,24337,1
35772,7975,1
35773,74585,0
35774,73665,1
35775,97991,0
35776,-1,0
35777,78869,0
35778,94318,0
35779,65600,-1
35780,63537,-1
35781,18,0
35782,56101,-1
35783,11335,0
35784,-1,0
35785,24992,-1
35786,71426,0
35787,60578,0
35788,-1,0
35789,63007,1
35790,87276,0
35791,59787,0
35792,60647,0
35793,19067,-1
35794,60682,-1
35795,79551,-1
35796,72425,1
35797,-1,0
35798,79669,0
35799,18339,0
35800,55774,-1
35801,179,0
35802,66245,1
35803,59663,1
35804,95648,-1
35805,77888,0
35806,61757,-1
35807,92227,1
35808,48979,-1
35809,-1,0
35810,82564,0
35811,34493,0
35812,27188,-1
35813,12606,0
35814,-1,0
35815,50276,-1
35816,94366,1
35817,37454,0
35818,42176,1
35819,82552,1
35820,54538,0
35821,60901,1
35822,39889,0
35823,85430,0
35824,74829,0
35825,23497,0
35826,11647,-1
35827,58420,0
35828,48838,0
35829,63518,0
35830,81342,-1
35831,27915,1
35832,12786,-1
35833,36523,1
35834,-1,0
35835,-1,0
35836,11164,-1
35837,66491,0
35838,-1,0
35839,55789,-1
35840,-1,0
35841,79264,1
35842,21508,0
35843,49158,-1
35844,50448,0
35845,-1,0
35846,37632,0
35847,75131,1
35848,19602,0
35849,53279,0
35850,97781,-1
35851,68395,-1
35852,61537,-1
35853,-1,0
35854,-1,0
35855,58980,1
35856,94910,-1
35857,23071,0
35858,-1,0
35859,-1,0
35860,-1,0
35861,63263,0
35862,78634,0
35863,63383,-1
35864,76039,0
35865,30761,-1
35866,5143,1
35867,93027,0
35868,77001,1
35869,41993,0
35870,43335,0
35871,83763,0
35872,85276,-1
35873,54584,-1
35874,4647,0
35875,82742,1
35876,92825,1
35877,429,0
35878,62879,1
35879,8193,-1
35880,64492,0
35881,-1,0
35882,63798,0
35883,47851,0
35884,22232,1
35885,51400,-1
35886,65248,1
35887,63354,0
35888,35447,0
35889,85276,0
35890,76992,-1
35891,31855,0
35892,54551,0
35893,10003,-1
35894,54819,-1
35895,63901,1
35896,81386,0
35897,93913,0
35898,94867,-1
35899,92600,-1
35900,48733,1
35901,-1,0
35902,24001,1
35903,-1,0
35904,99544,1
35905,70077,0
35906,-1,0
35907,-1,0
35908,-1,0
35909,18971,0
35910,94208,1
35911,39313,0
35912,15698,0
35913,73324,0
35914,50829,-1
35915,-1,0
35916,480,0
35917,31465,1
35918,21042,-1
35919,94995,0
35920,34660,0
35921,93014,0
35922,27302,-1
35923,41734,1
35924,32816,0
35925,64614,-1
35926,4379,1
35927,42051,-1
35928,90509,0
35929,-1,0
35930,31795,1
35931,45130,0
35932,40977,0
35933,18731,-1
35934,23025,0
35935,83809,1
35936,95850,0
35937,39388,0
35938,9982,0
35939,11609,0
35940,-1,0
35941,88975,0
35942,28912,1
35943,59445,1
35944,49031,0
35945,-1,0
35946,56569,0
35947,49654,0
35948,-1,0
35949,20585,-1
35950,67380,1
35951,-1,0
35952,23644,1
35953,90442,1
35954,73488,0
35955,52258,1
35956,-1,0
35957,859,0
35958,90633,-1
35959,43875,-1
35960,-1,0
35961,53960,0
35962,67698,0
35963,95704,-1
35964,69107,0
35965,14122,1
35966,10829,0
35967,82764,-1
35968,6155,1
35969,-1,0
35970,-1,0
35971,45939,0
35972,93724,1
35973,30671,0
35974,30601,1
35975,13420,0
35976,51502,0
35977,93970,0
35978,66482,0
35979,27709,0
35980,17261,0
35981,88677,-1
35982,86687,1
35983,21791,1
35984,35437,-1
35985,79086,0
35986,14667,1
35987,46798,0
35988,20008,0
35989,86828,0
35990,-1,0
35991,40003,1
35992,24351,0
35993,72471,1
35994,27746,-1
35995,44451,1
35996,-1,0
35997,-1,0
35998,-1,0
35999,89881,-1
36000,45738,0
36001,24787,0
36002,25346,0
36003,-1,0
36004,58063,-1
36005,66884,0
36006,43986,0
36007,78861,-1
36008,-1,0
36009,-1,0
36010,5343,0
36011,-1,0
36012,58587,0
36013,14783,1
36014,34737,0
36015,41010,1
36016,19144,0
36017,94122,0
36018,33891,0
36019,73571,0
36020,95033,1
36021,-1,0
36022,94390,1
36023,65818,0
36024,38424,0
36025,43524,0
36026,13891,0
36027,55523,1
36028,6501,0
36029,32650,0
36030,89432,0
36031,-1,0
36032,77380,1
36033,1591,0
36034,22753,-1
36035,73981,-1
36036,-1,0
36037,55716,-1
36038,45436,1
36039,24095,0
36040,-1,0
36041,72176,0
36042,23178,-1
36043,17256,-1
36044,-1,0
36045,74388,1
36046,84549,0
36047,42814,0
36048,94432,-1
36049,26752,-1
36050,41090,-1
36051,44411,-1
36052,57354,0
36053,35421,0
36054,81021,-1
36055,36659,0
36056,97013,-1
36057,22108,-1
36058,64373,0
36059,30682,-1
36060,43973,0
36061,-1,0
36062,37281,0
36063,67894,0
36064,95136,0
36065,7486,1
36066,44291,0
36067,82730,0
36068,32675,1
36069,28425,0
36070,84083,1
36071,57815,0
36072,41931,0
36073,60319,0
36074,65588,-1
36075,48383,-1
36076,5951,0
36077,-1,0
36078,32374,0
36079,64887,-1
36080,-1,0
36081,-1,0
36082,85819,0
36083,-1,0
36084,2861,1
36085,44340,1
36086,89265,0
36087,96736,1
36088,-1,0
36089,81317,0
36090,2329,-1
36091,96548,1
36092,43676,-1
36093,40234,0
36094,90234,0
36095,93961,1
36096,79454,0
36097,38366,0
36098,43448,-1
36099,33883,0
36100,10087,0
36101,70686,0
36102,87150,-1
36103,-1,0
36104,78159,-1
36105,-1,0
36106,91059,-1
36107,-1,0
36108,-1,0
36109,83381,0
36110,79104,0
36111,83665,1
36112,54971,-1
36113,89256,1
36114,38688,0
36115,54287,1
36116,61428,0
36117,36221,1
36118,92593,0
36119,-1,0
36120,70520,0
36121,15183,0
36122,2207,0
36123,99282,1
36124,-1,0
36125,59080,0
36126,56380,0
36127,-1,0
36128,24547,-1
36129,31055,0
36130,23438,-1
36131,85373,-1
36132,15130,0
36133,-1,0
36134,49964,0
36135,4799,0
36136,77379,0
36137,66105,-1
36138,20925,0
36139,88743,-1
36140,44623,1
36141,47883,-1
36142,-1,0
36143,85563,-1
36144,-1,0
36145,17799,-1
36146,3079,0
36147,55921,0
36148,-1,0
36149,65242,-1
36150,53144,0
36151,30905,0
36152,98230,0
36153,60733,-1
36154,87400,0
36155,-1,0
36156,-1,0
36157,28674,1
36158,80756,1
36159,81838,0
36160,45279,0
36161,81392,1
36162,-1,0
36163,-1,0
36164,35961,0
36165,-1,0
36166,64225,0
36167,-1,0
36168,92998,-1
36169,78244,0
36170,-1,0
36171,93678,-1
36172,4845,1
36173,1870,0
36174,3647,0
36175,26191,-1
36176,50239,-1
36177,84774,1
36178,5133,-1
36179,31499,1
36180,64779,1
36181,90767,0
36182,37407,-1
36183,83242,0
36184,-1,0
36185,38639,-1
36186,65018,0
36187,-1,0
36188,88515,0
36189,86514,1
36190,49579,-1
36191,34913,0
36192,-1,0
36193,-1,0
36194,91098,0
36195,76646,0
36196,-1,0
36197,85872,0
36198,47351,1
36199,89725,-1
36200,-1,0
36201,-1,0
36202,55856,-1
36203,27533,0
36204,96785,1
36205,89255,0
36206,-1,0
36207,7362,0
36208,-1,0
36209,-1,0
36210,8887,-1
36211,66525,1
36212,50578,-1
36213,83077,0
36214,64935,-1
36215,26971,0
36216,-1,0
36217,61276,0
36218,60444,1
36219,76489,0
36220,14394,0
36221,3631,-1
36222,-1,0
36223,58383,0
36224,-1,0
36225,74547,-1
36226,43782,0
36227,70486,0
36228,72631,1
36229,35608,-1
36230,22287,1
36231,62683,1
36232,18290,0
36233,71939,0
36234,13163,0
36235,28264,0
36236,69112,0
36237,79878,0
36238,26782,0
36239,16801,1
36240,74360,0
36241,93768,1
36242,71484,1
36243,18286,1
36244,3320,0
36245,23911,-1
36246,73263,0
36247,13458,1
36248,92968,0
36249,80411,0
36250,88636,-1
36251,21688,0
36252,5135,-1
36253,-1,0
36254,84109,-1
36255,80715,0
36256,21843,0
36257,-1,0
36258,60515,0
36259,16412,1
36260,60762,0
36261,42809,1
36262,-1,0
36263,25789,-1
36264,35941,0
36265,94524,1
36266,61266,0
36267,-1,0
36268,68948,-1
36269,18247,0
36270,94302,0
36271,43946,-1
36272,64375,0
36273,78735,0
36274,82251,0
36275,77863,1
36276,50271,-1
36277,22825,0
36278,73510,1
36279,-1,0
36280,7479,0
36281,-1,0
36282,-1,0
36283,89546,0
36284,-1,0
36285,88372,1
36286,92226,-1
36287,20220,-1
36288,5935,1
36289,56762,0
36290,6288,0
36291,51834,0
36292,28154,0
36293,27497,1
36294,38771,-1
36295,49054,0
36296,-1,0
36297,-1,0
36298,2480,-1
36299,-1,0
36300,19538,1
36301,-1,0
36302,-1,0
36303,89717,-1
36304,63248,1
36305,52578,-1
36306,49733,-1
36307,49056,-1
36308,56266,0
36309,86100,0
36310,70794,0
36311,20654,0
36312,1872,1
36313,74480,0
36314,18174,-1
36315,-1,0
36316,14952,-1
36317,97926,1
36318,-1,0
36319,95639,0
36320,6010,-1
36321,72484,0
36322,11581,-1
36323,-1,0
36324,75996,0
36325,8521,1
36326,-1,0
36327,-1,0
36328,66002,1
36329,82750,0
36330,21068,0
36331,44892,-1
36332,52083,-1
36333,48845,-1
36334,21527,0
36335,36476,0
36336,84812,-1
36337,-1,0
36338,45389,-1
36339,15552,0
36340,-1,0
36341,27179,1
36342,24916,-1
36343,94885,1
36344,22485,1
36345,43064,1
36346,68325,1
36347,91733,0
36348,61744,1
36349,69233,0
36350,20326,0
36351,40932,-1
36352,73740,0
36353,-1,0
36354,31754,0
36355,64244,-1
36356,6947,1
36357,84053,0
36358,33385,1
36359,95305,1
36360,-1,0
36361,88575,-1
36362,-1,0
36363,94998,-1
36364,1595,1
36365,90416,0
36366,31695,0
36367,93272,0
36368,17344,0
36369,4624,-1
36370,62510,0
36371,-1,0
36372,58661,1
36373,64705,1
36374,-1,0
36375,17305,0
36376,53021,1
36377,91884,0
36378,98455,0
36379,78960,1
36380,13753,0
36381,-1,0
36382,13830,-1
36383,58881,1
36384,64134,0
36385,47267,0
36386,39448,0
36387,92909,0
36388,89089,0
36389,28654,0
36390,67189,1
36391,20558,0
36392,59052,0
36393,-1,0
36394,95855,0
36395,-1,0
36396,75454,1
36397,83893,0
36398,42685,0
36399,2319,-1
36400,57078,0
36401,61848,0
36402,39195,0
36403,-1,0
36404,90573,1
36405,10414,0
36406,94077,1
36407,40163,1
36408,20210,-1
36409,53940,0
36410,81533,-1
36411,47069,0
36412,44083,0
36413,17199,-1
36414,89330,0
36415,58620,0
36416,6467,0
36417,10101,0
36418,70571,-1
36419,67033,1
36420,29636,1
36421,-1,0
36422,46595,-1
36423,77036,0
36424,43114,1
36425,8488,-1
36426,61601,1
36427,33381,-1
36428,-1,0
36429,14917,1
36430,39196,0
36431,86567,0
36432,88839,0
36433,98463,-1
36434,37235,0
36435,13396,-1
36436,12153,-1
36437,88911,0
36438,48512,-1
36439,29875,-1
36440,13245,0
36441,-1,0
36442,60624,1
36443,75883,1
36444,18932,0
36445,-1,0
36446,99682,0
36447,47733,1
36448,89488,1
36449,5389,0
36450,68473,1
36451,71900,-1
36452,89248,1
36453,61686,0
36454,74910,0
36455,29536,0
36456,57033,0
36457,90068,1
36458,45096,1
36459,41988,1
36460,2623,0
36461,71454,0
36462,29825,-1
36463,83533,0
36464,54825,-1
36465,-1,0
36466,81953,-1
36467,80084,0
36468,92713,-1
36469,67145,1
36470,77206,-1
36471,9543,0
36472,44736,0
36473,9922,0
36474,79747,0
36475,-1,0
36476,-1,0
36477,49558,0
36478,64479,0
36479,75595,1
36480,-1,0
36481,70080,1
36482,116,-1
36483,87360,0
36484,18331,1
36485,47904,-1
36486,74100,-1
36487,22922,-1
36488,15141,-1
36489,-1,0
36490,61446,0
36491,42111,0
36492,1330,-1
36493,98160,0
36494,45955,0
36495,-1,0
36496,50939,0
36497,53265,0
36498,41824,0
36499,38833,1
36500,24126,0
36501,14827,0
36502,72765,0
36503,96415,0
36504,-1,0
36505,4466,0
36506,42796,1
36507,-1,0
36508,61084,0
36509,68871,0
36510,81481,0
36511,22158,0
36512,78631,-1
36513,74349,0
36514,97237,0
36515,83304,1
36516,50065,0
36517,53846,0
36518,-1,0
36519,56091,-1
36520,-1,0
36521,67819,-1
36522,72657,1
36523,40411,0
36524,60886,0
36525,23684,0
36526,93661,-1
36527,41686,0
36528,87601,1
36529,76499,1
36530,353,0
36531,26428,0
36532,93054,0
36533,59953,1
36534,75413,1
36535,-1,0
36536,64697,-1
36537,84204,1
36538,68433,1
36539,11078,-1
36540,65003,0
36541,86130,0
36542,-1,0
36543,-1,0
36544,60753,0
36545,-1,0
36546,-1,0
36547,83836,-1
36548,42928,0
36549,72910,0
36550,61711,0
36551,46860,0
36552,61763,0
36553,-1,0
36554,69196,1
36555,86049,1
36556,65461,1
36557,70430,0
36558,17380,-1
36559,70783,0
36560,-1,0
36561,13866,0
36562,-1,0
36563,38429,1
36564,46982,1
36565,75073,0
36566,62819,0
36567,95561,0
36568,67344,0
36569,45540,0
36570,21899,0
36571,81600,0
36572,82550,1
36573,5027,-1
36574,-1,0
36575,72781,0
36576,32007,-1
36577,59612,0
36578,90566,-1
36579,84959,0
36580,88153,1
36581,17364,-1
36582,7149,-1
36583,50194,-1
36584,84992,0
36585,37265,1
36586,22374,1
36587,21227,1
36588,54245,0
36589,78123,1
36590,76773,-1
36591,-1,0
36592,98883,-1
36593,-1,0
36594,-1,0
36595,-1,0
36596,69417,1
36597,908,1
36598,78181,1
36599,53507,0
36600,96362,-1
36601,26315,0
36602,85812,0
36603,97746,0
36604,10505,0
36605,-1,0
36606,58563,0
36607,63196,0
36608,90401,1
36609,95559,0
36610,96754,-1
36611,-1,0
36612,14493,1
36613,56579,0
36614,-1,0
36615,41858,0
36616,-1,0
36617,65308,0
36618,29618,1
36619,89706,0
36620,58583,1
36621,-1,0
36622,90936,0
36623,88455,0
36624,49481,1
36625,90447,-1
36626,14997,0
36627,26738,0
36628,40316,1
36629,5365,0
36630,47341,0
36631,55155,1
36632,70750,1
36633,-1,0
36634,71533,0
36635,35218,0
36636,90351,-1
36637,63568,0
36638,-1,0
36639,35527,1
36640,-1,0
36641,48485,0
36642,22628,1
36643,-1,0
36644,47344,0
36645,46879,1
36646,90921,0
36647,-1,0
36648,6951,1
36649,-1,0
36650,-1,0
36651,93435,1
36652,-1,0
36653,38137,0
36654,65636,0
36655,31670,0
36656,-1,0
36657,59004,0
36658,51077,-1
36659,19145,0
36660,7924,0
36661,28541,0
36662,3606,0
36663,9706,0
36664,29321,0
36665,27670,1
36666,31182,-1
36667,2938,0
36668,4905,0
36669,12678,0
36670,47163,1
36671,3291,0
36672,61869,-1
36673,19043,1
36674,18382,-1
36675,26305,-1
36676,65828,0
36677,58813,0
36678,93590,0
36679,53615,-1
36680,-1,0
36681,-1,0
36682,42119,0
36683,47388,0
36684,44698,-1
36685,31484,-1
36686,-1,0
36687,83767,0
36688,65490,0
36689,66202,0
36690,76800,-1
36691,23388,0
36692,78004,0
36693,98849,0
36694,86214,0
36695,2635,1
36696,-1,0
36697,31259,0
36698,75997,0
36699,8734,-1
36700,-1,0
36701,13649,-1
36702,30784,0
36703,47775,-1
36704,46977,1
36705,91486,0
36706,48154,1
36707,88696,0
36708,14569,-1
36709,73317,1
36710,35353,0
36711,34890,-1
36712,31148,0
36713,7671,0
36714,24873,-1
36715,57015,0
36716,10294,-1
36717,83372,-1
36718,62724,0
36719,39469,0
36720,68622,1
36721,-1,0
36722,57081,0
36723,23089,1
36724,-1,0
36725,34342,0
36726,36988,1
36727,93950,1
36728,-1,0
36729,61624,-1
36730,-1,0
36731,88560,0
36732,99644,0
36733,28890,0
36734,90341,0
36735,78985,0
36736,90259,1
36737,40200,-1
36738,-1,0
36739,-1,0
36740,40060,0
36741,-1,0
36742,37868,-1
36743,72952,-1
36744,28317,0
36745,18966,1
36746,57923,0
36747,12711,0
36748,35393,0
36749,68744,0
36750,50840,0
36751,-1,0
36752,3393,0
36753,72203,0
36754,98103,1
36755,64940,-1
36756,22189,0
36757,-1,0
36758,-1,0
36759,81366,1
36760,52888,1
36761,70151,0
36762,37057,-1
36763,-1,0
36764,39488,0
36765,47917,0
36766,-1,0
36767,-1,0
36768,63682,-1
36769,72289,0
36770,77474,0
36771,-1,0
36772,70324,1
36773,38675,0
36774,47296,0
36775,28679,0
36776,52361,0
36777,99198,0
36778,-1,0
36779,-1,0
36780,47403,-1
36781,27639,0
36782,-1,0
36783,81768,1
36784,68655,-1
36785,44500,0
36786,59390,1
36787,31113,-1
36788,11017,1
36789,-1,0
36790,-1,0
36791,21794,-1
36792,-1,0
36793,12716,0
36794,27210,0
36795,89743,0
36796,78939,-1
36797,14291,0
36798,75359,0
36799,48629,0
36800,51772,1
36801,75355,-1
36802,84074,0
36803,41737,0
36804,-1,0
36805,83976,1
36806,71619,1
36807,97201,-1
36808,-1,0
36809,-1,0
36810,-1,0
36811,75875,0
36812,79049,1
36813,65819,1
36814,15737,1
36815,88350,0
36816,62781,0
36817,57787,0
36818,-1,0
36819,-1,0
36820,50492,0
36821,269,0
36822,62813,0
36823,43854,1
36824,64179,-1
36825,76071,0
36826,20992,-1
36827,9342,0
36828,57645,-1
36829,30483,0
36830,3307,1
36831,-1,0
36832,15177,0
36833,67695,0
36834,52852,-1
36835,87987,1
36836,29028,0
36837,176,1
36838,32422,0
36839,87380,1
36840,39560,1
36841,22662,1
36842,66813,1
36843,29565,0
36844,60247,-1
36845,93821,1
36846,36148,0
36847,-1,0
36848,31652,1
36849,22653,0
36850,65561,0
36851,49041,0
36852,36394,0
36853,7360,-1
36854,63754,-1
36855,62511,1
36856,54182,0
36857,92974,0
36858,29617,0
36859,49562,0
36860,48127,0
36861,36988,0
36862,34735,0
36863,88839,1
36864,54905,1
36865,99050,0
36866,46000,0
36867,-1,0
36868,-1,0
36869,4999,0
36870,52401,-1
36871,56072,0
36872,51291,1
36873,48801,-1
36874,81653,-1
36875,57275,0
36876,91219,0
36877,34838,0
36878,49767,-1
36879,34090,1
36880,21707,0
36881,92684,1
36882,78266,0
36883,78744,0
36884,22030,-1
36885,21117,-1
36886,32470,0
36887,54235,1
36888,43042,0
36889,4997,0
36890,49431,0
36891,34284,0
36892,83559,1
36893,53315,0
36894,80738,0
36895,12277,0
36896,1879,0
36897,62852,-1
36898,74724,0
36899,-1,0
36900,8761,1
36901,-1,0
36902,-1,0
36903,30883,0
36904,47177,-1
36905,39794,0
36906,-1,0
36907,-1,0
36908,86828,-1
36909,-1,0
36910,74731,1
36911,97484,0
36912,16401,0
36913,68055,0
36914,58899,0
36915,89709,0
36916,-1,0
36917,-1,0
36918,51011,0
36919,91610,-1
36920,51882,-1
36921,54888,0
36922,85251,0
36923,91604,1
36924,69890,1
36925,-1,0
36926,77201,0
36927,-1,0
36928,62333,1
36929,42835,0
36930,39588,0
36931,57045,0
36932,929,-1
36933,70384,-1
36934,5142,0
36935,-1,0
36936,68371,0
36937,78628,-1
36938,10961,0
36939,58689,0
36940,11254,1
36941,10356,1
36942,54717,-1
36943,39059,-1
36944,71918,-1
36945,43657,1
36946,81831,1
36947,58473,0
36948,-1,0
36949,55449,-1
36950,70144,0
36951,75402,0
36952,64946,1
36953,30947,0
36954,78202,-1
36955,95486,-1
36956,10052,0
36957,71262,0
36958,89994,0
36959,85042,0
36960,45639,1
36961,80070,0
36962,44575,0
36963,79717,0
36964,81574,0
36965,23641,1
36966,-1,0
36967,-1,0
36968,12131,0
36969,76564,-1
36970,62316,1
36971,69099,0
36972,2657,-1
36973,81181,0
36974,-1,0
36975,50178,1
36976,45595,1
36977,186,1
36978,-1,0
36979,41940,-1
36980,72609,1
36981,48568,-1
36982,-1,0
36983,75000,0
36984,90283,1
36985,97766,1
36986,53966,-1
36987,85691,0
36988,-1,0
36989,20268,-1
36990,64330,-1
36991,23009,0
36992,66328,-1
36993,97442,1
36994,17335,0
36995,83592,1
36996,97621,-1
36997,85634,-1
36998,-1,0
36999,32485,-1
37000,96668,0
37001,7660,0
37002,-1,0
37003,31057,1
37004,20909,-1
37005,24920,0
37006,76450,1
37007,77189,1
37008,35391,0
37009,89751,-1
37010,-1,0
37011,91239,-1
37012,58433,0
37013,-1,0
37014,98665,1
37015,66833,0
37016,-1,0
37017,29278,0
37018,84278,0
37019,97393,0
37020,95425,1
37021,72354,1
37022,16767,0
37023,23996,1
37024,9398,0
37025,76823,1
37026,92244,-1
37027,65114,-1
37028,37500,0
37029,-1,0
37030,45388,0
37031,-1,0
37032,75242,1
37033,64451,1
37034,98266,0
37035,37763,-1
37036,51474,-1
37037,39972,1
37038,52513,0
37039,69210,1
37040,35055,-1
37041,82971,-1
37042,60625,1
37043,37107,0
37044,25770,-1
37045,82654,1
37046,75307,1
37047,32013,0
37048,72738,1
37049,-1,0
37050,50804,0
37051,-1,0
37052,64007,-1
37053,67634,0
37054,16880,-1
37055,64497,-1
37056,-1,0
37057,8129,-1
37058,14470,0
37059,97101,-1
37060,95684,0
37061,803,-1
37062,61421,1
37063,48073,1
37064,55927,1
37065,97950,1
37066,1758,1
37067,52804,1
37068,85432,1
37069,61094,0
37070,91367,0
37071,7244,0
37072,-1,0
37073,2102,1
37074,1984,0
37075,-1,0
37076,15830,-1
37077,36602,-1
37078,31557,0
37079,56612,-1
37080,25033,0
37081,37401,0
37082,11825,-1
37083,68287,1
37084,87012,1
37085,68781,0
37086,26035,0
37087,22490,0
37088,21218,0
37089,41466,0
37090,25433,-1
37091,26427,-1
37092,67716,0
37093,47329,-1
37094,58066,0
37095,24613,0
37096,93926,0
37097,79969,0
37098,46276,0
37099,77709,1
37100,19593,1
37101,92489,1
37102,5957,1
37103,78439,1
37104,8757,0
37105,61580,0
37106,-1,0
37107,70878,1
37108,12330,1
37109,35433,0
37110,22387,0
37111,75411,1
37112,42839,-1
37113,-1,0
37114,3041,1
37115,89002,-1
37116,53226,1
37117,15275,-1
37118,48190,1
37119,9183,0
37120,48327,0
37121,-1,0
37122,16280,0
37123,32841,0
37124,39915,1
37125,-1,0
37126,-1,0
37127,-1,0
37128,3578,0
37129,95450,0
37130,97664,0
37131,76938,0
37132,11132,1
37133,90264,0
37134,54973,0
37135,97012,1
37136,-1,0
37137,82175,1
37138,69777,0
37139,90050,0
37140,23831,0
37141,64276,-1
37142,15112,-1
37143,8817,0
37144,72978,1
37145,72454,0
37146,88248,0
37147,40462,1
37148,85489,0
37149,31609,1
37150,88526,0
37151,89130,0
37152,60332,0
37153,-1,0
37154,16383,0
37155,-1,0
37156,78662,-1
37157,17945,0
37158,14287,0
37159,27881,0
37160,-1,0
37161,27543,0
37162,9043,-1
37163,38836,1
37164,94627,-1
37165,2560,0
37166,63967,0
37167,36945,0
37168,55333,0
37169,-1,0
37170,64540,0
37171,65627,0
37172,45235,0
37173,38242,0
37174,4650,1
37175,9387,0
37176,28677,-1
37177,19587,0
37178,78917,0
37179,35314,-1
37180,28099,1
37181,18928,0
37182,81263,0
37183,97744,0
37184,68562,1
37185,43734,-1
37186,-1,0
37187,76222,1
37188,62211,0
37189,36768,0
37190,48330,0
37191,7690,-1
37192,-1,0
37193,13535,1
37194,65233,0
37195,90822,0
37196,90480,0
37197,51720,0
37198,-1,0
37199,37043,0
37200,-1,0
37201,23623,0
37202,69476,0
37203,62724,-1
37204,78203,1
37205,-1,0
37206,84227,0
37207,47255,0
37208,27122,0
37209,61428,1
37210,74809,1
37211,44955,-1
37212,3011,-1
37213,79451,1
37214,-1,0
37215,66493,0
37216,44045,0
37217,89468,0
37218,-1,0
37219,26893,0
37220,-1,0
37221,66297,0
37222,84766,0
37223,67146,1
37224,20520,1
37225,95087,0
37226,30129,1
37227,31106,0
37228,81432,0
37229,95146,-1
37230,-1,0
37231,94259,1
37232,14772,0
37233,78698,1
37234,20558,-1
37235,93191,0
37236,-1,0
37237,53458,0
37238,39217,0
37239,45006,0
37240,62529,0
37241,90338,1
37242,53731,0
37243,82308,0
37244,84755,0
37245,-1,0
37246,19605,1
37247,50087,1
37248,77778,0
37249,29331,-1
37250,-1,0
37251,1452,0
37252,88894,1
37253,36319,-1
37254,87505,-1
37255,61599,1
37256,27786,1
37257,6375,0
37258,22275,-1
37259,61617,-1
37260,47140,1
37261,60403,0
37262,38400,0
37263,53554,0
37264,861,-1
37265,64984,0
37266,14587,1
37267,20541,0
37268,34698,0
37269,91198,1
37270,40856,0
37271,91508,0
37272,58722,0
37273,74171,0
37274,11837,0
37275,59362,0
37276,73598,1
37277,88385,1
37278,-1,0
37279,-1,0
37280,17229,0
37281,-1,0
37282,55024,0
37283,23900,0
37284,56667,0
37285,19072,0
37286,19691,-1
37287,50830,1
37288,99398,0
37289,94824,0
37290,59103,0
37291,25448,0
37292,73401,1
37293,-1,0
37294,27679,-1
37295,38273,-1
37296,22746,0
37297,85444,0
37298,-1,0
37299,18402,1
37300,-1,0
37301,80729,0
37302,3928,-1
37303,43551,0
37304,23248,1
37305,61171,0
37306,48847,0
37307,25212,0
37308,79393,0
37309,52661,0
37310,26796,0
37311,38528,1
37312,60515,1
37313,62055,1
37314,72074,1
37315,-1,0
37316,-1,0
37317,97045,0
37318,38754,0
37319,88717,0
37320,94916,0
37321,33232,0
37322,3671,0
37323,82671,1
37324,93055,-1
37325,70038,0
37326,29157,0
37327,81550,0
37328,66740,-1
37329,15559,-1
37330,53616,-1
37331,50317,0
37332,4027,1
37333,98341,0
37334,11014,-1
37335,41797,-1
37336,85835,-1
37337,29375,1
37338,81173,0
37339,37364,1
37340,83045,-1
37341,60619,0
37342,38014,-1
37343,-1,0
37344,43885,-1
37345,65987,0
37346,-1,0
37347,51766,1
37348,82890,-1
37349,41116,0
37350,76686,0
37351,70830,0
37352,96309,1
37353,-1,0
37354,46580,-1
37355,53707,0
37356,-1,0
37357,13557,0
37358,78803,-1
37359,45014,0
37360,22318,-1
37361,17141,0
37362,-1,0
37363,84621,1
37364,25896,0
37365,95172,-1
37366,69810,-1
37367,2610,1
37368,-1,0
37369,74625,0
37370,23110,0
37371,77602,0
37372,-1,0
37373,86105,0
37374,-1,0
37375,55725,-1
37376,57271,0
37377,6914,0
37378,62810,0
37379,88403,0
37380,88583,-1
37381,44370,1
37382,69662,0
37383,-1,0
37384,-1,0
37385,-1,0
37386,23518,0
37387,-1,0
37388,90965,-1
37389,37837,0
37390,-1,0
37391,84156,-1
37392,26249,-1
37393,-1,0
37394,71910,0
37395,28024,-1
37396,50265,1
37397,21319,0
37398,31996,0
37399,29795,0
37400,66237,0
37401,-1,0
37402,30981,-1
37403,37488,1
37404,43809,0
37405,5413,-1
37406,25779,0
37407,13984,-1
37408,26918,0
37409,-1,0
37410,32367,-1
37411,96124,0
37412,33101,-1
37413,90762,0
37414,87107,1
37415,-1,0
37416,75181,1
37417,50021,0
37418,-1,0
37419,-1,0
37420,54295,0
37421,36695,-1
37422,-1,0
37423,49856,0
37424,81990,0
37425,99743,0
37426,97317,1
37427,47727,0
37428,25949,1
37429,14427,0
37430,99121,1
37431,62008,0
37432,59850,0
37433,52196,-1
37434,17815,1
37435,86207,0
37436,46299,0
37437,39094,0
37438,33288,0
37439,12875,-1
37440,-1,0
37441,84711,-1
37442,51907,0
37443,5092,0
37444,16765,0
37445,20329,-1
37446,19688,1
37447,21607,1
37448,47615,0
37449,63299,-1
37450,2031,0
37451,42725,0
37452,30714,1
37453,-1,0
37454,46608,-1
37455,-1,0
37456,6830,0
37457,88298,0
37458,12570,-1
37459,97123,-1
37460,37133,0
37461,61397,0
37462,-1,0
37463,53932,0
37464,42645,-1
37465,15474,0
37466,9063,1
37467,43597,0
37468,7190,-1
37469,36432,-1
37470,72414,0
37471,76393,0
37472,-1,0
37473,14062,0
37474,89498,0
37475,-1,0
37476,89102,1
37477,-1,0
37478,94825,-1
37479,72088,0
37480,86599,0
37481,3248,-1
37482,93397,-1
37483,-1,0
37484,71805,-1
37485,83078,0
37486,-1,0
37487,19944,0
37488,55332,1
37489,3746,0
37490,-1,0
37491,53017,0
37492,-1,0
37493,77778,-1
37494,-1,0
37495,24073,0
37496,1800,-1
37497,49639,0
37498,-1,0
37499,34149,1
37500,45627,-1
37501,41760,-1
37502,15372,0
37503,78508,0
37504,-1,0
37505,48137,0
37506,17945,1
37507,68319,0
37508,1151,0
37509,97674,0
37510,88868,1
37511,67889,0
37512,81175,0
37513,40605,-1
37514,39243,0
37515,75298,0
37516,-1,0
37517,-1,0
37518,98729,0
37519,63241,1
37520,13346,-1
37521,68019,0
37522,96959,0
37523,51072,1
37524,78657,1
37525,59297,0
37526,69621,0
37527,45123,1
37528,13306,0
37529,98947,0
37530,21521,0
37531,7553,0
37532,83061,-1
37533,-1,0
37534,20801,0
37535,58915,-1
37536,-1,0
37537,7509,0
37538,44732,0
37539,84261,1
37540,-1,0
37541,15754,-1
37542,79360,1
37543,-1,0
37544,94464,0
37545,43808,1
37546,47568,-1
37547,-1,0
37548,44011,-1
37549,70939,0
37550,44047,0
37551,82305,-1
37552,86472,0
37553,16911,-1
37554,29822,1
37555,86775,0
37556,88159,0
37557,88390,0
37558,30029,-1
37559,78299,0
37560,40054,1
37561,33820,0
37562,34916,0
37563,26790,1
37564,-1,0
37565,-1,0
37566,-1,0
37567,49670,0
37568,11190,-1
37569,88112,1
37570,961,1
37571,28427,0
37572,45233,-1
37573,3526,1
37574,71384,-1
37575,20074,1
37576,-1,0
37577,21315,0
37578,-1,0
37579,67658,0
37580,61409,-1
37581,-1,0
37582,-1,0
37583,75250,0
37584,89382,0
37585,68443,0
37586,68019,1
37587,60027,-1
37588,16475,0
37589,4053,-1
37590,54548,0
37591,39801,0
37592,51257,1
37593,87437,0
37594,541,-1
37595,-1,0
37596,45241,0
37597,39048,1
37598,23047,-1
37599,36033,-1
37600,-1,0
37601,74502,1
37602,10969,-1
37603,52726,0
37604,10350,0
37605,98222,0
37606,94679,0
37607,45133,-1
37608,-1,0
37609,11290,0
37610,91501,0
37611,63959,0
37612,27838,1
37613,33036,-1
37614,60143,0
37615,69319,-1
37616,75228,0
37617,-1,0
37618,96082,-1
37619,74997,0
37620,24619,1
37621,-1,0
37622,89908,0
37623,25574,1
37624,15264,1
37625,62240,1
37626,67507,0
37627,30381,0
37628,65631,1
37629,25396,0
37630,70759,0
37631,69775,-1
37632,74948,0
37633,76071,1
37634,2936,0
37635,78022,-1
37636,94710,-1
37637,54252,0
37638,7900,0
37639,92194,-1
37640,23035,0
37641,57454,0
37642,71491,0
37643,64512,0
37644,-1,0
37645,-1,0
37646,-1,0
37647,-1,0
37648,-1,0
37649,72921,0
37650,-1,0
37651,8707,0
37652,30603,0
37653,98700,0
37654,89839,0
37655,92199,0
37656,44102,1
37657,24122,1
37658,19283,-1
37659,44395,-1
37660,-1,0
37661,45288,-1
37662,1545,0
37663,50291,0
37664,6133,0
37665,80701,0
37666,82140,-1
37667,76951,1
37668,-1,0
37669,59267,0
37670,-1,0
37671,-1,0
37672,-1,0
37673,15810,0
37674,73852,0
37675,-1,0
37676,45957,1
37677,-1,0
37678,28224,-1
37679,-1,0
37680,45057,0
37681,61938,1
37682,30492,0
37683,1517,-1
37684,62882,-1
37685,49006,0
37686,35163,1
37687,82101,0
37688,-1,0
37689,93885,0
37690,16477,-1
37691,97200,1
37692,63105,0
37693,41004,0
37694,13808,0
37695,-1,0
37696,-1,0
37697,43636,0
37698,71107,-1
37699,94700,0
37700,53982,0
37701,14920,0
37702,82275,0
37703,993,1
37704,-1,0
37705,52100,0
37706,62366,1
37707,69614,0
37708,1510,0
37709,-1,0
37710,30832,-1
37711,79129,0
37712,19210,1
37713,49289,0
37714,30956,1
37715,25434,1
37716,41675,0
37717,48162,0
37718,29066,1
37719,94434,0
37720,19650,0
37721,5879,0
37722,71917,0
37723,89681,0
37724,69491,1
37725,46384,1
37726,70643,0
37727,23950,1
37728,-1,0
37729,51858,1
37730,82250,0
37731,-1,0
37732,56133,-1
37733,36755,-1
37734,11169,1
37735,49897,0
37736,-1,0
37737,15621,1
37738,76460,0
37739,95472,-1
37740,57959,1
37741,25453,-1
37742,56642,1
37743,-1,0
37744,42607,0
37745,13746,0
37746,9714,0
37747,25879,0
37748,-1,0
37749,63505,-1
37750,-1,0
37751,-1,0
37752,47414,0
37753,-1,0
37754,90627,0
37755,-1,0
37756,4091,0
37757,95751,0
37758,-1,0
37759,42789,1
37760,28894,-1
37761,52779,-1
37762,-1,0
37763,54008,1
37764,32117,-1
37765,52036,-1
37766,54614,1
37767,41399,0
37768,-1,0
37769,-1,0
37770,94912,0
37771,19449,0
37772,-1,0
37773,93182,0
37774,25800,1
37775,-1,0
37776,82148,0
37777,39642,0
37778,8811,0
37779,44271,1
37780,63256,-1
37781,40763,0
37782,45613,0
37783,68198,1
37784,72055,0
37785,62586,0
37786,44101,1
37787,15737,0
37788,69472,0
37789,48700,-1
37790,22382,0
37791,-1,0
37792,56693,0
37793,-1,0
37794,20111,0
37795,11063,0
37796,58125,0
37797,55070,0
37798,11530,0
37799,34823,-1
37800,63894,0
37801,90044,0
37802,62805,-1
37803,93869,0
37804,-1,0
37805,44137,-1
37806,30467,-1
37807,59015,-1
37808,66654,0
37809,82595,0
37810,85449,1
37811,80084,1
37812,58189,0
37813,24182,1
37814,85010,0
37815,49519,0
37816,59467,-1
37817,54796,-1
37818,5559,1
37819,47717,1
37820,77639,1
37821,34640,-1
37822,50059,1
37823,81647,0
37824,-1,0
37825,49040,-1
37826,17842,0
37827,45749,0
37828,98881,1
37829,97235,0
37830,79174,0
37831,81308,1
37832,14735,1
37833,35055,0
37834,-1,0
37835,16717,-1
37836,62793,1
37837,53158,0
37838,87867,-1
37839,94126,0
37840,72840,1
37841,43,0
37842,-1,0
37843,17107,-1
37844,84752,0
37845,64917,-1
37846,91238,0
37847,-1,0
37848,21782,0
37849,54422,-1
37850,-1,0
37851,15947,0
37852,85401,-1
37853,-1,0
37854,25418,1
37855,645,0
37856,2656,-1
37857,40142,0
37858,87199,1
37859,93646,0
37860,78127,0
37861,-1,0
37862,79018,-1
37863,43953,0
37864,32660,-1
37865,90216,1
37866,60263,1
37867,9134,1
37868,92176,1
37869,64879,0
37870,-1,0
37871,42108,1
37872,18943,-1
37873,15758,-1
37874,62300,1
37875,4020,0
37876,10975,-1
37877,312,-1
37878,-1,0
37879,10644,0
37880,-1,0
37881,-1,0
37882,81225,-1
37883,27610,1
37884,269,-1
37885,84878,1
37886,75578,0
37887,47423,1
37888,15283,0
37889,-1,0
37890,14825,1
37891,211,1
37892,74390,1
37893,54269,0
37894,22283,0
37895,16682,0
37896,89750,0
37897,59892,0
37898,53728,0
37899,93280,0
37900,-1,0
37901,-1,0
37902,47743,0
37903,63365,-1
37904,53423,0
37905,78761,0
37906,84061,0
37907,-1,0
37908,58947,0
37909,-1,0
37910,39224,-1
37911,45177,-1
37912,12966,0
37913,41054,-1
37914,-1,0
37915,10527,0
37916,89644,1
37917,50439,1
37918,2645,0
37919,-1,0
37920,70799,0
37921,85163,1
37922,81350,-1
37923,36077,1
37924,51359,-1
37925,41731,0
37926,64891,1
37927,77824,-1
37928,55770,0
37929,35719,1
37930,76725,0
37931,80963,0
37932,3136,-1
37933,34565,-1
37934,15603,0
37935,1352,0
37936,48686,-1
37937,64288,1
37938,2871,0
37939,20889,-1
37940,31486,1
37941,50527,-1
37942,97310,0
37943,88745,1
37944,96217,-1
37945,91219,-1
37946,60903,1
37947,77209,0
37948,57703,1
37949,67677,0
37950,86303,0
37951,89583,1
37952,-1,0
37953,27018,0
37954,-1,0
37955,92792,0
37956,50668,0
37957,-1,0
37958,24257,-1
37959,67206,0
37960,59900,1
37961,41785,-1
37962,47463,0
37963,-1,0
37964,86815,0
37965,-1,0
37966,-1,0
37967,75638,1
37968,76647,0
37969,12885,1
37970,54792,0
37971,-1,0
37972,72686,0
37973,95046,0
37974,52196,0
37975,90125,-1
37976,81282,0
37977,59734,0
37978,83507,1
37979,61888,0
37980,75241,0
37981,-1,0
37982,-1,0
37983,22354,-1
37984,96487,0
37985,30840,-1
37986,40909,-1
37987,46574,-1
37988,63259,-1
37989,47650,-1
37990,-1,0
37991,45741,-1
37992,-1,0
37993,66001,1
37994,3943,0
37995,91718,-1
37996,22887,0
37997,1397,0
37998,-1,0
37999,35742,0
38000,23398,-1
38001,-1,0
38002,36069,1
38003,4638,-1
38004,75799,0
38005,-1,0
38006,50268,0
38007,37296,0
38008,74007,-1
38009,8735,0
38010,68026,0
38011,-1,0
38012,27327,0
38013,18133,0
38014,92306,0
38015,50155,0
38016,75020,1
38017,-1,0
38018,17232,-1
38019,70824,0
38020,67373,0
38021,74903,1
38022,12473,1
38023,25889,-1
38024,-1,0
38025,32555,1
38026,85719,0
38027,31980,1
38028,63727,1
38029,-1,0
38030,19849,1
38031,43950,1
38032,88260,1
38033,97251,1
38034,66510,0
38035,94898,1
38036,84722,0
38037,4949,-1
38038,36657,0
38039,81264,1
38040,18503,1
38041,80491,1
38042,65788,0
38043,13373,-1
38044,75610,1
38045,84370,1
38046,53732,0
38047,93735,-1
38048,18623,0
38049,19475,1
38050,35381,-1
38051,-1,0
38052,68839,1
38053,83741,0
38054,80541,0
38055,27351,0
38056,56496,1
38057,-1,0
38058,45275,0
38059,-1,0
38060,71666,0
38061,84382,0
38062,41462,-1
38063,98641,0
38064,54419,0
38065,26459,-1
38066,13531,0
38067,37909,0
38068,23160,1
38069,67346,1
38070,18549,0
38071,80830,-1
38072,61711,-1
38073,35887,0
38074,78344,-1
38075,95410,0
38076,25954,0
38077,45135,1
38078,14567,-1
38079,12482,-1
38080,-1,0
38081,65155,1
38082,2059,0
38083,35255,1
38084,5935,0
38085,6391,1
38086,80560,0
38087,85232,1
38088,35746,0
38089,71848,0
38090,8847,0
38091,26680,0
38092,50785,0
38093,-1,0
38094,10009,0
38095,34820,0
38096,76083,0
38097,67394,1
38098,27416,-1
38099,56798,0
38100,50406,0
38101,-1,0
38102,15696,0
38103,27739,0
38104,95468,-1
38105,34153,0
38106,10032,0
38107,39225,0
38108,66325,0
38109,38155,0
38110,91104,0
38111,98917,1
38112,10776,0
38113,7293,-1
38114,98596,0
38115,-1,0
38116,40165,1
38117,73691,1
38118,11774,1
38119,91983,1
38120,-1,0
38121,36931,-1
38122,18360,0
38123,29740,1
38124,5562,0
38125,56506,0
38126,48214,0
38127,11716,-1
38128,80276,1
38129,53205,0
38130,67112,-1
38131,15856,0
38132,-1,0
38133,35018,-1
38134,77031,1
38135,58313,0
38136,91096,-1
38137,31608,0
38138,10457,1
38139,-1,0
38140,-1,0
38141,83142,-1
38142,-1,0
38143,1798,0
38144,29283,1
38145,30885,-1
38146,49892,0
38147,35037,0
38148,82947,0
38149,84463,0
38150,83324,0
38151,1040,-1
38152,97838,1
38153,43493,0
38154,3901,1
38155,92051,1
38156,-1,0
38157,10738,1
38158,80220,0
38159,14011,0
38160,39174,-1
38161,43558,-1
38162,32759,-1
38163,80816,1
38164,59001,1
38165,35279,1
38166,63554,0
38167,81485,0
38168,28665,0
38169,98367,1
38170,28321,0
38171,47968,-1
38172,92145,-1
38173,41716,0
38174,35654,0
38175,75506,-1
38176,-1,0
38177,83579,-1
38178,12781,-1
38179,17722,0
38180,13484,-1
38181,18189,0
38182,38859,1
38183,96451,-1
38184,35085,-1
38185,90751,-1
38186,78783,-1
38187,89774,-1
38188,29105,-1
38189,39217,1
38190,65030,1
38191,25807,0
38192,83834,0
38193,33364,0
38194,31261,0
38195,52540,0
38196,7386,1
38197,97120,1
38198,41112,0
38199,85000,1
38200,-1,0
38201,93146,0
38202,49275,0
38203,-1,0
38204,29449,1
38205,85705,-1
38206,-1,0
38207,-1,0
38208,97315,0
38209,38513,0
38210,64764,-1
38211,76583,-1
38212,53273,-1
38213,86480,1
38214,46750,0
38215,54689,0
38216,-1,0
38217,46653,0
38218,69710,1
38219,-1,0
38220,29022,0
38221,69087,0
38222,36409,-1
38223,-1,0
38224,54180,0
38225,16309,0
38226,11193,0
38227,78913,0
38228,34659,0
38229,77059,0
38230,57514,0
38231,-1,0
38232,-1,0
38233,21437,1
38234,78140,0
38235,-1,0
38236,49072,0
38237,76604,0
38238,8967,1
38239,50484,0
38240,73528,1
38241,86814,0
38242,-1,0
38243,45707,-1
38244,89303,0
38245,61650,-1
38246,21460,1
38247,1522,1
38248,28952,1
38249,67315,-1
38250,74305,0
38251,14571,-1
38252,45819,0
38253,29183,0
38254,74364,0
38255,87882,0
38256,80197,-1
38257,-1,0
38258,86172,1
38259,16204,0
38260,59567,0
38261,-1,0
38262,25485,1
38263,39385,1
38264,33215,-1
38265,-1,0
38266,50381,-1
38267,84268,1
38268,23857,1
38269,46608,0
38270,5083,0
38271,-1,0
38272,-1,0
38273,38072,0
38274,90132,0
38275,96465,0
38276,30277,0
38277,23397,1
38278,-1,0
38279,81965,0
38280,54050,0
38281,14201,0
38282,10234,-1
38283,4960,1
38284,22940,0
38285,66540,1
38286,53048,0
38287,-1,0
38288,29283,0
38289,65459,0
38290,-1,0
38291,95002,0
38292,76017,1
38293,33489,-1
38294,70985,-1
38295,51955,-1
38296,-1,0
38297,4858,0
38298,79135,-1
38299,17144,1
38300,61947,0
38301,32248,1
38302,22148,1
38303,97474,0
38304,42958,0
38305,15430,0
38306,82724,0
38307,50781,0
38308,86907,0
38309,68136,0
38310,88416,1
38311,61741,0
38312,4774,0
38313,85102,-1
38314,45851,0
38315,50375,-1
38316,-1,0
38317,90810,-1
38318,61725,0
38319,44679,-1
38320,7675,0
38321,50949,0
38322,32889,-1
38323,-1,0
38324,62218,0
38325,84803,1
38326,-1,0
38327,9583,1
38328,68037,0
38329,2696,0
38330,-1,0
38331,73165,0
38332,40420,-1
38333,68279,0
38334,34849,0
38335,95162,1
38336,-1,0
38337,85187,-1
38338,89234,0
38339,98369,0
38340,63971,0
38341,94472,-1
38342,28164,0
38343,-1,0
38344,93210,0
38345,76237,-1
38346,72020,0
38347,28953,0
38348,95111,0
38349,96253,1
38350,-1,0
38351,62027,0
38352,30905,-1
38353,69225,0
38354,11701,-1
38355,80775,-1
38356,51124,-1
38357,92992,1
38358,36505,0
38359,93859,-1
38360,60317,-1
38361,69158,0
38362,2857,0
38363,52227,0
38364,25817,0
38365,8188,1
38366,39945,0
38367,-1,0
38368,47839,-1
38369,26545,0
38370,78206,-1
38371,19484,-1
38372,79183,0
38373,-1,0
38374,12335,0
38375,-1,0
38376,16772,0
38377,70712,0
38378,94019,0
38379,74623,0
38380,31285,0
38381,25108,0
38382,95476,-1
38383,94580,0
38384,-1,0
38385,59825,0
38386,39993,0
38387,4761,0
38388,51367,1
38389,11677,0
38390,52253,0
38391,33179,0
38392,27545,1
38393,28141,-1
38394,79146,1
38395,36131,0
38396,60567,1
38397,26430,0
38398,41938,1
38399,66481,0
38400,15307,1
38401,2793,0
38402,89532,0
38403,3784,0
38404,2921,0
38405,20222,0
38406,9130,1
38407,43633,0
38408,13196,0
38409,3151,-1
38410,73181,-1
38411,32525,-1
38412,-1,0
38413,84780,0
38414,20069,-1
38415,-1,0
38416,27938,0
38417,17660,1
38418,88870,0
38419,58361,1
38420,97049,1
38421,79991,-1
38422,30471,-1
38423,401,-1
38424,-1,0
38425,48331,0
38426,94842,0
38427,3612,-1
38428,59267,-1
38429,23330,1
38430,69611,1
38431,13381,0
38432,49743,-1
38433,52208,0
38434,72206,1
38435,27829,-1
38436,58939,0
38437,39907,-1
38438,-1,0
38439,44927,-1
38440,85398,0
38441,34953,1
38442,33357,0
38443,51015,1
38444,32816,-1
38445,40471,0
38446,-1,0
38447,91766,-1
38448,27137,0
38449,67393,1
38450,88558,0
38451,27751,1
38452,25936,-1
38453,38958,-1
38454,93930,0
38455,29229,0
38456,93677,0
38457,62193,0
38458,34584,0
38459,99058,0
38460,-1,0
38461,-1,0
38462,91046,0
38463,60621,0
38464,43557,0
38465,90440,0
38466,90132,1
38467,91308,0
38468,20900,1
38469,71510,0
38470,95998,1
38471,5271,1
38472,75094,0
38473,72459,-1
38474,46969,-1
38475,9553,0
38476,46621,1
38477,48799,0
38478,71819,-1
38479,77846,0
38480,-1,0
38481,-1,0
38482,-1,0
38483,57705,0
38484,85823,1
38485,81949,0
38486,71364,-1
38487,24129,-1
38488,21053,0
38489,2172,0
38490,87008,1
38491,38533,0
38492,89004,-1
38493,97836,-1
38494,88330,-1
38495,94660,0
38496,-1,0
38497,29291,0
38498,9706,-1
38499,39261,-1
38500,46180,1
38501,53484,0
38502,-1,0
38503,33448,1
38504,-1,0
38505,53638,0
38506,1266,-1
38507,-1,0
38508,27000,0
38509,10299,-1
38510,67491,0
38511,82529,0
38512,18894,0
38513,37438,-1
38514,34650,-1
38515,52176,0
38516,98653,1
38517,14701,1
38518,90487,0
38519,78466,0
38520,92520,1
38521,19135,-1
38522,12523,-1
38523,55808,1
38524,35561,0
38525,2173,0
38526,96850,0
38527,33910,-1
38528,3119,0
38529,41464,1
38530,61283,0
38531,21552,0
38532,46498,0
38533,-1,0
38534,-1,0
38535,24979,-1
38536,29820,-1
38537,48499,0
38538,42723,1
38539,772,0
38540,96245,0
38541,29237,0
38542,58381,-1
38543,26518,0
38544,71782,0
38545,18537,0
38546,-1,0
38547,96036,-1
38548,-1,0
38549,9118,0
38550,16702,1
38551,87774,0
38552,72807,0
38553,51175,1
38554,16945,0
38555,77966,0
38556,51523,0
38557,68145,1
38558,89227,1
38559,61389,1
38560,10686,1
38561,64942,1
38562,40244,1
38563,80902,1
38564,7221,0
38565,4209,0
38566,15512,1
38567,81227,-1
38568,55993,0
38569,51235,-1
38570,19557,1
38571,23558,0
38572,89415,0
38573,-1,0
38574,84339,0
38575,69481,0
38576,71941,1
38577,42602,1
38578,1584,0
38579,39673,0
38580,70806,-1
38581,63482,0
38582,65958,0
38583,71103,0
38584,89431,1
38585,24934,1
38586,94176,0
38587,34455,0
38588,-1,0
38589,97277,1
38590,86028,0
38591,64583,0
38592,48750,0
38593,7339,-1
38594,88109,-1
38595,30567,-1
38596,46641,0
38597,28801,0
38598,10775,-1
38599,20564,1
38600,17419,0
38601,2056,0
38602,-1,0
38603,68999,0
38604,25419,0
38605,26487,1
38606,71896,-1
38607,60175,1
38608,-1,0
38609,-1,0
38610,42864,0
38611,2198,1
38612,28856,-1
38613,57816,0
38614,-1,0
38615,92994,0
38616,51934,-1
38617,-1,0
38618,34038,0
38619,97472,0
38620,16427,0
38621,38769,-1
38622,-1,0
38623,11106,0
38624,27014,0
38625,62270,1
38626,16950,1
38627,89271,0
38628,75694,1
38629,96745,0
38630,22326,0
38631,43163,-1
38632,91500,0
38633,71247,0
38634,66943,-1
38635,23984,0
38636,-1,0
38637,-1,0
38638,36296,1
38639,11264,-1
38640,75794,0
38641,34279,1
38642,-1,0
38643,22530,0
38644,18715,0
38645,89247,0
38646,1919,0
38647,80805,0
38648,26956,-1
38649,-1,0
38650,74983,1
38651,36408,0
38652,-1,0
38653,7094,-1
38654,43398,-1
38655,19577,1
38656,82958,1
38657,68254,-1
38658,-1,0
38659,9072,-1
38660,97871,0
38661,50534,1
38662,38430,0
38663,11376,0
38664,-1,0
38665,88891,0
38666,5888,0
38667,30025,-1
38668,89483,0
38669,43398,0
38670,80871,0
38671,60255,0
38672,-1,0
38673,91109,1
38674,12711,1
38675,79350,-1
38676,71968,-1
38677,51847,0
38678,-1,0
38679,49854,-1
38680,2866,0
38681,-1,0
38682,65812,0
38683,20623,0
38684,2031,1
38685,21961,-1
38686,1798,1
38687,92931,1
38688,-1,0
38689,53453,1
38690,-1,0
38691,-1,0
38692,72552,0
38693,81563,-1
38694,70376,-1
38695,-1,0
38696,8841,1
38697,39544,0
38698,95673,1
38699,22260,-1
38700,59957,0
38701,89713,0
38702,99094,0
38703,51985,0
38704,68161,1
38705,94707,1
38706,9223,0
38707,34893,-1
38708,90208,0
38709,3845,1
38710,56502,1
38711,53297,1
38712,16828,0
38713,53804,0
38714,22825,1
38715,44006,0
38716,29032,0
38717,8644,-1
38718,62084,0
38719,71911,1
38720,49870,0
38721,33401,-1
38722,91036,0
38723,80930,0
38724,37080,0
38725,-1,0
38726,69987,0
38727,-1,0
38728,88703,0
38729,49570,0
38730,1464,-1
38731,24295,0
38732,28074,1
38733,8380,1
38734,62004,0
38735,-1,0
38736,4042,0
38737,62324,0
38738,-1,0
38739,71436,1
38740,75466,0
38741,31279,-1
38742,41749,1
38743,17767,1
38744,1161,0
38745,21355,0
38746,4371,0
38747,42725,-1
38748,28294,0
38749,35685,1
38750,-1,0
38751,17992,0
38752,71464,0
38753,-1,0
38754,32825,0
38755,93547,-1
38756,75738,-1
38757,83798,0
38758,74658,-1
38759,-1,0
38760,39941,1
38761,46428,1
38762,60256,-1
38763,49415,1
38764,1738,0
38765,94229,0
38766,23281,-1
38767,51124,0
38768,-1,0
38769,98092,0
38770,98914,1
38771,44814,-1
38772,48178,0
38773,44214,0
38774,-1,0
38775,3155,0
38776,82012,0
38777,75345,0
38778,63437,1
38779,15383,0
38780,75094,-1
38781,88101,-1
38782,88548,-1
38783,51317,-1
38784,72058,1
38785,59340,0
38786,11563,0
38787,64715,-1
38788,93616,0
38789,70734,0
38790,33785,1
38791,95193,0
38792,46638,0
38793,43111,0
38794,84964,0
38795,83386,0
38796,46704,0
38797,74403,0
38798,85597,0
38799,52193,0
38800,64909,0
38801,59475,0
38802,85179,-1
38803,68953,-1
38804,-1,0
38805,81751,0
38806,-1,0
38807,79111,0
38808,1119,0
38809,-1,0
38810,96800,-1
38811,53076,1
38812,60196,1
38813,-1,0
38814,58111,0
38815,11823,1
38816,38349,0
38817,95061,0
38818,13245,1
38819,11291,1
38820,-1,0
38821,20892,0
38822,87019,0
38823,77744,0
38824,18499,1
38825,81550,1
38826,7608,1
38827,-1,0
38828,21095,1
38829,69225,1
38830,91917,-1
38831,5435,1
38832,75211,1
38833,72963,0
38834,63133,0
38835,-1,0
38836,23572,-1
38837,59623,-1
38838,19335,0
38839,73825,0
38840,76590,0
38841,-1,0
38842,34262,0
38843,49914,-1
38844,56320,0
38845,97506,1
38846,47830,-1
38847,10451,0
38848,34657,0
38849,55211,0
38850,84021,0
38851,-1,0
38852,73674,-1
38853,20970,1
38854,63002,-1
38855,67819,0
38856,97853,0
38857,39890,0
38858,92589,1
38859,17415,0
38860,85294,0
38861,17879,0
38862,27708,1
38863,-1,0
38864,88925,-1
38865,12041,0
38866,-1,0
38867,63718,-1
38868,25988,0
38869,47500,0
38870,76872,0
38871,97945,-1
38872,27680,1
38873,76530,0
38874,93721,0
38875,-1,0
38876,-1,0
38877,92045,1
38878,1328,1
38879,24950,1
38880,17691,1
38881,-1,0
38882,-1,0
38883,90061,1
38884,96911,0
38885,34793,-1
38886,90991,1
38887,42184,0
38888,11530,-1
38889,34173,-1
38890,68527,0
38891,95678,0
38892,-1,0
38893,68227,0
38894,51065,0
38895,4939,1
38896,39676,0
38897,36070,0
38898,33306,1
38899,22676,-1
38900,-1,0
38901,75122,0
38902,98902,0
38903,70715,1
38904,64908,0
38905,72571,0
38906,-1,0
38907,52475,0
38908,13302,-1
38909,59380,1
38910,58066,1
38911,-1,0
38912,-1,0
38913,14839,1
38914,53300,1
38915,44708,0
38916,25402,-1
38917,-1,0
38918,18863,-1
38919,35676,-1
38920,-1,0
38921,32574,0
38922,35963,0
38923,49864,0
38924,94439,1
38925,98015,0
38926,12455,0
38927,92639,0
38928,27212,0
38929,54415,-1
38930,80488,0
38931,56184,1
38932,66554,1
38933,-1,0
38934,81724,0
38935,84949,0
38936,80454,0
38937,79684,0
38938,-1,0
38939,76419,1
38940,-1,0
38941,80034,-1
38942,31155,0
38943,20998,0
38944,75365,0
38945,-1,0
38946,82715,1
38947,20677,-1
38948,49295,0
38949,71460,1
38950,-1,0
38951,-1,0
38952,56114,0
38953,36783,0
38954,44783,-1
38955,86193,1
38956,1901,-1
38957,-1,0
38958,32233,0
38959,91121,0
38960,92424,0
38961,47911,0
38962,78730,0
38963,-1,0
38964,47148,0
38965,7329,0
38966,-1,0
38967,89967,1
38968,53293,1
38969,89922,0
38970,-1,0
38971,29068,0
38972,-1,0
38973,3502,1
38974,37536,0
38975,-1,0
38976,47369,1
38977,93537,0
38978,60238,0
38979,26428,1
38980,26631,-1
38981,21471,0
38982,70058,0
38983,71783,0
38984,16157,0
38985,22708,1
38986,69584,-1
38987,76366,0
38988,52725,1
38989,83177,-1
38990,95151,1
38991,67304,0
38992,40634,0
38993,-1,0
38994,84390,1
38995,94521,0
38996,65116,1
38997,42822,0
38998,-1,0
38999,41714,1
39000,28186,1
39001,58537,-1
39002,22300,0
39003,89106,1
39004,8673,0
39005,95080,0
39006,30499,-1
39007,53749,0
39008,-1,0
39009,56175,1
39010,32245,0
39011,57302,-1
39012,47117,-1
39013,67696,1
39014,87058,1
39015,78751,0
39016,45048,0
39017,84868,0
39018,12404,0
39019,58365,0
39020,75664,1
39021,-1,0
39022,62122,0
39023,-1,0
39024,84215,1
39025,25220,0
39026,88038,0
39027,-1,0
39028,51270,0
39029,95467,1
39030,41335,-1
39031,-1,0
39032,7293,0
39033,-1,0
39034,32320,1
39035,36871,1
39036,24078,0
39037,73007,0
39038,39663,0
39039,88790,1
39040,69287,1
39041,-1,0
39042,-1,0
39043,-1,0
39044,46908,0
39045,1690,0
39046,81956,-1
39047,-1,0
39048,50060,-1
39049,12949,0
39050,69718,0
39051,77344,0
39052,7313,-1
39053,61084,1
39054,-1,0
39055,35997,0
39056,44854,-1
39057,86593,1
39058,64680,1
39059,96010,1
39060,-1,0
39061,46540,1
39062,67635,1
39063,-1,0
39064,47217,0
39065,40101,0
39066,85772,1
39067,89106,0
39068,73492,0
39069,87048,0
39070,-1,0
39071,78141,1
39072,20130,1
39073,58694,0
39074,70871,0
39075,82099,1
39076,14625,0
39077,18562,0
39078,68362,0
39079,60120,0
39080,11104,-1
39081,95537,0
39082,39813,1
39083,30463,0
39084,1400,-1
39085,76762,1
39086,1818,0
39087,12021,0
39088,23025,-1
39089,33637,0
39090,44592,-1
39091,57457,1
39092,90063,0
39093,95465,0
39094,-1,0
39095,22024,0
39096,87026,0
39097,15515,-1
39098,86250,-1
39099,53401,-1
39100,91929,0
39101,94995,-1
39102,77297,1
39103,53343,1
39104,85058,-1
39105,44208,1
39106,65619,-1
39107,-1,0
39108,9709,0
39109,5249,-1
39110,19564,1
39111,41997,-1
39112,49856,-1
39113,48908,0
39114,36766,1
39115,57391,1
39116,70930,0
39117,89903,0
39118,68590,1
39119,31387,-1
39120,82286,0
39121,54410,0
39122,-1,0
39123,57547,-1
39124,92175,1
39125,96032,0
39126,1952,0
39127,29321,-1
39128,43859,-1
39129,74740,0
39130,14625,-1
39131,99474,-1
39132,93038,0
39133,-1,0
39134,98985,-1
39135,25482,0
39136,95395,1
39137,-1,0
39138,37697,0
39139,40923,1
39140,2903,0
39141,84942,1
39142,-1,0
39143,67936,1
39144,65137,1
39145,96413,1
39146,87109,-1
39147,37923,0
39148,34119,0
39149,76419,0
39150,69135,1
39151,73266,0
39152,2606,-1
39153,1071,0
39154,24386,-1
39155,-1,0
39156,75240,1
39157,8402,0
39158,35987,0
39159,-1,0
39160,60029,1
39161,54244,-1
39162,81192,-1
39163,14384,0
39164,96810,0
39165,61978,-1
39166,90766,0
39167,69143,1
39168,35126,1
39169,60633,0
39170,50783,0
39171,76898,0
39172,50480,-1
39173,64183,0
39174,25595,0
39175,-1,0
39176,71517,-1
39177,19798,-1
39178,26717,1
39179,13911,1
39180,84881,0
39181,22628,0
39182,90787,1
39183,1637,0
39184,22076,0
39185,52064,-1
39186,45246,0
39187,-1,0
39188,79315,1
39189,59796,-1
39190,11394,1
39191,80712,0
39192,27868,0
39193,17844,1
39194,98809,-1
39195,67582,0
39196,-1,0
39197,29046,0
39198,48550,0
39199,92019,0
39200,88434,-1
39201,38690,0
39202,86475,1
39203,32887,0
39204,86699,1
39205,-1,0
39206,98810,1
39207,-1,0
39208,51454,0
39209,81140,-1
39210,74062,0
39211,66336,-1
39212,26909,-1
39213,29161,0
39214,28718,0
39215,59848,0
39216,49753,-1
39217,42070,1
39218,56666,0
39219,23289,1
39220,45548,1
39221,-1,0
39222,81914,0
39223,17204,1
39224,16436,0
39225,47942,1
39226,78474,-1
39227,50030,0
39228,86752,0
39229,85869,-1
39230,89179,0
39231,39370,0
39232,-1,0
39233,57278,1
39234,30969,-1
39235,-1,0
39236,-1,0
39237,49161,-1
39238,-1,0
39239,-1,0
39240,93772,1
39241,66442,0
39242,73203,1
39243,91399,0
39244,-1,0
39245,61985,1
39246,52561,0
39247,52774,0
39248,95549,0
39249,90378,1
39250,11777,0
39251,59851,1
39252,27832,0
39253,88442,0
39254,75991,0
39255,43807,-1
39256,91740,0
39257,-1,0
39258,26113,0
39259,35839,0
39260,-1,0
39261,53989,0
39262,-1,0
39263,59748,1
39264,79108,1
39265,73649,-1
39266,-1,0
39267,9550,1
39268,13193,0
39269,-1,0
39270,60689,0
39271,92506,0
39272,83506,1
39273,97000,0
39274,51306,-1
39275,31459,0
39276,42768,0
39277,94769,0
39278,87284,0
39279,-1,0
39280,2042,0
39281,59725,0
39282,61801,1
39283,-1,0
39284,-1,0
39285,-1,0
39286,79934,0
39287,24322,0
39288,73948,0
39289,97984,1
39290,75216,0
39291,81293,0
39292,98433,0
39293,88695,-1
39294,47340,-1
39295,39353,-1
39296,30237,0
39297,20284,0
39298,-1,0
39299,46134,-1
39300,-1,0
39301,52982,0
39302,8186,0
39303,-1,0
39304,97144,1
39305,52866,0
39306,88038,1
39307,14004,0
39308,9607,0
39309,45417,0
39310,25367,1
39311,19482,-1
39312,-1,0
39313,95672,1
39314,90796,-1
39315,4078,0
39316,24279,-1
39317,-1,0
39318,44743,0
39319,-1,0
39320,3387,0
39321,20083,-1
39322,21692,0
39323,4763,0
39324,6873,0
39325,39337,1
39326,12810,1
39327,-1,0
39328,65498,0
39329,26686,1
39330,-1,0
39331,82526,0
39332,67277,0
39333,-1,0
39334,28079,0
39335,-1,0
39336,-1,0
39337,92125,0
39338,4997,-1
39339,88305,0
39340,3437,0
39341,29758,1
39342,27256,-1
39343,12298,0
39344,76267,-1
39345,4236,0
39346,-1,0
39347,12344,1
39348,24853,-1
39349,-1,0
39350,86322,0
39351,3710,0
39352,-1,0
39353,-1,0
39354,45233,0
39355,93081,0
39356,97140,0
39357,45511,1
39358,91040,0
39359,92702,1
39360,51023,-1
39361,18185,-1
39362,-1,0
39363,30897,-1
39364,29460,0
39365,94011,1
39366,69620,0
39367,1292,-1
39368,50266,-1
39369,1929,-1
39370,46860,1
39371,83908,1
39372,-1,0
39373,86226,0
39374,68456,0
39375,98345,0
39376,-1,0
39377,76591,0
39378,57203,0
39379,77106,0
39380,-1,0
39381,40572,1
39382,87678,0
39383,71590,0
39384,55918,1
39385,14916,-1
39386,30994,-1
39387,9651,1
39388,95281,0
39389,73573,1
39390,-1,0
39391,20041,0
39392,74837,0
39393,71814,-1
39394,16674,-1
39395,64429,-1
39396,81732,0
39397,18950,-1
39398,57524,0
39399,94068,0
39400,30240,-1
39401,30684,1
39402,53810,0
39403,93654,1
39404,28559,-1
39405,19937,1
39406,-1,0
39407,66243,0
39408,84601,0
39409,50028,0
39410,66290,0
39411,19902,1
39412,44074,0
39413,46797,0
39414,98168,0
39415,35812,0
39416,63776,0
39417,-1,0
39418,35676,0
39419,95815,0
39420,68899,-1
39421,17199,0
39422,80500,-1
39423,26244,0
39424,-1,0
39425,50074,-1
39426,-1,0
39427,99013,0
39428,16338,-1
39429,28956,0
39430,4140,-1
39431,36844,0
39432,27111,1
39433,62255,-1
39434,-1,0
39435,24237,0
39436,85657,1
39437,39512,0
39438,-1,0
39439,51408,0
39440,40449,0
39441,55394,0
39442,78548,0
39443,81498,1
39444,-1,0
39445,-1,0
39446,53606,0
39447,-1,0
39448,60491,0
39449,14301,1
39450,59784,1
39451,71620,0
39452,-1,0
39453,57701,0
39454,67355,-1
39455,55222,0
39456,75048,1
39457,17844,0
39458,18874,1
39459,96355,1
39460,-1,0
39461,41773,1
39462,1898,0
39463,33014,0
39464,10441,-1
39465,7646,0
39466,70786,1
39467,51906,-1
39468,25397,0
39469,89603,-1
39470,34834,-1
39471,19041,0
39472,67883,0
39473,49844,-1
39474,60293,-1
39475,98562,0
39476,33413,1
39477,92485,-1
39478,32219,0
39479,11103,0
39480,64143,0
39481,80227,1
39482,-1,0
39483,77116,-1
39484,74332,0
39485,39022,0
39486,88676,1
39487,50391,-1
39488,21973,-1
39489,68024,0
39490,9265,0
39491,99495,0
39492,6137,0
39493,-1,0
39494,61707,0
39495,31207,0
39496,-1,0
39497,45894,1
39498,79724,1
39499,23190,0
39500,68613,-1
