stage,layer,pair,perturbed_coordinates,loss_plus,loss_minus,abs_y
initial,0,0,16,2.320166826248169,2.315715789794922,0.00445103645324707
initial,0,1,16,2.30253005027771,2.3056232929229736,0.003093242645263672
initial,0,2,16,2.3153350353240967,2.317600965499878,0.00226593017578125
initial,0,3,16,2.314713954925537,2.307410717010498,0.0073032379150390625
initial,0,4,16,2.325014352798462,2.308988094329834,0.01602625846862793
initial,0,5,16,2.299699306488037,2.3066563606262207,0.006957054138183594
initial,0,6,16,2.316640853881836,2.3055641651153564,0.011076688766479492
initial,0,7,16,2.313734531402588,2.3116564750671387,0.0020780563354492188
initial,0,8,16,2.3118646144866943,2.3036980628967285,0.00816655158996582
initial,0,9,16,2.319366455078125,2.3095099925994873,0.009856462478637695
initial,0,10,16,2.3170273303985596,2.316908836364746,0.00011849403381347656
initial,0,11,16,2.3123350143432617,2.318647623062134,0.00631260871887207
initial,0,12,16,2.3133411407470703,2.3046140670776367,0.008727073669433594
initial,0,13,16,2.3106191158294678,2.2978203296661377,0.012798786163330078
initial,0,14,16,2.330213785171509,2.306239604949951,0.023974180221557617
initial,0,15,16,2.3309249877929688,2.326650381088257,0.004274606704711914
initial,0,16,16,2.3026280403137207,2.2995450496673584,0.0030829906463623047
initial,0,17,16,2.298245668411255,2.326150894165039,0.02790522575378418
initial,0,18,16,2.3044686317443848,2.315218925476074,0.010750293731689453
initial,0,19,16,2.31907320022583,2.305499315261841,0.013573884963989258
initial,0,20,16,2.3089137077331543,2.301025152206421,0.007888555526733398
initial,0,21,16,2.314051389694214,2.303241729736328,0.010809659957885742
initial,0,22,16,2.319493055343628,2.322768211364746,0.003275156021118164
initial,0,23,16,2.308964252471924,2.3226418495178223,0.013677597045898438
initial,0,24,16,2.3229260444641113,2.301083564758301,0.021842479705810547
initial,0,25,16,2.300468683242798,2.3104374408721924,0.009968757629394531
initial,0,26,16,2.2957096099853516,2.3052432537078857,0.00953364372253418
initial,0,27,16,2.298741579055786,2.3048136234283447,0.006072044372558594
initial,0,28,16,2.3131332397460938,2.3140125274658203,0.0008792877197265625
initial,0,29,16,2.316236972808838,2.3009982109069824,0.015238761901855469
initial,0,30,16,2.3164939880371094,2.321319103240967,0.004825115203857422
initial,0,31,16,2.2976438999176025,2.3063650131225586,0.008721113204956055
initial,0,32,16,2.308875322341919,2.30910587310791,0.00023055076599121094
initial,0,33,16,2.3047971725463867,2.308795213699341,0.0039980411529541016
initial,0,34,16,2.3300669193267822,2.320434808731079,0.009632110595703125
initial,0,35,16,2.3040497303009033,2.299854278564453,0.004195451736450195
initial,0,36,16,2.3061020374298096,2.302811622619629,0.003290414810180664
initial,0,37,16,2.3088631629943848,2.3071744441986084,0.0016887187957763672
initial,0,38,16,2.3011868000030518,2.3040146827697754,0.002827882766723633
initial,0,39,16,2.3020341396331787,2.3087382316589355,0.006704092025756836
initial,0,40,16,2.3007545471191406,2.3154995441436768,0.014744997024536133
initial,0,41,16,2.317267417907715,2.3172709941864014,3.5762786865234375e-06
initial,0,42,16,2.320640802383423,2.3205506801605225,9.012222290039062e-05
initial,0,43,16,2.301306962966919,2.3304035663604736,0.029096603393554688
initial,0,44,16,2.3093714714050293,2.314159870147705,0.004788398742675781
initial,0,45,16,2.3000364303588867,2.300194501876831,0.00015807151794433594
initial,0,46,16,2.3038368225097656,2.3046865463256836,0.0008497238159179688
initial,0,47,16,2.3303377628326416,2.3213322162628174,0.009005546569824219
initial,0,48,16,2.296884059906006,2.30576753616333,0.008883476257324219
initial,0,49,16,2.3167505264282227,2.308277130126953,0.008473396301269531
initial,0,50,16,2.3235442638397217,2.326190710067749,0.0026464462280273438
initial,0,51,16,2.2992992401123047,2.298572301864624,0.0007269382476806641
initial,0,52,16,2.325711488723755,2.3267126083374023,0.001001119613647461
initial,0,53,16,2.3075599670410156,2.305237054824829,0.0023229122161865234
initial,0,54,16,2.323246955871582,2.3169355392456055,0.0063114166259765625
initial,0,55,16,2.300633430480957,2.318446397781372,0.01781296730041504
initial,0,56,16,2.327977180480957,2.3192617893218994,0.008715391159057617
initial,0,57,16,2.3066346645355225,2.309778928756714,0.0031442642211914062
initial,0,58,16,2.3132169246673584,2.3120439052581787,0.0011730194091796875
initial,0,59,16,2.2977232933044434,2.304001808166504,0.006278514862060547
initial,0,60,16,2.3155903816223145,2.3007969856262207,0.01479339599609375
initial,0,61,16,2.2959177494049072,2.3069283962249756,0.01101064682006836
initial,0,62,16,2.308990001678467,2.304755687713623,0.00423431396484375
initial,0,63,16,2.3046727180480957,2.3161721229553223,0.011499404907226562
final,0,0,16,2.295647621154785,2.292752265930176,0.002895355224609375
final,0,1,16,2.2843689918518066,2.2717761993408203,0.012592792510986328
final,0,2,16,2.2866435050964355,2.2575533390045166,0.029090166091918945
final,0,3,16,2.2658448219299316,2.2687315940856934,0.0028867721557617188
final,0,4,16,2.2557551860809326,2.255450487136841,0.0003046989440917969
final,0,5,16,2.2684946060180664,2.2447361946105957,0.023758411407470703
final,0,6,16,2.272958993911743,2.260948657989502,0.012010335922241211
final,0,7,16,2.2791907787323,2.2851383686065674,0.005947589874267578
final,0,8,16,2.2682547569274902,2.2539172172546387,0.014337539672851562
final,0,9,16,2.25687837600708,2.2823398113250732,0.025461435317993164
final,0,10,16,2.2928953170776367,2.2925093173980713,0.0003859996795654297
final,0,11,16,2.2709708213806152,2.3163280487060547,0.04535722732543945
final,0,12,16,2.2467329502105713,2.277864933013916,0.031131982803344727
final,0,13,16,2.2634589672088623,2.241884231567383,0.021574735641479492
final,0,14,16,2.253723382949829,2.2707715034484863,0.017048120498657227
final,0,15,16,2.2700350284576416,2.267788887023926,0.0022461414337158203
final,0,16,16,2.2818479537963867,2.255777597427368,0.026070356369018555
final,0,17,16,2.27689790725708,2.25972056388855,0.017177343368530273
final,0,18,16,2.2815563678741455,2.263819694519043,0.01773667335510254
final,0,19,16,2.299058675765991,2.29414963722229,0.004909038543701172
final,0,20,16,2.3075907230377197,2.2917373180389404,0.015853404998779297
final,0,21,16,2.2920401096343994,2.2952096462249756,0.003169536590576172
final,0,22,16,2.2323615550994873,2.2602715492248535,0.02790999412536621
final,0,23,16,2.257901191711426,2.2786498069763184,0.020748615264892578
final,0,24,16,2.2504799365997314,2.267019748687744,0.016539812088012695
final,0,25,16,2.2713119983673096,2.259866714477539,0.011445283889770508
final,0,26,16,2.2602930068969727,2.2855896949768066,0.025296688079833984
final,0,27,16,2.2595102787017822,2.2527647018432617,0.006745576858520508
final,0,28,16,2.2591142654418945,2.258690357208252,0.0004239082336425781
final,0,29,16,2.275965690612793,2.255674362182617,0.02029132843017578
final,0,30,16,2.285824775695801,2.2550647258758545,0.03076004981994629
final,0,31,16,2.261573314666748,2.2419655323028564,0.0196077823638916
final,0,32,16,2.2659308910369873,2.300995111465454,0.0350642204284668
final,0,33,16,2.2722432613372803,2.292931318283081,0.02068805694580078
final,0,34,16,2.272181272506714,2.2708656787872314,0.0013155937194824219
final,0,35,16,2.272672653198242,2.2751030921936035,0.002430438995361328
final,0,36,16,2.2566187381744385,2.281276226043701,0.024657487869262695
final,0,37,16,2.2805335521698,2.2768375873565674,0.003695964813232422
final,0,38,16,2.258632183074951,2.23791766166687,0.020714521408081055
final,0,39,16,2.2744410037994385,2.292603015899658,0.018162012100219727
final,0,40,16,2.2592217922210693,2.250720977783203,0.008500814437866211
final,0,41,16,2.2873642444610596,2.2752816677093506,0.012082576751708984
final,0,42,16,2.2638604640960693,2.2449889183044434,0.018871545791625977
final,0,43,16,2.2913053035736084,2.2794137001037598,0.011891603469848633
final,0,44,16,2.2394890785217285,2.272675037384033,0.03318595886230469
final,0,45,16,2.270646572113037,2.2942850589752197,0.023638486862182617
final,0,46,16,2.2857301235198975,2.2893710136413574,0.003640890121459961
final,0,47,16,2.2507882118225098,2.246927261352539,0.003860950469970703
final,0,48,16,2.2657299041748047,2.278665781021118,0.012935876846313477
final,0,49,16,2.271404266357422,2.2844064235687256,0.013002157211303711
final,0,50,16,2.285022497177124,2.2877540588378906,0.0027315616607666016
final,0,51,16,2.293550491333008,2.3098275661468506,0.016277074813842773
final,0,52,16,2.275864601135254,2.274101495742798,0.0017631053924560547
final,0,53,16,2.273949384689331,2.263620376586914,0.010329008102416992
final,0,54,16,2.2651686668395996,2.283078670501709,0.017910003662109375
final,0,55,16,2.260662794113159,2.285994291305542,0.025331497192382812
final,0,56,16,2.2779510021209717,2.268184185028076,0.009766817092895508
final,0,57,16,2.304857015609741,2.2735767364501953,0.0312802791595459
final,0,58,16,2.277604818344116,2.230902910232544,0.046701908111572266
final,0,59,16,2.258599042892456,2.255445718765259,0.0031533241271972656
final,0,60,16,2.2616307735443115,2.2903640270233154,0.028733253479003906
final,0,61,16,2.284137487411499,2.2498092651367188,0.03432822227478027
final,0,62,16,2.2658157348632812,2.258530855178833,0.007284879684448242
final,0,63,16,2.2519397735595703,2.2701382637023926,0.018198490142822266
initial,1,0,16,2.311861038208008,2.3050084114074707,0.006852626800537109
initial,1,1,16,2.308950662612915,2.314642906188965,0.005692243576049805
initial,1,2,16,2.315509080886841,2.304785966873169,0.010723114013671875
initial,1,3,16,2.3130252361297607,2.329622983932495,0.016597747802734375
initial,1,4,16,2.3016786575317383,2.3181517124176025,0.016473054885864258
initial,1,5,16,2.3104429244995117,2.3068971633911133,0.0035457611083984375
initial,1,6,16,2.3035523891448975,2.2979438304901123,0.005608558654785156
initial,1,7,16,2.3197829723358154,2.310305118560791,0.009477853775024414
initial,1,8,16,2.3027398586273193,2.3147568702697754,0.012017011642456055
initial,1,9,16,2.3209986686706543,2.315861701965332,0.005136966705322266
initial,1,10,16,2.3102147579193115,2.305860996246338,0.004353761672973633
initial,1,11,16,2.3035290241241455,2.3022146224975586,0.001314401626586914
initial,1,12,16,2.3079113960266113,2.3124542236328125,0.004542827606201172
initial,1,13,16,2.3184306621551514,2.3137152194976807,0.004715442657470703
initial,1,14,16,2.298976421356201,2.291144371032715,0.007832050323486328
initial,1,15,16,2.311065435409546,2.3083581924438477,0.002707242965698242
initial,1,16,16,2.3130505084991455,2.3139002323150635,0.0008497238159179688
initial,1,17,16,2.314284086227417,2.31140398979187,0.002880096435546875
initial,1,18,16,2.3233752250671387,2.308560371398926,0.01481485366821289
initial,1,19,16,2.315333604812622,2.320730447769165,0.005396842956542969
initial,1,20,16,2.313087224960327,2.302809476852417,0.010277748107910156
initial,1,21,16,2.305007219314575,2.307105302810669,0.00209808349609375
initial,1,22,16,2.3042101860046387,2.2976980209350586,0.006512165069580078
initial,1,23,16,2.300642490386963,2.3116555213928223,0.011013031005859375
initial,1,24,16,2.306234836578369,2.3045027256011963,0.0017321109771728516
initial,1,25,16,2.310433864593506,2.3108036518096924,0.00036978721618652344
initial,1,26,16,2.3023035526275635,2.3155813217163086,0.013277769088745117
initial,1,27,16,2.3099353313446045,2.313204526901245,0.003269195556640625
initial,1,28,16,2.3115170001983643,2.3185315132141113,0.00701451301574707
initial,1,29,16,2.3080360889434814,2.3142476081848145,0.006211519241333008
initial,1,30,16,2.324228286743164,2.307115077972412,0.017113208770751953
initial,1,31,16,2.3142952919006348,2.298426866531372,0.015868425369262695
initial,1,32,16,2.31876802444458,2.301462411880493,0.017305612564086914
initial,1,33,16,2.3040316104888916,2.3059027194976807,0.0018711090087890625
initial,1,34,16,2.314653158187866,2.2955143451690674,0.019138813018798828
initial,1,35,16,2.3127658367156982,2.31420636177063,0.0014405250549316406
initial,1,36,16,2.3055050373077393,2.3112692832946777,0.0057642459869384766
initial,1,37,16,2.310012102127075,2.3145394325256348,0.00452733039855957
initial,1,38,16,2.2997360229492188,2.3177220821380615,0.017986059188842773
initial,1,39,16,2.315465211868286,2.3220953941345215,0.0066301822662353516
initial,1,40,16,2.308708667755127,2.304008722305298,0.0046999454498291016
initial,1,41,16,2.3218424320220947,2.303896427154541,0.01794600486755371
initial,1,42,16,2.3090531826019287,2.3202784061431885,0.011225223541259766
initial,1,43,16,2.3036048412323,2.298578977584839,0.0050258636474609375
initial,1,44,16,2.3051600456237793,2.302696943283081,0.002463102340698242
initial,1,45,16,2.299678087234497,2.3038501739501953,0.004172086715698242
initial,1,46,16,2.310041904449463,2.3133251667022705,0.003283262252807617
initial,1,47,16,2.3149306774139404,2.309847831726074,0.005082845687866211
initial,1,48,16,2.2945961952209473,2.3027119636535645,0.008115768432617188
initial,1,49,16,2.3193295001983643,2.298419713973999,0.020909786224365234
initial,1,50,16,2.3078548908233643,2.317126750946045,0.009271860122680664
initial,1,51,16,2.309331178665161,2.319108009338379,0.009776830673217773
initial,1,52,16,2.3217549324035645,2.329110622406006,0.007355690002441406
initial,1,53,16,2.2936952114105225,2.28926157951355,0.004433631896972656
initial,1,54,16,2.3109614849090576,2.313699245452881,0.002737760543823242
initial,1,55,16,2.3143560886383057,2.3194024562835693,0.005046367645263672
initial,1,56,16,2.3139731884002686,2.3153879642486572,0.0014147758483886719
initial,1,57,16,2.2908380031585693,2.310429811477661,0.019591808319091797
initial,1,58,16,2.3074264526367188,2.3086769580841064,0.0012505054473876953
initial,1,59,16,2.2991111278533936,2.3042941093444824,0.005182981491088867
initial,1,60,16,2.2995221614837646,2.3118045330047607,0.012282371520996094
initial,1,61,16,2.3121092319488525,2.3166167736053467,0.004507541656494141
initial,1,62,16,2.300748586654663,2.2962870597839355,0.004461526870727539
initial,1,63,16,2.307072162628174,2.318735361099243,0.011663198471069336
final,1,0,16,2.3056468963623047,2.2993319034576416,0.006314992904663086
final,1,1,16,2.2811992168426514,2.2769100666046143,0.004289150238037109
final,1,2,16,2.2714450359344482,2.25223445892334,0.0192105770111084
final,1,3,16,2.299467086791992,2.289395570755005,0.010071516036987305
final,1,4,16,2.2495062351226807,2.269620418548584,0.02011418342590332
final,1,5,16,2.2941458225250244,2.2872440814971924,0.006901741027832031
final,1,6,16,2.257474422454834,2.257906436920166,0.00043201446533203125
final,1,7,16,2.2677464485168457,2.286015748977661,0.01826930046081543
final,1,8,16,2.2683682441711426,2.2542624473571777,0.014105796813964844
final,1,9,16,2.304896354675293,2.2458889484405518,0.05900740623474121
final,1,10,16,2.2146973609924316,2.2402539253234863,0.025556564331054688
final,1,11,16,2.292696952819824,2.2622458934783936,0.030451059341430664
final,1,12,16,2.2879488468170166,2.2827067375183105,0.005242109298706055
final,1,13,16,2.2417144775390625,2.2645187377929688,0.02280426025390625
final,1,14,16,2.2842397689819336,2.3117992877960205,0.027559518814086914
final,1,15,16,2.276731252670288,2.2501869201660156,0.02654433250427246
final,1,16,16,2.2897331714630127,2.265509605407715,0.02422356605529785
final,1,17,16,2.269657611846924,2.2633719444274902,0.006285667419433594
final,1,18,16,2.2405080795288086,2.2481439113616943,0.007635831832885742
final,1,19,16,2.28228497505188,2.2671003341674805,0.015184640884399414
final,1,20,16,2.278531074523926,2.307764768600464,0.029233694076538086
final,1,21,16,2.2665276527404785,2.271101951599121,0.004574298858642578
final,1,22,16,2.265721082687378,2.256775379180908,0.008945703506469727
final,1,23,16,2.27089786529541,2.2749717235565186,0.0040738582611083984
final,1,24,16,2.272019386291504,2.272395133972168,0.0003757476806640625
final,1,25,16,2.2800357341766357,2.3144311904907227,0.034395456314086914
final,1,26,16,2.2680141925811768,2.2601208686828613,0.00789332389831543
final,1,27,16,2.3061559200286865,2.2870311737060547,0.019124746322631836
final,1,28,16,2.2484190464019775,2.2723701000213623,0.023951053619384766
final,1,29,16,2.2642557621002197,2.267361879348755,0.0031061172485351562
final,1,30,16,2.250047445297241,2.271202564239502,0.021155118942260742
final,1,31,16,2.256699323654175,2.2630555629730225,0.006356239318847656
final,1,32,16,2.278200149536133,2.2802865505218506,0.0020864009857177734
final,1,33,16,2.2647314071655273,2.26935076713562,0.0046193599700927734
final,1,34,16,2.273987054824829,2.254875898361206,0.019111156463623047
final,1,35,16,2.276120662689209,2.3094654083251953,0.03334474563598633
final,1,36,16,2.269347906112671,2.2560391426086426,0.01330876350402832
final,1,37,16,2.271796941757202,2.259535074234009,0.01226186752319336
final,1,38,16,2.2422235012054443,2.257845878601074,0.015622377395629883
final,1,39,16,2.251072645187378,2.267622232437134,0.01654958724975586
final,1,40,16,2.2763540744781494,2.2719287872314453,0.0044252872467041016
final,1,41,16,2.2615978717803955,2.250805139541626,0.010792732238769531
final,1,42,16,2.2561235427856445,2.2712602615356445,0.01513671875
final,1,43,16,2.2814934253692627,2.2711894512176514,0.010303974151611328
final,1,44,16,2.284299850463867,2.2692463397979736,0.015053510665893555
final,1,45,16,2.251418352127075,2.283935070037842,0.0325167179107666
final,1,46,16,2.291870594024658,2.26284122467041,0.029029369354248047
final,1,47,16,2.2505624294281006,2.237928867340088,0.012633562088012695
final,1,48,16,2.2247812747955322,2.2318809032440186,0.007099628448486328
final,1,49,16,2.2368810176849365,2.2794926166534424,0.04261159896850586
final,1,50,16,2.2759130001068115,2.276690721511841,0.0007777214050292969
final,1,51,16,2.255382776260376,2.242257833480835,0.013124942779541016
final,1,52,16,2.262336254119873,2.2738680839538574,0.011531829833984375
final,1,53,16,2.276402711868286,2.2637386322021484,0.012664079666137695
final,1,54,16,2.300523281097412,2.2543892860412598,0.046133995056152344
final,1,55,16,2.2646803855895996,2.252495288848877,0.012185096740722656
final,1,56,16,2.288408041000366,2.2548158168792725,0.03359222412109375
final,1,57,16,2.299600839614868,2.247424364089966,0.052176475524902344
final,1,58,16,2.270792245864868,2.2925045490264893,0.021712303161621094
final,1,59,16,2.295839309692383,2.2603654861450195,0.03547382354736328
final,1,60,16,2.2630434036254883,2.267305612564087,0.004262208938598633
final,1,61,16,2.2542247772216797,2.255979299545288,0.0017545223236083984
final,1,62,16,2.2650766372680664,2.2990260124206543,0.03394937515258789
final,1,63,16,2.3027687072753906,2.2917604446411133,0.011008262634277344
initial,2,0,16,2.32521653175354,2.313340187072754,0.011876344680786133
initial,2,1,16,2.3148345947265625,2.3055968284606934,0.00923776626586914
initial,2,2,16,2.3070566654205322,2.309767961502075,0.0027112960815429688
initial,2,3,16,2.296105146408081,2.3058879375457764,0.009782791137695312
initial,2,4,16,2.327530860900879,2.3253214359283447,0.0022094249725341797
initial,2,5,16,2.3029637336730957,2.3056421279907227,0.002678394317626953
initial,2,6,16,2.287494659423828,2.3172059059143066,0.029711246490478516
initial,2,7,16,2.303504228591919,2.2949321269989014,0.008572101593017578
initial,2,8,16,2.3084118366241455,2.3133432865142822,0.004931449890136719
initial,2,9,16,2.2954254150390625,2.309180736541748,0.013755321502685547
initial,2,10,16,2.302427291870117,2.3089544773101807,0.0065271854400634766
initial,2,11,16,2.3253514766693115,2.3065624237060547,0.018789052963256836
initial,2,12,16,2.3144097328186035,2.331277370452881,0.016867637634277344
initial,2,13,16,2.3302907943725586,2.315824031829834,0.01446676254272461
initial,2,14,16,2.314866065979004,2.2988433837890625,0.016022682189941406
initial,2,15,16,2.301464796066284,2.312617778778076,0.011152982711791992
initial,2,16,16,2.3055901527404785,2.304805278778076,0.0007848739624023438
initial,2,17,16,2.3179588317871094,2.3061931133270264,0.011765718460083008
initial,2,18,16,2.3155767917633057,2.3122634887695312,0.003313302993774414
initial,2,19,16,2.299840211868286,2.3026716709136963,0.0028314590454101562
initial,2,20,16,2.291830062866211,2.3092453479766846,0.017415285110473633
initial,2,21,16,2.299206256866455,2.306370258331299,0.00716400146484375
initial,2,22,16,2.3065242767333984,2.3254055976867676,0.01888132095336914
initial,2,23,16,2.3122708797454834,2.3197436332702637,0.0074727535247802734
initial,2,24,16,2.3096601963043213,2.323547124862671,0.01388692855834961
initial,2,25,16,2.3084044456481934,2.3213276863098145,0.012923240661621094
initial,2,26,16,2.3134987354278564,2.310213327407837,0.0032854080200195312
initial,2,27,16,2.313758611679077,2.323190212249756,0.009431600570678711
initial,2,28,16,2.3207638263702393,2.301424264907837,0.019339561462402344
initial,2,29,16,2.3020517826080322,2.298322916030884,0.0037288665771484375
initial,2,30,16,2.3039376735687256,2.296548843383789,0.0073888301849365234
initial,2,31,16,2.3110578060150146,2.3066205978393555,0.00443720817565918
initial,2,32,16,2.3208982944488525,2.310471773147583,0.010426521301269531
initial,2,33,16,2.3089935779571533,2.318009376525879,0.009015798568725586
initial,2,34,16,2.3183276653289795,2.310591220855713,0.0077364444732666016
initial,2,35,16,2.31487774848938,2.314962148666382,8.440017700195312e-05
initial,2,36,16,2.3093655109405518,2.3138601779937744,0.004494667053222656
initial,2,37,16,2.318690538406372,2.3279151916503906,0.009224653244018555
initial,2,38,16,2.3110239505767822,2.325894355773926,0.014870405197143555
initial,2,39,16,2.3087069988250732,2.2897865772247314,0.018920421600341797
initial,2,40,16,2.304305076599121,2.3044004440307617,9.5367431640625e-05
initial,2,41,16,2.306382417678833,2.3079607486724854,0.0015783309936523438
initial,2,42,16,2.2993969917297363,2.3041205406188965,0.004723548889160156
initial,2,43,16,2.3229856491088867,2.3125622272491455,0.010423421859741211
initial,2,44,16,2.3261923789978027,2.3291032314300537,0.0029108524322509766
initial,2,45,16,2.3208673000335693,2.3199031352996826,0.0009641647338867188
initial,2,46,16,2.2995216846466064,2.294569730758667,0.004951953887939453
initial,2,47,16,2.315999984741211,2.30808162689209,0.007918357849121094
initial,2,48,16,2.3123960494995117,2.3080267906188965,0.004369258880615234
initial,2,49,16,2.313739538192749,2.3062098026275635,0.007529735565185547
initial,2,50,16,2.2983880043029785,2.296833038330078,0.0015549659729003906
initial,2,51,16,2.321038007736206,2.315062999725342,0.005975008010864258
initial,2,52,16,2.330003023147583,2.319324493408203,0.010678529739379883
initial,2,53,16,2.310657024383545,2.313065528869629,0.0024085044860839844
initial,2,54,16,2.305530309677124,2.316209554672241,0.010679244995117188
initial,2,55,16,2.2927184104919434,2.306459426879883,0.013741016387939453
initial,2,56,16,2.2947800159454346,2.304652452468872,0.0098724365234375
initial,2,57,16,2.3038856983184814,2.310504198074341,0.006618499755859375
initial,2,58,16,2.316377639770508,2.3115944862365723,0.004783153533935547
initial,2,59,16,2.3020851612091064,2.3067779541015625,0.004692792892456055
initial,2,60,16,2.321931838989258,2.3194925785064697,0.002439260482788086
initial,2,61,16,2.286020278930664,2.30501127243042,0.01899099349975586
initial,2,62,16,2.3192391395568848,2.315541982650757,0.0036971569061279297
initial,2,63,16,2.2963786125183105,2.3123276233673096,0.015949010848999023
final,2,0,16,2.2584457397460938,2.255999803543091,0.0024459362030029297
final,2,1,16,2.2554497718811035,2.229473829269409,0.025975942611694336
final,2,2,16,2.2637240886688232,2.273322820663452,0.009598731994628906
final,2,3,16,2.2577340602874756,2.2660648822784424,0.008330821990966797
final,2,4,16,2.3081393241882324,2.2884719371795654,0.019667387008666992
final,2,5,16,2.304593563079834,2.2718515396118164,0.03274202346801758
final,2,6,16,2.296736478805542,2.273505687713623,0.023230791091918945
final,2,7,16,2.229505777359009,2.2436234951019287,0.014117717742919922
final,2,8,16,2.255535840988159,2.2698678970336914,0.014332056045532227
final,2,9,16,2.3098409175872803,2.301908254623413,0.007932662963867188
final,2,10,16,2.2404351234436035,2.249483585357666,0.0090484619140625
final,2,11,16,2.3077917098999023,2.282518148422241,0.025273561477661133
final,2,12,16,2.2678897380828857,2.2491118907928467,0.018777847290039062
final,2,13,16,2.270814895629883,2.2756283283233643,0.004813432693481445
final,2,14,16,2.290440797805786,2.2634472846984863,0.026993513107299805
final,2,15,16,2.285660982131958,2.298529624938965,0.012868642807006836
final,2,16,16,2.2539873123168945,2.2568700313568115,0.002882719039916992
final,2,17,16,2.264336347579956,2.2422845363616943,0.02205181121826172
final,2,18,16,2.275628089904785,2.2625677585601807,0.013060331344604492
final,2,19,16,2.2733170986175537,2.242243528366089,0.031073570251464844
final,2,20,16,2.250152587890625,2.2988808155059814,0.048728227615356445
final,2,21,16,2.2773826122283936,2.2756271362304688,0.0017554759979248047
final,2,22,16,2.276665449142456,2.284309148788452,0.007643699645996094
final,2,23,16,2.304279088973999,2.292942523956299,0.011336565017700195
final,2,24,16,2.276803970336914,2.2638492584228516,0.0129547119140625
final,2,25,16,2.2837674617767334,2.287219762802124,0.003452301025390625
final,2,26,16,2.287731409072876,2.26216459274292,0.025566816329956055
final,2,27,16,2.2249507904052734,2.278773307800293,0.05382251739501953
final,2,28,16,2.2729361057281494,2.284858226776123,0.011922121047973633
final,2,29,16,2.278177499771118,2.291783332824707,0.013605833053588867
final,2,30,16,2.266406774520874,2.2695388793945312,0.0031321048736572266
final,2,31,16,2.271409034729004,2.2605502605438232,0.010858774185180664
final,2,32,16,2.2482879161834717,2.278146266937256,0.02985835075378418
final,2,33,16,2.2715282440185547,2.2533602714538574,0.018167972564697266
final,2,34,16,2.26672625541687,2.262105941772461,0.00462031364440918
final,2,35,16,2.284351110458374,2.266866445541382,0.017484664916992188
final,2,36,16,2.2789676189422607,2.2667739391326904,0.012193679809570312
final,2,37,16,2.2591733932495117,2.2563884258270264,0.0027849674224853516
final,2,38,16,2.295224666595459,2.2960236072540283,0.0007989406585693359
final,2,39,16,2.2523112297058105,2.2269816398620605,0.02532958984375
final,2,40,16,2.26255202293396,2.2708358764648438,0.008283853530883789
final,2,41,16,2.226879119873047,2.271906614303589,0.04502749443054199
final,2,42,16,2.274527072906494,2.2586097717285156,0.015917301177978516
final,2,43,16,2.250445604324341,2.266056537628174,0.015610933303833008
final,2,44,16,2.2764904499053955,2.2589762210845947,0.01751422882080078
final,2,45,16,2.299377679824829,2.308225393295288,0.008847713470458984
final,2,46,16,2.2655210494995117,2.2953450679779053,0.029824018478393555
final,2,47,16,2.2585244178771973,2.2450337409973145,0.013490676879882812
final,2,48,16,2.276270866394043,2.262009382247925,0.014261484146118164
final,2,49,16,2.254225969314575,2.30354905128479,0.049323081970214844
final,2,50,16,2.2754909992218018,2.2772693634033203,0.0017783641815185547
final,2,51,16,2.26314377784729,2.2583887577056885,0.0047550201416015625
final,2,52,16,2.309476613998413,2.29854679107666,0.01092982292175293
final,2,53,16,2.2524452209472656,2.259324073791504,0.006878852844238281
final,2,54,16,2.293919324874878,2.254030227661133,0.03988909721374512
final,2,55,16,2.2927818298339844,2.2960610389709473,0.0032792091369628906
final,2,56,16,2.2558727264404297,2.265242099761963,0.009369373321533203
final,2,57,16,2.278543710708618,2.254910945892334,0.02363276481628418
final,2,58,16,2.2567942142486572,2.2415363788604736,0.015257835388183594
final,2,59,16,2.2628417015075684,2.2693140506744385,0.006472349166870117
final,2,60,16,2.264984607696533,2.271648645401001,0.0066640377044677734
final,2,61,16,2.2620034217834473,2.2722902297973633,0.010286808013916016
final,2,62,16,2.27085542678833,2.2770981788635254,0.0062427520751953125
final,2,63,16,2.254925489425659,2.2361032962799072,0.018822193145751953
initial,3,0,16,2.3064146041870117,2.3034489154815674,0.002965688705444336
initial,3,1,16,2.309823513031006,2.3067445755004883,0.003078937530517578
initial,3,2,16,2.307526111602783,2.298969268798828,0.008556842803955078
initial,3,3,16,2.313507318496704,2.3124256134033203,0.001081705093383789
initial,3,4,16,2.308072328567505,2.293297052383423,0.014775276184082031
initial,3,5,16,2.328437328338623,2.316065788269043,0.012371540069580078
initial,3,6,16,2.302584171295166,2.2948555946350098,0.00772857666015625
initial,3,7,16,2.317047119140625,2.315051794052124,0.0019953250885009766
initial,3,8,16,2.3054144382476807,2.3094136714935303,0.003999233245849609
initial,3,9,16,2.3067381381988525,2.293184995651245,0.013553142547607422
initial,3,10,16,2.3145949840545654,2.309764862060547,0.004830121994018555
initial,3,11,16,2.312066078186035,2.3086771965026855,0.0033888816833496094
initial,3,12,16,2.3221547603607178,2.3153345584869385,0.006820201873779297
initial,3,13,16,2.3042032718658447,2.304597854614258,0.00039458274841308594
initial,3,14,16,2.3164961338043213,2.3181395530700684,0.0016434192657470703
initial,3,15,16,2.3095855712890625,2.3125827312469482,0.002997159957885742
initial,3,16,16,2.315133810043335,2.327624559402466,0.01249074935913086
initial,3,17,16,2.303279399871826,2.314211130142212,0.010931730270385742
initial,3,18,16,2.3154709339141846,2.3088560104370117,0.0066149234771728516
initial,3,19,16,2.295820474624634,2.311124563217163,0.015304088592529297
initial,3,20,16,2.3127005100250244,2.312790870666504,9.036064147949219e-05
initial,3,21,16,2.3064303398132324,2.30484676361084,0.0015835762023925781
initial,3,22,16,2.308356523513794,2.310122013092041,0.0017654895782470703
initial,3,23,16,2.2932887077331543,2.307417631149292,0.014128923416137695
initial,3,24,16,2.301077365875244,2.3018386363983154,0.0007612705230712891
initial,3,25,16,2.3055813312530518,2.301374673843384,0.004206657409667969
initial,3,26,16,2.3068501949310303,2.3042190074920654,0.0026311874389648438
initial,3,27,16,2.3066442012786865,2.313615083694458,0.006970882415771484
initial,3,28,16,2.307098388671875,2.3057589530944824,0.0013394355773925781
initial,3,29,16,2.3138041496276855,2.3064935207366943,0.007310628890991211
initial,3,30,16,2.3092870712280273,2.30582857131958,0.0034584999084472656
initial,3,31,16,2.3264057636260986,2.31891131401062,0.007494449615478516
initial,3,32,16,2.315368890762329,2.3173105716705322,0.001941680908203125
initial,3,33,16,2.309075355529785,2.308800220489502,0.0002751350402832031
initial,3,34,16,2.325925350189209,2.3168206214904785,0.009104728698730469
initial,3,35,16,2.3124449253082275,2.306288719177246,0.006156206130981445
initial,3,36,16,2.3004331588745117,2.298855781555176,0.0015773773193359375
initial,3,37,16,2.3018648624420166,2.2992146015167236,0.0026502609252929688
initial,3,38,16,2.3144853115081787,2.310640811920166,0.0038444995880126953
initial,3,39,16,2.2991201877593994,2.296962261199951,0.002157926559448242
initial,3,40,16,2.3097145557403564,2.3139004707336426,0.004185914993286133
initial,3,41,16,2.302107334136963,2.3082430362701416,0.006135702133178711
initial,3,42,16,2.3147265911102295,2.3212554454803467,0.0065288543701171875
initial,3,43,16,2.299589157104492,2.314544916152954,0.014955759048461914
initial,3,44,16,2.3176474571228027,2.3169023990631104,0.0007450580596923828
initial,3,45,16,2.329784631729126,2.3050191402435303,0.024765491485595703
initial,3,46,16,2.3107454776763916,2.3166916370391846,0.005946159362792969
initial,3,47,16,2.310086965560913,2.3151919841766357,0.005105018615722656
initial,3,48,16,2.2912724018096924,2.3114676475524902,0.02019524574279785
initial,3,49,16,2.309103012084961,2.3330202102661133,0.023917198181152344
initial,3,50,16,2.300381898880005,2.3084468841552734,0.008064985275268555
initial,3,51,16,2.323338031768799,2.3235514163970947,0.00021338462829589844
initial,3,52,16,2.308161973953247,2.316988706588745,0.008826732635498047
initial,3,53,16,2.3199033737182617,2.325179100036621,0.005275726318359375
initial,3,54,16,2.3322317600250244,2.310523271560669,0.02170848846435547
initial,3,55,16,2.3042349815368652,2.3202297687530518,0.015994787216186523
initial,3,56,16,2.3100733757019043,2.29610276222229,0.013970613479614258
initial,3,57,16,2.303349733352661,2.310617685317993,0.007267951965332031
initial,3,58,16,2.3084609508514404,2.3198249340057373,0.011363983154296875
initial,3,59,16,2.3099782466888428,2.3173718452453613,0.007393598556518555
initial,3,60,16,2.318274736404419,2.3177924156188965,0.00048232078552246094
initial,3,61,16,2.31821870803833,2.318402051925659,0.00018334388732910156
initial,3,62,16,2.318998098373413,2.318917751312256,8.034706115722656e-05
initial,3,63,16,2.313638210296631,2.311502456665039,0.002135753631591797
final,3,0,16,2.237168550491333,2.243070125579834,0.0059015750885009766
final,3,1,16,2.2462708950042725,2.288782835006714,0.042511940002441406
final,3,2,16,2.293795108795166,2.2758233547210693,0.01797175407409668
final,3,3,16,2.263218879699707,2.265972375869751,0.0027534961700439453
final,3,4,16,2.2815918922424316,2.2672524452209473,0.014339447021484375
final,3,5,16,2.2671730518341064,2.2517781257629395,0.015394926071166992
final,3,6,16,2.308368444442749,2.2907063961029053,0.01766204833984375
final,3,7,16,2.2661070823669434,2.283949851989746,0.017842769622802734
final,3,8,16,2.2690746784210205,2.275686264038086,0.00661158561706543
final,3,9,16,2.276614189147949,2.254181385040283,0.022432804107666016
final,3,10,16,2.2619619369506836,2.288510322570801,0.026548385620117188
final,3,11,16,2.2625887393951416,2.2919719219207764,0.029383182525634766
final,3,12,16,2.278437376022339,2.258596897125244,0.019840478897094727
final,3,13,16,2.2741732597351074,2.2749431133270264,0.0007698535919189453
final,3,14,16,2.254321336746216,2.2391374111175537,0.01518392562866211
final,3,15,16,2.2668042182922363,2.278956413269043,0.01215219497680664
final,3,16,16,2.292463779449463,2.286921739578247,0.00554203987121582
final,3,17,16,2.2681260108947754,2.267819881439209,0.00030612945556640625
final,3,18,16,2.2940428256988525,2.295646905899048,0.0016040802001953125
final,3,19,16,2.299776554107666,2.2651727199554443,0.03460383415222168
final,3,20,16,2.282738208770752,2.2815799713134766,0.0011582374572753906
final,3,21,16,2.2526628971099854,2.239838123321533,0.012824773788452148
final,3,22,16,2.277416706085205,2.2591686248779297,0.01824808120727539
final,3,23,16,2.2551863193511963,2.261667013168335,0.006480693817138672
final,3,24,16,2.3063108921051025,2.2859511375427246,0.02035975456237793
final,3,25,16,2.273301601409912,2.2662057876586914,0.007095813751220703
final,3,26,16,2.2670435905456543,2.2706167697906494,0.003573179244995117
final,3,27,16,2.249513626098633,2.2655491828918457,0.01603555679321289
final,3,28,16,2.258641004562378,2.272897958755493,0.014256954193115234
final,3,29,16,2.2983410358428955,2.2911667823791504,0.007174253463745117
final,3,30,16,2.3050479888916016,2.2635889053344727,0.041459083557128906
final,3,31,16,2.2690322399139404,2.2527127265930176,0.01631951332092285
final,3,32,16,2.25106143951416,2.2334797382354736,0.017581701278686523
final,3,33,16,2.2422587871551514,2.269582509994507,0.02732372283935547
final,3,34,16,2.2561075687408447,2.2931597232818604,0.037052154541015625
final,3,35,16,2.260763168334961,2.278806686401367,0.01804351806640625
final,3,36,16,2.289851427078247,2.2820162773132324,0.007835149765014648
final,3,37,16,2.260946035385132,2.300658702850342,0.03971266746520996
final,3,38,16,2.2251169681549072,2.2190048694610596,0.006112098693847656
final,3,39,16,2.2708230018615723,2.275883674621582,0.005060672760009766
final,3,40,16,2.300513982772827,2.2824583053588867,0.01805567741394043
final,3,41,16,2.246448278427124,2.250347375869751,0.003899097442626953
final,3,42,16,2.2836692333221436,2.2614657878875732,0.022203445434570312
final,3,43,16,2.2837021350860596,2.287825107574463,0.00412297248840332
final,3,44,16,2.267418384552002,2.258209228515625,0.009209156036376953
final,3,45,16,2.2700488567352295,2.279188871383667,0.0091400146484375
final,3,46,16,2.3023600578308105,2.2858543395996094,0.016505718231201172
final,3,47,16,2.2861030101776123,2.31292986869812,0.026826858520507812
final,3,48,16,2.2913155555725098,2.2856087684631348,0.005706787109375
final,3,49,16,2.257387638092041,2.283928155899048,0.026540517807006836
final,3,50,16,2.2447264194488525,2.2751052379608154,0.03037881851196289
final,3,51,16,2.264909505844116,2.2605135440826416,0.004395961761474609
final,3,52,16,2.222858190536499,2.2140908241271973,0.008767366409301758
final,3,53,16,2.247420072555542,2.261349678039551,0.013929605484008789
final,3,54,16,2.251077175140381,2.2612223625183105,0.010145187377929688
final,3,55,16,2.264413356781006,2.278402090072632,0.013988733291625977
final,3,56,16,2.2751567363739014,2.3017568588256836,0.026600122451782227
final,3,57,16,2.269564628601074,2.2845611572265625,0.014996528625488281
final,3,58,16,2.2759673595428467,2.2545325756073,0.021434783935546875
final,3,59,16,2.2486629486083984,2.245389699935913,0.0032732486724853516
final,3,60,16,2.291170358657837,2.2905261516571045,0.0006442070007324219
final,3,61,16,2.2548325061798096,2.223797559738159,0.03103494644165039
final,3,62,16,2.254594087600708,2.2703208923339844,0.015726804733276367
final,3,63,16,2.2423672676086426,2.247753620147705,0.0053863525390625
initial,4,0,16,2.319375991821289,2.3004443645477295,0.01893162727355957
initial,4,1,16,2.3014259338378906,2.3088226318359375,0.007396697998046875
initial,4,2,16,2.3112223148345947,2.311189889907837,3.24249267578125e-05
initial,4,3,16,2.2993271350860596,2.311845064163208,0.012517929077148438
initial,4,4,16,2.3214104175567627,2.3244872093200684,0.003076791763305664
initial,4,5,16,2.3021230697631836,2.2891035079956055,0.013019561767578125
initial,4,6,16,2.306295156478882,2.3136560916900635,0.007360935211181641
initial,4,7,16,2.3120033740997314,2.304497241973877,0.007506132125854492
initial,4,8,16,2.3148720264434814,2.2958178520202637,0.019054174423217773
initial,4,9,16,2.3174312114715576,2.3130669593811035,0.0043642520904541016
initial,4,10,16,2.3153488636016846,2.318129301071167,0.002780437469482422
initial,4,11,16,2.3075971603393555,2.307525157928467,7.200241088867188e-05
initial,4,12,16,2.308222770690918,2.3030080795288086,0.005214691162109375
initial,4,13,16,2.2997100353240967,2.306288719177246,0.006578683853149414
initial,4,14,16,2.309695243835449,2.3045051097869873,0.005190134048461914
initial,4,15,16,2.319422483444214,2.3166556358337402,0.002766847610473633
initial,4,16,16,2.3071796894073486,2.2975006103515625,0.009679079055786133
initial,4,17,16,2.3024888038635254,2.3028416633605957,0.0003528594970703125
initial,4,18,16,2.3145904541015625,2.3053812980651855,0.009209156036376953
initial,4,19,16,2.315654754638672,2.301255464553833,0.014399290084838867
initial,4,20,16,2.3009796142578125,2.309966802597046,0.008987188339233398
initial,4,21,16,2.311903238296509,2.317166566848755,0.005263328552246094
initial,4,22,16,2.3144476413726807,2.3062779903411865,0.00816965103149414
initial,4,23,16,2.3265273571014404,2.3076915740966797,0.018835783004760742
initial,4,24,16,2.311131477355957,2.3115127086639404,0.00038123130798339844
initial,4,25,16,2.313110828399658,2.3008995056152344,0.012211322784423828
initial,4,26,16,2.307239532470703,2.3165297508239746,0.009290218353271484
initial,4,27,16,2.299609899520874,2.3156702518463135,0.016060352325439453
initial,4,28,16,2.3154540061950684,2.3037452697753906,0.011708736419677734
initial,4,29,16,2.312130928039551,2.3038785457611084,0.008252382278442383
initial,4,30,16,2.3194756507873535,2.3199262619018555,0.0004506111145019531
initial,4,31,16,2.308429718017578,2.306431293487549,0.001998424530029297
initial,4,32,16,2.3142788410186768,2.316657543182373,0.002378702163696289
initial,4,33,16,2.3191022872924805,2.3045670986175537,0.014535188674926758
initial,4,34,16,2.3157458305358887,2.3169357776641846,0.0011899471282958984
initial,4,35,16,2.2934517860412598,2.295701503753662,0.0022497177124023438
initial,4,36,16,2.310551166534424,2.3087031841278076,0.001847982406616211
initial,4,37,16,2.3086984157562256,2.3074488639831543,0.001249551773071289
initial,4,38,16,2.3078701496124268,2.3178606033325195,0.009990453720092773
initial,4,39,16,2.3141465187072754,2.3227338790893555,0.008587360382080078
initial,4,40,16,2.3014042377471924,2.3093907833099365,0.00798654556274414
initial,4,41,16,2.303725481033325,2.3055689334869385,0.0018434524536132812
initial,4,42,16,2.298832654953003,2.3082454204559326,0.009412765502929688
initial,4,43,16,2.321277141571045,2.303913116455078,0.017364025115966797
initial,4,44,16,2.3038089275360107,2.3169307708740234,0.013121843338012695
initial,4,45,16,2.2981374263763428,2.313443422317505,0.01530599594116211
initial,4,46,16,2.3072474002838135,2.31146240234375,0.0042150020599365234
initial,4,47,16,2.307126045227051,2.3111732006073,0.0040471553802490234
initial,4,48,16,2.320577383041382,2.322634220123291,0.0020568370819091797
initial,4,49,16,2.3079867362976074,2.2954845428466797,0.012502193450927734
initial,4,50,16,2.311072587966919,2.3195908069610596,0.008518218994140625
initial,4,51,16,2.3084964752197266,2.303647756576538,0.0048487186431884766
initial,4,52,16,2.3111560344696045,2.313844680786133,0.0026886463165283203
initial,4,53,16,2.2954261302948,2.2968897819519043,0.0014636516571044922
initial,4,54,16,2.308572292327881,2.295758008956909,0.01281428337097168
initial,4,55,16,2.312939167022705,2.299830913543701,0.013108253479003906
initial,4,56,16,2.326188087463379,2.317031145095825,0.009156942367553711
initial,4,57,16,2.3026986122131348,2.303178071975708,0.0004794597625732422
initial,4,58,16,2.3050761222839355,2.3067100048065186,0.0016338825225830078
initial,4,59,16,2.304530143737793,2.297541618347168,0.006988525390625
initial,4,60,16,2.3165295124053955,2.3284101486206055,0.011880636215209961
initial,4,61,16,2.304380178451538,2.3101518154144287,0.005771636962890625
initial,4,62,16,2.3208425045013428,2.3013808727264404,0.019461631774902344
initial,4,63,16,2.3038783073425293,2.3020362854003906,0.0018420219421386719
final,4,0,16,2.2629342079162598,2.2543840408325195,0.008550167083740234
final,4,1,16,2.242584228515625,2.2305355072021484,0.012048721313476562
final,4,2,16,2.278073310852051,2.278313636779785,0.000240325927734375
final,4,3,16,2.2662792205810547,2.2948100566864014,0.02853083610534668
final,4,4,16,2.2984914779663086,2.307823896408081,0.009332418441772461
final,4,5,16,2.2849624156951904,2.264753580093384,0.02020883560180664
final,4,6,16,2.289480209350586,2.2558090686798096,0.03367114067077637
final,4,7,16,2.275960683822632,2.296520233154297,0.02055954933166504
final,4,8,16,2.2765891551971436,2.26102352142334,0.015565633773803711
final,4,9,16,2.2390170097351074,2.247678518295288,0.008661508560180664
final,4,10,16,2.2564444541931152,2.2394864559173584,0.016957998275756836
final,4,11,16,2.301133155822754,2.3022592067718506,0.0011260509490966797
final,4,12,16,2.251969575881958,2.2587363719940186,0.006766796112060547
final,4,13,16,2.258307695388794,2.252998113632202,0.005309581756591797
final,4,14,16,2.2711193561553955,2.319234609603882,0.04811525344848633
final,4,15,16,2.2871670722961426,2.2792463302612305,0.00792074203491211
final,4,16,16,2.2724289894104004,2.292267084121704,0.01983809471130371
final,4,17,16,2.296124219894409,2.305091381072998,0.008967161178588867
final,4,18,16,2.2569286823272705,2.296886682510376,0.03995800018310547
final,4,19,16,2.2678797245025635,2.2539918422698975,0.013887882232666016
final,4,20,16,2.277010440826416,2.282050609588623,0.005040168762207031
final,4,21,16,2.268968105316162,2.26977276802063,0.0008046627044677734
final,4,22,16,2.327007293701172,2.292045831680298,0.03496146202087402
final,4,23,16,2.2384331226348877,2.2062761783599854,0.032156944274902344
final,4,24,16,2.2315142154693604,2.223792314529419,0.007721900939941406
final,4,25,16,2.259986400604248,2.2655208110809326,0.00553441047668457
final,4,26,16,2.2628366947174072,2.228950023651123,0.03388667106628418
final,4,27,16,2.249638319015503,2.2772481441497803,0.027609825134277344
final,4,28,16,2.2535030841827393,2.2673208713531494,0.013817787170410156
final,4,29,16,2.254643678665161,2.2659730911254883,0.011329412460327148
final,4,30,16,2.2780354022979736,2.26838755607605,0.009647846221923828
final,4,31,16,2.2757067680358887,2.285020589828491,0.009313821792602539
final,4,32,16,2.276282787322998,2.2862801551818848,0.009997367858886719
final,4,33,16,2.2811877727508545,2.306434392929077,0.025246620178222656
final,4,34,16,2.271923065185547,2.2722718715667725,0.00034880638122558594
final,4,35,16,2.28238844871521,2.267024517059326,0.015363931655883789
final,4,36,16,2.2834560871124268,2.271329641342163,0.012126445770263672
final,4,37,16,2.290282964706421,2.2853405475616455,0.004942417144775391
final,4,38,16,2.274887800216675,2.29061222076416,0.01572442054748535
final,4,39,16,2.2938544750213623,2.322671890258789,0.028817415237426758
final,4,40,16,2.2800631523132324,2.2716760635375977,0.008387088775634766
final,4,41,16,2.2522668838500977,2.261951208114624,0.009684324264526367
final,4,42,16,2.241715669631958,2.2771780490875244,0.035462379455566406
final,4,43,16,2.250896453857422,2.227604866027832,0.023291587829589844
final,4,44,16,2.276949405670166,2.2842421531677246,0.007292747497558594
final,4,45,16,2.279668092727661,2.2558906078338623,0.023777484893798828
final,4,46,16,2.2731804847717285,2.2962779998779297,0.023097515106201172
final,4,47,16,2.2761871814727783,2.262648344039917,0.013538837432861328
final,4,48,16,2.2493011951446533,2.2382967472076416,0.011004447937011719
final,4,49,16,2.2593302726745605,2.2766387462615967,0.017308473587036133
final,4,50,16,2.25026273727417,2.264364004135132,0.014101266860961914
final,4,51,16,2.27870774269104,2.284280300140381,0.00557255744934082
final,4,52,16,2.2729098796844482,2.28774356842041,0.014833688735961914
final,4,53,16,2.2768208980560303,2.251391649246216,0.025429248809814453
final,4,54,16,2.2597270011901855,2.2856602668762207,0.025933265686035156
final,4,55,16,2.2797811031341553,2.2617897987365723,0.017991304397583008
final,4,56,16,2.27618145942688,2.3020401000976562,0.025858640670776367
final,4,57,16,2.283263921737671,2.2936408519744873,0.010376930236816406
final,4,58,16,2.2984201908111572,2.266583204269409,0.03183698654174805
final,4,59,16,2.2428460121154785,2.2534689903259277,0.010622978210449219
final,4,60,16,2.253232002258301,2.273582935333252,0.020350933074951172
final,4,61,16,2.2752134799957275,2.2743265628814697,0.0008869171142578125
final,4,62,16,2.2898919582366943,2.2686116695404053,0.021280288696289062
final,4,63,16,2.2358334064483643,2.2475788593292236,0.011745452880859375
initial,5,0,16,2.3212246894836426,2.305384874343872,0.015839815139770508
initial,5,1,16,2.3024747371673584,2.3100388050079346,0.007564067840576172
initial,5,2,16,2.3182764053344727,2.318707227706909,0.00043082237243652344
initial,5,3,16,2.300934076309204,2.3000428676605225,0.0008912086486816406
initial,5,4,16,2.3151731491088867,2.314216375350952,0.0009567737579345703
initial,5,5,16,2.3059439659118652,2.30792236328125,0.0019783973693847656
initial,5,6,16,2.3182532787323,2.307292938232422,0.01096034049987793
initial,5,7,16,2.3031165599823,2.3012449741363525,0.0018715858459472656
initial,5,8,16,2.316131830215454,2.3282158374786377,0.012084007263183594
initial,5,9,16,2.289992332458496,2.293545722961426,0.0035533905029296875
initial,5,10,16,2.3065898418426514,2.2991714477539062,0.007418394088745117
initial,5,11,16,2.310173511505127,2.3082356452941895,0.0019378662109375
initial,5,12,16,2.3225347995758057,2.309197425842285,0.013337373733520508
initial,5,13,16,2.3207714557647705,2.3051259517669678,0.015645503997802734
initial,5,14,16,2.306205987930298,2.312957763671875,0.0067517757415771484
initial,5,15,16,2.3077807426452637,2.2955379486083984,0.012242794036865234
initial,5,16,16,2.3117012977600098,2.320667028427124,0.008965730667114258
initial,5,17,16,2.3077244758605957,2.305495500564575,0.002228975296020508
initial,5,18,16,2.304558277130127,2.306877851486206,0.0023195743560791016
initial,5,19,16,2.331206798553467,2.3116257190704346,0.019581079483032227
initial,5,20,16,2.2830698490142822,2.296760320663452,0.013690471649169922
initial,5,21,16,2.3247861862182617,2.321526527404785,0.0032596588134765625
initial,5,22,16,2.3046114444732666,2.3201591968536377,0.015547752380371094
initial,5,23,16,2.309208631515503,2.311535120010376,0.002326488494873047
initial,5,24,16,2.3039400577545166,2.3034684658050537,0.0004715919494628906
initial,5,25,16,2.3041539192199707,2.2893314361572266,0.01482248306274414
initial,5,26,16,2.299821376800537,2.291698694229126,0.008122682571411133
initial,5,27,16,2.313978672027588,2.311053514480591,0.0029251575469970703
initial,5,28,16,2.3000574111938477,2.3077709674835205,0.0077135562896728516
initial,5,29,16,2.3121767044067383,2.3100666999816895,0.002110004425048828
initial,5,30,16,2.310706853866577,2.333672523498535,0.022965669631958008
initial,5,31,16,2.305387496948242,2.317032814025879,0.011645317077636719
initial,5,32,16,2.313805103302002,2.3258988857269287,0.012093782424926758
initial,5,33,16,2.3055572509765625,2.298813581466675,0.006743669509887695
initial,5,34,16,2.323798656463623,2.314267635345459,0.009531021118164062
initial,5,35,16,2.317185640335083,2.318828821182251,0.0016431808471679688
initial,5,36,16,2.3144619464874268,2.317094087600708,0.00263214111328125
initial,5,37,16,2.309108257293701,2.2988903522491455,0.010217905044555664
initial,5,38,16,2.3204033374786377,2.2966601848602295,0.023743152618408203
initial,5,39,16,2.302731990814209,2.3144779205322266,0.011745929718017578
initial,5,40,16,2.327951192855835,2.309626579284668,0.018324613571166992
initial,5,41,16,2.3087432384490967,2.315681219100952,0.006937980651855469
initial,5,42,16,2.300581455230713,2.3078994750976562,0.007318019866943359
initial,5,43,16,2.308737277984619,2.3168845176696777,0.008147239685058594
initial,5,44,16,2.3122451305389404,2.316751480102539,0.004506349563598633
initial,5,45,16,2.310983896255493,2.313016653060913,0.002032756805419922
initial,5,46,16,2.309744119644165,2.3120105266571045,0.002266407012939453
initial,5,47,16,2.318605661392212,2.328735113143921,0.010129451751708984
initial,5,48,16,2.274075984954834,2.2887167930603027,0.01464080810546875
initial,5,49,16,2.305791139602661,2.2929162979125977,0.012874841690063477
initial,5,50,16,2.306148052215576,2.3042643070220947,0.0018837451934814453
initial,5,51,16,2.3185925483703613,2.32131028175354,0.002717733383178711
initial,5,52,16,2.3123605251312256,2.3126132488250732,0.00025272369384765625
initial,5,53,16,2.3121821880340576,2.304823398590088,0.0073587894439697266
initial,5,54,16,2.3087668418884277,2.3067286014556885,0.002038240432739258
initial,5,55,16,2.3186867237091064,2.3148915767669678,0.003795146942138672
initial,5,56,16,2.3102152347564697,2.294764995574951,0.015450239181518555
initial,5,57,16,2.3129055500030518,2.3018271923065186,0.011078357696533203
initial,5,58,16,2.319786310195923,2.303053617477417,0.01673269271850586
initial,5,59,16,2.311997652053833,2.305931329727173,0.006066322326660156
initial,5,60,16,2.3050427436828613,2.304448127746582,0.0005946159362792969
initial,5,61,16,2.3016557693481445,2.311579704284668,0.009923934936523438
initial,5,62,16,2.3030004501342773,2.3002054691314697,0.002794981002807617
initial,5,63,16,2.3164517879486084,2.319159507751465,0.0027077198028564453
final,5,0,16,2.2775380611419678,2.2637033462524414,0.013834714889526367
final,5,1,16,2.269737720489502,2.2657978534698486,0.00393986701965332
final,5,2,16,2.292168617248535,2.2711410522460938,0.021027565002441406
final,5,3,16,2.262094736099243,2.2641334533691406,0.002038717269897461
final,5,4,16,2.26826548576355,2.2551050186157227,0.013160467147827148
final,5,5,16,2.267319440841675,2.2964816093444824,0.029162168502807617
final,5,6,16,2.2770235538482666,2.257233142852783,0.0197904109954834
final,5,7,16,2.294618606567383,2.2773633003234863,0.017255306243896484
final,5,8,16,2.2750048637390137,2.2481460571289062,0.026858806610107422
final,5,9,16,2.301146984100342,2.2827608585357666,0.018386125564575195
final,5,10,16,2.2858965396881104,2.2698044776916504,0.01609206199645996
final,5,11,16,2.272590160369873,2.254660129547119,0.017930030822753906
final,5,12,16,2.273346185684204,2.2662267684936523,0.007119417190551758
final,5,13,16,2.29318904876709,2.25406813621521,0.03912091255187988
final,5,14,16,2.257859945297241,2.296401262283325,0.038541316986083984
final,5,15,16,2.229055643081665,2.2138776779174805,0.01517796516418457
final,5,16,16,2.2640366554260254,2.2899703979492188,0.02593374252319336
final,5,17,16,2.267749547958374,2.2702205181121826,0.0024709701538085938
final,5,18,16,2.2843658924102783,2.287726640701294,0.003360748291015625
final,5,19,16,2.2685463428497314,2.270052909851074,0.0015065670013427734
final,5,20,16,2.2827773094177246,2.271944522857666,0.010832786560058594
final,5,21,16,2.27710223197937,2.241809368133545,0.035292863845825195
final,5,22,16,2.2726433277130127,2.255011558532715,0.01763176918029785
final,5,23,16,2.2779202461242676,2.253842830657959,0.024077415466308594
final,5,24,16,2.25825834274292,2.2618086338043213,0.003550291061401367
final,5,25,16,2.265388250350952,2.2951033115386963,0.02971506118774414
final,5,26,16,2.262944221496582,2.298872470855713,0.03592824935913086
final,5,27,16,2.3004841804504395,2.3025012016296387,0.0020170211791992188
final,5,28,16,2.2869043350219727,2.2745625972747803,0.012341737747192383
final,5,29,16,2.2583563327789307,2.250049114227295,0.008307218551635742
final,5,30,16,2.2707059383392334,2.2160775661468506,0.05462837219238281
final,5,31,16,2.2771406173706055,2.2555739879608154,0.02156662940979004
final,5,32,16,2.279083251953125,2.250567674636841,0.02851557731628418
final,5,33,16,2.2939202785491943,2.2811830043792725,0.012737274169921875
final,5,34,16,2.2853221893310547,2.2714779376983643,0.01384425163269043
final,5,35,16,2.272622585296631,2.2739107608795166,0.0012881755828857422
final,5,36,16,2.2909317016601562,2.2677512168884277,0.023180484771728516
final,5,37,16,2.2587060928344727,2.254772901535034,0.0039331912994384766
final,5,38,16,2.2762701511383057,2.255842447280884,0.020427703857421875
final,5,39,16,2.2634990215301514,2.2446248531341553,0.018874168395996094
final,5,40,16,2.2719202041625977,2.2603557109832764,0.011564493179321289
final,5,41,16,2.2781145572662354,2.266179084777832,0.01193547248840332
final,5,42,16,2.3048782348632812,2.2737138271331787,0.03116440773010254
final,5,43,16,2.282113790512085,2.26405668258667,0.01805710792541504
final,5,44,16,2.285968065261841,2.270453453063965,0.015514612197875977
final,5,45,16,2.285491943359375,2.267595052719116,0.01789689064025879
final,5,46,16,2.262030601501465,2.2713875770568848,0.009356975555419922
final,5,47,16,2.2440991401672363,2.2716434001922607,0.027544260025024414
final,5,48,16,2.2600960731506348,2.2086806297302246,0.051415443420410156
final,5,49,16,2.2870359420776367,2.26878023147583,0.01825571060180664
final,5,50,16,2.248339891433716,2.2651824951171875,0.01684260368347168
final,5,51,16,2.2571263313293457,2.277864456176758,0.02073812484741211
final,5,52,16,2.255784749984741,2.267561674118042,0.011776924133300781
final,5,53,16,2.291046619415283,2.2798995971679688,0.011147022247314453
final,5,54,16,2.2223222255706787,2.206864356994629,0.015457868576049805
final,5,55,16,2.258268356323242,2.272627830505371,0.014359474182128906
final,5,56,16,2.270693778991699,2.260338544845581,0.010355234146118164
final,5,57,16,2.2751169204711914,2.2647933959960938,0.010323524475097656
final,5,58,16,2.2592175006866455,2.254124164581299,0.00509333610534668
final,5,59,16,2.2595627307891846,2.2514123916625977,0.008150339126586914
final,5,60,16,2.2764315605163574,2.247375011444092,0.029056549072265625
final,5,61,16,2.2618520259857178,2.2710976600646973,0.009245634078979492
final,5,62,16,2.2713637351989746,2.281304359436035,0.009940624237060547
final,5,63,16,2.2677414417266846,2.2574238777160645,0.010317564010620117
initial,6,0,16,2.300868272781372,2.3093655109405518,0.008497238159179688
initial,6,1,16,2.3162548542022705,2.3175833225250244,0.0013284683227539062
initial,6,2,16,2.3132221698760986,2.3175737857818604,0.004351615905761719
initial,6,3,16,2.312128782272339,2.309988021850586,0.0021407604217529297
initial,6,4,16,2.3188343048095703,2.3022892475128174,0.01654505729675293
initial,6,5,16,2.308459520339966,2.3079304695129395,0.0005290508270263672
initial,6,6,16,2.3100640773773193,2.305206537246704,0.004857540130615234
initial,6,7,16,2.308215856552124,2.3116602897644043,0.0034444332122802734
initial,6,8,16,2.2928287982940674,2.3154656887054443,0.022636890411376953
initial,6,9,16,2.318361282348633,2.3203928470611572,0.002031564712524414
initial,6,10,16,2.314195156097412,2.3149008750915527,0.000705718994140625
initial,6,11,16,2.3074374198913574,2.3251895904541016,0.01775217056274414
initial,6,12,16,2.3045125007629395,2.3129913806915283,0.008478879928588867
initial,6,13,16,2.3140058517456055,2.2996826171875,0.014323234558105469
initial,6,14,16,2.322638988494873,2.3218271732330322,0.0008118152618408203
initial,6,15,16,2.3088109493255615,2.3154430389404297,0.006632089614868164
initial,6,16,16,2.317661762237549,2.3067264556884766,0.010935306549072266
initial,6,17,16,2.31341552734375,2.304502248764038,0.008913278579711914
initial,6,18,16,2.3134734630584717,2.3108608722686768,0.002612590789794922
initial,6,19,16,2.3130760192871094,2.317223310470581,0.00414729118347168
initial,6,20,16,2.2869138717651367,2.308511257171631,0.02159738540649414
initial,6,21,16,2.311945915222168,2.3109610080718994,0.0009849071502685547
initial,6,22,16,2.3112733364105225,2.3254659175872803,0.014192581176757812
initial,6,23,16,2.3172922134399414,2.318309783935547,0.0010175704956054688
initial,6,24,16,2.3055942058563232,2.317915678024292,0.01232147216796875
initial,6,25,16,2.303473472595215,2.323457717895508,0.01998424530029297
initial,6,26,16,2.31497859954834,2.3080990314483643,0.006879568099975586
initial,6,27,16,2.316993236541748,2.3126745223999023,0.004318714141845703
initial,6,28,16,2.301668405532837,2.305725336074829,0.0040569305419921875
initial,6,29,16,2.305593252182007,2.323169708251953,0.01757645606994629
initial,6,30,16,2.2908499240875244,2.3118505477905273,0.02100062370300293
initial,6,31,16,2.3158583641052246,2.3132967948913574,0.0025615692138671875
initial,6,32,16,2.30485200881958,2.3101747035980225,0.005322694778442383
initial,6,33,16,2.318877696990967,2.305914878845215,0.012962818145751953
initial,6,34,16,2.3158161640167236,2.3129653930664062,0.002850770950317383
initial,6,35,16,2.3107833862304688,2.3025381565093994,0.008245229721069336
initial,6,36,16,2.3074331283569336,2.291260242462158,0.01617288589477539
initial,6,37,16,2.296522378921509,2.3156697750091553,0.019147396087646484
initial,6,38,16,2.3142480850219727,2.3160324096679688,0.0017843246459960938
initial,6,39,16,2.3125996589660645,2.304711103439331,0.007888555526733398
initial,6,40,16,2.3211119174957275,2.3176090717315674,0.0035028457641601562
initial,6,41,16,2.3093607425689697,2.292801856994629,0.01655888557434082
initial,6,42,16,2.3303298950195312,2.3051869869232178,0.025142908096313477
initial,6,43,16,2.2917983531951904,2.2973878383636475,0.005589485168457031
initial,6,44,16,2.300748586654663,2.305001974105835,0.004253387451171875
initial,6,45,16,2.3100478649139404,2.3179545402526855,0.007906675338745117
initial,6,46,16,2.3135883808135986,2.2997419834136963,0.013846397399902344
initial,6,47,16,2.2997488975524902,2.309844493865967,0.010095596313476562
initial,6,48,16,2.3014705181121826,2.3158297538757324,0.014359235763549805
initial,6,49,16,2.309730291366577,2.3180301189422607,0.008299827575683594
initial,6,50,16,2.316093683242798,2.316495418548584,0.0004017353057861328
initial,6,51,16,2.316213607788086,2.296264171600342,0.01994943618774414
initial,6,52,16,2.3218576908111572,2.3093674182891846,0.012490272521972656
initial,6,53,16,2.328723669052124,2.308476686477661,0.02024698257446289
initial,6,54,16,2.3127827644348145,2.31422758102417,0.0014448165893554688
initial,6,55,16,2.3275868892669678,2.3098371028900146,0.017749786376953125
initial,6,56,16,2.319624423980713,2.3140339851379395,0.0055904388427734375
initial,6,57,16,2.3076210021972656,2.3154308795928955,0.007809877395629883
initial,6,58,16,2.321059465408325,2.3014984130859375,0.019561052322387695
initial,6,59,16,2.343123435974121,2.3388633728027344,0.004260063171386719
initial,6,60,16,2.3061299324035645,2.301978588104248,0.004151344299316406
initial,6,61,16,2.297139883041382,2.314805269241333,0.017665386199951172
initial,6,62,16,2.320697784423828,2.296661615371704,0.024036169052124023
initial,6,63,16,2.310255765914917,2.296226739883423,0.01402902603149414
final,6,0,16,2.2817890644073486,2.2768378257751465,0.0049512386322021484
final,6,1,16,2.2959606647491455,2.301600456237793,0.005639791488647461
final,6,2,16,2.2844245433807373,2.313283681869507,0.02885913848876953
final,6,3,16,2.256911039352417,2.253660202026367,0.0032508373260498047
final,6,4,16,2.282317638397217,2.2875821590423584,0.0052645206451416016
final,6,5,16,2.283965826034546,2.2797229290008545,0.004242897033691406
final,6,6,16,2.282489538192749,2.25913405418396,0.023355484008789062
final,6,7,16,2.2790825366973877,2.305713653564453,0.02663111686706543
final,6,8,16,2.248594284057617,2.2402873039245605,0.00830698013305664
final,6,9,16,2.29136323928833,2.257974624633789,0.033388614654541016
final,6,10,16,2.274930715560913,2.260775327682495,0.014155387878417969
final,6,11,16,2.2606635093688965,2.2875006198883057,0.02683711051940918
final,6,12,16,2.255004644393921,2.2505252361297607,0.004479408264160156
final,6,13,16,2.3139708042144775,2.2998414039611816,0.014129400253295898
final,6,14,16,2.274045705795288,2.278442144393921,0.0043964385986328125
final,6,15,16,2.260349750518799,2.249539375305176,0.010810375213623047
final,6,16,16,2.252794027328491,2.2472386360168457,0.005555391311645508
final,6,17,16,2.275718927383423,2.2564663887023926,0.019252538681030273
final,6,18,16,2.2594470977783203,2.241370677947998,0.018076419830322266
final,6,19,16,2.2695236206054688,2.282665967941284,0.01314234733581543
final,6,20,16,2.297039747238159,2.2883336544036865,0.008706092834472656
final,6,21,16,2.225986957550049,2.2231385707855225,0.002848386764526367
final,6,22,16,2.297086715698242,2.2798540592193604,0.017232656478881836
final,6,23,16,2.2799861431121826,2.298074722290039,0.018088579177856445
final,6,24,16,2.268862724304199,2.2598447799682617,0.0090179443359375
final,6,25,16,2.255481243133545,2.2432315349578857,0.01224970817565918
final,6,26,16,2.254488706588745,2.2607901096343994,0.006301403045654297
final,6,27,16,2.282029151916504,2.2785348892211914,0.0034942626953125
final,6,28,16,2.2739884853363037,2.2646610736846924,0.009327411651611328
final,6,29,16,2.2712085247039795,2.2817628383636475,0.010554313659667969
final,6,30,16,2.2857062816619873,2.291301965713501,0.005595684051513672
final,6,31,16,2.2531697750091553,2.247101306915283,0.00606846809387207
final,6,32,16,2.267322301864624,2.2917065620422363,0.024384260177612305
final,6,33,16,2.256016254425049,2.268115520477295,0.012099266052246094
final,6,34,16,2.2269248962402344,2.249703884124756,0.022778987884521484
final,6,35,16,2.3082282543182373,2.301398515701294,0.006829738616943359
final,6,36,16,2.268238067626953,2.24700927734375,0.021228790283203125
final,6,37,16,2.2770211696624756,2.2676286697387695,0.009392499923706055
final,6,38,16,2.2908987998962402,2.2498185634613037,0.04108023643493652
final,6,39,16,2.2694220542907715,2.25083589553833,0.018586158752441406
final,6,40,16,2.2712738513946533,2.2663586139678955,0.0049152374267578125
final,6,41,16,2.272343397140503,2.2705743312835693,0.0017690658569335938
final,6,42,16,2.2853891849517822,2.268265724182129,0.01712346076965332
final,6,43,16,2.2836594581604004,2.2728271484375,0.01083230972290039
final,6,44,16,2.273700475692749,2.2860095500946045,0.012309074401855469
final,6,45,16,2.251980781555176,2.2491579055786133,0.0028228759765625
final,6,46,16,2.2600338459014893,2.2940268516540527,0.03399300575256348
final,6,47,16,2.277204751968384,2.2982397079467773,0.021034955978393555
final,6,48,16,2.2360613346099854,2.242370128631592,0.006308794021606445
final,6,49,16,2.31466007232666,2.2879254817962646,0.026734590530395508
final,6,50,16,2.276139497756958,2.2759647369384766,0.0001747608184814453
final,6,51,16,2.252079486846924,2.245988130569458,0.00609135627746582
final,6,52,16,2.267117977142334,2.250307321548462,0.01681065559387207
final,6,53,16,2.304055690765381,2.2845191955566406,0.019536495208740234
final,6,54,16,2.2649319171905518,2.269214391708374,0.004282474517822266
final,6,55,16,2.2563116550445557,2.2380266189575195,0.018285036087036133
final,6,56,16,2.2537574768066406,2.27614426612854,0.022386789321899414
final,6,57,16,2.2956249713897705,2.289520740509033,0.006104230880737305
final,6,58,16,2.2707221508026123,2.2766666412353516,0.005944490432739258
final,6,59,16,2.2886109352111816,2.288418769836426,0.00019216537475585938
final,6,60,16,2.2542319297790527,2.259925603866577,0.005693674087524414
final,6,61,16,2.238734722137451,2.2644217014312744,0.025686979293823242
final,6,62,16,2.2882823944091797,2.2639498710632324,0.024332523345947266
final,6,63,16,2.29347825050354,2.3028552532196045,0.009377002716064453
initial,7,0,16,2.3029181957244873,2.3165030479431152,0.01358485221862793
initial,7,1,16,2.3050873279571533,2.316495895385742,0.011408567428588867
initial,7,2,16,2.307302713394165,2.3085315227508545,0.0012288093566894531
initial,7,3,16,2.3202245235443115,2.3207781314849854,0.0005536079406738281
initial,7,4,16,2.3003296852111816,2.3013997077941895,0.0010700225830078125
initial,7,5,16,2.3010082244873047,2.3010170459747314,8.821487426757812e-06
initial,7,6,16,2.3189170360565186,2.3057379722595215,0.01317906379699707
initial,7,7,16,2.312955856323242,2.297987222671509,0.014968633651733398
initial,7,8,16,2.306380033493042,2.3049631118774414,0.001416921615600586
initial,7,9,16,2.310770034790039,2.306046485900879,0.004723548889160156
initial,7,10,16,2.316202163696289,2.306475877761841,0.009726285934448242
initial,7,11,16,2.3086655139923096,2.3140463829040527,0.005380868911743164
initial,7,12,16,2.3072566986083984,2.3099470138549805,0.0026903152465820312
initial,7,13,16,2.3187859058380127,2.302947759628296,0.015838146209716797
initial,7,14,16,2.3129396438598633,2.3012659549713135,0.011673688888549805
initial,7,15,16,2.325448751449585,2.3143324851989746,0.011116266250610352
initial,7,16,16,2.319364070892334,2.30456280708313,0.014801263809204102
initial,7,17,16,2.2994790077209473,2.288468599319458,0.011010408401489258
initial,7,18,16,2.3020410537719727,2.3119046688079834,0.009863615036010742
initial,7,19,16,2.3213119506835938,2.303074836730957,0.01823711395263672
initial,7,20,16,2.3079676628112793,2.318335771560669,0.010368108749389648
initial,7,21,16,2.318981647491455,2.316776752471924,0.00220489501953125
initial,7,22,16,2.304295301437378,2.3065707683563232,0.0022754669189453125
initial,7,23,16,2.311983108520508,2.3131377696990967,0.0011546611785888672
initial,7,24,16,2.331834554672241,2.311716318130493,0.020118236541748047
initial,7,25,16,2.3224539756774902,2.308739185333252,0.013714790344238281
initial,7,26,16,2.30800199508667,2.2947874069213867,0.013214588165283203
initial,7,27,16,2.30405330657959,2.3041300773620605,7.677078247070312e-05
initial,7,28,16,2.2933146953582764,2.303920269012451,0.010605573654174805
initial,7,29,16,2.3121819496154785,2.3048460483551025,0.0073359012603759766
initial,7,30,16,2.30208158493042,2.3137784004211426,0.011696815490722656
initial,7,31,16,2.3181633949279785,2.2944507598876953,0.023712635040283203
initial,7,32,16,2.3031346797943115,2.312065839767456,0.008931159973144531
initial,7,33,16,2.3129637241363525,2.2914907932281494,0.021472930908203125
initial,7,34,16,2.323361873626709,2.3200442790985107,0.003317594528198242
initial,7,35,16,2.306145191192627,2.3101131916046143,0.003968000411987305
initial,7,36,16,2.314601421356201,2.323322057723999,0.008720636367797852
initial,7,37,16,2.3118436336517334,2.335294723510742,0.02345108985900879
initial,7,38,16,2.3072574138641357,2.3018686771392822,0.005388736724853516
initial,7,39,16,2.3091228008270264,2.3048958778381348,0.0042269229888916016
initial,7,40,16,2.3203587532043457,2.3146913051605225,0.005667448043823242
initial,7,41,16,2.3084053993225098,2.293818473815918,0.014586925506591797
initial,7,42,16,2.3123457431793213,2.2898480892181396,0.02249765396118164
initial,7,43,16,2.310408353805542,2.313126802444458,0.0027184486389160156
initial,7,44,16,2.305011749267578,2.300701141357422,0.00431060791015625
initial,7,45,16,2.3174030780792236,2.316267967224121,0.001135110855102539
initial,7,46,16,2.306980609893799,2.317178964614868,0.010198354721069336
initial,7,47,16,2.312875986099243,2.304306983947754,0.008569002151489258
initial,7,48,16,2.3238465785980225,2.3170135021209717,0.006833076477050781
initial,7,49,16,2.294419527053833,2.292283535003662,0.0021359920501708984
initial,7,50,16,2.3062899112701416,2.2972841262817383,0.00900578498840332
initial,7,51,16,2.2965919971466064,2.313283920288086,0.016691923141479492
initial,7,52,16,2.316211462020874,2.324855327606201,0.008643865585327148
initial,7,53,16,2.309502124786377,2.309375524520874,0.0001266002655029297
initial,7,54,16,2.3027801513671875,2.3198440074920654,0.01706385612487793
initial,7,55,16,2.3008854389190674,2.2950470447540283,0.0058383941650390625
initial,7,56,16,2.3112032413482666,2.307983160018921,0.003220081329345703
initial,7,57,16,2.311774969100952,2.3085999488830566,0.003175020217895508
initial,7,58,16,2.311344623565674,2.315059185028076,0.0037145614624023438
initial,7,59,16,2.321096420288086,2.2996103763580322,0.02148604393005371
initial,7,60,16,2.3145034313201904,2.3101329803466797,0.004370450973510742
initial,7,61,16,2.3046164512634277,2.314941883087158,0.010325431823730469
initial,7,62,16,2.312403917312622,2.3114609718322754,0.0009429454803466797
initial,7,63,16,2.313058614730835,2.3174095153808594,0.004350900650024414
final,7,0,16,2.2866697311401367,2.2821669578552246,0.004502773284912109
final,7,1,16,2.279531478881836,2.2765719890594482,0.0029594898223876953
final,7,2,16,2.252802848815918,2.277482271194458,0.02467942237854004
final,7,3,16,2.2804055213928223,2.2437856197357178,0.03661990165710449
final,7,4,16,2.304008960723877,2.3093905448913574,0.005381584167480469
final,7,5,16,2.2709436416625977,2.2830288410186768,0.012085199356079102
final,7,6,16,2.264540672302246,2.270697832107544,0.0061571598052978516
final,7,7,16,2.24311900138855,2.2564029693603516,0.013283967971801758
final,7,8,16,2.2461135387420654,2.278223991394043,0.03211045265197754
final,7,9,16,2.2750298976898193,2.25964093208313,0.015388965606689453
final,7,10,16,2.309065818786621,2.282212495803833,0.026853322982788086
final,7,11,16,2.250241279602051,2.249462127685547,0.0007791519165039062
final,7,12,16,2.3090856075286865,2.280282974243164,0.02880263328552246
final,7,13,16,2.3122172355651855,2.3167712688446045,0.004554033279418945
final,7,14,16,2.2469441890716553,2.2508444786071777,0.003900289535522461
final,7,15,16,2.297654867172241,2.3080105781555176,0.010355710983276367
final,7,16,16,2.28977632522583,2.3033065795898438,0.013530254364013672
final,7,17,16,2.241529941558838,2.2605056762695312,0.01897573471069336
final,7,18,16,2.269059896469116,2.2713897228240967,0.0023298263549804688
final,7,19,16,2.2730085849761963,2.270768880844116,0.002239704132080078
final,7,20,16,2.263396739959717,2.2541849613189697,0.00921177864074707
final,7,21,16,2.279385805130005,2.274012327194214,0.005373477935791016
final,7,22,16,2.2743747234344482,2.254456043243408,0.01991868019104004
final,7,23,16,2.2864303588867188,2.260690212249756,0.02574014663696289
final,7,24,16,2.2604820728302,2.2803213596343994,0.01983928680419922
final,7,25,16,2.238844156265259,2.255811929702759,0.0169677734375
final,7,26,16,2.2718870639801025,2.2638611793518066,0.008025884628295898
final,7,27,16,2.2985897064208984,2.294464349746704,0.004125356674194336
final,7,28,16,2.2813799381256104,2.2686641216278076,0.012715816497802734
final,7,29,16,2.254005193710327,2.2635865211486816,0.009581327438354492
final,7,30,16,2.2690043449401855,2.2809901237487793,0.01198577880859375
final,7,31,16,2.2694010734558105,2.2489945888519287,0.020406484603881836
final,7,32,16,2.2495687007904053,2.249267578125,0.00030112266540527344
final,7,33,16,2.2763302326202393,2.274813175201416,0.0015170574188232422
final,7,34,16,2.240617036819458,2.2309112548828125,0.009705781936645508
final,7,35,16,2.263526439666748,2.274245023727417,0.010718584060668945
final,7,36,16,2.280630111694336,2.2768216133117676,0.0038084983825683594
final,7,37,16,2.2907354831695557,2.2641046047210693,0.026630878448486328
final,7,38,16,2.2597668170928955,2.2503910064697266,0.009375810623168945
final,7,39,16,2.310793876647949,2.2796592712402344,0.031134605407714844
final,7,40,16,2.2784154415130615,2.2835676670074463,0.005152225494384766
final,7,41,16,2.244920492172241,2.273754596710205,0.028834104537963867
final,7,42,16,2.2902188301086426,2.278674602508545,0.011544227600097656
final,7,43,16,2.253277540206909,2.265746831893921,0.012469291687011719
final,7,44,16,2.2895402908325195,2.261461019515991,0.02807927131652832
final,7,45,16,2.2460381984710693,2.254979133605957,0.008940935134887695
final,7,46,16,2.280752658843994,2.2800559997558594,0.0006966590881347656
final,7,47,16,2.2728488445281982,2.262179136276245,0.010669708251953125
final,7,48,16,2.2627997398376465,2.2741081714630127,0.011308431625366211
final,7,49,16,2.2470016479492188,2.262575626373291,0.015573978424072266
final,7,50,16,2.2859933376312256,2.298292875289917,0.012299537658691406
final,7,51,16,2.2845077514648438,2.2776684761047363,0.006839275360107422
final,7,52,16,2.2272324562072754,2.230421543121338,0.0031890869140625
final,7,53,16,2.2529077529907227,2.241499185562134,0.011408567428588867
final,7,54,16,2.3124547004699707,2.3033628463745117,0.009091854095458984
final,7,55,16,2.2797746658325195,2.258424758911133,0.02134990692138672
final,7,56,16,2.2759242057800293,2.276665449142456,0.0007412433624267578
final,7,57,16,2.293426275253296,2.2841169834136963,0.00930929183959961
final,7,58,16,2.2796926498413086,2.2855653762817383,0.0058727264404296875
final,7,59,16,2.2591540813446045,2.265925407409668,0.0067713260650634766
final,7,60,16,2.291276693344116,2.265573263168335,0.02570343017578125
final,7,61,16,2.262697458267212,2.272611618041992,0.009914159774780273
final,7,62,16,2.243093490600586,2.2495615482330322,0.006468057632446289
final,7,63,16,2.2998180389404297,2.279383659362793,0.02043437957763672
initial,8,0,16,2.3219432830810547,2.3176066875457764,0.00433659553527832
initial,8,1,16,2.2940785884857178,2.302258253097534,0.008179664611816406
initial,8,2,16,2.327968120574951,2.316918134689331,0.011049985885620117
initial,8,3,16,2.324369192123413,2.3035619258880615,0.020807266235351562
initial,8,4,16,2.313408136367798,2.321094512939453,0.0076863765716552734
initial,8,5,16,2.310251474380493,2.314284563064575,0.004033088684082031
initial,8,6,16,2.3083348274230957,2.3037374019622803,0.00459742546081543
initial,8,7,16,2.3244471549987793,2.309762477874756,0.014684677124023438
initial,8,8,16,2.3036835193634033,2.306898355484009,0.0032148361206054688
initial,8,9,16,2.3091988563537598,2.3200602531433105,0.010861396789550781
initial,8,10,16,2.3102128505706787,2.3191001415252686,0.008887290954589844
initial,8,11,16,2.3170127868652344,2.316924810409546,8.797645568847656e-05
initial,8,12,16,2.316209077835083,2.3241055011749268,0.00789642333984375
initial,8,13,16,2.311746597290039,2.308203935623169,0.003542661666870117
initial,8,14,16,2.317223072052002,2.318875551223755,0.0016524791717529297
initial,8,15,16,2.292844295501709,2.306527853012085,0.013683557510375977
initial,8,16,16,2.3087267875671387,2.3003122806549072,0.008414506912231445
initial,8,17,16,2.315502405166626,2.317068576812744,0.001566171646118164
initial,8,18,16,2.297743320465088,2.2989678382873535,0.001224517822265625
initial,8,19,16,2.3042261600494385,2.3025104999542236,0.0017156600952148438
initial,8,20,16,2.3258936405181885,2.3150393962860107,0.010854244232177734
initial,8,21,16,2.3298985958099365,2.3183765411376953,0.011522054672241211
initial,8,22,16,2.322183132171631,2.3156936168670654,0.00648951530456543
initial,8,23,16,2.296720027923584,2.3067169189453125,0.009996891021728516
initial,8,24,16,2.311605930328369,2.3082828521728516,0.003323078155517578
initial,8,25,16,2.3167314529418945,2.3177871704101562,0.0010557174682617188
initial,8,26,16,2.322535276412964,2.3072259426116943,0.015309333801269531
initial,8,27,16,2.298661231994629,2.3034026622772217,0.0047414302825927734
initial,8,28,16,2.311540365219116,2.303802728652954,0.007737636566162109
initial,8,29,16,2.3071224689483643,2.3095970153808594,0.002474546432495117
initial,8,30,16,2.309685707092285,2.3058249950408936,0.0038607120513916016
initial,8,31,16,2.3125040531158447,2.30253005027771,0.009974002838134766
initial,8,32,16,2.313410997390747,2.3149566650390625,0.0015456676483154297
initial,8,33,16,2.28906512260437,2.3078854084014893,0.01882028579711914
initial,8,34,16,2.309459686279297,2.324270248413086,0.014810562133789062
initial,8,35,16,2.309479236602783,2.317354917526245,0.007875680923461914
initial,8,36,16,2.314718008041382,2.297640323638916,0.01707768440246582
initial,8,37,16,2.302950382232666,2.304755926132202,0.0018055438995361328
initial,8,38,16,2.3058223724365234,2.3145697116851807,0.008747339248657227
initial,8,39,16,2.291677474975586,2.3084921836853027,0.016814708709716797
initial,8,40,16,2.305814266204834,2.3163998126983643,0.010585546493530273
initial,8,41,16,2.319524049758911,2.307372570037842,0.012151479721069336
initial,8,42,16,2.3093197345733643,2.3093245029449463,4.76837158203125e-06
initial,8,43,16,2.309213638305664,2.3151817321777344,0.0059680938720703125
initial,8,44,16,2.31614351272583,2.308000326156616,0.008143186569213867
initial,8,45,16,2.3049018383026123,2.307711124420166,0.002809286117553711
initial,8,46,16,2.3118152618408203,2.3141591548919678,0.002343893051147461
initial,8,47,16,2.313019275665283,2.313976526260376,0.0009572505950927734
initial,8,48,16,2.321685791015625,2.328023672103882,0.006337881088256836
initial,8,49,16,2.30960750579834,2.305662155151367,0.003945350646972656
initial,8,50,16,2.3077943325042725,2.3152453899383545,0.007451057434082031
initial,8,51,16,2.301203966140747,2.3045692443847656,0.0033652782440185547
initial,8,52,16,2.3143084049224854,2.3193845748901367,0.005076169967651367
initial,8,53,16,2.3149235248565674,2.311628580093384,0.0032949447631835938
initial,8,54,16,2.30527400970459,2.304352045059204,0.0009219646453857422
initial,8,55,16,2.296637773513794,2.299135684967041,0.0024979114532470703
initial,8,56,16,2.3035264015197754,2.3089544773101807,0.0054280757904052734
initial,8,57,16,2.3085508346557617,2.3007819652557373,0.007768869400024414
initial,8,58,16,2.310986280441284,2.3068783283233643,0.004107952117919922
initial,8,59,16,2.322112798690796,2.323108196258545,0.0009953975677490234
initial,8,60,16,2.3170082569122314,2.3205666542053223,0.0035583972930908203
initial,8,61,16,2.3340466022491455,2.3144969940185547,0.01954960823059082
initial,8,62,16,2.30198073387146,2.2925405502319336,0.009440183639526367
initial,8,63,16,2.3204312324523926,2.3053605556488037,0.015070676803588867
final,8,0,16,2.281618356704712,2.272381544113159,0.009236812591552734
final,8,1,16,2.2386865615844727,2.251871347427368,0.013184785842895508
final,8,2,16,2.2935893535614014,2.302821397781372,0.009232044219970703
final,8,3,16,2.2716939449310303,2.2984213829040527,0.02672743797302246
final,8,4,16,2.279315948486328,2.2683956623077393,0.010920286178588867
final,8,5,16,2.2825846672058105,2.261763572692871,0.020821094512939453
final,8,6,16,2.287097692489624,2.285562753677368,0.0015349388122558594
final,8,7,16,2.2541627883911133,2.229788303375244,0.02437448501586914
final,8,8,16,2.283170223236084,2.2911078929901123,0.00793766975402832
final,8,9,16,2.25930118560791,2.261659860610962,0.002358675003051758
final,8,10,16,2.2572505474090576,2.2409770488739014,0.01627349853515625
final,8,11,16,2.2788736820220947,2.2476489543914795,0.031224727630615234
final,8,12,16,2.249751091003418,2.2551331520080566,0.005382061004638672
final,8,13,16,2.2608084678649902,2.2849276065826416,0.024119138717651367
final,8,14,16,2.283416986465454,2.2545716762542725,0.02884531021118164
final,8,15,16,2.273636817932129,2.2592968940734863,0.014339923858642578
final,8,16,16,2.2629432678222656,2.2499921321868896,0.012951135635375977
final,8,17,16,2.262279510498047,2.2869412899017334,0.024661779403686523
final,8,18,16,2.265836238861084,2.2853293418884277,0.01949310302734375
final,8,19,16,2.253141164779663,2.255728244781494,0.0025870800018310547
final,8,20,16,2.2589941024780273,2.2565245628356934,0.0024695396423339844
final,8,21,16,2.269982099533081,2.2745490074157715,0.00456690788269043
final,8,22,16,2.2659449577331543,2.2671256065368652,0.0011806488037109375
final,8,23,16,2.2493412494659424,2.247727155685425,0.0016140937805175781
final,8,24,16,2.2659826278686523,2.2781951427459717,0.012212514877319336
final,8,25,16,2.2660598754882812,2.260315179824829,0.0057446956634521484
final,8,26,16,2.2674214839935303,2.2626430988311768,0.004778385162353516
final,8,27,16,2.2603302001953125,2.274132251739502,0.013802051544189453
final,8,28,16,2.267544746398926,2.264089822769165,0.003454923629760742
final,8,29,16,2.2688381671905518,2.282313585281372,0.013475418090820312
final,8,30,16,2.257619619369507,2.2464053630828857,0.011214256286621094
final,8,31,16,2.2428040504455566,2.233309507369995,0.009494543075561523
final,8,32,16,2.2667486667633057,2.263427257537842,0.003321409225463867
final,8,33,16,2.2608892917633057,2.254244327545166,0.0066449642181396484
final,8,34,16,2.2422797679901123,2.268955707550049,0.026675939559936523
final,8,35,16,2.2730560302734375,2.2670676708221436,0.005988359451293945
final,8,36,16,2.2455949783325195,2.2390096187591553,0.006585359573364258
final,8,37,16,2.3058247566223145,2.2842702865600586,0.02155447006225586
final,8,38,16,2.3105804920196533,2.280507802963257,0.030072689056396484
final,8,39,16,2.2597193717956543,2.2525932788848877,0.0071260929107666016
final,8,40,16,2.2819392681121826,2.276887893676758,0.005051374435424805
final,8,41,16,2.264788866043091,2.273407220840454,0.008618354797363281
final,8,42,16,2.2653706073760986,2.2395102977752686,0.025860309600830078
final,8,43,16,2.260453701019287,2.248924732208252,0.011528968811035156
final,8,44,16,2.22090482711792,2.242838144302368,0.021933317184448242
final,8,45,16,2.3021581172943115,2.2744667530059814,0.027691364288330078
final,8,46,16,2.2811169624328613,2.274190902709961,0.006926059722900391
final,8,47,16,2.2774465084075928,2.2924699783325195,0.015023469924926758
final,8,48,16,2.2970263957977295,2.3098092079162598,0.012782812118530273
final,8,49,16,2.2710227966308594,2.262782335281372,0.008240461349487305
final,8,50,16,2.230499029159546,2.256626844406128,0.02612781524658203
final,8,51,16,2.234036445617676,2.2469377517700195,0.01290130615234375
final,8,52,16,2.302687883377075,2.2752604484558105,0.02742743492126465
final,8,53,16,2.2817909717559814,2.2916557788848877,0.00986480712890625
final,8,54,16,2.3027737140655518,2.274156093597412,0.02861762046813965
final,8,55,16,2.287554979324341,2.2985458374023438,0.01099085807800293
final,8,56,16,2.2726941108703613,2.2836437225341797,0.01094961166381836
final,8,57,16,2.2581558227539062,2.271426200866699,0.013270378112792969
final,8,58,16,2.248378276824951,2.2612178325653076,0.012839555740356445
final,8,59,16,2.257781744003296,2.2705612182617188,0.012779474258422852
final,8,60,16,2.2574708461761475,2.2587177753448486,0.0012469291687011719
final,8,61,16,2.2596805095672607,2.257420301437378,0.0022602081298828125
final,8,62,16,2.3001697063446045,2.280978202819824,0.019191503524780273
final,8,63,16,2.290534257888794,2.269098997116089,0.021435260772705078
initial,9,0,16,2.3073935508728027,2.2961418628692627,0.011251688003540039
initial,9,1,16,2.303601026535034,2.3100874423980713,0.006486415863037109
initial,9,2,16,2.308537244796753,2.3000640869140625,0.00847315788269043
initial,9,3,16,2.308854818344116,2.3205294609069824,0.011674642562866211
initial,9,4,16,2.324406147003174,2.3147687911987305,0.00963735580444336
initial,9,5,16,2.314286470413208,2.314396858215332,0.00011038780212402344
initial,9,6,16,2.3096940517425537,2.314206123352051,0.00451207160949707
initial,9,7,16,2.3098011016845703,2.3048319816589355,0.004969120025634766
initial,9,8,16,2.322218179702759,2.3192367553710938,0.002981424331665039
initial,9,9,16,2.2948827743530273,2.2906243801116943,0.004258394241333008
initial,9,10,16,2.3121466636657715,2.3044283390045166,0.007718324661254883
initial,9,11,16,2.309326410293579,2.301590919494629,0.007735490798950195
initial,9,12,16,2.3237521648406982,2.3123109340667725,0.011441230773925781
initial,9,13,16,2.311167001724243,2.3030641078948975,0.008102893829345703
initial,9,14,16,2.3136773109436035,2.3135035037994385,0.00017380714416503906
initial,9,15,16,2.323065996170044,2.306986093521118,0.01607990264892578
initial,9,16,16,2.2985994815826416,2.3010170459747314,0.0024175643920898438
initial,9,17,16,2.3285470008850098,2.327286958694458,0.0012600421905517578
initial,9,18,16,2.309385061264038,2.303554058074951,0.005831003189086914
initial,9,19,16,2.3057570457458496,2.30576229095459,5.245208740234375e-06
initial,9,20,16,2.310708522796631,2.3124337196350098,0.0017251968383789062
initial,9,21,16,2.308809995651245,2.3023228645324707,0.006487131118774414
initial,9,22,16,2.315096378326416,2.321490526199341,0.006394147872924805
initial,9,23,16,2.3024322986602783,2.3199803829193115,0.017548084259033203
initial,9,24,16,2.321028709411621,2.3184432983398438,0.0025854110717773438
initial,9,25,16,2.314379930496216,2.3163046836853027,0.001924753189086914
initial,9,26,16,2.3099029064178467,2.3120553493499756,0.0021524429321289062
initial,9,27,16,2.2930283546447754,2.2918951511383057,0.0011332035064697266
initial,9,28,16,2.295121431350708,2.3042960166931152,0.009174585342407227
initial,9,29,16,2.315213441848755,2.3201904296875,0.004976987838745117
initial,9,30,16,2.3059749603271484,2.3035285472869873,0.002446413040161133
initial,9,31,16,2.3001270294189453,2.297743558883667,0.0023834705352783203
initial,9,32,16,2.3037521839141846,2.3209197521209717,0.01716756820678711
initial,9,33,16,2.3041417598724365,2.2992844581604004,0.004857301712036133
initial,9,34,16,2.316457986831665,2.3116605281829834,0.004797458648681641
initial,9,35,16,2.3180508613586426,2.3183724880218506,0.0003216266632080078
initial,9,36,16,2.315408945083618,2.313666820526123,0.0017421245574951172
initial,9,37,16,2.3208303451538086,2.3158273696899414,0.0050029754638671875
initial,9,38,16,2.2934441566467285,2.305680513381958,0.012236356735229492
initial,9,39,16,2.308774471282959,2.3044841289520264,0.004290342330932617
initial,9,40,16,2.301927328109741,2.2958145141601562,0.006112813949584961
initial,9,41,16,2.317603826522827,2.3122751712799072,0.005328655242919922
initial,9,42,16,2.315877676010132,2.302476167678833,0.013401508331298828
initial,9,43,16,2.3111839294433594,2.316073417663574,0.004889488220214844
initial,9,44,16,2.304006814956665,2.3029894828796387,0.0010173320770263672
initial,9,45,16,2.304933547973633,2.3134450912475586,0.008511543273925781
initial,9,46,16,2.326646327972412,2.3226943016052246,0.0039520263671875
initial,9,47,16,2.3108441829681396,2.30623722076416,0.004606962203979492
initial,9,48,16,2.3067710399627686,2.3127660751342773,0.005995035171508789
initial,9,49,16,2.3225045204162598,2.325570583343506,0.0030660629272460938
initial,9,50,16,2.318877935409546,2.314343214035034,0.004534721374511719
initial,9,51,16,2.297548770904541,2.310626268386841,0.013077497482299805
initial,9,52,16,2.311431884765625,2.3099772930145264,0.0014545917510986328
initial,9,53,16,2.3128087520599365,2.3103013038635254,0.002507448196411133
initial,9,54,16,2.306617498397827,2.3154847621917725,0.008867263793945312
initial,9,55,16,2.314525604248047,2.321211338043213,0.006685733795166016
initial,9,56,16,2.3093526363372803,2.309474468231201,0.00012183189392089844
initial,9,57,16,2.3111484050750732,2.3081111907958984,0.0030372142791748047
initial,9,58,16,2.2961652278900146,2.3058581352233887,0.009692907333374023
initial,9,59,16,2.2971348762512207,2.3020169734954834,0.004882097244262695
initial,9,60,16,2.3171231746673584,2.314969301223755,0.0021538734436035156
initial,9,61,16,2.3115527629852295,2.3157026767730713,0.004149913787841797
initial,9,62,16,2.3204140663146973,2.2940165996551514,0.0263974666595459
initial,9,63,16,2.3243937492370605,2.326082229614258,0.0016884803771972656
final,9,0,16,2.2776083946228027,2.2675435543060303,0.010064840316772461
final,9,1,16,2.2710702419281006,2.265467405319214,0.005602836608886719
final,9,2,16,2.2748641967773438,2.266845941543579,0.008018255233764648
final,9,3,16,2.2689366340637207,2.2578115463256836,0.01112508773803711
final,9,4,16,2.2729685306549072,2.268162965774536,0.004805564880371094
final,9,5,16,2.264303684234619,2.265007257461548,0.0007035732269287109
final,9,6,16,2.2577433586120605,2.2591164112091064,0.0013730525970458984
final,9,7,16,2.239872455596924,2.264357089996338,0.024484634399414062
final,9,8,16,2.2768747806549072,2.245610475540161,0.031264305114746094
final,9,9,16,2.233297348022461,2.2442166805267334,0.010919332504272461
final,9,10,16,2.2746894359588623,2.267160415649414,0.007529020309448242
final,9,11,16,2.262845516204834,2.2628159523010254,2.956390380859375e-05
final,9,12,16,2.2755205631256104,2.264988660812378,0.010531902313232422
final,9,13,16,2.23999285697937,2.24096941947937,0.0009765625
final,9,14,16,2.247677803039551,2.245335102081299,0.002342700958251953
final,9,15,16,2.2561285495758057,2.271362543106079,0.015233993530273438
final,9,16,16,2.2597670555114746,2.270042896270752,0.010275840759277344
final,9,17,16,2.285250425338745,2.2708520889282227,0.014398336410522461
final,9,18,16,2.244870901107788,2.26112961769104,0.016258716583251953
final,9,19,16,2.2419683933258057,2.2658116817474365,0.02384328842163086
final,9,20,16,2.272557258605957,2.2814910411834717,0.008933782577514648
final,9,21,16,2.2508676052093506,2.256709337234497,0.005841732025146484
final,9,22,16,2.2659313678741455,2.2587811946868896,0.007150173187255859
final,9,23,16,2.2841126918792725,2.2792022228240967,0.004910469055175781
final,9,24,16,2.246147394180298,2.2623016834259033,0.01615428924560547
final,9,25,16,2.250257730484009,2.2318620681762695,0.018395662307739258
final,9,26,16,2.269740104675293,2.299753189086914,0.030013084411621094
final,9,27,16,2.2746312618255615,2.28812575340271,0.013494491577148438
final,9,28,16,2.3000540733337402,2.3041625022888184,0.004108428955078125
final,9,29,16,2.2541892528533936,2.261648178100586,0.007458925247192383
final,9,30,16,2.278099775314331,2.290900468826294,0.01280069351196289
final,9,31,16,2.2844507694244385,2.269993543624878,0.014457225799560547
final,9,32,16,2.2758302688598633,2.2635269165039062,0.012303352355957031
final,9,33,16,2.2633779048919678,2.2624294757843018,0.0009484291076660156
final,9,34,16,2.296910285949707,2.299083709716797,0.0021734237670898438
final,9,35,16,2.2683541774749756,2.2762603759765625,0.007906198501586914
final,9,36,16,2.2583725452423096,2.2645232677459717,0.006150722503662109
final,9,37,16,2.296804428100586,2.2872323989868164,0.009572029113769531
final,9,38,16,2.2639098167419434,2.2746665477752686,0.010756731033325195
final,9,39,16,2.2970218658447266,2.2823638916015625,0.014657974243164062
final,9,40,16,2.2905972003936768,2.2666268348693848,0.023970365524291992
final,9,41,16,2.2802634239196777,2.2953577041625977,0.015094280242919922
final,9,42,16,2.2730817794799805,2.2493889331817627,0.023692846298217773
final,9,43,16,2.2598631381988525,2.2417516708374023,0.018111467361450195
final,9,44,16,2.253329277038574,2.2547054290771484,0.0013761520385742188
final,9,45,16,2.256941318511963,2.2604455947875977,0.0035042762756347656
final,9,46,16,2.2464210987091064,2.2564399242401123,0.01001882553100586
final,9,47,16,2.2728583812713623,2.28523325920105,0.0123748779296875
final,9,48,16,2.2905685901641846,2.2903149127960205,0.0002536773681640625
final,9,49,16,2.246229410171509,2.2540721893310547,0.007842779159545898
final,9,50,16,2.269139289855957,2.2670600414276123,0.0020792484283447266
final,9,51,16,2.2560336589813232,2.2684407234191895,0.012407064437866211
final,9,52,16,2.247793436050415,2.2507429122924805,0.0029494762420654297
final,9,53,16,2.267338991165161,2.268632650375366,0.0012936592102050781
final,9,54,16,2.2621099948883057,2.2504653930664062,0.011644601821899414
final,9,55,16,2.2880423069000244,2.273509979248047,0.014532327651977539
final,9,56,16,2.2641215324401855,2.268293619155884,0.004172086715698242
final,9,57,16,2.285778522491455,2.2840120792388916,0.0017664432525634766
final,9,58,16,2.277104377746582,2.2660601139068604,0.01104426383972168
final,9,59,16,2.2505829334259033,2.2714216709136963,0.02083873748779297
final,9,60,16,2.25895357131958,2.25380802154541,0.005145549774169922
final,9,61,16,2.236747980117798,2.249246597290039,0.012498617172241211
final,9,62,16,2.251225233078003,2.2452640533447266,0.005961179733276367
final,9,63,16,2.253887891769409,2.2561469078063965,0.0022590160369873047
initial,10,0,16,2.311385154724121,2.310936450958252,0.0004487037658691406
initial,10,1,16,2.3215420246124268,2.3174991607666016,0.004042863845825195
initial,10,2,16,2.3251211643218994,2.323206663131714,0.0019145011901855469
initial,10,3,16,2.3040575981140137,2.315793752670288,0.011736154556274414
initial,10,4,16,2.3302388191223145,2.3220508098602295,0.008188009262084961
initial,10,5,16,2.3101091384887695,2.305004358291626,0.005104780197143555
initial,10,6,16,2.2923026084899902,2.300004243850708,0.0077016353607177734
initial,10,7,16,2.3047966957092285,2.317645311355591,0.012848615646362305
initial,10,8,16,2.301433563232422,2.3106954097747803,0.009261846542358398
initial,10,9,16,2.3124430179595947,2.305912971496582,0.006530046463012695
initial,10,10,16,2.3068673610687256,2.302971839904785,0.0038955211639404297
initial,10,11,16,2.317636489868164,2.31689453125,0.0007419586181640625
initial,10,12,16,2.3114547729492188,2.305591106414795,0.005863666534423828
initial,10,13,16,2.3106677532196045,2.3103749752044678,0.00029277801513671875
initial,10,14,16,2.2953078746795654,2.3068161010742188,0.01150822639465332
initial,10,15,16,2.321484327316284,2.323772430419922,0.0022881031036376953
initial,10,16,16,2.307657480239868,2.312937021255493,0.005279541015625
initial,10,17,16,2.3070340156555176,2.3038809299468994,0.003153085708618164
initial,10,18,16,2.3194425106048584,2.3168349266052246,0.002607583999633789
initial,10,19,16,2.3181798458099365,2.3278651237487793,0.009685277938842773
initial,10,20,16,2.3006908893585205,2.3098976612091064,0.009206771850585938
initial,10,21,16,2.302643060684204,2.3075177669525146,0.004874706268310547
initial,10,22,16,2.3152873516082764,2.3160767555236816,0.0007894039154052734
initial,10,23,16,2.30356764793396,2.309211492538452,0.0056438446044921875
initial,10,24,16,2.2973756790161133,2.3127238750457764,0.015348196029663086
initial,10,25,16,2.3089473247528076,2.3110592365264893,0.0021119117736816406
initial,10,26,16,2.3168115615844727,2.3200571537017822,0.0032455921173095703
initial,10,27,16,2.3022377490997314,2.295356035232544,0.0068817138671875
initial,10,28,16,2.303335189819336,2.30330753326416,2.765655517578125e-05
initial,10,29,16,2.309217929840088,2.306692361831665,0.0025255680084228516
initial,10,30,16,2.3124332427978516,2.3156826496124268,0.0032494068145751953
initial,10,31,16,2.315248489379883,2.3270859718322754,0.011837482452392578
initial,10,32,16,2.3062469959259033,2.3100826740264893,0.0038356781005859375
initial,10,33,16,2.305640459060669,2.310323715209961,0.004683256149291992
initial,10,34,16,2.28718638420105,2.2843172550201416,0.002869129180908203
initial,10,35,16,2.305856466293335,2.3113560676574707,0.005499601364135742
initial,10,36,16,2.3160924911499023,2.323065757751465,0.0069732666015625
initial,10,37,16,2.3092970848083496,2.306680917739868,0.0026161670684814453
initial,10,38,16,2.319849729537964,2.3109290599823,0.008920669555664062
initial,10,39,16,2.3109517097473145,2.3127284049987793,0.0017766952514648438
initial,10,40,16,2.3260481357574463,2.314074754714966,0.011973381042480469
initial,10,41,16,2.311251163482666,2.3144643306732178,0.003213167190551758
initial,10,42,16,2.32430100440979,2.308295488357544,0.016005516052246094
initial,10,43,16,2.320171356201172,2.312033176422119,0.008138179779052734
initial,10,44,16,2.3191423416137695,2.3130013942718506,0.006140947341918945
initial,10,45,16,2.325974225997925,2.321577787399292,0.0043964385986328125
initial,10,46,16,2.312615156173706,2.2995388507843018,0.013076305389404297
initial,10,47,16,2.3042523860931396,2.2931787967681885,0.011073589324951172
initial,10,48,16,2.3164634704589844,2.316603183746338,0.00013971328735351562
initial,10,49,16,2.3049113750457764,2.300015687942505,0.004895687103271484
initial,10,50,16,2.3109610080718994,2.310515880584717,0.0004451274871826172
initial,10,51,16,2.30918025970459,2.298854351043701,0.010325908660888672
initial,10,52,16,2.3149194717407227,2.311650276184082,0.003269195556640625
initial,10,53,16,2.297436475753784,2.3062257766723633,0.008789300918579102
initial,10,54,16,2.3140172958374023,2.307971954345703,0.006045341491699219
initial,10,55,16,2.3104872703552246,2.320204734802246,0.009717464447021484
initial,10,56,16,2.3045270442962646,2.2980127334594727,0.006514310836791992
initial,10,57,16,2.3167176246643066,2.3053507804870605,0.011366844177246094
initial,10,58,16,2.314866065979004,2.306131362915039,0.008734703063964844
initial,10,59,16,2.2979323863983154,2.3037049770355225,0.005772590637207031
initial,10,60,16,2.2921507358551025,2.300804615020752,0.008653879165649414
initial,10,61,16,2.295063018798828,2.3098366260528564,0.01477360725402832
initial,10,62,16,2.2997207641601562,2.3036484718322754,0.003927707672119141
initial,10,63,16,2.310378313064575,2.301970958709717,0.008407354354858398
final,10,0,16,2.2859511375427246,2.288094997406006,0.00214385986328125
final,10,1,16,2.2560620307922363,2.260626792907715,0.004564762115478516
final,10,2,16,2.2974789142608643,2.3139076232910156,0.016428709030151367
final,10,3,16,2.275501012802124,2.2778964042663574,0.0023953914642333984
final,10,4,16,2.2423181533813477,2.2377781867980957,0.004539966583251953
final,10,5,16,2.281615734100342,2.27301287651062,0.00860285758972168
final,10,6,16,2.256535530090332,2.252897262573242,0.0036382675170898438
final,10,7,16,2.245734930038452,2.2299790382385254,0.015755891799926758
final,10,8,16,2.279463052749634,2.279747724533081,0.0002846717834472656
final,10,9,16,2.2793593406677246,2.2954800128936768,0.01612067222595215
final,10,10,16,2.2430288791656494,2.2458536624908447,0.0028247833251953125
final,10,11,16,2.2762787342071533,2.279486656188965,0.0032079219818115234
final,10,12,16,2.314638137817383,2.3217735290527344,0.0071353912353515625
final,10,13,16,2.269284248352051,2.249755382537842,0.019528865814208984
final,10,14,16,2.288198471069336,2.28605580329895,0.002142667770385742
final,10,15,16,2.2505483627319336,2.2539455890655518,0.003397226333618164
final,10,16,16,2.2900381088256836,2.2818543910980225,0.008183717727661133
final,10,17,16,2.296379327774048,2.3016517162323,0.005272388458251953
final,10,18,16,2.283266067504883,2.28552508354187,0.0022590160369873047
final,10,19,16,2.3050942420959473,2.2701785564422607,0.03491568565368652
final,10,20,16,2.2573330402374268,2.2577402591705322,0.00040721893310546875
final,10,21,16,2.279229164123535,2.2884862422943115,0.009257078170776367
final,10,22,16,2.2838540077209473,2.292236328125,0.008382320404052734
final,10,23,16,2.29052996635437,2.292623996734619,0.0020940303802490234
final,10,24,16,2.240896224975586,2.2527425289154053,0.011846303939819336
final,10,25,16,2.2712457180023193,2.263948440551758,0.0072972774505615234
final,10,26,16,2.293867588043213,2.2978456020355225,0.00397801399230957
final,10,27,16,2.283651351928711,2.287928819656372,0.004277467727661133
final,10,28,16,2.274390935897827,2.275311231613159,0.0009202957153320312
final,10,29,16,2.2693819999694824,2.2772252559661865,0.007843255996704102
final,10,30,16,2.262248992919922,2.2717463970184326,0.009497404098510742
final,10,31,16,2.2870442867279053,2.278599977493286,0.00844430923461914
final,10,32,16,2.264996290206909,2.2581307888031006,0.006865501403808594
final,10,33,16,2.25209379196167,2.2568180561065674,0.004724264144897461
final,10,34,16,2.2485673427581787,2.236980676651001,0.011586666107177734
final,10,35,16,2.2647697925567627,2.255687952041626,0.009081840515136719
final,10,36,16,2.2415084838867188,2.2554802894592285,0.013971805572509766
final,10,37,16,2.284693956375122,2.303197145462036,0.018503189086914062
final,10,38,16,2.272618532180786,2.287303924560547,0.014685392379760742
final,10,39,16,2.2534451484680176,2.2510390281677246,0.0024061203002929688
final,10,40,16,2.273621082305908,2.245229482650757,0.028391599655151367
final,10,41,16,2.2759242057800293,2.263239622116089,0.01268458366394043
final,10,42,16,2.2929437160491943,2.3008525371551514,0.007908821105957031
final,10,43,16,2.265139102935791,2.263768196105957,0.0013709068298339844
final,10,44,16,2.2498505115509033,2.2580745220184326,0.008224010467529297
final,10,45,16,2.2402384281158447,2.241122245788574,0.0008838176727294922
final,10,46,16,2.277707576751709,2.2672760486602783,0.010431528091430664
final,10,47,16,2.2675344944000244,2.267674684524536,0.00014019012451171875
final,10,48,16,2.2469699382781982,2.2649013996124268,0.017931461334228516
final,10,49,16,2.27925181388855,2.275980234146118,0.0032715797424316406
final,10,50,16,2.247575521469116,2.24094557762146,0.00662994384765625
final,10,51,16,2.294597625732422,2.308584451675415,0.013986825942993164
final,10,52,16,2.253220319747925,2.2695133686065674,0.016293048858642578
final,10,53,16,2.273904323577881,2.274876117706299,0.0009717941284179688
final,10,54,16,2.2823638916015625,2.283393144607544,0.0010292530059814453
final,10,55,16,2.2659971714019775,2.290443181991577,0.02444601058959961
final,10,56,16,2.244267702102661,2.2573399543762207,0.01307225227355957
final,10,57,16,2.2754218578338623,2.2789859771728516,0.003564119338989258
final,10,58,16,2.268324136734009,2.273658514022827,0.005334377288818359
final,10,59,16,2.2926440238952637,2.282590866088867,0.010053157806396484
final,10,60,16,2.2649316787719727,2.272730827331543,0.0077991485595703125
final,10,61,16,2.258923053741455,2.251087188720703,0.007835865020751953
final,10,62,16,2.2645652294158936,2.255074977874756,0.009490251541137695
final,10,63,16,2.252870559692383,2.256725311279297,0.0038547515869140625
initial,11,0,16,2.314401626586914,2.320519208908081,0.006117582321166992
initial,11,1,16,2.2963449954986572,2.2895779609680176,0.0067670345306396484
initial,11,2,16,2.3066651821136475,2.295602560043335,0.0110626220703125
initial,11,3,16,2.3012967109680176,2.294262647628784,0.0070340633392333984
initial,11,4,16,2.3093206882476807,2.306027412414551,0.003293275833129883
initial,11,5,16,2.3065881729125977,2.3097336292266846,0.003145456314086914
initial,11,6,16,2.3289146423339844,2.3284199237823486,0.0004947185516357422
initial,11,7,16,2.3100357055664062,2.320108413696289,0.010072708129882812
initial,11,8,16,2.308778762817383,2.2950503826141357,0.01372838020324707
initial,11,9,16,2.307025194168091,2.3089280128479004,0.0019028186798095703
initial,11,10,16,2.308680772781372,2.3078830242156982,0.0007977485656738281
initial,11,11,16,2.313800573348999,2.3117549419403076,0.0020456314086914062
initial,11,12,16,2.2981650829315186,2.3093535900115967,0.011188507080078125
initial,11,13,16,2.310946464538574,2.311058521270752,0.00011205673217773438
initial,11,14,16,2.302070140838623,2.3047995567321777,0.0027294158935546875
initial,11,15,16,2.3111088275909424,2.3178632259368896,0.006754398345947266
initial,11,16,16,2.3028056621551514,2.3161942958831787,0.013388633728027344
initial,11,17,16,2.3231983184814453,2.3120763301849365,0.011121988296508789
initial,11,18,16,2.3044769763946533,2.3023974895477295,0.002079486846923828
initial,11,19,16,2.3145551681518555,2.3132874965667725,0.0012676715850830078
initial,11,20,16,2.309769630432129,2.3184406757354736,0.008671045303344727
initial,11,21,16,2.31160044670105,2.311542272567749,5.817413330078125e-05
initial,11,22,16,2.317779541015625,2.3183679580688477,0.0005884170532226562
initial,11,23,16,2.308823823928833,2.3110992908477783,0.0022754669189453125
initial,11,24,16,2.2953057289123535,2.298966407775879,0.0036606788635253906
initial,11,25,16,2.316403865814209,2.314211368560791,0.0021924972534179688
initial,11,26,16,2.303687810897827,2.307157516479492,0.003469705581665039
initial,11,27,16,2.3106701374053955,2.314068078994751,0.0033979415893554688
initial,11,28,16,2.3115339279174805,2.312558174133301,0.0010242462158203125
initial,11,29,16,2.309495210647583,2.304619789123535,0.0048754215240478516
initial,11,30,16,2.307002067565918,2.307448625564575,0.00044655799865722656
initial,11,31,16,2.307767629623413,2.3134517669677734,0.0056841373443603516
initial,11,32,16,2.3005640506744385,2.30694580078125,0.0063817501068115234
initial,11,33,16,2.3131895065307617,2.314013957977295,0.0008244514465332031
initial,11,34,16,2.30765962600708,2.3161847591400146,0.00852513313293457
initial,11,35,16,2.300877094268799,2.306817054748535,0.005939960479736328
initial,11,36,16,2.3091208934783936,2.3070120811462402,0.0021088123321533203
initial,11,37,16,2.306480646133423,2.320603609085083,0.014122962951660156
initial,11,38,16,2.3176989555358887,2.316373109817505,0.001325845718383789
initial,11,39,16,2.311716318130493,2.3147361278533936,0.0030198097229003906
initial,11,40,16,2.3123929500579834,2.3132052421569824,0.0008122920989990234
initial,11,41,16,2.306347370147705,2.3076696395874023,0.0013222694396972656
initial,11,42,16,2.3224668502807617,2.319479465484619,0.002987384796142578
initial,11,43,16,2.323068857192993,2.3203396797180176,0.002729177474975586
initial,11,44,16,2.3119845390319824,2.31144380569458,0.0005407333374023438
initial,11,45,16,2.3134655952453613,2.3074727058410645,0.005992889404296875
initial,11,46,16,2.303143262863159,2.3045146465301514,0.0013713836669921875
initial,11,47,16,2.3071892261505127,2.309866189956665,0.0026769638061523438
initial,11,48,16,2.3054494857788086,2.3090479373931885,0.003598451614379883
initial,11,49,16,2.306978702545166,2.301870822906494,0.005107879638671875
initial,11,50,16,2.3191473484039307,2.3196492195129395,0.0005018711090087891
initial,11,51,16,2.3015546798706055,2.2962772846221924,0.005277395248413086
initial,11,52,16,2.3161439895629883,2.3130722045898438,0.0030717849731445312
initial,11,53,16,2.3204398155212402,2.325802803039551,0.005362987518310547
initial,11,54,16,2.3159995079040527,2.315974712371826,2.47955322265625e-05
initial,11,55,16,2.307422399520874,2.3104779720306396,0.003055572509765625
initial,11,56,16,2.3278520107269287,2.330848217010498,0.002996206283569336
initial,11,57,16,2.3102166652679443,2.3165626525878906,0.006345987319946289
initial,11,58,16,2.3135974407196045,2.3173599243164062,0.003762483596801758
initial,11,59,16,2.309138774871826,2.3064470291137695,0.0026917457580566406
initial,11,60,16,2.3063461780548096,2.2941269874572754,0.01221919059753418
initial,11,61,16,2.312253952026367,2.299826145172119,0.012427806854248047
initial,11,62,16,2.3108136653900146,2.3046276569366455,0.006186008453369141
initial,11,63,16,2.312288761138916,2.303753614425659,0.008535146713256836
final,11,0,16,2.2510781288146973,2.2672970294952393,0.016218900680541992
final,11,1,16,2.254857063293457,2.2373905181884766,0.01746654510498047
final,11,2,16,2.300553798675537,2.317514181137085,0.01696038246154785
final,11,3,16,2.2511520385742188,2.250728130340576,0.0004239082336425781
final,11,4,16,2.2730374336242676,2.2628955841064453,0.010141849517822266
final,11,5,16,2.293752908706665,2.293888807296753,0.00013589859008789062
final,11,6,16,2.2587685585021973,2.256350040435791,0.00241851806640625
final,11,7,16,2.2640113830566406,2.256641149520874,0.0073702335357666016
final,11,8,16,2.2955322265625,2.30853533744812,0.013003110885620117
final,11,9,16,2.2984659671783447,2.3047029972076416,0.006237030029296875
final,11,10,16,2.2486648559570312,2.26515531539917,0.016490459442138672
final,11,11,16,2.2797985076904297,2.278101921081543,0.0016965866088867188
final,11,12,16,2.2885525226593018,2.2804341316223145,0.008118391036987305
final,11,13,16,2.2891790866851807,2.2921252250671387,0.002946138381958008
final,11,14,16,2.2855093479156494,2.284581184387207,0.0009281635284423828
final,11,15,16,2.2423107624053955,2.2582812309265137,0.015970468521118164
final,11,16,16,2.2907145023345947,2.288709878921509,0.0020046234130859375
final,11,17,16,2.2781898975372314,2.281017541885376,0.0028276443481445312
final,11,18,16,2.236154317855835,2.245373010635376,0.009218692779541016
final,11,19,16,2.290614366531372,2.2621474266052246,0.02846693992614746
final,11,20,16,2.268490791320801,2.2771129608154297,0.008622169494628906
final,11,21,16,2.252546548843384,2.275338888168335,0.022792339324951172
final,11,22,16,2.259061098098755,2.256065845489502,0.0029952526092529297
final,11,23,16,2.26789927482605,2.2630045413970947,0.004894733428955078
final,11,24,16,2.2942922115325928,2.294811725616455,0.0005195140838623047
final,11,25,16,2.258068561553955,2.261782169342041,0.0037136077880859375
final,11,26,16,2.258831024169922,2.2690348625183105,0.010203838348388672
final,11,27,16,2.2468714714050293,2.2497775554656982,0.0029060840606689453
final,11,28,16,2.2777273654937744,2.2637858390808105,0.013941526412963867
final,11,29,16,2.2605502605438232,2.265718460083008,0.00516819953918457
final,11,30,16,2.2844462394714355,2.287961483001709,0.0035152435302734375
final,11,31,16,2.249321460723877,2.2710206508636475,0.021699190139770508
final,11,32,16,2.230036735534668,2.2334249019622803,0.0033881664276123047
final,11,33,16,2.2879326343536377,2.2834393978118896,0.004493236541748047
final,11,34,16,2.260838270187378,2.2580530643463135,0.002785205841064453
final,11,35,16,2.280897378921509,2.273817300796509,0.007080078125
final,11,36,16,2.241241216659546,2.249833106994629,0.008591890335083008
final,11,37,16,2.2930049896240234,2.2728359699249268,0.02016901969909668
final,11,38,16,2.264305830001831,2.2799861431121826,0.015680313110351562
final,11,39,16,2.276437520980835,2.28200364112854,0.005566120147705078
final,11,40,16,2.261484384536743,2.281489372253418,0.020004987716674805
final,11,41,16,2.2470099925994873,2.2498912811279297,0.002881288528442383
final,11,42,16,2.2683937549591064,2.2733185291290283,0.004924774169921875
final,11,43,16,2.266782283782959,2.2656118869781494,0.0011703968048095703
final,11,44,16,2.2721831798553467,2.2760181427001953,0.003834962844848633
final,11,45,16,2.282214879989624,2.267554759979248,0.014660120010375977
final,11,46,16,2.232745409011841,2.2591917514801025,0.02644634246826172
final,11,47,16,2.2669827938079834,2.280099868774414,0.013117074966430664
final,11,48,16,2.2548668384552,2.2761662006378174,0.021299362182617188
final,11,49,16,2.264864683151245,2.2551534175872803,0.009711265563964844
final,11,50,16,2.250986099243164,2.2739651203155518,0.022979021072387695
final,11,51,16,2.264021873474121,2.2739219665527344,0.009900093078613281
final,11,52,16,2.2822673320770264,2.305433511734009,0.023166179656982422
final,11,53,16,2.2415101528167725,2.235288619995117,0.0062215328216552734
final,11,54,16,2.269974946975708,2.2722997665405273,0.002324819564819336
final,11,55,16,2.2987005710601807,2.3143703937530518,0.015669822692871094
final,11,56,16,2.2684290409088135,2.2543890476226807,0.014039993286132812
final,11,57,16,2.274001359939575,2.2752554416656494,0.0012540817260742188
final,11,58,16,2.245514154434204,2.249479055404663,0.003964900970458984
final,11,59,16,2.2385482788085938,2.225902795791626,0.012645483016967773
final,11,60,16,2.2530453205108643,2.255315065383911,0.002269744873046875
final,11,61,16,2.248582363128662,2.2670655250549316,0.01848316192626953
final,11,62,16,2.31050181388855,2.3140008449554443,0.0034990310668945312
final,11,63,16,2.2844700813293457,2.2757983207702637,0.008671760559082031
initial,12,0,16,2.3059768676757812,2.3085339069366455,0.002557039260864258
initial,12,1,16,2.306804895401001,2.312397003173828,0.0055921077728271484
initial,12,2,16,2.2976396083831787,2.29819393157959,0.0005543231964111328
initial,12,3,16,2.30670428276062,2.3137896060943604,0.007085323333740234
initial,12,4,16,2.3133492469787598,2.3078064918518066,0.005542755126953125
initial,12,5,16,2.3169546127319336,2.312574625015259,0.004379987716674805
initial,12,6,16,2.3018758296966553,2.3003368377685547,0.001538991928100586
initial,12,7,16,2.2925469875335693,2.2879443168640137,0.004602670669555664
initial,12,8,16,2.3148438930511475,2.312262773513794,0.0025811195373535156
initial,12,9,16,2.3089473247528076,2.3099594116210938,0.0010120868682861328
initial,12,10,16,2.286095142364502,2.290851593017578,0.004756450653076172
initial,12,11,16,2.3022124767303467,2.300037145614624,0.0021753311157226562
initial,12,12,16,2.297372341156006,2.29522442817688,0.0021479129791259766
initial,12,13,16,2.312354564666748,2.3128676414489746,0.0005130767822265625
initial,12,14,16,2.2964773178100586,2.2946736812591553,0.0018036365509033203
initial,12,15,16,2.3099942207336426,2.3075931072235107,0.002401113510131836
initial,12,16,16,2.303527355194092,2.307471752166748,0.00394439697265625
initial,12,17,16,2.3115227222442627,2.3135623931884766,0.002039670944213867
initial,12,18,16,2.300684928894043,2.294741630554199,0.00594329833984375
initial,12,19,16,2.301968574523926,2.3021247386932373,0.00015616416931152344
initial,12,20,16,2.310622453689575,2.314253568649292,0.003631114959716797
initial,12,21,16,2.3178870677948,2.314365863800049,0.0035212039947509766
initial,12,22,16,2.310892343521118,2.3095061779022217,0.0013861656188964844
initial,12,23,16,2.3215038776397705,2.312559127807617,0.00894474983215332
initial,12,24,16,2.3215689659118652,2.3189339637756348,0.0026350021362304688
initial,12,25,16,2.298403739929199,2.3030107021331787,0.004606962203979492
initial,12,26,16,2.3117051124572754,2.310906410217285,0.0007987022399902344
initial,12,27,16,2.2949378490448,2.2919464111328125,0.0029914379119873047
initial,12,28,16,2.3087031841278076,2.3016481399536133,0.007055044174194336
initial,12,29,16,2.3056325912475586,2.3108556270599365,0.00522303581237793
initial,12,30,16,2.3023037910461426,2.2981910705566406,0.004112720489501953
initial,12,31,16,2.3046622276306152,2.307131290435791,0.0024690628051757812
initial,12,32,16,2.302262306213379,2.292562246322632,0.00970005989074707
initial,12,33,16,2.3053455352783203,2.3096635341644287,0.0043179988861083984
initial,12,34,16,2.320403575897217,2.3198721408843994,0.0005314350128173828
initial,12,35,16,2.31246280670166,2.312556266784668,9.34600830078125e-05
initial,12,36,16,2.3119966983795166,2.3120381832122803,4.1484832763671875e-05
initial,12,37,16,2.2992959022521973,2.296283483505249,0.003012418746948242
initial,12,38,16,2.2906227111816406,2.2884202003479004,0.0022025108337402344
initial,12,39,16,2.298144817352295,2.2991061210632324,0.0009613037109375
initial,12,40,16,2.3105411529541016,2.3154757022857666,0.004934549331665039
initial,12,41,16,2.3016552925109863,2.300126075744629,0.0015292167663574219
initial,12,42,16,2.2952933311462402,2.3040006160736084,0.008707284927368164
initial,12,43,16,2.312917947769165,2.311765193939209,0.0011527538299560547
initial,12,44,16,2.2830114364624023,2.292065143585205,0.009053707122802734
initial,12,45,16,2.3065435886383057,2.303699254989624,0.0028443336486816406
initial,12,46,16,2.3185300827026367,2.3197057247161865,0.0011756420135498047
initial,12,47,16,2.295555591583252,2.289297580718994,0.0062580108642578125
initial,12,48,16,2.3215832710266113,2.3245105743408203,0.0029273033142089844
initial,12,49,16,2.307677984237671,2.3102669715881348,0.002588987350463867
initial,12,50,16,2.3009021282196045,2.3106954097747803,0.009793281555175781
initial,12,51,16,2.3111252784729004,2.311600923538208,0.0004756450653076172
initial,12,52,16,2.3139781951904297,2.3131072521209717,0.0008709430694580078
initial,12,53,16,2.30816912651062,2.3117542266845703,0.0035851001739501953
initial,12,54,16,2.3193230628967285,2.3184814453125,0.0008416175842285156
initial,12,55,16,2.312086820602417,2.3126533031463623,0.0005664825439453125
initial,12,56,16,2.3100972175598145,2.3082242012023926,0.001873016357421875
initial,12,57,16,2.3158485889434814,2.317185401916504,0.001336812973022461
initial,12,58,16,2.32732892036438,2.3258564472198486,0.00147247314453125
initial,12,59,16,2.3098416328430176,2.3034420013427734,0.006399631500244141
initial,12,60,16,2.3223373889923096,2.3144943714141846,0.007843017578125
initial,12,61,16,2.3120510578155518,2.3155856132507324,0.003534555435180664
initial,12,62,16,2.309972047805786,2.3106398582458496,0.0006678104400634766
initial,12,63,16,2.3107452392578125,2.3125698566436768,0.0018246173858642578
final,12,0,16,2.252708673477173,2.2525339126586914,0.0001747608184814453
final,12,1,16,2.261735200881958,2.2439441680908203,0.017791032791137695
final,12,2,16,2.280932903289795,2.28363037109375,0.002697467803955078
final,12,3,16,2.259371042251587,2.266855001449585,0.007483959197998047
final,12,4,16,2.2820944786071777,2.2760629653930664,0.006031513214111328
final,12,5,16,2.2758567333221436,2.269538640975952,0.006318092346191406
final,12,6,16,2.2750892639160156,2.264031410217285,0.011057853698730469
final,12,7,16,2.264113664627075,2.2689850330352783,0.004871368408203125
final,12,8,16,2.246721029281616,2.24800181388855,0.0012807846069335938
final,12,9,16,2.2987756729125977,2.2951133251190186,0.0036623477935791016
final,12,10,16,2.247008800506592,2.245626926422119,0.0013818740844726562
final,12,11,16,2.272918701171875,2.271757125854492,0.0011615753173828125
final,12,12,16,2.2562410831451416,2.259021043777466,0.0027799606323242188
final,12,13,16,2.263301134109497,2.257826566696167,0.005474567413330078
final,12,14,16,2.2906157970428467,2.294173002243042,0.0035572052001953125
final,12,15,16,2.263259172439575,2.269580364227295,0.0063211917877197266
final,12,16,16,2.2716424465179443,2.2634942531585693,0.008148193359375
final,12,17,16,2.2523250579833984,2.253175735473633,0.000850677490234375
final,12,18,16,2.2806055545806885,2.2885971069335938,0.007991552352905273
final,12,19,16,2.2669787406921387,2.2683560848236084,0.0013773441314697266
final,12,20,16,2.27093768119812,2.263352870941162,0.007584810256958008
final,12,21,16,2.2482917308807373,2.2491800785064697,0.0008883476257324219
final,12,22,16,2.3018412590026855,2.3030991554260254,0.0012578964233398438
final,12,23,16,2.259031295776367,2.264463424682617,0.00543212890625
final,12,24,16,2.244351387023926,2.244468927383423,0.00011754035949707031
final,12,25,16,2.268778085708618,2.263380765914917,0.005397319793701172
final,12,26,16,2.2936360836029053,2.299426317214966,0.005790233612060547
final,12,27,16,2.272362232208252,2.27760648727417,0.005244255065917969
final,12,28,16,2.266360282897949,2.2625815868377686,0.003778696060180664
final,12,29,16,2.2561285495758057,2.269544839859009,0.013416290283203125
final,12,30,16,2.297093629837036,2.3006763458251953,0.0035827159881591797
final,12,31,16,2.2496066093444824,2.2579963207244873,0.008389711380004883
final,12,32,16,2.2673163414001465,2.262152910232544,0.005163431167602539
final,12,33,16,2.3195667266845703,2.3042097091674805,0.015357017517089844
final,12,34,16,2.307013750076294,2.3073854446411133,0.00037169456481933594
final,12,35,16,2.241481065750122,2.2421557903289795,0.0006747245788574219
final,12,36,16,2.2452392578125,2.2584588527679443,0.013219594955444336
final,12,37,16,2.2349441051483154,2.2240898609161377,0.010854244232177734
final,12,38,16,2.269932746887207,2.2644548416137695,0.0054779052734375
final,12,39,16,2.2699642181396484,2.2693581581115723,0.0006060600280761719
final,12,40,16,2.279259204864502,2.2623753547668457,0.01688385009765625
final,12,41,16,2.285109281539917,2.2841224670410156,0.0009868144989013672
final,12,42,16,2.253430128097534,2.246450662612915,0.006979465484619141
final,12,43,16,2.295288562774658,2.288231372833252,0.00705718994140625
final,12,44,16,2.263577461242676,2.257877826690674,0.005699634552001953
final,12,45,16,2.2725439071655273,2.257037401199341,0.015506505966186523
final,12,46,16,2.2646772861480713,2.2630724906921387,0.0016047954559326172
final,12,47,16,2.2433993816375732,2.2324471473693848,0.010952234268188477
final,12,48,16,2.2935636043548584,2.2957375049591064,0.002173900604248047
final,12,49,16,2.279714584350586,2.2762632369995117,0.0034513473510742188
final,12,50,16,2.2844579219818115,2.279799699783325,0.004658222198486328
final,12,51,16,2.285689115524292,2.2811524868011475,0.004536628723144531
final,12,52,16,2.266443967819214,2.2709238529205322,0.004479885101318359
final,12,53,16,2.285876512527466,2.299367666244507,0.013491153717041016
final,12,54,16,2.2482595443725586,2.247730255126953,0.0005292892456054688
final,12,55,16,2.270313262939453,2.265942096710205,0.004371166229248047
final,12,56,16,2.2985293865203857,2.2865548133850098,0.011974573135375977
final,12,57,16,2.284036636352539,2.2918360233306885,0.007799386978149414
final,12,58,16,2.2449560165405273,2.262341260910034,0.017385244369506836
final,12,59,16,2.2447452545166016,2.247790813446045,0.0030455589294433594
final,12,60,16,2.235727310180664,2.217996120452881,0.017731189727783203
final,12,61,16,2.3127145767211914,2.3045997619628906,0.008114814758300781
final,12,62,16,2.2734146118164062,2.2670562267303467,0.00635838508605957
final,12,63,16,2.2694311141967773,2.2694573402404785,2.6226043701171875e-05
initial,13,0,16,2.311084032058716,2.3114264011383057,0.00034236907958984375
initial,13,1,16,2.3176958560943604,2.3162362575531006,0.0014595985412597656
initial,13,2,16,2.305142879486084,2.310317039489746,0.005174160003662109
initial,13,3,16,2.322550058364868,2.3254363536834717,0.0028862953186035156
initial,13,4,16,2.3059537410736084,2.3051249980926514,0.0008287429809570312
initial,13,5,16,2.319556713104248,2.3218982219696045,0.0023415088653564453
initial,13,6,16,2.3201491832733154,2.3228094577789307,0.0026602745056152344
initial,13,7,16,2.317394733428955,2.3169312477111816,0.0004634857177734375
initial,13,8,16,2.330850124359131,2.332343816757202,0.001493692398071289
initial,13,9,16,2.302330493927002,2.301717519760132,0.0006129741668701172
initial,13,10,16,2.306128740310669,2.3040175437927246,0.002111196517944336
initial,13,11,16,2.306088924407959,2.3045217990875244,0.0015671253204345703
initial,13,12,16,2.307241439819336,2.3055949211120605,0.0016465187072753906
initial,13,13,16,2.3134570121765137,2.3115897178649902,0.0018672943115234375
initial,13,14,16,2.30659556388855,2.3056983947753906,0.0008971691131591797
initial,13,15,16,2.3079097270965576,2.3060238361358643,0.0018858909606933594
initial,13,16,16,2.3000590801239014,2.3013203144073486,0.0012612342834472656
initial,13,17,16,2.31160044670105,2.3165926933288574,0.004992246627807617
initial,13,18,16,2.311241865158081,2.3156793117523193,0.004437446594238281
initial,13,19,16,2.306401014328003,2.3083534240722656,0.0019524097442626953
initial,13,20,16,2.2981579303741455,2.3026201725006104,0.004462242126464844
initial,13,21,16,2.3146276473999023,2.3182225227355957,0.0035948753356933594
initial,13,22,16,2.293637990951538,2.2887377738952637,0.004900217056274414
initial,13,23,16,2.301708698272705,2.3018100261688232,0.00010132789611816406
initial,13,24,16,2.2983405590057373,2.2976324558258057,0.0007081031799316406
initial,13,25,16,2.309504985809326,2.3088345527648926,0.0006704330444335938
initial,13,26,16,2.29945707321167,2.299806594848633,0.0003495216369628906
initial,13,27,16,2.306288480758667,2.305424690246582,0.0008637905120849609
initial,13,28,16,2.31209659576416,2.312257766723633,0.00016117095947265625
initial,13,29,16,2.3068721294403076,2.3099093437194824,0.0030372142791748047
initial,13,30,16,2.3068881034851074,2.3063151836395264,0.0005729198455810547
initial,13,31,16,2.305995225906372,2.3077569007873535,0.0017616748809814453
initial,13,32,16,2.3062331676483154,2.303389549255371,0.002843618392944336
initial,13,33,16,2.3111841678619385,2.313133955001831,0.0019497871398925781
initial,13,34,16,2.3169283866882324,2.3125267028808594,0.004401683807373047
initial,13,35,16,2.304494619369507,2.306385040283203,0.001890420913696289
initial,13,36,16,2.3053462505340576,2.3062493801116943,0.0009031295776367188
initial,13,37,16,2.2920823097229004,2.2912347316741943,0.0008475780487060547
initial,13,38,16,2.2963600158691406,2.300844669342041,0.004484653472900391
initial,13,39,16,2.313236951828003,2.315185546875,0.0019485950469970703
initial,13,40,16,2.3200881481170654,2.320035219192505,5.2928924560546875e-05
initial,13,41,16,2.300666093826294,2.2984373569488525,0.0022287368774414062
initial,13,42,16,2.302741289138794,2.303635358810425,0.0008940696716308594
initial,13,43,16,2.307769298553467,2.306946277618408,0.0008230209350585938
initial,13,44,16,2.3229830265045166,2.323049306869507,6.628036499023438e-05
initial,13,45,16,2.303525447845459,2.3003792762756348,0.0031461715698242188
initial,13,46,16,2.316420793533325,2.3154873847961426,0.0009334087371826172
initial,13,47,16,2.3173511028289795,2.311995267868042,0.0053558349609375
initial,13,48,16,2.3060483932495117,2.306034564971924,1.3828277587890625e-05
initial,13,49,16,2.3142220973968506,2.315873861312866,0.001651763916015625
initial,13,50,16,2.316570520401001,2.311617374420166,0.004953145980834961
initial,13,51,16,2.315305471420288,2.3136165142059326,0.0016889572143554688
initial,13,52,16,2.325413465499878,2.3220911026000977,0.0033223628997802734
initial,13,53,16,2.3144850730895996,2.3144032955169678,8.177757263183594e-05
initial,13,54,16,2.3184115886688232,2.3185718059539795,0.00016021728515625
initial,13,55,16,2.3221631050109863,2.3210105895996094,0.0011525154113769531
initial,13,56,16,2.3026340007781982,2.2969577312469482,0.00567626953125
initial,13,57,16,2.3130598068237305,2.3153889179229736,0.002329111099243164
initial,13,58,16,2.322758674621582,2.3254475593566895,0.002688884735107422
initial,13,59,16,2.2974071502685547,2.299391031265259,0.0019838809967041016
initial,13,60,16,2.3066177368164062,2.30692458152771,0.00030684471130371094
initial,13,61,16,2.3161585330963135,2.3196029663085938,0.0034444332122802734
initial,13,62,16,2.3148412704467773,2.3129734992980957,0.0018677711486816406
initial,13,63,16,2.3098244667053223,2.31162166595459,0.0017971992492675781
final,13,0,16,2.2600059509277344,2.26208758354187,0.002081632614135742
final,13,1,16,2.262690305709839,2.267967700958252,0.005277395248413086
final,13,2,16,2.262397289276123,2.260329484939575,0.0020678043365478516
final,13,3,16,2.2546701431274414,2.253363847732544,0.001306295394897461
final,13,4,16,2.271578073501587,2.2746424674987793,0.003064393997192383
final,13,5,16,2.265045642852783,2.262259006500244,0.0027866363525390625
final,13,6,16,2.2633564472198486,2.2608697414398193,0.002486705780029297
final,13,7,16,2.2812764644622803,2.2895665168762207,0.00829005241394043
final,13,8,16,2.280447244644165,2.2768402099609375,0.003607034683227539
final,13,9,16,2.2572848796844482,2.265944480895996,0.008659601211547852
final,13,10,16,2.2819161415100098,2.284813165664673,0.002897024154663086
final,13,11,16,2.2396063804626465,2.2410354614257812,0.0014290809631347656
final,13,12,16,2.249044179916382,2.248836040496826,0.00020813941955566406
final,13,13,16,2.2875404357910156,2.2861101627349854,0.0014302730560302734
final,13,14,16,2.2591795921325684,2.250678539276123,0.008501052856445312
final,13,15,16,2.285731792449951,2.2782633304595947,0.007468461990356445
final,13,16,16,2.250640392303467,2.2557570934295654,0.005116701126098633
final,13,17,16,2.2584662437438965,2.267735004425049,0.009268760681152344
final,13,18,16,2.2982752323150635,2.2990758419036865,0.0008006095886230469
final,13,19,16,2.2570574283599854,2.2547080516815186,0.002349376678466797
final,13,20,16,2.23513126373291,2.2432403564453125,0.008109092712402344
final,13,21,16,2.2459216117858887,2.2534332275390625,0.007511615753173828
final,13,22,16,2.251878261566162,2.24893856048584,0.0029397010803222656
final,13,23,16,2.2676877975463867,2.263559103012085,0.004128694534301758
final,13,24,16,2.29121470451355,2.289518117904663,0.0016965866088867188
final,13,25,16,2.2782344818115234,2.286925792694092,0.00869131088256836
final,13,26,16,2.29388689994812,2.2972300052642822,0.0033431053161621094
final,13,27,16,2.24641489982605,2.242388963699341,0.004025936126708984
final,13,28,16,2.261188507080078,2.259016990661621,0.0021715164184570312
final,13,29,16,2.2874202728271484,2.2857582569122314,0.0016620159149169922
final,13,30,16,2.2558865547180176,2.2542238235473633,0.0016627311706542969
final,13,31,16,2.2785873413085938,2.2824344635009766,0.0038471221923828125
final,13,32,16,2.270399570465088,2.270442485809326,4.291534423828125e-05
final,13,33,16,2.266284465789795,2.2713863849639893,0.005101919174194336
final,13,34,16,2.2548577785491943,2.2564754486083984,0.0016176700592041016
final,13,35,16,2.247809886932373,2.2502024173736572,0.0023925304412841797
final,13,36,16,2.291477918624878,2.2944815158843994,0.0030035972595214844
final,13,37,16,2.2542881965637207,2.255270481109619,0.0009822845458984375
final,13,38,16,2.28765869140625,2.286792039871216,0.0008666515350341797
final,13,39,16,2.245028018951416,2.244442939758301,0.0005850791931152344
final,13,40,16,2.212606430053711,2.2115259170532227,0.0010805130004882812
final,13,41,16,2.301729679107666,2.295928716659546,0.005800962448120117
final,13,42,16,2.274513006210327,2.2600812911987305,0.01443171501159668
final,13,43,16,2.2963457107543945,2.3001999855041504,0.0038542747497558594
final,13,44,16,2.255269765853882,2.2518200874328613,0.003449678421020508
final,13,45,16,2.265918731689453,2.2680776119232178,0.0021588802337646484
final,13,46,16,2.290189266204834,2.281296968460083,0.008892297744750977
final,13,47,16,2.278979539871216,2.276228666305542,0.002750873565673828
final,13,48,16,2.248770236968994,2.2492263317108154,0.00045609474182128906
final,13,49,16,2.289078950881958,2.291895866394043,0.002816915512084961
final,13,50,16,2.2742908000946045,2.2762720584869385,0.0019812583923339844
final,13,51,16,2.3003358840942383,2.304093837738037,0.003757953643798828
final,13,52,16,2.263740062713623,2.2688305377960205,0.005090475082397461
final,13,53,16,2.2644262313842773,2.2637319564819336,0.00069427490234375
final,13,54,16,2.224146842956543,2.2215278148651123,0.002619028091430664
final,13,55,16,2.263061761856079,2.2693567276000977,0.006294965744018555
final,13,56,16,2.284128427505493,2.2859408855438232,0.0018124580383300781
final,13,57,16,2.261425256729126,2.2716519832611084,0.010226726531982422
final,13,58,16,2.2716190814971924,2.2691657543182373,0.002453327178955078
final,13,59,16,2.281900644302368,2.2878899574279785,0.0059893131256103516
final,13,60,16,2.26956844329834,2.2769644260406494,0.00739598274230957
final,13,61,16,2.2847273349761963,2.2865140438079834,0.0017867088317871094
final,13,62,16,2.2615084648132324,2.264523506164551,0.0030150413513183594
final,13,63,16,2.278799533843994,2.271510362625122,0.00728917121887207
initial,14,0,16,2.311506748199463,2.31194806098938,0.0004413127899169922
initial,14,1,16,2.3173470497131348,2.315476417541504,0.0018706321716308594
initial,14,2,16,2.3114166259765625,2.3132708072662354,0.0018541812896728516
initial,14,3,16,2.300954818725586,2.302811861038208,0.0018570423126220703
initial,14,4,16,2.302279472351074,2.3005499839782715,0.0017294883728027344
initial,14,5,16,2.3068253993988037,2.3076469898223877,0.0008215904235839844
initial,14,6,16,2.31406569480896,2.316840648651123,0.002774953842163086
initial,14,7,16,2.3115851879119873,2.3112850189208984,0.0003001689910888672
initial,14,8,16,2.3089311122894287,2.3083956241607666,0.0005354881286621094
initial,14,9,16,2.325698137283325,2.3270950317382812,0.0013968944549560547
initial,14,10,16,2.306562662124634,2.308993339538574,0.0024306774139404297
initial,14,11,16,2.330789804458618,2.3298094272613525,0.000980377197265625
initial,14,12,16,2.3147213459014893,2.3132784366607666,0.0014429092407226562
initial,14,13,16,2.3072283267974854,2.3089659214019775,0.0017375946044921875
initial,14,14,16,2.310405731201172,2.3110570907592773,0.0006513595581054688
initial,14,15,16,2.2895097732543945,2.2878830432891846,0.001626729965209961
initial,14,16,16,2.3063371181488037,2.306561231613159,0.00022411346435546875
initial,14,17,16,2.317243814468384,2.317638874053955,0.00039505958557128906
initial,14,18,16,2.3182671070098877,2.3180501461029053,0.00021696090698242188
initial,14,19,16,2.313138008117676,2.3132383823394775,0.00010037422180175781
initial,14,20,16,2.3156392574310303,2.312180757522583,0.0034584999084472656
initial,14,21,16,2.3171591758728027,2.31693172454834,0.00022745132446289062
initial,14,22,16,2.3060812950134277,2.3050739765167236,0.0010073184967041016
initial,14,23,16,2.304689645767212,2.303534984588623,0.0011546611785888672
initial,14,24,16,2.301161766052246,2.302424192428589,0.0012624263763427734
initial,14,25,16,2.315613031387329,2.315741539001465,0.0001285076141357422
initial,14,26,16,2.3082544803619385,2.3103208541870117,0.002066373825073242
initial,14,27,16,2.3171446323394775,2.316193103790283,0.0009515285491943359
initial,14,28,16,2.3220937252044678,2.3200976848602295,0.0019960403442382812
initial,14,29,16,2.3170223236083984,2.314059019088745,0.0029633045196533203
initial,14,30,16,2.2995965480804443,2.2998154163360596,0.00021886825561523438
initial,14,31,16,2.305567502975464,2.305199146270752,0.00036835670471191406
initial,14,32,16,2.320903778076172,2.3183422088623047,0.0025615692138671875
initial,14,33,16,2.307086706161499,2.3061869144439697,0.0008997917175292969
initial,14,34,16,2.3026282787323,2.303807258605957,0.0011789798736572266
initial,14,35,16,2.327277183532715,2.3262882232666016,0.0009889602661132812
initial,14,36,16,2.3156964778900146,2.31616473197937,0.00046825408935546875
initial,14,37,16,2.314744234085083,2.312274694442749,0.0024695396423339844
initial,14,38,16,2.309826612472534,2.3079912662506104,0.0018353462219238281
initial,14,39,16,2.3019959926605225,2.300325632095337,0.0016703605651855469
initial,14,40,16,2.302539348602295,2.299811840057373,0.002727508544921875
initial,14,41,16,2.3094067573547363,2.308565139770508,0.0008416175842285156
initial,14,42,16,2.302701711654663,2.303959608078003,0.0012578964233398438
initial,14,43,16,2.3092596530914307,2.309267520904541,7.867813110351562e-06
initial,14,44,16,2.3135573863983154,2.31179141998291,0.0017659664154052734
initial,14,45,16,2.3082292079925537,2.3091230392456055,0.0008938312530517578
initial,14,46,16,2.317373752593994,2.3171725273132324,0.00020122528076171875
initial,14,47,16,2.3224639892578125,2.321164131164551,0.0012998580932617188
initial,14,48,16,2.304274797439575,2.3043651580810547,9.036064147949219e-05
initial,14,49,16,2.304271697998047,2.3018453121185303,0.0024263858795166016
initial,14,50,16,2.2997567653656006,2.2986841201782227,0.0010726451873779297
initial,14,51,16,2.29856014251709,2.2998621463775635,0.0013020038604736328
initial,14,52,16,2.291696548461914,2.2917630672454834,6.651878356933594e-05
initial,14,53,16,2.315385103225708,2.3147547245025635,0.0006303787231445312
initial,14,54,16,2.293175220489502,2.2938990592956543,0.0007238388061523438
initial,14,55,16,2.3032820224761963,2.3059592247009277,0.0026772022247314453
initial,14,56,16,2.302745819091797,2.304965019226074,0.0022192001342773438
initial,14,57,16,2.308415651321411,2.3084723949432373,5.6743621826171875e-05
initial,14,58,16,2.3150529861450195,2.3140478134155273,0.0010051727294921875
initial,14,59,16,2.309096336364746,2.309227466583252,0.00013113021850585938
initial,14,60,16,2.3195464611053467,2.3179938793182373,0.001552581787109375
initial,14,61,16,2.3129706382751465,2.3121161460876465,0.0008544921875
initial,14,62,16,2.299816131591797,2.3025660514831543,0.002749919891357422
initial,14,63,16,2.3150784969329834,2.314443826675415,0.0006346702575683594
final,14,0,16,2.279911756515503,2.274829149246216,0.005082607269287109
final,14,1,16,2.252624988555908,2.2526354789733887,1.049041748046875e-05
final,14,2,16,2.2697911262512207,2.2727081775665283,0.002917051315307617
final,14,3,16,2.233213424682617,2.2351176738739014,0.0019042491912841797
final,14,4,16,2.2789454460144043,2.2822813987731934,0.0033359527587890625
final,14,5,16,2.28489089012146,2.2851808071136475,0.0002899169921875
final,14,6,16,2.298710823059082,2.302008867263794,0.003298044204711914
final,14,7,16,2.2852683067321777,2.285275459289551,7.152557373046875e-06
final,14,8,16,2.24396014213562,2.244737386703491,0.0007772445678710938
final,14,9,16,2.2548255920410156,2.2565441131591797,0.0017185211181640625
final,14,10,16,2.254258394241333,2.258073329925537,0.0038149356842041016
final,14,11,16,2.2983646392822266,2.2973902225494385,0.0009744167327880859
final,14,12,16,2.255760908126831,2.2609572410583496,0.005196332931518555
final,14,13,16,2.26474666595459,2.2670154571533203,0.0022687911987304688
final,14,14,16,2.267540693283081,2.2689826488494873,0.00144195556640625
final,14,15,16,2.261368989944458,2.2682783603668213,0.006909370422363281
final,14,16,16,2.2398862838745117,2.240675687789917,0.0007894039154052734
final,14,17,16,2.2534642219543457,2.250302314758301,0.003161907196044922
final,14,18,16,2.278806686401367,2.2747464179992676,0.004060268402099609
final,14,19,16,2.267937421798706,2.2687785625457764,0.0008411407470703125
final,14,20,16,2.2724051475524902,2.2725636959075928,0.00015854835510253906
final,14,21,16,2.275455951690674,2.2777469158172607,0.002290964126586914
final,14,22,16,2.268758535385132,2.2656590938568115,0.0030994415283203125
final,14,23,16,2.2778077125549316,2.2751035690307617,0.002704143524169922
final,14,24,16,2.2752654552459717,2.2710652351379395,0.0042002201080322266
final,14,25,16,2.282205104827881,2.2853317260742188,0.0031266212463378906
final,14,26,16,2.299739122390747,2.2996630668640137,7.605552673339844e-05
final,14,27,16,2.272815227508545,2.2728872299194336,7.200241088867188e-05
final,14,28,16,2.2234551906585693,2.2250540256500244,0.0015988349914550781
final,14,29,16,2.272709608078003,2.2675013542175293,0.005208253860473633
final,14,30,16,2.2596070766448975,2.2604939937591553,0.0008869171142578125
final,14,31,16,2.2613260746002197,2.2635467052459717,0.002220630645751953
final,14,32,16,2.2814199924468994,2.280139684677124,0.0012803077697753906
final,14,33,16,2.2619590759277344,2.265678882598877,0.003719806671142578
final,14,34,16,2.277498483657837,2.2791738510131836,0.0016753673553466797
final,14,35,16,2.249931573867798,2.254767894744873,0.004836320877075195
final,14,36,16,2.257357120513916,2.2579801082611084,0.0006229877471923828
final,14,37,16,2.2674190998077393,2.263136148452759,0.004282951354980469
final,14,38,16,2.239314079284668,2.238797664642334,0.0005164146423339844
final,14,39,16,2.295734167098999,2.2993526458740234,0.003618478775024414
final,14,40,16,2.2635490894317627,2.268620014190674,0.005070924758911133
final,14,41,16,2.2454960346221924,2.2450733184814453,0.0004227161407470703
final,14,42,16,2.268587350845337,2.2667853832244873,0.0018019676208496094
final,14,43,16,2.27484393119812,2.2769927978515625,0.002148866653442383
final,14,44,16,2.281766176223755,2.2841029167175293,0.002336740493774414
final,14,45,16,2.2632343769073486,2.2594265937805176,0.0038077831268310547
final,14,46,16,2.280329704284668,2.283677816390991,0.003348112106323242
final,14,47,16,2.269416093826294,2.2680087089538574,0.0014073848724365234
final,14,48,16,2.271421194076538,2.273994207382202,0.0025730133056640625
final,14,49,16,2.272251844406128,2.274758815765381,0.0025069713592529297
final,14,50,16,2.2709667682647705,2.2682132720947266,0.0027534961700439453
final,14,51,16,2.2412517070770264,2.2409095764160156,0.0003421306610107422
final,14,52,16,2.272343158721924,2.2723333835601807,9.775161743164062e-06
final,14,53,16,2.239520311355591,2.236217498779297,0.0033028125762939453
final,14,54,16,2.26147723197937,2.2619404792785645,0.00046324729919433594
final,14,55,16,2.3061089515686035,2.306589126586914,0.0004801750183105469
final,14,56,16,2.2915472984313965,2.289635181427002,0.0019121170043945312
final,14,57,16,2.258301019668579,2.2564566135406494,0.0018444061279296875
final,14,58,16,2.2848525047302246,2.2821710109710693,0.0026814937591552734
final,14,59,16,2.291327953338623,2.2908413410186768,0.00048661231994628906
final,14,60,16,2.263730764389038,2.2657949924468994,0.002064228057861328
final,14,61,16,2.2556934356689453,2.256502151489258,0.0008087158203125
final,14,62,16,2.271414041519165,2.269479990005493,0.001934051513671875
final,14,63,16,2.2791271209716797,2.2831199169158936,0.003992795944213867
initial,15,0,16,2.304626941680908,2.304750680923462,0.00012373924255371094
initial,15,1,16,2.297177791595459,2.2966341972351074,0.0005435943603515625
initial,15,2,16,2.323488235473633,2.3230416774749756,0.00044655799865722656
initial,15,3,16,2.307053804397583,2.3051671981811523,0.001886606216430664
initial,15,4,16,2.3242099285125732,2.3250880241394043,0.0008780956268310547
initial,15,5,16,2.3230528831481934,2.3267698287963867,0.0037169456481933594
initial,15,6,16,2.309471845626831,2.310856819152832,0.0013849735260009766
initial,15,7,16,2.308943271636963,2.3066632747650146,0.002279996871948242
initial,15,8,16,2.3053901195526123,2.306173086166382,0.0007829666137695312
initial,15,9,16,2.3129048347473145,2.311311960220337,0.001592874526977539
initial,15,10,16,2.3049893379211426,2.3078434467315674,0.0028541088104248047
initial,15,11,16,2.3082568645477295,2.307180643081665,0.0010762214660644531
initial,15,12,16,2.317021608352661,2.315495729446411,0.00152587890625
initial,15,13,16,2.307826519012451,2.306837320327759,0.0009891986846923828
initial,15,14,16,2.321995258331299,2.3235507011413574,0.0015554428100585938
initial,15,15,16,2.298387289047241,2.3020660877227783,0.0036787986755371094
initial,15,16,16,2.3124213218688965,2.307974100112915,0.004447221755981445
initial,15,17,16,2.306892156600952,2.3091752529144287,0.0022830963134765625
initial,15,18,16,2.312166452407837,2.310570240020752,0.001596212387084961
initial,15,19,16,2.3058741092681885,2.306283950805664,0.00040984153747558594
initial,15,20,16,2.314530372619629,2.3152198791503906,0.0006895065307617188
initial,15,21,16,2.318373203277588,2.318586826324463,0.000213623046875
initial,15,22,16,2.319708824157715,2.319716453552246,7.62939453125e-06
initial,15,23,16,2.3172903060913086,2.315866470336914,0.0014238357543945312
initial,15,24,16,2.3205063343048096,2.3196163177490234,0.0008900165557861328
initial,15,25,16,2.2974588871002197,2.2972803115844727,0.0001785755157470703
initial,15,26,16,2.3137853145599365,2.3138582706451416,7.295608520507812e-05
initial,15,27,16,2.3033828735351562,2.3034658432006836,8.296966552734375e-05
initial,15,28,16,2.2948849201202393,2.293416738510132,0.0014681816101074219
initial,15,29,16,2.3196513652801514,2.3208093643188477,0.001157999038696289
initial,15,30,16,2.311037063598633,2.309516668319702,0.001520395278930664
initial,15,31,16,2.322596549987793,2.3232457637786865,0.0006492137908935547
initial,15,32,16,2.3102123737335205,2.311708927154541,0.0014965534210205078
initial,15,33,16,2.3054423332214355,2.303997755050659,0.0014445781707763672
initial,15,34,16,2.318148136138916,2.3194668292999268,0.0013186931610107422
initial,15,35,16,2.2940280437469482,2.2933759689331055,0.0006520748138427734
initial,15,36,16,2.2973122596740723,2.29654598236084,0.0007662773132324219
initial,15,37,16,2.2962770462036133,2.2948808670043945,0.00139617919921875
initial,15,38,16,2.314160108566284,2.3152105808258057,0.0010504722595214844
initial,15,39,16,2.3176424503326416,2.315916061401367,0.001726388931274414
initial,15,40,16,2.3076541423797607,2.3083574771881104,0.0007033348083496094
initial,15,41,16,2.2973363399505615,2.3009865283966064,0.003650188446044922
initial,15,42,16,2.3043112754821777,2.3013057708740234,0.003005504608154297
initial,15,43,16,2.3170948028564453,2.3150007724761963,0.0020940303802490234
initial,15,44,16,2.3064844608306885,2.306800365447998,0.0003159046173095703
initial,15,45,16,2.3167107105255127,2.3166792392730713,3.147125244140625e-05
initial,15,46,16,2.3197906017303467,2.319525957107544,0.0002646446228027344
initial,15,47,16,2.318004608154297,2.316467761993408,0.0015368461608886719
initial,15,48,16,2.305102586746216,2.3045082092285156,0.0005943775177001953
initial,15,49,16,2.298947811126709,2.29600191116333,0.0029458999633789062
initial,15,50,16,2.297414779663086,2.2986996173858643,0.0012848377227783203
initial,15,51,16,2.3063366413116455,2.3095109462738037,0.003174304962158203
initial,15,52,16,2.301636219024658,2.300504684448242,0.0011315345764160156
initial,15,53,16,2.312588691711426,2.3115177154541016,0.0010709762573242188
initial,15,54,16,2.3155391216278076,2.3138561248779297,0.0016829967498779297
initial,15,55,16,2.3088860511779785,2.3105196952819824,0.0016336441040039062
initial,15,56,16,2.3199613094329834,2.31899094581604,0.0009703636169433594
initial,15,57,16,2.3130295276641846,2.3126306533813477,0.00039887428283691406
initial,15,58,16,2.304816246032715,2.302870273590088,0.0019459724426269531
initial,15,59,16,2.3100666999816895,2.3105082511901855,0.00044155120849609375
initial,15,60,16,2.3054592609405518,2.30826997756958,0.0028107166290283203
initial,15,61,16,2.310520648956299,2.3133208751678467,0.0028002262115478516
initial,15,62,16,2.299940824508667,2.2952332496643066,0.0047075748443603516
initial,15,63,16,2.305004835128784,2.3035964965820312,0.0014083385467529297
final,15,0,16,2.2750325202941895,2.2761788368225098,0.0011463165283203125
final,15,1,16,2.2581465244293213,2.253455638885498,0.004690885543823242
final,15,2,16,2.2802278995513916,2.2816619873046875,0.0014340877532958984
final,15,3,16,2.2719547748565674,2.269563913345337,0.0023908615112304688
final,15,4,16,2.293304204940796,2.2952423095703125,0.0019381046295166016
final,15,5,16,2.2879526615142822,2.2884130477905273,0.0004603862762451172
final,15,6,16,2.272195816040039,2.2726709842681885,0.00047516822814941406
final,15,7,16,2.250349283218384,2.251741409301758,0.0013921260833740234
final,15,8,16,2.253032684326172,2.2546186447143555,0.0015859603881835938
final,15,9,16,2.2795486450195312,2.277427911758423,0.0021207332611083984
final,15,10,16,2.2808823585510254,2.284884452819824,0.004002094268798828
final,15,11,16,2.2552623748779297,2.253117561340332,0.0021448135375976562
final,15,12,16,2.257599115371704,2.254479169845581,0.003119945526123047
final,15,13,16,2.2380940914154053,2.2344212532043457,0.0036728382110595703
final,15,14,16,2.249117851257324,2.250136375427246,0.001018524169921875
final,15,15,16,2.28924822807312,2.2893264293670654,7.82012939453125e-05
final,15,16,16,2.2599709033966064,2.2587907314300537,0.0011801719665527344
final,15,17,16,2.238736629486084,2.23537278175354,0.0033638477325439453
final,15,18,16,2.300103187561035,2.294495105743408,0.005608081817626953
final,15,19,16,2.2742090225219727,2.275146484375,0.0009374618530273438
final,15,20,16,2.2770721912384033,2.276782751083374,0.0002894401550292969
final,15,21,16,2.2611851692199707,2.2602808475494385,0.0009043216705322266
final,15,22,16,2.2629642486572266,2.2612709999084473,0.0016932487487792969
final,15,23,16,2.257094144821167,2.2612345218658447,0.004140377044677734
final,15,24,16,2.2898731231689453,2.285628318786621,0.004244804382324219
final,15,25,16,2.257045269012451,2.255335807800293,0.0017094612121582031
final,15,26,16,2.3109586238861084,2.3112308979034424,0.0002722740173339844
final,15,27,16,2.2688612937927246,2.272346258163452,0.003484964370727539
final,15,28,16,2.2851035594940186,2.2829418182373047,0.002161741256713867
final,15,29,16,2.268665075302124,2.2691900730133057,0.0005249977111816406
final,15,30,16,2.28621768951416,2.2898778915405273,0.0036602020263671875
final,15,31,16,2.2510313987731934,2.2508413791656494,0.0001900196075439453
final,15,32,16,2.274416923522949,2.275439500808716,0.0010225772857666016
final,15,33,16,2.254641532897949,2.2571628093719482,0.0025212764739990234
final,15,34,16,2.2706079483032227,2.275374174118042,0.004766225814819336
final,15,35,16,2.3084557056427,2.3088531494140625,0.0003974437713623047
final,15,36,16,2.277327060699463,2.2788121700286865,0.0014851093292236328
final,15,37,16,2.2274043560028076,2.2298824787139893,0.0024781227111816406
final,15,38,16,2.2554750442504883,2.256739616394043,0.0012645721435546875
final,15,39,16,2.2701385021209717,2.274517774581909,0.0043792724609375
final,15,40,16,2.2416129112243652,2.243809461593628,0.0021965503692626953
final,15,41,16,2.265347480773926,2.266402006149292,0.001054525375366211
final,15,42,16,2.3049075603485107,2.2993102073669434,0.005597352981567383
final,15,43,16,2.270811080932617,2.2693920135498047,0.0014190673828125
final,15,44,16,2.2925896644592285,2.2942559719085693,0.0016663074493408203
final,15,45,16,2.2345657348632812,2.2371723651885986,0.002606630325317383
final,15,46,16,2.2600154876708984,2.259779691696167,0.0002357959747314453
final,15,47,16,2.2333850860595703,2.235358953475952,0.001973867416381836
final,15,48,16,2.270416498184204,2.2713022232055664,0.0008857250213623047
final,15,49,16,2.28425931930542,2.281754970550537,0.0025043487548828125
final,15,50,16,2.287360668182373,2.285616874694824,0.0017437934875488281
final,15,51,16,2.271867036819458,2.2758803367614746,0.0040132999420166016
final,15,52,16,2.2715797424316406,2.2678346633911133,0.0037450790405273438
final,15,53,16,2.263761043548584,2.26399564743042,0.0002346038818359375
final,15,54,16,2.2759337425231934,2.2767536640167236,0.0008199214935302734
final,15,55,16,2.2432608604431152,2.243802547454834,0.00054168701171875
final,15,56,16,2.2665345668792725,2.2733867168426514,0.006852149963378906
final,15,57,16,2.2922074794769287,2.2962939739227295,0.004086494445800781
final,15,58,16,2.3073484897613525,2.305920362472534,0.0014281272888183594
final,15,59,16,2.251713514328003,2.2549376487731934,0.0032241344451904297
final,15,60,16,2.2712624073028564,2.276179790496826,0.0049173831939697266
final,15,61,16,2.265775680541992,2.266087055206299,0.0003113746643066406
final,15,62,16,2.2910921573638916,2.290287733078003,0.0008044242858886719
final,15,63,16,2.2731258869171143,2.2688848972320557,0.004240989685058594
