stage,layer,matrix,pair,perturbed_coordinates,loss_plus,loss_minus,abs_y
initial,0,W_in,0,16,2.6107513904571533,2.6054487228393555,0.0053026676177978516
initial,0,W_in,1,16,2.5334928035736084,2.5240097045898438,0.009483098983764648
initial,0,W_in,2,16,2.6283459663391113,2.6311216354370117,0.0027756690979003906
initial,0,W_in,3,16,2.493929147720337,2.503349542617798,0.009420394897460938
initial,0,W_in,4,16,2.6225428581237793,2.619720220565796,0.0028226375579833984
initial,0,W_in,5,16,2.706416368484497,2.7036685943603516,0.002747774124145508
initial,0,W_in,6,16,2.5606942176818848,2.5627970695495605,0.0021028518676757812
initial,0,W_in,7,16,2.6302895545959473,2.629110336303711,0.0011792182922363281
initial,0,W_in,8,16,2.6167750358581543,2.60567307472229,0.011101961135864258
initial,0,W_in,9,16,2.6153807640075684,2.611483335494995,0.003897428512573242
initial,0,W_in,10,16,2.741532325744629,2.7620553970336914,0.0205230712890625
initial,0,W_in,11,16,2.722297191619873,2.723050832748413,0.0007536411285400391
initial,0,W_in,12,16,2.594421863555908,2.6171507835388184,0.022728919982910156
initial,0,W_in,13,16,2.4775469303131104,2.4812066555023193,0.0036597251892089844
initial,0,W_in,14,16,2.5481643676757812,2.560659885406494,0.01249551773071289
initial,0,W_in,15,16,2.6072895526885986,2.594106674194336,0.013182878494262695
initial,0,W_in,16,16,2.70155668258667,2.7007784843444824,0.0007781982421875
initial,0,W_in,17,16,2.712326765060425,2.7148513793945312,0.0025246143341064453
initial,0,W_in,18,16,2.6183061599731445,2.6341607570648193,0.015854597091674805
initial,0,W_in,19,16,2.6410560607910156,2.6517794132232666,0.010723352432250977
initial,0,W_in,20,16,2.7722530364990234,2.7782628536224365,0.006009817123413086
initial,0,W_in,21,16,2.6825859546661377,2.6912760734558105,0.008690118789672852
initial,0,W_in,22,16,2.5470612049102783,2.5452992916107178,0.0017619132995605469
initial,0,W_in,23,16,2.4846601486206055,2.4923529624938965,0.007692813873291016
initial,0,W_in,24,16,2.5030128955841064,2.5123908519744873,0.00937795639038086
initial,0,W_in,25,16,2.7920496463775635,2.7932546138763428,0.0012049674987792969
initial,0,W_in,26,16,2.6295576095581055,2.632141590118408,0.0025839805603027344
initial,0,W_in,27,16,2.642622232437134,2.648648500442505,0.006026268005371094
initial,0,W_in,28,16,2.728518486022949,2.729311466217041,0.0007929801940917969
initial,0,W_in,29,16,2.4930672645568848,2.502155065536499,0.009087800979614258
initial,0,W_in,30,16,2.6603405475616455,2.663818836212158,0.0034782886505126953
initial,0,W_in,31,16,2.596686601638794,2.6056265830993652,0.008939981460571289
initial,0,W_in,32,16,2.6316215991973877,2.609689235687256,0.021932363510131836
initial,0,W_in,33,16,2.6641836166381836,2.6607205867767334,0.0034630298614501953
initial,0,W_in,34,16,2.565375328063965,2.578033208847046,0.012657880783081055
initial,0,W_in,35,16,2.7602720260620117,2.759233236312866,0.0010387897491455078
initial,0,W_in,36,16,2.456804037094116,2.4625866413116455,0.005782604217529297
initial,0,W_in,37,16,2.73663330078125,2.725433349609375,0.011199951171875
initial,0,W_in,38,16,2.595829963684082,2.5915162563323975,0.00431370735168457
initial,0,W_in,39,16,2.6052043437957764,2.6127376556396484,0.00753331184387207
initial,0,W_in,40,16,2.661993980407715,2.671567440032959,0.00957345962524414
initial,0,W_in,41,16,2.5831944942474365,2.5814414024353027,0.001753091812133789
initial,0,W_in,42,16,2.637583017349243,2.6393990516662598,0.0018160343170166016
initial,0,W_in,43,16,2.678593397140503,2.693166494369507,0.014573097229003906
initial,0,W_in,44,16,2.6489174365997314,2.6655681133270264,0.016650676727294922
initial,0,W_in,45,16,2.5387322902679443,2.539306402206421,0.0005741119384765625
initial,0,W_in,46,16,2.5319368839263916,2.5335628986358643,0.0016260147094726562
initial,0,W_in,47,16,2.6541106700897217,2.663208484649658,0.009097814559936523
initial,0,W_in,48,16,2.5373165607452393,2.540529727935791,0.003213167190551758
initial,0,W_in,49,16,2.661259889602661,2.6666371822357178,0.005377292633056641
initial,0,W_in,50,16,2.6436994075775146,2.635437250137329,0.008262157440185547
initial,0,W_in,51,16,2.6533257961273193,2.6609318256378174,0.007606029510498047
initial,0,W_in,52,16,2.7221295833587646,2.7190945148468018,0.0030350685119628906
initial,0,W_in,53,16,2.6519789695739746,2.642622470855713,0.009356498718261719
initial,0,W_in,54,16,2.6833882331848145,2.682255506515503,0.0011327266693115234
initial,0,W_in,55,16,2.6282808780670166,2.6289358139038086,0.0006549358367919922
initial,0,W_in,56,16,2.714834213256836,2.705812454223633,0.009021759033203125
initial,0,W_in,57,16,2.511976957321167,2.5091803073883057,0.002796649932861328
initial,0,W_in,58,16,2.535930871963501,2.5216267108917236,0.014304161071777344
initial,0,W_in,59,16,2.74053692817688,2.747145175933838,0.006608247756958008
initial,0,W_in,60,16,2.64850115776062,2.656649351119995,0.008148193359375
initial,0,W_in,61,16,2.6466095447540283,2.6560025215148926,0.009392976760864258
initial,0,W_in,62,16,2.6694817543029785,2.689159870147705,0.019678115844726562
initial,0,W_in,63,16,2.704331636428833,2.7055013179779053,0.0011696815490722656
initial,1,block0.W1,0,16,2.5767745971679688,2.5909054279327393,0.014130830764770508
initial,1,block0.W1,1,16,2.626751184463501,2.619931936264038,0.006819248199462891
initial,1,block0.W1,2,16,2.5973856449127197,2.6007444858551025,0.0033588409423828125
initial,1,block0.W1,3,16,2.7614331245422363,2.777585744857788,0.016152620315551758
initial,1,block0.W1,4,16,2.585716485977173,2.5908031463623047,0.005086660385131836
initial,1,block0.W1,5,16,2.6954522132873535,2.687213659286499,0.008238554000854492
initial,1,block0.W1,6,16,2.7027482986450195,2.699791669845581,0.0029566287994384766
initial,1,block0.W1,7,16,2.720099449157715,2.713024377822876,0.007075071334838867
initial,1,block0.W1,8,16,2.5779497623443604,2.5784683227539062,0.0005185604095458984
initial,1,block0.W1,9,16,2.6596438884735107,2.66766619682312,0.008022308349609375
initial,1,block0.W1,10,16,2.696542263031006,2.6994059085845947,0.002863645553588867
initial,1,block0.W1,11,16,2.667780876159668,2.6691999435424805,0.0014190673828125
initial,1,block0.W1,12,16,2.5106070041656494,2.5160365104675293,0.005429506301879883
initial,1,block0.W1,13,16,2.601975440979004,2.595306634902954,0.006668806076049805
initial,1,block0.W1,14,16,2.3836536407470703,2.3827967643737793,0.0008568763732910156
initial,1,block0.W1,15,16,2.66545033454895,2.6628265380859375,0.0026237964630126953
initial,1,block0.W1,16,16,2.6220202445983887,2.631204843521118,0.009184598922729492
initial,1,block0.W1,17,16,2.604173183441162,2.6127848625183105,0.008611679077148438
initial,1,block0.W1,18,16,2.5580036640167236,2.5614354610443115,0.0034317970275878906
initial,1,block0.W1,19,16,2.678833484649658,2.689382553100586,0.010549068450927734
initial,1,block0.W1,20,16,2.6883296966552734,2.6812756061553955,0.00705409049987793
initial,1,block0.W1,21,16,2.6266796588897705,2.6227357387542725,0.003943920135498047
initial,1,block0.W1,22,16,2.6148393154144287,2.6127848625183105,0.002054452896118164
initial,1,block0.W1,23,16,2.5543439388275146,2.548764228820801,0.005579710006713867
initial,1,block0.W1,24,16,2.583911895751953,2.5833959579467773,0.0005159378051757812
initial,1,block0.W1,25,16,2.596125841140747,2.607245445251465,0.011119604110717773
initial,1,block0.W1,26,16,2.6793863773345947,2.6850743293762207,0.0056879520416259766
initial,1,block0.W1,27,16,2.641540288925171,2.6555216312408447,0.013981342315673828
initial,1,block0.W1,28,16,2.6520345211029053,2.6439177989959717,0.008116722106933594
initial,1,block0.W1,29,16,2.710319757461548,2.7181692123413086,0.007849454879760742
initial,1,block0.W1,30,16,2.5780458450317383,2.576167106628418,0.0018787384033203125
initial,1,block0.W1,31,16,2.61981463432312,2.6167891025543213,0.003025531768798828
initial,1,block0.W1,32,16,2.610849380493164,2.6087698936462402,0.002079486846923828
initial,1,block0.W1,33,16,2.5940659046173096,2.60714054107666,0.013074636459350586
initial,1,block0.W1,34,16,2.624269485473633,2.6345713138580322,0.010301828384399414
initial,1,block0.W1,35,16,2.549257755279541,2.5439295768737793,0.005328178405761719
initial,1,block0.W1,36,16,2.7397572994232178,2.7492990493774414,0.009541749954223633
initial,1,block0.W1,37,16,2.652509927749634,2.6319825649261475,0.020527362823486328
initial,1,block0.W1,38,16,2.6773650646209717,2.6772093772888184,0.0001556873321533203
initial,1,block0.W1,39,16,2.517871856689453,2.5169851779937744,0.0008866786956787109
initial,1,block0.W1,40,16,2.735856533050537,2.737880229949951,0.0020236968994140625
initial,1,block0.W1,41,16,2.4685027599334717,2.4754645824432373,0.006961822509765625
initial,1,block0.W1,42,16,2.641922950744629,2.6476616859436035,0.005738735198974609
initial,1,block0.W1,43,16,2.691809892654419,2.7012503147125244,0.009440422058105469
initial,1,block0.W1,44,16,2.6870367527008057,2.6869966983795166,4.00543212890625e-05
initial,1,block0.W1,45,16,2.614771842956543,2.6148407459259033,6.890296936035156e-05
initial,1,block0.W1,46,16,2.8425369262695312,2.8482778072357178,0.0057408809661865234
initial,1,block0.W1,47,16,2.680927276611328,2.6982738971710205,0.017346620559692383
initial,1,block0.W1,48,16,2.7356741428375244,2.755523443222046,0.019849300384521484
initial,1,block0.W1,49,16,2.5309622287750244,2.5287399291992188,0.002222299575805664
initial,1,block0.W1,50,16,2.588289737701416,2.5914390087127686,0.003149271011352539
initial,1,block0.W1,51,16,2.674560070037842,2.668992519378662,0.0055675506591796875
initial,1,block0.W1,52,16,2.5173099040985107,2.513404130935669,0.003905773162841797
initial,1,block0.W1,53,16,2.6315062046051025,2.635547399520874,0.004041194915771484
initial,1,block0.W1,54,16,2.6603012084960938,2.668936252593994,0.00863504409790039
initial,1,block0.W1,55,16,2.601093292236328,2.601184368133545,9.107589721679688e-05
initial,1,block0.W1,56,16,2.633075714111328,2.637542724609375,0.004467010498046875
initial,1,block0.W1,57,16,2.61822247505188,2.624619722366333,0.006397247314453125
initial,1,block0.W1,58,16,2.7938501834869385,2.7867724895477295,0.007077693939208984
initial,1,block0.W1,59,16,2.5927538871765137,2.5958871841430664,0.0031332969665527344
initial,1,block0.W1,60,16,2.6930034160614014,2.677856206893921,0.015147209167480469
initial,1,block0.W1,61,16,2.7122292518615723,2.715492010116577,0.003262758255004883
initial,1,block0.W1,62,16,2.722344160079956,2.727508306503296,0.005164146423339844
initial,1,block0.W1,63,16,2.647961139678955,2.647585153579712,0.00037598609924316406
initial,2,block0.W2,0,16,2.7312862873077393,2.7284693717956543,0.002816915512084961
initial,2,block0.W2,1,16,2.4770727157592773,2.4884464740753174,0.011373758316040039
initial,2,block0.W2,2,16,2.5714640617370605,2.556403636932373,0.0150604248046875
initial,2,block0.W2,3,16,2.6368248462677,2.64506196975708,0.008237123489379883
initial,2,block0.W2,4,16,2.684993028640747,2.6837575435638428,0.0012354850769042969
initial,2,block0.W2,5,16,2.658198118209839,2.667057514190674,0.008859395980834961
initial,2,block0.W2,6,16,2.601915121078491,2.615891456604004,0.013976335525512695
initial,2,block0.W2,7,16,2.6468324661254883,2.643673896789551,0.0031585693359375
initial,2,block0.W2,8,16,2.603482484817505,2.6052939891815186,0.0018115043640136719
initial,2,block0.W2,9,16,2.614515542984009,2.6049792766571045,0.009536266326904297
initial,2,block0.W2,10,16,2.5925707817077637,2.5890417098999023,0.003529071807861328
initial,2,block0.W2,11,16,2.6341381072998047,2.6433284282684326,0.00919032096862793
initial,2,block0.W2,12,16,2.7710559368133545,2.7724287509918213,0.0013728141784667969
initial,2,block0.W2,13,16,2.605449676513672,2.598332643508911,0.007117033004760742
initial,2,block0.W2,14,16,2.6499016284942627,2.6564764976501465,0.006574869155883789
initial,2,block0.W2,15,16,2.5739352703094482,2.566309928894043,0.0076253414154052734
initial,2,block0.W2,16,16,2.6009464263916016,2.597285509109497,0.003660917282104492
initial,2,block0.W2,17,16,2.625504970550537,2.621345043182373,0.0041599273681640625
initial,2,block0.W2,18,16,2.6142261028289795,2.6297447681427,0.015518665313720703
initial,2,block0.W2,19,16,2.6301777362823486,2.627450942993164,0.0027267932891845703
initial,2,block0.W2,20,16,2.544534683227539,2.5453100204467773,0.0007753372192382812
initial,2,block0.W2,21,16,2.6780457496643066,2.649637460708618,0.028408288955688477
initial,2,block0.W2,22,16,2.63751220703125,2.643765449523926,0.006253242492675781
initial,2,block0.W2,23,16,2.5558278560638428,2.559478759765625,0.0036509037017822266
initial,2,block0.W2,24,16,2.575794219970703,2.5732147693634033,0.0025794506072998047
initial,2,block0.W2,25,16,2.6064345836639404,2.5917961597442627,0.014638423919677734
initial,2,block0.W2,26,16,2.6941587924957275,2.7024261951446533,0.008267402648925781
initial,2,block0.W2,27,16,2.6531929969787598,2.6536805629730225,0.0004875659942626953
initial,2,block0.W2,28,16,2.592419147491455,2.5933914184570312,0.0009722709655761719
initial,2,block0.W2,29,16,2.6045007705688477,2.605417490005493,0.0009167194366455078
initial,2,block0.W2,30,16,2.657822847366333,2.6580851078033447,0.00026226043701171875
initial,2,block0.W2,31,16,2.5739476680755615,2.5650999546051025,0.008847713470458984
initial,2,block0.W2,32,16,2.5017337799072266,2.504549264907837,0.0028154850006103516
initial,2,block0.W2,33,16,2.702234983444214,2.6930856704711914,0.009149312973022461
initial,2,block0.W2,34,16,2.7488744258880615,2.7366254329681396,0.012248992919921875
initial,2,block0.W2,35,16,2.6245625019073486,2.625837802886963,0.0012753009796142578
initial,2,block0.W2,36,16,2.5556840896606445,2.5481767654418945,0.00750732421875
initial,2,block0.W2,37,16,2.6461429595947266,2.6430318355560303,0.003111124038696289
initial,2,block0.W2,38,16,2.762434959411621,2.7467963695526123,0.01563858985900879
initial,2,block0.W2,39,16,2.549898862838745,2.5599329471588135,0.01003408432006836
initial,2,block0.W2,40,16,2.6220273971557617,2.6212241649627686,0.0008032321929931641
initial,2,block0.W2,41,16,2.7691431045532227,2.7620277404785156,0.007115364074707031
initial,2,block0.W2,42,16,2.7553555965423584,2.7527499198913574,0.0026056766510009766
initial,2,block0.W2,43,16,2.6339786052703857,2.6532983779907227,0.019319772720336914
initial,2,block0.W2,44,16,2.519932746887207,2.516638994216919,0.003293752670288086
initial,2,block0.W2,45,16,2.6415553092956543,2.640336751937866,0.001218557357788086
initial,2,block0.W2,46,16,2.581458330154419,2.568296194076538,0.01316213607788086
initial,2,block0.W2,47,16,2.5593953132629395,2.5573811531066895,0.00201416015625
initial,2,block0.W2,48,16,2.589951753616333,2.5928587913513184,0.0029070377349853516
initial,2,block0.W2,49,16,2.4848251342773438,2.474334478378296,0.010490655899047852
initial,2,block0.W2,50,16,2.6509456634521484,2.6523096561431885,0.001363992691040039
initial,2,block0.W2,51,16,2.742121934890747,2.743260383605957,0.001138448715209961
initial,2,block0.W2,52,16,2.6573657989501953,2.644294023513794,0.013071775436401367
initial,2,block0.W2,53,16,2.546842336654663,2.542879819869995,0.003962516784667969
initial,2,block0.W2,54,16,2.5015616416931152,2.507265090942383,0.005703449249267578
initial,2,block0.W2,55,16,2.6897671222686768,2.689091444015503,0.0006756782531738281
initial,2,block0.W2,56,16,2.606135368347168,2.6052000522613525,0.0009353160858154297
initial,2,block0.W2,57,16,2.6989152431488037,2.702587842941284,0.0036725997924804688
initial,2,block0.W2,58,16,2.608757972717285,2.61248779296875,0.0037298202514648438
initial,2,block0.W2,59,16,2.651308298110962,2.641866683959961,0.009441614151000977
initial,2,block0.W2,60,16,2.7118980884552,2.709421396255493,0.0024766921997070312
initial,2,block0.W2,61,16,2.5342609882354736,2.5475175380706787,0.013256549835205078
initial,2,block0.W2,62,16,2.6145477294921875,2.6167755126953125,0.002227783203125
initial,2,block0.W2,63,16,2.6553735733032227,2.6648685932159424,0.009495019912719727
initial,3,block1.W1,0,16,2.5626425743103027,2.566171646118164,0.003529071807861328
initial,3,block1.W1,1,16,2.714994430541992,2.708214044570923,0.006780385971069336
initial,3,block1.W1,2,16,2.540374279022217,2.535456657409668,0.004917621612548828
initial,3,block1.W1,3,16,2.736347198486328,2.7320139408111572,0.0043332576751708984
initial,3,block1.W1,4,16,2.7307207584381104,2.7308483123779297,0.00012755393981933594
initial,3,block1.W1,5,16,2.637277364730835,2.6335299015045166,0.0037474632263183594
initial,3,block1.W1,6,16,2.48933482170105,2.4839529991149902,0.00538182258605957
initial,3,block1.W1,7,16,2.608952045440674,2.607337474822998,0.0016145706176757812
initial,3,block1.W1,8,16,2.6199944019317627,2.6203231811523438,0.0003287792205810547
initial,3,block1.W1,9,16,2.75594425201416,2.7455108165740967,0.010433435440063477
initial,3,block1.W1,10,16,2.730804204940796,2.7258872985839844,0.0049169063568115234
initial,3,block1.W1,11,16,2.5463883876800537,2.5503387451171875,0.003950357437133789
initial,3,block1.W1,12,16,2.622328042984009,2.6303412914276123,0.008013248443603516
initial,3,block1.W1,13,16,2.615853786468506,2.6156883239746094,0.00016546249389648438
initial,3,block1.W1,14,16,2.5687215328216553,2.5660064220428467,0.0027151107788085938
initial,3,block1.W1,15,16,2.577416181564331,2.5761427879333496,0.0012733936309814453
initial,3,block1.W1,16,16,2.57009220123291,2.5764319896698,0.0063397884368896484
initial,3,block1.W1,17,16,2.7252275943756104,2.7342441082000732,0.00901651382446289
initial,3,block1.W1,18,16,2.628671169281006,2.634467840194702,0.005796670913696289
initial,3,block1.W1,19,16,2.6070644855499268,2.624082088470459,0.017017602920532227
initial,3,block1.W1,20,16,2.7185842990875244,2.7233452796936035,0.0047609806060791016
initial,3,block1.W1,21,16,2.657304048538208,2.6448583602905273,0.012445688247680664
initial,3,block1.W1,22,16,2.5650415420532227,2.569585084915161,0.0045435428619384766
initial,3,block1.W1,23,16,2.554102897644043,2.547647476196289,0.006455421447753906
initial,3,block1.W1,24,16,2.6951370239257812,2.6944775581359863,0.0006594657897949219
initial,3,block1.W1,25,16,2.5802197456359863,2.579779624938965,0.0004401206970214844
initial,3,block1.W1,26,16,2.5830419063568115,2.579465627670288,0.0035762786865234375
initial,3,block1.W1,27,16,2.572979211807251,2.5715692043304443,0.0014100074768066406
initial,3,block1.W1,28,16,2.6547491550445557,2.6453747749328613,0.009374380111694336
initial,3,block1.W1,29,16,2.6196582317352295,2.618006706237793,0.0016515254974365234
initial,3,block1.W1,30,16,2.4788737297058105,2.4804303646087646,0.0015566349029541016
initial,3,block1.W1,31,16,2.6217193603515625,2.6240785121917725,0.002359151840209961
initial,3,block1.W1,32,16,2.5212416648864746,2.5180118083953857,0.003229856491088867
initial,3,block1.W1,33,16,2.770594835281372,2.765688896179199,0.0049059391021728516
initial,3,block1.W1,34,16,2.681751251220703,2.6719954013824463,0.009755849838256836
initial,3,block1.W1,35,16,2.7702817916870117,2.783477306365967,0.013195514678955078
initial,3,block1.W1,36,16,2.6891586780548096,2.6880922317504883,0.001066446304321289
initial,3,block1.W1,37,16,2.612338066101074,2.6137709617614746,0.0014328956604003906
initial,3,block1.W1,38,16,2.6321561336517334,2.630291223526001,0.0018649101257324219
initial,3,block1.W1,39,16,2.683192253112793,2.6816422939300537,0.0015499591827392578
initial,3,block1.W1,40,16,2.5821542739868164,2.586290121078491,0.004135847091674805
initial,3,block1.W1,41,16,2.498239517211914,2.5019757747650146,0.003736257553100586
initial,3,block1.W1,42,16,2.647681713104248,2.6469380855560303,0.0007436275482177734
initial,3,block1.W1,43,16,2.649193525314331,2.64977765083313,0.0005841255187988281
initial,3,block1.W1,44,16,2.769585371017456,2.7659456729888916,0.003639698028564453
initial,3,block1.W1,45,16,2.722194194793701,2.725619316101074,0.003425121307373047
initial,3,block1.W1,46,16,2.6486849784851074,2.6553962230682373,0.006711244583129883
initial,3,block1.W1,47,16,2.609035015106201,2.595031499862671,0.014003515243530273
initial,3,block1.W1,48,16,2.4779958724975586,2.4818174839019775,0.0038216114044189453
initial,3,block1.W1,49,16,2.5531811714172363,2.549431085586548,0.0037500858306884766
initial,3,block1.W1,50,16,2.623143434524536,2.6238956451416016,0.0007522106170654297
initial,3,block1.W1,51,16,2.5860817432403564,2.590743064880371,0.0046613216400146484
initial,3,block1.W1,52,16,2.6551339626312256,2.6526732444763184,0.0024607181549072266
initial,3,block1.W1,53,16,2.6799087524414062,2.680933952331543,0.0010251998901367188
initial,3,block1.W1,54,16,2.6840691566467285,2.6829729080200195,0.0010962486267089844
initial,3,block1.W1,55,16,2.518733263015747,2.5273067951202393,0.008573532104492188
initial,3,block1.W1,56,16,2.6976330280303955,2.697963237762451,0.00033020973205566406
initial,3,block1.W1,57,16,2.6966421604156494,2.6974711418151855,0.0008289813995361328
initial,3,block1.W1,58,16,2.5559840202331543,2.5515880584716797,0.004395961761474609
initial,3,block1.W1,59,16,2.698983907699585,2.694857120513916,0.004126787185668945
initial,3,block1.W1,60,16,2.574862241744995,2.581016778945923,0.006154537200927734
initial,3,block1.W1,61,16,2.589949131011963,2.593136787414551,0.0031876564025878906
initial,3,block1.W1,62,16,2.5645718574523926,2.5628106594085693,0.0017611980438232422
initial,3,block1.W1,63,16,2.600740671157837,2.601545572280884,0.000804901123046875
initial,4,block1.W2,0,16,2.6012539863586426,2.6069271564483643,0.00567317008972168
initial,4,block1.W2,1,16,2.6745636463165283,2.660266399383545,0.014297246932983398
initial,4,block1.W2,2,16,2.711146354675293,2.6939260959625244,0.017220258712768555
initial,4,block1.W2,3,16,2.5287458896636963,2.531517744064331,0.0027718544006347656
initial,4,block1.W2,4,16,2.701972246170044,2.6970303058624268,0.0049419403076171875
initial,4,block1.W2,5,16,2.6444242000579834,2.644116163253784,0.00030803680419921875
initial,4,block1.W2,6,16,2.753300189971924,2.7538669109344482,0.0005667209625244141
initial,4,block1.W2,7,16,2.688136339187622,2.6915719509124756,0.0034356117248535156
initial,4,block1.W2,8,16,2.602499008178711,2.612360715866089,0.00986170768737793
initial,4,block1.W2,9,16,2.5223464965820312,2.531514883041382,0.009168386459350586
initial,4,block1.W2,10,16,2.5431180000305176,2.5473718643188477,0.004253864288330078
initial,4,block1.W2,11,16,2.554070234298706,2.548666477203369,0.005403757095336914
initial,4,block1.W2,12,16,2.6370034217834473,2.642960786819458,0.005957365036010742
initial,4,block1.W2,13,16,2.592869520187378,2.578606367111206,0.014263153076171875
initial,4,block1.W2,14,16,2.5995733737945557,2.6040358543395996,0.004462480545043945
initial,4,block1.W2,15,16,2.6591484546661377,2.653106689453125,0.006041765213012695
initial,4,block1.W2,16,16,2.757256031036377,2.7533204555511475,0.003935575485229492
initial,4,block1.W2,17,16,2.5660400390625,2.565946340560913,9.369850158691406e-05
initial,4,block1.W2,18,16,2.6489744186401367,2.6496753692626953,0.0007009506225585938
initial,4,block1.W2,19,16,2.5972583293914795,2.593935012817383,0.0033233165740966797
initial,4,block1.W2,20,16,2.5132710933685303,2.51049542427063,0.0027756690979003906
initial,4,block1.W2,21,16,2.6778066158294678,2.6756210327148438,0.0021855831146240234
initial,4,block1.W2,22,16,2.698330879211426,2.6870181560516357,0.011312723159790039
initial,4,block1.W2,23,16,2.683913469314575,2.680783987045288,0.0031294822692871094
initial,4,block1.W2,24,16,2.702702283859253,2.6834230422973633,0.01927924156188965
initial,4,block1.W2,25,16,2.5809836387634277,2.5837771892547607,0.002793550491333008
initial,4,block1.W2,26,16,2.611787796020508,2.6296191215515137,0.01783132553100586
initial,4,block1.W2,27,16,2.576538562774658,2.5706369876861572,0.0059015750885009766
initial,4,block1.W2,28,16,2.637876272201538,2.620755672454834,0.0171205997467041
initial,4,block1.W2,29,16,2.703596830368042,2.705197334289551,0.001600503921508789
initial,4,block1.W2,30,16,2.5242419242858887,2.5127270221710205,0.011514902114868164
initial,4,block1.W2,31,16,2.5408613681793213,2.5348875522613525,0.00597381591796875
initial,4,block1.W2,32,16,2.6650099754333496,2.671663999557495,0.006654024124145508
initial,4,block1.W2,33,16,2.6812877655029297,2.6807637214660645,0.0005240440368652344
initial,4,block1.W2,34,16,2.7592568397521973,2.7562625408172607,0.0029942989349365234
initial,4,block1.W2,35,16,2.633039712905884,2.626323699951172,0.006716012954711914
initial,4,block1.W2,36,16,2.519561529159546,2.5188236236572266,0.0007379055023193359
initial,4,block1.W2,37,16,2.580122470855713,2.58799409866333,0.007871627807617188
initial,4,block1.W2,38,16,2.5108115673065186,2.5149760246276855,0.004164457321166992
initial,4,block1.W2,39,16,2.699190616607666,2.7053234577178955,0.006132841110229492
initial,4,block1.W2,40,16,2.6327834129333496,2.621330499649048,0.011452913284301758
initial,4,block1.W2,41,16,2.6071691513061523,2.594196081161499,0.01297307014465332
initial,4,block1.W2,42,16,2.613149404525757,2.6148018836975098,0.0016524791717529297
initial,4,block1.W2,43,16,2.688399314880371,2.6959071159362793,0.007507801055908203
initial,4,block1.W2,44,16,2.7158267498016357,2.7113776206970215,0.004449129104614258
initial,4,block1.W2,45,16,2.4527759552001953,2.4541428089141846,0.0013668537139892578
initial,4,block1.W2,46,16,2.6704459190368652,2.6761343479156494,0.00568842887878418
initial,4,block1.W2,47,16,2.6176393032073975,2.621551990509033,0.003912687301635742
initial,4,block1.W2,48,16,2.6916465759277344,2.689270496368408,0.002376079559326172
initial,4,block1.W2,49,16,2.671787977218628,2.667301893234253,0.004486083984375
initial,4,block1.W2,50,16,2.5876803398132324,2.5822196006774902,0.0054607391357421875
initial,4,block1.W2,51,16,2.5132908821105957,2.517641067504883,0.004350185394287109
initial,4,block1.W2,52,16,2.5909759998321533,2.5877339839935303,0.003242015838623047
initial,4,block1.W2,53,16,2.614992618560791,2.617995262145996,0.003002643585205078
initial,4,block1.W2,54,16,2.6307694911956787,2.626276731491089,0.004492759704589844
initial,4,block1.W2,55,16,2.6585142612457275,2.665113925933838,0.0065996646881103516
initial,4,block1.W2,56,16,2.6811673641204834,2.683173894882202,0.00200653076171875
initial,4,block1.W2,57,16,2.657517433166504,2.656830072402954,0.0006873607635498047
initial,4,block1.W2,58,16,2.760741949081421,2.7578253746032715,0.002916574478149414
initial,4,block1.W2,59,16,2.6130056381225586,2.6185333728790283,0.0055277347564697266
initial,4,block1.W2,60,16,2.574378490447998,2.5736687183380127,0.0007097721099853516
initial,4,block1.W2,61,16,2.7780873775482178,2.7699737548828125,0.008113622665405273
initial,4,block1.W2,62,16,2.4311938285827637,2.4244980812072754,0.006695747375488281
initial,4,block1.W2,63,16,2.648306369781494,2.6422877311706543,0.006018638610839844
initial,5,block2.W1,0,16,2.4853134155273438,2.4822089672088623,0.0031044483184814453
initial,5,block2.W1,1,16,2.5816650390625,2.582111358642578,0.000446319580078125
initial,5,block2.W1,2,16,2.5292184352874756,2.5315237045288086,0.002305269241333008
initial,5,block2.W1,3,16,2.6692051887512207,2.6726081371307373,0.0034029483795166016
initial,5,block2.W1,4,16,2.6216094493865967,2.618779420852661,0.002830028533935547
initial,5,block2.W1,5,16,2.6010518074035645,2.6055617332458496,0.004509925842285156
initial,5,block2.W1,6,16,2.7260401248931885,2.732839345932007,0.006799221038818359
initial,5,block2.W1,7,16,2.6799120903015137,2.680169105529785,0.0002570152282714844
initial,5,block2.W1,8,16,2.5745327472686768,2.575313091278076,0.0007803440093994141
initial,5,block2.W1,9,16,2.6489500999450684,2.6575815677642822,0.008631467819213867
initial,5,block2.W1,10,16,2.5957562923431396,2.5895256996154785,0.006230592727661133
initial,5,block2.W1,11,16,2.857447624206543,2.8580610752105713,0.0006134510040283203
initial,5,block2.W1,12,16,2.621838331222534,2.6242964267730713,0.0024580955505371094
initial,5,block2.W1,13,16,2.5507924556732178,2.553307294845581,0.0025148391723632812
initial,5,block2.W1,14,16,2.6728675365448,2.662485361099243,0.01038217544555664
initial,5,block2.W1,15,16,2.634247303009033,2.640986204147339,0.006738901138305664
initial,5,block2.W1,16,16,2.5662033557891846,2.5636065006256104,0.0025968551635742188
initial,5,block2.W1,17,16,2.579197883605957,2.5812759399414062,0.0020780563354492188
initial,5,block2.W1,18,16,2.6011674404144287,2.6061863899230957,0.005018949508666992
initial,5,block2.W1,19,16,2.6550564765930176,2.662128448486328,0.007071971893310547
initial,5,block2.W1,20,16,2.6998414993286133,2.701247215270996,0.0014057159423828125
initial,5,block2.W1,21,16,2.761366128921509,2.7577297687530518,0.0036363601684570312
initial,5,block2.W1,22,16,2.7236082553863525,2.721970319747925,0.0016379356384277344
initial,5,block2.W1,23,16,2.7310943603515625,2.731635093688965,0.0005407333374023438
initial,5,block2.W1,24,16,2.5667073726654053,2.582158327102661,0.01545095443725586
initial,5,block2.W1,25,16,2.765387773513794,2.7653467655181885,4.100799560546875e-05
initial,5,block2.W1,26,16,2.687930107116699,2.6871891021728516,0.0007410049438476562
initial,5,block2.W1,27,16,2.521428108215332,2.523599147796631,0.002171039581298828
initial,5,block2.W1,28,16,2.646627902984619,2.646247625350952,0.0003802776336669922
initial,5,block2.W1,29,16,2.574063301086426,2.5755677223205566,0.0015044212341308594
initial,5,block2.W1,30,16,2.549776554107666,2.5540781021118164,0.004301548004150391
initial,5,block2.W1,31,16,2.4220733642578125,2.4243557453155518,0.002282381057739258
initial,5,block2.W1,32,16,2.5657906532287598,2.5677900314331055,0.001999378204345703
initial,5,block2.W1,33,16,2.5872485637664795,2.595552444458008,0.00830388069152832
initial,5,block2.W1,34,16,2.6103248596191406,2.609555721282959,0.0007691383361816406
initial,5,block2.W1,35,16,2.6069047451019287,2.6068310737609863,7.367134094238281e-05
initial,5,block2.W1,36,16,2.6658785343170166,2.6603617668151855,0.005516767501831055
initial,5,block2.W1,37,16,2.710092544555664,2.7103137969970703,0.00022125244140625
initial,5,block2.W1,38,16,2.6085946559906006,2.610156774520874,0.0015621185302734375
initial,5,block2.W1,39,16,2.5318057537078857,2.5285611152648926,0.003244638442993164
initial,5,block2.W1,40,16,2.603973865509033,2.599626302719116,0.004347562789916992
initial,5,block2.W1,41,16,2.5157113075256348,2.5105013847351074,0.005209922790527344
initial,5,block2.W1,42,16,2.530402421951294,2.5327200889587402,0.002317667007446289
initial,5,block2.W1,43,16,2.478299140930176,2.484133243560791,0.005834102630615234
initial,5,block2.W1,44,16,2.632956027984619,2.6330056190490723,4.9591064453125e-05
initial,5,block2.W1,45,16,2.5800178050994873,2.5840954780578613,0.0040776729583740234
initial,5,block2.W1,46,16,2.631972312927246,2.637631893157959,0.005659580230712891
initial,5,block2.W1,47,16,2.699657440185547,2.7084007263183594,0.0087432861328125
initial,5,block2.W1,48,16,2.627373456954956,2.623509645462036,0.003863811492919922
initial,5,block2.W1,49,16,2.6144888401031494,2.621345281600952,0.006856441497802734
initial,5,block2.W1,50,16,2.5796186923980713,2.57778263092041,0.0018360614776611328
initial,5,block2.W1,51,16,2.7738914489746094,2.769221782684326,0.004669666290283203
initial,5,block2.W1,52,16,2.5105581283569336,2.509685516357422,0.0008726119995117188
initial,5,block2.W1,53,16,2.5239956378936768,2.5257227420806885,0.0017271041870117188
initial,5,block2.W1,54,16,2.702418088912964,2.7075464725494385,0.005128383636474609
initial,5,block2.W1,55,16,2.6466917991638184,2.6499509811401367,0.0032591819763183594
initial,5,block2.W1,56,16,2.6537435054779053,2.6496517658233643,0.004091739654541016
initial,5,block2.W1,57,16,2.694230318069458,2.6972408294677734,0.0030105113983154297
initial,5,block2.W1,58,16,2.6589808464050293,2.6606898307800293,0.001708984375
initial,5,block2.W1,59,16,2.65934681892395,2.6531829833984375,0.006163835525512695
initial,5,block2.W1,60,16,2.78987455368042,2.784191846847534,0.005682706832885742
initial,5,block2.W1,61,16,2.618067741394043,2.6207735538482666,0.002705812454223633
initial,5,block2.W1,62,16,2.654590129852295,2.6531670093536377,0.0014231204986572266
initial,5,block2.W1,63,16,2.530113697052002,2.53043270111084,0.0003190040588378906
initial,6,block2.W2,0,16,2.7049012184143066,2.7107298374176025,0.0058286190032958984
initial,6,block2.W2,1,16,2.5226502418518066,2.5157909393310547,0.006859302520751953
initial,6,block2.W2,2,16,2.7069618701934814,2.7106661796569824,0.0037043094635009766
initial,6,block2.W2,3,16,2.646430253982544,2.6494996547698975,0.0030694007873535156
initial,6,block2.W2,4,16,2.7361855506896973,2.732057571411133,0.004127979278564453
initial,6,block2.W2,5,16,2.558631181716919,2.568087100982666,0.00945591926574707
initial,6,block2.W2,6,16,2.6687896251678467,2.6727688312530518,0.003979206085205078
initial,6,block2.W2,7,16,2.598118543624878,2.5990943908691406,0.0009758472442626953
initial,6,block2.W2,8,16,2.7053380012512207,2.701435089111328,0.003902912139892578
initial,6,block2.W2,9,16,2.6103992462158203,2.608752489089966,0.0016467571258544922
initial,6,block2.W2,10,16,2.593366861343384,2.594665288925171,0.0012984275817871094
initial,6,block2.W2,11,16,2.6830289363861084,2.6854467391967773,0.0024178028106689453
initial,6,block2.W2,12,16,2.6135470867156982,2.6135921478271484,4.506111145019531e-05
initial,6,block2.W2,13,16,2.64247989654541,2.6422557830810547,0.00022411346435546875
initial,6,block2.W2,14,16,2.653496503829956,2.6528470516204834,0.0006494522094726562
initial,6,block2.W2,15,16,2.6043875217437744,2.6056196689605713,0.001232147216796875
initial,6,block2.W2,16,16,2.6081109046936035,2.609473466873169,0.0013625621795654297
initial,6,block2.W2,17,16,2.5928239822387695,2.588646173477173,0.00417780876159668
initial,6,block2.W2,18,16,2.7229349613189697,2.724855661392212,0.0019207000732421875
initial,6,block2.W2,19,16,2.6918442249298096,2.6866037845611572,0.005240440368652344
initial,6,block2.W2,20,16,2.6154673099517822,2.6264054775238037,0.010938167572021484
initial,6,block2.W2,21,16,2.5925283432006836,2.5913655757904053,0.0011627674102783203
initial,6,block2.W2,22,16,2.6438894271850586,2.6397664546966553,0.00412297248840332
initial,6,block2.W2,23,16,2.5310800075531006,2.5255839824676514,0.005496025085449219
initial,6,block2.W2,24,16,2.542750358581543,2.5430099964141846,0.00025963783264160156
initial,6,block2.W2,25,16,2.6686935424804688,2.6731767654418945,0.004483222961425781
initial,6,block2.W2,26,16,2.673623561859131,2.6770224571228027,0.003398895263671875
initial,6,block2.W2,27,16,2.6098148822784424,2.6011033058166504,0.008711576461791992
initial,6,block2.W2,28,16,2.62349271774292,2.6221323013305664,0.0013604164123535156
initial,6,block2.W2,29,16,2.649078130722046,2.648589849472046,0.00048828125
initial,6,block2.W2,30,16,2.594081163406372,2.5939979553222656,8.320808410644531e-05
initial,6,block2.W2,31,16,2.684204578399658,2.682842254638672,0.0013623237609863281
initial,6,block2.W2,32,16,2.4997127056121826,2.4957704544067383,0.003942251205444336
initial,6,block2.W2,33,16,2.5908868312835693,2.5930094718933105,0.002122640609741211
initial,6,block2.W2,34,16,2.5389950275421143,2.5399396419525146,0.0009446144104003906
initial,6,block2.W2,35,16,2.5916125774383545,2.5864274501800537,0.005185127258300781
initial,6,block2.W2,36,16,2.7580108642578125,2.762929916381836,0.0049190521240234375
initial,6,block2.W2,37,16,2.7473089694976807,2.744356870651245,0.002952098846435547
initial,6,block2.W2,38,16,2.6963677406311035,2.7015185356140137,0.005150794982910156
initial,6,block2.W2,39,16,2.5869686603546143,2.5877699851989746,0.0008013248443603516
initial,6,block2.W2,40,16,2.5561351776123047,2.553964614868164,0.002170562744140625
initial,6,block2.W2,41,16,2.5711143016815186,2.5747175216674805,0.003603219985961914
initial,6,block2.W2,42,16,2.6452033519744873,2.6400063037872314,0.005197048187255859
initial,6,block2.W2,43,16,2.6896026134490967,2.686551094055176,0.0030515193939208984
initial,6,block2.W2,44,16,2.643887519836426,2.6511037349700928,0.007216215133666992
initial,6,block2.W2,45,16,2.634706497192383,2.63716721534729,0.0024607181549072266
initial,6,block2.W2,46,16,2.710531711578369,2.723433017730713,0.01290130615234375
initial,6,block2.W2,47,16,2.5778653621673584,2.5793838500976562,0.0015184879302978516
initial,6,block2.W2,48,16,2.6925413608551025,2.69511342048645,0.0025720596313476562
initial,6,block2.W2,49,16,2.6611058712005615,2.664708137512207,0.003602266311645508
initial,6,block2.W2,50,16,2.6803014278411865,2.6769754886627197,0.003325939178466797
initial,6,block2.W2,51,16,2.632378101348877,2.637768030166626,0.0053899288177490234
initial,6,block2.W2,52,16,2.6289548873901367,2.632228374481201,0.003273487091064453
initial,6,block2.W2,53,16,2.5363376140594482,2.5366835594177246,0.0003459453582763672
initial,6,block2.W2,54,16,2.5928092002868652,2.599658250808716,0.006849050521850586
initial,6,block2.W2,55,16,2.538254499435425,2.5348639488220215,0.0033905506134033203
initial,6,block2.W2,56,16,2.5896122455596924,2.5764381885528564,0.013174057006835938
initial,6,block2.W2,57,16,2.859466314315796,2.8550078868865967,0.004458427429199219
initial,6,block2.W2,58,16,2.6245431900024414,2.630049705505371,0.0055065155029296875
initial,6,block2.W2,59,16,2.6316187381744385,2.633042097091675,0.0014233589172363281
initial,6,block2.W2,60,16,2.677628755569458,2.6832025051116943,0.005573749542236328
initial,6,block2.W2,61,16,2.759395122528076,2.7583529949188232,0.0010421276092529297
initial,6,block2.W2,62,16,2.694200277328491,2.6873271465301514,0.006873130798339844
initial,6,block2.W2,63,16,2.6386492252349854,2.6395387649536133,0.0008895397186279297
initial,7,block3.W1,0,16,2.6107170581817627,2.6087496280670166,0.0019674301147460938
initial,7,block3.W1,1,16,2.5650947093963623,2.5588040351867676,0.0062906742095947266
initial,7,block3.W1,2,16,2.5272727012634277,2.5284366607666016,0.0011639595031738281
initial,7,block3.W1,3,16,2.849942445755005,2.8529388904571533,0.0029964447021484375
initial,7,block3.W1,4,16,2.6319451332092285,2.6340513229370117,0.002106189727783203
initial,7,block3.W1,5,16,2.5293776988983154,2.5263619422912598,0.003015756607055664
initial,7,block3.W1,6,16,2.6568989753723145,2.6604299545288086,0.0035309791564941406
initial,7,block3.W1,7,16,2.470102310180664,2.4659416675567627,0.004160642623901367
initial,7,block3.W1,8,16,2.505364179611206,2.5060086250305176,0.0006444454193115234
initial,7,block3.W1,9,16,2.5971121788024902,2.5908584594726562,0.006253719329833984
initial,7,block3.W1,10,16,2.614203453063965,2.615786552429199,0.001583099365234375
initial,7,block3.W1,11,16,2.6082217693328857,2.6120541095733643,0.0038323402404785156
initial,7,block3.W1,12,16,2.4693431854248047,2.469597816467285,0.00025463104248046875
initial,7,block3.W1,13,16,2.5102014541625977,2.507159471511841,0.003041982650756836
initial,7,block3.W1,14,16,2.720761775970459,2.7197775840759277,0.00098419189453125
initial,7,block3.W1,15,16,2.572335720062256,2.572298526763916,3.719329833984375e-05
initial,7,block3.W1,16,16,2.6225011348724365,2.6201560497283936,0.0023450851440429688
initial,7,block3.W1,17,16,2.794711112976074,2.7928831577301025,0.0018279552459716797
initial,7,block3.W1,18,16,2.8188211917877197,2.8130600452423096,0.005761146545410156
initial,7,block3.W1,19,16,2.612567663192749,2.608656644821167,0.003911018371582031
initial,7,block3.W1,20,16,2.6312739849090576,2.633254051208496,0.0019800662994384766
initial,7,block3.W1,21,16,2.6027708053588867,2.6032092571258545,0.00043845176696777344
initial,7,block3.W1,22,16,2.720522403717041,2.719546318054199,0.0009760856628417969
initial,7,block3.W1,23,16,2.6230294704437256,2.617662191390991,0.005367279052734375
initial,7,block3.W1,24,16,2.603665351867676,2.6017167568206787,0.0019485950469970703
initial,7,block3.W1,25,16,2.6278769969940186,2.626664638519287,0.0012123584747314453
initial,7,block3.W1,26,16,2.660297155380249,2.668248414993286,0.00795125961303711
initial,7,block3.W1,27,16,2.7205822467803955,2.7244772911071777,0.0038950443267822266
initial,7,block3.W1,28,16,2.6789190769195557,2.684065580368042,0.005146503448486328
initial,7,block3.W1,29,16,2.7076797485351562,2.705521583557129,0.0021581649780273438
initial,7,block3.W1,30,16,2.698944091796875,2.6900978088378906,0.008846282958984375
initial,7,block3.W1,31,16,2.7144739627838135,2.717866897583008,0.003392934799194336
initial,7,block3.W1,32,16,2.5608763694763184,2.5529372692108154,0.00793910026550293
initial,7,block3.W1,33,16,2.5277340412139893,2.534153699874878,0.006419658660888672
initial,7,block3.W1,34,16,2.5518298149108887,2.54899263381958,0.0028371810913085938
initial,7,block3.W1,35,16,2.644707441329956,2.6447019577026367,5.4836273193359375e-06
initial,7,block3.W1,36,16,2.703390121459961,2.702908515930176,0.00048160552978515625
initial,7,block3.W1,37,16,2.5951013565063477,2.5922601222991943,0.0028412342071533203
initial,7,block3.W1,38,16,2.6656405925750732,2.6677708625793457,0.002130270004272461
initial,7,block3.W1,39,16,2.6884262561798096,2.6752262115478516,0.013200044631958008
initial,7,block3.W1,40,16,2.6444857120513916,2.6448378562927246,0.0003521442413330078
initial,7,block3.W1,41,16,2.6790590286254883,2.682903528213501,0.0038444995880126953
initial,7,block3.W1,42,16,2.56166934967041,2.5678558349609375,0.006186485290527344
initial,7,block3.W1,43,16,2.5673868656158447,2.567070722579956,0.0003161430358886719
initial,7,block3.W1,44,16,2.6130857467651367,2.615997076034546,0.0029113292694091797
initial,7,block3.W1,45,16,2.521479606628418,2.525303363800049,0.0038237571716308594
initial,7,block3.W1,46,16,2.6998305320739746,2.696913957595825,0.002916574478149414
initial,7,block3.W1,47,16,2.535235643386841,2.533682346343994,0.0015532970428466797
initial,7,block3.W1,48,16,2.4853157997131348,2.4816231727600098,0.003692626953125
initial,7,block3.W1,49,16,2.6326968669891357,2.637004852294922,0.004307985305786133
initial,7,block3.W1,50,16,2.5533828735351562,2.5499846935272217,0.0033981800079345703
initial,7,block3.W1,51,16,2.6751434803009033,2.679204225540161,0.0040607452392578125
initial,7,block3.W1,52,16,2.532849073410034,2.5374538898468018,0.004604816436767578
initial,7,block3.W1,53,16,2.6149234771728516,2.6172800064086914,0.0023565292358398438
initial,7,block3.W1,54,16,2.609015464782715,2.6074719429016113,0.0015435218811035156
initial,7,block3.W1,55,16,2.5646564960479736,2.5610032081604004,0.003653287887573242
initial,7,block3.W1,56,16,2.5673298835754395,2.570499897003174,0.003170013427734375
initial,7,block3.W1,57,16,2.6276674270629883,2.626821279525757,0.0008461475372314453
initial,7,block3.W1,58,16,2.6450347900390625,2.640920400619507,0.004114389419555664
initial,7,block3.W1,59,16,2.6052823066711426,2.6108999252319336,0.005617618560791016
initial,7,block3.W1,60,16,2.5932397842407227,2.5987164974212646,0.005476713180541992
initial,7,block3.W1,61,16,2.763103723526001,2.764174461364746,0.0010707378387451172
initial,7,block3.W1,62,16,2.5503427982330322,2.5523061752319336,0.001963376998901367
initial,7,block3.W1,63,16,2.6015782356262207,2.598062753677368,0.003515481948852539
initial,8,block3.W2,0,16,2.579754590988159,2.5783586502075195,0.0013959407806396484
initial,8,block3.W2,1,16,2.5794975757598877,2.5747950077056885,0.004702568054199219
initial,8,block3.W2,2,16,2.604617118835449,2.5981831550598145,0.006433963775634766
initial,8,block3.W2,3,16,2.661897897720337,2.6601364612579346,0.0017614364624023438
initial,8,block3.W2,4,16,2.615663528442383,2.6212947368621826,0.005631208419799805
initial,8,block3.W2,5,16,2.6388752460479736,2.642834186553955,0.003958940505981445
initial,8,block3.W2,6,16,2.622239589691162,2.6102194786071777,0.012020111083984375
initial,8,block3.W2,7,16,2.6468684673309326,2.6431162357330322,0.0037522315979003906
initial,8,block3.W2,8,16,2.6028802394866943,2.6028172969818115,6.29425048828125e-05
initial,8,block3.W2,9,16,2.6876556873321533,2.6934828758239746,0.005827188491821289
initial,8,block3.W2,10,16,2.542445659637451,2.540803909301758,0.0016417503356933594
initial,8,block3.W2,11,16,2.575186252593994,2.5734643936157227,0.0017218589782714844
initial,8,block3.W2,12,16,2.5989508628845215,2.606633186340332,0.007682323455810547
initial,8,block3.W2,13,16,2.7001953125,2.690624237060547,0.009571075439453125
initial,8,block3.W2,14,16,2.6732125282287598,2.6684749126434326,0.0047376155853271484
initial,8,block3.W2,15,16,2.638709545135498,2.644456148147583,0.005746603012084961
initial,8,block3.W2,16,16,2.6207823753356934,2.622753143310547,0.0019707679748535156
initial,8,block3.W2,17,16,2.69799542427063,2.7063963413238525,0.008400917053222656
initial,8,block3.W2,18,16,2.577643632888794,2.570312738418579,0.007330894470214844
initial,8,block3.W2,19,16,2.6812291145324707,2.677466869354248,0.0037622451782226562
initial,8,block3.W2,20,16,2.6708569526672363,2.6681323051452637,0.0027246475219726562
initial,8,block3.W2,21,16,2.656522035598755,2.6593799591064453,0.0028579235076904297
initial,8,block3.W2,22,16,2.6450188159942627,2.6404919624328613,0.004526853561401367
initial,8,block3.W2,23,16,2.562422037124634,2.5573010444641113,0.005120992660522461
initial,8,block3.W2,24,16,2.5578720569610596,2.566664457321167,0.008792400360107422
initial,8,block3.W2,25,16,2.6773080825805664,2.6741068363189697,0.0032012462615966797
initial,8,block3.W2,26,16,2.6375937461853027,2.630368709564209,0.00722503662109375
initial,8,block3.W2,27,16,2.59395694732666,2.596464157104492,0.0025072097778320312
initial,8,block3.W2,28,16,2.6689021587371826,2.672152042388916,0.0032498836517333984
initial,8,block3.W2,29,16,2.7177770137786865,2.719360589981079,0.0015835762023925781
initial,8,block3.W2,30,16,2.5492115020751953,2.548449993133545,0.0007615089416503906
initial,8,block3.W2,31,16,2.6007838249206543,2.6054301261901855,0.00464630126953125
initial,8,block3.W2,32,16,2.5158884525299072,2.5118749141693115,0.004013538360595703
initial,8,block3.W2,33,16,2.743135452270508,2.745089054107666,0.001953601837158203
initial,8,block3.W2,34,16,2.5026917457580566,2.499589681625366,0.0031020641326904297
initial,8,block3.W2,35,16,2.6367299556732178,2.638024091720581,0.0012941360473632812
initial,8,block3.W2,36,16,2.6555097103118896,2.648698091506958,0.006811618804931641
initial,8,block3.W2,37,16,2.6649022102355957,2.6706182956695557,0.005716085433959961
initial,8,block3.W2,38,16,2.552868604660034,2.555061101913452,0.0021924972534179688
initial,8,block3.W2,39,16,2.659334421157837,2.662912607192993,0.00357818603515625
initial,8,block3.W2,40,16,2.5612668991088867,2.5582199096679688,0.0030469894409179688
initial,8,block3.W2,41,16,2.644386053085327,2.6461093425750732,0.0017232894897460938
initial,8,block3.W2,42,16,2.6369454860687256,2.632448434829712,0.004497051239013672
initial,8,block3.W2,43,16,2.5549395084381104,2.5504939556121826,0.004445552825927734
initial,8,block3.W2,44,16,2.7423877716064453,2.7396318912506104,0.002755880355834961
initial,8,block3.W2,45,16,2.628648042678833,2.6297109127044678,0.0010628700256347656
initial,8,block3.W2,46,16,2.564523458480835,2.566629648208618,0.002106189727783203
initial,8,block3.W2,47,16,2.662851572036743,2.662806987762451,4.458427429199219e-05
initial,8,block3.W2,48,16,2.567397117614746,2.56463885307312,0.0027582645416259766
initial,8,block3.W2,49,16,2.588059663772583,2.588068962097168,9.298324584960938e-06
initial,8,block3.W2,50,16,2.7019901275634766,2.7016794681549072,0.00031065940856933594
initial,8,block3.W2,51,16,2.6755056381225586,2.670747756958008,0.004757881164550781
initial,8,block3.W2,52,16,2.6604361534118652,2.659752368927002,0.0006837844848632812
initial,8,block3.W2,53,16,2.6341609954833984,2.631696939468384,0.0024640560150146484
initial,8,block3.W2,54,16,2.764040470123291,2.7579667568206787,0.006073713302612305
initial,8,block3.W2,55,16,2.7339508533477783,2.7391304969787598,0.005179643630981445
initial,8,block3.W2,56,16,2.5371999740600586,2.534108877182007,0.003091096878051758
initial,8,block3.W2,57,16,2.7456626892089844,2.750373125076294,0.00471043586730957
initial,8,block3.W2,58,16,2.546579122543335,2.548402786254883,0.0018236637115478516
initial,8,block3.W2,59,16,2.714380979537964,2.720773458480835,0.006392478942871094
initial,8,block3.W2,60,16,2.707592725753784,2.7042107582092285,0.003381967544555664
initial,8,block3.W2,61,16,2.5270750522613525,2.526606798171997,0.00046825408935546875
initial,8,block3.W2,62,16,2.7035257816314697,2.702332019805908,0.0011937618255615234
initial,8,block3.W2,63,16,2.693406343460083,2.695340871810913,0.0019345283508300781
initial,9,block4.W1,0,16,2.598235845565796,2.593700647354126,0.004535198211669922
initial,9,block4.W1,1,16,2.6863272190093994,2.6866862773895264,0.0003590583801269531
initial,9,block4.W1,2,16,2.637958526611328,2.63962459564209,0.0016660690307617188
initial,9,block4.W1,3,16,2.5403826236724854,2.542128801345825,0.0017461776733398438
initial,9,block4.W1,4,16,2.4996485710144043,2.500757932662964,0.0011093616485595703
initial,9,block4.W1,5,16,2.607116937637329,2.605696678161621,0.0014202594757080078
initial,9,block4.W1,6,16,2.5146830081939697,2.5191941261291504,0.004511117935180664
initial,9,block4.W1,7,16,2.70885968208313,2.703725814819336,0.005133867263793945
initial,9,block4.W1,8,16,2.7496817111968994,2.749464988708496,0.0002167224884033203
initial,9,block4.W1,9,16,2.6479287147521973,2.6500117778778076,0.0020830631256103516
initial,9,block4.W1,10,16,2.5479960441589355,2.5503451824188232,0.0023491382598876953
initial,9,block4.W1,11,16,2.5210280418395996,2.5204553604125977,0.0005726814270019531
initial,9,block4.W1,12,16,2.5920989513397217,2.594527006149292,0.0024280548095703125
initial,9,block4.W1,13,16,2.562263011932373,2.567741632461548,0.005478620529174805
initial,9,block4.W1,14,16,2.5371222496032715,2.5385868549346924,0.0014646053314208984
initial,9,block4.W1,15,16,2.5707919597625732,2.5783913135528564,0.007599353790283203
initial,9,block4.W1,16,16,2.583317518234253,2.584167003631592,0.0008494853973388672
initial,9,block4.W1,17,16,2.42744779586792,2.4389967918395996,0.011548995971679688
initial,9,block4.W1,18,16,2.6222167015075684,2.6205239295959473,0.0016927719116210938
initial,9,block4.W1,19,16,2.580805540084839,2.590399980545044,0.009594440460205078
initial,9,block4.W1,20,16,2.680183172225952,2.675283670425415,0.004899501800537109
initial,9,block4.W1,21,16,2.575765371322632,2.5683178901672363,0.007447481155395508
initial,9,block4.W1,22,16,2.5714592933654785,2.5642082691192627,0.00725102424621582
initial,9,block4.W1,23,16,2.567866563796997,2.5567710399627686,0.011095523834228516
initial,9,block4.W1,24,16,2.564913749694824,2.5709214210510254,0.006007671356201172
initial,9,block4.W1,25,16,2.8217546939849854,2.8186898231506348,0.003064870834350586
initial,9,block4.W1,26,16,2.771374464035034,2.7758893966674805,0.004514932632446289
initial,9,block4.W1,27,16,2.606109619140625,2.60182523727417,0.004284381866455078
initial,9,block4.W1,28,16,2.658474922180176,2.668631076812744,0.01015615463256836
initial,9,block4.W1,29,16,2.4448442459106445,2.4420363903045654,0.0028078556060791016
initial,9,block4.W1,30,16,2.6667098999023438,2.668379068374634,0.001669168472290039
initial,9,block4.W1,31,16,2.6486291885375977,2.643411159515381,0.005218029022216797
initial,9,block4.W1,32,16,2.6776862144470215,2.6763219833374023,0.0013642311096191406
initial,9,block4.W1,33,16,2.5802485942840576,2.590212821960449,0.009964227676391602
initial,9,block4.W1,34,16,2.454665184020996,2.4530563354492188,0.0016088485717773438
initial,9,block4.W1,35,16,2.699923276901245,2.695554256439209,0.004369020462036133
initial,9,block4.W1,36,16,2.6909799575805664,2.686807155609131,0.004172801971435547
initial,9,block4.W1,37,16,2.608384370803833,2.6133670806884766,0.004982709884643555
initial,9,block4.W1,38,16,2.6184420585632324,2.6154727935791016,0.0029692649841308594
initial,9,block4.W1,39,16,2.562690496444702,2.562823534011841,0.00013303756713867188
initial,9,block4.W1,40,16,2.4944498538970947,2.4973719120025635,0.00292205810546875
initial,9,block4.W1,41,16,2.7118544578552246,2.708927631378174,0.0029268264770507812
initial,9,block4.W1,42,16,2.669644832611084,2.6632065773010254,0.006438255310058594
initial,9,block4.W1,43,16,2.722733974456787,2.721440076828003,0.0012938976287841797
initial,9,block4.W1,44,16,2.5030837059020996,2.4992918968200684,0.00379180908203125
initial,9,block4.W1,45,16,2.6911556720733643,2.68485426902771,0.006301403045654297
initial,9,block4.W1,46,16,2.5168418884277344,2.5127837657928467,0.004058122634887695
initial,9,block4.W1,47,16,2.722822427749634,2.7261157035827637,0.003293275833129883
initial,9,block4.W1,48,16,2.780208110809326,2.777639627456665,0.002568483352661133
initial,9,block4.W1,49,16,2.5978715419769287,2.5993459224700928,0.0014743804931640625
initial,9,block4.W1,50,16,2.601545572280884,2.6043052673339844,0.002759695053100586
initial,9,block4.W1,51,16,2.656083822250366,2.655367851257324,0.0007159709930419922
initial,9,block4.W1,52,16,2.6279430389404297,2.631843328475952,0.003900289535522461
initial,9,block4.W1,53,16,2.6246466636657715,2.6237118244171143,0.0009348392486572266
initial,9,block4.W1,54,16,2.6026523113250732,2.6013073921203613,0.001344919204711914
initial,9,block4.W1,55,16,2.68415904045105,2.6840429306030273,0.00011610984802246094
initial,9,block4.W1,56,16,2.5040998458862305,2.5039687156677246,0.00013113021850585938
initial,9,block4.W1,57,16,2.5604145526885986,2.5649352073669434,0.0045206546783447266
initial,9,block4.W1,58,16,2.4588985443115234,2.458752393722534,0.0001461505889892578
initial,9,block4.W1,59,16,2.677647113800049,2.6831836700439453,0.005536556243896484
initial,9,block4.W1,60,16,2.4184601306915283,2.4209864139556885,0.0025262832641601562
initial,9,block4.W1,61,16,2.6536076068878174,2.649844169616699,0.003763437271118164
initial,9,block4.W1,62,16,2.6300275325775146,2.634429454803467,0.0044019222259521484
initial,9,block4.W1,63,16,2.5892510414123535,2.589846611022949,0.0005955696105957031
initial,10,block4.W2,0,16,2.581061363220215,2.584634780883789,0.0035734176635742188
initial,10,block4.W2,1,16,2.492486000061035,2.4944615364074707,0.001975536346435547
initial,10,block4.W2,2,16,2.5992326736450195,2.608228921890259,0.008996248245239258
initial,10,block4.W2,3,16,2.5507681369781494,2.5545341968536377,0.0037660598754882812
initial,10,block4.W2,4,16,2.7960867881774902,2.7864725589752197,0.009614229202270508
initial,10,block4.W2,5,16,2.4815335273742676,2.486971616744995,0.005438089370727539
initial,10,block4.W2,6,16,2.5901575088500977,2.594686985015869,0.004529476165771484
initial,10,block4.W2,7,16,2.5610575675964355,2.560811996459961,0.0002455711364746094
initial,10,block4.W2,8,16,2.656449317932129,2.6597988605499268,0.0033495426177978516
initial,10,block4.W2,9,16,2.560549259185791,2.5675389766693115,0.006989717483520508
initial,10,block4.W2,10,16,2.600104808807373,2.6069321632385254,0.006827354431152344
initial,10,block4.W2,11,16,2.711169481277466,2.71109676361084,7.271766662597656e-05
initial,10,block4.W2,12,16,2.6300160884857178,2.6271934509277344,0.0028226375579833984
initial,10,block4.W2,13,16,2.492110013961792,2.487839698791504,0.004270315170288086
initial,10,block4.W2,14,16,2.6036033630371094,2.6002278327941895,0.003375530242919922
initial,10,block4.W2,15,16,2.621246814727783,2.616752862930298,0.0044939517974853516
initial,10,block4.W2,16,16,2.602485179901123,2.597931385040283,0.004553794860839844
initial,10,block4.W2,17,16,2.693925142288208,2.6909098625183105,0.003015279769897461
initial,10,block4.W2,18,16,2.6659767627716064,2.668182849884033,0.002206087112426758
initial,10,block4.W2,19,16,2.6941771507263184,2.6926944255828857,0.0014827251434326172
initial,10,block4.W2,20,16,2.6569366455078125,2.6558902263641357,0.0010464191436767578
initial,10,block4.W2,21,16,2.761406660079956,2.760023355484009,0.0013833045959472656
initial,10,block4.W2,22,16,2.6061737537384033,2.606839418411255,0.0006656646728515625
initial,10,block4.W2,23,16,2.733288288116455,2.7302281856536865,0.0030601024627685547
initial,10,block4.W2,24,16,2.6659669876098633,2.6684367656707764,0.002469778060913086
initial,10,block4.W2,25,16,2.7373664379119873,2.7390329837799072,0.0016665458679199219
initial,10,block4.W2,26,16,2.6095385551452637,2.6076056957244873,0.0019328594207763672
initial,10,block4.W2,27,16,2.660886764526367,2.6589205265045166,0.001966238021850586
initial,10,block4.W2,28,16,2.6887524127960205,2.689687967300415,0.0009355545043945312
initial,10,block4.W2,29,16,2.555049180984497,2.5522146224975586,0.0028345584869384766
initial,10,block4.W2,30,16,2.608464479446411,2.609858989715576,0.001394510269165039
initial,10,block4.W2,31,16,2.6402859687805176,2.634141683578491,0.006144285202026367
initial,10,block4.W2,32,16,2.5045382976531982,2.5104005336761475,0.005862236022949219
initial,10,block4.W2,33,16,2.62919020652771,2.629426956176758,0.00023674964904785156
initial,10,block4.W2,34,16,2.6298811435699463,2.6345086097717285,0.0046274662017822266
initial,10,block4.W2,35,16,2.6122872829437256,2.6190006732940674,0.006713390350341797
initial,10,block4.W2,36,16,2.6766679286956787,2.6724822521209717,0.004185676574707031
initial,10,block4.W2,37,16,2.621908187866211,2.6194064617156982,0.0025017261505126953
initial,10,block4.W2,38,16,2.6255693435668945,2.634298086166382,0.008728742599487305
initial,10,block4.W2,39,16,2.7082901000976562,2.7184503078460693,0.010160207748413086
initial,10,block4.W2,40,16,2.7231063842773438,2.7295730113983154,0.00646662712097168
initial,10,block4.W2,41,16,2.5437140464782715,2.546529531478882,0.0028154850006103516
initial,10,block4.W2,42,16,2.5821821689605713,2.5749316215515137,0.007250547409057617
initial,10,block4.W2,43,16,2.569143056869507,2.574756145477295,0.005613088607788086
initial,10,block4.W2,44,16,2.6119580268859863,2.6107711791992188,0.0011868476867675781
initial,10,block4.W2,45,16,2.591066837310791,2.587770700454712,0.0032961368560791016
initial,10,block4.W2,46,16,2.7137656211853027,2.712120771408081,0.0016448497772216797
initial,10,block4.W2,47,16,2.528470754623413,2.52846360206604,7.152557373046875e-06
initial,10,block4.W2,48,16,2.6678662300109863,2.671647548675537,0.0037813186645507812
initial,10,block4.W2,49,16,2.552975654602051,2.556704521179199,0.0037288665771484375
initial,10,block4.W2,50,16,2.7009165287017822,2.7042336463928223,0.003317117691040039
initial,10,block4.W2,51,16,2.7274672985076904,2.7250959873199463,0.0023713111877441406
initial,10,block4.W2,52,16,2.7342350482940674,2.7394847869873047,0.005249738693237305
initial,10,block4.W2,53,16,2.4877712726593018,2.497586488723755,0.009815216064453125
initial,10,block4.W2,54,16,2.6536529064178467,2.657593011856079,0.003940105438232422
initial,10,block4.W2,55,16,2.664261817932129,2.6611320972442627,0.003129720687866211
initial,10,block4.W2,56,16,2.562349796295166,2.5562756061553955,0.006074190139770508
initial,10,block4.W2,57,16,2.5006332397460938,2.508251667022705,0.007618427276611328
initial,10,block4.W2,58,16,2.666503667831421,2.6676735877990723,0.0011699199676513672
initial,10,block4.W2,59,16,2.6249499320983887,2.634291648864746,0.009341716766357422
initial,10,block4.W2,60,16,2.663928508758545,2.6618716716766357,0.0020568370819091797
initial,10,block4.W2,61,16,2.610903739929199,2.6018526554107666,0.009051084518432617
initial,10,block4.W2,62,16,2.5854809284210205,2.5860891342163086,0.0006082057952880859
initial,10,block4.W2,63,16,2.500894784927368,2.4995834827423096,0.0013113021850585938
initial,11,block5.W1,0,16,2.6686911582946777,2.670686960220337,0.0019958019256591797
initial,11,block5.W1,1,16,2.61885142326355,2.6235547065734863,0.0047032833099365234
initial,11,block5.W1,2,16,2.664146661758423,2.662842035293579,0.00130462646484375
initial,11,block5.W1,3,16,2.5821533203125,2.583268880844116,0.001115560531616211
initial,11,block5.W1,4,16,2.6352245807647705,2.634490489959717,0.0007340908050537109
initial,11,block5.W1,5,16,2.4565885066986084,2.455066442489624,0.001522064208984375
initial,11,block5.W1,6,16,2.679831027984619,2.680525541305542,0.0006945133209228516
initial,11,block5.W1,7,16,2.6279971599578857,2.631714344024658,0.003717184066772461
initial,11,block5.W1,8,16,2.650743246078491,2.64699125289917,0.003751993179321289
initial,11,block5.W1,9,16,2.57733416557312,2.5788629055023193,0.0015287399291992188
initial,11,block5.W1,10,16,2.645583391189575,2.6516482830047607,0.006064891815185547
initial,11,block5.W1,11,16,2.744386672973633,2.745670795440674,0.0012841224670410156
initial,11,block5.W1,12,16,2.664659023284912,2.6631484031677246,0.0015106201171875
initial,11,block5.W1,13,16,2.575852394104004,2.577702283859253,0.0018498897552490234
initial,11,block5.W1,14,16,2.684823751449585,2.6867125034332275,0.0018887519836425781
initial,11,block5.W1,15,16,2.6143157482147217,2.6207473278045654,0.00643157958984375
initial,11,block5.W1,16,16,2.5685031414031982,2.555924415588379,0.012578725814819336
initial,11,block5.W1,17,16,2.6372427940368652,2.6353533267974854,0.0018894672393798828
initial,11,block5.W1,18,16,2.5317540168762207,2.53904128074646,0.007287263870239258
initial,11,block5.W1,19,16,2.710458517074585,2.7020339965820312,0.008424520492553711
initial,11,block5.W1,20,16,2.6265664100646973,2.6254332065582275,0.0011332035064697266
initial,11,block5.W1,21,16,2.6422178745269775,2.6401736736297607,0.002044200897216797
initial,11,block5.W1,22,16,2.6869184970855713,2.681849718093872,0.005068778991699219
initial,11,block5.W1,23,16,2.655658721923828,2.6588616371154785,0.0032029151916503906
initial,11,block5.W1,24,16,2.720609188079834,2.725646495819092,0.0050373077392578125
initial,11,block5.W1,25,16,2.5506505966186523,2.547518253326416,0.003132343292236328
initial,11,block5.W1,26,16,2.528273582458496,2.5313518047332764,0.0030782222747802734
initial,11,block5.W1,27,16,2.5590503215789795,2.556445360183716,0.002604961395263672
initial,11,block5.W1,28,16,2.7461133003234863,2.7463595867156982,0.00024628639221191406
initial,11,block5.W1,29,16,2.639167308807373,2.6401207447052,0.0009534358978271484
initial,11,block5.W1,30,16,2.6455328464508057,2.6432297229766846,0.0023031234741210938
initial,11,block5.W1,31,16,2.5773065090179443,2.5751919746398926,0.002114534378051758
initial,11,block5.W1,32,16,2.7252700328826904,2.733158588409424,0.007888555526733398
initial,11,block5.W1,33,16,2.610921621322632,2.61130428314209,0.0003826618194580078
initial,11,block5.W1,34,16,2.7158899307250977,2.710279941558838,0.005609989166259766
initial,11,block5.W1,35,16,2.6566076278686523,2.6552176475524902,0.0013899803161621094
initial,11,block5.W1,36,16,2.7687342166900635,2.773373603820801,0.004639387130737305
initial,11,block5.W1,37,16,2.6404809951782227,2.641481876373291,0.0010008811950683594
initial,11,block5.W1,38,16,2.5622880458831787,2.5595736503601074,0.002714395523071289
initial,11,block5.W1,39,16,2.575343608856201,2.5851829051971436,0.009839296340942383
initial,11,block5.W1,40,16,2.550314426422119,2.5505082607269287,0.0001938343048095703
initial,11,block5.W1,41,16,2.685316801071167,2.6751339435577393,0.010182857513427734
initial,11,block5.W1,42,16,2.780151605606079,2.781456708908081,0.0013051033020019531
initial,11,block5.W1,43,16,2.6136515140533447,2.6110188961029053,0.002632617950439453
initial,11,block5.W1,44,16,2.5953242778778076,2.593989610671997,0.0013346672058105469
initial,11,block5.W1,45,16,2.7147576808929443,2.717742443084717,0.002984762191772461
initial,11,block5.W1,46,16,2.5618011951446533,2.5608277320861816,0.0009734630584716797
initial,11,block5.W1,47,16,2.5881996154785156,2.593940258026123,0.005740642547607422
initial,11,block5.W1,48,16,2.62432599067688,2.622119665145874,0.0022063255310058594
initial,11,block5.W1,49,16,2.637343406677246,2.6369376182556152,0.0004057884216308594
initial,11,block5.W1,50,16,2.644537925720215,2.642575740814209,0.0019621849060058594
initial,11,block5.W1,51,16,2.7813539505004883,2.7879040241241455,0.0065500736236572266
initial,11,block5.W1,52,16,2.6095824241638184,2.6153182983398438,0.005735874176025391
initial,11,block5.W1,53,16,2.6752514839172363,2.670866012573242,0.004385471343994141
initial,11,block5.W1,54,16,2.6112658977508545,2.6131627559661865,0.0018968582153320312
initial,11,block5.W1,55,16,2.6080658435821533,2.61690354347229,0.008837699890136719
initial,11,block5.W1,56,16,2.3812673091888428,2.3759098052978516,0.005357503890991211
initial,11,block5.W1,57,16,2.6339480876922607,2.632967948913574,0.0009801387786865234
initial,11,block5.W1,58,16,2.565483331680298,2.564265727996826,0.0012176036834716797
initial,11,block5.W1,59,16,2.640350580215454,2.632814645767212,0.0075359344482421875
initial,11,block5.W1,60,16,2.7184741497039795,2.723299741744995,0.004825592041015625
initial,11,block5.W1,61,16,2.581841468811035,2.583082675933838,0.0012412071228027344
initial,11,block5.W1,62,16,2.6581900119781494,2.664076328277588,0.0058863162994384766
initial,11,block5.W1,63,16,2.663933277130127,2.6615445613861084,0.0023887157440185547
initial,12,block5.W2,0,16,2.5668840408325195,2.570261240005493,0.003377199172973633
initial,12,block5.W2,1,16,2.50093674659729,2.501832962036133,0.0008962154388427734
initial,12,block5.W2,2,16,2.7113161087036133,2.707460641860962,0.003855466842651367
initial,12,block5.W2,3,16,2.6770083904266357,2.6793909072875977,0.002382516860961914
initial,12,block5.W2,4,16,2.5118119716644287,2.5033645629882812,0.008447408676147461
initial,12,block5.W2,5,16,2.603148937225342,2.6039490699768066,0.0008001327514648438
initial,12,block5.W2,6,16,2.523007869720459,2.515085220336914,0.007922649383544922
initial,12,block5.W2,7,16,2.639061689376831,2.641364097595215,0.002302408218383789
initial,12,block5.W2,8,16,2.5753226280212402,2.5707852840423584,0.004537343978881836
initial,12,block5.W2,9,16,2.6606059074401855,2.663978338241577,0.0033724308013916016
initial,12,block5.W2,10,16,2.6687240600585938,2.666783571243286,0.0019404888153076172
initial,12,block5.W2,11,16,2.5148611068725586,2.5138232707977295,0.0010378360748291016
initial,12,block5.W2,12,16,2.529693126678467,2.526888847351074,0.002804279327392578
initial,12,block5.W2,13,16,2.5649569034576416,2.5705554485321045,0.005598545074462891
initial,12,block5.W2,14,16,2.60984468460083,2.6135823726654053,0.0037376880645751953
initial,12,block5.W2,15,16,2.5981106758117676,2.596830368041992,0.0012803077697753906
initial,12,block5.W2,16,16,2.655170440673828,2.6590609550476074,0.003890514373779297
initial,12,block5.W2,17,16,2.684217929840088,2.6746325492858887,0.009585380554199219
initial,12,block5.W2,18,16,2.7247958183288574,2.727149486541748,0.002353668212890625
initial,12,block5.W2,19,16,2.588876247406006,2.5907819271087646,0.001905679702758789
initial,12,block5.W2,20,16,2.6175827980041504,2.6205074787139893,0.002924680709838867
initial,12,block5.W2,21,16,2.5955164432525635,2.5887882709503174,0.006728172302246094
initial,12,block5.W2,22,16,2.5277769565582275,2.5244596004486084,0.0033173561096191406
initial,12,block5.W2,23,16,2.6854023933410645,2.6813583374023438,0.004044055938720703
initial,12,block5.W2,24,16,2.511864423751831,2.5189175605773926,0.0070531368255615234
initial,12,block5.W2,25,16,2.7255775928497314,2.7293434143066406,0.0037658214569091797
initial,12,block5.W2,26,16,2.659158706665039,2.659510850906372,0.0003521442413330078
initial,12,block5.W2,27,16,2.6177122592926025,2.6181840896606445,0.0004718303680419922
initial,12,block5.W2,28,16,2.637376070022583,2.6400187015533447,0.0026426315307617188
initial,12,block5.W2,29,16,2.6375391483306885,2.635178804397583,0.0023603439331054688
initial,12,block5.W2,30,16,2.888951539993286,2.8891401290893555,0.00018858909606933594
initial,12,block5.W2,31,16,2.659255027770996,2.65899658203125,0.00025844573974609375
initial,12,block5.W2,32,16,2.546311140060425,2.5507802963256836,0.004469156265258789
initial,12,block5.W2,33,16,2.5547854900360107,2.5560944080352783,0.0013089179992675781
initial,12,block5.W2,34,16,2.6545355319976807,2.6541717052459717,0.0003638267517089844
initial,12,block5.W2,35,16,2.675659656524658,2.672222375869751,0.0034372806549072266
initial,12,block5.W2,36,16,2.602674722671509,2.599064826965332,0.003609895706176758
initial,12,block5.W2,37,16,2.640021324157715,2.644602060317993,0.00458073616027832
initial,12,block5.W2,38,16,2.5305967330932617,2.5301501750946045,0.00044655799865722656
initial,12,block5.W2,39,16,2.5966591835021973,2.5985312461853027,0.0018720626831054688
initial,12,block5.W2,40,16,2.713371515274048,2.7195262908935547,0.006154775619506836
initial,12,block5.W2,41,16,2.5975842475891113,2.5949082374572754,0.0026760101318359375
initial,12,block5.W2,42,16,2.586942672729492,2.591639518737793,0.004696846008300781
initial,12,block5.W2,43,16,2.6449923515319824,2.6486551761627197,0.0036628246307373047
initial,12,block5.W2,44,16,2.6239066123962402,2.6217072010040283,0.002199411392211914
initial,12,block5.W2,45,16,2.659545421600342,2.654594898223877,0.004950523376464844
initial,12,block5.W2,46,16,2.7056586742401123,2.70396089553833,0.0016977787017822266
initial,12,block5.W2,47,16,2.5955541133880615,2.590334892272949,0.005219221115112305
initial,12,block5.W2,48,16,2.6586527824401855,2.658273458480835,0.00037932395935058594
initial,12,block5.W2,49,16,2.7158374786376953,2.714730739593506,0.0011067390441894531
initial,12,block5.W2,50,16,2.5376994609832764,2.5345757007598877,0.003123760223388672
initial,12,block5.W2,51,16,2.715611696243286,2.7159297466278076,0.0003180503845214844
initial,12,block5.W2,52,16,2.7953145503997803,2.7977967262268066,0.002482175827026367
initial,12,block5.W2,53,16,2.5550248622894287,2.558356285095215,0.003331422805786133
initial,12,block5.W2,54,16,2.5769433975219727,2.5820248126983643,0.0050814151763916016
initial,12,block5.W2,55,16,2.585862636566162,2.587354898452759,0.0014922618865966797
initial,12,block5.W2,56,16,2.474680185317993,2.4776740074157715,0.0029938220977783203
initial,12,block5.W2,57,16,2.543485403060913,2.542586088180542,0.0008993148803710938
initial,12,block5.W2,58,16,2.705601215362549,2.706221580505371,0.0006203651428222656
initial,12,block5.W2,59,16,2.633272171020508,2.6335391998291016,0.00026702880859375
initial,12,block5.W2,60,16,2.6103858947753906,2.6085145473480225,0.001871347427368164
initial,12,block5.W2,61,16,2.6615467071533203,2.6594040393829346,0.002142667770385742
initial,12,block5.W2,62,16,2.6133689880371094,2.6120831966400146,0.0012857913970947266
initial,12,block5.W2,63,16,2.671295166015625,2.670323133468628,0.0009720325469970703
initial,13,block6.W1,0,16,2.5633742809295654,2.5657296180725098,0.002355337142944336
initial,13,block6.W1,1,16,2.727675437927246,2.729628801345825,0.0019533634185791016
initial,13,block6.W1,2,16,2.683852434158325,2.6922767162323,0.00842428207397461
initial,13,block6.W1,3,16,2.565859079360962,2.571033239364624,0.005174160003662109
initial,13,block6.W1,4,16,2.5880188941955566,2.5881478786468506,0.0001289844512939453
initial,13,block6.W1,5,16,2.615943431854248,2.6213200092315674,0.005376577377319336
initial,13,block6.W1,6,16,2.7073445320129395,2.7086126804351807,0.001268148422241211
initial,13,block6.W1,7,16,2.6492161750793457,2.6430604457855225,0.006155729293823242
initial,13,block6.W1,8,16,2.6457953453063965,2.6434221267700195,0.002373218536376953
initial,13,block6.W1,9,16,2.6755542755126953,2.6748406887054443,0.0007135868072509766
initial,13,block6.W1,10,16,2.4758942127227783,2.472346782684326,0.0035474300384521484
initial,13,block6.W1,11,16,2.4879684448242188,2.4840872287750244,0.003881216049194336
initial,13,block6.W1,12,16,2.649522304534912,2.650907516479492,0.0013852119445800781
initial,13,block6.W1,13,16,2.6954736709594727,2.702054262161255,0.0065805912017822266
initial,13,block6.W1,14,16,2.487619400024414,2.4855546951293945,0.0020647048950195312
initial,13,block6.W1,15,16,2.595534324645996,2.5936129093170166,0.0019214153289794922
initial,13,block6.W1,16,16,2.6911630630493164,2.6879208087921143,0.0032422542572021484
initial,13,block6.W1,17,16,2.5430729389190674,2.542977809906006,9.512901306152344e-05
initial,13,block6.W1,18,16,2.5528740882873535,2.552401542663574,0.0004725456237792969
initial,13,block6.W1,19,16,2.783839464187622,2.7866063117980957,0.002766847610473633
initial,13,block6.W1,20,16,2.644620656967163,2.6451261043548584,0.0005054473876953125
initial,13,block6.W1,21,16,2.4877028465270996,2.4881763458251953,0.0004734992980957031
initial,13,block6.W1,22,16,2.665832996368408,2.6684489250183105,0.0026159286499023438
initial,13,block6.W1,23,16,2.6354176998138428,2.6357250213623047,0.00030732154846191406
initial,13,block6.W1,24,16,2.7666015625,2.768862724304199,0.0022611618041992188
initial,13,block6.W1,25,16,2.7466821670532227,2.7453649044036865,0.0013172626495361328
initial,13,block6.W1,26,16,2.711137294769287,2.7150673866271973,0.003930091857910156
initial,13,block6.W1,27,16,2.6697800159454346,2.6697428226470947,3.719329833984375e-05
initial,13,block6.W1,28,16,2.6524808406829834,2.657935380935669,0.005454540252685547
initial,13,block6.W1,29,16,2.6351351737976074,2.6351964473724365,6.127357482910156e-05
initial,13,block6.W1,30,16,2.7437522411346436,2.741727352142334,0.0020248889923095703
initial,13,block6.W1,31,16,2.6292309761047363,2.6271326541900635,0.0020983219146728516
initial,13,block6.W1,32,16,2.5803959369659424,2.5785794258117676,0.0018165111541748047
initial,13,block6.W1,33,16,2.583611488342285,2.58064603805542,0.0029654502868652344
initial,13,block6.W1,34,16,2.5514676570892334,2.553187608718872,0.0017199516296386719
initial,13,block6.W1,35,16,2.581324815750122,2.584110736846924,0.002785921096801758
initial,13,block6.W1,36,16,2.6040031909942627,2.608337640762329,0.004334449768066406
initial,13,block6.W1,37,16,2.7220380306243896,2.716675043106079,0.005362987518310547
initial,13,block6.W1,38,16,2.6221566200256348,2.6262474060058594,0.004090785980224609
initial,13,block6.W1,39,16,2.5957448482513428,2.6024866104125977,0.006741762161254883
initial,13,block6.W1,40,16,2.580996036529541,2.580639362335205,0.0003566741943359375
initial,13,block6.W1,41,16,2.5938124656677246,2.590240955352783,0.0035715103149414062
initial,13,block6.W1,42,16,2.6013333797454834,2.6017801761627197,0.0004467964172363281
initial,13,block6.W1,43,16,2.6754603385925293,2.673436403274536,0.002023935317993164
initial,13,block6.W1,44,16,2.529989719390869,2.5275068283081055,0.002482891082763672
initial,13,block6.W1,45,16,2.640246629714966,2.6373820304870605,0.0028645992279052734
initial,13,block6.W1,46,16,2.555860996246338,2.560058832168579,0.004197835922241211
initial,13,block6.W1,47,16,2.770683765411377,2.765852451324463,0.0048313140869140625
initial,13,block6.W1,48,16,2.524665594100952,2.525134325027466,0.0004687309265136719
initial,13,block6.W1,49,16,2.570162296295166,2.572105646133423,0.001943349838256836
initial,13,block6.W1,50,16,2.6275429725646973,2.62711238861084,0.0004305839538574219
initial,13,block6.W1,51,16,2.647859811782837,2.644069194793701,0.003790616989135742
initial,13,block6.W1,52,16,2.603640556335449,2.603717088699341,7.653236389160156e-05
initial,13,block6.W1,53,16,2.6648035049438477,2.67118239402771,0.006378889083862305
initial,13,block6.W1,54,16,2.721889019012451,2.7244479656219482,0.0025589466094970703
initial,13,block6.W1,55,16,2.6307990550994873,2.6327600479125977,0.0019609928131103516
initial,13,block6.W1,56,16,2.622533082962036,2.620286464691162,0.0022466182708740234
initial,13,block6.W1,57,16,2.5616910457611084,2.564155340194702,0.00246429443359375
initial,13,block6.W1,58,16,2.629661798477173,2.62886381149292,0.0007979869842529297
initial,13,block6.W1,59,16,2.5906643867492676,2.5935218334198,0.0028574466705322266
initial,13,block6.W1,60,16,2.6344780921936035,2.6314446926116943,0.0030333995819091797
initial,13,block6.W1,61,16,2.50471830368042,2.4995789527893066,0.005139350891113281
initial,13,block6.W1,62,16,2.7520751953125,2.7468669414520264,0.005208253860473633
initial,13,block6.W1,63,16,2.6628737449645996,2.665886878967285,0.003013134002685547
initial,14,block6.W2,0,16,2.6530144214630127,2.6463000774383545,0.006714344024658203
initial,14,block6.W2,1,16,2.673231601715088,2.674236297607422,0.0010046958923339844
initial,14,block6.W2,2,16,2.7474851608276367,2.7396857738494873,0.007799386978149414
initial,14,block6.W2,3,16,2.7043590545654297,2.703735828399658,0.0006232261657714844
initial,14,block6.W2,4,16,2.7140138149261475,2.7187561988830566,0.00474238395690918
initial,14,block6.W2,5,16,2.661928176879883,2.6616342067718506,0.00029397010803222656
initial,14,block6.W2,6,16,2.6775760650634766,2.6703760623931885,0.007200002670288086
initial,14,block6.W2,7,16,2.6796281337738037,2.6810548305511475,0.00142669677734375
initial,14,block6.W2,8,16,2.5854036808013916,2.583604097366333,0.0017995834350585938
initial,14,block6.W2,9,16,2.6083476543426514,2.6146533489227295,0.006305694580078125
initial,14,block6.W2,10,16,2.561434030532837,2.555767059326172,0.005666971206665039
initial,14,block6.W2,11,16,2.420370578765869,2.418548345565796,0.0018222332000732422
initial,14,block6.W2,12,16,2.572294235229492,2.5782241821289062,0.0059299468994140625
initial,14,block6.W2,13,16,2.569099187850952,2.5671944618225098,0.0019047260284423828
initial,14,block6.W2,14,16,2.5929293632507324,2.596945285797119,0.004015922546386719
initial,14,block6.W2,15,16,2.654984712600708,2.6558356285095215,0.0008509159088134766
initial,14,block6.W2,16,16,2.4942028522491455,2.494640588760376,0.00043773651123046875
initial,14,block6.W2,17,16,2.620941400527954,2.6309757232666016,0.010034322738647461
initial,14,block6.W2,18,16,2.7791221141815186,2.774934768676758,0.004187345504760742
initial,14,block6.W2,19,16,2.564899444580078,2.571199417114258,0.0062999725341796875
initial,14,block6.W2,20,16,2.611517906188965,2.609354019165039,0.0021638870239257812
initial,14,block6.W2,21,16,2.6932220458984375,2.693500518798828,0.000278472900390625
initial,14,block6.W2,22,16,2.748453140258789,2.751147747039795,0.0026946067810058594
initial,14,block6.W2,23,16,2.5866971015930176,2.589477062225342,0.0027799606323242188
initial,14,block6.W2,24,16,2.592427968978882,2.5913219451904297,0.0011060237884521484
initial,14,block6.W2,25,16,2.5164382457733154,2.5216126441955566,0.005174398422241211
initial,14,block6.W2,26,16,2.692613363265991,2.6923086643218994,0.0003046989440917969
initial,14,block6.W2,27,16,2.689013957977295,2.690117120742798,0.0011031627655029297
initial,14,block6.W2,28,16,2.5881190299987793,2.5876097679138184,0.0005092620849609375
initial,14,block6.W2,29,16,2.5428872108459473,2.548912525177002,0.0060253143310546875
initial,14,block6.W2,30,16,2.5750503540039062,2.577570915222168,0.0025205612182617188
initial,14,block6.W2,31,16,2.6347455978393555,2.635693073272705,0.0009474754333496094
initial,14,block6.W2,32,16,2.6763272285461426,2.6755757331848145,0.000751495361328125
initial,14,block6.W2,33,16,2.6443870067596436,2.6438369750976562,0.0005500316619873047
initial,14,block6.W2,34,16,2.540602207183838,2.5377237796783447,0.002878427505493164
initial,14,block6.W2,35,16,2.5399253368377686,2.544257164001465,0.004331827163696289
initial,14,block6.W2,36,16,2.6565515995025635,2.658005952835083,0.0014543533325195312
initial,14,block6.W2,37,16,2.6553802490234375,2.6549484729766846,0.0004317760467529297
initial,14,block6.W2,38,16,2.583791971206665,2.584684371948242,0.0008924007415771484
initial,14,block6.W2,39,16,2.689643621444702,2.687178134918213,0.002465486526489258
initial,14,block6.W2,40,16,2.561446189880371,2.5660674571990967,0.004621267318725586
initial,14,block6.W2,41,16,2.7432467937469482,2.7343716621398926,0.008875131607055664
initial,14,block6.W2,42,16,2.638477087020874,2.636890172958374,0.0015869140625
initial,14,block6.W2,43,16,2.6051549911499023,2.6138131618499756,0.008658170700073242
initial,14,block6.W2,44,16,2.592254400253296,2.5899085998535156,0.0023458003997802734
initial,14,block6.W2,45,16,2.611541509628296,2.610196352005005,0.0013451576232910156
initial,14,block6.W2,46,16,2.6163315773010254,2.6098601818084717,0.006471395492553711
initial,14,block6.W2,47,16,2.649653673171997,2.6602554321289062,0.01060175895690918
initial,14,block6.W2,48,16,2.687074899673462,2.6740829944610596,0.012991905212402344
initial,14,block6.W2,49,16,2.469187021255493,2.473001718521118,0.003814697265625
initial,14,block6.W2,50,16,2.624779224395752,2.6263108253479004,0.0015316009521484375
initial,14,block6.W2,51,16,2.530304431915283,2.5277860164642334,0.0025184154510498047
initial,14,block6.W2,52,16,2.681262969970703,2.682771682739258,0.0015087127685546875
initial,14,block6.W2,53,16,2.6016485691070557,2.6003236770629883,0.0013248920440673828
initial,14,block6.W2,54,16,2.489191770553589,2.4834344387054443,0.005757331848144531
initial,14,block6.W2,55,16,2.610577344894409,2.611609697341919,0.0010323524475097656
initial,14,block6.W2,56,16,2.493748188018799,2.4980320930480957,0.004283905029296875
initial,14,block6.W2,57,16,2.469421863555908,2.4742038249969482,0.004781961441040039
initial,14,block6.W2,58,16,2.632108211517334,2.633291721343994,0.0011835098266601562
initial,14,block6.W2,59,16,2.6425111293792725,2.642617702484131,0.00010657310485839844
initial,14,block6.W2,60,16,2.6278929710388184,2.6377809047698975,0.009887933731079102
initial,14,block6.W2,61,16,2.5815601348876953,2.5816802978515625,0.0001201629638671875
initial,14,block6.W2,62,16,2.843013286590576,2.8357653617858887,0.0072479248046875
initial,14,block6.W2,63,16,2.675788164138794,2.680837631225586,0.005049467086791992
initial,15,block7.W1,0,16,2.6158077716827393,2.613349199295044,0.0024585723876953125
initial,15,block7.W1,1,16,2.5111706256866455,2.510105609893799,0.0010650157928466797
initial,15,block7.W1,2,16,2.431976318359375,2.4324307441711426,0.0004544258117675781
initial,15,block7.W1,3,16,2.5930795669555664,2.5986921787261963,0.005612611770629883
initial,15,block7.W1,4,16,2.632504940032959,2.6292824745178223,0.0032224655151367188
initial,15,block7.W1,5,16,2.6586999893188477,2.664191961288452,0.005491971969604492
initial,15,block7.W1,6,16,2.716775894165039,2.7154898643493652,0.0012860298156738281
initial,15,block7.W1,7,16,2.691533327102661,2.6931397914886475,0.0016064643859863281
initial,15,block7.W1,8,16,2.61972975730896,2.6156673431396484,0.0040624141693115234
initial,15,block7.W1,9,16,2.6973679065704346,2.6956260204315186,0.0017418861389160156
initial,15,block7.W1,10,16,2.4497623443603516,2.4547269344329834,0.004964590072631836
initial,15,block7.W1,11,16,2.550834894180298,2.559826612472534,0.008991718292236328
initial,15,block7.W1,12,16,2.7199783325195312,2.7237296104431152,0.0037512779235839844
initial,15,block7.W1,13,16,2.628852367401123,2.6343159675598145,0.005463600158691406
initial,15,block7.W1,14,16,2.754415273666382,2.751372814178467,0.003042459487915039
initial,15,block7.W1,15,16,2.5933728218078613,2.5898871421813965,0.0034856796264648438
initial,15,block7.W1,16,16,2.564629077911377,2.5692086219787598,0.0045795440673828125
initial,15,block7.W1,17,16,2.6837542057037354,2.6786000728607178,0.005154132843017578
initial,15,block7.W1,18,16,2.5875461101531982,2.5892863273620605,0.0017402172088623047
initial,15,block7.W1,19,16,2.690412759780884,2.68839430809021,0.002018451690673828
initial,15,block7.W1,20,16,2.6027920246124268,2.6020429134368896,0.0007491111755371094
initial,15,block7.W1,21,16,2.508817672729492,2.511340379714966,0.002522706985473633
initial,15,block7.W1,22,16,2.5765085220336914,2.578817844390869,0.0023093223571777344
initial,15,block7.W1,23,16,2.5921146869659424,2.5876669883728027,0.0044476985931396484
initial,15,block7.W1,24,16,2.4981167316436768,2.4994266033172607,0.0013098716735839844
initial,15,block7.W1,25,16,2.627816677093506,2.6242423057556152,0.003574371337890625
initial,15,block7.W1,26,16,2.5454463958740234,2.546621322631836,0.0011749267578125
initial,15,block7.W1,27,16,2.6989076137542725,2.6967673301696777,0.0021402835845947266
initial,15,block7.W1,28,16,2.6053547859191895,2.604815721511841,0.0005390644073486328
initial,15,block7.W1,29,16,2.736870050430298,2.74222993850708,0.0053598880767822266
initial,15,block7.W1,30,16,2.750025510787964,2.753408908843994,0.0033833980560302734
initial,15,block7.W1,31,16,2.657404899597168,2.657057762145996,0.000347137451171875
initial,15,block7.W1,32,16,2.6274287700653076,2.629093885421753,0.0016651153564453125
initial,15,block7.W1,33,16,2.56500244140625,2.5647284984588623,0.0002739429473876953
initial,15,block7.W1,34,16,2.5453429222106934,2.544965982437134,0.0003769397735595703
initial,15,block7.W1,35,16,2.6295766830444336,2.6245763301849365,0.00500035285949707
initial,15,block7.W1,36,16,2.5249104499816895,2.5226478576660156,0.002262592315673828
initial,15,block7.W1,37,16,2.6421656608581543,2.6443397998809814,0.0021741390228271484
initial,15,block7.W1,38,16,2.619572639465332,2.6249301433563232,0.005357503890991211
initial,15,block7.W1,39,16,2.7263524532318115,2.727421998977661,0.0010695457458496094
initial,15,block7.W1,40,16,2.539118528366089,2.540278434753418,0.0011599063873291016
initial,15,block7.W1,41,16,2.717615842819214,2.722167491912842,0.00455164909362793
initial,15,block7.W1,42,16,2.5750575065612793,2.5770204067230225,0.001962900161743164
initial,15,block7.W1,43,16,2.5168380737304688,2.516695499420166,0.00014257431030273438
initial,15,block7.W1,44,16,2.649963617324829,2.651479959487915,0.0015163421630859375
initial,15,block7.W1,45,16,2.68156099319458,2.6850836277008057,0.003522634506225586
initial,15,block7.W1,46,16,2.4370338916778564,2.4398515224456787,0.0028176307678222656
initial,15,block7.W1,47,16,2.4858036041259766,2.4899184703826904,0.004114866256713867
initial,15,block7.W1,48,16,2.6056439876556396,2.6054601669311523,0.0001838207244873047
initial,15,block7.W1,49,16,2.4715394973754883,2.473285436630249,0.0017459392547607422
initial,15,block7.W1,50,16,2.475309133529663,2.4772965908050537,0.001987457275390625
initial,15,block7.W1,51,16,2.534850597381592,2.5302176475524902,0.0046329498291015625
initial,15,block7.W1,52,16,2.5217831134796143,2.523874044418335,0.002090930938720703
initial,15,block7.W1,53,16,2.556138515472412,2.552173137664795,0.0039653778076171875
initial,15,block7.W1,54,16,2.6200129985809326,2.626178741455078,0.006165742874145508
initial,15,block7.W1,55,16,2.7135045528411865,2.7128865718841553,0.00061798095703125
initial,15,block7.W1,56,16,2.550589084625244,2.5513644218444824,0.0007753372192382812
initial,15,block7.W1,57,16,2.433870553970337,2.4360527992248535,0.0021822452545166016
initial,15,block7.W1,58,16,2.572272300720215,2.572624444961548,0.0003521442413330078
initial,15,block7.W1,59,16,2.8043198585510254,2.804016351699829,0.00030350685119628906
initial,15,block7.W1,60,16,2.6336028575897217,2.627631902694702,0.005970954895019531
initial,15,block7.W1,61,16,2.5739402770996094,2.574068307876587,0.00012803077697753906
initial,15,block7.W1,62,16,2.5737392902374268,2.5701377391815186,0.003601551055908203
initial,15,block7.W1,63,16,2.5443527698516846,2.5395004749298096,0.004852294921875
initial,16,block7.W2,0,16,2.581021547317505,2.583200693130493,0.0021791458129882812
initial,16,block7.W2,1,16,2.656040906906128,2.659310817718506,0.0032699108123779297
initial,16,block7.W2,2,16,2.747870922088623,2.749765396118164,0.0018944740295410156
initial,16,block7.W2,3,16,2.72988224029541,2.7309539318084717,0.0010716915130615234
initial,16,block7.W2,4,16,2.689892530441284,2.692269802093506,0.0023772716522216797
initial,16,block7.W2,5,16,2.665955066680908,2.6694233417510986,0.0034682750701904297
initial,16,block7.W2,6,16,2.5607128143310547,2.556020498275757,0.0046923160552978516
initial,16,block7.W2,7,16,2.6775283813476562,2.6735968589782715,0.003931522369384766
initial,16,block7.W2,8,16,2.767987012863159,2.77180814743042,0.003821134567260742
initial,16,block7.W2,9,16,2.6094610691070557,2.6128454208374023,0.0033843517303466797
initial,16,block7.W2,10,16,2.569819211959839,2.5716497898101807,0.0018305778503417969
initial,16,block7.W2,11,16,2.512174129486084,2.513235569000244,0.0010614395141601562
initial,16,block7.W2,12,16,2.5633275508880615,2.56964111328125,0.0063135623931884766
initial,16,block7.W2,13,16,2.5909321308135986,2.589582681655884,0.0013494491577148438
initial,16,block7.W2,14,16,2.5693302154541016,2.564000368118286,0.00532984733581543
initial,16,block7.W2,15,16,2.4694602489471436,2.4718379974365234,0.002377748489379883
initial,16,block7.W2,16,16,2.6608738899230957,2.6670684814453125,0.006194591522216797
initial,16,block7.W2,17,16,2.6146371364593506,2.617844581604004,0.0032074451446533203
initial,16,block7.W2,18,16,2.575695753097534,2.5783557891845703,0.002660036087036133
initial,16,block7.W2,19,16,2.6056008338928223,2.603942632675171,0.0016582012176513672
initial,16,block7.W2,20,16,2.6779465675354004,2.6748178005218506,0.0031287670135498047
initial,16,block7.W2,21,16,2.789477825164795,2.7851064205169678,0.0043714046478271484
initial,16,block7.W2,22,16,2.7799999713897705,2.7783567905426025,0.0016431808471679688
initial,16,block7.W2,23,16,2.7183797359466553,2.714193820953369,0.004185914993286133
initial,16,block7.W2,24,16,2.5987470149993896,2.604076623916626,0.005329608917236328
initial,16,block7.W2,25,16,2.599402904510498,2.589730739593506,0.009672164916992188
initial,16,block7.W2,26,16,2.605438470840454,2.609450340270996,0.004011869430541992
initial,16,block7.W2,27,16,2.6979801654815674,2.695364236831665,0.0026159286499023438
initial,16,block7.W2,28,16,2.668445348739624,2.670257091522217,0.0018117427825927734
initial,16,block7.W2,29,16,2.5153069496154785,2.507319927215576,0.007987022399902344
initial,16,block7.W2,30,16,2.62774658203125,2.6302173137664795,0.002470731735229492
initial,16,block7.W2,31,16,2.6132993698120117,2.6190245151519775,0.00572514533996582
initial,16,block7.W2,32,16,2.59639573097229,2.602794647216797,0.006398916244506836
initial,16,block7.W2,33,16,2.7284152507781982,2.7297163009643555,0.0013010501861572266
initial,16,block7.W2,34,16,2.7344601154327393,2.729529619216919,0.0049304962158203125
initial,16,block7.W2,35,16,2.5972466468811035,2.5942916870117188,0.0029549598693847656
initial,16,block7.W2,36,16,2.6157171726226807,2.6197073459625244,0.00399017333984375
initial,16,block7.W2,37,16,2.4963624477386475,2.4968366622924805,0.0004742145538330078
initial,16,block7.W2,38,16,2.5287842750549316,2.5312955379486084,0.002511262893676758
initial,16,block7.W2,39,16,2.7027735710144043,2.698549747467041,0.004223823547363281
initial,16,block7.W2,40,16,2.5733225345611572,2.573484182357788,0.00016164779663085938
initial,16,block7.W2,41,16,2.4527881145477295,2.4590275287628174,0.006239414215087891
initial,16,block7.W2,42,16,2.6608870029449463,2.6688148975372314,0.007927894592285156
initial,16,block7.W2,43,16,2.65767765045166,2.661461114883423,0.0037834644317626953
initial,16,block7.W2,44,16,2.575895309448242,2.576437473297119,0.0005421638488769531
initial,16,block7.W2,45,16,2.6419312953948975,2.6468942165374756,0.004962921142578125
initial,16,block7.W2,46,16,2.5903968811035156,2.5895962715148926,0.0008006095886230469
initial,16,block7.W2,47,16,2.6105387210845947,2.6127285957336426,0.0021898746490478516
initial,16,block7.W2,48,16,2.5181057453155518,2.51985764503479,0.0017518997192382812
initial,16,block7.W2,49,16,2.6633472442626953,2.6600306034088135,0.003316640853881836
initial,16,block7.W2,50,16,2.5555381774902344,2.5504183769226074,0.005119800567626953
initial,16,block7.W2,51,16,2.5552728176116943,2.5574147701263428,0.0021419525146484375
initial,16,block7.W2,52,16,2.6598243713378906,2.657418966293335,0.002405405044555664
initial,16,block7.W2,53,16,2.6734607219696045,2.667775869369507,0.005684852600097656
initial,16,block7.W2,54,16,2.627535343170166,2.6251206398010254,0.002414703369140625
initial,16,block7.W2,55,16,2.5678203105926514,2.5658926963806152,0.0019276142120361328
initial,16,block7.W2,56,16,2.626976251602173,2.624715805053711,0.002260446548461914
initial,16,block7.W2,57,16,2.5894503593444824,2.5910325050354004,0.0015821456909179688
initial,16,block7.W2,58,16,2.758200168609619,2.7626900672912598,0.004489898681640625
initial,16,block7.W2,59,16,2.6757588386535645,2.6772353649139404,0.0014765262603759766
initial,16,block7.W2,60,16,2.69735050201416,2.701988458633423,0.004637956619262695
initial,16,block7.W2,61,16,2.517850637435913,2.519545793533325,0.0016951560974121094
initial,16,block7.W2,62,16,2.5599875450134277,2.5617904663085938,0.0018029212951660156
initial,16,block7.W2,63,16,2.5776114463806152,2.5782387256622314,0.0006272792816162109
initial,17,W_out,0,16,2.7394371032714844,2.6885225772857666,0.05091452598571777
initial,17,W_out,1,16,2.71880841255188,2.7203352451324463,0.0015268325805664062
initial,17,W_out,2,16,2.7608087062835693,2.685304641723633,0.07550406455993652
initial,17,W_out,3,16,2.633389949798584,2.57590913772583,0.057480812072753906
initial,17,W_out,4,16,2.569483995437622,2.589888572692871,0.020404577255249023
initial,17,W_out,5,16,2.7324976921081543,2.736258029937744,0.0037603378295898438
initial,17,W_out,6,16,2.646231174468994,2.6074676513671875,0.03876352310180664
initial,17,W_out,7,16,2.6698663234710693,2.76586651802063,0.09600019454956055
initial,17,W_out,8,16,2.6555049419403076,2.625706434249878,0.029798507690429688
initial,17,W_out,9,16,2.6726040840148926,2.631255865097046,0.04134821891784668
initial,17,W_out,10,16,2.625185489654541,2.6051573753356934,0.020028114318847656
initial,17,W_out,11,16,2.737245798110962,2.7366209030151367,0.0006248950958251953
initial,17,W_out,12,16,2.6361618041992188,2.6152799129486084,0.02088189125061035
initial,17,W_out,13,16,2.6861796379089355,2.6458325386047363,0.04034709930419922
initial,17,W_out,14,16,2.661616802215576,2.6648075580596924,0.003190755844116211
initial,17,W_out,15,16,2.7629873752593994,2.696265459060669,0.06672191619873047
initial,17,W_out,16,16,2.655635118484497,2.671349287033081,0.015714168548583984
initial,17,W_out,17,16,2.576038122177124,2.565380096435547,0.010658025741577148
initial,17,W_out,18,16,2.6988906860351562,2.6727077960968018,0.026182889938354492
initial,17,W_out,19,16,2.693709135055542,2.6592047214508057,0.03450441360473633
initial,17,W_out,20,16,2.5574278831481934,2.528010129928589,0.029417753219604492
initial,17,W_out,21,16,2.604508876800537,2.635688066482544,0.031179189682006836
initial,17,W_out,22,16,2.5484089851379395,2.558713436126709,0.010304450988769531
initial,17,W_out,23,16,2.692556619644165,2.675557851791382,0.016998767852783203
initial,17,W_out,24,16,2.6109328269958496,2.593812942504883,0.017119884490966797
initial,17,W_out,25,16,2.654914140701294,2.651197671890259,0.0037164688110351562
initial,17,W_out,26,16,2.608438491821289,2.6573033332824707,0.04886484146118164
initial,17,W_out,27,16,2.7230522632598877,2.7182042598724365,0.004848003387451172
initial,17,W_out,28,16,2.6654436588287354,2.698045492172241,0.03260183334350586
initial,17,W_out,29,16,2.560765504837036,2.575918436050415,0.015152931213378906
initial,17,W_out,30,16,2.617449998855591,2.6463093757629395,0.028859376907348633
initial,17,W_out,31,16,2.748990774154663,2.728837728500366,0.020153045654296875
initial,17,W_out,32,16,2.7351322174072266,2.690727710723877,0.04440450668334961
initial,17,W_out,33,16,2.7080914974212646,2.6619367599487305,0.04615473747253418
initial,17,W_out,34,16,2.701352596282959,2.707895040512085,0.0065424442291259766
initial,17,W_out,35,16,2.601834774017334,2.586585521697998,0.015249252319335938
initial,17,W_out,36,16,2.6080305576324463,2.6099636554718018,0.0019330978393554688
initial,17,W_out,37,16,2.6170310974121094,2.6029675006866455,0.014063596725463867
initial,17,W_out,38,16,2.54384708404541,2.583284616470337,0.03943753242492676
initial,17,W_out,39,16,2.5606305599212646,2.536614179611206,0.024016380310058594
initial,17,W_out,40,16,2.5790505409240723,2.5882699489593506,0.00921940803527832
initial,17,W_out,41,16,2.7172162532806396,2.6293625831604004,0.08785367012023926
initial,17,W_out,42,16,2.6629035472869873,2.577507972717285,0.08539557456970215
initial,17,W_out,43,16,2.501966953277588,2.513958215713501,0.011991262435913086
initial,17,W_out,44,16,2.6415603160858154,2.658348560333252,0.016788244247436523
initial,17,W_out,45,16,2.6081206798553467,2.5703907012939453,0.03772997856140137
initial,17,W_out,46,16,2.6800477504730225,2.7033846378326416,0.02333688735961914
initial,17,W_out,47,16,2.6138360500335693,2.6323459148406982,0.018509864807128906
initial,17,W_out,48,16,2.492457866668701,2.4764671325683594,0.015990734100341797
initial,17,W_out,49,16,2.6704258918762207,2.6333441734313965,0.03708171844482422
initial,17,W_out,50,16,2.700421094894409,2.6537227630615234,0.04669833183288574
initial,17,W_out,51,16,2.637514114379883,2.6600394248962402,0.022525310516357422
initial,17,W_out,52,16,2.6950795650482178,2.7407548427581787,0.04567527770996094
initial,17,W_out,53,16,2.5007925033569336,2.494232416152954,0.006560087203979492
initial,17,W_out,54,16,2.731858491897583,2.774104118347168,0.04224562644958496
initial,17,W_out,55,16,2.5888593196868896,2.593693971633911,0.004834651947021484
initial,17,W_out,56,16,2.616243362426758,2.6030406951904297,0.013202667236328125
initial,17,W_out,57,16,2.6099743843078613,2.584458827972412,0.02551555633544922
initial,17,W_out,58,16,2.6180994510650635,2.5491795539855957,0.06891989707946777
initial,17,W_out,59,16,2.6300010681152344,2.6217703819274902,0.00823068618774414
initial,17,W_out,60,16,2.6695501804351807,2.675577163696289,0.0060269832611083984
initial,17,W_out,61,16,2.6154372692108154,2.6019792556762695,0.013458013534545898
initial,17,W_out,62,16,2.50879168510437,2.572131872177124,0.0633401870727539
initial,17,W_out,63,16,2.620944023132324,2.6519176959991455,0.03097367286682129
final,0,W_in,0,16,0.34891748428344727,0.3538185656070709,0.004901081323623657
final,0,W_in,1,16,0.41879037022590637,0.41480714082717896,0.003983229398727417
final,0,W_in,2,16,0.37098026275634766,0.3796156942844391,0.00863543152809143
final,0,W_in,3,16,0.23746486008167267,0.23464016616344452,0.0028246939182281494
final,0,W_in,4,16,0.3204229176044464,0.31797096133232117,0.002451956272125244
final,0,W_in,5,16,0.277712881565094,0.2713109254837036,0.006401956081390381
final,0,W_in,6,16,0.35091468691825867,0.3461006283760071,0.004814058542251587
final,0,W_in,7,16,0.3201197385787964,0.31383758783340454,0.006282150745391846
final,0,W_in,8,16,0.3047895133495331,0.30532729625701904,0.0005377829074859619
final,0,W_in,9,16,0.3095327913761139,0.3056299388408661,0.0039028525352478027
final,0,W_in,10,16,0.29280540347099304,0.30009862780570984,0.007293224334716797
final,0,W_in,11,16,0.3410385549068451,0.3526061177253723,0.011567562818527222
final,0,W_in,12,16,0.4598800539970398,0.44967517256736755,0.010204881429672241
final,0,W_in,13,16,0.3178359568119049,0.31729936599731445,0.0005365908145904541
final,0,W_in,14,16,0.30897989869117737,0.30627039074897766,0.002709507942199707
final,0,W_in,15,16,0.2695367932319641,0.2693753242492676,0.0001614689826965332
final,0,W_in,16,16,0.3041549324989319,0.31004855036735535,0.005893617868423462
final,0,W_in,17,16,0.355224072933197,0.353672593832016,0.0015514791011810303
final,0,W_in,18,16,0.35283562541007996,0.35954710841178894,0.006711483001708984
final,0,W_in,19,16,0.3141745626926422,0.3114353120326996,0.002739250659942627
final,0,W_in,20,16,0.23957669734954834,0.24435682594776154,0.004780128598213196
final,0,W_in,21,16,0.23787273466587067,0.2565730810165405,0.01870034635066986
final,0,W_in,22,16,0.4754926860332489,0.48016268014907837,0.004669994115829468
final,0,W_in,23,16,0.2953290641307831,0.2929336130619049,0.002395451068878174
final,0,W_in,24,16,0.23563924431800842,0.2413240522146225,0.005684807896614075
final,0,W_in,25,16,0.42266425490379333,0.41654956340789795,0.006114691495895386
final,0,W_in,26,16,0.3449108302593231,0.3566350042819977,0.01172417402267456
final,0,W_in,27,16,0.27744776010513306,0.28028514981269836,0.0028373897075653076
final,0,W_in,28,16,0.2892504632472992,0.300395667552948,0.011145204305648804
final,0,W_in,29,16,0.23268957436084747,0.23312707245349884,0.0004374980926513672
final,0,W_in,30,16,0.4004242420196533,0.4060867428779602,0.005662500858306885
final,0,W_in,31,16,0.32400619983673096,0.32747727632522583,0.003471076488494873
final,0,W_in,32,16,0.2582419216632843,0.2655893564224243,0.007347434759140015
final,0,W_in,33,16,0.2897064685821533,0.2918722927570343,0.0021658241748809814
final,0,W_in,34,16,0.29628419876098633,0.2954428493976593,0.0008413493633270264
final,0,W_in,35,16,0.421587735414505,0.4262804388999939,0.004692703485488892
final,0,W_in,36,16,0.2851547598838806,0.28546786308288574,0.00031310319900512695
final,0,W_in,37,16,0.2016930729150772,0.20625223219394684,0.004559159278869629
final,0,W_in,38,16,0.30248358845710754,0.3146297335624695,0.012146145105361938
final,0,W_in,39,16,0.4197750389575958,0.4126752018928528,0.007099837064743042
final,0,W_in,40,16,0.21238818764686584,0.20334100723266602,0.009047180414199829
final,0,W_in,41,16,0.3494676351547241,0.34171372652053833,0.007753908634185791
final,0,W_in,42,16,0.3831101953983307,0.3848305940628052,0.0017203986644744873
final,0,W_in,43,16,0.3166946768760681,0.3260990381240845,0.009404361248016357
final,0,W_in,44,16,0.3167206346988678,0.3143634498119354,0.002357184886932373
final,0,W_in,45,16,0.3178800046443939,0.3199494183063507,0.002069413661956787
final,0,W_in,46,16,0.3207477033138275,0.32136520743370056,0.0006175041198730469
final,0,W_in,47,16,0.34339237213134766,0.3428855538368225,0.0005068182945251465
final,0,W_in,48,16,0.351723313331604,0.360281765460968,0.008558452129364014
final,0,W_in,49,16,0.2372918426990509,0.2398988902568817,0.0026070475578308105
final,0,W_in,50,16,0.347769170999527,0.3583661913871765,0.010597020387649536
final,0,W_in,51,16,0.3392922878265381,0.3374960720539093,0.0017962157726287842
final,0,W_in,52,16,0.3580635190010071,0.35962173342704773,0.0015582144260406494
final,0,W_in,53,16,0.3327528238296509,0.3393751382827759,0.006622314453125
final,0,W_in,54,16,0.33054155111312866,0.3357432186603546,0.005201667547225952
final,0,W_in,55,16,0.3157767653465271,0.313262939453125,0.0025138258934020996
final,0,W_in,56,16,0.2600615620613098,0.2714143991470337,0.011352837085723877
final,0,W_in,57,16,0.32182425260543823,0.3312097191810608,0.009385466575622559
final,0,W_in,58,16,0.39359498023986816,0.39180395007133484,0.0017910301685333252
final,0,W_in,59,16,0.34037134051322937,0.34026244282722473,0.00010889768600463867
final,0,W_in,60,16,0.3272109031677246,0.3260842561721802,0.0011266469955444336
final,0,W_in,61,16,0.4066482186317444,0.40217554569244385,0.004472672939300537
final,0,W_in,62,16,0.3193915784358978,0.32305824756622314,0.0036666691303253174
final,0,W_in,63,16,0.39006856083869934,0.3999888002872467,0.009920239448547363
final,1,block0.W1,0,16,0.1798761934041977,0.18522508442401886,0.005348891019821167
final,1,block0.W1,1,16,0.2125217467546463,0.2118268460035324,0.0006949007511138916
final,1,block0.W1,2,16,0.4565470218658447,0.4592798054218292,0.002732783555984497
final,1,block0.W1,3,16,0.2483936995267868,0.25417760014533997,0.005783900618553162
final,1,block0.W1,4,16,0.3103921711444855,0.31162989139556885,0.001237720251083374
final,1,block0.W1,5,16,0.44930627942085266,0.4492289423942566,7.733702659606934e-05
final,1,block0.W1,6,16,0.3875681757926941,0.38477039337158203,0.0027977824211120605
final,1,block0.W1,7,16,0.36456963419914246,0.36963510513305664,0.005065470933914185
final,1,block0.W1,8,16,0.29354044795036316,0.3064100444316864,0.012869596481323242
final,1,block0.W1,9,16,0.3509811758995056,0.34726646542549133,0.0037147104740142822
final,1,block0.W1,10,16,0.2961737811565399,0.29610180854797363,7.197260856628418e-05
final,1,block0.W1,11,16,0.3751959800720215,0.3856811225414276,0.010485142469406128
final,1,block0.W1,12,16,0.3206622004508972,0.3257889747619629,0.005126774311065674
final,1,block0.W1,13,16,0.28269898891448975,0.28509965538978577,0.0024006664752960205
final,1,block0.W1,14,16,0.3988385796546936,0.3965091407299042,0.0023294389247894287
final,1,block0.W1,15,16,0.2591526210308075,0.25593462586402893,0.0032179951667785645
final,1,block0.W1,16,16,0.2819097936153412,0.28137627243995667,0.0005335211753845215
final,1,block0.W1,17,16,0.30363085865974426,0.30799365043640137,0.0043627917766571045
final,1,block0.W1,18,16,0.3252583146095276,0.3283098042011261,0.0030514895915985107
final,1,block0.W1,19,16,0.25828421115875244,0.2638208270072937,0.00553661584854126
final,1,block0.W1,20,16,0.3638359606266022,0.3687743842601776,0.0049384236335754395
final,1,block0.W1,21,16,0.26681262254714966,0.2531374394893646,0.013675183057785034
final,1,block0.W1,22,16,0.271588534116745,0.27333664894104004,0.001748114824295044
final,1,block0.W1,23,16,0.36020785570144653,0.3424380123615265,0.017769843339920044
final,1,block0.W1,24,16,0.2963317334651947,0.29238414764404297,0.003947585821151733
final,1,block0.W1,25,16,0.3079953193664551,0.31602194905281067,0.00802662968635559
final,1,block0.W1,26,16,0.33104008436203003,0.3374059498310089,0.006365865468978882
final,1,block0.W1,27,16,0.3474113941192627,0.34965234994888306,0.0022409558296203613
final,1,block0.W1,28,16,0.3253463804721832,0.3157629370689392,0.009583443403244019
final,1,block0.W1,29,16,0.36380210518836975,0.3653205633163452,0.0015184581279754639
final,1,block0.W1,30,16,0.2663186192512512,0.2662513256072998,6.729364395141602e-05
final,1,block0.W1,31,16,0.37467241287231445,0.369983971118927,0.004688441753387451
final,1,block0.W1,32,16,0.4343760311603546,0.43068844079971313,0.0036875903606414795
final,1,block0.W1,33,16,0.3968910276889801,0.3969561457633972,6.511807441711426e-05
final,1,block0.W1,34,16,0.40282225608825684,0.4135812819004059,0.010759025812149048
final,1,block0.W1,35,16,0.39247211813926697,0.39082837104797363,0.001643747091293335
final,1,block0.W1,36,16,0.2786273658275604,0.2809855341911316,0.002358168363571167
final,1,block0.W1,37,16,0.3207438588142395,0.326612263917923,0.005868405103683472
final,1,block0.W1,38,16,0.37401890754699707,0.3711477220058441,0.002871185541152954
final,1,block0.W1,39,16,0.29640841484069824,0.29175591468811035,0.004652500152587891
final,1,block0.W1,40,16,0.3404644727706909,0.3434333801269531,0.002968907356262207
final,1,block0.W1,41,16,0.2922503352165222,0.28940215706825256,0.0028481781482696533
final,1,block0.W1,42,16,0.3408801257610321,0.3326602876186371,0.00821983814239502
final,1,block0.W1,43,16,0.28100326657295227,0.2875531315803528,0.006549865007400513
final,1,block0.W1,44,16,0.31511354446411133,0.30964478850364685,0.0054687559604644775
final,1,block0.W1,45,16,0.25721755623817444,0.25453898310661316,0.0026785731315612793
final,1,block0.W1,46,16,0.26304543018341064,0.2729964256286621,0.009950995445251465
final,1,block0.W1,47,16,0.276407390832901,0.2742328941822052,0.0021744966506958008
final,1,block0.W1,48,16,0.388685017824173,0.3872568905353546,0.0014281272888183594
final,1,block0.W1,49,16,0.328471839427948,0.33598873019218445,0.00751689076423645
final,1,block0.W1,50,16,0.29447558522224426,0.29176872968673706,0.002706855535507202
final,1,block0.W1,51,16,0.42633482813835144,0.4362545311450958,0.009919703006744385
final,1,block0.W1,52,16,0.31203311681747437,0.31133517622947693,0.0006979405879974365
final,1,block0.W1,53,16,0.31910401582717896,0.3178422749042511,0.0012617409229278564
final,1,block0.W1,54,16,0.28197211027145386,0.2857372462749481,0.0037651360034942627
final,1,block0.W1,55,16,0.3713604211807251,0.3730131983757019,0.0016527771949768066
final,1,block0.W1,56,16,0.24236705899238586,0.24205167591571808,0.00031538307666778564
final,1,block0.W1,57,16,0.2574034631252289,0.263531357049942,0.006127893924713135
final,1,block0.W1,58,16,0.37047696113586426,0.36232680082321167,0.008150160312652588
final,1,block0.W1,59,16,0.3187153935432434,0.3133247494697571,0.005390644073486328
final,1,block0.W1,60,16,0.26216447353363037,0.2646256387233734,0.002461165189743042
final,1,block0.W1,61,16,0.4215015172958374,0.42420968413352966,0.0027081668376922607
final,1,block0.W1,62,16,0.37673524022102356,0.3757053017616272,0.0010299384593963623
final,1,block0.W1,63,16,0.3560386598110199,0.3551657199859619,0.0008729398250579834
final,2,block0.W2,0,16,0.44446906447410583,0.440731018781662,0.0037380456924438477
final,2,block0.W2,1,16,0.32154014706611633,0.316769003868103,0.004771143198013306
final,2,block0.W2,2,16,0.40329527854919434,0.397458553314209,0.0058367252349853516
final,2,block0.W2,3,16,0.35040515661239624,0.3497890830039978,0.0006160736083984375
final,2,block0.W2,4,16,0.32482582330703735,0.32512912154197693,0.0003032982349395752
final,2,block0.W2,5,16,0.3270469307899475,0.33019042015075684,0.003143489360809326
final,2,block0.W2,6,16,0.3579782247543335,0.3634335696697235,0.005455344915390015
final,2,block0.W2,7,16,0.3772631585597992,0.3764422833919525,0.0008208751678466797
final,2,block0.W2,8,16,0.3266831040382385,0.3310033679008484,0.004320263862609863
final,2,block0.W2,9,16,0.31190741062164307,0.3083392083644867,0.003568202257156372
final,2,block0.W2,10,16,0.2965909242630005,0.2943432331085205,0.0022476911544799805
final,2,block0.W2,11,16,0.4987363815307617,0.5012829899787903,0.0025466084480285645
final,2,block0.W2,12,16,0.3176875114440918,0.31855106353759766,0.0008635520935058594
final,2,block0.W2,13,16,0.3772714138031006,0.3868566155433655,0.009585201740264893
final,2,block0.W2,14,16,0.335305392742157,0.3429437279701233,0.007638335227966309
final,2,block0.W2,15,16,0.36517950892448425,0.35900428891181946,0.006175220012664795
final,2,block0.W2,16,16,0.26743584871292114,0.2722945511341095,0.0048587024211883545
final,2,block0.W2,17,16,0.3569857180118561,0.3581693470478058,0.001183629035949707
final,2,block0.W2,18,16,0.30328258872032166,0.3076668381690979,0.004384249448776245
final,2,block0.W2,19,16,0.26231154799461365,0.26231417059898376,2.6226043701171875e-06
final,2,block0.W2,20,16,0.3128466010093689,0.3142789304256439,0.0014323294162750244
final,2,block0.W2,21,16,0.291920930147171,0.29497960209846497,0.0030586719512939453
final,2,block0.W2,22,16,0.3355702757835388,0.3330737352371216,0.0024965405464172363
final,2,block0.W2,23,16,0.3305281102657318,0.32530343532562256,0.005224674940109253
final,2,block0.W2,24,16,0.39931559562683105,0.40424811840057373,0.004932522773742676
final,2,block0.W2,25,16,0.3062949776649475,0.2975870966911316,0.008707880973815918
final,2,block0.W2,26,16,0.3082205355167389,0.31201037764549255,0.003789842128753662
final,2,block0.W2,27,16,0.33678874373435974,0.33943861722946167,0.0026498734951019287
final,2,block0.W2,28,16,0.3600614666938782,0.35387933254241943,0.00618213415145874
final,2,block0.W2,29,16,0.3059368133544922,0.29960736632347107,0.006329447031021118
final,2,block0.W2,30,16,0.373844176530838,0.37118086218833923,0.0026633143424987793
final,2,block0.W2,31,16,0.40745675563812256,0.40699172019958496,0.00046503543853759766
final,2,block0.W2,32,16,0.3121178448200226,0.31838372349739075,0.006265878677368164
final,2,block0.W2,33,16,0.44523945450782776,0.45283421874046326,0.007594764232635498
final,2,block0.W2,34,16,0.38317301869392395,0.37929776310920715,0.003875255584716797
final,2,block0.W2,35,16,0.3281588554382324,0.3263378441333771,0.0018210113048553467
final,2,block0.W2,36,16,0.2936086356639862,0.2920525074005127,0.0015561282634735107
final,2,block0.W2,37,16,0.35649800300598145,0.3537735342979431,0.00272446870803833
final,2,block0.W2,38,16,0.361669659614563,0.35720711946487427,0.004462540149688721
final,2,block0.W2,39,16,0.2952077388763428,0.2939688563346863,0.0012388825416564941
final,2,block0.W2,40,16,0.30399784445762634,0.3005802631378174,0.00341758131980896
final,2,block0.W2,41,16,0.318846195936203,0.3162112236022949,0.002634972333908081
final,2,block0.W2,42,16,0.2615523040294647,0.2533036470413208,0.008248656988143921
final,2,block0.W2,43,16,0.34667861461639404,0.35737180709838867,0.010693192481994629
final,2,block0.W2,44,16,0.3546161651611328,0.35613176226615906,0.0015155971050262451
final,2,block0.W2,45,16,0.3032316565513611,0.30854955315589905,0.005317896604537964
final,2,block0.W2,46,16,0.3163366913795471,0.3061578571796417,0.010178834199905396
final,2,block0.W2,47,16,0.23887351155281067,0.23574689030647278,0.0031266212463378906
final,2,block0.W2,48,16,0.48333296179771423,0.471342533826828,0.01199042797088623
final,2,block0.W2,49,16,0.26962515711784363,0.2667166292667389,0.0029085278511047363
final,2,block0.W2,50,16,0.35705649852752686,0.3539467453956604,0.003109753131866455
final,2,block0.W2,51,16,0.25433242321014404,0.2513695955276489,0.002962827682495117
final,2,block0.W2,52,16,0.32179608941078186,0.3177722692489624,0.004023820161819458
final,2,block0.W2,53,16,0.360677033662796,0.35985299944877625,0.0008240342140197754
final,2,block0.W2,54,16,0.43092140555381775,0.4356764853000641,0.004755079746246338
final,2,block0.W2,55,16,0.2500871419906616,0.24774867296218872,0.0023384690284729004
final,2,block0.W2,56,16,0.31656697392463684,0.3180670738220215,0.0015000998973846436
final,2,block0.W2,57,16,0.31149280071258545,0.3109750747680664,0.000517725944519043
final,2,block0.W2,58,16,0.2960106432437897,0.293302983045578,0.00270766019821167
final,2,block0.W2,59,16,0.2808884382247925,0.2797898054122925,0.0010986328125
final,2,block0.W2,60,16,0.46182236075401306,0.46091365814208984,0.0009087026119232178
final,2,block0.W2,61,16,0.3885440528392792,0.38288068771362305,0.005663365125656128
final,2,block0.W2,62,16,0.2852894067764282,0.28078627586364746,0.004503130912780762
final,2,block0.W2,63,16,0.23156499862670898,0.2327912598848343,0.0012262612581253052
final,3,block1.W1,0,16,0.288310706615448,0.2847895324230194,0.003521174192428589
final,3,block1.W1,1,16,0.3211194574832916,0.3215971291065216,0.00047767162322998047
final,3,block1.W1,2,16,0.30631956458091736,0.30500251054763794,0.001317054033279419
final,3,block1.W1,3,16,0.2531595230102539,0.25808972120285034,0.0049301981925964355
final,3,block1.W1,4,16,0.3002641499042511,0.30164778232574463,0.0013836324214935303
final,3,block1.W1,5,16,0.3015931248664856,0.29952964186668396,0.0020634829998016357
final,3,block1.W1,6,16,0.2890661060810089,0.2922985851764679,0.0032324790954589844
final,3,block1.W1,7,16,0.3437199890613556,0.35212811827659607,0.008408129215240479
final,3,block1.W1,8,16,0.35690003633499146,0.3521926999092102,0.00470733642578125
final,3,block1.W1,9,16,0.3033091425895691,0.30117055773735046,0.002138584852218628
final,3,block1.W1,10,16,0.30604395270347595,0.30826181173324585,0.0022178590297698975
final,3,block1.W1,11,16,0.3340754210948944,0.3357529938220978,0.0016775727272033691
final,3,block1.W1,12,16,0.33194008469581604,0.335659921169281,0.003719836473464966
final,3,block1.W1,13,16,0.30432695150375366,0.3029548227787018,0.0013721287250518799
final,3,block1.W1,14,16,0.30467700958251953,0.3052240312099457,0.0005470216274261475
final,3,block1.W1,15,16,0.3368603587150574,0.3369906544685364,0.0001302957534790039
final,3,block1.W1,16,16,0.3781771659851074,0.37472444772720337,0.0034527182579040527
final,3,block1.W1,17,16,0.33493438363075256,0.33430084586143494,0.000633537769317627
final,3,block1.W1,18,16,0.24748817086219788,0.24811483919620514,0.0006266683340072632
final,3,block1.W1,19,16,0.3018108308315277,0.3017517924308777,5.9038400650024414e-05
final,3,block1.W1,20,16,0.41209253668785095,0.4123412072658539,0.0002486705780029297
final,3,block1.W1,21,16,0.2868172824382782,0.2889712154865265,0.002153933048248291
final,3,block1.W1,22,16,0.24643245339393616,0.2467879354953766,0.0003554821014404297
final,3,block1.W1,23,16,0.3502999544143677,0.3476812243461609,0.002618730068206787
final,3,block1.W1,24,16,0.2619093358516693,0.2582448720932007,0.003664463758468628
final,3,block1.W1,25,16,0.4792636036872864,0.4842946529388428,0.0050310492515563965
final,3,block1.W1,26,16,0.2958180010318756,0.2948503792285919,0.0009676218032836914
final,3,block1.W1,27,16,0.3084295392036438,0.30909597873687744,0.0006664395332336426
final,3,block1.W1,28,16,0.3164021372795105,0.3167618215084076,0.0003596842288970947
final,3,block1.W1,29,16,0.39612388610839844,0.40236201882362366,0.00623813271522522
final,3,block1.W1,30,16,0.23977920413017273,0.2416045069694519,0.0018253028392791748
final,3,block1.W1,31,16,0.31340229511260986,0.30897602438926697,0.0044262707233428955
final,3,block1.W1,32,16,0.30687519907951355,0.30688560009002686,1.0401010513305664e-05
final,3,block1.W1,33,16,0.4344971477985382,0.43189436197280884,0.00260278582572937
final,3,block1.W1,34,16,0.3330226242542267,0.33653929829597473,0.003516674041748047
final,3,block1.W1,35,16,0.2962864935398102,0.2968924343585968,0.0006059408187866211
final,3,block1.W1,36,16,0.2968045771121979,0.2987551987171173,0.0019506216049194336
final,3,block1.W1,37,16,0.2537199556827545,0.2538246512413025,0.00010469555854797363
final,3,block1.W1,38,16,0.3409641683101654,0.34579896926879883,0.004834800958633423
final,3,block1.W1,39,16,0.25807079672813416,0.25037601590156555,0.0076947808265686035
final,3,block1.W1,40,16,0.28934717178344727,0.29078230261802673,0.0014351308345794678
final,3,block1.W1,41,16,0.2902296781539917,0.29126235842704773,0.0010326802730560303
final,3,block1.W1,42,16,0.3649695813655853,0.3672047257423401,0.0022351443767547607
final,3,block1.W1,43,16,0.31885218620300293,0.3223654329776764,0.003513246774673462
final,3,block1.W1,44,16,0.36759933829307556,0.36302700638771057,0.00457233190536499
final,3,block1.W1,45,16,0.3778519928455353,0.3800700604915619,0.0022180676460266113
final,3,block1.W1,46,16,0.38884976506233215,0.3870067894458771,0.0018429756164550781
final,3,block1.W1,47,16,0.3902650475502014,0.3897717297077179,0.0004933178424835205
final,3,block1.W1,48,16,0.2660185396671295,0.2668744623661041,0.0008559226989746094
final,3,block1.W1,49,16,0.32757768034935,0.33009836077690125,0.0025206804275512695
final,3,block1.W1,50,16,0.250435471534729,0.25080567598342896,0.00037020444869995117
final,3,block1.W1,51,16,0.2773608863353729,0.27605146169662476,0.001309424638748169
final,3,block1.W1,52,16,0.3485238254070282,0.3552226126194,0.006698787212371826
final,3,block1.W1,53,16,0.29790687561035156,0.30152711272239685,0.003620237112045288
final,3,block1.W1,54,16,0.22642594575881958,0.22632265090942383,0.00010329484939575195
final,3,block1.W1,55,16,0.452572762966156,0.44716036319732666,0.005412399768829346
final,3,block1.W1,56,16,0.39237114787101746,0.4005938768386841,0.008222728967666626
final,3,block1.W1,57,16,0.3709639608860016,0.3700276017189026,0.000936359167098999
final,3,block1.W1,58,16,0.23726244270801544,0.2394580841064453,0.0021956413984298706
final,3,block1.W1,59,16,0.260392963886261,0.2618182301521301,0.0014252662658691406
final,3,block1.W1,60,16,0.39725059270858765,0.3986392021179199,0.0013886094093322754
final,3,block1.W1,61,16,0.29277268052101135,0.2966797351837158,0.003907054662704468
final,3,block1.W1,62,16,0.3213714063167572,0.3217709958553314,0.00039958953857421875
final,3,block1.W1,63,16,0.37654152512550354,0.3753754496574402,0.0011660754680633545
final,4,block1.W2,0,16,0.371437668800354,0.37165799736976624,0.00022032856941223145
final,4,block1.W2,1,16,0.29948171973228455,0.30032265186309814,0.0008409321308135986
final,4,block1.W2,2,16,0.31093841791152954,0.3180363178253174,0.007097899913787842
final,4,block1.W2,3,16,0.2428693324327469,0.24115364253520966,0.0017156898975372314
final,4,block1.W2,4,16,0.29399681091308594,0.2986176013946533,0.004620790481567383
final,4,block1.W2,5,16,0.22173194587230682,0.2205539494752884,0.0011779963970184326
final,4,block1.W2,6,16,0.3795754611492157,0.3854811191558838,0.005905658006668091
final,4,block1.W2,7,16,0.3489992022514343,0.3449905812740326,0.004008620977401733
final,4,block1.W2,8,16,0.23039011657238007,0.2273912876844406,0.002998828887939453
final,4,block1.W2,9,16,0.36197060346603394,0.3559810519218445,0.005989551544189453
final,4,block1.W2,10,16,0.33506345748901367,0.3354346752166748,0.0003712177276611328
final,4,block1.W2,11,16,0.27985113859176636,0.2801503539085388,0.00029921531677246094
final,4,block1.W2,12,16,0.2962774336338043,0.29173019528388977,0.004547238349914551
final,4,block1.W2,13,16,0.3223288357257843,0.32081276178359985,0.0015160739421844482
final,4,block1.W2,14,16,0.3356761038303375,0.3366360664367676,0.0009599626064300537
final,4,block1.W2,15,16,0.3224301040172577,0.321727454662323,0.0007026493549346924
final,4,block1.W2,16,16,0.270258367061615,0.2701171338558197,0.00014123320579528809
final,4,block1.W2,17,16,0.35343798995018005,0.3521997928619385,0.0012381970882415771
final,4,block1.W2,18,16,0.33109384775161743,0.32455167174339294,0.006542176008224487
final,4,block1.W2,19,16,0.40127983689308167,0.41311341524124146,0.01183357834815979
final,4,block1.W2,20,16,0.3363512456417084,0.3329542577266693,0.0033969879150390625
final,4,block1.W2,21,16,0.3457516133785248,0.34578871726989746,3.7103891372680664e-05
final,4,block1.W2,22,16,0.32734838128089905,0.3180815875530243,0.009266793727874756
final,4,block1.W2,23,16,0.2846660614013672,0.28583231568336487,0.0011662542819976807
final,4,block1.W2,24,16,0.3619093596935272,0.35805898904800415,0.0038503706455230713
final,4,block1.W2,25,16,0.2799675762653351,0.2820018231868744,0.0020342469215393066
final,4,block1.W2,26,16,0.31763866543769836,0.3235587179660797,0.005920052528381348
final,4,block1.W2,27,16,0.3544435501098633,0.3573131263256073,0.0028695762157440186
final,4,block1.W2,28,16,0.29686570167541504,0.30072587728500366,0.003860175609588623
final,4,block1.W2,29,16,0.2844105362892151,0.28571617603302,0.0013056397438049316
final,4,block1.W2,30,16,0.3434617221355438,0.3427654504776001,0.0006962716579437256
final,4,block1.W2,31,16,0.313494473695755,0.31296610832214355,0.0005283653736114502
final,4,block1.W2,32,16,0.20889998972415924,0.20711323618888855,0.001786753535270691
final,4,block1.W2,33,16,0.3151402771472931,0.3161730170249939,0.0010327398777008057
final,4,block1.W2,34,16,0.29866182804107666,0.2981952428817749,0.0004665851593017578
final,4,block1.W2,35,16,0.34257256984710693,0.3461672365665436,0.0035946667194366455
final,4,block1.W2,36,16,0.2755684554576874,0.2724767029285431,0.003091752529144287
final,4,block1.W2,37,16,0.22346924245357513,0.22216494381427765,0.0013042986392974854
final,4,block1.W2,38,16,0.27033138275146484,0.2746504545211792,0.0043190717697143555
final,4,block1.W2,39,16,0.35531795024871826,0.35757267475128174,0.0022547245025634766
final,4,block1.W2,40,16,0.3346189260482788,0.3323889970779419,0.002229928970336914
final,4,block1.W2,41,16,0.28414568305015564,0.2851454019546509,0.0009997189044952393
final,4,block1.W2,42,16,0.389119416475296,0.38622787594795227,0.00289154052734375
final,4,block1.W2,43,16,0.44069695472717285,0.4476379156112671,0.006940960884094238
final,4,block1.W2,44,16,0.33340755105018616,0.33749908208847046,0.004091531038284302
final,4,block1.W2,45,16,0.2844187915325165,0.2840803265571594,0.00033846497535705566
final,4,block1.W2,46,16,0.35991084575653076,0.36442631483078003,0.004515469074249268
final,4,block1.W2,47,16,0.38350024819374084,0.3776201903820038,0.0058800578117370605
final,4,block1.W2,48,16,0.39385753870010376,0.38765275478363037,0.006204783916473389
final,4,block1.W2,49,16,0.35592904686927795,0.3557664155960083,0.00016263127326965332
final,4,block1.W2,50,16,0.3119328022003174,0.3101043403148651,0.0018284618854522705
final,4,block1.W2,51,16,0.4204272925853729,0.4187434911727905,0.0016838014125823975
final,4,block1.W2,52,16,0.38517317175865173,0.3889342248439789,0.0037610530853271484
final,4,block1.W2,53,16,0.3387987017631531,0.33367064595222473,0.005128055810928345
final,4,block1.W2,54,16,0.2650245130062103,0.26163414120674133,0.003390371799468994
final,4,block1.W2,55,16,0.3454250991344452,0.34635114669799805,0.0009260475635528564
final,4,block1.W2,56,16,0.3360345661640167,0.34106671810150146,0.005032151937484741
final,4,block1.W2,57,16,0.284585177898407,0.28521987795829773,0.0006347000598907471
final,4,block1.W2,58,16,0.31110233068466187,0.30866608023643494,0.0024362504482269287
final,4,block1.W2,59,16,0.3996146321296692,0.4014948308467865,0.0018801987171173096
final,4,block1.W2,60,16,0.2843305170536041,0.2841320335865021,0.00019848346710205078
final,4,block1.W2,61,16,0.29037219285964966,0.29309582710266113,0.0027236342430114746
final,4,block1.W2,62,16,0.30597779154777527,0.3103974461555481,0.004419654607772827
final,4,block1.W2,63,16,0.32173651456832886,0.3287615180015564,0.007025003433227539
final,5,block2.W1,0,16,0.36836764216423035,0.36533793807029724,0.0030297040939331055
final,5,block2.W1,1,16,0.3536279797554016,0.3501950800418854,0.0034328997135162354
final,5,block2.W1,2,16,0.31775689125061035,0.31607121229171753,0.0016856789588928223
final,5,block2.W1,3,16,0.3246958255767822,0.3240829408168793,0.0006128847599029541
final,5,block2.W1,4,16,0.29238274693489075,0.2932860255241394,0.0009032785892486572
final,5,block2.W1,5,16,0.2727999687194824,0.2693527936935425,0.0034471750259399414
final,5,block2.W1,6,16,0.24695585668087006,0.2479538917541504,0.0009980350732803345
final,5,block2.W1,7,16,0.3364454209804535,0.33313503861427307,0.00331038236618042
final,5,block2.W1,8,16,0.3260115385055542,0.3255656063556671,0.00044593214988708496
final,5,block2.W1,9,16,0.40429243445396423,0.4002639949321747,0.004028439521789551
final,5,block2.W1,10,16,0.2449704110622406,0.2442588210105896,0.000711590051651001
final,5,block2.W1,11,16,0.3919355869293213,0.39018920063972473,0.0017463862895965576
final,5,block2.W1,12,16,0.2772342264652252,0.27733466029167175,0.0001004338264465332
final,5,block2.W1,13,16,0.33859729766845703,0.34184905886650085,0.0032517611980438232
final,5,block2.W1,14,16,0.33860594034194946,0.3283085227012634,0.010297417640686035
final,5,block2.W1,15,16,0.2568112909793854,0.2584388554096222,0.0016275644302368164
final,5,block2.W1,16,16,0.35627269744873047,0.35618913173675537,8.356571197509766e-05
final,5,block2.W1,17,16,0.38858863711357117,0.38751694560050964,0.0010716915130615234
final,5,block2.W1,18,16,0.3413752019405365,0.34486496448516846,0.003489762544631958
final,5,block2.W1,19,16,0.41505566239356995,0.4160001575946808,0.0009444952011108398
final,5,block2.W1,20,16,0.3614673614501953,0.36029258370399475,0.0011747777462005615
final,5,block2.W1,21,16,0.2412523776292801,0.24063517153263092,0.0006172060966491699
final,5,block2.W1,22,16,0.3620222806930542,0.3631798028945923,0.001157522201538086
final,5,block2.W1,23,16,0.3367254436016083,0.33372536301612854,0.0030000805854797363
final,5,block2.W1,24,16,0.3214276432991028,0.32497289776802063,0.0035452544689178467
final,5,block2.W1,25,16,0.37558713555336,0.3752308487892151,0.00035628676414489746
final,5,block2.W1,26,16,0.32858923077583313,0.3306891620159149,0.002099931240081787
final,5,block2.W1,27,16,0.2689928114414215,0.2679721713066101,0.0010206401348114014
final,5,block2.W1,28,16,0.26662886142730713,0.2659779489040375,0.0006509125232696533
final,5,block2.W1,29,16,0.24765683710575104,0.2526131272315979,0.004956290125846863
final,5,block2.W1,30,16,0.42724427580833435,0.4327426850795746,0.005498409271240234
final,5,block2.W1,31,16,0.3226810395717621,0.32126766443252563,0.0014133751392364502
final,5,block2.W1,32,16,0.3353976309299469,0.3337516188621521,0.0016460120677947998
final,5,block2.W1,33,16,0.318450391292572,0.3196503520011902,0.001199960708618164
final,5,block2.W1,34,16,0.3489919900894165,0.3485313057899475,0.00046068429946899414
final,5,block2.W1,35,16,0.25591379404067993,0.26071229577064514,0.00479850172996521
final,5,block2.W1,36,16,0.35012927651405334,0.35094380378723145,0.0008145272731781006
final,5,block2.W1,37,16,0.29743799567222595,0.2964724004268646,0.0009655952453613281
final,5,block2.W1,38,16,0.28001680970191956,0.28270423412323,0.002687424421310425
final,5,block2.W1,39,16,0.38851213455200195,0.39147311449050903,0.00296097993850708
final,5,block2.W1,40,16,0.37515297532081604,0.3741987943649292,0.0009541809558868408
final,5,block2.W1,41,16,0.36015334725379944,0.36138439178466797,0.0012310445308685303
final,5,block2.W1,42,16,0.35560157895088196,0.35612282156944275,0.000521242618560791
final,5,block2.W1,43,16,0.4302882254123688,0.4275377690792084,0.0027504563331604004
final,5,block2.W1,44,16,0.3665516972541809,0.3642596900463104,0.0022920072078704834
final,5,block2.W1,45,16,0.3432854413986206,0.3405751883983612,0.0027102530002593994
final,5,block2.W1,46,16,0.3545447885990143,0.3643834888935089,0.009838700294494629
final,5,block2.W1,47,16,0.32699528336524963,0.3308539390563965,0.0038586556911468506
final,5,block2.W1,48,16,0.2752854526042938,0.27272123098373413,0.0025642216205596924
final,5,block2.W1,49,16,0.27593162655830383,0.27889320254325867,0.002961575984954834
final,5,block2.W1,50,16,0.363419771194458,0.3612377345561981,0.0021820366382598877
final,5,block2.W1,51,16,0.2874187231063843,0.28481438755989075,0.0026043355464935303
final,5,block2.W1,52,16,0.2665162682533264,0.2628181278705597,0.0036981403827667236
final,5,block2.W1,53,16,0.4071798324584961,0.4046035706996918,0.0025762617588043213
final,5,block2.W1,54,16,0.294344037771225,0.29344820976257324,0.0008958280086517334
final,5,block2.W1,55,16,0.3014071583747864,0.30047792196273804,0.0009292364120483398
final,5,block2.W1,56,16,0.23428264260292053,0.2345573455095291,0.00027470290660858154
final,5,block2.W1,57,16,0.3616786599159241,0.360083669424057,0.0015949904918670654
final,5,block2.W1,58,16,0.40355661511421204,0.40571269392967224,0.002156078815460205
final,5,block2.W1,59,16,0.3476434648036957,0.34972715377807617,0.002083688974380493
final,5,block2.W1,60,16,0.340006947517395,0.34181520342826843,0.001808255910873413
final,5,block2.W1,61,16,0.32566946744918823,0.32627663016319275,0.0006071627140045166
final,5,block2.W1,62,16,0.32716697454452515,0.3237132728099823,0.0034537017345428467
final,5,block2.W1,63,16,0.368186354637146,0.3678473234176636,0.0003390312194824219
final,6,block2.W2,0,16,0.2737952470779419,0.27456218004226685,0.0007669329643249512
final,6,block2.W2,1,16,0.22196421027183533,0.219032421708107,0.0029317885637283325
final,6,block2.W2,2,16,0.2923889756202698,0.29230016469955444,8.881092071533203e-05
final,6,block2.W2,3,16,0.30228930711746216,0.30287426710128784,0.0005849599838256836
final,6,block2.W2,4,16,0.24256731569766998,0.24502421915531158,0.0024569034576416016
final,6,block2.W2,5,16,0.3458637595176697,0.3513590693473816,0.005495309829711914
final,6,block2.W2,6,16,0.3431476950645447,0.34601345658302307,0.0028657615184783936
final,6,block2.W2,7,16,0.36466825008392334,0.3647538125514984,8.556246757507324e-05
final,6,block2.W2,8,16,0.25168782472610474,0.2515680193901062,0.00011980533599853516
final,6,block2.W2,9,16,0.318979412317276,0.32182469964027405,0.002845287322998047
final,6,block2.W2,10,16,0.328849196434021,0.3294528126716614,0.0006036162376403809
final,6,block2.W2,11,16,0.30513492226600647,0.3069862723350525,0.0018513500690460205
final,6,block2.W2,12,16,0.47511395812034607,0.4755442142486572,0.0004302561283111572
final,6,block2.W2,13,16,0.4186970591545105,0.4182876944541931,0.0004093647003173828
final,6,block2.W2,14,16,0.4440532624721527,0.43902549147605896,0.00502777099609375
final,6,block2.W2,15,16,0.344513475894928,0.34330934286117554,0.0012041330337524414
final,6,block2.W2,16,16,0.4228883385658264,0.425799161195755,0.002910822629928589
final,6,block2.W2,17,16,0.3122124671936035,0.31474027037620544,0.0025278031826019287
final,6,block2.W2,18,16,0.3606870770454407,0.35717979073524475,0.003507286310195923
final,6,block2.W2,19,16,0.2970384657382965,0.2983782887458801,0.0013398230075836182
final,6,block2.W2,20,16,0.26364490389823914,0.2643493711948395,0.0007044672966003418
final,6,block2.W2,21,16,0.28644973039627075,0.2863454222679138,0.0001043081283569336
final,6,block2.W2,22,16,0.3740740418434143,0.37384411692619324,0.00022992491722106934
final,6,block2.W2,23,16,0.3391181528568268,0.336632639169693,0.002485513687133789
final,6,block2.W2,24,16,0.2962024211883545,0.2926631569862366,0.00353926420211792
final,6,block2.W2,25,16,0.34244468808174133,0.32881295680999756,0.013631731271743774
final,6,block2.W2,26,16,0.3263262212276459,0.32910600304603577,0.0027797818183898926
final,6,block2.W2,27,16,0.24063631892204285,0.24714423716068268,0.0065079182386398315
final,6,block2.W2,28,16,0.32505226135253906,0.3259945511817932,0.0009422898292541504
final,6,block2.W2,29,16,0.420871376991272,0.41748154163360596,0.0033898353576660156
final,6,block2.W2,30,16,0.3535042107105255,0.3497333228588104,0.003770887851715088
final,6,block2.W2,31,16,0.33359381556510925,0.34306153655052185,0.009467720985412598
final,6,block2.W2,32,16,0.38771751523017883,0.38594353199005127,0.0017739832401275635
final,6,block2.W2,33,16,0.34676188230514526,0.34528830647468567,0.0014735758304595947
final,6,block2.W2,34,16,0.23400083184242249,0.23383544385433197,0.00016538798809051514
final,6,block2.W2,35,16,0.3916923999786377,0.3902013599872589,0.0014910399913787842
final,6,block2.W2,36,16,0.39756593108177185,0.3929324448108673,0.004633486270904541
final,6,block2.W2,37,16,0.28208741545677185,0.2856714725494385,0.003584057092666626
final,6,block2.W2,38,16,0.35204464197158813,0.3555377125740051,0.003493070602416992
final,6,block2.W2,39,16,0.43250420689582825,0.4328262507915497,0.00032204389572143555
final,6,block2.W2,40,16,0.3272879719734192,0.32500696182250977,0.002281010150909424
final,6,block2.W2,41,16,0.2989065647125244,0.30770888924598694,0.008802324533462524
final,6,block2.W2,42,16,0.35095787048339844,0.3513064682483673,0.00034859776496887207
final,6,block2.W2,43,16,0.3039924204349518,0.31526264548301697,0.011270225048065186
final,6,block2.W2,44,16,0.3888832926750183,0.392939031124115,0.00405573844909668
final,6,block2.W2,45,16,0.2845931649208069,0.28707391023635864,0.002480745315551758
final,6,block2.W2,46,16,0.36311933398246765,0.36701878905296326,0.0038994550704956055
final,6,block2.W2,47,16,0.3641311526298523,0.36825186014175415,0.0041207075119018555
final,6,block2.W2,48,16,0.3195264935493469,0.32140931487083435,0.0018828213214874268
final,6,block2.W2,49,16,0.27411893010139465,0.2709258794784546,0.0031930506229400635
final,6,block2.W2,50,16,0.3352724313735962,0.33780738711357117,0.0025349557399749756
final,6,block2.W2,51,16,0.24677085876464844,0.24729041755199432,0.0005195587873458862
final,6,block2.W2,52,16,0.25553545355796814,0.25740665197372437,0.0018711984157562256
final,6,block2.W2,53,16,0.2483167052268982,0.25082993507385254,0.0025132298469543457
final,6,block2.W2,54,16,0.3727986216545105,0.3747223913669586,0.0019237697124481201
final,6,block2.W2,55,16,0.2927683889865875,0.2927745580673218,6.16908073425293e-06
final,6,block2.W2,56,16,0.36171671748161316,0.3556036055088043,0.006113111972808838
final,6,block2.W2,57,16,0.3822222948074341,0.3846456706523895,0.0024233758449554443
final,6,block2.W2,58,16,0.3429756462574005,0.3462154269218445,0.0032397806644439697
final,6,block2.W2,59,16,0.38680317997932434,0.38863715529441833,0.0018339753150939941
final,6,block2.W2,60,16,0.2830706536769867,0.2869204580783844,0.003849804401397705
final,6,block2.W2,61,16,0.3311849534511566,0.3318619430065155,0.0006769895553588867
final,6,block2.W2,62,16,0.3322597146034241,0.3385697305202484,0.006310015916824341
final,6,block2.W2,63,16,0.38618186116218567,0.38439199328422546,0.001789867877960205
final,7,block3.W1,0,16,0.34515124559402466,0.3475402295589447,0.002388983964920044
final,7,block3.W1,1,16,0.3544859290122986,0.35142308473587036,0.0030628442764282227
final,7,block3.W1,2,16,0.3074517548084259,0.30591481924057007,0.001536935567855835
final,7,block3.W1,3,16,0.2847635746002197,0.2838899493217468,0.0008736252784729004
final,7,block3.W1,4,16,0.40825188159942627,0.4077852964401245,0.0004665851593017578
final,7,block3.W1,5,16,0.39743179082870483,0.39975836873054504,0.00232657790184021
final,7,block3.W1,6,16,0.26949506998062134,0.26861733198165894,0.0008777379989624023
final,7,block3.W1,7,16,0.32226309180259705,0.32272210717201233,0.0004590153694152832
final,7,block3.W1,8,16,0.3517727255821228,0.353657066822052,0.0018843412399291992
final,7,block3.W1,9,16,0.46316081285476685,0.46494361758232117,0.0017828047275543213
final,7,block3.W1,10,16,0.35526981949806213,0.3580886423587799,0.0028188228607177734
final,7,block3.W1,11,16,0.38233837485313416,0.3784625828266144,0.0038757920265197754
final,7,block3.W1,12,16,0.2840663194656372,0.2835204303264618,0.000545889139175415
final,7,block3.W1,13,16,0.307952344417572,0.3072788417339325,0.0006735026836395264
final,7,block3.W1,14,16,0.30246448516845703,0.30254989862442017,8.541345596313477e-05
final,7,block3.W1,15,16,0.39394593238830566,0.39296695590019226,0.0009789764881134033
final,7,block3.W1,16,16,0.29926323890686035,0.2988959848880768,0.00036725401878356934
final,7,block3.W1,17,16,0.4225086271762848,0.41881775856018066,0.003690868616104126
final,7,block3.W1,18,16,0.374971866607666,0.37470030784606934,0.0002715587615966797
final,7,block3.W1,19,16,0.3533443510532379,0.3535155951976776,0.00017124414443969727
final,7,block3.W1,20,16,0.3470715284347534,0.3460383713245392,0.0010331571102142334
final,7,block3.W1,21,16,0.2822343111038208,0.28136083483695984,0.0008734762668609619
final,7,block3.W1,22,16,0.3743605613708496,0.37483707070350647,0.00047650933265686035
final,7,block3.W1,23,16,0.4749671518802643,0.4740886986255646,0.000878453254699707
final,7,block3.W1,24,16,0.4446095824241638,0.4436291456222534,0.0009804368019104004
final,7,block3.W1,25,16,0.3973439633846283,0.39546290040016174,0.0018810629844665527
final,7,block3.W1,26,16,0.2616857886314392,0.26135674118995667,0.00032904744148254395
final,7,block3.W1,27,16,0.30349084734916687,0.3022262752056122,0.0012645721435546875
final,7,block3.W1,28,16,0.285205602645874,0.2837928831577301,0.001412719488143921
final,7,block3.W1,29,16,0.31876423954963684,0.3197605609893799,0.000996321439743042
final,7,block3.W1,30,16,0.39378583431243896,0.3944764733314514,0.0006906390190124512
final,7,block3.W1,31,16,0.2907518446445465,0.29224249720573425,0.0014906525611877441
final,7,block3.W1,32,16,0.3152153789997101,0.31357988715171814,0.0016354918479919434
final,7,block3.W1,33,16,0.291032999753952,0.2926676869392395,0.0016346871852874756
final,7,block3.W1,34,16,0.4060893654823303,0.403971403837204,0.0021179616451263428
final,7,block3.W1,35,16,0.4575195014476776,0.45787081122398376,0.00035130977630615234
final,7,block3.W1,36,16,0.257281631231308,0.26167789101600647,0.004396259784698486
final,7,block3.W1,37,16,0.3175061047077179,0.3153744637966156,0.002131640911102295
final,7,block3.W1,38,16,0.3475077450275421,0.34277114272117615,0.004736602306365967
final,7,block3.W1,39,16,0.3856182396411896,0.38080981373786926,0.0048084259033203125
final,7,block3.W1,40,16,0.37061646580696106,0.37149545550346375,0.0008789896965026855
final,7,block3.W1,41,16,0.3747383952140808,0.37280187010765076,0.0019365251064300537
final,7,block3.W1,42,16,0.31222131848335266,0.31225937604904175,3.8057565689086914e-05
final,7,block3.W1,43,16,0.3529910445213318,0.3530265688896179,3.552436828613281e-05
final,7,block3.W1,44,16,0.49467313289642334,0.4962818920612335,0.0016087591648101807
final,7,block3.W1,45,16,0.36781013011932373,0.36893758177757263,0.0011274516582489014
final,7,block3.W1,46,16,0.37554731965065,0.37047913670539856,0.005068182945251465
final,7,block3.W1,47,16,0.43168309330940247,0.4299355447292328,0.0017475485801696777
final,7,block3.W1,48,16,0.23807626962661743,0.2393898069858551,0.001313537359237671
final,7,block3.W1,49,16,0.2844967842102051,0.2827938199043274,0.0017029643058776855
final,7,block3.W1,50,16,0.3130933940410614,0.3097139894962311,0.0033794045448303223
final,7,block3.W1,51,16,0.4319648742675781,0.43074432015419006,0.0012205541133880615
final,7,block3.W1,52,16,0.4317404627799988,0.43208956718444824,0.0003491044044494629
final,7,block3.W1,53,16,0.4475419521331787,0.44837650656700134,0.0008345544338226318
final,7,block3.W1,54,16,0.41348379850387573,0.41189301013946533,0.0015907883644104004
final,7,block3.W1,55,16,0.3370864689350128,0.3390558958053589,0.0019694268703460693
final,7,block3.W1,56,16,0.33264222741127014,0.3334365487098694,0.0007943212985992432
final,7,block3.W1,57,16,0.31070181727409363,0.3088202178478241,0.0018815994262695312
final,7,block3.W1,58,16,0.43119314312934875,0.43151435256004333,0.0003212094306945801
final,7,block3.W1,59,16,0.3642115592956543,0.3597019910812378,0.004509568214416504
final,7,block3.W1,60,16,0.3552173972129822,0.3557488024234772,0.0005314052104949951
final,7,block3.W1,61,16,0.3983546495437622,0.39738333225250244,0.0009713172912597656
final,7,block3.W1,62,16,0.4085489809513092,0.4032283127307892,0.0053206682205200195
final,7,block3.W1,63,16,0.47779083251953125,0.4734198749065399,0.004370957612991333
final,8,block3.W2,0,16,0.3341463804244995,0.3365761935710907,0.0024298131465911865
final,8,block3.W2,1,16,0.31774914264678955,0.3199822008609772,0.002233058214187622
final,8,block3.W2,2,16,0.42114394903182983,0.4204597771167755,0.0006841719150543213
final,8,block3.W2,3,16,0.32109659910202026,0.3194034695625305,0.001693129539489746
final,8,block3.W2,4,16,0.4139579236507416,0.41577956080436707,0.0018216371536254883
final,8,block3.W2,5,16,0.24534738063812256,0.24623188376426697,0.0008845031261444092
final,8,block3.W2,6,16,0.29776543378829956,0.2952347993850708,0.0025306344032287598
final,8,block3.W2,7,16,0.3014596104621887,0.3033958077430725,0.001936197280883789
final,8,block3.W2,8,16,0.32868263125419617,0.3291185796260834,0.00043594837188720703
final,8,block3.W2,9,16,0.4290255308151245,0.43091872334480286,0.0018931925296783447
final,8,block3.W2,10,16,0.3177589774131775,0.31788522005081177,0.00012624263763427734
final,8,block3.W2,11,16,0.32427483797073364,0.32331588864326477,0.0009589493274688721
final,8,block3.W2,12,16,0.2621515393257141,0.26222577691078186,7.423758506774902e-05
final,8,block3.W2,13,16,0.29423877596855164,0.29281333088874817,0.0014254450798034668
final,8,block3.W2,14,16,0.37002190947532654,0.36912843585014343,0.0008934736251831055
final,8,block3.W2,15,16,0.29964789748191833,0.3007500469684601,0.001102149486541748
final,8,block3.W2,16,16,0.3924867510795593,0.39329993724823,0.0008131861686706543
final,8,block3.W2,17,16,0.33257317543029785,0.33424994349479675,0.0016767680644989014
final,8,block3.W2,18,16,0.29150086641311646,0.2925081253051758,0.0010072588920593262
final,8,block3.W2,19,16,0.2980920970439911,0.3004404306411743,0.0023483335971832275
final,8,block3.W2,20,16,0.36965125799179077,0.3678034543991089,0.0018478035926818848
final,8,block3.W2,21,16,0.30592164397239685,0.3089919090270996,0.003070265054702759
final,8,block3.W2,22,16,0.39878490567207336,0.3992324471473694,0.0004475414752960205
final,8,block3.W2,23,16,0.32013005018234253,0.3210355341434479,0.0009054839611053467
final,8,block3.W2,24,16,0.35375556349754333,0.3533517122268677,0.0004038512706756592
final,8,block3.W2,25,16,0.29913628101348877,0.29669368267059326,0.002442598342895508
final,8,block3.W2,26,16,0.27091318368911743,0.27317774295806885,0.002264559268951416
final,8,block3.W2,27,16,0.30322518944740295,0.3053794205188751,0.002154231071472168
final,8,block3.W2,28,16,0.33907195925712585,0.3420713543891907,0.0029993951320648193
final,8,block3.W2,29,16,0.40611502528190613,0.406965047121048,0.0008500218391418457
final,8,block3.W2,30,16,0.2844964563846588,0.2849164605140686,0.00042000412940979004
final,8,block3.W2,31,16,0.2874636948108673,0.28646135330200195,0.0010023415088653564
final,8,block3.W2,32,16,0.32686975598335266,0.3280421495437622,0.001172393560409546
final,8,block3.W2,33,16,0.2876380980014801,0.2889266312122345,0.0012885332107543945
final,8,block3.W2,34,16,0.29712432622909546,0.3010176718235016,0.003893345594406128
final,8,block3.W2,35,16,0.2053707242012024,0.2057473212480545,0.0003765970468521118
final,8,block3.W2,36,16,0.26958227157592773,0.26796525716781616,0.0016170144081115723
final,8,block3.W2,37,16,0.3581150770187378,0.3628731966018677,0.004758119583129883
final,8,block3.W2,38,16,0.39675426483154297,0.3926032781600952,0.004150986671447754
final,8,block3.W2,39,16,0.31620514392852783,0.31553328037261963,0.0006718635559082031
final,8,block3.W2,40,16,0.2567729949951172,0.2564166188240051,0.00035637617111206055
final,8,block3.W2,41,16,0.2756291627883911,0.2734021544456482,0.00222700834274292
final,8,block3.W2,42,16,0.28117284178733826,0.28070247173309326,0.0004703700542449951
final,8,block3.W2,43,16,0.2725171446800232,0.27398964762687683,0.0014725029468536377
final,8,block3.W2,44,16,0.34970158338546753,0.34822317957878113,0.0014784038066864014
final,8,block3.W2,45,16,0.3603777289390564,0.35880565643310547,0.0015720725059509277
final,8,block3.W2,46,16,0.3612770140171051,0.36300936341285706,0.0017323493957519531
final,8,block3.W2,47,16,0.33603864908218384,0.337037593126297,0.0009989440441131592
final,8,block3.W2,48,16,0.29749393463134766,0.29500725865364075,0.002486675977706909
final,8,block3.W2,49,16,0.32185864448547363,0.3215993642807007,0.0002592802047729492
final,8,block3.W2,50,16,0.39686837792396545,0.39576828479766846,0.001100093126296997
final,8,block3.W2,51,16,0.24881793558597565,0.25048404932022095,0.0016661137342453003
final,8,block3.W2,52,16,0.23173044621944427,0.23370632529258728,0.0019758790731430054
final,8,block3.W2,53,16,0.2675572633743286,0.2686202824115753,0.001063019037246704
final,8,block3.W2,54,16,0.4538426101207733,0.45036640763282776,0.0034762024879455566
final,8,block3.W2,55,16,0.29886871576309204,0.29931774735450745,0.0004490315914154053
final,8,block3.W2,56,16,0.3302884101867676,0.3327690660953522,0.0024806559085845947
final,8,block3.W2,57,16,0.32369548082351685,0.32179906964302063,0.0018964111804962158
final,8,block3.W2,58,16,0.18628442287445068,0.18740230798721313,0.0011178851127624512
final,8,block3.W2,59,16,0.37825044989585876,0.3790994882583618,0.0008490383625030518
final,8,block3.W2,60,16,0.3586336672306061,0.3603781759738922,0.0017445087432861328
final,8,block3.W2,61,16,0.2802278399467468,0.2799419164657593,0.00028592348098754883
final,8,block3.W2,62,16,0.3333563506603241,0.33681851625442505,0.003462165594100952
final,8,block3.W2,63,16,0.3448948264122009,0.34454506635665894,0.0003497600555419922
final,9,block4.W1,0,16,0.4261462390422821,0.42882663011550903,0.0026803910732269287
final,9,block4.W1,1,16,0.34877702593803406,0.34571754932403564,0.003059476613998413
final,9,block4.W1,2,16,0.32064592838287354,0.32114148139953613,0.0004955530166625977
final,9,block4.W1,3,16,0.24973872303962708,0.24983437359333038,9.56505537033081e-05
final,9,block4.W1,4,16,0.30311867594718933,0.30710700154304504,0.003988325595855713
final,9,block4.W1,5,16,0.33510875701904297,0.331826776266098,0.0032819807529449463
final,9,block4.W1,6,16,0.36381813883781433,0.3642108738422394,0.00039273500442504883
final,9,block4.W1,7,16,0.24131453037261963,0.24223953485488892,0.0009250044822692871
final,9,block4.W1,8,16,0.35012662410736084,0.3499419689178467,0.00018465518951416016
final,9,block4.W1,9,16,0.2844584882259369,0.28533968329429626,0.000881195068359375
final,9,block4.W1,10,16,0.2822524905204773,0.2802231013774872,0.0020293891429901123
final,9,block4.W1,11,16,0.3753774166107178,0.3760915696620941,0.0007141530513763428
final,9,block4.W1,12,16,0.23388709127902985,0.23287717998027802,0.001009911298751831
final,9,block4.W1,13,16,0.2986868619918823,0.29640430212020874,0.002282559871673584
final,9,block4.W1,14,16,0.3610355257987976,0.36086469888687134,0.00017082691192626953
final,9,block4.W1,15,16,0.4824829399585724,0.48512279987335205,0.002639859914779663
final,9,block4.W1,16,16,0.2599950432777405,0.2612965404987335,0.001301497220993042
final,9,block4.W1,17,16,0.3973357081413269,0.3976295292377472,0.0002938210964202881
final,9,block4.W1,18,16,0.36349228024482727,0.3619026839733124,0.0015895962715148926
final,9,block4.W1,19,16,0.29717132449150085,0.2977220416069031,0.0005507171154022217
final,9,block4.W1,20,16,0.3462718725204468,0.34925973415374756,0.0029878616333007812
final,9,block4.W1,21,16,0.33387240767478943,0.33447954058647156,0.0006071329116821289
final,9,block4.W1,22,16,0.2953863739967346,0.2942052483558655,0.0011811256408691406
final,9,block4.W1,23,16,0.36081618070602417,0.36073100566864014,8.51750373840332e-05
final,9,block4.W1,24,16,0.28062814474105835,0.28028538823127747,0.0003427565097808838
final,9,block4.W1,25,16,0.30565345287323,0.30275505781173706,0.00289839506149292
final,9,block4.W1,26,16,0.3207641839981079,0.32023635506629944,0.0005278289318084717
final,9,block4.W1,27,16,0.30442550778388977,0.30195409059524536,0.002471417188644409
final,9,block4.W1,28,16,0.24449734389781952,0.2452143132686615,0.00071696937084198
final,9,block4.W1,29,16,0.3264218866825104,0.32933661341667175,0.002914726734161377
final,9,block4.W1,30,16,0.3457658886909485,0.3477368950843811,0.001971006393432617
final,9,block4.W1,31,16,0.3478547930717468,0.3462299108505249,0.0016248822212219238
final,9,block4.W1,32,16,0.31518569588661194,0.315132200717926,5.3495168685913086e-05
final,9,block4.W1,33,16,0.3771282136440277,0.3810751140117645,0.003946900367736816
final,9,block4.W1,34,16,0.4101621210575104,0.4069563150405884,0.003205806016921997
final,9,block4.W1,35,16,0.326104074716568,0.32563915848731995,0.0004649162292480469
final,9,block4.W1,36,16,0.2963179349899292,0.2937624156475067,0.0025555193424224854
final,9,block4.W1,37,16,0.27024269104003906,0.26947134733200073,0.0007713437080383301
final,9,block4.W1,38,16,0.38495752215385437,0.38378193974494934,0.0011755824089050293
final,9,block4.W1,39,16,0.3204764127731323,0.3224240243434906,0.0019476115703582764
final,9,block4.W1,40,16,0.2483844757080078,0.24812813103199005,0.00025634467601776123
final,9,block4.W1,41,16,0.3148558437824249,0.3169317841529846,0.0020759403705596924
final,9,block4.W1,42,16,0.2589014172554016,0.25898459553718567,8.317828178405762e-05
final,9,block4.W1,43,16,0.34268972277641296,0.3410464823246002,0.0016432404518127441
final,9,block4.W1,44,16,0.236061230301857,0.23685435950756073,0.0007931292057037354
final,9,block4.W1,45,16,0.45161378383636475,0.450874000787735,0.0007397830486297607
final,9,block4.W1,46,16,0.3616138994693756,0.36032551527023315,0.001288384199142456
final,9,block4.W1,47,16,0.41874900460243225,0.41823703050613403,0.0005119740962982178
final,9,block4.W1,48,16,0.33428552746772766,0.33589968085289,0.0016141533851623535
final,9,block4.W1,49,16,0.29831457138061523,0.29687395691871643,0.0014406144618988037
final,9,block4.W1,50,16,0.38081008195877075,0.38259434700012207,0.0017842650413513184
final,9,block4.W1,51,16,0.2812289297580719,0.2830384373664856,0.0018095076084136963
final,9,block4.W1,52,16,0.3279655873775482,0.3254961371421814,0.0024694502353668213
final,9,block4.W1,53,16,0.3507665991783142,0.34776726365089417,0.002999335527420044
final,9,block4.W1,54,16,0.3522094488143921,0.3542679250240326,0.002058476209640503
final,9,block4.W1,55,16,0.311494380235672,0.3108646869659424,0.0006296932697296143
final,9,block4.W1,56,16,0.3845944106578827,0.38301217555999756,0.0015822350978851318
final,9,block4.W1,57,16,0.332645058631897,0.33261698484420776,2.8073787689208984e-05
final,9,block4.W1,58,16,0.26630669832229614,0.2669595181941986,0.0006528198719024658
final,9,block4.W1,59,16,0.36124998331069946,0.3607258200645447,0.0005241632461547852
final,9,block4.W1,60,16,0.2991684377193451,0.299059122800827,0.0001093149185180664
final,9,block4.W1,61,16,0.3720778524875641,0.3660337030887604,0.006044149398803711
final,9,block4.W1,62,16,0.30611830949783325,0.30449753999710083,0.0016207695007324219
final,9,block4.W1,63,16,0.3356408178806305,0.3364390730857849,0.0007982552051544189
final,10,block4.W2,0,16,0.3584444224834442,0.3583144545555115,0.00012996792793273926
final,10,block4.W2,1,16,0.3949146866798401,0.3928505778312683,0.0020641088485717773
final,10,block4.W2,2,16,0.4219169318675995,0.4211180508136749,0.0007988810539245605
final,10,block4.W2,3,16,0.21426302194595337,0.214466854929924,0.0002038329839706421
final,10,block4.W2,4,16,0.3064948320388794,0.3067551255226135,0.00026029348373413086
final,10,block4.W2,5,16,0.4259416162967682,0.42616531252861023,0.00022369623184204102
final,10,block4.W2,6,16,0.34740257263183594,0.3442331552505493,0.003169417381286621
final,10,block4.W2,7,16,0.24921491742134094,0.25055232644081116,0.0013374090194702148
final,10,block4.W2,8,16,0.35704219341278076,0.3561438322067261,0.0008983612060546875
final,10,block4.W2,9,16,0.3413309156894684,0.34240472316741943,0.0010738074779510498
final,10,block4.W2,10,16,0.36674362421035767,0.3687398135662079,0.0019961893558502197
final,10,block4.W2,11,16,0.379620760679245,0.37811538577079773,0.0015053749084472656
final,10,block4.W2,12,16,0.3716510236263275,0.3683414161205292,0.00330960750579834
final,10,block4.W2,13,16,0.25213730335235596,0.2519073486328125,0.00022995471954345703
final,10,block4.W2,14,16,0.3181746304035187,0.31900909543037415,0.0008344650268554688
final,10,block4.W2,15,16,0.3481581509113312,0.3489367663860321,0.0007786154747009277
final,10,block4.W2,16,16,0.3493879437446594,0.3496825695037842,0.00029462575912475586
final,10,block4.W2,17,16,0.31493428349494934,0.3155444264411926,0.0006101429462432861
final,10,block4.W2,18,16,0.3688899278640747,0.3725488781929016,0.0036589503288269043
final,10,block4.W2,19,16,0.46353304386138916,0.46118614077568054,0.002346903085708618
final,10,block4.W2,20,16,0.2971067726612091,0.29530689120292664,0.0017998814582824707
final,10,block4.W2,21,16,0.34157323837280273,0.33868440985679626,0.0028888285160064697
final,10,block4.W2,22,16,0.4103095829486847,0.4085766077041626,0.0017329752445220947
final,10,block4.W2,23,16,0.33840370178222656,0.33628833293914795,0.0021153688430786133
final,10,block4.W2,24,16,0.23579053580760956,0.23451465368270874,0.0012758821249008179
final,10,block4.W2,25,16,0.3391663432121277,0.33703845739364624,0.0021278858184814453
final,10,block4.W2,26,16,0.2612262964248657,0.26294800639152527,0.001721709966659546
final,10,block4.W2,27,16,0.3375873565673828,0.3356354236602783,0.0019519329071044922
final,10,block4.W2,28,16,0.2957879602909088,0.29823195934295654,0.0024439990520477295
final,10,block4.W2,29,16,0.2859431207180023,0.28548663854599,0.0004564821720123291
final,10,block4.W2,30,16,0.3757171332836151,0.3740249574184418,0.0016921758651733398
final,10,block4.W2,31,16,0.3922179937362671,0.3944154381752014,0.002197444438934326
final,10,block4.W2,32,16,0.3560187816619873,0.35228636860847473,0.0037324130535125732
final,10,block4.W2,33,16,0.36140596866607666,0.3632151484489441,0.0018091797828674316
final,10,block4.W2,34,16,0.35998326539993286,0.3608265221118927,0.0008432567119598389
final,10,block4.W2,35,16,0.2998562157154083,0.29929688572883606,0.0005593299865722656
final,10,block4.W2,36,16,0.29872986674308777,0.30043572187423706,0.001705855131149292
final,10,block4.W2,37,16,0.361838161945343,0.3603142499923706,0.0015239119529724121
final,10,block4.W2,38,16,0.36855074763298035,0.3712022304534912,0.0026514828205108643
final,10,block4.W2,39,16,0.436065137386322,0.4369484484195709,0.0008833110332489014
final,10,block4.W2,40,16,0.40302568674087524,0.4043816030025482,0.0013559162616729736
final,10,block4.W2,41,16,0.23635633289813995,0.23540131747722626,0.0009550154209136963
final,10,block4.W2,42,16,0.30895355343818665,0.3072133958339691,0.0017401576042175293
final,10,block4.W2,43,16,0.37380680441856384,0.37377744913101196,2.9355287551879883e-05
final,10,block4.W2,44,16,0.32147207856178284,0.3232913315296173,0.0018192529678344727
final,10,block4.W2,45,16,0.2584894895553589,0.25784093141555786,0.0006485581398010254
final,10,block4.W2,46,16,0.3216337263584137,0.31945180892944336,0.002181917428970337
final,10,block4.W2,47,16,0.2724008858203888,0.27335456013679504,0.00095367431640625
final,10,block4.W2,48,16,0.38707685470581055,0.3877670168876648,0.000690162181854248
final,10,block4.W2,49,16,0.26877060532569885,0.2678806185722351,0.0008899867534637451
final,10,block4.W2,50,16,0.387876957654953,0.38830289244651794,0.0004259347915649414
final,10,block4.W2,51,16,0.2861361503601074,0.28689199686050415,0.0007558465003967285
final,10,block4.W2,52,16,0.32676222920417786,0.32494717836380005,0.0018150508403778076
final,10,block4.W2,53,16,0.34038838744163513,0.33969846367836,0.0006899237632751465
final,10,block4.W2,54,16,0.35604044795036316,0.3548785448074341,0.0011619031429290771
final,10,block4.W2,55,16,0.3586755096912384,0.3577350676059723,0.0009404420852661133
final,10,block4.W2,56,16,0.3512420356273651,0.3525795042514801,0.0013374686241149902
final,10,block4.W2,57,16,0.35356706380844116,0.35381045937538147,0.00024339556694030762
final,10,block4.W2,58,16,0.3832628130912781,0.3803018033504486,0.0029610097408294678
final,10,block4.W2,59,16,0.41670215129852295,0.4181290864944458,0.0014269351959228516
final,10,block4.W2,60,16,0.3968541920185089,0.39664870500564575,0.00020548701286315918
final,10,block4.W2,61,16,0.3767666220664978,0.37409740686416626,0.002669215202331543
final,10,block4.W2,62,16,0.27612051367759705,0.2770487368106842,0.0009282231330871582
final,10,block4.W2,63,16,0.33866384625434875,0.34011849761009216,0.0014546513557434082
final,11,block5.W1,0,16,0.23688125610351562,0.23502257466316223,0.0018586814403533936
final,11,block5.W1,1,16,0.26523301005363464,0.2657376825809479,0.0005046725273132324
final,11,block5.W1,2,16,0.33425286412239075,0.3349854052066803,0.0007325410842895508
final,11,block5.W1,3,16,0.31346166133880615,0.3122149407863617,0.001246720552444458
final,11,block5.W1,4,16,0.39903494715690613,0.3993648588657379,0.0003299117088317871
final,11,block5.W1,5,16,0.2918603718280792,0.2903345823287964,0.001525789499282837
final,11,block5.W1,6,16,0.31511390209198,0.31579574942588806,0.0006818473339080811
final,11,block5.W1,7,16,0.40718021988868713,0.40832412242889404,0.0011439025402069092
final,11,block5.W1,8,16,0.3939201533794403,0.3933994472026825,0.0005207061767578125
final,11,block5.W1,9,16,0.4487950801849365,0.44816505908966064,0.0006300210952758789
final,11,block5.W1,10,16,0.3237574100494385,0.32710596919059753,0.0033485591411590576
final,11,block5.W1,11,16,0.42841005325317383,0.4287254810333252,0.0003154277801513672
final,11,block5.W1,12,16,0.3313264548778534,0.32795238494873047,0.003374069929122925
final,11,block5.W1,13,16,0.36917462944984436,0.3698846399784088,0.0007100105285644531
final,11,block5.W1,14,16,0.3824874758720398,0.38286516070365906,0.0003776848316192627
final,11,block5.W1,15,16,0.27462586760520935,0.2731839120388031,0.00144195556640625
final,11,block5.W1,16,16,0.26451584696769714,0.26285284757614136,0.0016629993915557861
final,11,block5.W1,17,16,0.2618897557258606,0.2638929784297943,0.002003222703933716
final,11,block5.W1,18,16,0.30799850821495056,0.3061355650424957,0.001862943172454834
final,11,block5.W1,19,16,0.33281266689300537,0.3322794735431671,0.0005331933498382568
final,11,block5.W1,20,16,0.3383339047431946,0.3370932638645172,0.0012406408786773682
final,11,block5.W1,21,16,0.2875082492828369,0.29075756669044495,0.0032493174076080322
final,11,block5.W1,22,16,0.3704315721988678,0.36943548917770386,0.0009960830211639404
final,11,block5.W1,23,16,0.27656030654907227,0.2787155508995056,0.0021552443504333496
final,11,block5.W1,24,16,0.3351530432701111,0.33455589413642883,0.000597149133682251
final,11,block5.W1,25,16,0.38769930601119995,0.38913485407829285,0.0014355480670928955
final,11,block5.W1,26,16,0.3296349048614502,0.3309916853904724,0.0013567805290222168
final,11,block5.W1,27,16,0.2973708510398865,0.2976563572883606,0.0002855062484741211
final,11,block5.W1,28,16,0.2993178963661194,0.29803889989852905,0.001278996467590332
final,11,block5.W1,29,16,0.32439982891082764,0.32009097933769226,0.004308849573135376
final,11,block5.W1,30,16,0.4002932608127594,0.40118828415870667,0.0008950233459472656
final,11,block5.W1,31,16,0.2572670876979828,0.25745296478271484,0.00018587708473205566
final,11,block5.W1,32,16,0.3527461290359497,0.3538355231285095,0.0010893940925598145
final,11,block5.W1,33,16,0.3867408037185669,0.38655364513397217,0.00018715858459472656
final,11,block5.W1,34,16,0.2809627652168274,0.28061625361442566,0.0003465116024017334
final,11,block5.W1,35,16,0.34793856739997864,0.3491712808609009,0.0012327134609222412
final,11,block5.W1,36,16,0.27821120619773865,0.2802547812461853,0.0020435750484466553
final,11,block5.W1,37,16,0.32982495427131653,0.3294351398944855,0.0003898143768310547
final,11,block5.W1,38,16,0.23399889469146729,0.23558248579502106,0.001583591103553772
final,11,block5.W1,39,16,0.2052946239709854,0.2053510546684265,5.6430697441101074e-05
final,11,block5.W1,40,16,0.327304482460022,0.3266891539096832,0.0006153285503387451
final,11,block5.W1,41,16,0.4200107455253601,0.4211893081665039,0.0011785626411437988
final,11,block5.W1,42,16,0.41566532850265503,0.41702476143836975,0.0013594329357147217
final,11,block5.W1,43,16,0.3653532564640045,0.3646409511566162,0.0007123053073883057
final,11,block5.W1,44,16,0.38362982869148254,0.3835034668445587,0.00012636184692382812
final,11,block5.W1,45,16,0.2970373034477234,0.29726293683052063,0.0002256333827972412
final,11,block5.W1,46,16,0.4240914583206177,0.42343106865882874,0.0006603896617889404
final,11,block5.W1,47,16,0.40530964732170105,0.4048221707344055,0.0004874765872955322
final,11,block5.W1,48,16,0.3558860719203949,0.35697293281555176,0.0010868608951568604
final,11,block5.W1,49,16,0.3123816251754761,0.31348520517349243,0.0011035799980163574
final,11,block5.W1,50,16,0.2731614410877228,0.27316635847091675,4.9173831939697266e-06
final,11,block5.W1,51,16,0.34123674035072327,0.3438720107078552,0.002635270357131958
final,11,block5.W1,52,16,0.26846426725387573,0.2675168216228485,0.0009474456310272217
final,11,block5.W1,53,16,0.4105750322341919,0.40930983424186707,0.001265197992324829
final,11,block5.W1,54,16,0.32768920063972473,0.3268076777458191,0.0008815228939056396
final,11,block5.W1,55,16,0.4082410931587219,0.4093684256076813,0.0011273324489593506
final,11,block5.W1,56,16,0.3573257327079773,0.35619211196899414,0.0011336207389831543
final,11,block5.W1,57,16,0.34524261951446533,0.3448949158191681,0.0003477036952972412
final,11,block5.W1,58,16,0.23541925847530365,0.2361706644296646,0.0007514059543609619
final,11,block5.W1,59,16,0.24618157744407654,0.24632880091667175,0.00014722347259521484
final,11,block5.W1,60,16,0.3591185510158539,0.35915398597717285,3.5434961318969727e-05
final,11,block5.W1,61,16,0.33845236897468567,0.3390021026134491,0.0005497336387634277
final,11,block5.W1,62,16,0.23690034449100494,0.23486319184303284,0.002037152647972107
final,11,block5.W1,63,16,0.3844763934612274,0.3821735978126526,0.002302795648574829
final,12,block5.W2,0,16,0.34465470910072327,0.3436897099018097,0.0009649991989135742
final,12,block5.W2,1,16,0.34398359060287476,0.3430956304073334,0.0008879601955413818
final,12,block5.W2,2,16,0.2539961040019989,0.25347211956977844,0.000523984432220459
final,12,block5.W2,3,16,0.32834571599960327,0.32840633392333984,6.0617923736572266e-05
final,12,block5.W2,4,16,0.4335766136646271,0.43183910846710205,0.0017375051975250244
final,12,block5.W2,5,16,0.3217281401157379,0.3228178918361664,0.0010897517204284668
final,12,block5.W2,6,16,0.2856360077857971,0.284529447555542,0.001106560230255127
final,12,block5.W2,7,16,0.4143812358379364,0.41607534885406494,0.00169411301612854
final,12,block5.W2,8,16,0.22369256615638733,0.22345532476902008,0.00023724138736724854
final,12,block5.W2,9,16,0.31225621700286865,0.31116676330566406,0.0010894536972045898
final,12,block5.W2,10,16,0.3383772075176239,0.336872398853302,0.0015048086643218994
final,12,block5.W2,11,16,0.29154324531555176,0.293300986289978,0.0017577409744262695
final,12,block5.W2,12,16,0.39139294624328613,0.3936767578125,0.002283811569213867
final,12,block5.W2,13,16,0.3668462634086609,0.3663853704929352,0.000460892915725708
final,12,block5.W2,14,16,0.32200801372528076,0.3203546702861786,0.0016533434391021729
final,12,block5.W2,15,16,0.3968711495399475,0.39891770482063293,0.002046555280685425
final,12,block5.W2,16,16,0.3037963807582855,0.3041875660419464,0.00039118528366088867
final,12,block5.W2,17,16,0.3750957250595093,0.37822797894477844,0.003132253885269165
final,12,block5.W2,18,16,0.3121275007724762,0.3121318817138672,4.380941390991211e-06
final,12,block5.W2,19,16,0.3857656717300415,0.38508015871047974,0.0006855130195617676
final,12,block5.W2,20,16,0.29799237847328186,0.300497829914093,0.0025054514408111572
final,12,block5.W2,21,16,0.2830406129360199,0.28340381383895874,0.0003632009029388428
final,12,block5.W2,22,16,0.36714333295822144,0.36758655309677124,0.0004432201385498047
final,12,block5.W2,23,16,0.3906421661376953,0.3858548402786255,0.004787325859069824
final,12,block5.W2,24,16,0.28861773014068604,0.2881518304347992,0.0004658997058868408
final,12,block5.W2,25,16,0.3104087710380554,0.3128772974014282,0.0024685263633728027
final,12,block5.W2,26,16,0.3399195373058319,0.3399747908115387,5.525350570678711e-05
final,12,block5.W2,27,16,0.4001087546348572,0.40013065934181213,2.1904706954956055e-05
final,12,block5.W2,28,16,0.33980533480644226,0.3420703113079071,0.0022649765014648438
final,12,block5.W2,29,16,0.2818076014518738,0.281028687953949,0.0007789134979248047
final,12,block5.W2,30,16,0.4004018008708954,0.4030362665653229,0.0026344656944274902
final,12,block5.W2,31,16,0.2854372262954712,0.2857723832130432,0.0003351569175720215
final,12,block5.W2,32,16,0.3940090537071228,0.39387425780296326,0.0001347959041595459
final,12,block5.W2,33,16,0.3998175263404846,0.39919382333755493,0.0006237030029296875
final,12,block5.W2,34,16,0.3013307452201843,0.3020819127559662,0.0007511675357818604
final,12,block5.W2,35,16,0.33392998576164246,0.3318084478378296,0.002121537923812866
final,12,block5.W2,36,16,0.3005106449127197,0.30207157135009766,0.0015609264373779297
final,12,block5.W2,37,16,0.24670487642288208,0.24730218946933746,0.0005973130464553833
final,12,block5.W2,38,16,0.24523422122001648,0.24502995610237122,0.00020426511764526367
final,12,block5.W2,39,16,0.2613881230354309,0.26044341921806335,0.0009447038173675537
final,12,block5.W2,40,16,0.29833123087882996,0.2993210554122925,0.0009898245334625244
final,12,block5.W2,41,16,0.365003377199173,0.3644999861717224,0.0005033910274505615
final,12,block5.W2,42,16,0.2799406945705414,0.28035232424736023,0.00041162967681884766
final,12,block5.W2,43,16,0.3112889230251312,0.3109060525894165,0.0003828704357147217
final,12,block5.W2,44,16,0.39470791816711426,0.3986964523792267,0.003988534212112427
final,12,block5.W2,45,16,0.3017386198043823,0.30021175742149353,0.001526862382888794
final,12,block5.W2,46,16,0.3889820873737335,0.389286607503891,0.0003045201301574707
final,12,block5.W2,47,16,0.2887522578239441,0.2899969518184662,0.0012446939945220947
final,12,block5.W2,48,16,0.3820737600326538,0.382074773311615,1.0132789611816406e-06
final,12,block5.W2,49,16,0.3335406482219696,0.3337561786174774,0.0002155303955078125
final,12,block5.W2,50,16,0.33222031593322754,0.330858051776886,0.0013622641563415527
final,12,block5.W2,51,16,0.3578244745731354,0.36095473170280457,0.0031302571296691895
final,12,block5.W2,52,16,0.3647976815700531,0.36227068305015564,0.002526998519897461
final,12,block5.W2,53,16,0.33872583508491516,0.3376520276069641,0.0010738074779510498
final,12,block5.W2,54,16,0.3686780631542206,0.3691307008266449,0.0004526376724243164
final,12,block5.W2,55,16,0.4067123234272003,0.4077378511428833,0.0010255277156829834
final,12,block5.W2,56,16,0.3414042294025421,0.33876946568489075,0.002634763717651367
final,12,block5.W2,57,16,0.43432384729385376,0.4349905848503113,0.0006667375564575195
final,12,block5.W2,58,16,0.39256659150123596,0.3956696689128876,0.0031030774116516113
final,12,block5.W2,59,16,0.3164537847042084,0.315822035074234,0.0006317496299743652
final,12,block5.W2,60,16,0.38870251178741455,0.38936296105384827,0.0006604492664337158
final,12,block5.W2,61,16,0.23741689324378967,0.23630982637405396,0.0011070668697357178
final,12,block5.W2,62,16,0.34428805112838745,0.3430734872817993,0.0012145638465881348
final,12,block5.W2,63,16,0.3975749611854553,0.39646464586257935,0.0011103153228759766
final,13,block6.W1,0,16,0.3353555202484131,0.3366398513317108,0.0012843310832977295
final,13,block6.W1,1,16,0.2876123785972595,0.28736191987991333,0.0002504587173461914
final,13,block6.W1,2,16,0.3135826587677002,0.3106001019477844,0.0029825568199157715
final,13,block6.W1,3,16,0.32014039158821106,0.32041651010513306,0.00027611851692199707
final,13,block6.W1,4,16,0.24154901504516602,0.24169865250587463,0.00014963746070861816
final,13,block6.W1,5,16,0.3561873435974121,0.3564266562461853,0.00023931264877319336
final,13,block6.W1,6,16,0.26947423815727234,0.26987871527671814,0.0004044771194458008
final,13,block6.W1,7,16,0.35343918204307556,0.3526541590690613,0.0007850229740142822
final,13,block6.W1,8,16,0.3719359338283539,0.3713206350803375,0.0006152987480163574
final,13,block6.W1,9,16,0.26081016659736633,0.26094484329223633,0.00013467669486999512
final,13,block6.W1,10,16,0.252311646938324,0.2509556710720062,0.001355975866317749
final,13,block6.W1,11,16,0.37165719270706177,0.3716525435447693,4.649162292480469e-06
final,13,block6.W1,12,16,0.3351643979549408,0.3364362418651581,0.0012718439102172852
final,13,block6.W1,13,16,0.28390923142433167,0.2852683663368225,0.0013591349124908447
final,13,block6.W1,14,16,0.23450243473052979,0.23612061142921448,0.0016181766986846924
final,13,block6.W1,15,16,0.2785318195819855,0.27841895818710327,0.00011286139488220215
final,13,block6.W1,16,16,0.33655598759651184,0.3342643678188324,0.0022916197776794434
final,13,block6.W1,17,16,0.2734996974468231,0.2730398178100586,0.00045987963676452637
final,13,block6.W1,18,16,0.3935368061065674,0.3919348120689392,0.0016019940376281738
final,13,block6.W1,19,16,0.3398771286010742,0.33779841661453247,0.002078711986541748
final,13,block6.W1,20,16,0.33508893847465515,0.3358287215232849,0.0007397830486297607
final,13,block6.W1,21,16,0.3158986270427704,0.31553617119789124,0.0003624558448791504
final,13,block6.W1,22,16,0.33347952365875244,0.33392632007598877,0.0004467964172363281
final,13,block6.W1,23,16,0.3535323143005371,0.3546985685825348,0.0011662542819976807
final,13,block6.W1,24,16,0.28389549255371094,0.28442278504371643,0.0005272924900054932
final,13,block6.W1,25,16,0.32834017276763916,0.3276704251766205,0.0006697475910186768
final,13,block6.W1,26,16,0.2880796790122986,0.28783610463142395,0.0002435743808746338
final,13,block6.W1,27,16,0.2469588816165924,0.2484443336725235,0.0014854520559310913
final,13,block6.W1,28,16,0.23491992056369781,0.23578336834907532,0.0008634477853775024
final,13,block6.W1,29,16,0.381606787443161,0.38220807909965515,0.0006012916564941406
final,13,block6.W1,30,16,0.2964046001434326,0.2953937351703644,0.0010108649730682373
final,13,block6.W1,31,16,0.28304222226142883,0.2844569683074951,0.0014147460460662842
final,13,block6.W1,32,16,0.3693229854106903,0.3686286509037018,0.0006943345069885254
final,13,block6.W1,33,16,0.2871260941028595,0.28631874918937683,0.000807344913482666
final,13,block6.W1,34,16,0.388670414686203,0.3890596926212311,0.00038927793502807617
final,13,block6.W1,35,16,0.3442886769771576,0.3429352343082428,0.001353442668914795
final,13,block6.W1,36,16,0.37102556228637695,0.37256351113319397,0.0015379488468170166
final,13,block6.W1,37,16,0.34487250447273254,0.34251368045806885,0.0023588240146636963
final,13,block6.W1,38,16,0.3621920347213745,0.3634723424911499,0.0012803077697753906
final,13,block6.W1,39,16,0.3244214653968811,0.3236909806728363,0.0007304847240447998
final,13,block6.W1,40,16,0.38033607602119446,0.37956884503364563,0.0007672309875488281
final,13,block6.W1,41,16,0.36664527654647827,0.36802318692207336,0.0013779103755950928
final,13,block6.W1,42,16,0.4569423496723175,0.4551982283592224,0.0017441213130950928
final,13,block6.W1,43,16,0.3690613806247711,0.3670779764652252,0.0019834041595458984
final,13,block6.W1,44,16,0.3542349338531494,0.3542265295982361,8.404254913330078e-06
final,13,block6.W1,45,16,0.3568063974380493,0.3574015200138092,0.0005951225757598877
final,13,block6.W1,46,16,0.3588506579399109,0.3609031140804291,0.0020524561405181885
final,13,block6.W1,47,16,0.41139328479766846,0.40938887000083923,0.0020044147968292236
final,13,block6.W1,48,16,0.27561280131340027,0.27569323778152466,8.043646812438965e-05
final,13,block6.W1,49,16,0.3022768795490265,0.30023568868637085,0.0020411908626556396
final,13,block6.W1,50,16,0.24862580001354218,0.24925586581230164,0.0006300657987594604
final,13,block6.W1,51,16,0.21359167993068695,0.2125505656003952,0.001041114330291748
final,13,block6.W1,52,16,0.2904162108898163,0.29093852639198303,0.000522315502166748
final,13,block6.W1,53,16,0.33751147985458374,0.338986337184906,0.0014748573303222656
final,13,block6.W1,54,16,0.33228063583374023,0.3317645490169525,0.0005160868167877197
final,13,block6.W1,55,16,0.5204074382781982,0.522556483745575,0.002149045467376709
final,13,block6.W1,56,16,0.36329150199890137,0.36516329646110535,0.0018717944622039795
final,13,block6.W1,57,16,0.36855486035346985,0.3682829439640045,0.00027191638946533203
final,13,block6.W1,58,16,0.4276175796985626,0.4269768297672272,0.0006407499313354492
final,13,block6.W1,59,16,0.3604060411453247,0.36301490664482117,0.00260886549949646
final,13,block6.W1,60,16,0.258923202753067,0.2570173442363739,0.0019058585166931152
final,13,block6.W1,61,16,0.23542270064353943,0.23527836799621582,0.0001443326473236084
final,13,block6.W1,62,16,0.30197808146476746,0.3029840588569641,0.0010059773921966553
final,13,block6.W1,63,16,0.313313364982605,0.3146961033344269,0.0013827383518218994
final,14,block6.W2,0,16,0.3980283737182617,0.39939752221107483,0.0013691484928131104
final,14,block6.W2,1,16,0.2653571367263794,0.26421090960502625,0.0011462271213531494
final,14,block6.W2,2,16,0.3756759762763977,0.3745213449001312,0.0011546313762664795
final,14,block6.W2,3,16,0.35310471057891846,0.3524847626686096,0.0006199479103088379
final,14,block6.W2,4,16,0.2916279137134552,0.2916702926158905,4.2378902435302734e-05
final,14,block6.W2,5,16,0.3426899313926697,0.3403374254703522,0.002352505922317505
final,14,block6.W2,6,16,0.2977471351623535,0.29428809881210327,0.003459036350250244
final,14,block6.W2,7,16,0.3763199746608734,0.37650448083877563,0.00018450617790222168
final,14,block6.W2,8,16,0.39581191539764404,0.39378097653388977,0.0020309388637542725
final,14,block6.W2,9,16,0.3039679527282715,0.30524712800979614,0.0012791752815246582
final,14,block6.W2,10,16,0.4009799659252167,0.4023565948009491,0.0013766288757324219
final,14,block6.W2,11,16,0.2806309759616852,0.2810811698436737,0.0004501938819885254
final,14,block6.W2,12,16,0.27813947200775146,0.27788475155830383,0.00025472044944763184
final,14,block6.W2,13,16,0.30455175042152405,0.30425623059272766,0.0002955198287963867
final,14,block6.W2,14,16,0.3337489366531372,0.33471331000328064,0.0009643733501434326
final,14,block6.W2,15,16,0.3882431387901306,0.3867613673210144,0.001481771469116211
final,14,block6.W2,16,16,0.28511983156204224,0.28525927662849426,0.00013944506645202637
final,14,block6.W2,17,16,0.3100094795227051,0.31145864725112915,0.0014491677284240723
final,14,block6.W2,18,16,0.29823875427246094,0.29898491501808167,0.0007461607456207275
final,14,block6.W2,19,16,0.2786155343055725,0.27802884578704834,0.0005866885185241699
final,14,block6.W2,20,16,0.31548407673835754,0.3167298138141632,0.001245737075805664
final,14,block6.W2,21,16,0.27250757813453674,0.2724078297615051,9.974837303161621e-05
final,14,block6.W2,22,16,0.2315322905778885,0.2318192422389984,0.0002869516611099243
final,14,block6.W2,23,16,0.28069016337394714,0.2815568447113037,0.0008666813373565674
final,14,block6.W2,24,16,0.3876698613166809,0.3869929313659668,0.0006769299507141113
final,14,block6.W2,25,16,0.2909206449985504,0.2898019254207611,0.0011187195777893066
final,14,block6.W2,26,16,0.30341845750808716,0.30433955788612366,0.000921100378036499
final,14,block6.W2,27,16,0.33401936292648315,0.3320043087005615,0.002015054225921631
final,14,block6.W2,28,16,0.268813818693161,0.26770269870758057,0.0011111199855804443
final,14,block6.W2,29,16,0.2864731252193451,0.2868361473083496,0.0003630220890045166
final,14,block6.W2,30,16,0.3311474919319153,0.3317461609840393,0.0005986690521240234
final,14,block6.W2,31,16,0.35662841796875,0.35774266719818115,0.0011142492294311523
final,14,block6.W2,32,16,0.44594624638557434,0.44313880801200867,0.002807438373565674
final,14,block6.W2,33,16,0.24641379714012146,0.2450830340385437,0.0013307631015777588
final,14,block6.W2,34,16,0.2683437168598175,0.26905494928359985,0.0007112324237823486
final,14,block6.W2,35,16,0.2999698519706726,0.3007739782333374,0.0008041262626647949
final,14,block6.W2,36,16,0.3144132196903229,0.3133365213871002,0.0010766983032226562
final,14,block6.W2,37,16,0.2482111155986786,0.24832217395305634,0.00011105835437774658
final,14,block6.W2,38,16,0.35482585430145264,0.354983389377594,0.00015753507614135742
final,14,block6.W2,39,16,0.35232579708099365,0.3498588800430298,0.002466917037963867
final,14,block6.W2,40,16,0.2732301652431488,0.274636834859848,0.0014066696166992188
final,14,block6.W2,41,16,0.3148188591003418,0.3140498697757721,0.0007689893245697021
final,14,block6.W2,42,16,0.26497870683670044,0.26313093304634094,0.001847773790359497
final,14,block6.W2,43,16,0.3651556968688965,0.36431846022605896,0.0008372366428375244
final,14,block6.W2,44,16,0.4315010905265808,0.4310520887374878,0.0004490017890930176
final,14,block6.W2,45,16,0.3797674775123596,0.3802814483642578,0.0005139708518981934
final,14,block6.W2,46,16,0.3813980519771576,0.3830128312110901,0.0016147792339324951
final,14,block6.W2,47,16,0.21332041919231415,0.21492643654346466,0.0016060173511505127
final,14,block6.W2,48,16,0.38068801164627075,0.38155898451805115,0.0008709728717803955
final,14,block6.W2,49,16,0.3085811734199524,0.3085167407989502,6.443262100219727e-05
final,14,block6.W2,50,16,0.32884153723716736,0.3328215777873993,0.003980040550231934
final,14,block6.W2,51,16,0.23147042095661163,0.23032937943935394,0.0011410415172576904
final,14,block6.W2,52,16,0.3048587143421173,0.3040156662464142,0.000843048095703125
final,14,block6.W2,53,16,0.29310300946235657,0.29439598321914673,0.0012929737567901611
final,14,block6.W2,54,16,0.3476297855377197,0.34546011686325073,0.002169668674468994
final,14,block6.W2,55,16,0.40590426325798035,0.40375396609306335,0.002150297164916992
final,14,block6.W2,56,16,0.36014819145202637,0.36222654581069946,0.0020783543586730957
final,14,block6.W2,57,16,0.28766173124313354,0.2866729497909546,0.000988781452178955
final,14,block6.W2,58,16,0.28448906540870667,0.2832809388637543,0.0012081265449523926
final,14,block6.W2,59,16,0.3980035185813904,0.400219589471817,0.0022160708904266357
final,14,block6.W2,60,16,0.38359498977661133,0.3825124502182007,0.0010825395584106445
final,14,block6.W2,61,16,0.45447593927383423,0.4564480781555176,0.0019721388816833496
final,14,block6.W2,62,16,0.28253859281539917,0.28231704235076904,0.00022155046463012695
final,14,block6.W2,63,16,0.3765873908996582,0.376041978597641,0.0005454123020172119
final,15,block7.W1,0,16,0.41747260093688965,0.4166771471500397,0.0007954537868499756
final,15,block7.W1,1,16,0.26012974977493286,0.259104460477829,0.0010252892971038818
final,15,block7.W1,2,16,0.3791419565677643,0.3785172700881958,0.0006246864795684814
final,15,block7.W1,3,16,0.34269842505455017,0.342446506023407,0.0002519190311431885
final,15,block7.W1,4,16,0.3550988733768463,0.3541816174983978,0.0009172558784484863
final,15,block7.W1,5,16,0.42969706654548645,0.4315817058086395,0.0018846392631530762
final,15,block7.W1,6,16,0.3935008943080902,0.39264512062072754,0.0008557736873626709
final,15,block7.W1,7,16,0.35301223397254944,0.3536824584007263,0.0006702244281768799
final,15,block7.W1,8,16,0.30914250016212463,0.30962973833084106,0.00048723816871643066
final,15,block7.W1,9,16,0.3807595372200012,0.3796835243701935,0.0010760128498077393
final,15,block7.W1,10,16,0.2999121844768524,0.3009020984172821,0.0009899139404296875
final,15,block7.W1,11,16,0.19820092618465424,0.19745370745658875,0.0007472187280654907
final,15,block7.W1,12,16,0.308601051568985,0.3084634840488434,0.00013756752014160156
final,15,block7.W1,13,16,0.3458847999572754,0.3471299409866333,0.0012451410293579102
final,15,block7.W1,14,16,0.3954787850379944,0.39461639523506165,0.0008623898029327393
final,15,block7.W1,15,16,0.27040979266166687,0.2682758867740631,0.0021339058876037598
final,15,block7.W1,16,16,0.38220763206481934,0.38473108410835266,0.002523452043533325
final,15,block7.W1,17,16,0.29020148515701294,0.28869402408599854,0.0015074610710144043
final,15,block7.W1,18,16,0.3400840163230896,0.33742251992225647,0.00266149640083313
final,15,block7.W1,19,16,0.24033886194229126,0.24152782559394836,0.0011889636516571045
final,15,block7.W1,20,16,0.3282000720500946,0.3287429213523865,0.0005428493022918701
final,15,block7.W1,21,16,0.3462689220905304,0.3468332290649414,0.0005643069744110107
final,15,block7.W1,22,16,0.4143505394458771,0.4120710492134094,0.0022794902324676514
final,15,block7.W1,23,16,0.28442785143852234,0.284616082906723,0.0001882314682006836
final,15,block7.W1,24,16,0.27588874101638794,0.2765020430088043,0.0006133019924163818
final,15,block7.W1,25,16,0.474523663520813,0.4737376570701599,0.0007860064506530762
final,15,block7.W1,26,16,0.35593271255493164,0.35592180490493774,1.0907649993896484e-05
final,15,block7.W1,27,16,0.25154438614845276,0.25108802318573,0.0004563629627227783
final,15,block7.W1,28,16,0.3913997411727905,0.39008471369743347,0.0013150274753570557
final,15,block7.W1,29,16,0.3394087553024292,0.33956024050712585,0.00015148520469665527
final,15,block7.W1,30,16,0.3895508646965027,0.3893806040287018,0.00017026066780090332
final,15,block7.W1,31,16,0.31737852096557617,0.3153330981731415,0.0020454227924346924
final,15,block7.W1,32,16,0.2976299226284027,0.2974316477775574,0.00019827485084533691
final,15,block7.W1,33,16,0.25645938515663147,0.25697246193885803,0.0005130767822265625
final,15,block7.W1,34,16,0.34087154269218445,0.34174323081970215,0.0008716881275177002
final,15,block7.W1,35,16,0.35317498445510864,0.35128769278526306,0.001887291669845581
final,15,block7.W1,36,16,0.3802052438259125,0.37853291630744934,0.0016723275184631348
final,15,block7.W1,37,16,0.38242921233177185,0.3831695020198822,0.0007402896881103516
final,15,block7.W1,38,16,0.21461758017539978,0.21438436210155487,0.00023321807384490967
final,15,block7.W1,39,16,0.26735174655914307,0.2659347355365753,0.001417011022567749
final,15,block7.W1,40,16,0.3125404119491577,0.3138008415699005,0.0012604296207427979
final,15,block7.W1,41,16,0.37220343947410583,0.3730035424232483,0.0008001029491424561
final,15,block7.W1,42,16,0.3123294711112976,0.31408029794692993,0.0017508268356323242
final,15,block7.W1,43,16,0.2892147898674011,0.29018688201904297,0.0009720921516418457
final,15,block7.W1,44,16,0.38620784878730774,0.38429033756256104,0.001917511224746704
final,15,block7.W1,45,16,0.40536415576934814,0.40593522787094116,0.0005710721015930176
final,15,block7.W1,46,16,0.30899056792259216,0.3108825981616974,0.0018920302391052246
final,15,block7.W1,47,16,0.38329336047172546,0.3819243311882019,0.0013690292835235596
final,15,block7.W1,48,16,0.31312915682792664,0.3136068880558014,0.00047773122787475586
final,15,block7.W1,49,16,0.3406147360801697,0.34063392877578735,1.919269561767578e-05
final,15,block7.W1,50,16,0.3322317600250244,0.3321504294872284,8.133053779602051e-05
final,15,block7.W1,51,16,0.4254179298877716,0.42563533782958984,0.0002174079418182373
final,15,block7.W1,52,16,0.31473296880722046,0.31373900175094604,0.000993967056274414
final,15,block7.W1,53,16,0.3564344644546509,0.35620540380477905,0.00022906064987182617
final,15,block7.W1,54,16,0.34083572030067444,0.33894848823547363,0.0018872320652008057
final,15,block7.W1,55,16,0.24033123254776,0.2412109524011612,0.0008797198534011841
final,15,block7.W1,56,16,0.30950605869293213,0.309682160615921,0.0001761019229888916
final,15,block7.W1,57,16,0.4456466734409332,0.4471474885940552,0.0015008151531219482
final,15,block7.W1,58,16,0.3621922433376312,0.3638722002506256,0.0016799569129943848
final,15,block7.W1,59,16,0.324899822473526,0.32584866881370544,0.0009488463401794434
final,15,block7.W1,60,16,0.30781254172325134,0.30780255794525146,9.98377799987793e-06
final,15,block7.W1,61,16,0.35709917545318604,0.35603487491607666,0.001064300537109375
final,15,block7.W1,62,16,0.3081744611263275,0.30897748470306396,0.0008030235767364502
final,15,block7.W1,63,16,0.23476091027259827,0.2346905767917633,7.033348083496094e-05
final,16,block7.W2,0,16,0.31476494669914246,0.3149518072605133,0.0001868605613708496
final,16,block7.W2,1,16,0.3763657808303833,0.3768351376056671,0.0004693567752838135
final,16,block7.W2,2,16,0.3573910892009735,0.35702770948410034,0.00036337971687316895
final,16,block7.W2,3,16,0.2233266681432724,0.22485168278217316,0.0015250146389007568
final,16,block7.W2,4,16,0.33608758449554443,0.33543649315834045,0.0006510913372039795
final,16,block7.W2,5,16,0.27071043848991394,0.27001696825027466,0.0006934702396392822
final,16,block7.W2,6,16,0.3392566740512848,0.33883097767829895,0.00042569637298583984
final,16,block7.W2,7,16,0.2578115463256836,0.258271187543869,0.0004596412181854248
final,16,block7.W2,8,16,0.27486008405685425,0.2744337022304535,0.00042638182640075684
final,16,block7.W2,9,16,0.30241796374320984,0.3019542992115021,0.00046366453170776367
final,16,block7.W2,10,16,0.32486477494239807,0.3251200318336487,0.00025525689125061035
final,16,block7.W2,11,16,0.28246569633483887,0.283799946308136,0.0013342499732971191
final,16,block7.W2,12,16,0.23512692749500275,0.23478414118289948,0.0003427863121032715
final,16,block7.W2,13,16,0.33645719289779663,0.3363410532474518,0.00011613965034484863
final,16,block7.W2,14,16,0.33936166763305664,0.33877480030059814,0.0005868673324584961
final,16,block7.W2,15,16,0.33200928568840027,0.33159884810447693,0.00041043758392333984
final,16,block7.W2,16,16,0.25802138447761536,0.25810396671295166,8.258223533630371e-05
final,16,block7.W2,17,16,0.3513674736022949,0.35113534331321716,0.0002321302890777588
final,16,block7.W2,18,16,0.3603341281414032,0.3609246015548706,0.0005904734134674072
final,16,block7.W2,19,16,0.21735170483589172,0.2176760733127594,0.0003243684768676758
final,16,block7.W2,20,16,0.2759534418582916,0.27628207206726074,0.0003286302089691162
final,16,block7.W2,21,16,0.30309170484542847,0.30319681763648987,0.00010511279106140137
final,16,block7.W2,22,16,0.26767629384994507,0.26880520582199097,0.0011289119720458984
final,16,block7.W2,23,16,0.264215350151062,0.2626921832561493,0.0015231668949127197
final,16,block7.W2,24,16,0.3454853296279907,0.34719139337539673,0.0017060637474060059
final,16,block7.W2,25,16,0.3217310309410095,0.32187971472740173,0.00014868378639221191
final,16,block7.W2,26,16,0.3640666604042053,0.36267220973968506,0.0013944506645202637
final,16,block7.W2,27,16,0.324625700712204,0.3238984942436218,0.0007272064685821533
final,16,block7.W2,28,16,0.2952989637851715,0.29491719603538513,0.00038176774978637695
final,16,block7.W2,29,16,0.32606780529022217,0.3258255422115326,0.0002422630786895752
final,16,block7.W2,30,16,0.31495845317840576,0.315055787563324,9.733438491821289e-05
final,16,block7.W2,31,16,0.3767733573913574,0.37617799639701843,0.0005953609943389893
final,16,block7.W2,32,16,0.33343636989593506,0.3345230519771576,0.0010866820812225342
final,16,block7.W2,33,16,0.30593201518058777,0.3046252727508545,0.0013067424297332764
final,16,block7.W2,34,16,0.3877986669540405,0.3872033357620239,0.0005953311920166016
final,16,block7.W2,35,16,0.3337363600730896,0.3335205614566803,0.00021579861640930176
final,16,block7.W2,36,16,0.4129532277584076,0.41253095865249634,0.0004222691059112549
final,16,block7.W2,37,16,0.3103678524494171,0.3110913634300232,0.0007235109806060791
final,16,block7.W2,38,16,0.2872079610824585,0.2888748049736023,0.0016668438911437988
final,16,block7.W2,39,16,0.4022572636604309,0.4024204909801483,0.00016322731971740723
final,16,block7.W2,40,16,0.40868645906448364,0.4070473909378052,0.0016390681266784668
final,16,block7.W2,41,16,0.3252173364162445,0.3256262540817261,0.0004089176654815674
final,16,block7.W2,42,16,0.36926060914993286,0.3694816529750824,0.00022104382514953613
final,16,block7.W2,43,16,0.3030957579612732,0.3036919832229614,0.0005962252616882324
final,16,block7.W2,44,16,0.3026142120361328,0.30097320675849915,0.001641005277633667
final,16,block7.W2,45,16,0.28686320781707764,0.2863956391811371,0.00046756863594055176
final,16,block7.W2,46,16,0.29549068212509155,0.29534924030303955,0.00014144182205200195
final,16,block7.W2,47,16,0.36851733922958374,0.3673839569091797,0.0011333823204040527
final,16,block7.W2,48,16,0.3442310392856598,0.34458523988723755,0.0003542006015777588
final,16,block7.W2,49,16,0.2780989110469818,0.2787178158760071,0.0006189048290252686
final,16,block7.W2,50,16,0.4502944350242615,0.44939351081848145,0.0009009242057800293
final,16,block7.W2,51,16,0.29491302371025085,0.29605555534362793,0.0011425316333770752
final,16,block7.W2,52,16,0.3406735956668854,0.3414514362812042,0.0007778406143188477
final,16,block7.W2,53,16,0.29615989327430725,0.29706132411956787,0.0009014308452606201
final,16,block7.W2,54,16,0.3474104702472687,0.3466654419898987,0.0007450282573699951
final,16,block7.W2,55,16,0.28458017110824585,0.28393346071243286,0.0006467103958129883
final,16,block7.W2,56,16,0.3671363592147827,0.3670438230037689,9.253621101379395e-05
final,16,block7.W2,57,16,0.38539043068885803,0.3848157525062561,0.0005746781826019287
final,16,block7.W2,58,16,0.37774214148521423,0.3772526681423187,0.0004894733428955078
final,16,block7.W2,59,16,0.3379257023334503,0.33717313408851624,0.000752568244934082
final,16,block7.W2,60,16,0.30560776591300964,0.3077191114425659,0.0021113455295562744
final,16,block7.W2,61,16,0.32663431763648987,0.3257770538330078,0.0008572638034820557
final,16,block7.W2,62,16,0.30269932746887207,0.30272376537323,2.4437904357910156e-05
final,16,block7.W2,63,16,0.2648128867149353,0.265797883272171,0.0009849965572357178
final,17,W_out,0,16,0.24268996715545654,0.24054096639156342,0.0021490007638931274
final,17,W_out,1,16,0.3474062383174896,0.34061551094055176,0.006790727376937866
final,17,W_out,2,16,0.3373270630836487,0.3444371223449707,0.0071100592613220215
final,17,W_out,3,16,0.37947437167167664,0.3766072392463684,0.0028671324253082275
final,17,W_out,4,16,0.25539809465408325,0.2510516047477722,0.004346489906311035
final,17,W_out,5,16,0.3474840819835663,0.3517336845397949,0.004249602556228638
final,17,W_out,6,16,0.3871493637561798,0.39086246490478516,0.0037131011486053467
final,17,W_out,7,16,0.2732149064540863,0.27379411458969116,0.0005792081356048584
final,17,W_out,8,16,0.2975720763206482,0.29748284816741943,8.922815322875977e-05
final,17,W_out,9,16,0.41596582531929016,0.42307576537132263,0.007109940052032471
final,17,W_out,10,16,0.2525337040424347,0.2567313015460968,0.004197597503662109
final,17,W_out,11,16,0.3155437409877777,0.3021964728832245,0.013347268104553223
final,17,W_out,12,16,0.3974575400352478,0.3944494426250458,0.0030080974102020264
final,17,W_out,13,16,0.26226210594177246,0.2640026807785034,0.001740574836730957
final,17,W_out,14,16,0.38754352927207947,0.39479103684425354,0.007247507572174072
final,17,W_out,15,16,0.32895371317863464,0.32829520106315613,0.0006585121154785156
final,17,W_out,16,16,0.35326170921325684,0.35407331585884094,0.0008116066455841064
final,17,W_out,17,16,0.3064080774784088,0.30994299054145813,0.0035349130630493164
final,17,W_out,18,16,0.29968592524528503,0.30409547686576843,0.0044095516204833984
final,17,W_out,19,16,0.30101045966148376,0.2978340685367584,0.003176391124725342
final,17,W_out,20,16,0.37448394298553467,0.384326308965683,0.009842365980148315
final,17,W_out,21,16,0.30176934599876404,0.29878801107406616,0.002981334924697876
final,17,W_out,22,16,0.2944730818271637,0.29394635558128357,0.000526726245880127
final,17,W_out,23,16,0.29245954751968384,0.2895740568637848,0.002885490655899048
final,17,W_out,24,16,0.3436216115951538,0.32923027873039246,0.014391332864761353
final,17,W_out,25,16,0.30280187726020813,0.29719772934913635,0.005604147911071777
final,17,W_out,26,16,0.2669897973537445,0.2729007303714752,0.005910933017730713
final,17,W_out,27,16,0.3838713467121124,0.37901338934898376,0.004857957363128662
final,17,W_out,28,16,0.2968680262565613,0.2992917001247406,0.0024236738681793213
final,17,W_out,29,16,0.26660385727882385,0.27928391098976135,0.0126800537109375
final,17,W_out,30,16,0.3026244640350342,0.2983502447605133,0.004274219274520874
final,17,W_out,31,16,0.39910656213760376,0.39763081073760986,0.0014757513999938965
final,17,W_out,32,16,0.29205578565597534,0.2882113754749298,0.0038444101810455322
final,17,W_out,33,16,0.3655494451522827,0.3570067286491394,0.00854271650314331
final,17,W_out,34,16,0.3206005394458771,0.3216096758842468,0.001009136438369751
final,17,W_out,35,16,0.31154558062553406,0.31350505352020264,0.001959472894668579
final,17,W_out,36,16,0.2986186742782593,0.29304423928260803,0.005574434995651245
final,17,W_out,37,16,0.2982333302497864,0.29497936367988586,0.0032539665699005127
final,17,W_out,38,16,0.32524573802948,0.3216232359409332,0.003622502088546753
final,17,W_out,39,16,0.30682313442230225,0.3121153712272644,0.005292236804962158
final,17,W_out,40,16,0.23989222943782806,0.24027438461780548,0.000382155179977417
final,17,W_out,41,16,0.30614081025123596,0.3011171519756317,0.005023658275604248
final,17,W_out,42,16,0.44575977325439453,0.43528610467910767,0.010473668575286865
final,17,W_out,43,16,0.33072662353515625,0.3312089145183563,0.00048229098320007324
final,17,W_out,44,16,0.3591878116130829,0.35634779930114746,0.002840012311935425
final,17,W_out,45,16,0.38779643177986145,0.38341328501701355,0.0043831467628479
final,17,W_out,46,16,0.2779088318347931,0.2691898047924042,0.008719027042388916
final,17,W_out,47,16,0.304263710975647,0.30779948830604553,0.0035357773303985596
final,17,W_out,48,16,0.4268782138824463,0.43029651045799255,0.0034182965755462646
final,17,W_out,49,16,0.2602292001247406,0.2613585889339447,0.0011293888092041016
final,17,W_out,50,16,0.4103330671787262,0.40924927592277527,0.0010837912559509277
final,17,W_out,51,16,0.38126927614212036,0.37943291664123535,0.0018363595008850098
final,17,W_out,52,16,0.3323326110839844,0.3389548659324646,0.006622254848480225
final,17,W_out,53,16,0.21364586055278778,0.2160632163286209,0.00241735577583313
final,17,W_out,54,16,0.34150731563568115,0.3319462835788727,0.009561032056808472
final,17,W_out,55,16,0.3597727119922638,0.37022361159324646,0.010450899600982666
final,17,W_out,56,16,0.3837023675441742,0.3766290843486786,0.0070732831954956055
final,17,W_out,57,16,0.2772705554962158,0.2761252820491791,0.0011452734470367432
final,17,W_out,58,16,0.3477497398853302,0.3465871810913086,0.0011625587940216064
final,17,W_out,59,16,0.33579757809638977,0.3296924829483032,0.006105095148086548
final,17,W_out,60,16,0.27105849981307983,0.2638033628463745,0.007255136966705322
final,17,W_out,61,16,0.2487107813358307,0.25118488073349,0.0024740993976593018
final,17,W_out,62,16,0.3190693259239197,0.3227474093437195,0.0036780834197998047
final,17,W_out,63,16,0.3188750147819519,0.3108803629875183,0.007994651794433594
