stage,layer,matrix,pair,perturbed_coordinates,loss_plus,loss_minus,abs_y
initial,0,W_in,0,16,2.652911901473999,2.5763511657714844,0.07656073570251465
initial,0,W_in,1,16,2.5578482151031494,2.535822629928589,0.022025585174560547
initial,0,W_in,2,16,2.6503372192382812,2.6365087032318115,0.013828516006469727
initial,0,W_in,3,16,2.488987445831299,2.517167568206787,0.02818012237548828
initial,0,W_in,4,16,2.6583778858184814,2.6430580615997314,0.01531982421875
initial,0,W_in,5,16,2.6900641918182373,2.720381498336792,0.030317306518554688
initial,0,W_in,6,16,2.554147481918335,2.599491596221924,0.04534411430358887
initial,0,W_in,7,16,2.6392900943756104,2.618488311767578,0.020801782608032227
initial,0,W_in,8,16,2.63486385345459,2.618028163909912,0.016835689544677734
initial,0,W_in,9,16,2.6150081157684326,2.5893819332122803,0.025626182556152344
initial,0,W_in,10,16,2.742842674255371,2.764799118041992,0.021956443786621094
initial,0,W_in,11,16,2.7412967681884766,2.737854242324829,0.003442525863647461
initial,0,W_in,12,16,2.597884178161621,2.606534242630005,0.008650064468383789
initial,0,W_in,13,16,2.5208468437194824,2.48819637298584,0.03265047073364258
initial,0,W_in,14,16,2.5192902088165283,2.5527420043945312,0.03345179557800293
initial,0,W_in,15,16,2.6455938816070557,2.6342153549194336,0.01137852668762207
initial,0,W_in,16,16,2.691370725631714,2.7217278480529785,0.03035712242126465
initial,0,W_in,17,16,2.7175097465515137,2.705850124359131,0.011659622192382812
initial,0,W_in,18,16,2.654888153076172,2.6720449924468994,0.01715683937072754
initial,0,W_in,19,16,2.665642023086548,2.6715495586395264,0.005907535552978516
initial,0,W_in,20,16,2.7550277709960938,2.74946928024292,0.005558490753173828
initial,0,W_in,21,16,2.6786370277404785,2.7033579349517822,0.02472090721130371
initial,0,W_in,22,16,2.5448567867279053,2.5752172470092773,0.03036046028137207
initial,0,W_in,23,16,2.475905418395996,2.5042834281921387,0.028378009796142578
initial,0,W_in,24,16,2.500098466873169,2.5446527004241943,0.04455423355102539
initial,0,W_in,25,16,2.782517910003662,2.7840077877044678,0.001489877700805664
initial,0,W_in,26,16,2.6737701892852783,2.662672281265259,0.011097908020019531
initial,0,W_in,27,16,2.6154751777648926,2.662381410598755,0.046906232833862305
initial,0,W_in,28,16,2.7358155250549316,2.7750654220581055,0.03924989700317383
initial,0,W_in,29,16,2.4985008239746094,2.52822208404541,0.02972126007080078
initial,0,W_in,30,16,2.6705925464630127,2.70932674407959,0.03873419761657715
initial,0,W_in,31,16,2.626703977584839,2.635535478591919,0.008831501007080078
initial,0,W_in,32,16,2.640361785888672,2.6108434200286865,0.02951836585998535
initial,0,W_in,33,16,2.700986862182617,2.6752450466156006,0.0257418155670166
initial,0,W_in,34,16,2.6043879985809326,2.593310832977295,0.011077165603637695
initial,0,W_in,35,16,2.752811908721924,2.7703592777252197,0.0175473690032959
initial,0,W_in,36,16,2.4686391353607178,2.452183246612549,0.016455888748168945
initial,0,W_in,37,16,2.754699230194092,2.749589204788208,0.005110025405883789
initial,0,W_in,38,16,2.584988594055176,2.6138546466827393,0.028866052627563477
initial,0,W_in,39,16,2.598285675048828,2.6070828437805176,0.008797168731689453
initial,0,W_in,40,16,2.6856982707977295,2.6772403717041016,0.00845789909362793
initial,0,W_in,41,16,2.62357497215271,2.6113970279693604,0.01217794418334961
initial,0,W_in,42,16,2.6083555221557617,2.640087842941284,0.03173232078552246
initial,0,W_in,43,16,2.6617188453674316,2.6773416996002197,0.015622854232788086
initial,0,W_in,44,16,2.6443045139312744,2.6968259811401367,0.052521467208862305
initial,0,W_in,45,16,2.5712053775787354,2.5682547092437744,0.0029506683349609375
initial,0,W_in,46,16,2.5353457927703857,2.539930820465088,0.0045850276947021484
initial,0,W_in,47,16,2.644595146179199,2.6481802463531494,0.0035851001739501953
initial,0,W_in,48,16,2.548323392868042,2.5746102333068848,0.026286840438842773
initial,0,W_in,49,16,2.6810011863708496,2.7047078609466553,0.023706674575805664
initial,0,W_in,50,16,2.617327928543091,2.6410505771636963,0.02372264862060547
initial,0,W_in,51,16,2.6674888134002686,2.679436206817627,0.011947393417358398
initial,0,W_in,52,16,2.7090394496917725,2.6997179985046387,0.009321451187133789
initial,0,W_in,53,16,2.689573049545288,2.6545894145965576,0.03498363494873047
initial,0,W_in,54,16,2.666344165802002,2.661663055419922,0.004681110382080078
initial,0,W_in,55,16,2.632526397705078,2.6294949054718018,0.003031492233276367
initial,0,W_in,56,16,2.7243330478668213,2.704294204711914,0.020038843154907227
initial,0,W_in,57,16,2.514383316040039,2.5210986137390137,0.006715297698974609
initial,0,W_in,58,16,2.5618433952331543,2.5552310943603516,0.006612300872802734
initial,0,W_in,59,16,2.7354531288146973,2.7254273891448975,0.010025739669799805
initial,0,W_in,60,16,2.6607439517974854,2.6269354820251465,0.03380846977233887
initial,0,W_in,61,16,2.643812894821167,2.650099277496338,0.0062863826751708984
initial,0,W_in,62,16,2.6560401916503906,2.6662991046905518,0.010258913040161133
initial,0,W_in,63,16,2.7286298274993896,2.7178001403808594,0.010829687118530273
initial,1,block0.W1,0,16,2.6185896396636963,2.629666805267334,0.011077165603637695
initial,1,block0.W1,1,16,2.6339824199676514,2.61215877532959,0.021823644638061523
initial,1,block0.W1,2,16,2.5806355476379395,2.580801010131836,0.00016546249389648438
initial,1,block0.W1,3,16,2.727782726287842,2.760798931121826,0.033016204833984375
initial,1,block0.W1,4,16,2.5932366847991943,2.591268301010132,0.0019683837890625
initial,1,block0.W1,5,16,2.7035861015319824,2.7186760902404785,0.015089988708496094
initial,1,block0.W1,6,16,2.677342653274536,2.7092628479003906,0.03192019462585449
initial,1,block0.W1,7,16,2.715359687805176,2.714096784591675,0.0012629032135009766
initial,1,block0.W1,8,16,2.604570150375366,2.5788629055023193,0.025707244873046875
initial,1,block0.W1,9,16,2.6800692081451416,2.657038450241089,0.023030757904052734
initial,1,block0.W1,10,16,2.691380023956299,2.7260472774505615,0.034667253494262695
initial,1,block0.W1,11,16,2.650851249694824,2.6646463871002197,0.013795137405395508
initial,1,block0.W1,12,16,2.514702796936035,2.54919171333313,0.03448891639709473
initial,1,block0.W1,13,16,2.56329607963562,2.5893378257751465,0.026041746139526367
initial,1,block0.W1,14,16,2.3893580436706543,2.380409002304077,0.008949041366577148
initial,1,block0.W1,15,16,2.6608433723449707,2.6786704063415527,0.01782703399658203
initial,1,block0.W1,16,16,2.610877752304077,2.635206937789917,0.024329185485839844
initial,1,block0.W1,17,16,2.601865768432617,2.6169965267181396,0.015130758285522461
initial,1,block0.W1,18,16,2.5769312381744385,2.5566134452819824,0.020317792892456055
initial,1,block0.W1,19,16,2.6892411708831787,2.6920886039733887,0.002847433090209961
initial,1,block0.W1,20,16,2.717302083969116,2.680507183074951,0.03679490089416504
initial,1,block0.W1,21,16,2.6213788986206055,2.6129519939422607,0.008426904678344727
initial,1,block0.W1,22,16,2.6527743339538574,2.6641299724578857,0.01135563850402832
initial,1,block0.W1,23,16,2.5512492656707764,2.554212808609009,0.002963542938232422
initial,1,block0.W1,24,16,2.584571361541748,2.5879318714141846,0.0033605098724365234
initial,1,block0.W1,25,16,2.6127734184265137,2.6157007217407227,0.0029273033142089844
initial,1,block0.W1,26,16,2.6719231605529785,2.674104928970337,0.0021817684173583984
initial,1,block0.W1,27,16,2.669618606567383,2.671215534210205,0.0015969276428222656
initial,1,block0.W1,28,16,2.673569440841675,2.6318681240081787,0.041701316833496094
initial,1,block0.W1,29,16,2.7010114192962646,2.72868013381958,0.02766871452331543
initial,1,block0.W1,30,16,2.5657033920288086,2.5685880184173584,0.0028846263885498047
initial,1,block0.W1,31,16,2.6243820190429688,2.620051860809326,0.004330158233642578
initial,1,block0.W1,32,16,2.6434414386749268,2.6519758701324463,0.008534431457519531
initial,1,block0.W1,33,16,2.585761785507202,2.6180944442749023,0.032332658767700195
initial,1,block0.W1,34,16,2.6125142574310303,2.615671157836914,0.003156900405883789
initial,1,block0.W1,35,16,2.5563206672668457,2.5297954082489014,0.026525259017944336
initial,1,block0.W1,36,16,2.758517265319824,2.7553443908691406,0.0031728744506835938
initial,1,block0.W1,37,16,2.627164602279663,2.6145095825195312,0.012655019760131836
initial,1,block0.W1,38,16,2.691486358642578,2.6947975158691406,0.0033111572265625
initial,1,block0.W1,39,16,2.5322000980377197,2.548842191696167,0.016642093658447266
initial,1,block0.W1,40,16,2.7252893447875977,2.730181932449341,0.004892587661743164
initial,1,block0.W1,41,16,2.4991607666015625,2.4850246906280518,0.014136075973510742
initial,1,block0.W1,42,16,2.672114133834839,2.636746644973755,0.035367488861083984
initial,1,block0.W1,43,16,2.6967101097106934,2.7127585411071777,0.016048431396484375
initial,1,block0.W1,44,16,2.6505796909332275,2.659780502319336,0.009200811386108398
initial,1,block0.W1,45,16,2.646775007247925,2.637660026550293,0.009114980697631836
initial,1,block0.W1,46,16,2.837952136993408,2.8574740886688232,0.01952195167541504
initial,1,block0.W1,47,16,2.645778179168701,2.6877729892730713,0.04199481010437012
initial,1,block0.W1,48,16,2.7416865825653076,2.7695186138153076,0.02783203125
initial,1,block0.W1,49,16,2.537224531173706,2.5164601802825928,0.02076435089111328
initial,1,block0.W1,50,16,2.572265386581421,2.5814130306243896,0.00914764404296875
initial,1,block0.W1,51,16,2.6475648880004883,2.6213135719299316,0.02625131607055664
initial,1,block0.W1,52,16,2.512481451034546,2.511852979660034,0.0006284713745117188
initial,1,block0.W1,53,16,2.6625425815582275,2.6395139694213867,0.02302861213684082
initial,1,block0.W1,54,16,2.6731793880462646,2.694676637649536,0.021497249603271484
initial,1,block0.W1,55,16,2.630293130874634,2.6158432960510254,0.014449834823608398
initial,1,block0.W1,56,16,2.639613389968872,2.626546621322632,0.013066768646240234
initial,1,block0.W1,57,16,2.611624002456665,2.6128673553466797,0.0012433528900146484
initial,1,block0.W1,58,16,2.814837694168091,2.7763864994049072,0.038451194763183594
initial,1,block0.W1,59,16,2.560579299926758,2.598541259765625,0.03796195983886719
initial,1,block0.W1,60,16,2.691347360610962,2.6836180686950684,0.007729291915893555
initial,1,block0.W1,61,16,2.761669397354126,2.726510524749756,0.03515887260437012
initial,1,block0.W1,62,16,2.720611333847046,2.725602388381958,0.004991054534912109
initial,1,block0.W1,63,16,2.6620171070098877,2.7040793895721436,0.04206228256225586
initial,2,block0.W2,0,16,2.6890578269958496,2.7137300968170166,0.024672269821166992
initial,2,block0.W2,1,16,2.4515161514282227,2.4979517459869385,0.04643559455871582
initial,2,block0.W2,2,16,2.5825517177581787,2.588683605194092,0.006131887435913086
initial,2,block0.W2,3,16,2.6335816383361816,2.6475839614868164,0.014002323150634766
initial,2,block0.W2,4,16,2.6736576557159424,2.6797125339508057,0.006054878234863281
initial,2,block0.W2,5,16,2.6231532096862793,2.6754231452941895,0.052269935607910156
initial,2,block0.W2,6,16,2.5896220207214355,2.6006243228912354,0.011002302169799805
initial,2,block0.W2,7,16,2.6517887115478516,2.658177375793457,0.006388664245605469
initial,2,block0.W2,8,16,2.5896129608154297,2.5899746417999268,0.0003616809844970703
initial,2,block0.W2,9,16,2.61529278755188,2.631786823272705,0.016494035720825195
initial,2,block0.W2,10,16,2.5868849754333496,2.560353994369507,0.026530981063842773
initial,2,block0.W2,11,16,2.637003183364868,2.661451578140259,0.024448394775390625
initial,2,block0.W2,12,16,2.750103712081909,2.764009714126587,0.013906002044677734
initial,2,block0.W2,13,16,2.5583958625793457,2.5560622215270996,0.0023336410522460938
initial,2,block0.W2,14,16,2.6455767154693604,2.680053949356079,0.03447723388671875
initial,2,block0.W2,15,16,2.585155487060547,2.5862550735473633,0.0010995864868164062
initial,2,block0.W2,16,16,2.6311116218566895,2.6354546546936035,0.0043430328369140625
initial,2,block0.W2,17,16,2.626019239425659,2.631704807281494,0.005685567855834961
initial,2,block0.W2,18,16,2.610698938369751,2.624025583267212,0.013326644897460938
initial,2,block0.W2,19,16,2.6450581550598145,2.640343427658081,0.0047147274017333984
initial,2,block0.W2,20,16,2.5527844429016113,2.543273687362671,0.00951075553894043
initial,2,block0.W2,21,16,2.6666460037231445,2.66211199760437,0.004534006118774414
initial,2,block0.W2,22,16,2.660459280014038,2.6492886543273926,0.011170625686645508
initial,2,block0.W2,23,16,2.5628762245178223,2.5843920707702637,0.021515846252441406
initial,2,block0.W2,24,16,2.5688211917877197,2.5594849586486816,0.009336233139038086
initial,2,block0.W2,25,16,2.6436545848846436,2.6109538078308105,0.03270077705383301
initial,2,block0.W2,26,16,2.6914024353027344,2.713921070098877,0.022518634796142578
initial,2,block0.W2,27,16,2.658714532852173,2.649221181869507,0.009493350982666016
initial,2,block0.W2,28,16,2.5820651054382324,2.6452014446258545,0.06313633918762207
initial,2,block0.W2,29,16,2.612985134124756,2.6090598106384277,0.003925323486328125
initial,2,block0.W2,30,16,2.6645121574401855,2.6616718769073486,0.002840280532836914
initial,2,block0.W2,31,16,2.5461947917938232,2.562533140182495,0.016338348388671875
initial,2,block0.W2,32,16,2.5346529483795166,2.5264995098114014,0.008153438568115234
initial,2,block0.W2,33,16,2.6771647930145264,2.6825318336486816,0.0053670406341552734
initial,2,block0.W2,34,16,2.7652814388275146,2.772871255874634,0.007589817047119141
initial,2,block0.W2,35,16,2.6231648921966553,2.6456868648529053,0.02252197265625
initial,2,block0.W2,36,16,2.574711799621582,2.565241575241089,0.009470224380493164
initial,2,block0.W2,37,16,2.6335721015930176,2.6390249729156494,0.005452871322631836
initial,2,block0.W2,38,16,2.7674777507781982,2.770534038543701,0.0030562877655029297
initial,2,block0.W2,39,16,2.571493148803711,2.542022228240967,0.02947092056274414
initial,2,block0.W2,40,16,2.6341843605041504,2.617143392562866,0.01704096794128418
initial,2,block0.W2,41,16,2.7963218688964844,2.75907039642334,0.03725147247314453
initial,2,block0.W2,42,16,2.742738962173462,2.778291702270508,0.0355527400970459
initial,2,block0.W2,43,16,2.633256196975708,2.676650047302246,0.043393850326538086
initial,2,block0.W2,44,16,2.525461435317993,2.509913682937622,0.015547752380371094
initial,2,block0.W2,45,16,2.6714842319488525,2.6311774253845215,0.040306806564331055
initial,2,block0.W2,46,16,2.570138454437256,2.5886926651000977,0.018554210662841797
initial,2,block0.W2,47,16,2.58388614654541,2.553034543991089,0.03085160255432129
initial,2,block0.W2,48,16,2.588597059249878,2.654869556427002,0.06627249717712402
initial,2,block0.W2,49,16,2.465625286102295,2.4905202388763428,0.02489495277404785
initial,2,block0.W2,50,16,2.652045965194702,2.632993459701538,0.019052505493164062
initial,2,block0.W2,51,16,2.72664213180542,2.74574613571167,0.01910400390625
initial,2,block0.W2,52,16,2.6838221549987793,2.6590182781219482,0.024803876876831055
initial,2,block0.W2,53,16,2.5521411895751953,2.5570907592773438,0.0049495697021484375
initial,2,block0.W2,54,16,2.5434107780456543,2.5049779415130615,0.03843283653259277
initial,2,block0.W2,55,16,2.717503547668457,2.6967713832855225,0.02073216438293457
initial,2,block0.W2,56,16,2.620757579803467,2.6055397987365723,0.015217781066894531
initial,2,block0.W2,57,16,2.7223870754241943,2.74381685256958,0.021429777145385742
initial,2,block0.W2,58,16,2.6572651863098145,2.706704616546631,0.049439430236816406
initial,2,block0.W2,59,16,2.6520912647247314,2.626467704772949,0.025623559951782227
initial,2,block0.W2,60,16,2.725102424621582,2.741037130355835,0.01593470573425293
initial,2,block0.W2,61,16,2.536586046218872,2.5533275604248047,0.016741514205932617
initial,2,block0.W2,62,16,2.65981388092041,2.634716749191284,0.025097131729125977
initial,2,block0.W2,63,16,2.658135414123535,2.6692166328430176,0.011081218719482422
initial,3,block1.W1,0,16,2.5973289012908936,2.5998733043670654,0.002544403076171875
initial,3,block1.W1,1,16,2.7031874656677246,2.6827874183654785,0.020400047302246094
initial,3,block1.W1,2,16,2.5682003498077393,2.552096366882324,0.01610398292541504
initial,3,block1.W1,3,16,2.7440507411956787,2.7312393188476562,0.012811422348022461
initial,3,block1.W1,4,16,2.7824928760528564,2.7626242637634277,0.01986861228942871
initial,3,block1.W1,5,16,2.614602565765381,2.629687547683716,0.015084981918334961
initial,3,block1.W1,6,16,2.5105419158935547,2.5309269428253174,0.020385026931762695
initial,3,block1.W1,7,16,2.6295597553253174,2.624756097793579,0.004803657531738281
initial,3,block1.W1,8,16,2.621997356414795,2.6263344287872314,0.0043370723724365234
initial,3,block1.W1,9,16,2.732851982116699,2.7139809131622314,0.018871068954467773
initial,3,block1.W1,10,16,2.751946449279785,2.733254909515381,0.018691539764404297
initial,3,block1.W1,11,16,2.5859997272491455,2.5930991172790527,0.0070993900299072266
initial,3,block1.W1,12,16,2.6689233779907227,2.6700878143310547,0.0011644363403320312
initial,3,block1.W1,13,16,2.6110403537750244,2.6369686126708984,0.025928258895874023
initial,3,block1.W1,14,16,2.58329439163208,2.591724157333374,0.008429765701293945
initial,3,block1.W1,15,16,2.607187271118164,2.631389856338501,0.024202585220336914
initial,3,block1.W1,16,16,2.591775894165039,2.6253738403320312,0.03359794616699219
initial,3,block1.W1,17,16,2.715726137161255,2.7267119884490967,0.010985851287841797
initial,3,block1.W1,18,16,2.63482928276062,2.645565986633301,0.010736703872680664
initial,3,block1.W1,19,16,2.595229148864746,2.598787546157837,0.0035583972930908203
initial,3,block1.W1,20,16,2.727447032928467,2.715172529220581,0.012274503707885742
initial,3,block1.W1,21,16,2.659073829650879,2.6539478302001953,0.005125999450683594
initial,3,block1.W1,22,16,2.5534656047821045,2.5855581760406494,0.03209257125854492
initial,3,block1.W1,23,16,2.5679738521575928,2.5595643520355225,0.008409500122070312
initial,3,block1.W1,24,16,2.720891237258911,2.6860718727111816,0.03481936454772949
initial,3,block1.W1,25,16,2.5816709995269775,2.5918092727661133,0.010138273239135742
initial,3,block1.W1,26,16,2.6090428829193115,2.5913000106811523,0.01774287223815918
initial,3,block1.W1,27,16,2.5515568256378174,2.564161539077759,0.012604713439941406
initial,3,block1.W1,28,16,2.678436756134033,2.658787727355957,0.019649028778076172
initial,3,block1.W1,29,16,2.613009452819824,2.596409320831299,0.01660013198852539
initial,3,block1.W1,30,16,2.4851865768432617,2.466236114501953,0.018950462341308594
initial,3,block1.W1,31,16,2.5990402698516846,2.6164326667785645,0.017392396926879883
initial,3,block1.W1,32,16,2.540876865386963,2.5073812007904053,0.03349566459655762
initial,3,block1.W1,33,16,2.7783396244049072,2.7709531784057617,0.007386445999145508
initial,3,block1.W1,34,16,2.659148693084717,2.6859383583068848,0.02678966522216797
initial,3,block1.W1,35,16,2.762817859649658,2.808636426925659,0.04581856727600098
initial,3,block1.W1,36,16,2.7112934589385986,2.700801372528076,0.010492086410522461
initial,3,block1.W1,37,16,2.6098411083221436,2.6427760124206543,0.03293490409851074
initial,3,block1.W1,38,16,2.625623941421509,2.65150785446167,0.025883913040161133
initial,3,block1.W1,39,16,2.682523488998413,2.6611766815185547,0.0213468074798584
initial,3,block1.W1,40,16,2.5752949714660645,2.560347557067871,0.01494741439819336
initial,3,block1.W1,41,16,2.5301308631896973,2.512816905975342,0.01731395721435547
initial,3,block1.W1,42,16,2.6871228218078613,2.684812307357788,0.002310514450073242
initial,3,block1.W1,43,16,2.6612298488616943,2.653064489364624,0.008165359497070312
initial,3,block1.W1,44,16,2.775899648666382,2.7580173015594482,0.017882347106933594
initial,3,block1.W1,45,16,2.6826331615448,2.692298650741577,0.009665489196777344
initial,3,block1.W1,46,16,2.6382193565368652,2.633604049682617,0.004615306854248047
initial,3,block1.W1,47,16,2.6258373260498047,2.5984458923339844,0.027391433715820312
initial,3,block1.W1,48,16,2.4998555183410645,2.483459949493408,0.01639556884765625
initial,3,block1.W1,49,16,2.5560710430145264,2.5514163970947266,0.004654645919799805
initial,3,block1.W1,50,16,2.6243274211883545,2.6791818141937256,0.054854393005371094
initial,3,block1.W1,51,16,2.584779739379883,2.574176073074341,0.010603666305541992
initial,3,block1.W1,52,16,2.675475597381592,2.6696698665618896,0.0058057308197021484
initial,3,block1.W1,53,16,2.677534341812134,2.663931131362915,0.01360321044921875
initial,3,block1.W1,54,16,2.682459592819214,2.6568682193756104,0.025591373443603516
initial,3,block1.W1,55,16,2.546614646911621,2.5635316371917725,0.016916990280151367
initial,3,block1.W1,56,16,2.6593985557556152,2.7000272274017334,0.040628671646118164
initial,3,block1.W1,57,16,2.681666135787964,2.6982383728027344,0.016572237014770508
initial,3,block1.W1,58,16,2.5477957725524902,2.54150128364563,0.0062944889068603516
initial,3,block1.W1,59,16,2.714948892593384,2.6838769912719727,0.031071901321411133
initial,3,block1.W1,60,16,2.561208724975586,2.543518543243408,0.017690181732177734
initial,3,block1.W1,61,16,2.6042330265045166,2.6031887531280518,0.0010442733764648438
initial,3,block1.W1,62,16,2.546097993850708,2.5756301879882812,0.029532194137573242
initial,3,block1.W1,63,16,2.5796549320220947,2.6146254539489746,0.03497052192687988
initial,4,block1.W2,0,16,2.5904181003570557,2.6207058429718018,0.030287742614746094
initial,4,block1.W2,1,16,2.6748218536376953,2.6506154537200928,0.02420639991760254
initial,4,block1.W2,2,16,2.731114149093628,2.683882236480713,0.04723191261291504
initial,4,block1.W2,3,16,2.528247356414795,2.542790174484253,0.014542818069458008
initial,4,block1.W2,4,16,2.7183120250701904,2.706009864807129,0.012302160263061523
initial,4,block1.W2,5,16,2.649106025695801,2.6593379974365234,0.010231971740722656
initial,4,block1.W2,6,16,2.7431459426879883,2.765939712524414,0.02279376983642578
initial,4,block1.W2,7,16,2.7004804611206055,2.698625087738037,0.0018553733825683594
initial,4,block1.W2,8,16,2.606273889541626,2.6114420890808105,0.00516819953918457
initial,4,block1.W2,9,16,2.5783772468566895,2.5818498134613037,0.003472566604614258
initial,4,block1.W2,10,16,2.5713372230529785,2.5382864475250244,0.0330507755279541
initial,4,block1.W2,11,16,2.585299253463745,2.5608925819396973,0.02440667152404785
initial,4,block1.W2,12,16,2.669677734375,2.6661412715911865,0.0035364627838134766
initial,4,block1.W2,13,16,2.6039960384368896,2.5933380126953125,0.010658025741577148
initial,4,block1.W2,14,16,2.6216766834259033,2.6167421340942383,0.004934549331665039
initial,4,block1.W2,15,16,2.6773855686187744,2.6612977981567383,0.016087770462036133
initial,4,block1.W2,16,16,2.7446820735931396,2.751927375793457,0.007245302200317383
initial,4,block1.W2,17,16,2.5862505435943604,2.5858354568481445,0.0004150867462158203
initial,4,block1.W2,18,16,2.678968906402588,2.670114040374756,0.008854866027832031
initial,4,block1.W2,19,16,2.6035139560699463,2.5950896739959717,0.00842428207397461
initial,4,block1.W2,20,16,2.5316660404205322,2.5350444316864014,0.0033783912658691406
initial,4,block1.W2,21,16,2.6725707054138184,2.6575708389282227,0.014999866485595703
initial,4,block1.W2,22,16,2.732591152191162,2.713585376739502,0.019005775451660156
initial,4,block1.W2,23,16,2.6785781383514404,2.6909561157226562,0.01237797737121582
initial,4,block1.W2,24,16,2.7568154335021973,2.7157483100891113,0.04106712341308594
initial,4,block1.W2,25,16,2.588610887527466,2.6124324798583984,0.023821592330932617
initial,4,block1.W2,26,16,2.6406891345977783,2.6114351749420166,0.02925395965576172
initial,4,block1.W2,27,16,2.5615806579589844,2.575831890106201,0.014251232147216797
initial,4,block1.W2,28,16,2.6519811153411865,2.630462884902954,0.021518230438232422
initial,4,block1.W2,29,16,2.6608784198760986,2.7102339267730713,0.049355506896972656
initial,4,block1.W2,30,16,2.56559157371521,2.5528697967529297,0.012721776962280273
initial,4,block1.W2,31,16,2.5170443058013916,2.5323288440704346,0.015284538269042969
initial,4,block1.W2,32,16,2.6642050743103027,2.6543519496917725,0.009853124618530273
initial,4,block1.W2,33,16,2.689639091491699,2.6855709552764893,0.004068136215209961
initial,4,block1.W2,34,16,2.764000654220581,2.7494683265686035,0.014532327651977539
initial,4,block1.W2,35,16,2.6260275840759277,2.5937492847442627,0.03227829933166504
initial,4,block1.W2,36,16,2.5453274250030518,2.552959680557251,0.007632255554199219
initial,4,block1.W2,37,16,2.5999152660369873,2.58937931060791,0.010535955429077148
initial,4,block1.W2,38,16,2.5089669227600098,2.543045997619629,0.03407907485961914
initial,4,block1.W2,39,16,2.7159314155578613,2.7380166053771973,0.022085189819335938
initial,4,block1.W2,40,16,2.664266586303711,2.649435520172119,0.014831066131591797
initial,4,block1.W2,41,16,2.5860044956207275,2.605440616607666,0.019436120986938477
initial,4,block1.W2,42,16,2.6066696643829346,2.611236572265625,0.00456690788269043
initial,4,block1.W2,43,16,2.698683023452759,2.7286627292633057,0.029979705810546875
initial,4,block1.W2,44,16,2.710343360900879,2.6679012775421143,0.04244208335876465
initial,4,block1.W2,45,16,2.4823408126831055,2.474310874938965,0.008029937744140625
initial,4,block1.W2,46,16,2.652947187423706,2.656606435775757,0.0036592483520507812
initial,4,block1.W2,47,16,2.6724624633789062,2.643475294113159,0.02898716926574707
initial,4,block1.W2,48,16,2.6839585304260254,2.6981308460235596,0.01417231559753418
initial,4,block1.W2,49,16,2.715437412261963,2.6844611167907715,0.030976295471191406
initial,4,block1.W2,50,16,2.605567216873169,2.5862276554107666,0.019339561462402344
initial,4,block1.W2,51,16,2.48494291305542,2.506295680999756,0.021352767944335938
initial,4,block1.W2,52,16,2.592999219894409,2.5953564643859863,0.0023572444915771484
initial,4,block1.W2,53,16,2.6509664058685303,2.637589454650879,0.013376951217651367
initial,4,block1.W2,54,16,2.632455348968506,2.63460111618042,0.0021457672119140625
initial,4,block1.W2,55,16,2.6745710372924805,2.6741976737976074,0.0003733634948730469
initial,4,block1.W2,56,16,2.673509359359741,2.7045516967773438,0.03104233741760254
initial,4,block1.W2,57,16,2.668891668319702,2.6809566020965576,0.012064933776855469
initial,4,block1.W2,58,16,2.759202241897583,2.7389585971832275,0.02024364471435547
initial,4,block1.W2,59,16,2.638131856918335,2.647444725036621,0.009312868118286133
initial,4,block1.W2,60,16,2.588752508163452,2.5685579776763916,0.020194530487060547
initial,4,block1.W2,61,16,2.814279079437256,2.7922067642211914,0.022072315216064453
initial,4,block1.W2,62,16,2.4516868591308594,2.437990427017212,0.013696432113647461
initial,4,block1.W2,63,16,2.668987512588501,2.6342437267303467,0.0347437858581543
initial,5,block2.W1,0,16,2.470177173614502,2.457491874694824,0.012685298919677734
initial,5,block2.W1,1,16,2.6193203926086426,2.608673334121704,0.010647058486938477
initial,5,block2.W1,2,16,2.5012495517730713,2.5108189582824707,0.009569406509399414
initial,5,block2.W1,3,16,2.6678967475891113,2.6548290252685547,0.01306772232055664
initial,5,block2.W1,4,16,2.5930237770080566,2.6060707569122314,0.013046979904174805
initial,5,block2.W1,5,16,2.5925862789154053,2.599541187286377,0.00695490837097168
initial,5,block2.W1,6,16,2.7491531372070312,2.746812105178833,0.002341032028198242
initial,5,block2.W1,7,16,2.6733198165893555,2.684053897857666,0.010734081268310547
initial,5,block2.W1,8,16,2.579413414001465,2.554436445236206,0.02497696876525879
initial,5,block2.W1,9,16,2.6545791625976562,2.6639978885650635,0.009418725967407227
initial,5,block2.W1,10,16,2.59291934967041,2.5885307788848877,0.004388570785522461
initial,5,block2.W1,11,16,2.8850350379943848,2.8551323413848877,0.02990269660949707
initial,5,block2.W1,12,16,2.599125385284424,2.6148457527160645,0.015720367431640625
initial,5,block2.W1,13,16,2.5417068004608154,2.550868511199951,0.009161710739135742
initial,5,block2.W1,14,16,2.634276866912842,2.656053304672241,0.021776437759399414
initial,5,block2.W1,15,16,2.614906072616577,2.609368324279785,0.005537748336791992
initial,5,block2.W1,16,16,2.563706636428833,2.5565359592437744,0.007170677185058594
initial,5,block2.W1,17,16,2.594341278076172,2.6091091632843018,0.014767885208129883
initial,5,block2.W1,18,16,2.6182363033294678,2.6433393955230713,0.025103092193603516
initial,5,block2.W1,19,16,2.6543545722961426,2.658093214035034,0.0037386417388916016
initial,5,block2.W1,20,16,2.6849067211151123,2.711625337600708,0.026718616485595703
initial,5,block2.W1,21,16,2.767289400100708,2.7619874477386475,0.005301952362060547
initial,5,block2.W1,22,16,2.725774049758911,2.7108871936798096,0.014886856079101562
initial,5,block2.W1,23,16,2.7335054874420166,2.7318315505981445,0.0016739368438720703
initial,5,block2.W1,24,16,2.5696284770965576,2.5906083583831787,0.020979881286621094
initial,5,block2.W1,25,16,2.7642014026641846,2.798915386199951,0.0347139835357666
initial,5,block2.W1,26,16,2.7135047912597656,2.6627652645111084,0.05073952674865723
initial,5,block2.W1,27,16,2.5035502910614014,2.5191524028778076,0.01560211181640625
initial,5,block2.W1,28,16,2.6401188373565674,2.621044397354126,0.019074440002441406
initial,5,block2.W1,29,16,2.560830593109131,2.567579746246338,0.006749153137207031
initial,5,block2.W1,30,16,2.5504298210144043,2.532949924468994,0.017479896545410156
initial,5,block2.W1,31,16,2.4493582248687744,2.451295852661133,0.0019376277923583984
initial,5,block2.W1,32,16,2.5326080322265625,2.557771682739258,0.025163650512695312
initial,5,block2.W1,33,16,2.5699596405029297,2.6048049926757812,0.03484535217285156
initial,5,block2.W1,34,16,2.655705213546753,2.6436126232147217,0.01209259033203125
initial,5,block2.W1,35,16,2.6043312549591064,2.616729259490967,0.012398004531860352
initial,5,block2.W1,36,16,2.6831743717193604,2.6736724376678467,0.009501934051513672
initial,5,block2.W1,37,16,2.7355000972747803,2.7270538806915283,0.008446216583251953
initial,5,block2.W1,38,16,2.640061616897583,2.611237049102783,0.028824567794799805
initial,5,block2.W1,39,16,2.5341010093688965,2.4996724128723145,0.03442859649658203
initial,5,block2.W1,40,16,2.6027591228485107,2.598351001739502,0.004408121109008789
initial,5,block2.W1,41,16,2.517030715942383,2.51857590675354,0.0015451908111572266
initial,5,block2.W1,42,16,2.5194125175476074,2.520562171936035,0.0011496543884277344
initial,5,block2.W1,43,16,2.5233418941497803,2.5071206092834473,0.016221284866333008
initial,5,block2.W1,44,16,2.622633457183838,2.64532208442688,0.022688627243041992
initial,5,block2.W1,45,16,2.5814480781555176,2.5904276371002197,0.008979558944702148
initial,5,block2.W1,46,16,2.644364833831787,2.660141944885254,0.015777111053466797
initial,5,block2.W1,47,16,2.7117626667022705,2.700509786605835,0.011252880096435547
initial,5,block2.W1,48,16,2.62648344039917,2.6329505443573,0.006467103958129883
initial,5,block2.W1,49,16,2.6467502117156982,2.6603331565856934,0.013582944869995117
initial,5,block2.W1,50,16,2.6156163215637207,2.588750123977661,0.02686619758605957
initial,5,block2.W1,51,16,2.8059592247009277,2.791890859603882,0.014068365097045898
initial,5,block2.W1,52,16,2.530951738357544,2.5063366889953613,0.024615049362182617
initial,5,block2.W1,53,16,2.5052590370178223,2.5508956909179688,0.045636653900146484
initial,5,block2.W1,54,16,2.709742307662964,2.7139854431152344,0.004243135452270508
initial,5,block2.W1,55,16,2.616732597351074,2.660452127456665,0.04371953010559082
initial,5,block2.W1,56,16,2.651766061782837,2.6215643882751465,0.03020167350769043
initial,5,block2.W1,57,16,2.707913398742676,2.7317395210266113,0.023826122283935547
initial,5,block2.W1,58,16,2.6397345066070557,2.635479211807251,0.0042552947998046875
initial,5,block2.W1,59,16,2.641205072402954,2.6224703788757324,0.01873469352722168
initial,5,block2.W1,60,16,2.808931827545166,2.8132686614990234,0.004336833953857422
initial,5,block2.W1,61,16,2.652862310409546,2.663034439086914,0.010172128677368164
initial,5,block2.W1,62,16,2.6640093326568604,2.6529734134674072,0.011035919189453125
initial,5,block2.W1,63,16,2.5306637287139893,2.5345869064331055,0.003923177719116211
initial,6,block2.W2,0,16,2.6535136699676514,2.6683249473571777,0.014811277389526367
initial,6,block2.W2,1,16,2.5136234760284424,2.4754273891448975,0.03819608688354492
initial,6,block2.W2,2,16,2.700594902038574,2.7144758701324463,0.01388096809387207
initial,6,block2.W2,3,16,2.6750619411468506,2.6543915271759033,0.020670413970947266
initial,6,block2.W2,4,16,2.7322959899902344,2.706233263015747,0.026062726974487305
initial,6,block2.W2,5,16,2.5716440677642822,2.582899570465088,0.011255502700805664
initial,6,block2.W2,6,16,2.6516878604888916,2.689891815185547,0.03820395469665527
initial,6,block2.W2,7,16,2.5974462032318115,2.604326009750366,0.0068798065185546875
initial,6,block2.W2,8,16,2.7193169593811035,2.7160956859588623,0.003221273422241211
initial,6,block2.W2,9,16,2.6308493614196777,2.6149497032165527,0.015899658203125
initial,6,block2.W2,10,16,2.608131170272827,2.598054885864258,0.010076284408569336
initial,6,block2.W2,11,16,2.6668946743011475,2.689887762069702,0.022993087768554688
initial,6,block2.W2,12,16,2.601022958755493,2.6313841342926025,0.030361175537109375
initial,6,block2.W2,13,16,2.6577963829040527,2.680013656616211,0.022217273712158203
initial,6,block2.W2,14,16,2.6779956817626953,2.6805806159973145,0.0025849342346191406
initial,6,block2.W2,15,16,2.602914571762085,2.6113579273223877,0.008443355560302734
initial,6,block2.W2,16,16,2.5855841636657715,2.5823113918304443,0.0032727718353271484
initial,6,block2.W2,17,16,2.648136615753174,2.63301682472229,0.015119791030883789
initial,6,block2.W2,18,16,2.7536821365356445,2.7618002891540527,0.008118152618408203
initial,6,block2.W2,19,16,2.664607048034668,2.6725759506225586,0.007968902587890625
initial,6,block2.W2,20,16,2.614413022994995,2.619560718536377,0.005147695541381836
initial,6,block2.W2,21,16,2.60060715675354,2.603886604309082,0.003279447555541992
initial,6,block2.W2,22,16,2.6951303482055664,2.6738595962524414,0.021270751953125
initial,6,block2.W2,23,16,2.528757095336914,2.5313611030578613,0.0026040077209472656
initial,6,block2.W2,24,16,2.5353403091430664,2.5424320697784424,0.0070917606353759766
initial,6,block2.W2,25,16,2.67564058303833,2.685114622116089,0.009474039077758789
initial,6,block2.W2,26,16,2.648212194442749,2.6565637588500977,0.008351564407348633
initial,6,block2.W2,27,16,2.612306833267212,2.6154394149780273,0.0031325817108154297
initial,6,block2.W2,28,16,2.6562864780426025,2.653149366378784,0.0031371116638183594
initial,6,block2.W2,29,16,2.66186261177063,2.671058416366577,0.009195804595947266
initial,6,block2.W2,30,16,2.6007096767425537,2.6083006858825684,0.0075910091400146484
initial,6,block2.W2,31,16,2.694648265838623,2.6902213096618652,0.0044269561767578125
initial,6,block2.W2,32,16,2.4971842765808105,2.5136446952819824,0.016460418701171875
initial,6,block2.W2,33,16,2.6167900562286377,2.6047544479370117,0.012035608291625977
initial,6,block2.W2,34,16,2.5235540866851807,2.546949863433838,0.023395776748657227
initial,6,block2.W2,35,16,2.606004476547241,2.6033339500427246,0.0026705265045166016
initial,6,block2.W2,36,16,2.784407615661621,2.7755229473114014,0.008884668350219727
initial,6,block2.W2,37,16,2.7628257274627686,2.760115385055542,0.0027103424072265625
initial,6,block2.W2,38,16,2.680626153945923,2.6712725162506104,0.0093536376953125
initial,6,block2.W2,39,16,2.5835185050964355,2.5752601623535156,0.008258342742919922
initial,6,block2.W2,40,16,2.558934211730957,2.555227279663086,0.0037069320678710938
initial,6,block2.W2,41,16,2.5800328254699707,2.5719645023345947,0.008068323135375977
initial,6,block2.W2,42,16,2.651479482650757,2.635777711868286,0.015701770782470703
initial,6,block2.W2,43,16,2.7105181217193604,2.7208120822906494,0.010293960571289062
initial,6,block2.W2,44,16,2.630885124206543,2.650397777557373,0.019512653350830078
initial,6,block2.W2,45,16,2.6490280628204346,2.649549722671509,0.0005216598510742188
initial,6,block2.W2,46,16,2.6838760375976562,2.7124390602111816,0.02856302261352539
initial,6,block2.W2,47,16,2.596315622329712,2.60589599609375,0.009580373764038086
initial,6,block2.W2,48,16,2.701371908187866,2.6999990940093994,0.0013728141784667969
initial,6,block2.W2,49,16,2.6527132987976074,2.677239179611206,0.024525880813598633
initial,6,block2.W2,50,16,2.7027382850646973,2.6960623264312744,0.0066759586334228516
initial,6,block2.W2,51,16,2.637269973754883,2.6429672241210938,0.0056972503662109375
initial,6,block2.W2,52,16,2.6122822761535645,2.594086170196533,0.01819610595703125
initial,6,block2.W2,53,16,2.5387895107269287,2.547538995742798,0.00874948501586914
initial,6,block2.W2,54,16,2.6231746673583984,2.6232450008392334,7.033348083496094e-05
initial,6,block2.W2,55,16,2.552020788192749,2.5475573539733887,0.0044634342193603516
initial,6,block2.W2,56,16,2.5989904403686523,2.6070210933685303,0.00803065299987793
initial,6,block2.W2,57,16,2.8570785522460938,2.821078062057495,0.03600049018859863
initial,6,block2.W2,58,16,2.655712127685547,2.6168932914733887,0.0388188362121582
initial,6,block2.W2,59,16,2.6380622386932373,2.6276161670684814,0.01044607162475586
initial,6,block2.W2,60,16,2.658862829208374,2.675691843032837,0.01682901382446289
initial,6,block2.W2,61,16,2.776236057281494,2.757042646408081,0.019193410873413086
initial,6,block2.W2,62,16,2.6890957355499268,2.6863791942596436,0.002716541290283203
initial,6,block2.W2,63,16,2.6618452072143555,2.6563541889190674,0.005491018295288086
initial,7,block3.W1,0,16,2.6257290840148926,2.6407790184020996,0.015049934387207031
initial,7,block3.W1,1,16,2.5934455394744873,2.5737926959991455,0.019652843475341797
initial,7,block3.W1,2,16,2.53489351272583,2.545624017715454,0.010730504989624023
initial,7,block3.W1,3,16,2.8515214920043945,2.877331495285034,0.02581000328063965
initial,7,block3.W1,4,16,2.6294634342193604,2.6282355785369873,0.0012278556823730469
initial,7,block3.W1,5,16,2.5294485092163086,2.5198240280151367,0.009624481201171875
initial,7,block3.W1,6,16,2.681589126586914,2.686300277709961,0.004711151123046875
initial,7,block3.W1,7,16,2.4666011333465576,2.448618173599243,0.017982959747314453
initial,7,block3.W1,8,16,2.539614677429199,2.5130248069763184,0.02658987045288086
initial,7,block3.W1,9,16,2.604128122329712,2.6026127338409424,0.0015153884887695312
initial,7,block3.W1,10,16,2.645570993423462,2.648930072784424,0.003359079360961914
initial,7,block3.W1,11,16,2.64974045753479,2.6328883171081543,0.016852140426635742
initial,7,block3.W1,12,16,2.4659626483917236,2.4250082969665527,0.0409543514251709
initial,7,block3.W1,13,16,2.511009931564331,2.5158493518829346,0.004839420318603516
initial,7,block3.W1,14,16,2.6915206909179688,2.6662325859069824,0.025288105010986328
initial,7,block3.W1,15,16,2.6097421646118164,2.61773419380188,0.007992029190063477
initial,7,block3.W1,16,16,2.6067025661468506,2.6099445819854736,0.003242015838623047
initial,7,block3.W1,17,16,2.7738726139068604,2.7807323932647705,0.006859779357910156
initial,7,block3.W1,18,16,2.7813467979431152,2.7583096027374268,0.023037195205688477
initial,7,block3.W1,19,16,2.5917153358459473,2.588959217071533,0.0027561187744140625
initial,7,block3.W1,20,16,2.6248221397399902,2.648420572280884,0.023598432540893555
initial,7,block3.W1,21,16,2.6032276153564453,2.599112033843994,0.004115581512451172
initial,7,block3.W1,22,16,2.724999189376831,2.7308413982391357,0.0058422088623046875
initial,7,block3.W1,23,16,2.658355951309204,2.629537582397461,0.028818368911743164
initial,7,block3.W1,24,16,2.6002352237701416,2.622939348220825,0.022704124450683594
initial,7,block3.W1,25,16,2.63631534576416,2.658729076385498,0.02241373062133789
initial,7,block3.W1,26,16,2.7005319595336914,2.6942689418792725,0.006263017654418945
initial,7,block3.W1,27,16,2.7033629417419434,2.7132585048675537,0.009895563125610352
initial,7,block3.W1,28,16,2.665454149246216,2.678039312362671,0.012585163116455078
initial,7,block3.W1,29,16,2.7198572158813477,2.734706163406372,0.014848947525024414
initial,7,block3.W1,30,16,2.69120454788208,2.6885650157928467,0.0026395320892333984
initial,7,block3.W1,31,16,2.746328592300415,2.7335927486419678,0.012735843658447266
initial,7,block3.W1,32,16,2.5722084045410156,2.577373743057251,0.0051653385162353516
initial,7,block3.W1,33,16,2.5525994300842285,2.532036304473877,0.020563125610351562
initial,7,block3.W1,34,16,2.52592396736145,2.543726921081543,0.017802953720092773
initial,7,block3.W1,35,16,2.6427805423736572,2.6693031787872314,0.02652263641357422
initial,7,block3.W1,36,16,2.7378177642822266,2.7622900009155273,0.02447223663330078
initial,7,block3.W1,37,16,2.6237494945526123,2.608515739440918,0.015233755111694336
initial,7,block3.W1,38,16,2.6289870738983154,2.653482675552368,0.024495601654052734
initial,7,block3.W1,39,16,2.6906325817108154,2.714871406555176,0.02423882484436035
initial,7,block3.W1,40,16,2.6640334129333496,2.6463053226470947,0.017728090286254883
initial,7,block3.W1,41,16,2.6642005443573,2.6591670513153076,0.0050334930419921875
initial,7,block3.W1,42,16,2.5789918899536133,2.554265260696411,0.02472662925720215
initial,7,block3.W1,43,16,2.5517284870147705,2.5698459148406982,0.018117427825927734
initial,7,block3.W1,44,16,2.6034605503082275,2.612992525100708,0.009531974792480469
initial,7,block3.W1,45,16,2.529717445373535,2.5457377433776855,0.01602029800415039
initial,7,block3.W1,46,16,2.712482452392578,2.7241835594177246,0.011701107025146484
initial,7,block3.W1,47,16,2.5101253986358643,2.546419143676758,0.036293745040893555
initial,7,block3.W1,48,16,2.4904720783233643,2.49627423286438,0.005802154541015625
initial,7,block3.W1,49,16,2.6009485721588135,2.630072832107544,0.02912425994873047
initial,7,block3.W1,50,16,2.579935073852539,2.577078104019165,0.0028569698333740234
initial,7,block3.W1,51,16,2.690171241760254,2.6944546699523926,0.004283428192138672
initial,7,block3.W1,52,16,2.5323216915130615,2.542961597442627,0.01063990592956543
initial,7,block3.W1,53,16,2.6135261058807373,2.6413414478302,0.02781534194946289
initial,7,block3.W1,54,16,2.646743059158325,2.6415607929229736,0.0051822662353515625
initial,7,block3.W1,55,16,2.5688893795013428,2.5624194145202637,0.0064699649810791016
initial,7,block3.W1,56,16,2.6061110496520996,2.6080119609832764,0.0019009113311767578
initial,7,block3.W1,57,16,2.609480381011963,2.6170949935913086,0.007614612579345703
initial,7,block3.W1,58,16,2.6263792514801025,2.667156457901001,0.04077720642089844
initial,7,block3.W1,59,16,2.6017661094665527,2.5964348316192627,0.005331277847290039
initial,7,block3.W1,60,16,2.5990073680877686,2.6222901344299316,0.023282766342163086
initial,7,block3.W1,61,16,2.767058849334717,2.767061233520508,2.384185791015625e-06
initial,7,block3.W1,62,16,2.519559860229492,2.5386407375335693,0.01908087730407715
initial,7,block3.W1,63,16,2.621988296508789,2.65090012550354,0.028911828994750977
initial,8,block3.W2,0,16,2.6227288246154785,2.6381685733795166,0.015439748764038086
initial,8,block3.W2,1,16,2.566669464111328,2.5716657638549805,0.004996299743652344
initial,8,block3.W2,2,16,2.571298360824585,2.5694289207458496,0.0018694400787353516
initial,8,block3.W2,3,16,2.7185120582580566,2.6911444664001465,0.027367591857910156
initial,8,block3.W2,4,16,2.5665080547332764,2.5789971351623535,0.012489080429077148
initial,8,block3.W2,5,16,2.669642210006714,2.659954786300659,0.009687423706054688
initial,8,block3.W2,6,16,2.649308443069458,2.635066032409668,0.014242410659790039
initial,8,block3.W2,7,16,2.6499006748199463,2.663038492202759,0.0131378173828125
initial,8,block3.W2,8,16,2.617562770843506,2.6226577758789062,0.005095005035400391
initial,8,block3.W2,9,16,2.6961374282836914,2.7002944946289062,0.004157066345214844
initial,8,block3.W2,10,16,2.5542123317718506,2.541433334350586,0.012778997421264648
initial,8,block3.W2,11,16,2.5860376358032227,2.5900442600250244,0.004006624221801758
initial,8,block3.W2,12,16,2.5985875129699707,2.6109721660614014,0.012384653091430664
initial,8,block3.W2,13,16,2.7091970443725586,2.7111127376556396,0.0019156932830810547
initial,8,block3.W2,14,16,2.6743671894073486,2.684025764465332,0.009658575057983398
initial,8,block3.W2,15,16,2.655686378479004,2.664407968521118,0.008721590042114258
initial,8,block3.W2,16,16,2.663987159729004,2.6462244987487793,0.01776266098022461
initial,8,block3.W2,17,16,2.74721097946167,2.7292654514312744,0.017945528030395508
initial,8,block3.W2,18,16,2.572275400161743,2.563298463821411,0.008976936340332031
initial,8,block3.W2,19,16,2.7207224369049072,2.731494188308716,0.010771751403808594
initial,8,block3.W2,20,16,2.685025453567505,2.66934871673584,0.01567673683166504
initial,8,block3.W2,21,16,2.662198066711426,2.652395248413086,0.009802818298339844
initial,8,block3.W2,22,16,2.649153470993042,2.661635160446167,0.012481689453125
initial,8,block3.W2,23,16,2.5551979541778564,2.5779616832733154,0.022763729095458984
initial,8,block3.W2,24,16,2.5568604469299316,2.5855679512023926,0.028707504272460938
initial,8,block3.W2,25,16,2.688493251800537,2.6892504692077637,0.0007572174072265625
initial,8,block3.W2,26,16,2.623033046722412,2.5928242206573486,0.030208826065063477
initial,8,block3.W2,27,16,2.5988762378692627,2.5888009071350098,0.01007533073425293
initial,8,block3.W2,28,16,2.6542210578918457,2.6840076446533203,0.02978658676147461
initial,8,block3.W2,29,16,2.736516237258911,2.732085704803467,0.004430532455444336
initial,8,block3.W2,30,16,2.5553884506225586,2.5521490573883057,0.0032393932342529297
initial,8,block3.W2,31,16,2.6034233570098877,2.6026406288146973,0.0007827281951904297
initial,8,block3.W2,32,16,2.4954304695129395,2.4902455806732178,0.00518488883972168
initial,8,block3.W2,33,16,2.7276198863983154,2.751244068145752,0.023624181747436523
initial,8,block3.W2,34,16,2.517052173614502,2.5278584957122803,0.01080632209777832
initial,8,block3.W2,35,16,2.661567211151123,2.6633594036102295,0.0017921924591064453
initial,8,block3.W2,36,16,2.660193920135498,2.6242222785949707,0.035971641540527344
initial,8,block3.W2,37,16,2.6895415782928467,2.676790475845337,0.012751102447509766
initial,8,block3.W2,38,16,2.561021327972412,2.5514280796051025,0.00959324836730957
initial,8,block3.W2,39,16,2.6651458740234375,2.6775660514831543,0.012420177459716797
initial,8,block3.W2,40,16,2.5522100925445557,2.5628409385681152,0.01063084602355957
initial,8,block3.W2,41,16,2.6503958702087402,2.6507956981658936,0.0003998279571533203
initial,8,block3.W2,42,16,2.6460671424865723,2.670027732849121,0.023960590362548828
initial,8,block3.W2,43,16,2.564678907394409,2.5820558071136475,0.01737689971923828
initial,8,block3.W2,44,16,2.7492430210113525,2.7596144676208496,0.01037144660949707
initial,8,block3.W2,45,16,2.6443183422088623,2.613128900527954,0.031189441680908203
initial,8,block3.W2,46,16,2.5561606884002686,2.5729024410247803,0.01674175262451172
initial,8,block3.W2,47,16,2.6892287731170654,2.6778604984283447,0.011368274688720703
initial,8,block3.W2,48,16,2.5844550132751465,2.569093942642212,0.01536107063293457
initial,8,block3.W2,49,16,2.595548152923584,2.5734736919403076,0.022074460983276367
initial,8,block3.W2,50,16,2.691972255706787,2.697573184967041,0.005600929260253906
initial,8,block3.W2,51,16,2.668165445327759,2.651947259902954,0.016218185424804688
initial,8,block3.W2,52,16,2.656494140625,2.6664700508117676,0.009975910186767578
initial,8,block3.W2,53,16,2.6486587524414062,2.6400980949401855,0.008560657501220703
initial,8,block3.W2,54,16,2.7637641429901123,2.737952709197998,0.025811433792114258
initial,8,block3.W2,55,16,2.7117843627929688,2.7478702068328857,0.03608584403991699
initial,8,block3.W2,56,16,2.5707809925079346,2.5469532012939453,0.023827791213989258
initial,8,block3.W2,57,16,2.7556591033935547,2.755437135696411,0.0002219676971435547
initial,8,block3.W2,58,16,2.5769081115722656,2.584057569503784,0.007149457931518555
initial,8,block3.W2,59,16,2.72908353805542,2.740948438644409,0.011864900588989258
initial,8,block3.W2,60,16,2.69465708732605,2.7249977588653564,0.03034067153930664
initial,8,block3.W2,61,16,2.538426637649536,2.5413646697998047,0.0029380321502685547
initial,8,block3.W2,62,16,2.6884396076202393,2.7088470458984375,0.020407438278198242
initial,8,block3.W2,63,16,2.6757683753967285,2.690654754638672,0.01488637924194336
initial,9,block4.W1,0,16,2.627422332763672,2.6118860244750977,0.015536308288574219
initial,9,block4.W1,1,16,2.716392755508423,2.718651294708252,0.0022585391998291016
initial,9,block4.W1,2,16,2.6302998065948486,2.6334633827209473,0.003163576126098633
initial,9,block4.W1,3,16,2.615074872970581,2.6027677059173584,0.012307167053222656
initial,9,block4.W1,4,16,2.498581647872925,2.4950790405273438,0.0035026073455810547
initial,9,block4.W1,5,16,2.6481735706329346,2.621807336807251,0.026366233825683594
initial,9,block4.W1,6,16,2.5090107917785645,2.523287057876587,0.014276266098022461
initial,9,block4.W1,7,16,2.690823793411255,2.711733341217041,0.020909547805786133
initial,9,block4.W1,8,16,2.78760027885437,2.7742278575897217,0.013372421264648438
initial,9,block4.W1,9,16,2.6804556846618652,2.7040152549743652,0.0235595703125
initial,9,block4.W1,10,16,2.5452024936676025,2.556464910507202,0.01126241683959961
initial,9,block4.W1,11,16,2.532879590988159,2.5442073345184326,0.011327743530273438
initial,9,block4.W1,12,16,2.615980386734009,2.6323721408843994,0.016391754150390625
initial,9,block4.W1,13,16,2.5433382987976074,2.531862258911133,0.01147603988647461
initial,9,block4.W1,14,16,2.5382392406463623,2.5322999954223633,0.0059392452239990234
initial,9,block4.W1,15,16,2.582919120788574,2.5768494606018066,0.006069660186767578
initial,9,block4.W1,16,16,2.6477789878845215,2.6328177452087402,0.01496124267578125
initial,9,block4.W1,17,16,2.4830734729766846,2.467012405395508,0.016061067581176758
initial,9,block4.W1,18,16,2.6359357833862305,2.6466963291168213,0.01076054573059082
initial,9,block4.W1,19,16,2.6012275218963623,2.593398332595825,0.00782918930053711
initial,9,block4.W1,20,16,2.705967426300049,2.699686288833618,0.006281137466430664
initial,9,block4.W1,21,16,2.5681312084198,2.5552194118499756,0.012911796569824219
initial,9,block4.W1,22,16,2.6147663593292236,2.5931484699249268,0.021617889404296875
initial,9,block4.W1,23,16,2.5871710777282715,2.5712242126464844,0.01594686508178711
initial,9,block4.W1,24,16,2.5717926025390625,2.5660769939422607,0.005715608596801758
initial,9,block4.W1,25,16,2.817784547805786,2.828439474105835,0.010654926300048828
initial,9,block4.W1,26,16,2.813647508621216,2.7943944931030273,0.019253015518188477
initial,9,block4.W1,27,16,2.5969765186309814,2.608557939529419,0.0115814208984375
initial,9,block4.W1,28,16,2.6556482315063477,2.6581408977508545,0.002492666244506836
initial,9,block4.W1,29,16,2.4592127799987793,2.461181879043579,0.0019690990447998047
initial,9,block4.W1,30,16,2.7046308517456055,2.6952273845672607,0.009403467178344727
initial,9,block4.W1,31,16,2.635258913040161,2.6675329208374023,0.03227400779724121
initial,9,block4.W1,32,16,2.66188907623291,2.656939744949341,0.004949331283569336
initial,9,block4.W1,33,16,2.604990243911743,2.599541187286377,0.005449056625366211
initial,9,block4.W1,34,16,2.468419313430786,2.446495771408081,0.021923542022705078
initial,9,block4.W1,35,16,2.7139029502868652,2.7185139656066895,0.004611015319824219
initial,9,block4.W1,36,16,2.690809965133667,2.685188055038452,0.005621910095214844
initial,9,block4.W1,37,16,2.6302013397216797,2.633204221725464,0.0030028820037841797
initial,9,block4.W1,38,16,2.6363682746887207,2.621021032333374,0.01534724235534668
initial,9,block4.W1,39,16,2.526407480239868,2.4931695461273193,0.03323793411254883
initial,9,block4.W1,40,16,2.474069595336914,2.489499568939209,0.015429973602294922
initial,9,block4.W1,41,16,2.7291464805603027,2.735523223876953,0.006376743316650391
initial,9,block4.W1,42,16,2.6817493438720703,2.690702438354492,0.008953094482421875
initial,9,block4.W1,43,16,2.740379810333252,2.7334775924682617,0.006902217864990234
initial,9,block4.W1,44,16,2.4917550086975098,2.518490791320801,0.026735782623291016
initial,9,block4.W1,45,16,2.6649234294891357,2.6436843872070312,0.021239042282104492
initial,9,block4.W1,46,16,2.510550022125244,2.535388946533203,0.024838924407958984
initial,9,block4.W1,47,16,2.711735486984253,2.686110734939575,0.025624752044677734
initial,9,block4.W1,48,16,2.8109347820281982,2.8272528648376465,0.016318082809448242
initial,9,block4.W1,49,16,2.6387832164764404,2.6256701946258545,0.013113021850585938
initial,9,block4.W1,50,16,2.623619318008423,2.62363338470459,1.4066696166992188e-05
initial,9,block4.W1,51,16,2.6597657203674316,2.6436667442321777,0.016098976135253906
initial,9,block4.W1,52,16,2.6312105655670166,2.6713931560516357,0.04018259048461914
initial,9,block4.W1,53,16,2.6377429962158203,2.6378400325775146,9.703636169433594e-05
initial,9,block4.W1,54,16,2.6149260997772217,2.614314556121826,0.0006115436553955078
initial,9,block4.W1,55,16,2.7115232944488525,2.6812214851379395,0.030301809310913086
initial,9,block4.W1,56,16,2.513214588165283,2.5089690685272217,0.0042455196380615234
initial,9,block4.W1,57,16,2.5445191860198975,2.5698068141937256,0.025287628173828125
initial,9,block4.W1,58,16,2.473043441772461,2.477299451828003,0.004256010055541992
initial,9,block4.W1,59,16,2.6886472702026367,2.697507381439209,0.008860111236572266
initial,9,block4.W1,60,16,2.4611544609069824,2.451754570007324,0.009399890899658203
initial,9,block4.W1,61,16,2.675171136856079,2.6283557415008545,0.04681539535522461
initial,9,block4.W1,62,16,2.5896875858306885,2.6036593914031982,0.013971805572509766
initial,9,block4.W1,63,16,2.638868808746338,2.6249518394470215,0.013916969299316406
initial,10,block4.W2,0,16,2.5977141857147217,2.591339349746704,0.006374835968017578
initial,10,block4.W2,1,16,2.4884185791015625,2.505248785018921,0.0168302059173584
initial,10,block4.W2,2,16,2.57985258102417,2.596968173980713,0.01711559295654297
initial,10,block4.W2,3,16,2.5972859859466553,2.578542470932007,0.018743515014648438
initial,10,block4.W2,4,16,2.803190231323242,2.798444986343384,0.0047452449798583984
initial,10,block4.W2,5,16,2.4793739318847656,2.4892449378967285,0.00987100601196289
initial,10,block4.W2,6,16,2.6070494651794434,2.618788480758667,0.011739015579223633
initial,10,block4.W2,7,16,2.5962724685668945,2.6039793491363525,0.007706880569458008
initial,10,block4.W2,8,16,2.6797287464141846,2.648615598678589,0.031113147735595703
initial,10,block4.W2,9,16,2.5854458808898926,2.59896183013916,0.013515949249267578
initial,10,block4.W2,10,16,2.613969564437866,2.614961862564087,0.0009922981262207031
initial,10,block4.W2,11,16,2.724109172821045,2.722609758377075,0.0014994144439697266
initial,10,block4.W2,12,16,2.6727206707000732,2.6623401641845703,0.01038050651550293
initial,10,block4.W2,13,16,2.4845447540283203,2.4722061157226562,0.012338638305664062
initial,10,block4.W2,14,16,2.6295626163482666,2.631192684173584,0.0016300678253173828
initial,10,block4.W2,15,16,2.650251865386963,2.645522117614746,0.004729747772216797
initial,10,block4.W2,16,16,2.619788408279419,2.605097770690918,0.014690637588500977
initial,10,block4.W2,17,16,2.7132766246795654,2.6991465091705322,0.014130115509033203
initial,10,block4.W2,18,16,2.6569371223449707,2.6592745780944824,0.0023374557495117188
initial,10,block4.W2,19,16,2.7132999897003174,2.712754726409912,0.0005452632904052734
initial,10,block4.W2,20,16,2.6845004558563232,2.6743533611297607,0.0101470947265625
initial,10,block4.W2,21,16,2.7449769973754883,2.7580628395080566,0.01308584213256836
initial,10,block4.W2,22,16,2.6313560009002686,2.6269400119781494,0.004415988922119141
initial,10,block4.W2,23,16,2.7480742931365967,2.7524828910827637,0.004408597946166992
initial,10,block4.W2,24,16,2.653568983078003,2.6497535705566406,0.0038154125213623047
initial,10,block4.W2,25,16,2.738976001739502,2.73710036277771,0.0018756389617919922
initial,10,block4.W2,26,16,2.6377527713775635,2.6226696968078613,0.015083074569702148
initial,10,block4.W2,27,16,2.6480629444122314,2.6637864112854004,0.015723466873168945
initial,10,block4.W2,28,16,2.6645753383636475,2.692044496536255,0.027469158172607422
initial,10,block4.W2,29,16,2.54595685005188,2.5392825603485107,0.006674289703369141
initial,10,block4.W2,30,16,2.601681709289551,2.6233365535736084,0.021654844284057617
initial,10,block4.W2,31,16,2.6879069805145264,2.6810147762298584,0.006892204284667969
initial,10,block4.W2,32,16,2.5190558433532715,2.533900737762451,0.014844894409179688
initial,10,block4.W2,33,16,2.649864673614502,2.6698784828186035,0.020013809204101562
initial,10,block4.W2,34,16,2.6580188274383545,2.638814926147461,0.019203901290893555
initial,10,block4.W2,35,16,2.6516716480255127,2.644836902618408,0.006834745407104492
initial,10,block4.W2,36,16,2.697709560394287,2.70935320854187,0.011643648147583008
initial,10,block4.W2,37,16,2.6267144680023193,2.6179394721984863,0.008774995803833008
initial,10,block4.W2,38,16,2.620846748352051,2.654979944229126,0.034133195877075195
initial,10,block4.W2,39,16,2.7086355686187744,2.7203352451324463,0.011699676513671875
initial,10,block4.W2,40,16,2.705601930618286,2.7302916049957275,0.024689674377441406
initial,10,block4.W2,41,16,2.56034517288208,2.554708480834961,0.005636692047119141
initial,10,block4.W2,42,16,2.600517749786377,2.602940559387207,0.002422809600830078
initial,10,block4.W2,43,16,2.581467390060425,2.599759101867676,0.018291711807250977
initial,10,block4.W2,44,16,2.6087875366210938,2.6129679679870605,0.004180431365966797
initial,10,block4.W2,45,16,2.574357032775879,2.5847690105438232,0.010411977767944336
initial,10,block4.W2,46,16,2.724987030029297,2.7296061515808105,0.004619121551513672
initial,10,block4.W2,47,16,2.5056843757629395,2.500711679458618,0.004972696304321289
initial,10,block4.W2,48,16,2.670423746109009,2.6627840995788574,0.007639646530151367
initial,10,block4.W2,49,16,2.575374126434326,2.600849151611328,0.025475025177001953
initial,10,block4.W2,50,16,2.714648723602295,2.705960512161255,0.008688211441040039
initial,10,block4.W2,51,16,2.7191131114959717,2.728950262069702,0.009837150573730469
initial,10,block4.W2,52,16,2.727156400680542,2.7365293502807617,0.009372949600219727
initial,10,block4.W2,53,16,2.5070343017578125,2.5165855884552,0.009551286697387695
initial,10,block4.W2,54,16,2.6455934047698975,2.6691012382507324,0.02350783348083496
initial,10,block4.W2,55,16,2.6767566204071045,2.6874568462371826,0.010700225830078125
initial,10,block4.W2,56,16,2.5720090866088867,2.567894697189331,0.004114389419555664
initial,10,block4.W2,57,16,2.53255033493042,2.50494122505188,0.02760910987854004
initial,10,block4.W2,58,16,2.675424814224243,2.6707754135131836,0.00464940071105957
initial,10,block4.W2,59,16,2.603243589401245,2.6200671195983887,0.016823530197143555
initial,10,block4.W2,60,16,2.6526472568511963,2.632502317428589,0.020144939422607422
initial,10,block4.W2,61,16,2.6453585624694824,2.621537208557129,0.023821353912353516
initial,10,block4.W2,62,16,2.5767457485198975,2.5920207500457764,0.015275001525878906
initial,10,block4.W2,63,16,2.521925449371338,2.529597282409668,0.007671833038330078
initial,11,block5.W1,0,16,2.6954994201660156,2.6989176273345947,0.0034182071685791016
initial,11,block5.W1,1,16,2.680288314819336,2.6470630168914795,0.033225297927856445
initial,11,block5.W1,2,16,2.6576719284057617,2.6792001724243164,0.021528244018554688
initial,11,block5.W1,3,16,2.6122190952301025,2.621182918548584,0.008963823318481445
initial,11,block5.W1,4,16,2.631225824356079,2.658994197845459,0.027768373489379883
initial,11,block5.W1,5,16,2.4714434146881104,2.459475517272949,0.011967897415161133
initial,11,block5.W1,6,16,2.711322784423828,2.694931745529175,0.01639103889465332
initial,11,block5.W1,7,16,2.6219944953918457,2.6525838375091553,0.03058934211730957
initial,11,block5.W1,8,16,2.6625850200653076,2.6417973041534424,0.020787715911865234
initial,11,block5.W1,9,16,2.6154232025146484,2.5952227115631104,0.020200490951538086
initial,11,block5.W1,10,16,2.686894655227661,2.684013843536377,0.0028808116912841797
initial,11,block5.W1,11,16,2.751070737838745,2.760481834411621,0.009411096572875977
initial,11,block5.W1,12,16,2.6649622917175293,2.660508871078491,0.004453420639038086
initial,11,block5.W1,13,16,2.5927042961120605,2.595318555831909,0.002614259719848633
initial,11,block5.W1,14,16,2.702340602874756,2.6914734840393066,0.010867118835449219
initial,11,block5.W1,15,16,2.643705368041992,2.653225898742676,0.009520530700683594
initial,11,block5.W1,16,16,2.605064868927002,2.5857198238372803,0.01934504508972168
initial,11,block5.W1,17,16,2.6114518642425537,2.6301307678222656,0.018678903579711914
initial,11,block5.W1,18,16,2.541016101837158,2.5783798694610596,0.03736376762390137
initial,11,block5.W1,19,16,2.7485511302948,2.747253656387329,0.0012974739074707031
initial,11,block5.W1,20,16,2.625389337539673,2.6516895294189453,0.02630019187927246
initial,11,block5.W1,21,16,2.6399762630462646,2.6349828243255615,0.004993438720703125
initial,11,block5.W1,22,16,2.733508586883545,2.712775230407715,0.020733356475830078
initial,11,block5.W1,23,16,2.6777987480163574,2.7047667503356934,0.026968002319335938
initial,11,block5.W1,24,16,2.7255353927612305,2.7252347469329834,0.0003006458282470703
initial,11,block5.W1,25,16,2.5671565532684326,2.580389976501465,0.013233423233032227
initial,11,block5.W1,26,16,2.5170888900756836,2.527557134628296,0.010468244552612305
initial,11,block5.W1,27,16,2.553391695022583,2.557400703430176,0.0040090084075927734
initial,11,block5.W1,28,16,2.7495150566101074,2.7624289989471436,0.012913942337036133
initial,11,block5.W1,29,16,2.632460832595825,2.61318302154541,0.01927781105041504
initial,11,block5.W1,30,16,2.63508939743042,2.6595892906188965,0.024499893188476562
initial,11,block5.W1,31,16,2.5708019733428955,2.5693905353546143,0.00141143798828125
initial,11,block5.W1,32,16,2.726412296295166,2.747356653213501,0.02094435691833496
initial,11,block5.W1,33,16,2.625694513320923,2.634075164794922,0.008380651473999023
initial,11,block5.W1,34,16,2.7221860885620117,2.704660177230835,0.017525911331176758
initial,11,block5.W1,35,16,2.6720638275146484,2.6783716678619385,0.006307840347290039
initial,11,block5.W1,36,16,2.7585811614990234,2.7698843479156494,0.011303186416625977
initial,11,block5.W1,37,16,2.643152952194214,2.6476709842681885,0.004518032073974609
initial,11,block5.W1,38,16,2.5620250701904297,2.537421703338623,0.02460336685180664
initial,11,block5.W1,39,16,2.5804505348205566,2.5771565437316895,0.0032939910888671875
initial,11,block5.W1,40,16,2.520925283432007,2.5260469913482666,0.005121707916259766
initial,11,block5.W1,41,16,2.6651437282562256,2.6571311950683594,0.008012533187866211
initial,11,block5.W1,42,16,2.7773964405059814,2.781141996383667,0.003745555877685547
initial,11,block5.W1,43,16,2.633772611618042,2.6451473236083984,0.011374711990356445
initial,11,block5.W1,44,16,2.6274654865264893,2.627769947052002,0.0003044605255126953
initial,11,block5.W1,45,16,2.6926774978637695,2.694661855697632,0.0019843578338623047
initial,11,block5.W1,46,16,2.5783348083496094,2.5759339332580566,0.0024008750915527344
initial,11,block5.W1,47,16,2.628577709197998,2.6382339000701904,0.009656190872192383
initial,11,block5.W1,48,16,2.6335246562957764,2.6396644115448,0.0061397552490234375
initial,11,block5.W1,49,16,2.648216485977173,2.6586689949035645,0.010452508926391602
initial,11,block5.W1,50,16,2.64188814163208,2.6340107917785645,0.007877349853515625
initial,11,block5.W1,51,16,2.7803001403808594,2.7826755046844482,0.002375364303588867
initial,11,block5.W1,52,16,2.6365721225738525,2.645979642868042,0.009407520294189453
initial,11,block5.W1,53,16,2.692265748977661,2.6905245780944824,0.001741170883178711
initial,11,block5.W1,54,16,2.6333417892456055,2.6147003173828125,0.01864147186279297
initial,11,block5.W1,55,16,2.605537176132202,2.6236448287963867,0.01810765266418457
initial,11,block5.W1,56,16,2.3711471557617188,2.3833768367767334,0.012229681015014648
initial,11,block5.W1,57,16,2.6205523014068604,2.6166367530822754,0.003915548324584961
initial,11,block5.W1,58,16,2.5797319412231445,2.58146333694458,0.0017313957214355469
initial,11,block5.W1,59,16,2.6309268474578857,2.623070240020752,0.007856607437133789
initial,11,block5.W1,60,16,2.7501044273376465,2.7661867141723633,0.016082286834716797
initial,11,block5.W1,61,16,2.590251922607422,2.587726593017578,0.00252532958984375
initial,11,block5.W1,62,16,2.6629509925842285,2.6545987129211426,0.008352279663085938
initial,11,block5.W1,63,16,2.6548612117767334,2.659461259841919,0.004600048065185547
initial,12,block5.W2,0,16,2.5968997478485107,2.6037497520446777,0.006850004196166992
initial,12,block5.W2,1,16,2.5200886726379395,2.538181781768799,0.018093109130859375
initial,12,block5.W2,2,16,2.6941378116607666,2.6934237480163574,0.0007140636444091797
initial,12,block5.W2,3,16,2.6891098022460938,2.7007975578308105,0.011687755584716797
initial,12,block5.W2,4,16,2.510805368423462,2.510280132293701,0.0005252361297607422
initial,12,block5.W2,5,16,2.600398063659668,2.6150519847869873,0.014653921127319336
initial,12,block5.W2,6,16,2.5220611095428467,2.523202419281006,0.0011413097381591797
initial,12,block5.W2,7,16,2.6477370262145996,2.659022092819214,0.011285066604614258
initial,12,block5.W2,8,16,2.600137233734131,2.5979578495025635,0.002179384231567383
initial,12,block5.W2,9,16,2.6500468254089355,2.654815196990967,0.00476837158203125
initial,12,block5.W2,10,16,2.6617367267608643,2.6712863445281982,0.009549617767333984
initial,12,block5.W2,11,16,2.5476105213165283,2.531519889831543,0.01609063148498535
initial,12,block5.W2,12,16,2.5037710666656494,2.5202677249908447,0.016496658325195312
initial,12,block5.W2,13,16,2.596006155014038,2.599409341812134,0.003403186798095703
initial,12,block5.W2,14,16,2.621304512023926,2.609962224960327,0.011342287063598633
initial,12,block5.W2,15,16,2.66384220123291,2.6525440216064453,0.011298179626464844
initial,12,block5.W2,16,16,2.646597385406494,2.6687445640563965,0.022147178649902344
initial,12,block5.W2,17,16,2.7195305824279785,2.7199313640594482,0.00040078163146972656
initial,12,block5.W2,18,16,2.749945640563965,2.7551827430725098,0.005237102508544922
initial,12,block5.W2,19,16,2.613359212875366,2.6107616424560547,0.0025975704193115234
initial,12,block5.W2,20,16,2.666973352432251,2.664553642272949,0.002419710159301758
initial,12,block5.W2,21,16,2.6048824787139893,2.5984020233154297,0.00648045539855957
initial,12,block5.W2,22,16,2.567065477371216,2.5771396160125732,0.010074138641357422
initial,12,block5.W2,23,16,2.713679790496826,2.6898584365844727,0.023821353912353516
initial,12,block5.W2,24,16,2.554965019226074,2.5521697998046875,0.0027952194213867188
initial,12,block5.W2,25,16,2.697695016860962,2.7137351036071777,0.01604008674621582
initial,12,block5.W2,26,16,2.636533260345459,2.6398162841796875,0.0032830238342285156
initial,12,block5.W2,27,16,2.64418888092041,2.6520795822143555,0.007890701293945312
initial,12,block5.W2,28,16,2.653135061264038,2.651212692260742,0.0019223690032958984
initial,12,block5.W2,29,16,2.6513733863830566,2.6844611167907715,0.033087730407714844
initial,12,block5.W2,30,16,2.854729652404785,2.84236216545105,0.012367486953735352
initial,12,block5.W2,31,16,2.6841607093811035,2.668982744216919,0.01517796516418457
initial,12,block5.W2,32,16,2.563990354537964,2.570535898208618,0.006545543670654297
initial,12,block5.W2,33,16,2.5885090827941895,2.58538556098938,0.0031235218048095703
initial,12,block5.W2,34,16,2.633122205734253,2.630228281021118,0.0028939247131347656
initial,12,block5.W2,35,16,2.70939040184021,2.7032413482666016,0.0061490535736083984
initial,12,block5.W2,36,16,2.5899455547332764,2.602670431137085,0.012724876403808594
initial,12,block5.W2,37,16,2.660297155380249,2.6749298572540283,0.014632701873779297
initial,12,block5.W2,38,16,2.528524875640869,2.5270626544952393,0.0014622211456298828
initial,12,block5.W2,39,16,2.628805160522461,2.6198508739471436,0.008954286575317383
initial,12,block5.W2,40,16,2.7323925495147705,2.7562925815582275,0.02390003204345703
initial,12,block5.W2,41,16,2.585585117340088,2.5772037506103516,0.008381366729736328
initial,12,block5.W2,42,16,2.582367420196533,2.589402914047241,0.007035493850708008
initial,12,block5.W2,43,16,2.6188406944274902,2.6188597679138184,1.9073486328125e-05
initial,12,block5.W2,44,16,2.616826057434082,2.6182734966278076,0.001447439193725586
initial,12,block5.W2,45,16,2.665407657623291,2.6774985790252686,0.012090921401977539
initial,12,block5.W2,46,16,2.7251129150390625,2.7122206687927246,0.01289224624633789
initial,12,block5.W2,47,16,2.6177351474761963,2.5926012992858887,0.025133848190307617
initial,12,block5.W2,48,16,2.713146209716797,2.7142961025238037,0.001149892807006836
initial,12,block5.W2,49,16,2.7600748538970947,2.765108108520508,0.005033254623413086
initial,12,block5.W2,50,16,2.5074312686920166,2.5080313682556152,0.0006000995635986328
initial,12,block5.W2,51,16,2.7238211631774902,2.7341063022613525,0.010285139083862305
initial,12,block5.W2,52,16,2.7582273483276367,2.7849819660186768,0.02675461769104004
initial,12,block5.W2,53,16,2.567085027694702,2.557293653488159,0.009791374206542969
initial,12,block5.W2,54,16,2.5888631343841553,2.5751540660858154,0.013709068298339844
initial,12,block5.W2,55,16,2.5997910499572754,2.5993106365203857,0.00048041343688964844
initial,12,block5.W2,56,16,2.4859957695007324,2.487290620803833,0.001294851303100586
initial,12,block5.W2,57,16,2.5373494625091553,2.549874782562256,0.012525320053100586
initial,12,block5.W2,58,16,2.704681873321533,2.726771831512451,0.02208995819091797
initial,12,block5.W2,59,16,2.667546033859253,2.6590819358825684,0.00846409797668457
initial,12,block5.W2,60,16,2.5968422889709473,2.5885000228881836,0.008342266082763672
initial,12,block5.W2,61,16,2.661844253540039,2.649815797805786,0.01202845573425293
initial,12,block5.W2,62,16,2.6342787742614746,2.630223274230957,0.004055500030517578
initial,12,block5.W2,63,16,2.6715891361236572,2.671821117401123,0.0002319812774658203
initial,13,block6.W1,0,16,2.5350661277770996,2.560004472732544,0.024938344955444336
initial,13,block6.W1,1,16,2.7346410751342773,2.733861207962036,0.0007798671722412109
initial,13,block6.W1,2,16,2.6693825721740723,2.655538320541382,0.01384425163269043
initial,13,block6.W1,3,16,2.566563129425049,2.582313060760498,0.01574993133544922
initial,13,block6.W1,4,16,2.567747116088867,2.5846657752990723,0.016918659210205078
initial,13,block6.W1,5,16,2.6015257835388184,2.6187620162963867,0.01723623275756836
initial,13,block6.W1,6,16,2.724832773208618,2.7192533016204834,0.005579471588134766
initial,13,block6.W1,7,16,2.667782783508301,2.645038604736328,0.022744178771972656
initial,13,block6.W1,8,16,2.6463706493377686,2.6545612812042236,0.008190631866455078
initial,13,block6.W1,9,16,2.66717791557312,2.6737310886383057,0.006553173065185547
initial,13,block6.W1,10,16,2.484912157058716,2.472816228866577,0.012095928192138672
initial,13,block6.W1,11,16,2.476531982421875,2.485090494155884,0.008558511734008789
initial,13,block6.W1,12,16,2.6748862266540527,2.683717727661133,0.008831501007080078
initial,13,block6.W1,13,16,2.721806287765503,2.7372236251831055,0.015417337417602539
initial,13,block6.W1,14,16,2.519994020462036,2.5306148529052734,0.010620832443237305
initial,13,block6.W1,15,16,2.6238203048706055,2.6100385189056396,0.01378178596496582
initial,13,block6.W1,16,16,2.67897891998291,2.693425178527832,0.014446258544921875
initial,13,block6.W1,17,16,2.538191080093384,2.5227158069610596,0.015475273132324219
initial,13,block6.W1,18,16,2.5562305450439453,2.565152168273926,0.008921623229980469
initial,13,block6.W1,19,16,2.8067355155944824,2.8174641132354736,0.010728597640991211
initial,13,block6.W1,20,16,2.596191167831421,2.6146016120910645,0.018410444259643555
initial,13,block6.W1,21,16,2.4698925018310547,2.488481283187866,0.018588781356811523
initial,13,block6.W1,22,16,2.642976760864258,2.64674711227417,0.0037703514099121094
initial,13,block6.W1,23,16,2.6359269618988037,2.645397424697876,0.009470462799072266
initial,13,block6.W1,24,16,2.7681784629821777,2.7719743251800537,0.0037958621978759766
initial,13,block6.W1,25,16,2.7528839111328125,2.7444236278533936,0.008460283279418945
initial,13,block6.W1,26,16,2.6995725631713867,2.7221362590789795,0.022563695907592773
initial,13,block6.W1,27,16,2.6910908222198486,2.687739133834839,0.0033516883850097656
initial,13,block6.W1,28,16,2.642397403717041,2.6383626461029053,0.004034757614135742
initial,13,block6.W1,29,16,2.666513681411743,2.67108154296875,0.004567861557006836
initial,13,block6.W1,30,16,2.7300169467926025,2.737495183944702,0.007478237152099609
initial,13,block6.W1,31,16,2.6287481784820557,2.632866859436035,0.004118680953979492
initial,13,block6.W1,32,16,2.5835318565368652,2.5819411277770996,0.001590728759765625
initial,13,block6.W1,33,16,2.6178033351898193,2.6121089458465576,0.005694389343261719
initial,13,block6.W1,34,16,2.5640652179718018,2.572244167327881,0.008178949356079102
initial,13,block6.W1,35,16,2.602691173553467,2.595418930053711,0.007272243499755859
initial,13,block6.W1,36,16,2.660775661468506,2.6476354598999023,0.013140201568603516
initial,13,block6.W1,37,16,2.7121975421905518,2.703998327255249,0.008199214935302734
initial,13,block6.W1,38,16,2.6323819160461426,2.613574504852295,0.018807411193847656
initial,13,block6.W1,39,16,2.5779213905334473,2.5882599353790283,0.010338544845581055
initial,13,block6.W1,40,16,2.5527501106262207,2.5460197925567627,0.006730318069458008
initial,13,block6.W1,41,16,2.577383518218994,2.5762972831726074,0.0010862350463867188
initial,13,block6.W1,42,16,2.6097309589385986,2.623314619064331,0.013583660125732422
initial,13,block6.W1,43,16,2.7004568576812744,2.6858420372009277,0.01461482048034668
initial,13,block6.W1,44,16,2.5380256175994873,2.5328269004821777,0.00519871711730957
initial,13,block6.W1,45,16,2.6584503650665283,2.653831958770752,0.004618406295776367
initial,13,block6.W1,46,16,2.5608034133911133,2.562460422515869,0.0016570091247558594
initial,13,block6.W1,47,16,2.7886548042297363,2.7860050201416016,0.0026497840881347656
initial,13,block6.W1,48,16,2.5323128700256348,2.5228803157806396,0.009432554244995117
initial,13,block6.W1,49,16,2.594177484512329,2.600850820541382,0.006673336029052734
initial,13,block6.W1,50,16,2.645077705383301,2.650442361831665,0.005364656448364258
initial,13,block6.W1,51,16,2.657932996749878,2.6367287635803223,0.021204233169555664
initial,13,block6.W1,52,16,2.6233108043670654,2.6188974380493164,0.0044133663177490234
initial,13,block6.W1,53,16,2.639716148376465,2.6699705123901367,0.030254364013671875
initial,13,block6.W1,54,16,2.713855266571045,2.7150981426239014,0.0012428760528564453
initial,13,block6.W1,55,16,2.6445252895355225,2.6483631134033203,0.0038378238677978516
initial,13,block6.W1,56,16,2.6262624263763428,2.6212403774261475,0.0050220489501953125
initial,13,block6.W1,57,16,2.5756614208221436,2.553725242614746,0.02193617820739746
initial,13,block6.W1,58,16,2.646134853363037,2.630065441131592,0.016069412231445312
initial,13,block6.W1,59,16,2.5815494060516357,2.5738165378570557,0.007732868194580078
initial,13,block6.W1,60,16,2.648453950881958,2.6558444499969482,0.007390499114990234
initial,13,block6.W1,61,16,2.5188114643096924,2.5114564895629883,0.0073549747467041016
initial,13,block6.W1,62,16,2.7201998233795166,2.7381813526153564,0.017981529235839844
initial,13,block6.W1,63,16,2.685389280319214,2.691493272781372,0.006103992462158203
initial,14,block6.W2,0,16,2.6971235275268555,2.675002098083496,0.022121429443359375
initial,14,block6.W2,1,16,2.6911866664886475,2.683830976486206,0.007355690002441406
initial,14,block6.W2,2,16,2.754392623901367,2.731588363647461,0.02280426025390625
initial,14,block6.W2,3,16,2.7183496952056885,2.733981132507324,0.015631437301635742
initial,14,block6.W2,4,16,2.69157338142395,2.697021484375,0.005448102951049805
initial,14,block6.W2,5,16,2.662487745285034,2.6665141582489014,0.0040264129638671875
initial,14,block6.W2,6,16,2.6487162113189697,2.6419625282287598,0.006753683090209961
initial,14,block6.W2,7,16,2.661112070083618,2.6559534072875977,0.005158662796020508
initial,14,block6.W2,8,16,2.56679368019104,2.5669331550598145,0.00013947486877441406
initial,14,block6.W2,9,16,2.596942901611328,2.5974626541137695,0.0005197525024414062
initial,14,block6.W2,10,16,2.600477695465088,2.5895180702209473,0.010959625244140625
initial,14,block6.W2,11,16,2.442699909210205,2.4265623092651367,0.01613759994506836
initial,14,block6.W2,12,16,2.57403826713562,2.574493885040283,0.00045561790466308594
initial,14,block6.W2,13,16,2.5605175495147705,2.5517334938049316,0.008784055709838867
initial,14,block6.W2,14,16,2.588303327560425,2.6072001457214355,0.018896818161010742
initial,14,block6.W2,15,16,2.615316867828369,2.6235477924346924,0.008230924606323242
initial,14,block6.W2,16,16,2.5362911224365234,2.5445058345794678,0.008214712142944336
initial,14,block6.W2,17,16,2.6286754608154297,2.641481637954712,0.012806177139282227
initial,14,block6.W2,18,16,2.767751932144165,2.7627041339874268,0.005047798156738281
initial,14,block6.W2,19,16,2.570065498352051,2.581671953201294,0.011606454849243164
initial,14,block6.W2,20,16,2.580561876296997,2.5715091228485107,0.009052753448486328
initial,14,block6.W2,21,16,2.714073657989502,2.716357469558716,0.002283811569213867
initial,14,block6.W2,22,16,2.760065793991089,2.769531011581421,0.009465217590332031
initial,14,block6.W2,23,16,2.592001438140869,2.599001884460449,0.007000446319580078
initial,14,block6.W2,24,16,2.5862438678741455,2.5927164554595947,0.006472587585449219
initial,14,block6.W2,25,16,2.5231919288635254,2.5360422134399414,0.012850284576416016
initial,14,block6.W2,26,16,2.7381978034973145,2.742211103439331,0.0040132999420166016
initial,14,block6.W2,27,16,2.6635563373565674,2.6853561401367188,0.021799802780151367
initial,14,block6.W2,28,16,2.5970466136932373,2.6051387786865234,0.008092164993286133
initial,14,block6.W2,29,16,2.535128355026245,2.5461723804473877,0.011044025421142578
initial,14,block6.W2,30,16,2.5609798431396484,2.5656039714813232,0.004624128341674805
initial,14,block6.W2,31,16,2.6479976177215576,2.6490979194641113,0.001100301742553711
initial,14,block6.W2,32,16,2.7212047576904297,2.712989568710327,0.008215188980102539
initial,14,block6.W2,33,16,2.6078035831451416,2.6064271926879883,0.0013763904571533203
initial,14,block6.W2,34,16,2.551823139190674,2.5464000701904297,0.005423069000244141
initial,14,block6.W2,35,16,2.5238044261932373,2.5336737632751465,0.00986933708190918
initial,14,block6.W2,36,16,2.7005422115325928,2.702089548110962,0.0015473365783691406
initial,14,block6.W2,37,16,2.6582343578338623,2.657228946685791,0.001005411148071289
initial,14,block6.W2,38,16,2.600435495376587,2.5940170288085938,0.006418466567993164
initial,14,block6.W2,39,16,2.6953530311584473,2.6978845596313477,0.0025315284729003906
initial,14,block6.W2,40,16,2.5871422290802,2.587519645690918,0.00037741661071777344
initial,14,block6.W2,41,16,2.7464847564697266,2.736403226852417,0.01008152961730957
initial,14,block6.W2,42,16,2.6152284145355225,2.605358839035034,0.009869575500488281
initial,14,block6.W2,43,16,2.642789125442505,2.638866424560547,0.003922700881958008
initial,14,block6.W2,44,16,2.580723285675049,2.580204486846924,0.000518798828125
initial,14,block6.W2,45,16,2.6122820377349854,2.6008095741271973,0.011472463607788086
initial,14,block6.W2,46,16,2.6417741775512695,2.634434700012207,0.0073394775390625
initial,14,block6.W2,47,16,2.6498372554779053,2.6444251537323,0.005412101745605469
initial,14,block6.W2,48,16,2.661151885986328,2.6535825729370117,0.007569313049316406
initial,14,block6.W2,49,16,2.505645751953125,2.51472544670105,0.009079694747924805
initial,14,block6.W2,50,16,2.6677491664886475,2.6808583736419678,0.013109207153320312
initial,14,block6.W2,51,16,2.5269784927368164,2.5195772647857666,0.007401227951049805
initial,14,block6.W2,52,16,2.7033333778381348,2.7018065452575684,0.0015268325805664062
initial,14,block6.W2,53,16,2.6195690631866455,2.6083106994628906,0.011258363723754883
initial,14,block6.W2,54,16,2.5283761024475098,2.502755880355835,0.025620222091674805
initial,14,block6.W2,55,16,2.615487813949585,2.6115779876708984,0.0039098262786865234
initial,14,block6.W2,56,16,2.5297536849975586,2.5583126544952393,0.028558969497680664
initial,14,block6.W2,57,16,2.471489191055298,2.486767053604126,0.015277862548828125
initial,14,block6.W2,58,16,2.657780408859253,2.6535167694091797,0.004263639450073242
initial,14,block6.W2,59,16,2.650611400604248,2.648892641067505,0.001718759536743164
initial,14,block6.W2,60,16,2.6348111629486084,2.636733055114746,0.0019218921661376953
initial,14,block6.W2,61,16,2.591526508331299,2.5878257751464844,0.003700733184814453
initial,14,block6.W2,62,16,2.836346387863159,2.834092378616333,0.002254009246826172
initial,14,block6.W2,63,16,2.6549232006073,2.6695351600646973,0.014611959457397461
initial,15,block7.W1,0,16,2.6280763149261475,2.6262691020965576,0.0018072128295898438
initial,15,block7.W1,1,16,2.527390480041504,2.5342233180999756,0.00683283805847168
initial,15,block7.W1,2,16,2.4498491287231445,2.453709363937378,0.0038602352142333984
initial,15,block7.W1,3,16,2.613802433013916,2.6311521530151367,0.017349720001220703
initial,15,block7.W1,4,16,2.634951114654541,2.630739450454712,0.0042116641998291016
initial,15,block7.W1,5,16,2.6558337211608887,2.6747519969940186,0.018918275833129883
initial,15,block7.W1,6,16,2.702397346496582,2.699727773666382,0.0026695728302001953
initial,15,block7.W1,7,16,2.684685468673706,2.7006921768188477,0.0160067081451416
initial,15,block7.W1,8,16,2.6053736209869385,2.6032774448394775,0.0020961761474609375
initial,15,block7.W1,9,16,2.706587553024292,2.7102863788604736,0.0036988258361816406
initial,15,block7.W1,10,16,2.4509241580963135,2.454969644546509,0.0040454864501953125
initial,15,block7.W1,11,16,2.5696945190429688,2.5837533473968506,0.014058828353881836
initial,15,block7.W1,12,16,2.6868109703063965,2.6929454803466797,0.006134510040283203
initial,15,block7.W1,13,16,2.658372163772583,2.662053108215332,0.0036809444427490234
initial,15,block7.W1,14,16,2.74896240234375,2.75107741355896,0.002115011215209961
initial,15,block7.W1,15,16,2.6029553413391113,2.5843698978424072,0.0185854434967041
initial,15,block7.W1,16,16,2.5494577884674072,2.5559558868408203,0.006498098373413086
initial,15,block7.W1,17,16,2.6879453659057617,2.6855499744415283,0.0023953914642333984
initial,15,block7.W1,18,16,2.6005334854125977,2.596963405609131,0.003570079803466797
initial,15,block7.W1,19,16,2.679518222808838,2.6768288612365723,0.002689361572265625
initial,15,block7.W1,20,16,2.6559970378875732,2.6522469520568848,0.0037500858306884766
initial,15,block7.W1,21,16,2.528610944747925,2.5389177799224854,0.010306835174560547
initial,15,block7.W1,22,16,2.570281982421875,2.5721077919006348,0.0018258094787597656
initial,15,block7.W1,23,16,2.6287872791290283,2.638432502746582,0.009645223617553711
initial,15,block7.W1,24,16,2.480228900909424,2.4867494106292725,0.006520509719848633
initial,15,block7.W1,25,16,2.6344993114471436,2.6210694313049316,0.013429880142211914
initial,15,block7.W1,26,16,2.5584874153137207,2.5573008060455322,0.0011866092681884766
initial,15,block7.W1,27,16,2.6878483295440674,2.6824214458465576,0.005426883697509766
initial,15,block7.W1,28,16,2.597893476486206,2.5995187759399414,0.0016252994537353516
initial,15,block7.W1,29,16,2.7559709548950195,2.7625412940979004,0.006570339202880859
initial,15,block7.W1,30,16,2.722886085510254,2.7293615341186523,0.0064754486083984375
initial,15,block7.W1,31,16,2.627379894256592,2.6387999057769775,0.011420011520385742
initial,15,block7.W1,32,16,2.651630163192749,2.658907890319824,0.007277727127075195
initial,15,block7.W1,33,16,2.584942102432251,2.57940673828125,0.0055353641510009766
initial,15,block7.W1,34,16,2.5552728176116943,2.5651683807373047,0.009895563125610352
initial,15,block7.W1,35,16,2.606031894683838,2.5893657207489014,0.016666173934936523
initial,15,block7.W1,36,16,2.524296283721924,2.5186922550201416,0.0056040287017822266
initial,15,block7.W1,37,16,2.696584701538086,2.6868784427642822,0.009706258773803711
initial,15,block7.W1,38,16,2.604447841644287,2.6168630123138428,0.012415170669555664
initial,15,block7.W1,39,16,2.767927885055542,2.7566165924072266,0.01131129264831543
initial,15,block7.W1,40,16,2.6102330684661865,2.603912830352783,0.00632023811340332
initial,15,block7.W1,41,16,2.7431485652923584,2.7443687915802,0.0012202262878417969
initial,15,block7.W1,42,16,2.6150715351104736,2.6091949939727783,0.0058765411376953125
initial,15,block7.W1,43,16,2.5118250846862793,2.5084731578826904,0.003351926803588867
initial,15,block7.W1,44,16,2.651252508163452,2.6580464839935303,0.006793975830078125
initial,15,block7.W1,45,16,2.6602630615234375,2.6641225814819336,0.0038595199584960938
initial,15,block7.W1,46,16,2.4267098903656006,2.42291259765625,0.003797292709350586
initial,15,block7.W1,47,16,2.510141134262085,2.503762722015381,0.0063784122467041016
initial,15,block7.W1,48,16,2.638049840927124,2.62853741645813,0.00951242446899414
initial,15,block7.W1,49,16,2.5135321617126465,2.5077147483825684,0.005817413330078125
initial,15,block7.W1,50,16,2.4722371101379395,2.4794199466705322,0.0071828365325927734
initial,15,block7.W1,51,16,2.5552449226379395,2.544114828109741,0.011130094528198242
initial,15,block7.W1,52,16,2.5371439456939697,2.542163372039795,0.005019426345825195
initial,15,block7.W1,53,16,2.5707716941833496,2.5644948482513428,0.006276845932006836
initial,15,block7.W1,54,16,2.636758327484131,2.6404592990875244,0.0037009716033935547
initial,15,block7.W1,55,16,2.773998498916626,2.7490270137786865,0.024971485137939453
initial,15,block7.W1,56,16,2.554318904876709,2.56990647315979,0.015587568283081055
initial,15,block7.W1,57,16,2.442836284637451,2.4311623573303223,0.011673927307128906
initial,15,block7.W1,58,16,2.583955764770508,2.580307722091675,0.003648042678833008
initial,15,block7.W1,59,16,2.804455041885376,2.8091189861297607,0.004663944244384766
initial,15,block7.W1,60,16,2.638866424560547,2.644134283065796,0.0052678585052490234
initial,15,block7.W1,61,16,2.5980706214904785,2.600656747817993,0.0025861263275146484
initial,15,block7.W1,62,16,2.543348550796509,2.547530174255371,0.004181623458862305
initial,15,block7.W1,63,16,2.545088768005371,2.5499162673950195,0.0048274993896484375
initial,16,block7.W2,0,16,2.5964975357055664,2.5971803665161133,0.000682830810546875
initial,16,block7.W2,1,16,2.680748701095581,2.6821141242980957,0.0013654232025146484
initial,16,block7.W2,2,16,2.7670705318450928,2.772871255874634,0.005800724029541016
initial,16,block7.W2,3,16,2.721254348754883,2.721079111099243,0.00017523765563964844
initial,16,block7.W2,4,16,2.7157702445983887,2.7227423191070557,0.006972074508666992
initial,16,block7.W2,5,16,2.685530662536621,2.678478956222534,0.007051706314086914
initial,16,block7.W2,6,16,2.524571657180786,2.514765739440918,0.009805917739868164
initial,16,block7.W2,7,16,2.692373514175415,2.6936230659484863,0.001249551773071289
initial,16,block7.W2,8,16,2.791264057159424,2.7953383922576904,0.0040743350982666016
initial,16,block7.W2,9,16,2.614973783493042,2.614034652709961,0.0009391307830810547
initial,16,block7.W2,10,16,2.57736873626709,2.583048105239868,0.00567936897277832
initial,16,block7.W2,11,16,2.5180416107177734,2.5151424407958984,0.002899169921875
initial,16,block7.W2,12,16,2.5664517879486084,2.574918270111084,0.008466482162475586
initial,16,block7.W2,13,16,2.5824763774871826,2.582181930541992,0.0002944469451904297
initial,16,block7.W2,14,16,2.5594890117645264,2.558631420135498,0.0008575916290283203
initial,16,block7.W2,15,16,2.4755632877349854,2.47230863571167,0.0032546520233154297
initial,16,block7.W2,16,16,2.657881736755371,2.659494161605835,0.0016124248504638672
initial,16,block7.W2,17,16,2.615281581878662,2.6155691146850586,0.0002875328063964844
initial,16,block7.W2,18,16,2.582895278930664,2.577648878097534,0.005246400833129883
initial,16,block7.W2,19,16,2.630465507507324,2.6297056674957275,0.0007598400115966797
initial,16,block7.W2,20,16,2.674828290939331,2.668409824371338,0.006418466567993164
initial,16,block7.W2,21,16,2.7603201866149902,2.7641754150390625,0.0038552284240722656
initial,16,block7.W2,22,16,2.7765562534332275,2.7761919498443604,0.0003643035888671875
initial,16,block7.W2,23,16,2.708768844604492,2.710820198059082,0.0020513534545898438
initial,16,block7.W2,24,16,2.589242696762085,2.5945210456848145,0.005278348922729492
initial,16,block7.W2,25,16,2.611859083175659,2.6059980392456055,0.005861043930053711
initial,16,block7.W2,26,16,2.6176273822784424,2.6142518520355225,0.003375530242919922
initial,16,block7.W2,27,16,2.7261853218078613,2.7156708240509033,0.010514497756958008
initial,16,block7.W2,28,16,2.6780903339385986,2.6769845485687256,0.0011057853698730469
initial,16,block7.W2,29,16,2.5441839694976807,2.531189203262329,0.012994766235351562
initial,16,block7.W2,30,16,2.6751346588134766,2.676546812057495,0.0014121532440185547
initial,16,block7.W2,31,16,2.6560990810394287,2.665391206741333,0.009292125701904297
initial,16,block7.W2,32,16,2.608872175216675,2.6173205375671387,0.008448362350463867
initial,16,block7.W2,33,16,2.7313027381896973,2.73421311378479,0.0029103755950927734
initial,16,block7.W2,34,16,2.7519822120666504,2.752230167388916,0.000247955322265625
initial,16,block7.W2,35,16,2.6219985485076904,2.6092684268951416,0.012730121612548828
initial,16,block7.W2,36,16,2.611191987991333,2.6103062629699707,0.0008857250213623047
initial,16,block7.W2,37,16,2.5021629333496094,2.5066945552825928,0.0045316219329833984
initial,16,block7.W2,38,16,2.538975954055786,2.538135528564453,0.0008404254913330078
initial,16,block7.W2,39,16,2.6954212188720703,2.6924893856048584,0.002931833267211914
initial,16,block7.W2,40,16,2.543515682220459,2.5432088375091553,0.00030684471130371094
initial,16,block7.W2,41,16,2.4766194820404053,2.4783618450164795,0.0017423629760742188
initial,16,block7.W2,42,16,2.7039542198181152,2.717714786529541,0.013760566711425781
initial,16,block7.W2,43,16,2.6730153560638428,2.6780734062194824,0.0050580501556396484
initial,16,block7.W2,44,16,2.5647621154785156,2.568920850753784,0.004158735275268555
initial,16,block7.W2,45,16,2.6276602745056152,2.632014274597168,0.004354000091552734
initial,16,block7.W2,46,16,2.6134140491485596,2.6118428707122803,0.0015711784362792969
initial,16,block7.W2,47,16,2.6267361640930176,2.6255011558532715,0.0012350082397460938
initial,16,block7.W2,48,16,2.5089192390441895,2.5129003524780273,0.003981113433837891
initial,16,block7.W2,49,16,2.6319894790649414,2.629392385482788,0.0025970935821533203
initial,16,block7.W2,50,16,2.5505926609039307,2.552342653274536,0.0017499923706054688
initial,16,block7.W2,51,16,2.5481245517730713,2.5450544357299805,0.0030701160430908203
initial,16,block7.W2,52,16,2.6666386127471924,2.6671056747436523,0.00046706199645996094
initial,16,block7.W2,53,16,2.692701578140259,2.684647560119629,0.008054018020629883
initial,16,block7.W2,54,16,2.6717588901519775,2.674302816390991,0.002543926239013672
initial,16,block7.W2,55,16,2.6194825172424316,2.616544008255005,0.002938508987426758
initial,16,block7.W2,56,16,2.6511170864105225,2.6490695476531982,0.0020475387573242188
initial,16,block7.W2,57,16,2.6130149364471436,2.612816095352173,0.00019884109497070312
initial,16,block7.W2,58,16,2.7585599422454834,2.757460594177246,0.0010993480682373047
initial,16,block7.W2,59,16,2.6826395988464355,2.684319257736206,0.0016796588897705078
initial,16,block7.W2,60,16,2.6838901042938232,2.6903727054595947,0.006482601165771484
initial,16,block7.W2,61,16,2.5617074966430664,2.5617477893829346,4.029273986816406e-05
initial,16,block7.W2,62,16,2.6002554893493652,2.6023058891296387,0.0020503997802734375
initial,16,block7.W2,63,16,2.557711124420166,2.5484962463378906,0.00921487808227539
initial,17,W_out,0,16,2.7799251079559326,2.7391319274902344,0.04079318046569824
initial,17,W_out,1,16,2.706955671310425,2.707427501678467,0.0004718303680419922
initial,17,W_out,2,16,2.7647507190704346,2.6952812671661377,0.06946945190429688
initial,17,W_out,3,16,2.6216018199920654,2.5671565532684326,0.05444526672363281
initial,17,W_out,4,16,2.5273492336273193,2.543057441711426,0.015708208084106445
initial,17,W_out,5,16,2.742539882659912,2.7447221279144287,0.0021822452545166016
initial,17,W_out,6,16,2.6710455417633057,2.6387746334075928,0.03227090835571289
initial,17,W_out,7,16,2.6805481910705566,2.7725260257720947,0.09197783470153809
initial,17,W_out,8,16,2.6436822414398193,2.612159252166748,0.03152298927307129
initial,17,W_out,9,16,2.6542751789093018,2.617257595062256,0.0370175838470459
initial,17,W_out,10,16,2.6193888187408447,2.601444721221924,0.0179440975189209
initial,17,W_out,11,16,2.711129665374756,2.7091822624206543,0.0019474029541015625
initial,17,W_out,12,16,2.657156467437744,2.627776622772217,0.029379844665527344
initial,17,W_out,13,16,2.7078301906585693,2.672476053237915,0.0353541374206543
initial,17,W_out,14,16,2.6400058269500732,2.6511213779449463,0.011115550994873047
initial,17,W_out,15,16,2.7957205772399902,2.7274372577667236,0.0682833194732666
initial,17,W_out,16,16,2.6774075031280518,2.690042734146118,0.012635231018066406
initial,17,W_out,17,16,2.606771230697632,2.594541549682617,0.012229681015014648
initial,17,W_out,18,16,2.699237585067749,2.6802167892456055,0.019020795822143555
initial,17,W_out,19,16,2.6896023750305176,2.6585397720336914,0.031062602996826172
initial,17,W_out,20,16,2.571190357208252,2.5378546714782715,0.03333568572998047
initial,17,W_out,21,16,2.611395835876465,2.6332216262817383,0.021825790405273438
initial,17,W_out,22,16,2.5873987674713135,2.598121166229248,0.01072239875793457
initial,17,W_out,23,16,2.7042922973632812,2.688410997390747,0.01588129997253418
initial,17,W_out,24,16,2.618438243865967,2.6002204418182373,0.018217802047729492
initial,17,W_out,25,16,2.6735970973968506,2.6710219383239746,0.0025751590728759766
initial,17,W_out,26,16,2.6034202575683594,2.6520791053771973,0.04865884780883789
initial,17,W_out,27,16,2.715698719024658,2.7121856212615967,0.0035130977630615234
initial,17,W_out,28,16,2.67950177192688,2.706930160522461,0.027428388595581055
initial,17,W_out,29,16,2.5907483100891113,2.602271795272827,0.01152348518371582
initial,17,W_out,30,16,2.637942314147949,2.6703083515167236,0.032366037368774414
initial,17,W_out,31,16,2.7579431533813477,2.733039379119873,0.02490377426147461
initial,17,W_out,32,16,2.726480007171631,2.6850645542144775,0.04141545295715332
initial,17,W_out,33,16,2.7278828620910645,2.681891918182373,0.045990943908691406
initial,17,W_out,34,16,2.6873409748077393,2.6885440349578857,0.0012030601501464844
initial,17,W_out,35,16,2.5775632858276367,2.5641684532165527,0.013394832611083984
initial,17,W_out,36,16,2.5901126861572266,2.5955140590667725,0.0054013729095458984
initial,17,W_out,37,16,2.6091248989105225,2.5880348682403564,0.021090030670166016
initial,17,W_out,38,16,2.5209765434265137,2.5601696968078613,0.039193153381347656
initial,17,W_out,39,16,2.605512857437134,2.572190999984741,0.03332185745239258
initial,17,W_out,40,16,2.6030471324920654,2.6115429401397705,0.008495807647705078
initial,17,W_out,41,16,2.7142436504364014,2.6294007301330566,0.08484292030334473
initial,17,W_out,42,16,2.6573169231414795,2.5786359310150146,0.07868099212646484
initial,17,W_out,43,16,2.4875662326812744,2.4960920810699463,0.008525848388671875
initial,17,W_out,44,16,2.642697334289551,2.660815715789795,0.01811838150024414
initial,17,W_out,45,16,2.665341377258301,2.620375871658325,0.044965505599975586
initial,17,W_out,46,16,2.677603244781494,2.701504945755005,0.023901700973510742
initial,17,W_out,47,16,2.6431617736816406,2.653153657913208,0.009991884231567383
initial,17,W_out,48,16,2.489659309387207,2.471740484237671,0.017918825149536133
initial,17,W_out,49,16,2.633669137954712,2.595316171646118,0.03835296630859375
initial,17,W_out,50,16,2.6735544204711914,2.621734619140625,0.051819801330566406
initial,17,W_out,51,16,2.654362678527832,2.6766672134399414,0.022304534912109375
initial,17,W_out,52,16,2.7114675045013428,2.763026237487793,0.051558732986450195
initial,17,W_out,53,16,2.5251615047454834,2.5237784385681152,0.001383066177368164
initial,17,W_out,54,16,2.7322001457214355,2.7659897804260254,0.033789634704589844
initial,17,W_out,55,16,2.613731622695923,2.6147613525390625,0.0010297298431396484
initial,17,W_out,56,16,2.6127007007598877,2.595543622970581,0.01715707778930664
initial,17,W_out,57,16,2.5988690853118896,2.577150821685791,0.021718263626098633
initial,17,W_out,58,16,2.631187677383423,2.557429790496826,0.07375788688659668
initial,17,W_out,59,16,2.6098194122314453,2.6040358543395996,0.005783557891845703
initial,17,W_out,60,16,2.675419330596924,2.6875925064086914,0.012173175811767578
initial,17,W_out,61,16,2.644869327545166,2.628671884536743,0.01619744300842285
initial,17,W_out,62,16,2.507723331451416,2.553978443145752,0.04625511169433594
initial,17,W_out,63,16,2.6068978309631348,2.635111093521118,0.0282132625579834
final,0,W_in,0,16,0.8983544111251831,0.8889791369438171,0.009375274181365967
final,0,W_in,1,16,0.9416249990463257,0.9207788705825806,0.020846128463745117
final,0,W_in,2,16,0.8744797110557556,0.8313989043235779,0.043080806732177734
final,0,W_in,3,16,0.8106772899627686,0.8204699754714966,0.009792685508728027
final,0,W_in,4,16,0.8351536393165588,0.8522201180458069,0.017066478729248047
final,0,W_in,5,16,0.8584727048873901,0.8698634505271912,0.011390745639801025
final,0,W_in,6,16,1.0037702322006226,0.9299999475479126,0.07377028465270996
final,0,W_in,7,16,0.8915669918060303,0.8654348254203796,0.026132166385650635
final,0,W_in,8,16,0.8509571552276611,0.8612050414085388,0.010247886180877686
final,0,W_in,9,16,0.9034808278083801,0.9305065274238586,0.027025699615478516
final,0,W_in,10,16,0.8178817629814148,0.8233365416526794,0.0054547786712646484
final,0,W_in,11,16,0.8906638026237488,0.9180434942245483,0.02737969160079956
final,0,W_in,12,16,0.9546897411346436,0.9454441070556641,0.009245634078979492
final,0,W_in,13,16,0.8608459830284119,0.8577269315719604,0.003119051456451416
final,0,W_in,14,16,0.8686782717704773,0.8553212285041809,0.013357043266296387
final,0,W_in,15,16,0.8402076959609985,0.8470950722694397,0.006887376308441162
final,0,W_in,16,16,0.9087008237838745,0.8895667195320129,0.019134104251861572
final,0,W_in,17,16,1.0325143337249756,0.9429260492324829,0.08958828449249268
final,0,W_in,18,16,0.8371984958648682,0.8858926296234131,0.04869413375854492
final,0,W_in,19,16,0.8968769907951355,0.9056350588798523,0.008758068084716797
final,0,W_in,20,16,0.8395613431930542,0.8254839181900024,0.014077425003051758
final,0,W_in,21,16,0.7615386247634888,0.7833163142204285,0.021777689456939697
final,0,W_in,22,16,0.8683768510818481,0.9218891859054565,0.0535123348236084
final,0,W_in,23,16,0.7986785769462585,0.8183495402336121,0.019670963287353516
final,0,W_in,24,16,0.8247074484825134,0.8428559899330139,0.01814854145050049
final,0,W_in,25,16,0.9451003074645996,0.9303238987922668,0.014776408672332764
final,0,W_in,26,16,0.8619445562362671,0.8215675354003906,0.040377020835876465
final,0,W_in,27,16,0.8718451857566833,0.8651403188705444,0.006704866886138916
final,0,W_in,28,16,0.8075441718101501,0.8464736938476562,0.038929522037506104
final,0,W_in,29,16,0.8085766434669495,0.8234670758247375,0.014890432357788086
final,0,W_in,30,16,0.9484708309173584,0.9471779465675354,0.001292884349822998
final,0,W_in,31,16,0.9085200428962708,0.9061990976333618,0.0023209452629089355
final,0,W_in,32,16,0.7327753305435181,0.7409334182739258,0.008158087730407715
final,0,W_in,33,16,0.8457069396972656,0.8531714081764221,0.007464468479156494
final,0,W_in,34,16,0.8638774752616882,0.8301008939743042,0.03377658128738403
final,0,W_in,35,16,0.9285420775413513,0.913314938545227,0.015227138996124268
final,0,W_in,36,16,0.8234438896179199,0.8393657207489014,0.015921831130981445
final,0,W_in,37,16,0.7901188731193542,0.7911196351051331,0.0010007619857788086
final,0,W_in,38,16,0.8609737157821655,0.8898071050643921,0.028833389282226562
final,0,W_in,39,16,0.8741310834884644,0.8880517482757568,0.01392066478729248
final,0,W_in,40,16,0.734734058380127,0.7384217381477356,0.0036876797676086426
final,0,W_in,41,16,0.8376138806343079,0.8165910840034485,0.021022796630859375
final,0,W_in,42,16,0.9325555562973022,0.9389250874519348,0.006369531154632568
final,0,W_in,43,16,0.8785834312438965,0.8505370020866394,0.02804642915725708
final,0,W_in,44,16,0.8097123503684998,0.8017755746841431,0.00793677568435669
final,0,W_in,45,16,0.9655678272247314,0.9552375674247742,0.010330259799957275
final,0,W_in,46,16,0.888308584690094,0.9099917411804199,0.021683156490325928
final,0,W_in,47,16,0.8698108196258545,0.9014174342155457,0.03160661458969116
final,0,W_in,48,16,0.8737336993217468,0.8782643675804138,0.004530668258666992
final,0,W_in,49,16,0.8908782601356506,0.9298988580703735,0.0390205979347229
final,0,W_in,50,16,0.8780443668365479,0.8553952574729919,0.022649109363555908
final,0,W_in,51,16,0.8144099712371826,0.7693619132041931,0.0450480580329895
final,0,W_in,52,16,1.0061336755752563,0.9975961446762085,0.008537530899047852
final,0,W_in,53,16,0.8391245603561401,0.8388800024986267,0.00024455785751342773
final,0,W_in,54,16,0.8436485528945923,0.8846914768218994,0.04104292392730713
final,0,W_in,55,16,0.7685940265655518,0.7814801335334778,0.012886106967926025
final,0,W_in,56,16,0.7841727137565613,0.7484754323959351,0.03569728136062622
final,0,W_in,57,16,0.872234046459198,0.867741584777832,0.004492461681365967
final,0,W_in,58,16,0.9289218783378601,0.935560941696167,0.006639063358306885
final,0,W_in,59,16,0.8919916152954102,0.9276347160339355,0.03564310073852539
final,0,W_in,60,16,0.7819206714630127,0.7646825313568115,0.017238140106201172
final,0,W_in,61,16,1.0144482851028442,1.0235494375228882,0.009101152420043945
final,0,W_in,62,16,0.8638272881507874,0.8569087982177734,0.006918489933013916
final,0,W_in,63,16,0.8865309953689575,0.8802803754806519,0.006250619888305664
final,1,block0.W1,0,16,0.7085756063461304,0.6801320910453796,0.028443515300750732
final,1,block0.W1,1,16,0.7520308494567871,0.7552655935287476,0.0032347440719604492
final,1,block0.W1,2,16,0.9260463118553162,0.9379919171333313,0.011945605278015137
final,1,block0.W1,3,16,0.8413981199264526,0.8676616549491882,0.026263535022735596
final,1,block0.W1,4,16,0.8564577102661133,0.8483613133430481,0.008096396923065186
final,1,block0.W1,5,16,0.9485200047492981,0.9354419708251953,0.013078033924102783
final,1,block0.W1,6,16,0.8311689496040344,0.8440822958946228,0.012913346290588379
final,1,block0.W1,7,16,0.9242645502090454,0.911322295665741,0.012942254543304443
final,1,block0.W1,8,16,0.8203511834144592,0.8546946048736572,0.034343421459198
final,1,block0.W1,9,16,0.8414546251296997,0.8500600457191467,0.008605420589447021
final,1,block0.W1,10,16,0.7752412557601929,0.7861036062240601,0.010862350463867188
final,1,block0.W1,11,16,0.8901052474975586,0.9204046130180359,0.030299365520477295
final,1,block0.W1,12,16,0.8477086424827576,0.8748197555541992,0.02711111307144165
final,1,block0.W1,13,16,0.7569698095321655,0.8046584129333496,0.04768860340118408
final,1,block0.W1,14,16,0.8996428847312927,0.9093597531318665,0.00971686840057373
final,1,block0.W1,15,16,0.7120845317840576,0.7157517075538635,0.003667175769805908
final,1,block0.W1,16,16,0.8758832812309265,0.8607505559921265,0.015132725238800049
final,1,block0.W1,17,16,0.9004499912261963,0.9100781083106995,0.009628117084503174
final,1,block0.W1,18,16,0.863092839717865,0.8704591393470764,0.007366299629211426
final,1,block0.W1,19,16,0.8550356030464172,0.8366499543190002,0.018385648727416992
final,1,block0.W1,20,16,0.8657955527305603,0.8647176623344421,0.001077890396118164
final,1,block0.W1,21,16,0.8386502265930176,0.8115178942680359,0.02713233232498169
final,1,block0.W1,22,16,0.8235585689544678,0.8126294612884521,0.010929107666015625
final,1,block0.W1,23,16,0.8827697038650513,0.899380087852478,0.016610383987426758
final,1,block0.W1,24,16,0.8019165396690369,0.7874888181686401,0.014427721500396729
final,1,block0.W1,25,16,0.9316216707229614,0.9155004620552063,0.016121208667755127
final,1,block0.W1,26,16,0.892432689666748,0.8907191157341003,0.001713573932647705
final,1,block0.W1,27,16,0.9107227921485901,0.928831934928894,0.018109142780303955
final,1,block0.W1,28,16,0.798799455165863,0.8143244981765747,0.01552504301071167
final,1,block0.W1,29,16,0.8811798691749573,0.8601644039154053,0.021015465259552002
final,1,block0.W1,30,16,0.803127110004425,0.8334234952926636,0.030296385288238525
final,1,block0.W1,31,16,0.8337692022323608,0.8509761691093445,0.017206966876983643
final,1,block0.W1,32,16,0.8930610418319702,0.9206014275550842,0.027540385723114014
final,1,block0.W1,33,16,0.9401959776878357,0.9269596338272095,0.01323634386062622
final,1,block0.W1,34,16,0.9157715439796448,0.8937232494354248,0.02204829454421997
final,1,block0.W1,35,16,0.9165374040603638,0.8849095702171326,0.0316278338432312
final,1,block0.W1,36,16,0.7509651184082031,0.7420237064361572,0.008941411972045898
final,1,block0.W1,37,16,0.7972285747528076,0.798111617565155,0.0008830428123474121
final,1,block0.W1,38,16,0.914888322353363,0.9138182997703552,0.0010700225830078125
final,1,block0.W1,39,16,0.7839203476905823,0.7834933996200562,0.00042694807052612305
final,1,block0.W1,40,16,0.9381648302078247,0.927777111530304,0.010387718677520752
final,1,block0.W1,41,16,0.8671042323112488,0.8511043190956116,0.015999913215637207
final,1,block0.W1,42,16,0.918772280216217,0.8998308777809143,0.018941402435302734
final,1,block0.W1,43,16,0.7930890321731567,0.8129037618637085,0.019814729690551758
final,1,block0.W1,44,16,0.8611786961555481,0.8613466620445251,0.00016796588897705078
final,1,block0.W1,45,16,0.826511561870575,0.8274210095405579,0.0009094476699829102
final,1,block0.W1,46,16,0.7831286191940308,0.794607400894165,0.011478781700134277
final,1,block0.W1,47,16,0.8344881534576416,0.866860568523407,0.03237241506576538
final,1,block0.W1,48,16,0.8856642246246338,0.9084216952323914,0.02275747060775757
final,1,block0.W1,49,16,0.9310169816017151,0.8957889676094055,0.03522801399230957
final,1,block0.W1,50,16,0.8863425850868225,0.8971834778785706,0.010840892791748047
final,1,block0.W1,51,16,0.9262519478797913,0.9467544555664062,0.02050250768661499
final,1,block0.W1,52,16,0.8094395995140076,0.8218326568603516,0.012393057346343994
final,1,block0.W1,53,16,0.7973184585571289,0.8061659932136536,0.008847534656524658
final,1,block0.W1,54,16,0.8222617506980896,0.847512423992157,0.025250673294067383
final,1,block0.W1,55,16,0.8969866633415222,0.9050471186637878,0.008060455322265625
final,1,block0.W1,56,16,0.7961506843566895,0.8042749762535095,0.008124291896820068
final,1,block0.W1,57,16,0.8114305734634399,0.8151034116744995,0.0036728382110595703
final,1,block0.W1,58,16,0.83802330493927,0.8311233520507812,0.0068999528884887695
final,1,block0.W1,59,16,0.842822253704071,0.8340884447097778,0.008733808994293213
final,1,block0.W1,60,16,0.833134651184082,0.827069878578186,0.006064772605895996
final,1,block0.W1,61,16,0.8954758048057556,0.8793082237243652,0.01616758108139038
final,1,block0.W1,62,16,0.8500186204910278,0.8521944880485535,0.0021758675575256348
final,1,block0.W1,63,16,0.884244441986084,0.8813581466674805,0.0028862953186035156
final,2,block0.W2,0,16,0.9585913419723511,0.920474648475647,0.0381166934967041
final,2,block0.W2,1,16,0.9148757457733154,0.9111679792404175,0.0037077665328979492
final,2,block0.W2,2,16,0.8969026207923889,0.8913642168045044,0.0055384039878845215
final,2,block0.W2,3,16,0.8221625685691833,0.8478288650512695,0.02566629648208618
final,2,block0.W2,4,16,0.9353035688400269,0.9574326872825623,0.0221291184425354
final,2,block0.W2,5,16,0.879742443561554,0.908094584941864,0.02835214138031006
final,2,block0.W2,6,16,0.8916874527931213,0.8920508027076721,0.00036334991455078125
final,2,block0.W2,7,16,0.8658513426780701,0.8961608409881592,0.03030949831008911
final,2,block0.W2,8,16,0.8562244772911072,0.8456490635871887,0.010575413703918457
final,2,block0.W2,9,16,0.8866145014762878,0.8815178275108337,0.0050966739654541016
final,2,block0.W2,10,16,0.907062828540802,0.8944326043128967,0.012630224227905273
final,2,block0.W2,11,16,1.0095815658569336,0.9856840372085571,0.023897528648376465
final,2,block0.W2,12,16,0.856920599937439,0.8436443209648132,0.013276278972625732
final,2,block0.W2,13,16,0.8811736106872559,0.875665009021759,0.005508601665496826
final,2,block0.W2,14,16,0.8441920280456543,0.8138969540596008,0.030295073986053467
final,2,block0.W2,15,16,0.9070313572883606,0.9083162546157837,0.0012848973274230957
final,2,block0.W2,16,16,0.8730994462966919,0.8640499114990234,0.009049534797668457
final,2,block0.W2,17,16,0.8954923748970032,0.9155311584472656,0.02003878355026245
final,2,block0.W2,18,16,0.8145156502723694,0.8273821473121643,0.012866497039794922
final,2,block0.W2,19,16,0.920837938785553,0.9239503741264343,0.0031124353408813477
final,2,block0.W2,20,16,0.8202388286590576,0.8093047142028809,0.010934114456176758
final,2,block0.W2,21,16,0.7882792353630066,0.7782925963401794,0.009986639022827148
final,2,block0.W2,22,16,0.844099223613739,0.8491986989974976,0.005099475383758545
final,2,block0.W2,23,16,0.8619871735572815,0.880976676940918,0.018989503383636475
final,2,block0.W2,24,16,0.857140839099884,0.8476182222366333,0.009522616863250732
final,2,block0.W2,25,16,0.805912435054779,0.7970883846282959,0.008824050426483154
final,2,block0.W2,26,16,0.8254734873771667,0.8509362936019897,0.025462806224822998
final,2,block0.W2,27,16,0.8728574514389038,0.8924415707588196,0.01958411931991577
final,2,block0.W2,28,16,0.8606593012809753,0.8330313563346863,0.027627944946289062
final,2,block0.W2,29,16,0.7844419479370117,0.7882648706436157,0.003822922706604004
final,2,block0.W2,30,16,0.9211085438728333,0.8940287828445435,0.027079761028289795
final,2,block0.W2,31,16,0.8212741017341614,0.8411118388175964,0.01983773708343506
final,2,block0.W2,32,16,0.9178494215011597,0.9229931235313416,0.005143702030181885
final,2,block0.W2,33,16,0.922490656375885,0.9431532025337219,0.020662546157836914
final,2,block0.W2,34,16,0.9085825085639954,0.9315183758735657,0.022935867309570312
final,2,block0.W2,35,16,0.9166030287742615,0.9298617839813232,0.013258755207061768
final,2,block0.W2,36,16,0.8041311502456665,0.8195352554321289,0.015404105186462402
final,2,block0.W2,37,16,0.892184317111969,0.8693761825561523,0.02280813455581665
final,2,block0.W2,38,16,0.8892118334770203,0.8890748023986816,0.00013703107833862305
final,2,block0.W2,39,16,0.8480916023254395,0.8416306972503662,0.006460905075073242
final,2,block0.W2,40,16,0.8401385545730591,0.8535397052764893,0.013401150703430176
final,2,block0.W2,41,16,0.8745160698890686,0.8986917734146118,0.024175703525543213
final,2,block0.W2,42,16,0.8256696462631226,0.8320057392120361,0.006336092948913574
final,2,block0.W2,43,16,0.8857197165489197,0.8995412588119507,0.013821542263031006
final,2,block0.W2,44,16,0.8699223399162292,0.8555602431297302,0.014362096786499023
final,2,block0.W2,45,16,0.8762243986129761,0.9088201522827148,0.03259575366973877
final,2,block0.W2,46,16,0.7757686376571655,0.7668429613113403,0.008925676345825195
final,2,block0.W2,47,16,0.7674993872642517,0.7899891138076782,0.022489726543426514
final,2,block0.W2,48,16,0.973621129989624,0.940068781375885,0.033552348613739014
final,2,block0.W2,49,16,0.7492853999137878,0.7539771795272827,0.004691779613494873
final,2,block0.W2,50,16,0.9460185766220093,0.9253160357475281,0.0207025408744812
final,2,block0.W2,51,16,0.8029645681381226,0.7841039299964905,0.01886063814163208
final,2,block0.W2,52,16,0.907843828201294,0.9060233235359192,0.0018205046653747559
final,2,block0.W2,53,16,0.9153002500534058,0.899179220199585,0.0161210298538208
final,2,block0.W2,54,16,0.9268407225608826,0.9235422611236572,0.003298461437225342
final,2,block0.W2,55,16,0.806938648223877,0.7891440391540527,0.01779460906982422
final,2,block0.W2,56,16,0.8732655048370361,0.8619126081466675,0.011352896690368652
final,2,block0.W2,57,16,0.810364305973053,0.7883325219154358,0.022031784057617188
final,2,block0.W2,58,16,0.9253706336021423,0.935649037361145,0.010278403759002686
final,2,block0.W2,59,16,0.9124682545661926,0.9028787612915039,0.00958949327468872
final,2,block0.W2,60,16,0.9550526142120361,0.9484643936157227,0.0065882205963134766
final,2,block0.W2,61,16,0.8253291249275208,0.8326276540756226,0.007298529148101807
final,2,block0.W2,62,16,0.7661328911781311,0.7701154351234436,0.0039825439453125
final,2,block0.W2,63,16,0.7219945788383484,0.7279375791549683,0.005943000316619873
final,3,block1.W1,0,16,0.7728404998779297,0.7737249135971069,0.0008844137191772461
final,3,block1.W1,1,16,0.7964548468589783,0.8022222518920898,0.005767405033111572
final,3,block1.W1,2,16,0.7452417612075806,0.7432403564453125,0.0020014047622680664
final,3,block1.W1,3,16,0.8327113389968872,0.8196814656257629,0.013029873371124268
final,3,block1.W1,4,16,0.7630573511123657,0.7953406572341919,0.03228330612182617
final,3,block1.W1,5,16,0.8801912665367126,0.9057319760322571,0.025540709495544434
final,3,block1.W1,6,16,0.8689543604850769,0.8507362008094788,0.018218159675598145
final,3,block1.W1,7,16,0.8679113388061523,0.857010006904602,0.010901331901550293
final,3,block1.W1,8,16,0.8751301765441895,0.8803964853286743,0.005266308784484863
final,3,block1.W1,9,16,0.8644289970397949,0.8539717793464661,0.010457217693328857
final,3,block1.W1,10,16,0.8341407775878906,0.8022104501724243,0.03193032741546631
final,3,block1.W1,11,16,0.8842328786849976,0.8949072360992432,0.010674357414245605
final,3,block1.W1,12,16,0.8377468585968018,0.8404219746589661,0.0026751160621643066
final,3,block1.W1,13,16,0.811358630657196,0.8216450810432434,0.010286450386047363
final,3,block1.W1,14,16,0.7545600533485413,0.7447043657302856,0.009855687618255615
final,3,block1.W1,15,16,0.8616150617599487,0.8383729457855225,0.02324211597442627
final,3,block1.W1,16,16,0.8344959020614624,0.8513867855072021,0.016890883445739746
final,3,block1.W1,17,16,0.9019120931625366,0.8816381096839905,0.020273983478546143
final,3,block1.W1,18,16,0.8038218021392822,0.8352028727531433,0.031381070613861084
final,3,block1.W1,19,16,0.8603702783584595,0.8649263978004456,0.004556119441986084
final,3,block1.W1,20,16,0.9078822135925293,0.9035642743110657,0.004317939281463623
final,3,block1.W1,21,16,0.8876007795333862,0.8910415172576904,0.0034407377243041992
final,3,block1.W1,22,16,0.8984464406967163,0.9183188676834106,0.019872426986694336
final,3,block1.W1,23,16,0.9110816121101379,0.8894453048706055,0.02163630723953247
final,3,block1.W1,24,16,0.9353688955307007,0.9321790337562561,0.00318986177444458
final,3,block1.W1,25,16,0.9319414496421814,0.9308109283447266,0.001130521297454834
final,3,block1.W1,26,16,0.8873429298400879,0.8497944474220276,0.0375484824180603
final,3,block1.W1,27,16,0.8910432457923889,0.866985559463501,0.02405768632888794
final,3,block1.W1,28,16,0.810875415802002,0.8031418323516846,0.007733583450317383
final,3,block1.W1,29,16,0.8719897866249084,0.8271581530570984,0.04483163356781006
final,3,block1.W1,30,16,0.7568665742874146,0.736309826374054,0.020556747913360596
final,3,block1.W1,31,16,0.7881452441215515,0.795734703540802,0.007589459419250488
final,3,block1.W1,32,16,0.7648752331733704,0.7746255397796631,0.009750306606292725
final,3,block1.W1,33,16,0.913591742515564,0.9033632278442383,0.010228514671325684
final,3,block1.W1,34,16,0.9019734263420105,0.9011534452438354,0.0008199810981750488
final,3,block1.W1,35,16,0.8401166200637817,0.8299666047096252,0.010150015354156494
final,3,block1.W1,36,16,0.8761966824531555,0.8731544613838196,0.0030422210693359375
final,3,block1.W1,37,16,0.8253355622291565,0.8219589591026306,0.003376603126525879
final,3,block1.W1,38,16,0.8275529742240906,0.8302326798439026,0.0026797056198120117
final,3,block1.W1,39,16,0.8320201635360718,0.857212483882904,0.025192320346832275
final,3,block1.W1,40,16,0.8932012915611267,0.8786114454269409,0.014589846134185791
final,3,block1.W1,41,16,0.7571609020233154,0.7523595690727234,0.004801332950592041
final,3,block1.W1,42,16,0.9282386302947998,0.9393787384033203,0.011140108108520508
final,3,block1.W1,43,16,0.916485607624054,0.9144314527511597,0.002054154872894287
final,3,block1.W1,44,16,0.8540062308311462,0.8414896726608276,0.012516558170318604
final,3,block1.W1,45,16,0.9248073101043701,0.9319225549697876,0.0071152448654174805
final,3,block1.W1,46,16,0.8263606429100037,0.8115300536155701,0.014830589294433594
final,3,block1.W1,47,16,0.8854720592498779,0.9050143957138062,0.019542336463928223
final,3,block1.W1,48,16,0.7644568681716919,0.7690311670303345,0.004574298858642578
final,3,block1.W1,49,16,0.9349448680877686,0.9373695254325867,0.0024246573448181152
final,3,block1.W1,50,16,0.8390235304832458,0.8179939389228821,0.02102959156036377
final,3,block1.W1,51,16,0.8184748291969299,0.8099225759506226,0.008552253246307373
final,3,block1.W1,52,16,0.9093009829521179,0.8630489110946655,0.04625207185745239
final,3,block1.W1,53,16,0.8867660164833069,0.8875921368598938,0.0008261203765869141
final,3,block1.W1,54,16,0.7316724061965942,0.7522448897361755,0.0205724835395813
final,3,block1.W1,55,16,0.9632343053817749,0.9508880972862244,0.012346208095550537
final,3,block1.W1,56,16,0.9107003808021545,0.893535852432251,0.017164528369903564
final,3,block1.W1,57,16,0.95269376039505,0.9067280888557434,0.04596567153930664
final,3,block1.W1,58,16,0.8109283447265625,0.8394455313682556,0.028517186641693115
final,3,block1.W1,59,16,0.8488600254058838,0.8392553925514221,0.00960463285446167
final,3,block1.W1,60,16,0.8698940277099609,0.8705827593803406,0.0006887316703796387
final,3,block1.W1,61,16,0.8123154640197754,0.8112093210220337,0.0011061429977416992
final,3,block1.W1,62,16,0.7805004119873047,0.7915967702865601,0.011096358299255371
final,3,block1.W1,63,16,0.8988797068595886,0.8745710253715515,0.02430868148803711
final,4,block1.W2,0,16,0.980012834072113,0.9517473578453064,0.02826547622680664
final,4,block1.W2,1,16,0.8080532550811768,0.7899489402770996,0.01810431480407715
final,4,block1.W2,2,16,0.8482211232185364,0.8214878439903259,0.02673327922821045
final,4,block1.W2,3,16,0.7592822909355164,0.7604314684867859,0.0011491775512695312
final,4,block1.W2,4,16,0.8877497911453247,0.9213337898254395,0.033583998680114746
final,4,block1.W2,5,16,0.7466579675674438,0.7618502974510193,0.01519232988357544
final,4,block1.W2,6,16,0.9300983548164368,0.9285708665847778,0.0015274882316589355
final,4,block1.W2,7,16,0.8386521339416504,0.8408151268959045,0.0021629929542541504
final,4,block1.W2,8,16,0.7568118572235107,0.758770763874054,0.001958906650543213
final,4,block1.W2,9,16,0.9625351428985596,0.9620117545127869,0.0005233883857727051
final,4,block1.W2,10,16,0.9301153421401978,0.9493209719657898,0.01920562982559204
final,4,block1.W2,11,16,0.8697614669799805,0.8702294826507568,0.0004680156707763672
final,4,block1.W2,12,16,0.9114208817481995,0.8987623453140259,0.012658536434173584
final,4,block1.W2,13,16,0.8198561072349548,0.8475935459136963,0.027737438678741455
final,4,block1.W2,14,16,0.8256117701530457,0.8232625722885132,0.0023491978645324707
final,4,block1.W2,15,16,0.8531389236450195,0.891377866268158,0.03823894262313843
final,4,block1.W2,16,16,0.8190037608146667,0.8193971514701843,0.0003933906555175781
final,4,block1.W2,17,16,0.8784330487251282,0.8876859545707703,0.00925290584564209
final,4,block1.W2,18,16,0.8386789560317993,0.8418894410133362,0.0032104849815368652
final,4,block1.W2,19,16,0.8608604073524475,0.8334699273109436,0.027390480041503906
final,4,block1.W2,20,16,0.9093785881996155,0.928708016872406,0.019329428672790527
final,4,block1.W2,21,16,0.9407785534858704,0.9240891933441162,0.01668936014175415
final,4,block1.W2,22,16,0.8798006772994995,0.8779441118240356,0.0018565654754638672
final,4,block1.W2,23,16,0.8704773783683777,0.8429489135742188,0.027528464794158936
final,4,block1.W2,24,16,0.8564358353614807,0.8447991609573364,0.011636674404144287
final,4,block1.W2,25,16,0.8959373831748962,0.8680917024612427,0.027845680713653564
final,4,block1.W2,26,16,0.8200725317001343,0.8169882893562317,0.003084242343902588
final,4,block1.W2,27,16,0.8003113865852356,0.8059052228927612,0.005593836307525635
final,4,block1.W2,28,16,0.8033128380775452,0.7947837114334106,0.008529126644134521
final,4,block1.W2,29,16,0.9215627312660217,0.91218101978302,0.009381711483001709
final,4,block1.W2,30,16,0.8675283193588257,0.8713144659996033,0.003786146640777588
final,4,block1.W2,31,16,0.8468737006187439,0.8690746426582336,0.022200942039489746
final,4,block1.W2,32,16,0.7497966289520264,0.7458292245864868,0.003967404365539551
final,4,block1.W2,33,16,0.8739762902259827,0.8622381091117859,0.011738181114196777
final,4,block1.W2,34,16,0.9086241722106934,0.8950216770172119,0.013602495193481445
final,4,block1.W2,35,16,0.8920773267745972,0.8780081868171692,0.014069139957427979
final,4,block1.W2,36,16,0.8805899024009705,0.9226189851760864,0.04202908277511597
final,4,block1.W2,37,16,0.7444121837615967,0.7322442531585693,0.012167930603027344
final,4,block1.W2,38,16,0.8016321063041687,0.805276095867157,0.0036439895629882812
final,4,block1.W2,39,16,0.9036129117012024,0.881460964679718,0.022151947021484375
final,4,block1.W2,40,16,0.900282621383667,0.9123309254646301,0.012048304080963135
final,4,block1.W2,41,16,0.8276354074478149,0.8477950096130371,0.020159602165222168
final,4,block1.W2,42,16,0.9260480403900146,0.9183395504951477,0.007708489894866943
final,4,block1.W2,43,16,1.0078390836715698,1.0264967679977417,0.018657684326171875
final,4,block1.W2,44,16,0.869621992111206,0.8827605843544006,0.01313859224319458
final,4,block1.W2,45,16,0.9082009792327881,0.9034340381622314,0.004766941070556641
final,4,block1.W2,46,16,0.8965822458267212,0.873467206954956,0.023115038871765137
final,4,block1.W2,47,16,0.8804879188537598,0.8875485062599182,0.007060587406158447
final,4,block1.W2,48,16,0.8377590179443359,0.847377598285675,0.009618580341339111
final,4,block1.W2,49,16,0.8425132632255554,0.8333600163459778,0.009153246879577637
final,4,block1.W2,50,16,0.8856508731842041,0.8582105040550232,0.027440369129180908
final,4,block1.W2,51,16,0.9289470314979553,0.9443626999855042,0.015415668487548828
final,4,block1.W2,52,16,0.9401430487632751,0.947094738483429,0.006951689720153809
final,4,block1.W2,53,16,0.8740262389183044,0.8685345649719238,0.005491673946380615
final,4,block1.W2,54,16,0.8079212307929993,0.8115791082382202,0.0036578774452209473
final,4,block1.W2,55,16,0.810486912727356,0.8204219937324524,0.009935081005096436
final,4,block1.W2,56,16,0.9003974199295044,0.9169998168945312,0.016602396965026855
final,4,block1.W2,57,16,0.7983183264732361,0.8089803457260132,0.0106620192527771
final,4,block1.W2,58,16,0.8843765258789062,0.8979204893112183,0.013543963432312012
final,4,block1.W2,59,16,0.955011785030365,0.9587211608886719,0.0037093758583068848
final,4,block1.W2,60,16,0.8693633675575256,0.894318699836731,0.024955332279205322
final,4,block1.W2,61,16,0.7641148567199707,0.7665658593177795,0.002451002597808838
final,4,block1.W2,62,16,0.7906253933906555,0.8114591240882874,0.020833730697631836
final,4,block1.W2,63,16,0.8763285875320435,0.873691201210022,0.0026373863220214844
final,5,block2.W1,0,16,0.9136568903923035,0.9076389074325562,0.0060179829597473145
final,5,block2.W1,1,16,0.9223296046257019,0.9199057221412659,0.002423882484436035
final,5,block2.W1,2,16,0.9206072688102722,0.9333078861236572,0.01270061731338501
final,5,block2.W1,3,16,0.834624707698822,0.8405705690383911,0.005945861339569092
final,5,block2.W1,4,16,0.8373386859893799,0.8236600160598755,0.013678669929504395
final,5,block2.W1,5,16,0.7424395680427551,0.7201613783836365,0.022278189659118652
final,5,block2.W1,6,16,0.7653486132621765,0.7876566648483276,0.022308051586151123
final,5,block2.W1,7,16,0.8722168207168579,0.8609375953674316,0.01127922534942627
final,5,block2.W1,8,16,0.8091049194335938,0.7814637422561646,0.0276411771774292
final,5,block2.W1,9,16,0.8494572043418884,0.8372642993927002,0.012192904949188232
final,5,block2.W1,10,16,0.7659209370613098,0.7866434454917908,0.020722508430480957
final,5,block2.W1,11,16,0.9072957038879395,0.9132142663002014,0.005918562412261963
final,5,block2.W1,12,16,0.7874484062194824,0.7920255661010742,0.004577159881591797
final,5,block2.W1,13,16,0.864431619644165,0.8399487733840942,0.0244828462600708
final,5,block2.W1,14,16,0.8356348276138306,0.8556244373321533,0.019989609718322754
final,5,block2.W1,15,16,0.91551274061203,0.9091953039169312,0.006317436695098877
final,5,block2.W1,16,16,0.8592956066131592,0.8667924404144287,0.007496833801269531
final,5,block2.W1,17,16,0.9102640151977539,0.9137503504753113,0.003486335277557373
final,5,block2.W1,18,16,0.7728452682495117,0.766421377658844,0.006423890590667725
final,5,block2.W1,19,16,0.9136416912078857,0.9142767190933228,0.0006350278854370117
final,5,block2.W1,20,16,0.8767749667167664,0.8716419339179993,0.00513303279876709
final,5,block2.W1,21,16,0.8952319025993347,0.8582175970077515,0.03701430559158325
final,5,block2.W1,22,16,0.9015012979507446,0.9189683794975281,0.017467081546783447
final,5,block2.W1,23,16,0.865875244140625,0.8674471378326416,0.0015718936920166016
final,5,block2.W1,24,16,0.8129791617393494,0.8165158629417419,0.003536701202392578
final,5,block2.W1,25,16,0.9303399324417114,0.9204629063606262,0.009877026081085205
final,5,block2.W1,26,16,0.9324938654899597,0.9310528635978699,0.0014410018920898438
final,5,block2.W1,27,16,0.7637624740600586,0.7717136144638062,0.007951140403747559
final,5,block2.W1,28,16,0.7960826754570007,0.7960315942764282,5.1081180572509766e-05
final,5,block2.W1,29,16,0.8530886173248291,0.8482046127319336,0.004884004592895508
final,5,block2.W1,30,16,0.9434537291526794,0.9351825714111328,0.00827115774154663
final,5,block2.W1,31,16,0.8040735721588135,0.8033194541931152,0.0007541179656982422
final,5,block2.W1,32,16,0.8577569723129272,0.8706434369087219,0.012886464595794678
final,5,block2.W1,33,16,0.8464958667755127,0.8565613627433777,0.01006549596786499
final,5,block2.W1,34,16,0.8281290531158447,0.7920140027999878,0.036115050315856934
final,5,block2.W1,35,16,0.7484326958656311,0.7544547915458679,0.006022095680236816
final,5,block2.W1,36,16,0.7617436647415161,0.7718312740325928,0.01008760929107666
final,5,block2.W1,37,16,0.9599924087524414,0.9378077983856201,0.02218461036682129
final,5,block2.W1,38,16,0.8347741365432739,0.8446183800697327,0.00984424352645874
final,5,block2.W1,39,16,0.8641197085380554,0.8563401699066162,0.007779538631439209
final,5,block2.W1,40,16,1.0145336389541626,0.9713143706321716,0.04321926832199097
final,5,block2.W1,41,16,0.8908374309539795,0.890312671661377,0.0005247592926025391
final,5,block2.W1,42,16,0.8716139793395996,0.8710291385650635,0.0005848407745361328
final,5,block2.W1,43,16,0.9520837068557739,0.9634253978729248,0.011341691017150879
final,5,block2.W1,44,16,0.9070919752120972,0.9110498428344727,0.003957867622375488
final,5,block2.W1,45,16,0.9550226330757141,0.9580347537994385,0.0030121207237243652
final,5,block2.W1,46,16,0.8723145723342896,0.8705735802650452,0.0017409920692443848
final,5,block2.W1,47,16,0.9263727068901062,0.9038971066474915,0.022475600242614746
final,5,block2.W1,48,16,0.8459563255310059,0.8591234683990479,0.013167142868041992
final,5,block2.W1,49,16,0.9060855507850647,0.9038875102996826,0.00219804048538208
final,5,block2.W1,50,16,0.8221958875656128,0.8176352381706238,0.004560649394989014
final,5,block2.W1,51,16,0.7968776822090149,0.7882091403007507,0.00866854190826416
final,5,block2.W1,52,16,0.8517821431159973,0.8452029824256897,0.006579160690307617
final,5,block2.W1,53,16,0.9140573740005493,0.9231277108192444,0.009070336818695068
final,5,block2.W1,54,16,0.9034987688064575,0.9089570045471191,0.005458235740661621
final,5,block2.W1,55,16,0.8076434135437012,0.8061259984970093,0.0015174150466918945
final,5,block2.W1,56,16,0.8260737061500549,0.8095148205757141,0.01655888557434082
final,5,block2.W1,57,16,0.9378339648246765,0.9449189901351929,0.007085025310516357
final,5,block2.W1,58,16,0.9919511079788208,0.9835245013237,0.00842660665512085
final,5,block2.W1,59,16,0.9011068344116211,0.9153655171394348,0.01425868272781372
final,5,block2.W1,60,16,0.8911969065666199,0.9083923101425171,0.017195403575897217
final,5,block2.W1,61,16,0.8190128803253174,0.8206537961959839,0.001640915870666504
final,5,block2.W1,62,16,0.8536845445632935,0.8448591828346252,0.008825361728668213
final,5,block2.W1,63,16,0.8236775994300842,0.8166020512580872,0.00707554817199707
final,6,block2.W2,0,16,0.8153650760650635,0.8337300419807434,0.01836496591567993
final,6,block2.W2,1,16,0.8078163862228394,0.8186681866645813,0.010851800441741943
final,6,block2.W2,2,16,0.8368843793869019,0.8124513030052185,0.02443307638168335
final,6,block2.W2,3,16,0.7626628279685974,0.7658549547195435,0.003192126750946045
final,6,block2.W2,4,16,0.7298635244369507,0.7134987115859985,0.01636481285095215
final,6,block2.W2,5,16,0.89292973279953,0.8931950330734253,0.00026530027389526367
final,6,block2.W2,6,16,0.8992273211479187,0.9013807773590088,0.002153456211090088
final,6,block2.W2,7,16,0.8552849292755127,0.8693482279777527,0.01406329870223999
final,6,block2.W2,8,16,0.7516874670982361,0.7403596639633179,0.011327803134918213
final,6,block2.W2,9,16,0.8410003185272217,0.8729078769683838,0.03190755844116211
final,6,block2.W2,10,16,0.8293148279190063,0.8142159581184387,0.015098869800567627
final,6,block2.W2,11,16,0.7890680432319641,0.8063086867332458,0.01724064350128174
final,6,block2.W2,12,16,1.025757074356079,1.010339379310608,0.015417695045471191
final,6,block2.W2,13,16,0.9538560509681702,0.936279833316803,0.017576217651367188
final,6,block2.W2,14,16,0.9676954746246338,0.9631874561309814,0.004508018493652344
final,6,block2.W2,15,16,0.9086596965789795,0.8983078598976135,0.010351836681365967
final,6,block2.W2,16,16,0.9729294180870056,0.9638932943344116,0.009036123752593994
final,6,block2.W2,17,16,0.8757022023200989,0.8876948952674866,0.011992692947387695
final,6,block2.W2,18,16,1.0226796865463257,1.011803388595581,0.010876297950744629
final,6,block2.W2,19,16,0.8329698443412781,0.8402045369148254,0.007234692573547363
final,6,block2.W2,20,16,0.7759346961975098,0.7853150367736816,0.009380340576171875
final,6,block2.W2,21,16,0.782706618309021,0.8023896217346191,0.019683003425598145
final,6,block2.W2,22,16,0.8546443581581116,0.8523936867713928,0.00225067138671875
final,6,block2.W2,23,16,0.9294276237487793,0.9213812351226807,0.008046388626098633
final,6,block2.W2,24,16,0.7953705787658691,0.779069721698761,0.016300857067108154
final,6,block2.W2,25,16,0.8424766659736633,0.8434997797012329,0.00102311372756958
final,6,block2.W2,26,16,0.9163997769355774,0.9348313808441162,0.01843160390853882
final,6,block2.W2,27,16,0.8967893719673157,0.8977741599082947,0.000984787940979004
final,6,block2.W2,28,16,0.8697705864906311,0.8283597826957703,0.04141080379486084
final,6,block2.W2,29,16,0.9966558218002319,0.9851265549659729,0.011529266834259033
final,6,block2.W2,30,16,0.8862755298614502,0.8858487606048584,0.0004267692565917969
final,6,block2.W2,31,16,0.8733535408973694,0.8811126351356506,0.00775909423828125
final,6,block2.W2,32,16,0.8221513032913208,0.8258644342422485,0.0037131309509277344
final,6,block2.W2,33,16,0.805372953414917,0.8233660459518433,0.01799309253692627
final,6,block2.W2,34,16,0.8159598708152771,0.808360755443573,0.0075991153717041016
final,6,block2.W2,35,16,0.9224438071250916,0.897368848323822,0.02507495880126953
final,6,block2.W2,36,16,0.9168558120727539,0.908653974533081,0.008201837539672852
final,6,block2.W2,37,16,0.7394194006919861,0.7381994128227234,0.0012199878692626953
final,6,block2.W2,38,16,0.9170887470245361,0.917605996131897,0.0005172491073608398
final,6,block2.W2,39,16,1.0066043138504028,0.9836108088493347,0.022993505001068115
final,6,block2.W2,40,16,0.8063167333602905,0.8163194060325623,0.010002672672271729
final,6,block2.W2,41,16,0.8356889486312866,0.8338439464569092,0.0018450021743774414
final,6,block2.W2,42,16,0.9521963000297546,0.9644327759742737,0.012236475944519043
final,6,block2.W2,43,16,0.8570438027381897,0.8746668696403503,0.017623066902160645
final,6,block2.W2,44,16,0.9053207635879517,0.9275440573692322,0.022223293781280518
final,6,block2.W2,45,16,0.7881854176521301,0.797904372215271,0.00971895456314087
final,6,block2.W2,46,16,0.8326651453971863,0.8261995315551758,0.006465613842010498
final,6,block2.W2,47,16,0.902265727519989,0.928302526473999,0.02603679895401001
final,6,block2.W2,48,16,0.8289234042167664,0.8369227051734924,0.007999300956726074
final,6,block2.W2,49,16,0.7657923102378845,0.7778128981590271,0.012020587921142578
final,6,block2.W2,50,16,0.8024972677230835,0.8219538331031799,0.019456565380096436
final,6,block2.W2,51,16,0.7528505325317383,0.7496942281723022,0.003156304359436035
final,6,block2.W2,52,16,0.7573067545890808,0.7590199708938599,0.0017132163047790527
final,6,block2.W2,53,16,0.7353023290634155,0.7275223135948181,0.007780015468597412
final,6,block2.W2,54,16,0.8645452260971069,0.8717997074127197,0.007254481315612793
final,6,block2.W2,55,16,0.845490574836731,0.845377504825592,0.00011307001113891602
final,6,block2.W2,56,16,0.8196686506271362,0.7998685240745544,0.019800126552581787
final,6,block2.W2,57,16,0.9008205533027649,0.9102092385292053,0.00938868522644043
final,6,block2.W2,58,16,0.9072679877281189,0.9238313436508179,0.016563355922698975
final,6,block2.W2,59,16,0.9018754959106445,0.8786306381225586,0.023244857788085938
final,6,block2.W2,60,16,0.7885701060295105,0.7888712882995605,0.00030118227005004883
final,6,block2.W2,61,16,0.8756601214408875,0.8603388071060181,0.015321314334869385
final,6,block2.W2,62,16,0.8765102028846741,0.8861700296401978,0.009659826755523682
final,6,block2.W2,63,16,0.9036461114883423,0.9194060564041138,0.015759944915771484
final,7,block3.W1,0,16,0.8139628767967224,0.8073319792747498,0.006630897521972656
final,7,block3.W1,1,16,0.8622590899467468,0.8528425693511963,0.009416520595550537
final,7,block3.W1,2,16,0.8320711255073547,0.8171219229698181,0.014949202537536621
final,7,block3.W1,3,16,0.8887843489646912,0.8899593949317932,0.0011750459671020508
final,7,block3.W1,4,16,0.8881756663322449,0.8922797441482544,0.0041040778160095215
final,7,block3.W1,5,16,0.8644775152206421,0.8509883880615234,0.013489127159118652
final,7,block3.W1,6,16,0.844156801700592,0.841430127620697,0.0027266740798950195
final,7,block3.W1,7,16,0.8540548086166382,0.8622596263885498,0.008204817771911621
final,7,block3.W1,8,16,0.8405112624168396,0.8305475115776062,0.009963750839233398
final,7,block3.W1,9,16,0.93504399061203,0.93426913022995,0.0007748603820800781
final,7,block3.W1,10,16,0.8750037550926208,0.8775177597999573,0.0025140047073364258
final,7,block3.W1,11,16,0.8775954246520996,0.8779100179672241,0.0003145933151245117
final,7,block3.W1,12,16,0.8187748789787292,0.825002908706665,0.006228029727935791
final,7,block3.W1,13,16,0.8165531754493713,0.8232421875,0.006689012050628662
final,7,block3.W1,14,16,0.8189507126808167,0.8160679936408997,0.002882719039916992
final,7,block3.W1,15,16,0.8331127762794495,0.8316210508346558,0.0014917254447937012
final,7,block3.W1,16,16,0.8405835628509521,0.8408731818199158,0.00028961896896362305
final,7,block3.W1,17,16,0.930313766002655,0.934269905090332,0.003956139087677002
final,7,block3.W1,18,16,0.8487724661827087,0.8370679616928101,0.011704504489898682
final,7,block3.W1,19,16,0.798316240310669,0.7891402840614319,0.00917595624923706
final,7,block3.W1,20,16,0.8692868947982788,0.8963419795036316,0.027055084705352783
final,7,block3.W1,21,16,0.8616947531700134,0.868127703666687,0.006432950496673584
final,7,block3.W1,22,16,0.910254955291748,0.8940527439117432,0.016202211380004883
final,7,block3.W1,23,16,0.9039909839630127,0.9131224751472473,0.00913149118423462
final,7,block3.W1,24,16,0.9619241952896118,0.9629732966423035,0.0010491013526916504
final,7,block3.W1,25,16,0.8594106435775757,0.848439633846283,0.010971009731292725
final,7,block3.W1,26,16,0.9142383933067322,0.9095261096954346,0.004712283611297607
final,7,block3.W1,27,16,0.8917306661605835,0.8993574976921082,0.007626831531524658
final,7,block3.W1,28,16,0.8187772631645203,0.7910761833190918,0.027701079845428467
final,7,block3.W1,29,16,0.8535200953483582,0.8571910262107849,0.003670930862426758
final,7,block3.W1,30,16,0.8574985861778259,0.8662631511688232,0.008764564990997314
final,7,block3.W1,31,16,0.8041931986808777,0.7971373796463013,0.007055819034576416
final,7,block3.W1,32,16,0.8372018337249756,0.8294808864593506,0.007720947265625
final,7,block3.W1,33,16,0.7741949558258057,0.7921410799026489,0.01794612407684326
final,7,block3.W1,34,16,0.9201414585113525,0.926760196685791,0.0066187381744384766
final,7,block3.W1,35,16,0.8776221871376038,0.8924329280853271,0.014810740947723389
final,7,block3.W1,36,16,0.8152578473091125,0.828658401966095,0.013400554656982422
final,7,block3.W1,37,16,0.9008033275604248,0.9080861210823059,0.0072827935218811035
final,7,block3.W1,38,16,0.8465508818626404,0.8423221111297607,0.004228770732879639
final,7,block3.W1,39,16,0.902579128742218,0.8998591303825378,0.0027199983596801758
final,7,block3.W1,40,16,0.9274701476097107,0.9152486324310303,0.01222151517868042
final,7,block3.W1,41,16,0.9148807525634766,0.9287375211715698,0.013856768608093262
final,7,block3.W1,42,16,0.8300846219062805,0.8008774518966675,0.029207170009613037
final,7,block3.W1,43,16,0.9174032807350159,0.9420243501663208,0.02462106943130493
final,7,block3.W1,44,16,0.9270122051239014,0.9323115348815918,0.00529932975769043
final,7,block3.W1,45,16,0.8914106488227844,0.9015257358551025,0.010115087032318115
final,7,block3.W1,46,16,0.9541174173355103,0.9766068458557129,0.022489428520202637
final,7,block3.W1,47,16,0.8790934681892395,0.8646261096000671,0.014467358589172363
final,7,block3.W1,48,16,0.7849525809288025,0.7956535816192627,0.010701000690460205
final,7,block3.W1,49,16,0.7908190488815308,0.7992942929267883,0.008475244045257568
final,7,block3.W1,50,16,0.867013156414032,0.8637039661407471,0.003309190273284912
final,7,block3.W1,51,16,1.0247540473937988,1.0189015865325928,0.005852460861206055
final,7,block3.W1,52,16,0.9368045330047607,0.9434581995010376,0.0066536664962768555
final,7,block3.W1,53,16,0.8976225256919861,0.9151036143302917,0.017481088638305664
final,7,block3.W1,54,16,0.9919135570526123,0.9877719879150391,0.004141569137573242
final,7,block3.W1,55,16,0.8456507921218872,0.8422442078590393,0.0034065842628479004
final,7,block3.W1,56,16,0.7666766047477722,0.7723038792610168,0.005627274513244629
final,7,block3.W1,57,16,0.8555545210838318,0.8422035574913025,0.013350963592529297
final,7,block3.W1,58,16,0.9616168141365051,0.9818118810653687,0.020195066928863525
final,7,block3.W1,59,16,0.9033410549163818,0.8903840184211731,0.01295703649520874
final,7,block3.W1,60,16,0.8017764687538147,0.8152468204498291,0.013470351696014404
final,7,block3.W1,61,16,0.8532055616378784,0.8781090378761292,0.024903476238250732
final,7,block3.W1,62,16,0.9536870718002319,0.9652901887893677,0.011603116989135742
final,7,block3.W1,63,16,0.9916715621948242,0.9946746230125427,0.003003060817718506
final,8,block3.W2,0,16,0.9538333415985107,0.9448736906051636,0.008959650993347168
final,8,block3.W2,1,16,0.7692638635635376,0.7709413170814514,0.0016774535179138184
final,8,block3.W2,2,16,0.8969200253486633,0.8939646482467651,0.0029553771018981934
final,8,block3.W2,3,16,0.8996625542640686,0.907614529132843,0.007951974868774414
final,8,block3.W2,4,16,1.0016794204711914,1.001278281211853,0.0004011392593383789
final,8,block3.W2,5,16,0.7802419066429138,0.7790142893791199,0.0012276172637939453
final,8,block3.W2,6,16,0.8450292348861694,0.8474975228309631,0.002468287944793701
final,8,block3.W2,7,16,0.8961852192878723,0.8959101438522339,0.00027507543563842773
final,8,block3.W2,8,16,0.8861231207847595,0.8892253041267395,0.0031021833419799805
final,8,block3.W2,9,16,0.96162348985672,0.9580785036087036,0.0035449862480163574
final,8,block3.W2,10,16,0.8681163191795349,0.862014651298523,0.006101667881011963
final,8,block3.W2,11,16,0.7553888559341431,0.7551538348197937,0.00023502111434936523
final,8,block3.W2,12,16,0.8405585885047913,0.8302575349807739,0.010301053524017334
final,8,block3.W2,13,16,0.7938427925109863,0.7948769927024841,0.0010342001914978027
final,8,block3.W2,14,16,0.8664947748184204,0.8671156167984009,0.0006208419799804688
final,8,block3.W2,15,16,0.8724084496498108,0.8773142099380493,0.004905760288238525
final,8,block3.W2,16,16,0.9246620535850525,0.9275987148284912,0.0029366612434387207
final,8,block3.W2,17,16,0.9766286015510559,0.972359836101532,0.004268765449523926
final,8,block3.W2,18,16,0.8413695693016052,0.8363269567489624,0.005042612552642822
final,8,block3.W2,19,16,0.874516487121582,0.8789771795272827,0.004460692405700684
final,8,block3.W2,20,16,0.8328826427459717,0.8432769775390625,0.01039433479309082
final,8,block3.W2,21,16,0.8189716339111328,0.8248980641365051,0.0059264302253723145
final,8,block3.W2,22,16,0.9294153451919556,0.9318608641624451,0.002445518970489502
final,8,block3.W2,23,16,0.8549129366874695,0.854759156703949,0.0001537799835205078
final,8,block3.W2,24,16,0.8438538312911987,0.8575380444526672,0.013684213161468506
final,8,block3.W2,25,16,0.8654709458351135,0.8526307940483093,0.0128401517868042
final,8,block3.W2,26,16,0.8013919591903687,0.8093248009681702,0.007932841777801514
final,8,block3.W2,27,16,0.8834043145179749,0.8772261738777161,0.006178140640258789
final,8,block3.W2,28,16,0.7892731428146362,0.7950656414031982,0.005792498588562012
final,8,block3.W2,29,16,0.8918482661247253,0.9032745957374573,0.011426329612731934
final,8,block3.W2,30,16,0.7362455129623413,0.7438454031944275,0.007599890232086182
final,8,block3.W2,31,16,0.7320387959480286,0.7266795635223389,0.005359232425689697
final,8,block3.W2,32,16,0.8974796533584595,0.8743669986724854,0.02311265468597412
final,8,block3.W2,33,16,0.8448120951652527,0.8507511615753174,0.005939066410064697
final,8,block3.W2,34,16,0.8162962198257446,0.8263132572174072,0.010017037391662598
final,8,block3.W2,35,16,0.7819550037384033,0.7912002205848694,0.009245216846466064
final,8,block3.W2,36,16,0.7780465483665466,0.7861565351486206,0.008109986782073975
final,8,block3.W2,37,16,0.8727595806121826,0.902987539768219,0.030227959156036377
final,8,block3.W2,38,16,0.9956684708595276,1.0101161003112793,0.014447629451751709
final,8,block3.W2,39,16,0.8021283745765686,0.7967848777770996,0.005343496799468994
final,8,block3.W2,40,16,0.8070807456970215,0.8292310833930969,0.02215033769607544
final,8,block3.W2,41,16,0.8255925178527832,0.842475175857544,0.016882658004760742
final,8,block3.W2,42,16,0.8816233277320862,0.8761151432991028,0.0055081844329833984
final,8,block3.W2,43,16,0.8278939723968506,0.820754885673523,0.007139086723327637
final,8,block3.W2,44,16,0.8909202814102173,0.9131078124046326,0.022187530994415283
final,8,block3.W2,45,16,0.8663607239723206,0.8532814979553223,0.013079226016998291
final,8,block3.W2,46,16,0.8856591582298279,0.8601840138435364,0.025475144386291504
final,8,block3.W2,47,16,0.8259909749031067,0.8221425414085388,0.003848433494567871
final,8,block3.W2,48,16,0.8956960439682007,0.9063145518302917,0.010618507862091064
final,8,block3.W2,49,16,0.8647298812866211,0.8788155913352966,0.014085710048675537
final,8,block3.W2,50,16,0.8862889409065247,0.8656208515167236,0.020668089389801025
final,8,block3.W2,51,16,0.7539066672325134,0.7537082433700562,0.0001984238624572754
final,8,block3.W2,52,16,0.8015525937080383,0.796241283416748,0.005311310291290283
final,8,block3.W2,53,16,0.7486128807067871,0.7508904337882996,0.002277553081512451
final,8,block3.W2,54,16,0.9890380501747131,0.9962170720100403,0.0071790218353271484
final,8,block3.W2,55,16,0.8341948390007019,0.8458198308944702,0.01162499189376831
final,8,block3.W2,56,16,0.8430101275444031,0.8719608783721924,0.028950750827789307
final,8,block3.W2,57,16,0.834377646446228,0.8264163732528687,0.007961273193359375
final,8,block3.W2,58,16,0.7311386466026306,0.7450942993164062,0.013955652713775635
final,8,block3.W2,59,16,0.9169507622718811,0.9276546239852905,0.010703861713409424
final,8,block3.W2,60,16,0.9083375334739685,0.9006666541099548,0.007670879364013672
final,8,block3.W2,61,16,0.7367439866065979,0.7373715043067932,0.0006275177001953125
final,8,block3.W2,62,16,0.8531237244606018,0.8613060116767883,0.008182287216186523
final,8,block3.W2,63,16,0.8947025537490845,0.8941561579704285,0.0005463957786560059
final,9,block4.W1,0,16,0.9506181478500366,0.9626097679138184,0.011991620063781738
final,9,block4.W1,1,16,0.9813935160636902,0.9586753249168396,0.022718191146850586
final,9,block4.W1,2,16,0.8425819277763367,0.8676947951316833,0.02511286735534668
final,9,block4.W1,3,16,0.8090816140174866,0.8164904713630676,0.007408857345581055
final,9,block4.W1,4,16,0.8177011609077454,0.8054662942886353,0.012234866619110107
final,9,block4.W1,5,16,0.8911807537078857,0.881266713142395,0.009914040565490723
final,9,block4.W1,6,16,0.8984909057617188,0.9207263588905334,0.022235453128814697
final,9,block4.W1,7,16,0.7198103666305542,0.7122421264648438,0.007568240165710449
final,9,block4.W1,8,16,0.8693262338638306,0.8598471283912659,0.009479105472564697
final,9,block4.W1,9,16,0.7960113286972046,0.7919257283210754,0.00408560037612915
final,9,block4.W1,10,16,0.7849019765853882,0.7801405191421509,0.004761457443237305
final,9,block4.W1,11,16,0.8252426981925964,0.8202113509178162,0.0050313472747802734
final,9,block4.W1,12,16,0.766825795173645,0.757668673992157,0.009157121181488037
final,9,block4.W1,13,16,0.8063767552375793,0.8096729516983032,0.003296196460723877
final,9,block4.W1,14,16,0.8891724348068237,0.8877432346343994,0.0014292001724243164
final,9,block4.W1,15,16,1.0148133039474487,1.0108779668807983,0.003935337066650391
final,9,block4.W1,16,16,0.8063142895698547,0.7927414178848267,0.013572871685028076
final,9,block4.W1,17,16,0.8564832210540771,0.8579875826835632,0.001504361629486084
final,9,block4.W1,18,16,0.8387008309364319,0.8346973061561584,0.0040035247802734375
final,9,block4.W1,19,16,0.875457763671875,0.881513774394989,0.006056010723114014
final,9,block4.W1,20,16,0.7840263247489929,0.8192199468612671,0.03519362211227417
final,9,block4.W1,21,16,0.906035304069519,0.8923282027244568,0.013707101345062256
final,9,block4.W1,22,16,0.9041528105735779,0.8950896263122559,0.009063184261322021
final,9,block4.W1,23,16,0.9351270794868469,0.9435081481933594,0.008381068706512451
final,9,block4.W1,24,16,0.786849319934845,0.770170271396637,0.016679048538208008
final,9,block4.W1,25,16,0.8135753273963928,0.8240872025489807,0.01051187515258789
final,9,block4.W1,26,16,0.746222972869873,0.7658462524414062,0.019623279571533203
final,9,block4.W1,27,16,0.8311780691146851,0.8348562717437744,0.0036782026290893555
final,9,block4.W1,28,16,0.7904193997383118,0.8043291568756104,0.013909757137298584
final,9,block4.W1,29,16,0.8783734440803528,0.8666175007820129,0.011755943298339844
final,9,block4.W1,30,16,0.906058132648468,0.8957839608192444,0.010274171829223633
final,9,block4.W1,31,16,0.8654859066009521,0.875081479549408,0.00959557294845581
final,9,block4.W1,32,16,0.863875150680542,0.8941413164138794,0.030266165733337402
final,9,block4.W1,33,16,0.8651613593101501,0.8701698780059814,0.005008518695831299
final,9,block4.W1,34,16,0.9222713708877563,0.9237709641456604,0.0014995932579040527
final,9,block4.W1,35,16,0.8827776908874512,0.8804293870925903,0.00234830379486084
final,9,block4.W1,36,16,0.9183899760246277,0.9279833436012268,0.009593367576599121
final,9,block4.W1,37,16,0.8600854873657227,0.843312680721283,0.016772806644439697
final,9,block4.W1,38,16,0.8711836338043213,0.8726264834403992,0.0014428496360778809
final,9,block4.W1,39,16,0.8410430550575256,0.8268269300460815,0.014216125011444092
final,9,block4.W1,40,16,0.931409478187561,0.9171969294548035,0.014212548732757568
final,9,block4.W1,41,16,0.8093973398208618,0.8222312927246094,0.012833952903747559
final,9,block4.W1,42,16,0.8979089260101318,0.8778208494186401,0.0200880765914917
final,9,block4.W1,43,16,0.7964264750480652,0.7911587953567505,0.005267679691314697
final,9,block4.W1,44,16,0.7748004198074341,0.7734212875366211,0.0013791322708129883
final,9,block4.W1,45,16,0.9203348755836487,0.9130276441574097,0.007307231426239014
final,9,block4.W1,46,16,0.9037450551986694,0.8831248879432678,0.02062016725540161
final,9,block4.W1,47,16,0.9335917234420776,0.947633683681488,0.0140419602394104
final,9,block4.W1,48,16,0.7697817087173462,0.7833009958267212,0.013519287109375
final,9,block4.W1,49,16,0.857404351234436,0.8366745710372925,0.020729780197143555
final,9,block4.W1,50,16,0.9493780136108398,0.956174373626709,0.006796360015869141
final,9,block4.W1,51,16,0.8400009274482727,0.8371177911758423,0.00288313627243042
final,9,block4.W1,52,16,0.8256160616874695,0.822965145111084,0.002650916576385498
final,9,block4.W1,53,16,0.847279965877533,0.8584747910499573,0.011194825172424316
final,9,block4.W1,54,16,0.929061233997345,0.9283897876739502,0.0006714463233947754
final,9,block4.W1,55,16,0.887029230594635,0.8776960968971252,0.009333133697509766
final,9,block4.W1,56,16,0.9148522615432739,0.9107608199119568,0.004091441631317139
final,9,block4.W1,57,16,0.8573886752128601,0.8581298589706421,0.0007411837577819824
final,9,block4.W1,58,16,0.7989993095397949,0.7889769673347473,0.010022342205047607
final,9,block4.W1,59,16,0.8449118137359619,0.8489173054695129,0.004005491733551025
final,9,block4.W1,60,16,0.8138278126716614,0.8197152614593506,0.005887448787689209
final,9,block4.W1,61,16,0.8913522362709045,0.8985099196434021,0.007157683372497559
final,9,block4.W1,62,16,0.8145001530647278,0.804264485836029,0.01023566722869873
final,9,block4.W1,63,16,0.853772759437561,0.8730142712593079,0.019241511821746826
final,10,block4.W2,0,16,0.9023804664611816,0.889249861240387,0.013130605220794678
final,10,block4.W2,1,16,0.8840698003768921,0.8844762444496155,0.00040644407272338867
final,10,block4.W2,2,16,0.8522089123725891,0.8416888117790222,0.010520100593566895
final,10,block4.W2,3,16,0.7430394887924194,0.7515825629234314,0.008543074131011963
final,10,block4.W2,4,16,0.7576294541358948,0.7452329397201538,0.012396514415740967
final,10,block4.W2,5,16,0.9231244325637817,0.9251170754432678,0.001992642879486084
final,10,block4.W2,6,16,0.9317545890808105,0.9118602275848389,0.01989436149597168
final,10,block4.W2,7,16,0.8197839260101318,0.8131808042526245,0.006603121757507324
final,10,block4.W2,8,16,0.9178009033203125,0.9219362139701843,0.004135310649871826
final,10,block4.W2,9,16,0.8174951076507568,0.8066874146461487,0.010807693004608154
final,10,block4.W2,10,16,0.9239444136619568,0.9431565403938293,0.01921212673187256
final,10,block4.W2,11,16,0.9792594909667969,0.9705343842506409,0.008725106716156006
final,10,block4.W2,12,16,0.9796062707901001,0.9839640259742737,0.004357755184173584
final,10,block4.W2,13,16,0.7761664390563965,0.7777251601219177,0.0015587210655212402
final,10,block4.W2,14,16,0.846487820148468,0.8394891619682312,0.006998658180236816
final,10,block4.W2,15,16,0.8630176782608032,0.8605859875679016,0.0024316906929016113
final,10,block4.W2,16,16,0.8660105466842651,0.8533754348754883,0.012635111808776855
final,10,block4.W2,17,16,0.9229412078857422,0.9284306168556213,0.00548940896987915
final,10,block4.W2,18,16,0.8910642862319946,0.9013938307762146,0.01032954454421997
final,10,block4.W2,19,16,0.8877346515655518,0.9081653356552124,0.020430684089660645
final,10,block4.W2,20,16,0.8701568841934204,0.873339056968689,0.0031821727752685547
final,10,block4.W2,21,16,0.9870378971099854,0.9788269996643066,0.008210897445678711
final,10,block4.W2,22,16,0.9484347105026245,0.9455904364585876,0.0028442740440368652
final,10,block4.W2,23,16,0.8394206762313843,0.8453371524810791,0.005916476249694824
final,10,block4.W2,24,16,0.7188020348548889,0.7282070517539978,0.009405016899108887
final,10,block4.W2,25,16,0.8080483675003052,0.7854416966438293,0.02260667085647583
final,10,block4.W2,26,16,0.7871744632720947,0.7883526682853699,0.0011782050132751465
final,10,block4.W2,27,16,0.7624922394752502,0.7772179245948792,0.014725685119628906
final,10,block4.W2,28,16,0.9013780355453491,0.9045664668083191,0.0031884312629699707
final,10,block4.W2,29,16,0.8005290031433105,0.8007842898368835,0.00025528669357299805
final,10,block4.W2,30,16,0.9192358255386353,0.9042322039604187,0.015003621578216553
final,10,block4.W2,31,16,0.908459484577179,0.8929218649864197,0.015537619590759277
final,10,block4.W2,32,16,0.8729455471038818,0.8555728793144226,0.01737266778945923
final,10,block4.W2,33,16,0.9412245154380798,0.9439432621002197,0.0027187466621398926
final,10,block4.W2,34,16,0.7797101140022278,0.7716071605682373,0.008102953433990479
final,10,block4.W2,35,16,0.7306574583053589,0.7283625602722168,0.00229489803314209
final,10,block4.W2,36,16,0.9055571556091309,0.8923846483230591,0.013172507286071777
final,10,block4.W2,37,16,0.8572817444801331,0.8468304872512817,0.010451257228851318
final,10,block4.W2,38,16,0.8756888508796692,0.8680640459060669,0.007624804973602295
final,10,block4.W2,39,16,0.9257125854492188,0.938726007938385,0.01301342248916626
final,10,block4.W2,40,16,0.9674496650695801,0.9738638997077942,0.006414234638214111
final,10,block4.W2,41,16,0.7437260746955872,0.7435944676399231,0.0001316070556640625
final,10,block4.W2,42,16,0.8467064499855042,0.8406336903572083,0.0060727596282958984
final,10,block4.W2,43,16,0.9402217268943787,0.9370308518409729,0.0031908750534057617
final,10,block4.W2,44,16,0.897331953048706,0.8965226411819458,0.0008093118667602539
final,10,block4.W2,45,16,0.7490527033805847,0.7377907633781433,0.011261940002441406
final,10,block4.W2,46,16,0.8953115940093994,0.90410315990448,0.008791565895080566
final,10,block4.W2,47,16,0.771123468875885,0.7690998315811157,0.002023637294769287
final,10,block4.W2,48,16,0.8861813545227051,0.8951837420463562,0.009002387523651123
final,10,block4.W2,49,16,0.7717511057853699,0.770990788936615,0.0007603168487548828
final,10,block4.W2,50,16,0.8762325644493103,0.8805709481239319,0.004338383674621582
final,10,block4.W2,51,16,0.8977057933807373,0.8755136728286743,0.02219212055206299
final,10,block4.W2,52,16,0.8016817569732666,0.8099626302719116,0.00828087329864502
final,10,block4.W2,53,16,0.9319818019866943,0.9289109110832214,0.0030708909034729004
final,10,block4.W2,54,16,0.8807690143585205,0.8681632280349731,0.012605786323547363
final,10,block4.W2,55,16,0.8215368390083313,0.8252326250076294,0.0036957859992980957
final,10,block4.W2,56,16,0.8897470831871033,0.8872377872467041,0.00250929594039917
final,10,block4.W2,57,16,0.8869537115097046,0.899518609046936,0.012564897537231445
final,10,block4.W2,58,16,0.9063464999198914,0.8869053721427917,0.01944112777709961
final,10,block4.W2,59,16,0.9755085706710815,0.9558889269828796,0.019619643688201904
final,10,block4.W2,60,16,0.8579250574111938,0.848060667514801,0.009864389896392822
final,10,block4.W2,61,16,0.8520027995109558,0.8370431661605835,0.014959633350372314
final,10,block4.W2,62,16,0.8292933106422424,0.8452786207199097,0.015985310077667236
final,10,block4.W2,63,16,0.8606351017951965,0.8683414459228516,0.007706344127655029
final,11,block5.W1,0,16,0.8089649677276611,0.8114194273948669,0.0024544596672058105
final,11,block5.W1,1,16,0.8004220128059387,0.808246374130249,0.007824361324310303
final,11,block5.W1,2,16,0.8882510662078857,0.8765625357627869,0.011688530445098877
final,11,block5.W1,3,16,0.8690749406814575,0.8671132922172546,0.001961648464202881
final,11,block5.W1,4,16,0.8788449168205261,0.8745165467262268,0.004328370094299316
final,11,block5.W1,5,16,0.8280557990074158,0.8244162797927856,0.003639519214630127
final,11,block5.W1,6,16,0.9116332530975342,0.9162043929100037,0.004571139812469482
final,11,block5.W1,7,16,0.9710108041763306,0.979055643081665,0.008044838905334473
final,11,block5.W1,8,16,0.9126062989234924,0.9200793504714966,0.00747305154800415
final,11,block5.W1,9,16,1.0028936862945557,0.9772218465805054,0.025671839714050293
final,11,block5.W1,10,16,0.9338788986206055,0.9254899024963379,0.008388996124267578
final,11,block5.W1,11,16,0.9143348932266235,0.9198280572891235,0.0054931640625
final,11,block5.W1,12,16,0.8538934588432312,0.8677464127540588,0.013852953910827637
final,11,block5.W1,13,16,0.9121960997581482,0.9136542677879333,0.0014581680297851562
final,11,block5.W1,14,16,0.9356816411018372,0.9347059726715088,0.0009756684303283691
final,11,block5.W1,15,16,0.8372783660888672,0.8464139699935913,0.009135603904724121
final,11,block5.W1,16,16,0.8683295249938965,0.8632608652114868,0.005068659782409668
final,11,block5.W1,17,16,0.7358847260475159,0.7638607025146484,0.02797597646713257
final,11,block5.W1,18,16,0.8897508382797241,0.8737702965736389,0.015980541706085205
final,11,block5.W1,19,16,0.816394567489624,0.8078730702400208,0.008521497249603271
final,11,block5.W1,20,16,0.8361247181892395,0.8500312566757202,0.013906538486480713
final,11,block5.W1,21,16,0.7974016070365906,0.8058005571365356,0.008398950099945068
final,11,block5.W1,22,16,0.7839441895484924,0.7962834239006042,0.012339234352111816
final,11,block5.W1,23,16,0.7966511249542236,0.7934396862983704,0.0032114386558532715
final,11,block5.W1,24,16,0.8798945546150208,0.8657591938972473,0.014135360717773438
final,11,block5.W1,25,16,1.0007469654083252,0.9714861512184143,0.02926081418991089
final,11,block5.W1,26,16,0.7550343871116638,0.7479211688041687,0.007113218307495117
final,11,block5.W1,27,16,0.7837814688682556,0.790961742401123,0.007180273532867432
final,11,block5.W1,28,16,0.8408029675483704,0.8340500593185425,0.006752908229827881
final,11,block5.W1,29,16,0.8587457537651062,0.8671456575393677,0.008399903774261475
final,11,block5.W1,30,16,0.9231889843940735,0.9262547492980957,0.003065764904022217
final,11,block5.W1,31,16,0.7568569183349609,0.7586588859558105,0.0018019676208496094
final,11,block5.W1,32,16,0.8726490139961243,0.8638899922370911,0.008759021759033203
final,11,block5.W1,33,16,0.78496915102005,0.7941575050354004,0.009188354015350342
final,11,block5.W1,34,16,0.865453839302063,0.8837639093399048,0.018310070037841797
final,11,block5.W1,35,16,0.8767613768577576,0.8767582178115845,3.159046173095703e-06
final,11,block5.W1,36,16,0.7660773992538452,0.7695191502571106,0.003441751003265381
final,11,block5.W1,37,16,0.7757685780525208,0.790194571018219,0.014425992965698242
final,11,block5.W1,38,16,0.8124150037765503,0.8153050541877747,0.0028900504112243652
final,11,block5.W1,39,16,0.8216120600700378,0.8164355754852295,0.00517648458480835
final,11,block5.W1,40,16,0.8484297394752502,0.8552937507629395,0.006864011287689209
final,11,block5.W1,41,16,0.8828277587890625,0.9004592299461365,0.017631471157073975
final,11,block5.W1,42,16,0.9302585124969482,0.9145007133483887,0.01575779914855957
final,11,block5.W1,43,16,0.9700197577476501,0.9634159803390503,0.0066037774085998535
final,11,block5.W1,44,16,0.8650656342506409,0.8612266778945923,0.003838956356048584
final,11,block5.W1,45,16,0.7624103426933289,0.759577751159668,0.0028325915336608887
final,11,block5.W1,46,16,0.9500821828842163,0.9541009664535522,0.0040187835693359375
final,11,block5.W1,47,16,0.9335576891899109,0.9087143540382385,0.024843335151672363
final,11,block5.W1,48,16,0.8135778307914734,0.8047105073928833,0.008867323398590088
final,11,block5.W1,49,16,0.7964319586753845,0.7996073961257935,0.0031754374504089355
final,11,block5.W1,50,16,0.8305689096450806,0.8329175710678101,0.002348661422729492
final,11,block5.W1,51,16,0.8709834814071655,0.8707767128944397,0.00020676851272583008
final,11,block5.W1,52,16,0.8778753280639648,0.8697252869606018,0.008150041103363037
final,11,block5.W1,53,16,0.9966172575950623,0.9875034689903259,0.009113788604736328
final,11,block5.W1,54,16,0.8136117458343506,0.822997510433197,0.009385764598846436
final,11,block5.W1,55,16,0.9130378365516663,0.9246894121170044,0.011651575565338135
final,11,block5.W1,56,16,0.8126937747001648,0.8117521405220032,0.0009416341781616211
final,11,block5.W1,57,16,0.8616755604743958,0.8524267077445984,0.009248852729797363
final,11,block5.W1,58,16,0.7298208475112915,0.7348751425743103,0.005054295063018799
final,11,block5.W1,59,16,0.7893516421318054,0.791860818862915,0.002509176731109619
final,11,block5.W1,60,16,1.008561611175537,1.0111831426620483,0.0026215314865112305
final,11,block5.W1,61,16,0.9276489615440369,0.9228013157844543,0.0048476457595825195
final,11,block5.W1,62,16,0.8595513701438904,0.848442554473877,0.011108815670013428
final,11,block5.W1,63,16,0.9613057374954224,0.9667568206787109,0.005451083183288574
final,12,block5.W2,0,16,0.8583715558052063,0.8514784574508667,0.0068930983543396
final,12,block5.W2,1,16,0.9516183137893677,0.9525157809257507,0.0008974671363830566
final,12,block5.W2,2,16,0.7645552754402161,0.7512168884277344,0.01333838701248169
final,12,block5.W2,3,16,0.847682535648346,0.8428374528884888,0.004845082759857178
final,12,block5.W2,4,16,0.9514042139053345,0.9418087005615234,0.009595513343811035
final,12,block5.W2,5,16,0.8855270743370056,0.890343964099884,0.004816889762878418
final,12,block5.W2,6,16,0.7751441597938538,0.7834233641624451,0.008279204368591309
final,12,block5.W2,7,16,0.9277786612510681,0.9437537789344788,0.015975117683410645
final,12,block5.W2,8,16,0.7757155895233154,0.7850813865661621,0.00936579704284668
final,12,block5.W2,9,16,0.8634519577026367,0.852759063243866,0.010692894458770752
final,12,block5.W2,10,16,0.940018892288208,0.9274705052375793,0.012548387050628662
final,12,block5.W2,11,16,0.8228611350059509,0.8226579427719116,0.00020319223403930664
final,12,block5.W2,12,16,0.8699764013290405,0.872035026550293,0.0020586252212524414
final,12,block5.W2,13,16,0.9090847373008728,0.9148198962211609,0.005735158920288086
final,12,block5.W2,14,16,0.8610198497772217,0.8558567762374878,0.005163073539733887
final,12,block5.W2,15,16,0.8926308155059814,0.8817270398139954,0.010903775691986084
final,12,block5.W2,16,16,0.9674600958824158,0.980405867099762,0.012945771217346191
final,12,block5.W2,17,16,0.9229868650436401,0.9283096194267273,0.005322754383087158
final,12,block5.W2,18,16,0.8694198131561279,0.8810213208198547,0.011601507663726807
final,12,block5.W2,19,16,0.9411954283714294,0.926685631275177,0.014509797096252441
final,12,block5.W2,20,16,0.9029855728149414,0.9021978378295898,0.0007877349853515625
final,12,block5.W2,21,16,0.7749193906784058,0.7716763019561768,0.003243088722229004
final,12,block5.W2,22,16,0.8153156042098999,0.8084579706192017,0.006857633590698242
final,12,block5.W2,23,16,0.9224348664283752,0.9104225635528564,0.012012302875518799
final,12,block5.W2,24,16,0.8110721111297607,0.7966198325157166,0.01445227861404419
final,12,block5.W2,25,16,0.9049040079116821,0.8937088251113892,0.011195182800292969
final,12,block5.W2,26,16,0.8803626298904419,0.895302414894104,0.01493978500366211
final,12,block5.W2,27,16,0.9607849717140198,0.9471357464790344,0.013649225234985352
final,12,block5.W2,28,16,0.9400793313980103,0.9345042109489441,0.005575120449066162
final,12,block5.W2,29,16,0.8462014198303223,0.8526016473770142,0.0064002275466918945
final,12,block5.W2,30,16,0.9901026487350464,1.0033382177352905,0.01323556900024414
final,12,block5.W2,31,16,0.9085454940795898,0.9085105657577515,3.4928321838378906e-05
final,12,block5.W2,32,16,0.995667040348053,0.9957491159439087,8.207559585571289e-05
final,12,block5.W2,33,16,0.9122647047042847,0.9322762489318848,0.020011544227600098
final,12,block5.W2,34,16,0.823456883430481,0.8347870111465454,0.011330127716064453
final,12,block5.W2,35,16,0.8708125352859497,0.8804219365119934,0.009609401226043701
final,12,block5.W2,36,16,0.7464196085929871,0.7405588030815125,0.005860805511474609
final,12,block5.W2,37,16,0.7818308472633362,0.781468391418457,0.0003624558448791504
final,12,block5.W2,38,16,0.7612910270690918,0.759430468082428,0.0018605589866638184
final,12,block5.W2,39,16,0.7434870600700378,0.7383361458778381,0.005150914192199707
final,12,block5.W2,40,16,0.746018648147583,0.7520334720611572,0.006014823913574219
final,12,block5.W2,41,16,0.862060010433197,0.8455396294593811,0.016520380973815918
final,12,block5.W2,42,16,0.7709766626358032,0.775843620300293,0.004866957664489746
final,12,block5.W2,43,16,0.7877561450004578,0.7982377409934998,0.010481595993041992
final,12,block5.W2,44,16,0.9352007508277893,0.9331476092338562,0.0020531415939331055
final,12,block5.W2,45,16,0.8000108003616333,0.7915090918540955,0.008501708507537842
final,12,block5.W2,46,16,0.8754452466964722,0.8770785331726074,0.001633286476135254
final,12,block5.W2,47,16,0.7763222455978394,0.7724319100379944,0.0038903355598449707
final,12,block5.W2,48,16,0.8744850754737854,0.8661893606185913,0.008295714855194092
final,12,block5.W2,49,16,0.8843842148780823,0.9056952595710754,0.021311044692993164
final,12,block5.W2,50,16,0.9859950542449951,0.9842484593391418,0.0017465949058532715
final,12,block5.W2,51,16,0.909359872341156,0.9033366441726685,0.006023228168487549
final,12,block5.W2,52,16,0.8308202028274536,0.8341458439826965,0.00332564115524292
final,12,block5.W2,53,16,0.9128125309944153,0.9071451425552368,0.005667388439178467
final,12,block5.W2,54,16,0.9140423536300659,0.9155749678611755,0.0015326142311096191
final,12,block5.W2,55,16,0.7950656414031982,0.8102715015411377,0.015205860137939453
final,12,block5.W2,56,16,0.901766836643219,0.895291805267334,0.00647503137588501
final,12,block5.W2,57,16,0.8506588339805603,0.8447428941726685,0.005915939807891846
final,12,block5.W2,58,16,0.834350049495697,0.8514425158500671,0.017092466354370117
final,12,block5.W2,59,16,0.8509565591812134,0.8508825898170471,7.396936416625977e-05
final,12,block5.W2,60,16,0.8563005328178406,0.8586831092834473,0.0023825764656066895
final,12,block5.W2,61,16,0.7716422080993652,0.7694598436355591,0.0021823644638061523
final,12,block5.W2,62,16,0.8524108529090881,0.8489221930503845,0.0034886598587036133
final,12,block5.W2,63,16,1.0525771379470825,1.06245756149292,0.009880423545837402
final,13,block6.W1,0,16,0.780225932598114,0.7748857736587524,0.005340158939361572
final,13,block6.W1,1,16,0.7896230220794678,0.7849900722503662,0.0046329498291015625
final,13,block6.W1,2,16,0.8381568193435669,0.8317946195602417,0.006362199783325195
final,13,block6.W1,3,16,0.8197090029716492,0.8227779269218445,0.0030689239501953125
final,13,block6.W1,4,16,0.74170982837677,0.7440949082374573,0.002385079860687256
final,13,block6.W1,5,16,0.8846453428268433,0.8712584376335144,0.013386905193328857
final,13,block6.W1,6,16,0.8951092958450317,0.9015541672706604,0.006444871425628662
final,13,block6.W1,7,16,0.8432413339614868,0.8347278237342834,0.00851351022720337
final,13,block6.W1,8,16,0.8852377533912659,0.8741945624351501,0.011043190956115723
final,13,block6.W1,9,16,0.8186744451522827,0.8215102553367615,0.0028358101844787598
final,13,block6.W1,10,16,0.7946367263793945,0.7987944483757019,0.004157721996307373
final,13,block6.W1,11,16,0.8713376522064209,0.8758280873298645,0.0044904351234436035
final,13,block6.W1,12,16,0.859481692314148,0.8611926436424255,0.0017109513282775879
final,13,block6.W1,13,16,0.8258369565010071,0.8273285031318665,0.001491546630859375
final,13,block6.W1,14,16,0.7902758717536926,0.7946151494979858,0.004339277744293213
final,13,block6.W1,15,16,0.8433725237846375,0.8544840216636658,0.01111149787902832
final,13,block6.W1,16,16,0.8829537034034729,0.8836575746536255,0.0007038712501525879
final,13,block6.W1,17,16,0.7850236892700195,0.7762083411216736,0.008815348148345947
final,13,block6.W1,18,16,0.9169118404388428,0.9149998426437378,0.0019119977951049805
final,13,block6.W1,19,16,0.8549270629882812,0.8589046001434326,0.003977537155151367
final,13,block6.W1,20,16,0.9062451720237732,0.891710638999939,0.014534533023834229
final,13,block6.W1,21,16,0.8007022738456726,0.8173630833625793,0.01666080951690674
final,13,block6.W1,22,16,0.7744606137275696,0.7804409861564636,0.005980372428894043
final,13,block6.W1,23,16,0.8210659027099609,0.8249633312225342,0.003897428512573242
final,13,block6.W1,24,16,0.8723477125167847,0.8785052299499512,0.006157517433166504
final,13,block6.W1,25,16,0.8967533707618713,0.9076229333877563,0.01086956262588501
final,13,block6.W1,26,16,0.7132410407066345,0.7122025489807129,0.0010384917259216309
final,13,block6.W1,27,16,0.8037934899330139,0.8060103058815002,0.002216815948486328
final,13,block6.W1,28,16,0.8732703328132629,0.8732729554176331,2.6226043701171875e-06
final,13,block6.W1,29,16,0.8581026792526245,0.8501057028770447,0.007996976375579834
final,13,block6.W1,30,16,0.9141778349876404,0.9234856963157654,0.009307861328125
final,13,block6.W1,31,16,0.9025897979736328,0.9047471880912781,0.0021573901176452637
final,13,block6.W1,32,16,0.8948380351066589,0.8967486619949341,0.0019106268882751465
final,13,block6.W1,33,16,0.7853571176528931,0.7748975157737732,0.010459601879119873
final,13,block6.W1,34,16,0.8649945855140686,0.872687578201294,0.007692992687225342
final,13,block6.W1,35,16,0.9112316966056824,0.9202426075935364,0.009010910987854004
final,13,block6.W1,36,16,0.8265503644943237,0.8361005783081055,0.009550213813781738
final,13,block6.W1,37,16,0.8873054385185242,0.8898165822029114,0.002511143684387207
final,13,block6.W1,38,16,0.8597790598869324,0.8584374189376831,0.0013416409492492676
final,13,block6.W1,39,16,0.8224572539329529,0.8091679215431213,0.013289332389831543
final,13,block6.W1,40,16,0.8508118987083435,0.8306924700737,0.020119428634643555
final,13,block6.W1,41,16,0.998490571975708,1.0029168128967285,0.004426240921020508
final,13,block6.W1,42,16,0.9020383358001709,0.8994123339653015,0.0026260018348693848
final,13,block6.W1,43,16,0.9282376170158386,0.9408667087554932,0.012629091739654541
final,13,block6.W1,44,16,0.9145281314849854,0.9194166660308838,0.0048885345458984375
final,13,block6.W1,45,16,0.8649689555168152,0.8736768364906311,0.008707880973815918
final,13,block6.W1,46,16,0.8830586671829224,0.8842285871505737,0.0011699199676513672
final,13,block6.W1,47,16,0.9751878976821899,0.9684655070304871,0.006722390651702881
final,13,block6.W1,48,16,0.8027485609054565,0.8165947794914246,0.013846218585968018
final,13,block6.W1,49,16,0.8294348120689392,0.831851601600647,0.0024167895317077637
final,13,block6.W1,50,16,0.8469833731651306,0.8631644248962402,0.01618105173110962
final,13,block6.W1,51,16,0.758255660533905,0.7702128887176514,0.011957228183746338
final,13,block6.W1,52,16,0.9260290861129761,0.9327868223190308,0.0067577362060546875
final,13,block6.W1,53,16,0.8722913861274719,0.8696880340576172,0.0026033520698547363
final,13,block6.W1,54,16,0.9184480905532837,0.9374582171440125,0.01901012659072876
final,13,block6.W1,55,16,0.8989672064781189,0.893897294998169,0.005069911479949951
final,13,block6.W1,56,16,0.8323017358779907,0.8343695998191833,0.002067863941192627
final,13,block6.W1,57,16,0.8521827459335327,0.8496518731117249,0.0025308728218078613
final,13,block6.W1,58,16,0.9454776048660278,0.9429572820663452,0.002520322799682617
final,13,block6.W1,59,16,0.9009207487106323,0.9060763120651245,0.0051555633544921875
final,13,block6.W1,60,16,0.8808335661888123,0.8747192025184631,0.006114363670349121
final,13,block6.W1,61,16,0.835334300994873,0.8354121446609497,7.784366607666016e-05
final,13,block6.W1,62,16,0.8374029994010925,0.8397272229194641,0.002324223518371582
final,13,block6.W1,63,16,0.8594602942466736,0.8689917922019958,0.009531497955322266
final,14,block6.W2,0,16,0.9387483596801758,0.921707272529602,0.01704108715057373
final,14,block6.W2,1,16,0.7648141384124756,0.7828243970870972,0.018010258674621582
final,14,block6.W2,2,16,0.9286377429962158,0.9293590784072876,0.0007213354110717773
final,14,block6.W2,3,16,0.9117482900619507,0.9121655225753784,0.0004172325134277344
final,14,block6.W2,4,16,0.7659318447113037,0.7713538408279419,0.005421996116638184
final,14,block6.W2,5,16,0.8668462634086609,0.8646491169929504,0.0021971464157104492
final,14,block6.W2,6,16,0.8373533487319946,0.8351760506629944,0.002177298069000244
final,14,block6.W2,7,16,0.9008094668388367,0.8940458297729492,0.006763637065887451
final,14,block6.W2,8,16,0.8892389535903931,0.8894938826560974,0.0002549290657043457
final,14,block6.W2,9,16,0.873902440071106,0.8708842396736145,0.003018200397491455
final,14,block6.W2,10,16,0.9016690850257874,0.904471755027771,0.0028026700019836426
final,14,block6.W2,11,16,0.8547309041023254,0.8599414825439453,0.005210578441619873
final,14,block6.W2,12,16,0.8248215317726135,0.839000403881073,0.014178872108459473
final,14,block6.W2,13,16,0.8279328346252441,0.8178420066833496,0.010090827941894531
final,14,block6.W2,14,16,0.8175715208053589,0.81085604429245,0.0067154765129089355
final,14,block6.W2,15,16,0.8188980221748352,0.8225577473640442,0.0036597251892089844
final,14,block6.W2,16,16,0.8478266596794128,0.8586212396621704,0.010794579982757568
final,14,block6.W2,17,16,0.8699823617935181,0.8636800050735474,0.006302356719970703
final,14,block6.W2,18,16,0.8733758926391602,0.8743215203285217,0.0009456276893615723
final,14,block6.W2,19,16,0.8636474013328552,0.8687465786933899,0.005099177360534668
final,14,block6.W2,20,16,0.8393150568008423,0.8384697437286377,0.0008453130722045898
final,14,block6.W2,21,16,0.7617302536964417,0.7566063404083252,0.005123913288116455
final,14,block6.W2,22,16,0.8181520104408264,0.8259474039077759,0.007795393466949463
final,14,block6.W2,23,16,0.7321264147758484,0.7318735718727112,0.00025284290313720703
final,14,block6.W2,24,16,0.8244022727012634,0.8376960158348083,0.013293743133544922
final,14,block6.W2,25,16,0.858885645866394,0.8510333895683289,0.007852256298065186
final,14,block6.W2,26,16,0.8262100219726562,0.8233155012130737,0.0028945207595825195
final,14,block6.W2,27,16,0.8358440399169922,0.8338325619697571,0.0020114779472351074
final,14,block6.W2,28,16,0.7745554447174072,0.7761596441268921,0.0016041994094848633
final,14,block6.W2,29,16,0.7897652387619019,0.8013831973075867,0.011617958545684814
final,14,block6.W2,30,16,0.8300821185112,0.8450689315795898,0.014986813068389893
final,14,block6.W2,31,16,0.8176601529121399,0.8137896060943604,0.003870546817779541
final,14,block6.W2,32,16,0.9714952707290649,0.9663925170898438,0.005102753639221191
final,14,block6.W2,33,16,0.7624536752700806,0.7605341076850891,0.001919567584991455
final,14,block6.W2,34,16,0.8702227473258972,0.8679593205451965,0.0022634267807006836
final,14,block6.W2,35,16,0.870459794998169,0.873337984085083,0.0028781890869140625
final,14,block6.W2,36,16,0.9054712653160095,0.9055446982383728,7.343292236328125e-05
final,14,block6.W2,37,16,0.8506609201431274,0.8415904641151428,0.00907045602798462
final,14,block6.W2,38,16,0.8463461399078369,0.8436365127563477,0.002709627151489258
final,14,block6.W2,39,16,0.8811258673667908,0.8767423033714294,0.004383563995361328
final,14,block6.W2,40,16,0.7860596776008606,0.7855174541473389,0.0005422234535217285
final,14,block6.W2,41,16,0.7953113317489624,0.798383355140686,0.003072023391723633
final,14,block6.W2,42,16,0.754956841468811,0.7416468858718872,0.013309955596923828
final,14,block6.W2,43,16,0.9336805939674377,0.9433491230010986,0.009668529033660889
final,14,block6.W2,44,16,0.8519511222839355,0.8425214290618896,0.009429693222045898
final,14,block6.W2,45,16,0.9422063827514648,0.938666820526123,0.003539562225341797
final,14,block6.W2,46,16,0.9239339828491211,0.9293327331542969,0.005398750305175781
final,14,block6.W2,47,16,0.8258196115493774,0.8265336751937866,0.0007140636444091797
final,14,block6.W2,48,16,0.9450138211250305,0.9449491500854492,6.467103958129883e-05
final,14,block6.W2,49,16,0.8547600507736206,0.8541094064712524,0.0006506443023681641
final,14,block6.W2,50,16,0.7931329607963562,0.7883431911468506,0.004789769649505615
final,14,block6.W2,51,16,0.8394428491592407,0.8307788372039795,0.00866401195526123
final,14,block6.W2,52,16,0.8692300915718079,0.8634155988693237,0.005814492702484131
final,14,block6.W2,53,16,0.8478926420211792,0.8472325801849365,0.0006600618362426758
final,14,block6.W2,54,16,0.8594918251037598,0.8635439276695251,0.004052102565765381
final,14,block6.W2,55,16,0.9159727096557617,0.9259687066078186,0.009995996952056885
final,14,block6.W2,56,16,0.8858988285064697,0.8924715518951416,0.006572723388671875
final,14,block6.W2,57,16,0.7785971164703369,0.7795501947402954,0.0009530782699584961
final,14,block6.W2,58,16,0.9341709613800049,0.9374523162841797,0.0032813549041748047
final,14,block6.W2,59,16,0.8761313557624817,0.8739620447158813,0.002169311046600342
final,14,block6.W2,60,16,0.791343629360199,0.7882798314094543,0.003063797950744629
final,14,block6.W2,61,16,0.9282597303390503,0.92463219165802,0.0036275386810302734
final,14,block6.W2,62,16,0.8308049440383911,0.8272660374641418,0.0035389065742492676
final,14,block6.W2,63,16,0.9150843024253845,0.92353755235672,0.00845324993133545
final,15,block7.W1,0,16,0.9315939545631409,0.9349974989891052,0.0034035444259643555
final,15,block7.W1,1,16,0.8402532935142517,0.844943642616272,0.004690349102020264
final,15,block7.W1,2,16,0.9458373188972473,0.9445782899856567,0.0012590289115905762
final,15,block7.W1,3,16,0.8046368956565857,0.801278293132782,0.003358602523803711
final,15,block7.W1,4,16,0.8779376149177551,0.8830740451812744,0.005136430263519287
final,15,block7.W1,5,16,1.0063389539718628,1.0133217573165894,0.0069828033447265625
final,15,block7.W1,6,16,0.8995178937911987,0.9071207046508789,0.007602810859680176
final,15,block7.W1,7,16,0.7984020113945007,0.8004189133644104,0.002016901969909668
final,15,block7.W1,8,16,0.8705115914344788,0.8802744150161743,0.009762823581695557
final,15,block7.W1,9,16,0.8698739409446716,0.8716042637825012,0.0017303228378295898
final,15,block7.W1,10,16,0.8369387984275818,0.8340192437171936,0.0029195547103881836
final,15,block7.W1,11,16,0.7645474672317505,0.7676861882209778,0.003138720989227295
final,15,block7.W1,12,16,0.8474836349487305,0.8458742499351501,0.0016093850135803223
final,15,block7.W1,13,16,0.9065306186676025,0.9114048480987549,0.004874229431152344
final,15,block7.W1,14,16,0.8891072869300842,0.8905627131462097,0.0014554262161254883
final,15,block7.W1,15,16,0.8259807229042053,0.8076163530349731,0.018364369869232178
final,15,block7.W1,16,16,0.8489224314689636,0.8451019525527954,0.003820478916168213
final,15,block7.W1,17,16,0.745299220085144,0.7459338903427124,0.0006346702575683594
final,15,block7.W1,18,16,0.8477689027786255,0.8531405925750732,0.005371689796447754
final,15,block7.W1,19,16,0.7963097095489502,0.790014922618866,0.0062947869300842285
final,15,block7.W1,20,16,0.8876686692237854,0.8780259490013123,0.009642720222473145
final,15,block7.W1,21,16,0.7787801027297974,0.7754285335540771,0.003351569175720215
final,15,block7.W1,22,16,1.029014229774475,1.0163719654083252,0.012642264366149902
final,15,block7.W1,23,16,0.8145343065261841,0.8080074787139893,0.006526827812194824
final,15,block7.W1,24,16,0.8210796117782593,0.8255200386047363,0.004440426826477051
final,15,block7.W1,25,16,0.9336022138595581,0.9317631721496582,0.0018390417098999023
final,15,block7.W1,26,16,0.8507007956504822,0.8536621332168579,0.0029613375663757324
final,15,block7.W1,27,16,0.7787727117538452,0.772868812084198,0.005903899669647217
final,15,block7.W1,28,16,0.9428752660751343,0.9383304119110107,0.004544854164123535
final,15,block7.W1,29,16,0.9173544645309448,0.9280863404273987,0.010731875896453857
final,15,block7.W1,30,16,0.8180070519447327,0.8254225850105286,0.0074155330657958984
final,15,block7.W1,31,16,0.754074215888977,0.7531543970108032,0.0009198188781738281
final,15,block7.W1,32,16,0.8412572145462036,0.8378393054008484,0.0034179091453552246
final,15,block7.W1,33,16,0.9507572054862976,0.9472653269767761,0.0034918785095214844
final,15,block7.W1,34,16,0.843101978302002,0.8393919467926025,0.003710031509399414
final,15,block7.W1,35,16,0.7955513596534729,0.8015211820602417,0.005969822406768799
final,15,block7.W1,36,16,0.9459573030471802,0.9406329393386841,0.005324363708496094
final,15,block7.W1,37,16,0.9759710431098938,0.9855179786682129,0.009546935558319092
final,15,block7.W1,38,16,0.8422700762748718,0.839513897895813,0.002756178379058838
final,15,block7.W1,39,16,0.9016160368919373,0.9072240591049194,0.005608022212982178
final,15,block7.W1,40,16,0.763896107673645,0.7577093839645386,0.006186723709106445
final,15,block7.W1,41,16,0.9528706669807434,0.9608442187309265,0.007973551750183105
final,15,block7.W1,42,16,0.8928642868995667,0.8885948061943054,0.0042694807052612305
final,15,block7.W1,43,16,0.8020134568214417,0.7879238128662109,0.014089643955230713
final,15,block7.W1,44,16,0.8557447195053101,0.8533608317375183,0.002383887767791748
final,15,block7.W1,45,16,0.8564632534980774,0.8592953085899353,0.00283205509185791
final,15,block7.W1,46,16,0.8807955384254456,0.8805847764015198,0.00021076202392578125
final,15,block7.W1,47,16,0.8980733156204224,0.8987858295440674,0.0007125139236450195
final,15,block7.W1,48,16,0.8684335350990295,0.8590572476387024,0.009376287460327148
final,15,block7.W1,49,16,0.8171281218528748,0.8123903274536133,0.004737794399261475
final,15,block7.W1,50,16,0.9004537463188171,0.9120132327079773,0.011559486389160156
final,15,block7.W1,51,16,0.9381503462791443,0.9421550631523132,0.004004716873168945
final,15,block7.W1,52,16,0.8577786087989807,0.8658713698387146,0.008092761039733887
final,15,block7.W1,53,16,0.8476447463035583,0.8570715188980103,0.009426772594451904
final,15,block7.W1,54,16,0.8268059492111206,0.8284451961517334,0.001639246940612793
final,15,block7.W1,55,16,0.7240135669708252,0.723789632320404,0.00022393465042114258
final,15,block7.W1,56,16,0.7978770732879639,0.7975193858146667,0.00035768747329711914
final,15,block7.W1,57,16,0.9411187767982483,0.9360824227333069,0.005036354064941406
final,15,block7.W1,58,16,0.9015112519264221,0.9042500257492065,0.002738773822784424
final,15,block7.W1,59,16,0.7972686886787415,0.807698130607605,0.010429441928863525
final,15,block7.W1,60,16,0.8070979714393616,0.8085601329803467,0.0014621615409851074
final,15,block7.W1,61,16,0.8681958913803101,0.8620893359184265,0.006106555461883545
final,15,block7.W1,62,16,0.810761570930481,0.8118146657943726,0.0010530948638916016
final,15,block7.W1,63,16,0.8960855007171631,0.8991246223449707,0.003039121627807617
final,16,block7.W2,0,16,0.9012864828109741,0.9008927941322327,0.0003936886787414551
final,16,block7.W2,1,16,0.9372725486755371,0.9358447790145874,0.001427769660949707
final,16,block7.W2,2,16,0.9668314456939697,0.9712024331092834,0.004370987415313721
final,16,block7.W2,3,16,0.7961704730987549,0.7987350225448608,0.002564549446105957
final,16,block7.W2,4,16,0.8510518670082092,0.8529534339904785,0.0019015669822692871
final,16,block7.W2,5,16,0.8957875370979309,0.8922350406646729,0.0035524964332580566
final,16,block7.W2,6,16,0.8153848648071289,0.8077265620231628,0.0076583027839660645
final,16,block7.W2,7,16,0.8377237319946289,0.8354812264442444,0.0022425055503845215
final,16,block7.W2,8,16,0.7908881902694702,0.793714702129364,0.002826511859893799
final,16,block7.W2,9,16,0.8309071660041809,0.8304248452186584,0.00048232078552246094
final,16,block7.W2,10,16,0.8755683898925781,0.8733425736427307,0.002225816249847412
final,16,block7.W2,11,16,0.840062141418457,0.8462587594985962,0.00619661808013916
final,16,block7.W2,12,16,0.7592432498931885,0.7618919014930725,0.002648651599884033
final,16,block7.W2,13,16,0.80983567237854,0.8159385919570923,0.006102919578552246
final,16,block7.W2,14,16,0.8634681105613708,0.8604925870895386,0.0029755234718322754
final,16,block7.W2,15,16,0.8388121128082275,0.8454084992408752,0.006596386432647705
final,16,block7.W2,16,16,0.8609309196472168,0.8602856397628784,0.0006452798843383789
final,16,block7.W2,17,16,0.7937619090080261,0.7958019375801086,0.0020400285720825195
final,16,block7.W2,18,16,0.9350712895393372,0.9328116178512573,0.002259671688079834
final,16,block7.W2,19,16,0.7806891798973083,0.7771691679954529,0.0035200119018554688
final,16,block7.W2,20,16,0.8006643652915955,0.8005803227424622,8.404254913330078e-05
final,16,block7.W2,21,16,0.8410723209381104,0.84101402759552,5.829334259033203e-05
final,16,block7.W2,22,16,0.8201043605804443,0.8181864023208618,0.0019179582595825195
final,16,block7.W2,23,16,0.8334088325500488,0.831704318523407,0.0017045140266418457
final,16,block7.W2,24,16,0.7898056507110596,0.7957653403282166,0.005959689617156982
final,16,block7.W2,25,16,0.8646425604820251,0.8636305928230286,0.001011967658996582
final,16,block7.W2,26,16,0.9750258326530457,0.9740533828735352,0.000972449779510498
final,16,block7.W2,27,16,0.7594252824783325,0.7589981555938721,0.0004271268844604492
final,16,block7.W2,28,16,0.8032463788986206,0.8026891350746155,0.000557243824005127
final,16,block7.W2,29,16,0.889164388179779,0.895757794380188,0.0065934062004089355
final,16,block7.W2,30,16,0.8960657119750977,0.8957071304321289,0.00035858154296875
final,16,block7.W2,31,16,0.963521420955658,0.9584616422653198,0.005059778690338135
final,16,block7.W2,32,16,0.8099246025085449,0.8178517818450928,0.007927179336547852
final,16,block7.W2,33,16,0.8361748456954956,0.8389826416969299,0.002807796001434326
final,16,block7.W2,34,16,0.8537611365318298,0.8546517491340637,0.0008906126022338867
final,16,block7.W2,35,16,0.8306907415390015,0.8320420980453491,0.0013513565063476562
final,16,block7.W2,36,16,0.851707398891449,0.8476703763008118,0.004037022590637207
final,16,block7.W2,37,16,0.8183987736701965,0.8192007541656494,0.0008019804954528809
final,16,block7.W2,38,16,0.8150591850280762,0.8158851861953735,0.0008260011672973633
final,16,block7.W2,39,16,0.9498624205589294,0.9496226906776428,0.0002397298812866211
final,16,block7.W2,40,16,0.8738399147987366,0.8741704225540161,0.000330507755279541
final,16,block7.W2,41,16,0.8575304746627808,0.8544715046882629,0.0030589699745178223
final,16,block7.W2,42,16,0.8961734771728516,0.8967418074607849,0.0005683302879333496
final,16,block7.W2,43,16,0.8940438628196716,0.8951742649078369,0.0011304020881652832
final,16,block7.W2,44,16,0.8297373056411743,0.8294568657875061,0.0002804398536682129
final,16,block7.W2,45,16,0.7977945804595947,0.8019564151763916,0.004161834716796875
final,16,block7.W2,46,16,0.8464052677154541,0.8428401947021484,0.003565073013305664
final,16,block7.W2,47,16,0.877029538154602,0.8778287172317505,0.0007991790771484375
final,16,block7.W2,48,16,0.8754377961158752,0.8786600232124329,0.003222227096557617
final,16,block7.W2,49,16,0.8136223554611206,0.8134792447090149,0.0001431107521057129
final,16,block7.W2,50,16,0.9791696667671204,0.9778618812561035,0.0013077855110168457
final,16,block7.W2,51,16,0.7681052684783936,0.7669864892959595,0.001118779182434082
final,16,block7.W2,52,16,0.8429993391036987,0.8468052744865417,0.0038059353828430176
final,16,block7.W2,53,16,0.8121190667152405,0.809149444103241,0.0029696226119995117
final,16,block7.W2,54,16,0.8893681764602661,0.8903322219848633,0.000964045524597168
final,16,block7.W2,55,16,0.8071929812431335,0.8098156452178955,0.002622663974761963
final,16,block7.W2,56,16,0.985045850276947,0.9901495575904846,0.005103707313537598
final,16,block7.W2,57,16,0.9566137790679932,0.9533058404922485,0.003307938575744629
final,16,block7.W2,58,16,0.9361400604248047,0.9352205395698547,0.0009195208549499512
final,16,block7.W2,59,16,0.8612219095230103,0.857154905796051,0.0040670037269592285
final,16,block7.W2,60,16,0.8281577825546265,0.8304651975631714,0.002307415008544922
final,16,block7.W2,61,16,0.9235019683837891,0.9217310547828674,0.0017709136009216309
final,16,block7.W2,62,16,0.8505522608757019,0.8536639213562012,0.0031116604804992676
final,16,block7.W2,63,16,0.8113405108451843,0.815939724445343,0.004599213600158691
final,17,W_out,0,16,0.7688281536102295,0.7630250453948975,0.005803108215332031
final,17,W_out,1,16,0.9245958924293518,0.9043365120887756,0.020259380340576172
final,17,W_out,2,16,0.8424981236457825,0.8031463027000427,0.039351820945739746
final,17,W_out,3,16,0.9347091317176819,0.9519122242927551,0.017203092575073242
final,17,W_out,4,16,0.7806575298309326,0.7792183756828308,0.0014391541481018066
final,17,W_out,5,16,0.8525424599647522,0.8700489401817322,0.01750648021697998
final,17,W_out,6,16,0.8570187091827393,0.8480494022369385,0.008969306945800781
final,17,W_out,7,16,0.8723668456077576,0.8842843770980835,0.011917531490325928
final,17,W_out,8,16,0.8564629554748535,0.8426146507263184,0.013848304748535156
final,17,W_out,9,16,0.9484686851501465,0.939846396446228,0.008622288703918457
final,17,W_out,10,16,0.8184021711349487,0.8285926580429077,0.010190486907958984
final,17,W_out,11,16,0.8534852266311646,0.8485100269317627,0.0049751996994018555
final,17,W_out,12,16,0.8722953200340271,0.8718680739402771,0.00042724609375
final,17,W_out,13,16,0.858497142791748,0.8717895746231079,0.013292431831359863
final,17,W_out,14,16,0.9383654594421387,0.9476075768470764,0.009242117404937744
final,17,W_out,15,16,0.8193386197090149,0.8299938440322876,0.010655224323272705
final,17,W_out,16,16,0.8867882490158081,0.888095498085022,0.0013072490692138672
final,17,W_out,17,16,0.7624979019165039,0.7645763754844666,0.0020784735679626465
final,17,W_out,18,16,0.8227632641792297,0.8292861580848694,0.0065228939056396484
final,17,W_out,19,16,0.7768428921699524,0.7728258967399597,0.004016995429992676
final,17,W_out,20,16,0.9212836623191833,0.9196710586547852,0.0016126036643981934
final,17,W_out,21,16,0.847458004951477,0.833309531211853,0.014148473739624023
final,17,W_out,22,16,0.8272886276245117,0.8554726839065552,0.028184056282043457
final,17,W_out,23,16,0.8612807393074036,0.8455386161804199,0.015742123126983643
final,17,W_out,24,16,1.018804669380188,1.0180368423461914,0.000767827033996582
final,17,W_out,25,16,0.9107183218002319,0.9035911560058594,0.007127165794372559
final,17,W_out,26,16,0.8205295205116272,0.8148659467697144,0.005663573741912842
final,17,W_out,27,16,0.84913569688797,0.8681602478027344,0.019024550914764404
final,17,W_out,28,16,0.905099630355835,0.9218719601631165,0.016772329807281494
final,17,W_out,29,16,0.8165244460105896,0.8396344184875488,0.02310997247695923
final,17,W_out,30,16,0.9264267086982727,0.9076935648918152,0.01873314380645752
final,17,W_out,31,16,0.8854764103889465,0.8758732080459595,0.00960320234298706
final,17,W_out,32,16,0.8994536995887756,0.8849210739135742,0.014532625675201416
final,17,W_out,33,16,0.9174312353134155,0.909721851348877,0.007709383964538574
final,17,W_out,34,16,0.8444260358810425,0.8680409789085388,0.023614943027496338
final,17,W_out,35,16,0.9259011745452881,0.8977556824684143,0.02814549207687378
final,17,W_out,36,16,0.845287024974823,0.8316658139228821,0.013621211051940918
final,17,W_out,37,16,0.8100852966308594,0.8062201738357544,0.0038651227951049805
final,17,W_out,38,16,0.9418811798095703,0.9383330345153809,0.003548145294189453
final,17,W_out,39,16,0.8858845233917236,0.8932449221611023,0.007360398769378662
final,17,W_out,40,16,0.735074520111084,0.7369250655174255,0.0018505454063415527
final,17,W_out,41,16,0.8964362144470215,0.8772796988487244,0.01915651559829712
final,17,W_out,42,16,0.98478764295578,0.9775101542472839,0.007277488708496094
final,17,W_out,43,16,0.850487232208252,0.8496062159538269,0.0008810162544250488
final,17,W_out,44,16,0.866618812084198,0.8788366317749023,0.012217819690704346
final,17,W_out,45,16,0.8956503868103027,0.9030891060829163,0.007438719272613525
final,17,W_out,46,16,0.7835752367973328,0.773497998714447,0.010077238082885742
final,17,W_out,47,16,0.8715401887893677,0.8707910776138306,0.0007491111755371094
final,17,W_out,48,16,0.8533948659896851,0.8644202351570129,0.01102536916732788
final,17,W_out,49,16,0.8539268970489502,0.8347042202949524,0.019222676753997803
final,17,W_out,50,16,0.8442578315734863,0.8487312197685242,0.004473388195037842
final,17,W_out,51,16,0.9908174276351929,1.0119942426681519,0.021176815032958984
final,17,W_out,52,16,0.8577340841293335,0.8765499591827393,0.01881587505340576
final,17,W_out,53,16,0.756617546081543,0.7365648746490479,0.020052671432495117
final,17,W_out,54,16,0.8987528085708618,0.8874462842941284,0.011306524276733398
final,17,W_out,55,16,0.8036906719207764,0.7957688570022583,0.007921814918518066
final,17,W_out,56,16,0.8593711853027344,0.8594841957092285,0.00011301040649414062
final,17,W_out,57,16,0.8978906869888306,0.9051746726036072,0.007283985614776611
final,17,W_out,58,16,0.9187630414962769,0.9025052785873413,0.016257762908935547
final,17,W_out,59,16,0.8903577923774719,0.8900753259658813,0.00028246641159057617
final,17,W_out,60,16,0.7655270099639893,0.7553504705429077,0.010176539421081543
final,17,W_out,61,16,0.8158432841300964,0.8198632001876831,0.00401991605758667
final,17,W_out,62,16,0.9393630623817444,0.9425159692764282,0.003152906894683838
final,17,W_out,63,16,0.8536988496780396,0.8430899381637573,0.010608911514282227
