stage,layer,matrix,pair,perturbed_coordinates,loss_plus,loss_minus,abs_y
initial,0,W_in,0,16,2.5804800987243652,2.568185329437256,0.012294769287109375
initial,0,W_in,1,16,2.672287702560425,2.675708770751953,0.0034210681915283203
initial,0,W_in,2,16,2.5623996257781982,2.570213794708252,0.007814168930053711
initial,0,W_in,3,16,2.7528982162475586,2.7592337131500244,0.00633549690246582
initial,0,W_in,4,16,2.4831130504608154,2.482769012451172,0.0003440380096435547
initial,0,W_in,5,16,2.6978397369384766,2.698023557662964,0.0001838207244873047
initial,0,W_in,6,16,2.520785093307495,2.5241994857788086,0.0034143924713134766
initial,0,W_in,7,16,2.7228970527648926,2.719883680343628,0.0030133724212646484
initial,0,W_in,8,16,2.750361919403076,2.740166425704956,0.010195493698120117
initial,0,W_in,9,16,2.6781344413757324,2.6761693954467773,0.001965045928955078
initial,0,W_in,10,16,2.598021984100342,2.611643075942993,0.013621091842651367
initial,0,W_in,11,16,2.596484899520874,2.5994300842285156,0.0029451847076416016
initial,0,W_in,12,16,2.561847448348999,2.554731845855713,0.007115602493286133
initial,0,W_in,13,16,2.585540771484375,2.5803120136260986,0.005228757858276367
initial,0,W_in,14,16,2.5969905853271484,2.6016016006469727,0.004611015319824219
initial,0,W_in,15,16,2.522223472595215,2.519371509552002,0.0028519630432128906
initial,0,W_in,16,16,2.5573763847351074,2.555657148361206,0.0017192363739013672
initial,0,W_in,17,16,2.7919883728027344,2.7992706298828125,0.007282257080078125
initial,0,W_in,18,16,2.582444906234741,2.5905840396881104,0.00813913345336914
initial,0,W_in,19,16,2.613398313522339,2.6050944328308105,0.00830388069152832
initial,0,W_in,20,16,2.6619205474853516,2.66278338432312,0.0008628368377685547
initial,0,W_in,21,16,2.780046224594116,2.769892930984497,0.01015329360961914
initial,0,W_in,22,16,2.6871864795684814,2.690575361251831,0.0033888816833496094
initial,0,W_in,23,16,2.6302685737609863,2.633099317550659,0.0028307437896728516
initial,0,W_in,24,16,2.661121129989624,2.657348155975342,0.0037729740142822266
initial,0,W_in,25,16,2.6161134243011475,2.614548444747925,0.0015649795532226562
initial,0,W_in,26,16,2.671286106109619,2.675499677658081,0.004213571548461914
initial,0,W_in,27,16,2.6475412845611572,2.636613130569458,0.010928153991699219
initial,0,W_in,28,16,2.666358232498169,2.6727116107940674,0.0063533782958984375
initial,0,W_in,29,16,2.6971518993377686,2.7057747840881348,0.008622884750366211
initial,0,W_in,30,16,2.732377052307129,2.7491793632507324,0.016802310943603516
initial,0,W_in,31,16,2.6511056423187256,2.6425442695617676,0.008561372756958008
initial,0,W_in,32,16,2.6684277057647705,2.6880290508270264,0.01960134506225586
initial,0,W_in,33,16,2.685300350189209,2.6943490505218506,0.009048700332641602
initial,0,W_in,34,16,2.7393810749053955,2.7360503673553467,0.003330707550048828
initial,0,W_in,35,16,2.610297203063965,2.6025238037109375,0.007773399353027344
initial,0,W_in,36,16,2.568021535873413,2.567168951034546,0.0008525848388671875
initial,0,W_in,37,16,2.690162181854248,2.7029011249542236,0.012738943099975586
initial,0,W_in,38,16,2.657524347305298,2.658257246017456,0.0007328987121582031
initial,0,W_in,39,16,2.7119805812835693,2.7092370986938477,0.0027434825897216797
initial,0,W_in,40,16,2.641481876373291,2.6383473873138428,0.003134489059448242
initial,0,W_in,41,16,2.6038930416107178,2.5977284908294678,0.00616455078125
initial,0,W_in,42,16,2.6188559532165527,2.635437488555908,0.01658153533935547
initial,0,W_in,43,16,2.777099847793579,2.7823939323425293,0.005294084548950195
initial,0,W_in,44,16,2.646177053451538,2.6454484462738037,0.000728607177734375
initial,0,W_in,45,16,2.708193302154541,2.7079124450683594,0.0002808570861816406
initial,0,W_in,46,16,2.682084321975708,2.68949294090271,0.007408618927001953
initial,0,W_in,47,16,2.818166971206665,2.8174021244049072,0.0007648468017578125
initial,0,W_in,48,16,2.7567005157470703,2.751554489135742,0.005146026611328125
initial,0,W_in,49,16,2.627335786819458,2.6385018825531006,0.011166095733642578
initial,0,W_in,50,16,2.688119888305664,2.684032440185547,0.0040874481201171875
initial,0,W_in,51,16,2.602551221847534,2.618520736694336,0.015969514846801758
initial,0,W_in,52,16,2.615079402923584,2.6202094554901123,0.00513005256652832
initial,0,W_in,53,16,2.670269727706909,2.670074224472046,0.00019550323486328125
initial,0,W_in,54,16,2.569878578186035,2.566189765930176,0.003688812255859375
initial,0,W_in,55,16,2.808650493621826,2.8146519660949707,0.006001472473144531
initial,0,W_in,56,16,2.5936732292175293,2.590099573135376,0.0035736560821533203
initial,0,W_in,57,16,2.7691071033477783,2.768266201019287,0.0008409023284912109
initial,0,W_in,58,16,2.6986801624298096,2.691767930984497,0.0069122314453125
initial,0,W_in,59,16,2.7658040523529053,2.772264003753662,0.006459951400756836
initial,0,W_in,60,16,2.5356836318969727,2.540412187576294,0.004728555679321289
initial,0,W_in,61,16,2.679485321044922,2.688244581222534,0.008759260177612305
initial,0,W_in,62,16,2.731968641281128,2.7333290576934814,0.0013604164123535156
initial,0,W_in,63,16,2.6175270080566406,2.61786150932312,0.0003345012664794922
initial,1,block0.W1,0,16,2.641122579574585,2.64444899559021,0.003326416015625
initial,1,block0.W1,1,16,2.6287124156951904,2.635268211364746,0.006555795669555664
initial,1,block0.W1,2,16,2.6060776710510254,2.5983994007110596,0.00767827033996582
initial,1,block0.W1,3,16,2.683175563812256,2.6858155727386475,0.0026400089263916016
initial,1,block0.W1,4,16,2.6181020736694336,2.612025499343872,0.0060765743255615234
initial,1,block0.W1,5,16,2.6279196739196777,2.635512113571167,0.007592439651489258
initial,1,block0.W1,6,16,2.6954710483551025,2.7038893699645996,0.00841832160949707
initial,1,block0.W1,7,16,2.668226718902588,2.6785836219787598,0.010356903076171875
initial,1,block0.W1,8,16,2.640777349472046,2.6404266357421875,0.00035071372985839844
initial,1,block0.W1,9,16,2.6890034675598145,2.687277317047119,0.0017261505126953125
initial,1,block0.W1,10,16,2.716114044189453,2.722644090652466,0.006530046463012695
initial,1,block0.W1,11,16,2.7524983882904053,2.7436916828155518,0.008806705474853516
initial,1,block0.W1,12,16,2.721684694290161,2.72033429145813,0.00135040283203125
initial,1,block0.W1,13,16,2.757575273513794,2.7628676891326904,0.005292415618896484
initial,1,block0.W1,14,16,2.6581099033355713,2.6527035236358643,0.005406379699707031
initial,1,block0.W1,15,16,2.6414268016815186,2.6286754608154297,0.012751340866088867
initial,1,block0.W1,16,16,2.762721300125122,2.7550547122955322,0.007666587829589844
initial,1,block0.W1,17,16,2.6334431171417236,2.620901584625244,0.012541532516479492
initial,1,block0.W1,18,16,2.659538745880127,2.658508539199829,0.0010302066802978516
initial,1,block0.W1,19,16,2.6718571186065674,2.666978359222412,0.0048787593841552734
initial,1,block0.W1,20,16,2.678494691848755,2.680676221847534,0.002181529998779297
initial,1,block0.W1,21,16,2.5578219890594482,2.5816760063171387,0.02385401725769043
initial,1,block0.W1,22,16,2.678422451019287,2.683773994445801,0.005351543426513672
initial,1,block0.W1,23,16,2.6292598247528076,2.641148328781128,0.011888504028320312
initial,1,block0.W1,24,16,2.602842092514038,2.586912155151367,0.0159299373626709
initial,1,block0.W1,25,16,2.6374881267547607,2.6410746574401855,0.0035865306854248047
initial,1,block0.W1,26,16,2.6193301677703857,2.635172128677368,0.015841960906982422
initial,1,block0.W1,27,16,2.6762235164642334,2.6800031661987305,0.0037796497344970703
initial,1,block0.W1,28,16,2.607516050338745,2.599489688873291,0.008026361465454102
initial,1,block0.W1,29,16,2.6905887126922607,2.674372673034668,0.016216039657592773
initial,1,block0.W1,30,16,2.6692373752593994,2.6698012351989746,0.0005638599395751953
initial,1,block0.W1,31,16,2.5420334339141846,2.5357778072357178,0.006255626678466797
initial,1,block0.W1,32,16,2.70544695854187,2.6992838382720947,0.006163120269775391
initial,1,block0.W1,33,16,2.5615875720977783,2.5651488304138184,0.003561258316040039
initial,1,block0.W1,34,16,2.633230209350586,2.621527910232544,0.011702299118041992
initial,1,block0.W1,35,16,2.7273683547973633,2.7308199405670166,0.0034515857696533203
initial,1,block0.W1,36,16,2.6407952308654785,2.634814977645874,0.005980253219604492
initial,1,block0.W1,37,16,2.676480770111084,2.6785430908203125,0.0020623207092285156
initial,1,block0.W1,38,16,2.717437982559204,2.7340736389160156,0.016635656356811523
initial,1,block0.W1,39,16,2.6192543506622314,2.6135571002960205,0.0056972503662109375
initial,1,block0.W1,40,16,2.734649181365967,2.724825620651245,0.00982356071472168
initial,1,block0.W1,41,16,2.7434983253479004,2.7561161518096924,0.012617826461791992
initial,1,block0.W1,42,16,2.5681605339050293,2.5725526809692383,0.004392147064208984
initial,1,block0.W1,43,16,2.719304084777832,2.7406482696533203,0.02134418487548828
initial,1,block0.W1,44,16,2.9581851959228516,2.957205295562744,0.0009799003601074219
initial,1,block0.W1,45,16,2.5704188346862793,2.5608878135681152,0.009531021118164062
initial,1,block0.W1,46,16,2.67811918258667,2.6775577068328857,0.0005614757537841797
initial,1,block0.W1,47,16,2.5536932945251465,2.5469491481781006,0.0067441463470458984
initial,1,block0.W1,48,16,2.566471576690674,2.5765368938446045,0.010065317153930664
initial,1,block0.W1,49,16,2.68647837638855,2.687225818634033,0.0007474422454833984
initial,1,block0.W1,50,16,2.5749893188476562,2.5717005729675293,0.003288745880126953
initial,1,block0.W1,51,16,2.5987353324890137,2.5915896892547607,0.00714564323425293
initial,1,block0.W1,52,16,2.6277668476104736,2.623246431350708,0.004520416259765625
initial,1,block0.W1,53,16,2.6310038566589355,2.6239824295043945,0.007021427154541016
initial,1,block0.W1,54,16,2.7026796340942383,2.7114109992980957,0.008731365203857422
initial,1,block0.W1,55,16,2.7040293216705322,2.70932936668396,0.005300045013427734
initial,1,block0.W1,56,16,2.5299341678619385,2.5352582931518555,0.005324125289916992
initial,1,block0.W1,57,16,2.618326187133789,2.6099138259887695,0.008412361145019531
initial,1,block0.W1,58,16,2.6417880058288574,2.6279094219207764,0.013878583908081055
initial,1,block0.W1,59,16,2.613468885421753,2.611673593521118,0.0017952919006347656
initial,1,block0.W1,60,16,2.6912026405334473,2.7026801109313965,0.011477470397949219
initial,1,block0.W1,61,16,2.776207447052002,2.7875003814697266,0.01129293441772461
initial,1,block0.W1,62,16,2.5078184604644775,2.5242223739624023,0.016403913497924805
initial,1,block0.W1,63,16,2.622990608215332,2.629223585128784,0.0062329769134521484
initial,2,block0.W2,0,16,2.7406582832336426,2.73730206489563,0.0033562183380126953
initial,2,block0.W2,1,16,2.579371929168701,2.576909303665161,0.002462625503540039
initial,2,block0.W2,2,16,2.7331676483154297,2.728621006011963,0.004546642303466797
initial,2,block0.W2,3,16,2.621428966522217,2.6163041591644287,0.005124807357788086
initial,2,block0.W2,4,16,2.6730551719665527,2.653430938720703,0.01962423324584961
initial,2,block0.W2,5,16,2.6512911319732666,2.6564619541168213,0.0051708221435546875
initial,2,block0.W2,6,16,2.653718948364258,2.654634952545166,0.0009160041809082031
initial,2,block0.W2,7,16,2.7146496772766113,2.713909387588501,0.0007402896881103516
initial,2,block0.W2,8,16,2.662224054336548,2.672516345977783,0.010292291641235352
initial,2,block0.W2,9,16,2.5378036499023438,2.5462934970855713,0.008489847183227539
initial,2,block0.W2,10,16,2.6269335746765137,2.6236684322357178,0.0032651424407958984
initial,2,block0.W2,11,16,2.666161298751831,2.6821651458740234,0.016003847122192383
initial,2,block0.W2,12,16,2.5416510105133057,2.540189266204834,0.0014617443084716797
initial,2,block0.W2,13,16,2.61967396736145,2.612731695175171,0.006942272186279297
initial,2,block0.W2,14,16,2.6789133548736572,2.6801156997680664,0.0012023448944091797
initial,2,block0.W2,15,16,2.6621222496032715,2.647444725036621,0.01467752456665039
initial,2,block0.W2,16,16,2.609890937805176,2.5976402759552,0.012250661849975586
initial,2,block0.W2,17,16,2.6948533058166504,2.681065797805786,0.013787508010864258
initial,2,block0.W2,18,16,2.6290929317474365,2.6247036457061768,0.004389286041259766
initial,2,block0.W2,19,16,2.645918607711792,2.6517651081085205,0.005846500396728516
initial,2,block0.W2,20,16,2.695451498031616,2.686556100845337,0.008895397186279297
initial,2,block0.W2,21,16,2.6422524452209473,2.651930093765259,0.009677648544311523
initial,2,block0.W2,22,16,2.6817386150360107,2.670778751373291,0.010959863662719727
initial,2,block0.W2,23,16,2.7084360122680664,2.7071259021759033,0.001310110092163086
initial,2,block0.W2,24,16,2.59721302986145,2.59744930267334,0.00023627281188964844
initial,2,block0.W2,25,16,2.740433692932129,2.7423312664031982,0.001897573471069336
initial,2,block0.W2,26,16,2.589888572692871,2.5968198776245117,0.006931304931640625
initial,2,block0.W2,27,16,2.663825750350952,2.659810781478882,0.0040149688720703125
initial,2,block0.W2,28,16,2.7161004543304443,2.7114059925079346,0.004694461822509766
initial,2,block0.W2,29,16,2.5823910236358643,2.579711675643921,0.0026793479919433594
initial,2,block0.W2,30,16,2.665945053100586,2.6592702865600586,0.006674766540527344
initial,2,block0.W2,31,16,2.679830312728882,2.683072805404663,0.00324249267578125
initial,2,block0.W2,32,16,2.650874376296997,2.654186964035034,0.0033125877380371094
initial,2,block0.W2,33,16,2.6038787364959717,2.6108367443084717,0.0069580078125
initial,2,block0.W2,34,16,2.556450128555298,2.554098606109619,0.002351522445678711
initial,2,block0.W2,35,16,2.6440389156341553,2.6418702602386475,0.0021686553955078125
initial,2,block0.W2,36,16,2.719027519226074,2.710376739501953,0.008650779724121094
initial,2,block0.W2,37,16,2.621990203857422,2.6207573413848877,0.0012328624725341797
initial,2,block0.W2,38,16,2.706894874572754,2.701483726501465,0.0054111480712890625
initial,2,block0.W2,39,16,2.79634690284729,2.7993791103363037,0.003032207489013672
initial,2,block0.W2,40,16,2.5303947925567627,2.52603816986084,0.0043566226959228516
initial,2,block0.W2,41,16,2.6268444061279297,2.6251778602600098,0.0016665458679199219
initial,2,block0.W2,42,16,2.569643974304199,2.567570924758911,0.002073049545288086
initial,2,block0.W2,43,16,2.7440481185913086,2.753657341003418,0.009609222412109375
initial,2,block0.W2,44,16,2.644192695617676,2.6460773944854736,0.0018846988677978516
initial,2,block0.W2,45,16,2.6207425594329834,2.6222870349884033,0.0015444755554199219
initial,2,block0.W2,46,16,2.643662214279175,2.638084650039673,0.005577564239501953
initial,2,block0.W2,47,16,2.697425603866577,2.6925747394561768,0.004850864410400391
initial,2,block0.W2,48,16,2.7108590602874756,2.704777717590332,0.006081342697143555
initial,2,block0.W2,49,16,2.658188581466675,2.6516737937927246,0.006514787673950195
initial,2,block0.W2,50,16,2.591036796569824,2.5979814529418945,0.0069446563720703125
initial,2,block0.W2,51,16,2.770911455154419,2.782815933227539,0.011904478073120117
initial,2,block0.W2,52,16,2.55824613571167,2.557840585708618,0.0004055500030517578
initial,2,block0.W2,53,16,2.7472405433654785,2.7430055141448975,0.004235029220581055
initial,2,block0.W2,54,16,2.6375017166137695,2.6330478191375732,0.004453897476196289
initial,2,block0.W2,55,16,2.7385339736938477,2.739102602005005,0.0005686283111572266
initial,2,block0.W2,56,16,2.649855375289917,2.6533124446868896,0.0034570693969726562
initial,2,block0.W2,57,16,2.6921303272247314,2.683976650238037,0.008153676986694336
initial,2,block0.W2,58,16,2.604660987854004,2.5965914726257324,0.008069515228271484
initial,2,block0.W2,59,16,2.7245023250579834,2.7125375270843506,0.011964797973632812
initial,2,block0.W2,60,16,2.5456182956695557,2.5394914150238037,0.006126880645751953
initial,2,block0.W2,61,16,2.7685935497283936,2.775416135787964,0.0068225860595703125
initial,2,block0.W2,62,16,2.6857693195343018,2.689563512802124,0.0037941932678222656
initial,2,block0.W2,63,16,2.688985586166382,2.6792774200439453,0.009708166122436523
initial,3,block1.W1,0,16,2.690476894378662,2.686197280883789,0.004279613494873047
initial,3,block1.W1,1,16,2.6218643188476562,2.623286247253418,0.0014219284057617188
initial,3,block1.W1,2,16,2.708494186401367,2.7123193740844727,0.0038251876831054688
initial,3,block1.W1,3,16,2.737738847732544,2.7311182022094727,0.006620645523071289
initial,3,block1.W1,4,16,2.731950044631958,2.7290618419647217,0.002888202667236328
initial,3,block1.W1,5,16,2.644948720932007,2.6528711318969727,0.00792241096496582
initial,3,block1.W1,6,16,2.685595750808716,2.6848318576812744,0.0007638931274414062
initial,3,block1.W1,7,16,2.6969940662384033,2.6962978839874268,0.0006961822509765625
initial,3,block1.W1,8,16,2.64993953704834,2.6606006622314453,0.010661125183105469
initial,3,block1.W1,9,16,2.6836698055267334,2.6928019523620605,0.009132146835327148
initial,3,block1.W1,10,16,2.6554603576660156,2.650515079498291,0.004945278167724609
initial,3,block1.W1,11,16,2.6184098720550537,2.6212804317474365,0.0028705596923828125
initial,3,block1.W1,12,16,2.628546953201294,2.6266274452209473,0.0019195079803466797
initial,3,block1.W1,13,16,2.646202802658081,2.6460485458374023,0.00015425682067871094
initial,3,block1.W1,14,16,2.536576747894287,2.530362367630005,0.0062143802642822266
initial,3,block1.W1,15,16,2.815770149230957,2.8199663162231445,0.0041961669921875
initial,3,block1.W1,16,16,2.564743757247925,2.570558786392212,0.005815029144287109
initial,3,block1.W1,17,16,2.6736176013946533,2.668287754058838,0.00532984733581543
initial,3,block1.W1,18,16,2.6545157432556152,2.6666910648345947,0.012175321578979492
initial,3,block1.W1,19,16,2.6861987113952637,2.6873481273651123,0.0011494159698486328
initial,3,block1.W1,20,16,2.591730833053589,2.59734845161438,0.005617618560791016
initial,3,block1.W1,21,16,2.7431201934814453,2.7549195289611816,0.011799335479736328
initial,3,block1.W1,22,16,2.5758423805236816,2.5797548294067383,0.003912448883056641
initial,3,block1.W1,23,16,2.6637063026428223,2.6518640518188477,0.01184225082397461
initial,3,block1.W1,24,16,2.4958977699279785,2.507581949234009,0.011684179306030273
initial,3,block1.W1,25,16,2.6842153072357178,2.6857285499572754,0.0015132427215576172
initial,3,block1.W1,26,16,2.722014904022217,2.7270243167877197,0.00500941276550293
initial,3,block1.W1,27,16,2.7612271308898926,2.7533581256866455,0.00786900520324707
initial,3,block1.W1,28,16,2.712290048599243,2.7099177837371826,0.002372264862060547
initial,3,block1.W1,29,16,2.7113046646118164,2.7071056365966797,0.004199028015136719
initial,3,block1.W1,30,16,2.6678810119628906,2.674105644226074,0.006224632263183594
initial,3,block1.W1,31,16,2.6233394145965576,2.63386869430542,0.010529279708862305
initial,3,block1.W1,32,16,2.618283748626709,2.61311936378479,0.005164384841918945
initial,3,block1.W1,33,16,2.6867918968200684,2.6781463623046875,0.00864553451538086
initial,3,block1.W1,34,16,2.6467854976654053,2.65496563911438,0.00818014144897461
initial,3,block1.W1,35,16,2.6909074783325195,2.6976845264434814,0.006777048110961914
initial,3,block1.W1,36,16,2.748588800430298,2.7506070137023926,0.0020182132720947266
initial,3,block1.W1,37,16,2.594515800476074,2.6027846336364746,0.00826883316040039
initial,3,block1.W1,38,16,2.6651594638824463,2.6642463207244873,0.0009131431579589844
initial,3,block1.W1,39,16,2.7236971855163574,2.7135021686553955,0.010195016860961914
initial,3,block1.W1,40,16,2.705021619796753,2.7020058631896973,0.003015756607055664
initial,3,block1.W1,41,16,2.7046756744384766,2.714132070541382,0.009456396102905273
initial,3,block1.W1,42,16,2.7010505199432373,2.6960647106170654,0.004985809326171875
initial,3,block1.W1,43,16,2.6683578491210938,2.6646571159362793,0.003700733184814453
initial,3,block1.W1,44,16,2.6932287216186523,2.7055938243865967,0.012365102767944336
initial,3,block1.W1,45,16,2.7769577503204346,2.78635311126709,0.009395360946655273
initial,3,block1.W1,46,16,2.7166919708251953,2.711822271347046,0.004869699478149414
initial,3,block1.W1,47,16,2.7231767177581787,2.729539394378662,0.0063626766204833984
initial,3,block1.W1,48,16,2.695845603942871,2.6938583850860596,0.0019872188568115234
initial,3,block1.W1,49,16,2.63643479347229,2.641035556793213,0.0046007633209228516
initial,3,block1.W1,50,16,2.606796979904175,2.613748550415039,0.006951570510864258
initial,3,block1.W1,51,16,2.7848548889160156,2.78019380569458,0.004661083221435547
initial,3,block1.W1,52,16,2.7511651515960693,2.754589557647705,0.003424406051635742
initial,3,block1.W1,53,16,2.8263304233551025,2.8252062797546387,0.0011241436004638672
initial,3,block1.W1,54,16,2.640042304992676,2.6440415382385254,0.003999233245849609
initial,3,block1.W1,55,16,2.618377685546875,2.6314330101013184,0.01305532455444336
initial,3,block1.W1,56,16,2.617159366607666,2.6243698596954346,0.007210493087768555
initial,3,block1.W1,57,16,2.6454670429229736,2.649294853210449,0.003827810287475586
initial,3,block1.W1,58,16,2.6533150672912598,2.6507503986358643,0.002564668655395508
initial,3,block1.W1,59,16,2.7436158657073975,2.747682809829712,0.004066944122314453
initial,3,block1.W1,60,16,2.633321762084961,2.6364898681640625,0.0031681060791015625
initial,3,block1.W1,61,16,2.718730926513672,2.720219612121582,0.0014886856079101562
initial,3,block1.W1,62,16,2.668015956878662,2.664710521697998,0.0033054351806640625
initial,3,block1.W1,63,16,2.6300113201141357,2.6312031745910645,0.001191854476928711
initial,4,block1.W2,0,16,2.84381365776062,2.827854871749878,0.015958786010742188
initial,4,block1.W2,1,16,2.640683650970459,2.6413216590881348,0.0006380081176757812
initial,4,block1.W2,2,16,2.6533353328704834,2.6579837799072266,0.004648447036743164
initial,4,block1.W2,3,16,2.639143705368042,2.634822368621826,0.00432133674621582
initial,4,block1.W2,4,16,2.6196529865264893,2.612497091293335,0.007155895233154297
initial,4,block1.W2,5,16,2.579423666000366,2.558178663253784,0.02124500274658203
initial,4,block1.W2,6,16,2.7910103797912598,2.7748351097106934,0.016175270080566406
initial,4,block1.W2,7,16,2.7008566856384277,2.7021484375,0.0012917518615722656
initial,4,block1.W2,8,16,2.5995256900787354,2.6038005352020264,0.004274845123291016
initial,4,block1.W2,9,16,2.6339335441589355,2.638248920440674,0.004315376281738281
initial,4,block1.W2,10,16,2.5914409160614014,2.5889580249786377,0.002482891082763672
initial,4,block1.W2,11,16,2.702752113342285,2.684215784072876,0.01853632926940918
initial,4,block1.W2,12,16,2.6417880058288574,2.6351318359375,0.006656169891357422
initial,4,block1.W2,13,16,2.6612768173217773,2.669304370880127,0.00802755355834961
initial,4,block1.W2,14,16,2.6561570167541504,2.655845880508423,0.00031113624572753906
initial,4,block1.W2,15,16,2.6825811862945557,2.6790030002593994,0.00357818603515625
initial,4,block1.W2,16,16,2.6222028732299805,2.6188738346099854,0.003329038619995117
initial,4,block1.W2,17,16,2.7766849994659424,2.762716770172119,0.013968229293823242
initial,4,block1.W2,18,16,2.771054744720459,2.7675621509552,0.003492593765258789
initial,4,block1.W2,19,16,2.6666557788848877,2.6697888374328613,0.003133058547973633
initial,4,block1.W2,20,16,2.6151649951934814,2.617525577545166,0.0023605823516845703
initial,4,block1.W2,21,16,2.699435234069824,2.692639112472534,0.006796121597290039
initial,4,block1.W2,22,16,2.586804151535034,2.586498260498047,0.0003058910369873047
initial,4,block1.W2,23,16,2.560791254043579,2.566498041152954,0.005706787109375
initial,4,block1.W2,24,16,2.7360658645629883,2.7308473587036133,0.005218505859375
initial,4,block1.W2,25,16,2.7058639526367188,2.7043280601501465,0.0015358924865722656
initial,4,block1.W2,26,16,2.754572868347168,2.748232126235962,0.006340742111206055
initial,4,block1.W2,27,16,2.6525018215179443,2.660696029663086,0.008194208145141602
initial,4,block1.W2,28,16,2.716251850128174,2.6982226371765137,0.018029212951660156
initial,4,block1.W2,29,16,2.605725049972534,2.612623691558838,0.006898641586303711
initial,4,block1.W2,30,16,2.7427520751953125,2.7332613468170166,0.009490728378295898
initial,4,block1.W2,31,16,2.7061848640441895,2.6873128414154053,0.01887202262878418
initial,4,block1.W2,32,16,2.794149160385132,2.8082869052886963,0.014137744903564453
initial,4,block1.W2,33,16,2.7100772857666016,2.701995849609375,0.008081436157226562
initial,4,block1.W2,34,16,2.5644097328186035,2.565263271331787,0.0008535385131835938
initial,4,block1.W2,35,16,2.722327470779419,2.719536304473877,0.002791166305541992
initial,4,block1.W2,36,16,2.6484975814819336,2.6560897827148438,0.007592201232910156
initial,4,block1.W2,37,16,2.6661972999572754,2.6762332916259766,0.010035991668701172
initial,4,block1.W2,38,16,2.6911778450012207,2.6942195892333984,0.0030417442321777344
initial,4,block1.W2,39,16,2.7369799613952637,2.736602783203125,0.0003771781921386719
initial,4,block1.W2,40,16,2.7215018272399902,2.7262372970581055,0.004735469818115234
initial,4,block1.W2,41,16,2.639510154724121,2.632312774658203,0.007197380065917969
initial,4,block1.W2,42,16,2.6098344326019287,2.604814052581787,0.0050203800201416016
initial,4,block1.W2,43,16,2.7780635356903076,2.7803032398223877,0.002239704132080078
initial,4,block1.W2,44,16,2.663220167160034,2.6590659618377686,0.004154205322265625
initial,4,block1.W2,45,16,2.682454824447632,2.687276601791382,0.00482177734375
initial,4,block1.W2,46,16,2.698168992996216,2.697981357574463,0.0001876354217529297
initial,4,block1.W2,47,16,2.6312618255615234,2.633225679397583,0.0019638538360595703
initial,4,block1.W2,48,16,2.7295749187469482,2.7344062328338623,0.0048313140869140625
initial,4,block1.W2,49,16,2.708878755569458,2.7120440006256104,0.0031652450561523438
initial,4,block1.W2,50,16,2.6230673789978027,2.624655246734619,0.0015878677368164062
initial,4,block1.W2,51,16,2.5123753547668457,2.5115785598754883,0.0007967948913574219
initial,4,block1.W2,52,16,2.588884115219116,2.603938341140747,0.01505422592163086
initial,4,block1.W2,53,16,2.6467514038085938,2.6399426460266113,0.006808757781982422
initial,4,block1.W2,54,16,2.6191110610961914,2.652439832687378,0.03332877159118652
initial,4,block1.W2,55,16,2.6673779487609863,2.662715435028076,0.004662513732910156
initial,4,block1.W2,56,16,2.655383586883545,2.662252426147461,0.006868839263916016
initial,4,block1.W2,57,16,2.7250218391418457,2.71740984916687,0.007611989974975586
initial,4,block1.W2,58,16,2.8174405097961426,2.802299737930298,0.015140771865844727
initial,4,block1.W2,59,16,2.664008855819702,2.666213035583496,0.0022041797637939453
initial,4,block1.W2,60,16,2.661928415298462,2.6578168869018555,0.004111528396606445
initial,4,block1.W2,61,16,2.552340030670166,2.554795503616333,0.002455472946166992
initial,4,block1.W2,62,16,2.642784357070923,2.6232471466064453,0.01953721046447754
initial,4,block1.W2,63,16,2.6461448669433594,2.6488542556762695,0.0027093887329101562
initial,5,block2.W1,0,16,2.653348445892334,2.653902053833008,0.0005536079406738281
initial,5,block2.W1,1,16,2.6864984035491943,2.6830315589904785,0.0034668445587158203
initial,5,block2.W1,2,16,2.725031614303589,2.7261910438537598,0.0011594295501708984
initial,5,block2.W1,3,16,2.571314811706543,2.56233549118042,0.008979320526123047
initial,5,block2.W1,4,16,2.693202257156372,2.6876251697540283,0.00557708740234375
initial,5,block2.W1,5,16,2.6759390830993652,2.6734278202056885,0.002511262893676758
initial,5,block2.W1,6,16,2.7190544605255127,2.722273349761963,0.0032188892364501953
initial,5,block2.W1,7,16,2.7138850688934326,2.717240333557129,0.003355264663696289
initial,5,block2.W1,8,16,2.7242913246154785,2.72397518157959,0.0003161430358886719
initial,5,block2.W1,9,16,2.625835418701172,2.628688335418701,0.002852916717529297
initial,5,block2.W1,10,16,2.684591293334961,2.6859803199768066,0.0013890266418457031
initial,5,block2.W1,11,16,2.679401397705078,2.6804184913635254,0.0010170936584472656
initial,5,block2.W1,12,16,2.774843692779541,2.760003089904785,0.01484060287475586
initial,5,block2.W1,13,16,2.616826295852661,2.6117279529571533,0.0050983428955078125
initial,5,block2.W1,14,16,2.6580710411071777,2.6564810276031494,0.0015900135040283203
initial,5,block2.W1,15,16,2.676027297973633,2.67275333404541,0.0032739639282226562
initial,5,block2.W1,16,16,2.504497528076172,2.501394033432007,0.003103494644165039
initial,5,block2.W1,17,16,2.5741829872131348,2.5761468410491943,0.0019638538360595703
initial,5,block2.W1,18,16,2.599613666534424,2.596371650695801,0.003242015838623047
initial,5,block2.W1,19,16,2.5450353622436523,2.545917510986328,0.0008821487426757812
initial,5,block2.W1,20,16,2.670452833175659,2.668172836303711,0.002279996871948242
initial,5,block2.W1,21,16,2.7859671115875244,2.768305778503418,0.017661333084106445
initial,5,block2.W1,22,16,2.663907289505005,2.6720917224884033,0.008184432983398438
initial,5,block2.W1,23,16,2.6830477714538574,2.670295000076294,0.012752771377563477
initial,5,block2.W1,24,16,2.6021416187286377,2.607614040374756,0.005472421646118164
initial,5,block2.W1,25,16,2.651064157485962,2.6443586349487305,0.006705522537231445
initial,5,block2.W1,26,16,2.7652482986450195,2.7682106494903564,0.002962350845336914
initial,5,block2.W1,27,16,2.6644256114959717,2.661804676055908,0.0026209354400634766
initial,5,block2.W1,28,16,2.654539108276367,2.6535043716430664,0.0010347366333007812
initial,5,block2.W1,29,16,2.545728921890259,2.537912130355835,0.007816791534423828
initial,5,block2.W1,30,16,2.747333288192749,2.7418034076690674,0.005529880523681641
initial,5,block2.W1,31,16,2.624560832977295,2.6332895755767822,0.008728742599487305
initial,5,block2.W1,32,16,2.665330648422241,2.6634161472320557,0.0019145011901855469
initial,5,block2.W1,33,16,2.7234649658203125,2.727482318878174,0.004017353057861328
initial,5,block2.W1,34,16,2.664912223815918,2.6669836044311523,0.002071380615234375
initial,5,block2.W1,35,16,2.5994443893432617,2.594167709350586,0.005276679992675781
initial,5,block2.W1,36,16,2.762035608291626,2.767374038696289,0.005338430404663086
initial,5,block2.W1,37,16,2.5518155097961426,2.5571978092193604,0.0053822994232177734
initial,5,block2.W1,38,16,2.5341484546661377,2.5355186462402344,0.0013701915740966797
initial,5,block2.W1,39,16,2.6243720054626465,2.6255576610565186,0.0011856555938720703
initial,5,block2.W1,40,16,2.6716296672821045,2.6712374687194824,0.0003921985626220703
initial,5,block2.W1,41,16,2.5531625747680664,2.547565221786499,0.005597352981567383
initial,5,block2.W1,42,16,2.7084367275238037,2.7066490650177,0.0017876625061035156
initial,5,block2.W1,43,16,2.5997984409332275,2.6048407554626465,0.005042314529418945
initial,5,block2.W1,44,16,2.758669853210449,2.757601737976074,0.001068115234375
initial,5,block2.W1,45,16,2.6868884563446045,2.682955503463745,0.003932952880859375
initial,5,block2.W1,46,16,2.6724853515625,2.6771411895751953,0.0046558380126953125
initial,5,block2.W1,47,16,2.6781716346740723,2.6732234954833984,0.004948139190673828
initial,5,block2.W1,48,16,2.7211902141571045,2.7248473167419434,0.003657102584838867
initial,5,block2.W1,49,16,2.618016242980957,2.6210808753967285,0.0030646324157714844
initial,5,block2.W1,50,16,2.6072208881378174,2.610731601715088,0.003510713577270508
initial,5,block2.W1,51,16,2.6057140827178955,2.590553045272827,0.01516103744506836
initial,5,block2.W1,52,16,2.541308641433716,2.546618700027466,0.00531005859375
initial,5,block2.W1,53,16,2.5392067432403564,2.5442001819610596,0.004993438720703125
initial,5,block2.W1,54,16,2.544057846069336,2.54392409324646,0.00013375282287597656
initial,5,block2.W1,55,16,2.7047765254974365,2.7007412910461426,0.004035234451293945
initial,5,block2.W1,56,16,2.636676073074341,2.6367087364196777,3.266334533691406e-05
initial,5,block2.W1,57,16,2.706718683242798,2.710719347000122,0.004000663757324219
initial,5,block2.W1,58,16,2.7118334770202637,2.716620445251465,0.004786968231201172
initial,5,block2.W1,59,16,2.63824725151062,2.6339831352233887,0.004264116287231445
initial,5,block2.W1,60,16,2.667933940887451,2.66585111618042,0.00208282470703125
initial,5,block2.W1,61,16,2.731623888015747,2.737179756164551,0.005555868148803711
initial,5,block2.W1,62,16,2.445040225982666,2.4385592937469482,0.0064809322357177734
initial,5,block2.W1,63,16,2.735600471496582,2.728260040283203,0.007340431213378906
initial,6,block2.W2,0,16,2.697525978088379,2.7037365436553955,0.0062105655670166016
initial,6,block2.W2,1,16,2.729290008544922,2.7334887981414795,0.004198789596557617
initial,6,block2.W2,2,16,2.617730140686035,2.619157314300537,0.0014271736145019531
initial,6,block2.W2,3,16,2.6206650733947754,2.6150104999542236,0.005654573440551758
initial,6,block2.W2,4,16,2.691093683242798,2.6813530921936035,0.009740591049194336
initial,6,block2.W2,5,16,2.7059574127197266,2.6940667629241943,0.011890649795532227
initial,6,block2.W2,6,16,2.762929677963257,2.7673611640930176,0.004431486129760742
initial,6,block2.W2,7,16,2.762713670730591,2.761216163635254,0.001497507095336914
initial,6,block2.W2,8,16,2.6157712936401367,2.619039535522461,0.0032682418823242188
initial,6,block2.W2,9,16,2.682546854019165,2.685227155685425,0.0026803016662597656
initial,6,block2.W2,10,16,2.6626687049865723,2.6667494773864746,0.004080772399902344
initial,6,block2.W2,11,16,2.7292563915252686,2.72121262550354,0.008043766021728516
initial,6,block2.W2,12,16,2.716123104095459,2.7061779499053955,0.009945154190063477
initial,6,block2.W2,13,16,2.6766276359558105,2.6762475967407227,0.0003800392150878906
initial,6,block2.W2,14,16,2.658257246017456,2.652437210083008,0.005820035934448242
initial,6,block2.W2,15,16,2.6610493659973145,2.665827512741089,0.004778146743774414
initial,6,block2.W2,16,16,2.5350327491760254,2.5309553146362305,0.004077434539794922
initial,6,block2.W2,17,16,2.724334955215454,2.7150330543518066,0.009301900863647461
initial,6,block2.W2,18,16,2.741602659225464,2.7475337982177734,0.00593113899230957
initial,6,block2.W2,19,16,2.577488422393799,2.568162202835083,0.00932621955871582
initial,6,block2.W2,20,16,2.585524320602417,2.5883588790893555,0.0028345584869384766
initial,6,block2.W2,21,16,2.5629470348358154,2.5623619556427,0.0005850791931152344
initial,6,block2.W2,22,16,2.5919692516326904,2.585294723510742,0.006674528121948242
initial,6,block2.W2,23,16,2.606015920639038,2.60015869140625,0.005857229232788086
initial,6,block2.W2,24,16,2.7749831676483154,2.7632811069488525,0.01170206069946289
initial,6,block2.W2,25,16,2.6647491455078125,2.6633617877960205,0.0013873577117919922
initial,6,block2.W2,26,16,2.608684539794922,2.609311103820801,0.0006265640258789062
initial,6,block2.W2,27,16,2.7119128704071045,2.7022082805633545,0.00970458984375
initial,6,block2.W2,28,16,2.8272955417633057,2.8313393592834473,0.0040438175201416016
initial,6,block2.W2,29,16,2.72221040725708,2.7247400283813477,0.002529621124267578
initial,6,block2.W2,30,16,2.723501682281494,2.7216928005218506,0.0018088817596435547
initial,6,block2.W2,31,16,2.6912753582000732,2.6920151710510254,0.0007398128509521484
initial,6,block2.W2,32,16,2.6304187774658203,2.639061689376831,0.008642911911010742
initial,6,block2.W2,33,16,2.639448881149292,2.6362321376800537,0.0032167434692382812
initial,6,block2.W2,34,16,2.6663286685943604,2.661217212677002,0.0051114559173583984
initial,6,block2.W2,35,16,2.686699151992798,2.6789886951446533,0.007710456848144531
initial,6,block2.W2,36,16,2.6239304542541504,2.6284029483795166,0.004472494125366211
initial,6,block2.W2,37,16,2.546518564224243,2.5427165031433105,0.003802061080932617
initial,6,block2.W2,38,16,2.5474700927734375,2.5534279346466064,0.005957841873168945
initial,6,block2.W2,39,16,2.5794854164123535,2.5786304473876953,0.0008549690246582031
initial,6,block2.W2,40,16,2.7018399238586426,2.6985561847686768,0.0032837390899658203
initial,6,block2.W2,41,16,2.57267427444458,2.5749409198760986,0.0022666454315185547
initial,6,block2.W2,42,16,2.6164331436157227,2.6177303791046143,0.0012972354888916016
initial,6,block2.W2,43,16,2.687283515930176,2.6778342723846436,0.009449243545532227
initial,6,block2.W2,44,16,2.70858097076416,2.707874059677124,0.0007069110870361328
initial,6,block2.W2,45,16,2.4750661849975586,2.477630615234375,0.0025644302368164062
initial,6,block2.W2,46,16,2.665583848953247,2.667487382888794,0.001903533935546875
initial,6,block2.W2,47,16,2.6001739501953125,2.6083197593688965,0.008145809173583984
initial,6,block2.W2,48,16,2.7654268741607666,2.7604541778564453,0.004972696304321289
initial,6,block2.W2,49,16,2.713364362716675,2.719740867614746,0.006376504898071289
initial,6,block2.W2,50,16,2.6520156860351562,2.6541478633880615,0.0021321773529052734
initial,6,block2.W2,51,16,2.636613607406616,2.640998363494873,0.004384756088256836
initial,6,block2.W2,52,16,2.7310104370117188,2.7376255989074707,0.006615161895751953
initial,6,block2.W2,53,16,2.5690062046051025,2.581350326538086,0.012344121932983398
initial,6,block2.W2,54,16,2.653660774230957,2.6545522212982178,0.0008914470672607422
initial,6,block2.W2,55,16,2.641463279724121,2.646930456161499,0.00546717643737793
initial,6,block2.W2,56,16,2.7442514896392822,2.7512872219085693,0.007035732269287109
initial,6,block2.W2,57,16,2.6476011276245117,2.6401805877685547,0.007420539855957031
initial,6,block2.W2,58,16,2.6385085582733154,2.6341614723205566,0.004347085952758789
initial,6,block2.W2,59,16,2.545959949493408,2.5532381534576416,0.0072782039642333984
initial,6,block2.W2,60,16,2.6666038036346436,2.6659834384918213,0.0006203651428222656
initial,6,block2.W2,61,16,2.482482433319092,2.48478364944458,0.0023012161254882812
initial,6,block2.W2,62,16,2.6734957695007324,2.67790150642395,0.0044057369232177734
initial,6,block2.W2,63,16,2.7511348724365234,2.7483716011047363,0.0027632713317871094
initial,7,block3.W1,0,16,2.683784008026123,2.687199354171753,0.003415346145629883
initial,7,block3.W1,1,16,2.5185136795043945,2.516749382019043,0.0017642974853515625
initial,7,block3.W1,2,16,2.5557544231414795,2.5539779663085938,0.0017764568328857422
initial,7,block3.W1,3,16,2.7241098880767822,2.723522663116455,0.0005872249603271484
initial,7,block3.W1,4,16,2.687251567840576,2.6853981018066406,0.0018534660339355469
initial,7,block3.W1,5,16,2.5329084396362305,2.5324761867523193,0.0004322528839111328
initial,7,block3.W1,6,16,2.7452569007873535,2.7440733909606934,0.0011835098266601562
initial,7,block3.W1,7,16,2.693657875061035,2.69354248046875,0.00011539459228515625
initial,7,block3.W1,8,16,2.7231550216674805,2.7230074405670166,0.0001475811004638672
initial,7,block3.W1,9,16,2.7462234497070312,2.7407712936401367,0.005452156066894531
initial,7,block3.W1,10,16,2.624202013015747,2.622347354888916,0.0018546581268310547
initial,7,block3.W1,11,16,2.6277668476104736,2.617669105529785,0.010097742080688477
initial,7,block3.W1,12,16,2.5819051265716553,2.5700862407684326,0.011818885803222656
initial,7,block3.W1,13,16,2.6880369186401367,2.6977272033691406,0.009690284729003906
initial,7,block3.W1,14,16,2.6605489253997803,2.665085792541504,0.004536867141723633
initial,7,block3.W1,15,16,2.6542515754699707,2.6578407287597656,0.003589153289794922
initial,7,block3.W1,16,16,2.602464437484741,2.601553440093994,0.0009109973907470703
initial,7,block3.W1,17,16,2.7058284282684326,2.7124857902526855,0.00665736198425293
initial,7,block3.W1,18,16,2.767001152038574,2.7678253650665283,0.0008242130279541016
initial,7,block3.W1,19,16,2.6703546047210693,2.663224458694458,0.007130146026611328
initial,7,block3.W1,20,16,2.7064080238342285,2.7048747539520264,0.0015332698822021484
initial,7,block3.W1,21,16,2.5296380519866943,2.5263454914093018,0.003292560577392578
initial,7,block3.W1,22,16,2.6794159412384033,2.6788086891174316,0.0006072521209716797
initial,7,block3.W1,23,16,2.5771024227142334,2.5783724784851074,0.0012700557708740234
initial,7,block3.W1,24,16,2.744415760040283,2.741992950439453,0.002422809600830078
initial,7,block3.W1,25,16,2.759262800216675,2.7555909156799316,0.003671884536743164
initial,7,block3.W1,26,16,2.767186164855957,2.766430616378784,0.0007555484771728516
initial,7,block3.W1,27,16,2.7819464206695557,2.78328275680542,0.0013363361358642578
initial,7,block3.W1,28,16,2.6429519653320312,2.647493600845337,0.004541635513305664
initial,7,block3.W1,29,16,2.6957669258117676,2.69273042678833,0.0030364990234375
initial,7,block3.W1,30,16,2.571474313735962,2.5747721195220947,0.0032978057861328125
initial,7,block3.W1,31,16,2.7101995944976807,2.709179639816284,0.0010199546813964844
initial,7,block3.W1,32,16,2.660423994064331,2.6660776138305664,0.0056536197662353516
initial,7,block3.W1,33,16,2.613840103149414,2.626593828201294,0.012753725051879883
initial,7,block3.W1,34,16,2.615013360977173,2.619504928588867,0.004491567611694336
initial,7,block3.W1,35,16,2.602170467376709,2.605053424835205,0.0028829574584960938
initial,7,block3.W1,36,16,2.632352352142334,2.6405580043792725,0.008205652236938477
initial,7,block3.W1,37,16,2.7414603233337402,2.748660087585449,0.007199764251708984
initial,7,block3.W1,38,16,2.6155507564544678,2.621088981628418,0.005538225173950195
initial,7,block3.W1,39,16,2.652226209640503,2.6548995971679688,0.0026733875274658203
initial,7,block3.W1,40,16,2.6261513233184814,2.630105972290039,0.003954648971557617
initial,7,block3.W1,41,16,2.6570136547088623,2.668957233428955,0.011943578720092773
initial,7,block3.W1,42,16,2.7454423904418945,2.7431914806365967,0.0022509098052978516
initial,7,block3.W1,43,16,2.6845805644989014,2.6809403896331787,0.0036401748657226562
initial,7,block3.W1,44,16,2.6048638820648193,2.5975894927978516,0.0072743892669677734
initial,7,block3.W1,45,16,2.703568696975708,2.6954891681671143,0.00807952880859375
initial,7,block3.W1,46,16,2.602778911590576,2.6058647632598877,0.0030858516693115234
initial,7,block3.W1,47,16,2.7415809631347656,2.743375539779663,0.001794576644897461
initial,7,block3.W1,48,16,2.64973521232605,2.6458044052124023,0.003930807113647461
initial,7,block3.W1,49,16,2.579479455947876,2.5780110359191895,0.0014684200286865234
initial,7,block3.W1,50,16,2.5538671016693115,2.5485968589782715,0.005270242691040039
initial,7,block3.W1,51,16,2.5315380096435547,2.5285329818725586,0.0030050277709960938
initial,7,block3.W1,52,16,2.574579954147339,2.5696280002593994,0.004951953887939453
initial,7,block3.W1,53,16,2.5777506828308105,2.5771498680114746,0.0006008148193359375
initial,7,block3.W1,54,16,2.7693564891815186,2.7706968784332275,0.0013403892517089844
initial,7,block3.W1,55,16,2.816408395767212,2.8119332790374756,0.004475116729736328
initial,7,block3.W1,56,16,2.577881336212158,2.570406913757324,0.007474422454833984
initial,7,block3.W1,57,16,2.697272777557373,2.692939519882202,0.0043332576751708984
initial,7,block3.W1,58,16,2.6489927768707275,2.6459462642669678,0.0030465126037597656
initial,7,block3.W1,59,16,2.7440502643585205,2.7386474609375,0.005402803421020508
initial,7,block3.W1,60,16,2.689263105392456,2.686978816986084,0.0022842884063720703
initial,7,block3.W1,61,16,2.705005407333374,2.70327091217041,0.0017344951629638672
initial,7,block3.W1,62,16,2.559061050415039,2.5579288005828857,0.0011322498321533203
initial,7,block3.W1,63,16,2.6089935302734375,2.6067347526550293,0.002258777618408203
initial,8,block3.W2,0,16,2.6611077785491943,2.6565797328948975,0.004528045654296875
initial,8,block3.W2,1,16,2.634058713912964,2.639554023742676,0.005495309829711914
initial,8,block3.W2,2,16,2.680973768234253,2.6767468452453613,0.0042269229888916016
initial,8,block3.W2,3,16,2.771116256713867,2.7687041759490967,0.002412080764770508
initial,8,block3.W2,4,16,2.6392369270324707,2.64642596244812,0.007189035415649414
initial,8,block3.W2,5,16,2.691079616546631,2.6932435035705566,0.0021638870239257812
initial,8,block3.W2,6,16,2.7068629264831543,2.7082297801971436,0.0013668537139892578
initial,8,block3.W2,7,16,2.648975133895874,2.642087936401367,0.006887197494506836
initial,8,block3.W2,8,16,2.6921989917755127,2.694859027862549,0.002660036087036133
initial,8,block3.W2,9,16,2.554166793823242,2.546595335006714,0.00757145881652832
initial,8,block3.W2,10,16,2.6499500274658203,2.6576600074768066,0.007709980010986328
initial,8,block3.W2,11,16,2.676898241043091,2.6724441051483154,0.004454135894775391
initial,8,block3.W2,12,16,2.715613842010498,2.7237987518310547,0.00818490982055664
initial,8,block3.W2,13,16,2.63122296333313,2.6318576335906982,0.0006346702575683594
initial,8,block3.W2,14,16,2.5156407356262207,2.516343116760254,0.0007023811340332031
initial,8,block3.W2,15,16,2.6239919662475586,2.626357316970825,0.0023653507232666016
initial,8,block3.W2,16,16,2.713214159011841,2.7173397541046143,0.0041255950927734375
initial,8,block3.W2,17,16,2.535885810852051,2.5340025424957275,0.0018832683563232422
initial,8,block3.W2,18,16,2.7607123851776123,2.771780490875244,0.011068105697631836
initial,8,block3.W2,19,16,2.713296413421631,2.7109291553497314,0.002367258071899414
initial,8,block3.W2,20,16,2.58990740776062,2.5870540142059326,0.0028533935546875
initial,8,block3.W2,21,16,2.8228111267089844,2.821521759033203,0.00128936767578125
initial,8,block3.W2,22,16,2.653379201889038,2.6569650173187256,0.0035858154296875
initial,8,block3.W2,23,16,2.6596617698669434,2.658676862716675,0.0009849071502685547
initial,8,block3.W2,24,16,2.637105703353882,2.637209415435791,0.00010371208190917969
initial,8,block3.W2,25,16,2.565844774246216,2.5611400604248047,0.004704713821411133
initial,8,block3.W2,26,16,2.674353837966919,2.677039861679077,0.002686023712158203
initial,8,block3.W2,27,16,2.642594337463379,2.638256788253784,0.0043375492095947266
initial,8,block3.W2,28,16,2.522571086883545,2.5235345363616943,0.0009634494781494141
initial,8,block3.W2,29,16,2.665304660797119,2.657799243927002,0.0075054168701171875
initial,8,block3.W2,30,16,2.666001558303833,2.6539876461029053,0.012013912200927734
initial,8,block3.W2,31,16,2.645921468734741,2.644925832748413,0.000995635986328125
initial,8,block3.W2,32,16,2.674469470977783,2.667548656463623,0.006920814514160156
initial,8,block3.W2,33,16,2.751370906829834,2.7431752681732178,0.008195638656616211
initial,8,block3.W2,34,16,2.7327682971954346,2.736142635345459,0.003374338150024414
initial,8,block3.W2,35,16,2.694742441177368,2.6955995559692383,0.0008571147918701172
initial,8,block3.W2,36,16,2.657233476638794,2.655421733856201,0.0018117427825927734
initial,8,block3.W2,37,16,2.678792715072632,2.680347442626953,0.001554727554321289
initial,8,block3.W2,38,16,2.5679562091827393,2.5670769214630127,0.0008792877197265625
initial,8,block3.W2,39,16,2.603257179260254,2.6011269092559814,0.002130270004272461
initial,8,block3.W2,40,16,2.756359577178955,2.7552061080932617,0.0011534690856933594
initial,8,block3.W2,41,16,2.6984057426452637,2.6933281421661377,0.0050776004791259766
initial,8,block3.W2,42,16,2.642942428588867,2.6543467044830322,0.011404275894165039
initial,8,block3.W2,43,16,2.782108783721924,2.7798445224761963,0.002264261245727539
initial,8,block3.W2,44,16,2.7456417083740234,2.7442355155944824,0.0014061927795410156
initial,8,block3.W2,45,16,2.6576120853424072,2.6578946113586426,0.00028252601623535156
initial,8,block3.W2,46,16,2.6649444103240967,2.663614511489868,0.0013298988342285156
initial,8,block3.W2,47,16,2.5715866088867188,2.566176652908325,0.005409955978393555
initial,8,block3.W2,48,16,2.6975719928741455,2.704679012298584,0.0071070194244384766
initial,8,block3.W2,49,16,2.780703544616699,2.794053554534912,0.01335000991821289
initial,8,block3.W2,50,16,2.6774208545684814,2.6751515865325928,0.002269268035888672
initial,8,block3.W2,51,16,2.6791067123413086,2.6808433532714844,0.0017366409301757812
initial,8,block3.W2,52,16,2.552610158920288,2.547743797302246,0.004866361618041992
initial,8,block3.W2,53,16,2.5412700176239014,2.5440776348114014,0.0028076171875
initial,8,block3.W2,54,16,2.5623011589050293,2.5635671615600586,0.0012660026550292969
initial,8,block3.W2,55,16,2.648747205734253,2.644529104232788,0.004218101501464844
initial,8,block3.W2,56,16,2.6392626762390137,2.639756202697754,0.0004935264587402344
initial,8,block3.W2,57,16,2.6971523761749268,2.6925599575042725,0.004592418670654297
initial,8,block3.W2,58,16,2.6584982872009277,2.6513729095458984,0.007125377655029297
initial,8,block3.W2,59,16,2.6499741077423096,2.6500532627105713,7.915496826171875e-05
initial,8,block3.W2,60,16,2.6451103687286377,2.6525630950927734,0.007452726364135742
initial,8,block3.W2,61,16,2.6541993618011475,2.658200740814209,0.0040013790130615234
initial,8,block3.W2,62,16,2.499440908432007,2.4986588954925537,0.000782012939453125
initial,8,block3.W2,63,16,2.6128296852111816,2.612802743911743,2.6941299438476562e-05
initial,9,block4.W1,0,16,2.692659378051758,2.6891627311706543,0.0034966468811035156
initial,9,block4.W1,1,16,2.6510558128356934,2.6550190448760986,0.0039632320404052734
initial,9,block4.W1,2,16,2.5934576988220215,2.5999932289123535,0.006535530090332031
initial,9,block4.W1,3,16,2.628471612930298,2.6329641342163086,0.004492521286010742
initial,9,block4.W1,4,16,2.6663849353790283,2.663444757461548,0.0029401779174804688
initial,9,block4.W1,5,16,2.6408166885375977,2.6303277015686035,0.01048898696899414
initial,9,block4.W1,6,16,2.6949622631073,2.6950032711029053,4.100799560546875e-05
initial,9,block4.W1,7,16,2.675213098526001,2.6737818717956543,0.0014312267303466797
initial,9,block4.W1,8,16,2.6834523677825928,2.680727243423462,0.0027251243591308594
initial,9,block4.W1,9,16,2.597869634628296,2.59148907661438,0.006380558013916016
initial,9,block4.W1,10,16,2.682257890701294,2.683478355407715,0.0012204647064208984
initial,9,block4.W1,11,16,2.563352584838867,2.565460681915283,0.0021080970764160156
initial,9,block4.W1,12,16,2.7092645168304443,2.7159337997436523,0.006669282913208008
initial,9,block4.W1,13,16,2.6694061756134033,2.6689791679382324,0.00042700767517089844
initial,9,block4.W1,14,16,2.577728271484375,2.579457998275757,0.001729726791381836
initial,9,block4.W1,15,16,2.61612606048584,2.610288381576538,0.005837678909301758
initial,9,block4.W1,16,16,2.7679240703582764,2.7660350799560547,0.0018889904022216797
initial,9,block4.W1,17,16,2.6527345180511475,2.6467974185943604,0.005937099456787109
initial,9,block4.W1,18,16,2.66843843460083,2.6722428798675537,0.003804445266723633
initial,9,block4.W1,19,16,2.7472822666168213,2.7517597675323486,0.004477500915527344
initial,9,block4.W1,20,16,2.6116740703582764,2.620114326477051,0.008440256118774414
initial,9,block4.W1,21,16,2.7095911502838135,2.7127420902252197,0.00315093994140625
initial,9,block4.W1,22,16,2.5996956825256348,2.5974645614624023,0.002231121063232422
initial,9,block4.W1,23,16,2.6336777210235596,2.6400585174560547,0.006380796432495117
initial,9,block4.W1,24,16,2.608055353164673,2.605994939804077,0.002060413360595703
initial,9,block4.W1,25,16,2.7540533542633057,2.7562899589538574,0.002236604690551758
initial,9,block4.W1,26,16,2.8118820190429688,2.8012712001800537,0.010610818862915039
initial,9,block4.W1,27,16,2.8219709396362305,2.8232104778289795,0.0012395381927490234
initial,9,block4.W1,28,16,2.6741113662719727,2.6816985607147217,0.0075871944427490234
initial,9,block4.W1,29,16,2.586122751235962,2.588461399078369,0.0023386478424072266
initial,9,block4.W1,30,16,2.5713424682617188,2.5692758560180664,0.0020666122436523438
initial,9,block4.W1,31,16,2.6290512084960938,2.630405902862549,0.0013546943664550781
initial,9,block4.W1,32,16,2.6059858798980713,2.6027793884277344,0.003206491470336914
initial,9,block4.W1,33,16,2.6832754611968994,2.675039768218994,0.008235692977905273
initial,9,block4.W1,34,16,2.6799471378326416,2.6820881366729736,0.0021409988403320312
initial,9,block4.W1,35,16,2.57946515083313,2.576775550842285,0.0026895999908447266
initial,9,block4.W1,36,16,2.4551236629486084,2.460845470428467,0.0057218074798583984
initial,9,block4.W1,37,16,2.616994857788086,2.6119225025177,0.005072355270385742
initial,9,block4.W1,38,16,2.659165382385254,2.6593425273895264,0.00017714500427246094
initial,9,block4.W1,39,16,2.646550416946411,2.647597551345825,0.0010471343994140625
initial,9,block4.W1,40,16,2.664750337600708,2.66125226020813,0.003498077392578125
initial,9,block4.W1,41,16,2.7069246768951416,2.70845103263855,0.0015263557434082031
initial,9,block4.W1,42,16,2.6313939094543457,2.623100519180298,0.008293390274047852
initial,9,block4.W1,43,16,2.597696304321289,2.59932017326355,0.0016238689422607422
initial,9,block4.W1,44,16,2.6675095558166504,2.674988269805908,0.0074787139892578125
initial,9,block4.W1,45,16,2.6980857849121094,2.704033851623535,0.005948066711425781
initial,9,block4.W1,46,16,2.6580960750579834,2.667421817779541,0.009325742721557617
initial,9,block4.W1,47,16,2.6454262733459473,2.6506507396698,0.005224466323852539
initial,9,block4.W1,48,16,2.7172319889068604,2.7187981605529785,0.001566171646118164
initial,9,block4.W1,49,16,2.6007628440856934,2.6019346714019775,0.0011718273162841797
initial,9,block4.W1,50,16,2.671355962753296,2.676038980484009,0.004683017730712891
initial,9,block4.W1,51,16,2.7068066596984863,2.702580451965332,0.004226207733154297
initial,9,block4.W1,52,16,2.663078784942627,2.6656877994537354,0.0026090145111083984
initial,9,block4.W1,53,16,2.647233009338379,2.645667791366577,0.0015652179718017578
initial,9,block4.W1,54,16,2.7141878604888916,2.718409299850464,0.004221439361572266
initial,9,block4.W1,55,16,2.780094623565674,2.7871510982513428,0.007056474685668945
initial,9,block4.W1,56,16,2.5820834636688232,2.5793001651763916,0.0027832984924316406
initial,9,block4.W1,57,16,2.6119165420532227,2.6214208602905273,0.009504318237304688
initial,9,block4.W1,58,16,2.67990779876709,2.679537773132324,0.000370025634765625
initial,9,block4.W1,59,16,2.667823553085327,2.6664302349090576,0.0013933181762695312
initial,9,block4.W1,60,16,2.686182975769043,2.693429470062256,0.007246494293212891
initial,9,block4.W1,61,16,2.868119955062866,2.8619792461395264,0.006140708923339844
initial,9,block4.W1,62,16,2.6071054935455322,2.60732364654541,0.0002181529998779297
initial,9,block4.W1,63,16,2.644902467727661,2.639892578125,0.005009889602661133
initial,10,block4.W2,0,16,2.5525155067443848,2.5501339435577393,0.002381563186645508
initial,10,block4.W2,1,16,2.8410778045654297,2.847884178161621,0.006806373596191406
initial,10,block4.W2,2,16,2.590189218521118,2.582798480987549,0.007390737533569336
initial,10,block4.W2,3,16,2.5877480506896973,2.591505289077759,0.0037572383880615234
initial,10,block4.W2,4,16,2.5090103149414062,2.5051333904266357,0.003876924514770508
initial,10,block4.W2,5,16,2.7229204177856445,2.7209646701812744,0.001955747604370117
initial,10,block4.W2,6,16,2.584622621536255,2.5876030921936035,0.002980470657348633
initial,10,block4.W2,7,16,2.671109914779663,2.6688497066497803,0.0022602081298828125
initial,10,block4.W2,8,16,2.612959623336792,2.6237521171569824,0.01079249382019043
initial,10,block4.W2,9,16,2.6929335594177246,2.6919655799865723,0.0009679794311523438
initial,10,block4.W2,10,16,2.6964070796966553,2.6904830932617188,0.0059239864349365234
initial,10,block4.W2,11,16,2.5817246437072754,2.5907580852508545,0.009033441543579102
initial,10,block4.W2,12,16,2.7595155239105225,2.7569432258605957,0.002572298049926758
initial,10,block4.W2,13,16,2.7289412021636963,2.730236530303955,0.001295328140258789
initial,10,block4.W2,14,16,2.727259397506714,2.719977617263794,0.007281780242919922
initial,10,block4.W2,15,16,2.7425262928009033,2.7379398345947266,0.004586458206176758
initial,10,block4.W2,16,16,2.8215465545654297,2.8213860988616943,0.00016045570373535156
initial,10,block4.W2,17,16,2.8309803009033203,2.8244528770446777,0.006527423858642578
initial,10,block4.W2,18,16,2.7055306434631348,2.7031452655792236,0.002385377883911133
initial,10,block4.W2,19,16,2.6125340461730957,2.613053560256958,0.0005195140838623047
initial,10,block4.W2,20,16,2.7199795246124268,2.7180652618408203,0.0019142627716064453
initial,10,block4.W2,21,16,2.591660737991333,2.590132236480713,0.0015285015106201172
initial,10,block4.W2,22,16,2.637084722518921,2.6373424530029297,0.00025773048400878906
initial,10,block4.W2,23,16,2.746786117553711,2.7391886711120605,0.007597446441650391
initial,10,block4.W2,24,16,2.7638816833496094,2.770988702774048,0.0071070194244384766
initial,10,block4.W2,25,16,2.70245099067688,2.707791805267334,0.0053408145904541016
initial,10,block4.W2,26,16,2.648909330368042,2.6529831886291504,0.0040738582611083984
initial,10,block4.W2,27,16,2.6820573806762695,2.687084436416626,0.005027055740356445
initial,10,block4.W2,28,16,2.7716851234436035,2.7731118202209473,0.00142669677734375
initial,10,block4.W2,29,16,2.66796875,2.663609266281128,0.00435948371887207
initial,10,block4.W2,30,16,2.5609943866729736,2.5588784217834473,0.002115964889526367
initial,10,block4.W2,31,16,2.6965112686157227,2.7003326416015625,0.0038213729858398438
initial,10,block4.W2,32,16,2.6712491512298584,2.671002149581909,0.00024700164794921875
initial,10,block4.W2,33,16,2.754014253616333,2.7559001445770264,0.0018858909606933594
initial,10,block4.W2,34,16,2.6734848022460938,2.6778767108917236,0.004391908645629883
initial,10,block4.W2,35,16,2.720717668533325,2.7237045764923096,0.002986907958984375
initial,10,block4.W2,36,16,2.7612900733947754,2.7649130821228027,0.0036230087280273438
initial,10,block4.W2,37,16,2.74810791015625,2.754687786102295,0.006579875946044922
initial,10,block4.W2,38,16,2.6841561794281006,2.693838596343994,0.009682416915893555
initial,10,block4.W2,39,16,2.6315300464630127,2.631456136703491,7.390975952148438e-05
initial,10,block4.W2,40,16,2.66178560256958,2.6615607738494873,0.00022482872009277344
initial,10,block4.W2,41,16,2.5657103061676025,2.562459945678711,0.0032503604888916016
initial,10,block4.W2,42,16,2.646834135055542,2.6478021144866943,0.0009679794311523438
initial,10,block4.W2,43,16,2.587939500808716,2.5939252376556396,0.005985736846923828
initial,10,block4.W2,44,16,2.7398533821105957,2.7484283447265625,0.008574962615966797
initial,10,block4.W2,45,16,2.671598196029663,2.6691834926605225,0.002414703369140625
initial,10,block4.W2,46,16,2.682492256164551,2.6943061351776123,0.011813879013061523
initial,10,block4.W2,47,16,2.7495620250701904,2.7599117755889893,0.010349750518798828
initial,10,block4.W2,48,16,2.6576619148254395,2.6604549884796143,0.0027930736541748047
initial,10,block4.W2,49,16,2.5731725692749023,2.574509382247925,0.001336812973022461
initial,10,block4.W2,50,16,2.6870229244232178,2.6848273277282715,0.002195596694946289
initial,10,block4.W2,51,16,2.5626864433288574,2.5555078983306885,0.007178544998168945
initial,10,block4.W2,52,16,2.630136489868164,2.63037371635437,0.0002372264862060547
initial,10,block4.W2,53,16,2.5184483528137207,2.514685869216919,0.003762483596801758
initial,10,block4.W2,54,16,2.7226643562316895,2.7202281951904297,0.0024361610412597656
initial,10,block4.W2,55,16,2.7732973098754883,2.7744128704071045,0.001115560531616211
initial,10,block4.W2,56,16,2.7256085872650146,2.7252790927886963,0.0003294944763183594
initial,10,block4.W2,57,16,2.567432165145874,2.5596916675567627,0.007740497589111328
initial,10,block4.W2,58,16,2.585322380065918,2.5876967906951904,0.002374410629272461
initial,10,block4.W2,59,16,2.747264862060547,2.746075391769409,0.0011894702911376953
initial,10,block4.W2,60,16,2.5508387088775635,2.545785903930664,0.005052804946899414
initial,10,block4.W2,61,16,2.722867250442505,2.7208175659179688,0.002049684524536133
initial,10,block4.W2,62,16,2.6986372470855713,2.6887247562408447,0.009912490844726562
initial,10,block4.W2,63,16,2.7774288654327393,2.7697675228118896,0.007661342620849609
initial,11,block5.W1,0,16,2.624735116958618,2.626274585723877,0.001539468765258789
initial,11,block5.W1,1,16,2.7039153575897217,2.697692394256592,0.006222963333129883
initial,11,block5.W1,2,16,2.691688299179077,2.689244508743286,0.0024437904357910156
initial,11,block5.W1,3,16,2.715663194656372,2.7248082160949707,0.009145021438598633
initial,11,block5.W1,4,16,2.741731643676758,2.7373249530792236,0.00440669059753418
initial,11,block5.W1,5,16,2.6223692893981934,2.6217617988586426,0.0006074905395507812
initial,11,block5.W1,6,16,2.793259382247925,2.7923192977905273,0.0009400844573974609
initial,11,block5.W1,7,16,2.637967109680176,2.637599468231201,0.0003676414489746094
initial,11,block5.W1,8,16,2.708256959915161,2.7148690223693848,0.006612062454223633
initial,11,block5.W1,9,16,2.802647352218628,2.81030535697937,0.0076580047607421875
initial,11,block5.W1,10,16,2.7278945446014404,2.725764513015747,0.0021300315856933594
initial,11,block5.W1,11,16,2.800161123275757,2.8083407878875732,0.008179664611816406
initial,11,block5.W1,12,16,2.6985857486724854,2.706123113632202,0.007537364959716797
initial,11,block5.W1,13,16,2.6404786109924316,2.644326686859131,0.0038480758666992188
initial,11,block5.W1,14,16,2.6357638835906982,2.638892889022827,0.0031290054321289062
initial,11,block5.W1,15,16,2.7088558673858643,2.705070734024048,0.0037851333618164062
initial,11,block5.W1,16,16,2.7150583267211914,2.71449875831604,0.0005595684051513672
initial,11,block5.W1,17,16,2.686547040939331,2.6769602298736572,0.009586811065673828
initial,11,block5.W1,18,16,2.535653591156006,2.5293421745300293,0.0063114166259765625
initial,11,block5.W1,19,16,2.6751630306243896,2.672290802001953,0.0028722286224365234
initial,11,block5.W1,20,16,2.694556951522827,2.6952903270721436,0.0007333755493164062
initial,11,block5.W1,21,16,2.5179080963134766,2.520526885986328,0.0026187896728515625
initial,11,block5.W1,22,16,2.5921671390533447,2.5886430740356445,0.0035240650177001953
initial,11,block5.W1,23,16,2.5894696712493896,2.591339588165283,0.0018699169158935547
initial,11,block5.W1,24,16,2.6218762397766113,2.6221935749053955,0.0003173351287841797
initial,11,block5.W1,25,16,2.6801230907440186,2.676262617111206,0.0038604736328125
initial,11,block5.W1,26,16,2.712831974029541,2.715301752090454,0.002469778060913086
initial,11,block5.W1,27,16,2.740574836730957,2.7401421070098877,0.00043272972106933594
initial,11,block5.W1,28,16,2.720855712890625,2.7312631607055664,0.010407447814941406
initial,11,block5.W1,29,16,2.6649672985076904,2.6727356910705566,0.007768392562866211
initial,11,block5.W1,30,16,2.630199670791626,2.6319804191589355,0.0017807483673095703
initial,11,block5.W1,31,16,2.820687770843506,2.8176677227020264,0.003020048141479492
initial,11,block5.W1,32,16,2.673768997192383,2.675420045852661,0.0016510486602783203
initial,11,block5.W1,33,16,2.6309268474578857,2.632747173309326,0.0018203258514404297
initial,11,block5.W1,34,16,2.6819732189178467,2.67341947555542,0.008553743362426758
initial,11,block5.W1,35,16,2.671323299407959,2.6673741340637207,0.003949165344238281
initial,11,block5.W1,36,16,2.626093626022339,2.628357172012329,0.0022635459899902344
initial,11,block5.W1,37,16,2.550271987915039,2.5437874794006348,0.006484508514404297
initial,11,block5.W1,38,16,2.689199686050415,2.6857810020446777,0.0034186840057373047
initial,11,block5.W1,39,16,2.670654058456421,2.662473678588867,0.008180379867553711
initial,11,block5.W1,40,16,2.6758718490600586,2.6741905212402344,0.0016813278198242188
initial,11,block5.W1,41,16,2.646815776824951,2.645930767059326,0.000885009765625
initial,11,block5.W1,42,16,2.4709970951080322,2.470353126525879,0.0006439685821533203
initial,11,block5.W1,43,16,2.647745132446289,2.6451127529144287,0.0026323795318603516
initial,11,block5.W1,44,16,2.624035358428955,2.6314404010772705,0.00740504264831543
initial,11,block5.W1,45,16,2.7087011337280273,2.7072808742523193,0.0014202594757080078
initial,11,block5.W1,46,16,2.7588610649108887,2.7511484622955322,0.007712602615356445
initial,11,block5.W1,47,16,2.874450445175171,2.878418445587158,0.003968000411987305
initial,11,block5.W1,48,16,2.7946221828460693,2.8003780841827393,0.005755901336669922
initial,11,block5.W1,49,16,2.683751344680786,2.688416004180908,0.00466465950012207
initial,11,block5.W1,50,16,2.664109468460083,2.658486843109131,0.0056226253509521484
initial,11,block5.W1,51,16,2.7589609622955322,2.752885580062866,0.006075382232666016
initial,11,block5.W1,52,16,2.5889010429382324,2.5935375690460205,0.004636526107788086
initial,11,block5.W1,53,16,2.673945426940918,2.673691511154175,0.00025391578674316406
initial,11,block5.W1,54,16,2.7592902183532715,2.758049488067627,0.0012407302856445312
initial,11,block5.W1,55,16,2.6820178031921387,2.68322491645813,0.001207113265991211
initial,11,block5.W1,56,16,2.5188040733337402,2.5258171558380127,0.007013082504272461
initial,11,block5.W1,57,16,2.591797113418579,2.5998904705047607,0.00809335708618164
initial,11,block5.W1,58,16,2.789552688598633,2.789642333984375,8.96453857421875e-05
initial,11,block5.W1,59,16,2.6940691471099854,2.7029566764831543,0.008887529373168945
initial,11,block5.W1,60,16,2.752631425857544,2.754082441329956,0.0014510154724121094
initial,11,block5.W1,61,16,2.60483455657959,2.606194257736206,0.001359701156616211
initial,11,block5.W1,62,16,2.6839513778686523,2.6817290782928467,0.002222299575805664
initial,11,block5.W1,63,16,2.5376052856445312,2.539228677749634,0.001623392105102539
initial,12,block5.W2,0,16,2.669435739517212,2.6708121299743652,0.0013763904571533203
initial,12,block5.W2,1,16,2.6284737586975098,2.628702163696289,0.00022840499877929688
initial,12,block5.W2,2,16,2.575486183166504,2.570474863052368,0.005011320114135742
initial,12,block5.W2,3,16,2.6996359825134277,2.714233875274658,0.014597892761230469
initial,12,block5.W2,4,16,2.6481902599334717,2.6367435455322266,0.011446714401245117
initial,12,block5.W2,5,16,2.553987741470337,2.5576696395874023,0.0036818981170654297
initial,12,block5.W2,6,16,2.575748920440674,2.579338788986206,0.0035898685455322266
initial,12,block5.W2,7,16,2.566366195678711,2.558103322982788,0.008262872695922852
initial,12,block5.W2,8,16,2.6372079849243164,2.6410958766937256,0.0038878917694091797
initial,12,block5.W2,9,16,2.767669200897217,2.7707889080047607,0.0031197071075439453
initial,12,block5.W2,10,16,2.6772546768188477,2.678689479827881,0.0014348030090332031
initial,12,block5.W2,11,16,2.728815793991089,2.729602336883545,0.0007865428924560547
initial,12,block5.W2,12,16,2.7473883628845215,2.749330759048462,0.0019423961639404297
initial,12,block5.W2,13,16,2.7664310932159424,2.777125358581543,0.010694265365600586
initial,12,block5.W2,14,16,2.5931966304779053,2.5958504676818848,0.002653837203979492
initial,12,block5.W2,15,16,2.711580991744995,2.7101032733917236,0.0014777183532714844
initial,12,block5.W2,16,16,2.557152032852173,2.5531258583068848,0.004026174545288086
initial,12,block5.W2,17,16,2.710254430770874,2.706716537475586,0.003537893295288086
initial,12,block5.W2,18,16,2.731637954711914,2.7220730781555176,0.009564876556396484
initial,12,block5.W2,19,16,2.674206018447876,2.677474021911621,0.003268003463745117
initial,12,block5.W2,20,16,2.743467092514038,2.733180522918701,0.010286569595336914
initial,12,block5.W2,21,16,2.6295299530029297,2.627397298812866,0.0021326541900634766
initial,12,block5.W2,22,16,2.5681281089782715,2.5709714889526367,0.0028433799743652344
initial,12,block5.W2,23,16,2.6539769172668457,2.65726375579834,0.0032868385314941406
initial,12,block5.W2,24,16,2.7232871055603027,2.7215380668640137,0.0017490386962890625
initial,12,block5.W2,25,16,2.691667079925537,2.6944258213043213,0.0027587413787841797
initial,12,block5.W2,26,16,2.585413694381714,2.578364372253418,0.0070493221282958984
initial,12,block5.W2,27,16,2.8078560829162598,2.8142271041870117,0.006371021270751953
initial,12,block5.W2,28,16,2.552103281021118,2.541579008102417,0.010524272918701172
initial,12,block5.W2,29,16,2.8013253211975098,2.7935073375701904,0.007817983627319336
initial,12,block5.W2,30,16,2.6441216468811035,2.642756462097168,0.0013651847839355469
initial,12,block5.W2,31,16,2.6235878467559814,2.624199390411377,0.0006115436553955078
initial,12,block5.W2,32,16,2.690577268600464,2.6968069076538086,0.0062296390533447266
initial,12,block5.W2,33,16,2.6549713611602783,2.655287265777588,0.0003159046173095703
initial,12,block5.W2,34,16,2.621276617050171,2.620229482650757,0.0010471343994140625
initial,12,block5.W2,35,16,2.625072479248047,2.6202046871185303,0.0048677921295166016
initial,12,block5.W2,36,16,2.6350419521331787,2.6373324394226074,0.002290487289428711
initial,12,block5.W2,37,16,2.770622968673706,2.7744901180267334,0.0038671493530273438
initial,12,block5.W2,38,16,2.6883742809295654,2.6823461055755615,0.006028175354003906
initial,12,block5.W2,39,16,2.6335041522979736,2.6298768520355225,0.003627300262451172
initial,12,block5.W2,40,16,2.5993199348449707,2.58907151222229,0.010248422622680664
initial,12,block5.W2,41,16,2.6928083896636963,2.69210147857666,0.0007069110870361328
initial,12,block5.W2,42,16,2.618391990661621,2.615838050842285,0.0025539398193359375
initial,12,block5.W2,43,16,2.6290056705474854,2.6290924549102783,8.678436279296875e-05
initial,12,block5.W2,44,16,2.71706223487854,2.7188961505889893,0.0018339157104492188
initial,12,block5.W2,45,16,2.6316449642181396,2.62943172454834,0.0022132396697998047
initial,12,block5.W2,46,16,2.581162214279175,2.5781400203704834,0.0030221939086914062
initial,12,block5.W2,47,16,2.6451897621154785,2.6456494331359863,0.0004596710205078125
initial,12,block5.W2,48,16,2.6320266723632812,2.6299586296081543,0.002068042755126953
initial,12,block5.W2,49,16,2.7361819744110107,2.7358782291412354,0.0003037452697753906
initial,12,block5.W2,50,16,2.491117000579834,2.4913063049316406,0.00018930435180664062
initial,12,block5.W2,51,16,2.6049444675445557,2.6019511222839355,0.002993345260620117
initial,12,block5.W2,52,16,2.742070198059082,2.7314765453338623,0.010593652725219727
initial,12,block5.W2,53,16,2.7009875774383545,2.697333574295044,0.003654003143310547
initial,12,block5.W2,54,16,2.647257089614868,2.6455459594726562,0.001711130142211914
initial,12,block5.W2,55,16,2.6117677688598633,2.6118006706237793,3.2901763916015625e-05
initial,12,block5.W2,56,16,2.6096110343933105,2.6097254753112793,0.00011444091796875
initial,12,block5.W2,57,16,2.6104493141174316,2.6118621826171875,0.0014128684997558594
initial,12,block5.W2,58,16,2.556696653366089,2.5579779148101807,0.0012812614440917969
initial,12,block5.W2,59,16,2.6037585735321045,2.608642578125,0.004884004592895508
initial,12,block5.W2,60,16,2.58927059173584,2.577061176300049,0.012209415435791016
initial,12,block5.W2,61,16,2.6530866622924805,2.649628162384033,0.0034584999084472656
initial,12,block5.W2,62,16,2.7171127796173096,2.7194058895111084,0.002293109893798828
initial,12,block5.W2,63,16,2.7745981216430664,2.7796428203582764,0.005044698715209961
initial,13,block6.W1,0,16,2.7629599571228027,2.762308359146118,0.0006515979766845703
initial,13,block6.W1,1,16,2.7116785049438477,2.7098677158355713,0.0018107891082763672
initial,13,block6.W1,2,16,2.676267623901367,2.6713030338287354,0.004964590072631836
initial,13,block6.W1,3,16,2.5670371055603027,2.5719211101531982,0.004884004592895508
initial,13,block6.W1,4,16,2.8570683002471924,2.86000919342041,0.0029408931732177734
initial,13,block6.W1,5,16,2.624100685119629,2.6246910095214844,0.0005903244018554688
initial,13,block6.W1,6,16,2.7919209003448486,2.7899327278137207,0.0019881725311279297
initial,13,block6.W1,7,16,2.672309637069702,2.670659303665161,0.0016503334045410156
initial,13,block6.W1,8,16,2.527613639831543,2.527660608291626,4.696846008300781e-05
initial,13,block6.W1,9,16,2.609168529510498,2.609436273574829,0.0002677440643310547
initial,13,block6.W1,10,16,2.7619245052337646,2.758219003677368,0.0037055015563964844
initial,13,block6.W1,11,16,2.6665217876434326,2.6643505096435547,0.0021712779998779297
initial,13,block6.W1,12,16,2.657273769378662,2.652416944503784,0.00485682487487793
initial,13,block6.W1,13,16,2.5774338245391846,2.5801429748535156,0.0027091503143310547
initial,13,block6.W1,14,16,2.49212384223938,2.4923994541168213,0.00027561187744140625
initial,13,block6.W1,15,16,2.7709662914276123,2.76043963432312,0.010526657104492188
initial,13,block6.W1,16,16,2.6678404808044434,2.66525936126709,0.0025811195373535156
initial,13,block6.W1,17,16,2.7674922943115234,2.7698352336883545,0.0023429393768310547
initial,13,block6.W1,18,16,2.717630386352539,2.7199623584747314,0.002331972122192383
initial,13,block6.W1,19,16,2.7059860229492188,2.7066149711608887,0.0006289482116699219
initial,13,block6.W1,20,16,2.679636240005493,2.6867733001708984,0.0071370601654052734
initial,13,block6.W1,21,16,2.5899672508239746,2.583646297454834,0.006320953369140625
initial,13,block6.W1,22,16,2.7134249210357666,2.7159364223480225,0.0025115013122558594
initial,13,block6.W1,23,16,2.6694493293762207,2.666651487350464,0.002797842025756836
initial,13,block6.W1,24,16,2.759021043777466,2.7548599243164062,0.00416111946105957
initial,13,block6.W1,25,16,2.7108640670776367,2.70863676071167,0.002227306365966797
initial,13,block6.W1,26,16,2.641465425491333,2.6342265605926514,0.007238864898681641
initial,13,block6.W1,27,16,2.658257484436035,2.6544923782348633,0.003765106201171875
initial,13,block6.W1,28,16,2.679551362991333,2.6810662746429443,0.0015149116516113281
initial,13,block6.W1,29,16,2.6709957122802734,2.668750286102295,0.0022454261779785156
initial,13,block6.W1,30,16,2.646700859069824,2.6448612213134766,0.0018396377563476562
initial,13,block6.W1,31,16,2.6343703269958496,2.637442111968994,0.0030717849731445312
initial,13,block6.W1,32,16,2.6607742309570312,2.6625325679779053,0.0017583370208740234
initial,13,block6.W1,33,16,2.6106653213500977,2.6065475940704346,0.004117727279663086
initial,13,block6.W1,34,16,2.649482250213623,2.647894859313965,0.0015873908996582031
initial,13,block6.W1,35,16,2.7214670181274414,2.7189371585845947,0.0025298595428466797
initial,13,block6.W1,36,16,2.6740946769714355,2.6750235557556152,0.0009288787841796875
initial,13,block6.W1,37,16,2.548255681991577,2.541910171508789,0.006345510482788086
initial,13,block6.W1,38,16,2.8301117420196533,2.838135004043579,0.008023262023925781
initial,13,block6.W1,39,16,2.6065545082092285,2.601012945175171,0.005541563034057617
initial,13,block6.W1,40,16,2.7374815940856934,2.735546350479126,0.0019352436065673828
initial,13,block6.W1,41,16,2.702407121658325,2.7001805305480957,0.002226591110229492
initial,13,block6.W1,42,16,2.671804666519165,2.6729397773742676,0.001135110855102539
initial,13,block6.W1,43,16,2.665595293045044,2.668149948120117,0.002554655075073242
initial,13,block6.W1,44,16,2.693359851837158,2.6944386959075928,0.0010788440704345703
initial,13,block6.W1,45,16,2.6508772373199463,2.6581389904022217,0.007261753082275391
initial,13,block6.W1,46,16,2.575751304626465,2.576727867126465,0.0009765625
initial,13,block6.W1,47,16,2.7263176441192627,2.728886127471924,0.002568483352661133
initial,13,block6.W1,48,16,2.7068965435028076,2.7003893852233887,0.006507158279418945
initial,13,block6.W1,49,16,2.8362348079681396,2.8326821327209473,0.003552675247192383
initial,13,block6.W1,50,16,2.6965787410736084,2.6920909881591797,0.004487752914428711
initial,13,block6.W1,51,16,2.5828471183776855,2.5870091915130615,0.0041620731353759766
initial,13,block6.W1,52,16,2.553694725036621,2.555159568786621,0.00146484375
initial,13,block6.W1,53,16,2.728736162185669,2.724182367324829,0.004553794860839844
initial,13,block6.W1,54,16,2.680638551712036,2.6761298179626465,0.0045087337493896484
initial,13,block6.W1,55,16,2.667459011077881,2.6666228771209717,0.0008361339569091797
initial,13,block6.W1,56,16,2.6891956329345703,2.6796720027923584,0.009523630142211914
initial,13,block6.W1,57,16,2.6031641960144043,2.5995614528656006,0.003602743148803711
initial,13,block6.W1,58,16,2.6030099391937256,2.6021289825439453,0.0008809566497802734
initial,13,block6.W1,59,16,2.657191514968872,2.653473138809204,0.0037183761596679688
initial,13,block6.W1,60,16,2.6676573753356934,2.664033889770508,0.003623485565185547
initial,13,block6.W1,61,16,2.6266891956329346,2.6203272342681885,0.006361961364746094
initial,13,block6.W1,62,16,2.58548641204834,2.58376407623291,0.0017223358154296875
initial,13,block6.W1,63,16,2.685084342956543,2.6861412525177,0.0010569095611572266
initial,14,block6.W2,0,16,2.653287172317505,2.6531357765197754,0.0001513957977294922
initial,14,block6.W2,1,16,2.7129483222961426,2.717057228088379,0.004108905792236328
initial,14,block6.W2,2,16,2.5982892513275146,2.5862977504730225,0.011991500854492188
initial,14,block6.W2,3,16,2.6366384029388428,2.6337573528289795,0.0028810501098632812
initial,14,block6.W2,4,16,2.736997127532959,2.734938383102417,0.002058744430541992
initial,14,block6.W2,5,16,2.7978901863098145,2.8017523288726807,0.003862142562866211
initial,14,block6.W2,6,16,2.646188735961914,2.638841390609741,0.0073473453521728516
initial,14,block6.W2,7,16,2.6079535484313965,2.6079134941101074,4.00543212890625e-05
initial,14,block6.W2,8,16,2.674722909927368,2.6830646991729736,0.008341789245605469
initial,14,block6.W2,9,16,2.706913471221924,2.7036993503570557,0.003214120864868164
initial,14,block6.W2,10,16,2.7130470275878906,2.7099344730377197,0.0031125545501708984
initial,14,block6.W2,11,16,2.682988166809082,2.671495199203491,0.01149296760559082
initial,14,block6.W2,12,16,2.531306266784668,2.526365041732788,0.004941225051879883
initial,14,block6.W2,13,16,2.6688599586486816,2.6666650772094727,0.0021948814392089844
initial,14,block6.W2,14,16,2.6938729286193848,2.6921675205230713,0.0017054080963134766
initial,14,block6.W2,15,16,2.5419769287109375,2.541956663131714,2.0265579223632812e-05
initial,14,block6.W2,16,16,2.7407472133636475,2.7407472133636475,0.0
initial,14,block6.W2,17,16,2.5768964290618896,2.5753064155578613,0.0015900135040283203
initial,14,block6.W2,18,16,2.724968194961548,2.729290723800659,0.004322528839111328
initial,14,block6.W2,19,16,2.6451148986816406,2.645440101623535,0.00032520294189453125
initial,14,block6.W2,20,16,2.6734604835510254,2.6690614223480225,0.00439906120300293
initial,14,block6.W2,21,16,2.7304060459136963,2.7376668453216553,0.007260799407958984
initial,14,block6.W2,22,16,2.6864330768585205,2.6838223934173584,0.0026106834411621094
initial,14,block6.W2,23,16,2.7110774517059326,2.7126688957214355,0.0015914440155029297
initial,14,block6.W2,24,16,2.54522442817688,2.5495429039001465,0.0043184757232666016
initial,14,block6.W2,25,16,2.7728195190429688,2.76432466506958,0.008494853973388672
initial,14,block6.W2,26,16,2.8431639671325684,2.8429458141326904,0.0002181529998779297
initial,14,block6.W2,27,16,2.6712260246276855,2.6737287044525146,0.0025026798248291016
initial,14,block6.W2,28,16,2.7426466941833496,2.7397804260253906,0.0028662681579589844
initial,14,block6.W2,29,16,2.6085829734802246,2.6102559566497803,0.001672983169555664
initial,14,block6.W2,30,16,2.6338353157043457,2.636385202407837,0.002549886703491211
initial,14,block6.W2,31,16,2.8870961666107178,2.892162561416626,0.005066394805908203
initial,14,block6.W2,32,16,2.7827951908111572,2.7818551063537598,0.0009400844573974609
initial,14,block6.W2,33,16,2.7190098762512207,2.71769642829895,0.0013134479522705078
initial,14,block6.W2,34,16,2.5706913471221924,2.5738179683685303,0.0031266212463378906
initial,14,block6.W2,35,16,2.5822882652282715,2.58314847946167,0.0008602142333984375
initial,14,block6.W2,36,16,2.6782500743865967,2.671631336212158,0.0066187381744384766
initial,14,block6.W2,37,16,2.6374971866607666,2.6348392963409424,0.0026578903198242188
initial,14,block6.W2,38,16,2.5224411487579346,2.5278384685516357,0.005397319793701172
initial,14,block6.W2,39,16,2.6694183349609375,2.6641767024993896,0.0052416324615478516
initial,14,block6.W2,40,16,2.728271007537842,2.72959303855896,0.001322031021118164
initial,14,block6.W2,41,16,2.650042772293091,2.644115447998047,0.005927324295043945
initial,14,block6.W2,42,16,2.6635377407073975,2.6668262481689453,0.0032885074615478516
initial,14,block6.W2,43,16,2.57189679145813,2.5793182849884033,0.0074214935302734375
initial,14,block6.W2,44,16,2.5387017726898193,2.546510934829712,0.007809162139892578
initial,14,block6.W2,45,16,2.6607532501220703,2.662893533706665,0.0021402835845947266
initial,14,block6.W2,46,16,2.6567044258117676,2.6592931747436523,0.0025887489318847656
initial,14,block6.W2,47,16,2.7488512992858887,2.7627134323120117,0.013862133026123047
initial,14,block6.W2,48,16,2.697720766067505,2.6976284980773926,9.226799011230469e-05
initial,14,block6.W2,49,16,2.7178232669830322,2.713547706604004,0.00427556037902832
initial,14,block6.W2,50,16,2.7287912368774414,2.7236328125,0.005158424377441406
initial,14,block6.W2,51,16,2.6246910095214844,2.6307356357574463,0.006044626235961914
initial,14,block6.W2,52,16,2.6827504634857178,2.687180995941162,0.004430532455444336
initial,14,block6.W2,53,16,2.6572561264038086,2.656075954437256,0.0011801719665527344
initial,14,block6.W2,54,16,2.6969151496887207,2.685580253601074,0.011334896087646484
initial,14,block6.W2,55,16,2.544412612915039,2.541579484939575,0.002833127975463867
initial,14,block6.W2,56,16,2.545185089111328,2.540257215499878,0.004927873611450195
initial,14,block6.W2,57,16,2.58563494682312,2.566939115524292,0.018695831298828125
initial,14,block6.W2,58,16,2.645548105239868,2.637406349182129,0.008141756057739258
initial,14,block6.W2,59,16,2.5912721157073975,2.586899757385254,0.004372358322143555
initial,14,block6.W2,60,16,2.6470906734466553,2.6435546875,0.0035359859466552734
initial,14,block6.W2,61,16,2.7216596603393555,2.7267513275146484,0.005091667175292969
initial,14,block6.W2,62,16,2.666426420211792,2.6639771461486816,0.0024492740631103516
initial,14,block6.W2,63,16,2.616302967071533,2.6104319095611572,0.0058710575103759766
initial,15,block7.W1,0,16,2.681809425354004,2.6787595748901367,0.0030498504638671875
initial,15,block7.W1,1,16,2.6363019943237305,2.640637159347534,0.004335165023803711
initial,15,block7.W1,2,16,2.711437225341797,2.718193292617798,0.0067560672760009766
initial,15,block7.W1,3,16,2.6682591438293457,2.6646649837493896,0.0035941600799560547
initial,15,block7.W1,4,16,2.623868942260742,2.630136728286743,0.0062677860260009766
initial,15,block7.W1,5,16,2.5738277435302734,2.5683438777923584,0.005483865737915039
initial,15,block7.W1,6,16,2.6632277965545654,2.6639649868011475,0.0007371902465820312
initial,15,block7.W1,7,16,2.594068765640259,2.6019999980926514,0.007931232452392578
initial,15,block7.W1,8,16,2.689425468444824,2.6841015815734863,0.005323886871337891
initial,15,block7.W1,9,16,2.5699234008789062,2.5679473876953125,0.00197601318359375
initial,15,block7.W1,10,16,2.6752119064331055,2.6665427684783936,0.008669137954711914
initial,15,block7.W1,11,16,2.6679234504699707,2.6576993465423584,0.010224103927612305
initial,15,block7.W1,12,16,2.661757469177246,2.6694538593292236,0.007696390151977539
initial,15,block7.W1,13,16,2.556997776031494,2.564640522003174,0.0076427459716796875
initial,15,block7.W1,14,16,2.676184892654419,2.6795008182525635,0.0033159255981445312
initial,15,block7.W1,15,16,2.529845714569092,2.531742572784424,0.0018968582153320312
initial,15,block7.W1,16,16,2.6595818996429443,2.662783622741699,0.003201723098754883
initial,15,block7.W1,17,16,2.6845905780792236,2.678765058517456,0.005825519561767578
initial,15,block7.W1,18,16,2.6293540000915527,2.634106159210205,0.004752159118652344
initial,15,block7.W1,19,16,2.580209255218506,2.5916168689727783,0.011407613754272461
initial,15,block7.W1,20,16,2.7480380535125732,2.7354660034179688,0.012572050094604492
initial,15,block7.W1,21,16,2.719346523284912,2.725205659866333,0.0058591365814208984
initial,15,block7.W1,22,16,2.6354308128356934,2.62914776802063,0.0062830448150634766
initial,15,block7.W1,23,16,2.6993415355682373,2.7030398845672607,0.0036983489990234375
initial,15,block7.W1,24,16,2.6513099670410156,2.6578128337860107,0.006502866744995117
initial,15,block7.W1,25,16,2.7616922855377197,2.7628562450408936,0.0011639595031738281
initial,15,block7.W1,26,16,2.680126190185547,2.6856582164764404,0.005532026290893555
initial,15,block7.W1,27,16,2.7294840812683105,2.7250452041625977,0.004438877105712891
initial,15,block7.W1,28,16,2.608487367630005,2.607795476913452,0.0006918907165527344
initial,15,block7.W1,29,16,2.6772408485412598,2.6681408882141113,0.009099960327148438
initial,15,block7.W1,30,16,2.553035020828247,2.5538978576660156,0.0008628368377685547
initial,15,block7.W1,31,16,2.5851316452026367,2.5921123027801514,0.0069806575775146484
initial,15,block7.W1,32,16,2.7931807041168213,2.7961037158966064,0.0029230117797851562
initial,15,block7.W1,33,16,2.7788941860198975,2.7719929218292236,0.006901264190673828
initial,15,block7.W1,34,16,2.6597676277160645,2.660607099533081,0.0008394718170166016
initial,15,block7.W1,35,16,2.6173315048217773,2.6171064376831055,0.000225067138671875
initial,15,block7.W1,36,16,2.6708545684814453,2.6692168712615967,0.0016376972198486328
initial,15,block7.W1,37,16,2.5278594493865967,2.530963659286499,0.0031042098999023438
initial,15,block7.W1,38,16,2.61102032661438,2.6127030849456787,0.0016827583312988281
initial,15,block7.W1,39,16,2.5939218997955322,2.6056160926818848,0.011694192886352539
initial,15,block7.W1,40,16,2.6453890800476074,2.6340692043304443,0.011319875717163086
initial,15,block7.W1,41,16,2.5826656818389893,2.5887649059295654,0.006099224090576172
initial,15,block7.W1,42,16,2.7332115173339844,2.7333433628082275,0.00013184547424316406
initial,15,block7.W1,43,16,2.8484292030334473,2.844498872756958,0.003930330276489258
initial,15,block7.W1,44,16,2.5984652042388916,2.600337266921997,0.0018720626831054688
initial,15,block7.W1,45,16,2.7222182750701904,2.720423460006714,0.0017948150634765625
initial,15,block7.W1,46,16,2.8252131938934326,2.825407028198242,0.0001938343048095703
initial,15,block7.W1,47,16,2.689037799835205,2.6893672943115234,0.0003294944763183594
initial,15,block7.W1,48,16,2.6504554748535156,2.6589372158050537,0.008481740951538086
initial,15,block7.W1,49,16,2.525198221206665,2.5211358070373535,0.0040624141693115234
initial,15,block7.W1,50,16,2.8169455528259277,2.8202626705169678,0.003317117691040039
initial,15,block7.W1,51,16,2.585354804992676,2.5797810554504395,0.005573749542236328
initial,15,block7.W1,52,16,2.713395595550537,2.7210848331451416,0.007689237594604492
initial,15,block7.W1,53,16,2.6501784324645996,2.6495914459228516,0.0005869865417480469
initial,15,block7.W1,54,16,2.7122902870178223,2.7112550735473633,0.0010352134704589844
initial,15,block7.W1,55,16,2.614780902862549,2.6037814617156982,0.010999441146850586
initial,15,block7.W1,56,16,2.5858912467956543,2.5857787132263184,0.0001125335693359375
initial,15,block7.W1,57,16,2.6074719429016113,2.6113386154174805,0.0038666725158691406
initial,15,block7.W1,58,16,2.686434507369995,2.6877737045288086,0.0013391971588134766
initial,15,block7.W1,59,16,2.653866767883301,2.665309429168701,0.01144266128540039
initial,15,block7.W1,60,16,2.700564384460449,2.698072910308838,0.002491474151611328
initial,15,block7.W1,61,16,2.690669298171997,2.689023733139038,0.0016455650329589844
initial,15,block7.W1,62,16,2.516784191131592,2.518921375274658,0.0021371841430664062
initial,15,block7.W1,63,16,2.7032876014709473,2.7025768756866455,0.0007107257843017578
initial,16,block7.W2,0,16,2.6403989791870117,2.6457760334014893,0.005377054214477539
initial,16,block7.W2,1,16,2.6506052017211914,2.6548011302948,0.0041959285736083984
initial,16,block7.W2,2,16,2.7011473178863525,2.703798770904541,0.0026514530181884766
initial,16,block7.W2,3,16,2.561833620071411,2.564387321472168,0.002553701400756836
initial,16,block7.W2,4,16,2.6620888710021973,2.661332130432129,0.0007567405700683594
initial,16,block7.W2,5,16,2.7079358100891113,2.7125461101531982,0.004610300064086914
initial,16,block7.W2,6,16,2.7819223403930664,2.7863714694976807,0.004449129104614258
initial,16,block7.W2,7,16,2.7150356769561768,2.7107841968536377,0.0042514801025390625
initial,16,block7.W2,8,16,2.6433916091918945,2.648078680038452,0.004687070846557617
initial,16,block7.W2,9,16,2.795786142349243,2.7901103496551514,0.005675792694091797
initial,16,block7.W2,10,16,2.6270477771759033,2.629063844680786,0.0020160675048828125
initial,16,block7.W2,11,16,2.6831576824188232,2.684518337249756,0.0013606548309326172
initial,16,block7.W2,12,16,2.5687320232391357,2.5696539878845215,0.0009219646453857422
initial,16,block7.W2,13,16,2.740466594696045,2.7384040355682373,0.002062559127807617
initial,16,block7.W2,14,16,2.7946815490722656,2.7936453819274902,0.0010361671447753906
initial,16,block7.W2,15,16,2.7032408714294434,2.705824136734009,0.0025832653045654297
initial,16,block7.W2,16,16,2.6710846424102783,2.6738595962524414,0.002774953842163086
initial,16,block7.W2,17,16,2.506558895111084,2.5105700492858887,0.0040111541748046875
initial,16,block7.W2,18,16,2.7300994396209717,2.7382636070251465,0.008164167404174805
initial,16,block7.W2,19,16,2.5983378887176514,2.6036572456359863,0.005319356918334961
initial,16,block7.W2,20,16,2.8166072368621826,2.8178319931030273,0.0012247562408447266
initial,16,block7.W2,21,16,2.684109687805176,2.686403512954712,0.002293825149536133
initial,16,block7.W2,22,16,2.6621224880218506,2.663774013519287,0.0016515254974365234
initial,16,block7.W2,23,16,2.7476329803466797,2.7538669109344482,0.006233930587768555
initial,16,block7.W2,24,16,2.6186177730560303,2.630206823348999,0.01158905029296875
initial,16,block7.W2,25,16,2.5614373683929443,2.56374454498291,0.0023071765899658203
initial,16,block7.W2,26,16,2.632904052734375,2.626441240310669,0.006462812423706055
initial,16,block7.W2,27,16,2.5967276096343994,2.5990912914276123,0.0023636817932128906
initial,16,block7.W2,28,16,2.79850697517395,2.804476499557495,0.005969524383544922
initial,16,block7.W2,29,16,2.6400482654571533,2.6318373680114746,0.008210897445678711
initial,16,block7.W2,30,16,2.5659337043762207,2.5681536197662354,0.0022199153900146484
initial,16,block7.W2,31,16,2.571998357772827,2.577666997909546,0.00566864013671875
initial,16,block7.W2,32,16,2.773508071899414,2.7820727825164795,0.00856471061706543
initial,16,block7.W2,33,16,2.5893120765686035,2.589005708694458,0.0003063678741455078
initial,16,block7.W2,34,16,2.699004888534546,2.6980233192443848,0.0009815692901611328
initial,16,block7.W2,35,16,2.6534106731414795,2.6518020629882812,0.0016086101531982422
initial,16,block7.W2,36,16,2.5539376735687256,2.554967164993286,0.0010294914245605469
initial,16,block7.W2,37,16,2.756674289703369,2.7542331218719482,0.0024411678314208984
initial,16,block7.W2,38,16,2.633561134338379,2.630934238433838,0.0026268959045410156
initial,16,block7.W2,39,16,2.7378647327423096,2.733126163482666,0.004738569259643555
initial,16,block7.W2,40,16,2.6709039211273193,2.668130874633789,0.0027730464935302734
initial,16,block7.W2,41,16,2.6380627155303955,2.6484246253967285,0.010361909866333008
initial,16,block7.W2,42,16,2.7348439693450928,2.7343602180480957,0.0004837512969970703
initial,16,block7.W2,43,16,2.6411664485931396,2.6442880630493164,0.003121614456176758
initial,16,block7.W2,44,16,2.6380627155303955,2.6402506828308105,0.002187967300415039
initial,16,block7.W2,45,16,2.651991605758667,2.644425868988037,0.007565736770629883
initial,16,block7.W2,46,16,2.648970127105713,2.6450212001800537,0.00394892692565918
initial,16,block7.W2,47,16,2.7162399291992188,2.7244298458099365,0.008189916610717773
initial,16,block7.W2,48,16,2.6805713176727295,2.682948112487793,0.0023767948150634766
initial,16,block7.W2,49,16,2.674527883529663,2.676192283630371,0.0016644001007080078
initial,16,block7.W2,50,16,2.627469062805176,2.6282055377960205,0.0007364749908447266
initial,16,block7.W2,51,16,2.658015489578247,2.6562678813934326,0.0017476081848144531
initial,16,block7.W2,52,16,2.620544672012329,2.6214394569396973,0.0008947849273681641
initial,16,block7.W2,53,16,2.7345221042633057,2.734273910522461,0.00024819374084472656
initial,16,block7.W2,54,16,2.6503396034240723,2.650599241256714,0.00025963783264160156
initial,16,block7.W2,55,16,2.635287284851074,2.6362967491149902,0.0010094642639160156
initial,16,block7.W2,56,16,2.531568765640259,2.531506061553955,6.270408630371094e-05
initial,16,block7.W2,57,16,2.725548267364502,2.7259695529937744,0.00042128562927246094
initial,16,block7.W2,58,16,2.6738884449005127,2.669156551361084,0.004731893539428711
initial,16,block7.W2,59,16,2.642845392227173,2.651573896408081,0.008728504180908203
initial,16,block7.W2,60,16,2.7449862957000732,2.754506826400757,0.009520530700683594
initial,16,block7.W2,61,16,2.5629563331604004,2.5664002895355225,0.0034439563751220703
initial,16,block7.W2,62,16,2.5802712440490723,2.582084894180298,0.001813650131225586
initial,16,block7.W2,63,16,2.6387791633605957,2.6396443843841553,0.0008652210235595703
initial,17,block8.W1,0,16,2.6400184631347656,2.637120008468628,0.0028984546661376953
initial,17,block8.W1,1,16,2.7425458431243896,2.7453887462615967,0.0028429031372070312
initial,17,block8.W1,2,16,2.644909620285034,2.6428229808807373,0.002086639404296875
initial,17,block8.W1,3,16,2.6956264972686768,2.700829029083252,0.005202531814575195
initial,17,block8.W1,4,16,2.69130802154541,2.6944222450256348,0.0031142234802246094
initial,17,block8.W1,5,16,2.6534786224365234,2.651874303817749,0.001604318618774414
initial,17,block8.W1,6,16,2.595600128173828,2.5940067768096924,0.0015933513641357422
initial,17,block8.W1,7,16,2.729423761367798,2.728832721710205,0.0005910396575927734
initial,17,block8.W1,8,16,2.5657293796539307,2.5755057334899902,0.00977635383605957
initial,17,block8.W1,9,16,2.590350866317749,2.581904649734497,0.008446216583251953
initial,17,block8.W1,10,16,2.6913552284240723,2.6901695728302,0.0011856555938720703
initial,17,block8.W1,11,16,2.769547700881958,2.763160228729248,0.006387472152709961
initial,17,block8.W1,12,16,2.73811936378479,2.7410664558410645,0.002947092056274414
initial,17,block8.W1,13,16,2.6715588569641113,2.674992322921753,0.0034334659576416016
initial,17,block8.W1,14,16,2.7681615352630615,2.7715306282043457,0.0033690929412841797
initial,17,block8.W1,15,16,2.62666916847229,2.6277077198028564,0.0010385513305664062
initial,17,block8.W1,16,16,2.7019131183624268,2.7018723487854004,4.076957702636719e-05
initial,17,block8.W1,17,16,2.605943441390991,2.606382131576538,0.000438690185546875
initial,17,block8.W1,18,16,2.5233917236328125,2.528769016265869,0.005377292633056641
initial,17,block8.W1,19,16,2.746708631515503,2.7498879432678223,0.003179311752319336
initial,17,block8.W1,20,16,2.619929075241089,2.6236965656280518,0.0037674903869628906
initial,17,block8.W1,21,16,2.5836703777313232,2.5841636657714844,0.0004932880401611328
initial,17,block8.W1,22,16,2.70438289642334,2.705289602279663,0.0009067058563232422
initial,17,block8.W1,23,16,2.7289531230926514,2.7275099754333496,0.0014431476593017578
initial,17,block8.W1,24,16,2.6422483921051025,2.6464059352874756,0.004157543182373047
initial,17,block8.W1,25,16,2.6599621772766113,2.659865140914917,9.703636169433594e-05
initial,17,block8.W1,26,16,2.6403145790100098,2.6393792629241943,0.0009353160858154297
initial,17,block8.W1,27,16,2.5899906158447266,2.5878474712371826,0.0021431446075439453
initial,17,block8.W1,28,16,2.7454469203948975,2.7407050132751465,0.0047419071197509766
initial,17,block8.W1,29,16,2.7588655948638916,2.7603118419647217,0.0014462471008300781
initial,17,block8.W1,30,16,2.5779223442077637,2.574664354324341,0.0032579898834228516
initial,17,block8.W1,31,16,2.572197437286377,2.5747063159942627,0.002508878707885742
initial,17,block8.W1,32,16,2.6853444576263428,2.6846959590911865,0.00064849853515625
initial,17,block8.W1,33,16,2.4963254928588867,2.493817090988159,0.002508401870727539
initial,17,block8.W1,34,16,2.64036226272583,2.638331174850464,0.002031087875366211
initial,17,block8.W1,35,16,2.5738027095794678,2.575547218322754,0.0017445087432861328
initial,17,block8.W1,36,16,2.6779861450195312,2.6750690937042236,0.002917051315307617
initial,17,block8.W1,37,16,2.6791224479675293,2.6792664527893066,0.00014400482177734375
initial,17,block8.W1,38,16,2.591156244277954,2.581184148788452,0.009972095489501953
initial,17,block8.W1,39,16,2.524557590484619,2.526036262512207,0.0014786720275878906
initial,17,block8.W1,40,16,2.557079553604126,2.556392192840576,0.0006873607635498047
initial,17,block8.W1,41,16,2.5907769203186035,2.592170476913452,0.0013935565948486328
initial,17,block8.W1,42,16,2.819586753845215,2.8237221240997314,0.0041353702545166016
initial,17,block8.W1,43,16,2.701660394668579,2.6996312141418457,0.0020291805267333984
initial,17,block8.W1,44,16,2.7189817428588867,2.717144727706909,0.001837015151977539
initial,17,block8.W1,45,16,2.737246513366699,2.7349812984466553,0.0022652149200439453
initial,17,block8.W1,46,16,2.586634397506714,2.586472749710083,0.00016164779663085938
initial,17,block8.W1,47,16,2.662893772125244,2.6663503646850586,0.003456592559814453
initial,17,block8.W1,48,16,2.722698450088501,2.7253730297088623,0.002674579620361328
initial,17,block8.W1,49,16,2.5879251956939697,2.59248948097229,0.0045642852783203125
initial,17,block8.W1,50,16,2.7125446796417236,2.7046759128570557,0.007868766784667969
initial,17,block8.W1,51,16,2.6118695735931396,2.6136538982391357,0.0017843246459960938
initial,17,block8.W1,52,16,2.5895209312438965,2.588843584060669,0.0006773471832275391
initial,17,block8.W1,53,16,2.5395872592926025,2.5414838790893555,0.0018966197967529297
initial,17,block8.W1,54,16,2.6741487979888916,2.6651158332824707,0.009032964706420898
initial,17,block8.W1,55,16,2.723923683166504,2.7255373001098633,0.001613616943359375
initial,17,block8.W1,56,16,2.7088918685913086,2.7066822052001953,0.0022096633911132812
initial,17,block8.W1,57,16,2.6411936283111572,2.643610954284668,0.002417325973510742
initial,17,block8.W1,58,16,2.682642698287964,2.6800994873046875,0.002543210983276367
initial,17,block8.W1,59,16,2.6515731811523438,2.649822950363159,0.0017502307891845703
initial,17,block8.W1,60,16,2.470669984817505,2.4701571464538574,0.0005128383636474609
initial,17,block8.W1,61,16,2.69484543800354,2.688652753829956,0.006192684173583984
initial,17,block8.W1,62,16,2.7531161308288574,2.7501049041748047,0.0030112266540527344
initial,17,block8.W1,63,16,2.653864860534668,2.6456458568573,0.008219003677368164
initial,18,block8.W2,0,16,2.6429901123046875,2.640087604522705,0.002902507781982422
initial,18,block8.W2,1,16,2.613548517227173,2.6232147216796875,0.009666204452514648
initial,18,block8.W2,2,16,2.4946980476379395,2.4949378967285156,0.00023984909057617188
initial,18,block8.W2,3,16,2.541773796081543,2.537297248840332,0.0044765472412109375
initial,18,block8.W2,4,16,2.7145586013793945,2.712045192718506,0.002513408660888672
initial,18,block8.W2,5,16,2.6691250801086426,2.668602705001831,0.0005223751068115234
initial,18,block8.W2,6,16,2.641568422317505,2.636937379837036,0.00463104248046875
initial,18,block8.W2,7,16,2.7145345211029053,2.716761589050293,0.0022270679473876953
initial,18,block8.W2,8,16,2.704213857650757,2.7070693969726562,0.002855539321899414
initial,18,block8.W2,9,16,2.6315462589263916,2.632892608642578,0.0013463497161865234
initial,18,block8.W2,10,16,2.6150238513946533,2.615107297897339,8.344650268554688e-05
initial,18,block8.W2,11,16,2.790924072265625,2.7911272048950195,0.00020313262939453125
initial,18,block8.W2,12,16,2.7226099967956543,2.717432975769043,0.005177021026611328
initial,18,block8.W2,13,16,2.6673924922943115,2.662283182144165,0.005109310150146484
initial,18,block8.W2,14,16,2.6257846355438232,2.617499828338623,0.008284807205200195
initial,18,block8.W2,15,16,2.629143476486206,2.628201723098755,0.0009417533874511719
initial,18,block8.W2,16,16,2.627438545227051,2.627199411392212,0.0002391338348388672
initial,18,block8.W2,17,16,2.5378692150115967,2.536587953567505,0.0012812614440917969
initial,18,block8.W2,18,16,2.565904378890991,2.563786506652832,0.0021178722381591797
initial,18,block8.W2,19,16,2.6861791610717773,2.6851069927215576,0.0010721683502197266
initial,18,block8.W2,20,16,2.650465250015259,2.6508021354675293,0.0003368854522705078
initial,18,block8.W2,21,16,2.730858325958252,2.7304611206054688,0.0003972053527832031
initial,18,block8.W2,22,16,2.681023120880127,2.6825709342956543,0.0015478134155273438
initial,18,block8.W2,23,16,2.590841054916382,2.592806577682495,0.0019655227661132812
initial,18,block8.W2,24,16,2.445380926132202,2.446536064147949,0.0011551380157470703
initial,18,block8.W2,25,16,2.666651725769043,2.663468837738037,0.0031828880310058594
initial,18,block8.W2,26,16,2.6570661067962646,2.6539883613586426,0.0030777454376220703
initial,18,block8.W2,27,16,2.677551031112671,2.6768667697906494,0.0006842613220214844
initial,18,block8.W2,28,16,2.688507080078125,2.6922643184661865,0.0037572383880615234
initial,18,block8.W2,29,16,2.6758029460906982,2.6760621070861816,0.00025916099548339844
initial,18,block8.W2,30,16,2.734473943710327,2.73452091217041,4.696846008300781e-05
initial,18,block8.W2,31,16,2.702709197998047,2.706425666809082,0.0037164688110351562
initial,18,block8.W2,32,16,2.663405656814575,2.6607511043548584,0.002654552459716797
initial,18,block8.W2,33,16,2.6013741493225098,2.6017954349517822,0.00042128562927246094
initial,18,block8.W2,34,16,2.6154744625091553,2.616312026977539,0.0008375644683837891
initial,18,block8.W2,35,16,2.7106966972351074,2.716439723968506,0.0057430267333984375
initial,18,block8.W2,36,16,2.690225601196289,2.6914072036743164,0.0011816024780273438
initial,18,block8.W2,37,16,2.7312123775482178,2.7292699813842773,0.0019423961639404297
initial,18,block8.W2,38,16,2.659928798675537,2.6595284938812256,0.00040030479431152344
initial,18,block8.W2,39,16,2.6748316287994385,2.678264856338501,0.0034332275390625
initial,18,block8.W2,40,16,2.6017472743988037,2.6105871200561523,0.008839845657348633
initial,18,block8.W2,41,16,2.586698293685913,2.590596914291382,0.00389862060546875
initial,18,block8.W2,42,16,2.568241596221924,2.5712227821350098,0.0029811859130859375
initial,18,block8.W2,43,16,2.6668412685394287,2.6714532375335693,0.004611968994140625
initial,18,block8.W2,44,16,2.6480679512023926,2.649146556854248,0.0010786056518554688
initial,18,block8.W2,45,16,2.5551037788391113,2.5551917552948,8.797645568847656e-05
initial,18,block8.W2,46,16,2.7653961181640625,2.7639055252075195,0.0014905929565429688
initial,18,block8.W2,47,16,2.657583475112915,2.65820574760437,0.0006222724914550781
initial,18,block8.W2,48,16,2.670410394668579,2.666182518005371,0.004227876663208008
initial,18,block8.W2,49,16,2.5969767570495605,2.6008150577545166,0.0038383007049560547
initial,18,block8.W2,50,16,2.605602502822876,2.606135129928589,0.0005326271057128906
initial,18,block8.W2,51,16,2.578289031982422,2.5833847522735596,0.005095720291137695
initial,18,block8.W2,52,16,2.5478057861328125,2.5474162101745605,0.0003895759582519531
initial,18,block8.W2,53,16,2.6857266426086426,2.6831228733062744,0.002603769302368164
initial,18,block8.W2,54,16,2.693701982498169,2.6974384784698486,0.0037364959716796875
initial,18,block8.W2,55,16,2.768040895462036,2.7656500339508057,0.0023908615112304688
initial,18,block8.W2,56,16,2.664341688156128,2.6643736362457275,3.1948089599609375e-05
initial,18,block8.W2,57,16,2.7802603244781494,2.780036211013794,0.00022411346435546875
initial,18,block8.W2,58,16,2.6339545249938965,2.637559175491333,0.0036046504974365234
initial,18,block8.W2,59,16,2.7243218421936035,2.72027587890625,0.004045963287353516
initial,18,block8.W2,60,16,2.5784525871276855,2.5722832679748535,0.006169319152832031
initial,18,block8.W2,61,16,2.7268600463867188,2.729285717010498,0.002425670623779297
initial,18,block8.W2,62,16,2.6506943702697754,2.6573071479797363,0.0066127777099609375
initial,18,block8.W2,63,16,2.6752355098724365,2.676826000213623,0.0015904903411865234
initial,19,block9.W1,0,16,2.7544708251953125,2.754617214202881,0.00014638900756835938
initial,19,block9.W1,1,16,2.6991214752197266,2.6957216262817383,0.0033998489379882812
initial,19,block9.W1,2,16,2.707416296005249,2.708782434463501,0.0013661384582519531
initial,19,block9.W1,3,16,2.642624855041504,2.64163875579834,0.0009860992431640625
initial,19,block9.W1,4,16,2.5824851989746094,2.5780813694000244,0.004403829574584961
initial,19,block9.W1,5,16,2.6502180099487305,2.653644323348999,0.0034263134002685547
initial,19,block9.W1,6,16,2.556281089782715,2.5554158687591553,0.0008652210235595703
initial,19,block9.W1,7,16,2.5157713890075684,2.5174334049224854,0.0016620159149169922
initial,19,block9.W1,8,16,2.7386250495910645,2.7405717372894287,0.0019466876983642578
initial,19,block9.W1,9,16,2.676257371902466,2.6677873134613037,0.00847005844116211
initial,19,block9.W1,10,16,2.6846442222595215,2.678644895553589,0.005999326705932617
initial,19,block9.W1,11,16,2.6900928020477295,2.678358793258667,0.0117340087890625
initial,19,block9.W1,12,16,2.605060577392578,2.6075143814086914,0.0024538040161132812
initial,19,block9.W1,13,16,2.7400031089782715,2.7396628856658936,0.0003402233123779297
initial,19,block9.W1,14,16,2.6797330379486084,2.679959774017334,0.00022673606872558594
initial,19,block9.W1,15,16,2.7110936641693115,2.705416202545166,0.005677461624145508
initial,19,block9.W1,16,16,2.6432442665100098,2.6402535438537598,0.00299072265625
initial,19,block9.W1,17,16,2.722533702850342,2.7200326919555664,0.0025010108947753906
initial,19,block9.W1,18,16,2.6372640132904053,2.6315908432006836,0.00567317008972168
initial,19,block9.W1,19,16,2.693530321121216,2.696744680404663,0.0032143592834472656
initial,19,block9.W1,20,16,2.59328556060791,2.590672254562378,0.0026133060455322266
initial,19,block9.W1,21,16,2.651634693145752,2.6606028079986572,0.008968114852905273
initial,19,block9.W1,22,16,2.6941540241241455,2.6935412883758545,0.0006127357482910156
initial,19,block9.W1,23,16,2.6944735050201416,2.695692300796509,0.0012187957763671875
initial,19,block9.W1,24,16,2.6518404483795166,2.646914482116699,0.004925966262817383
initial,19,block9.W1,25,16,2.5555953979492188,2.5642828941345215,0.008687496185302734
initial,19,block9.W1,26,16,2.649585247039795,2.6499686241149902,0.0003833770751953125
initial,19,block9.W1,27,16,2.6988914012908936,2.703939437866211,0.005048036575317383
initial,19,block9.W1,28,16,2.6994380950927734,2.6909408569335938,0.008497238159179688
initial,19,block9.W1,29,16,2.6020219326019287,2.602151393890381,0.00012946128845214844
initial,19,block9.W1,30,16,2.6009035110473633,2.6035573482513428,0.002653837203979492
initial,19,block9.W1,31,16,2.7909488677978516,2.797511100769043,0.006562232971191406
initial,19,block9.W1,32,16,2.663336753845215,2.6659116744995117,0.002574920654296875
initial,19,block9.W1,33,16,2.530242919921875,2.5302886962890625,4.57763671875e-05
initial,19,block9.W1,34,16,2.66963529586792,2.6688151359558105,0.000820159912109375
initial,19,block9.W1,35,16,2.5070183277130127,2.508080005645752,0.0010616779327392578
initial,19,block9.W1,36,16,2.7744171619415283,2.7712955474853516,0.003121614456176758
initial,19,block9.W1,37,16,2.5322699546813965,2.5251412391662598,0.007128715515136719
initial,19,block9.W1,38,16,2.599235773086548,2.59909725189209,0.0001385211944580078
initial,19,block9.W1,39,16,2.705678939819336,2.7095847129821777,0.003905773162841797
initial,19,block9.W1,40,16,2.5718789100646973,2.5713610649108887,0.0005178451538085938
initial,19,block9.W1,41,16,2.5363054275512695,2.5344595909118652,0.0018458366394042969
initial,19,block9.W1,42,16,2.704042434692383,2.70375394821167,0.0002884864807128906
initial,19,block9.W1,43,16,2.6548900604248047,2.6552867889404297,0.000396728515625
initial,19,block9.W1,44,16,2.562474489212036,2.5592546463012695,0.0032198429107666016
initial,19,block9.W1,45,16,2.7675769329071045,2.7632768154144287,0.004300117492675781
initial,19,block9.W1,46,16,2.630546808242798,2.625939130783081,0.004607677459716797
initial,19,block9.W1,47,16,2.6926159858703613,2.6893820762634277,0.0032339096069335938
initial,19,block9.W1,48,16,2.5690407752990723,2.5654420852661133,0.0035986900329589844
initial,19,block9.W1,49,16,2.5706183910369873,2.5710833072662354,0.0004649162292480469
initial,19,block9.W1,50,16,2.7564539909362793,2.7596821784973145,0.0032281875610351562
initial,19,block9.W1,51,16,2.676706075668335,2.6805737018585205,0.003867626190185547
initial,19,block9.W1,52,16,2.536273717880249,2.5344631671905518,0.0018105506896972656
initial,19,block9.W1,53,16,2.5212066173553467,2.5203866958618164,0.0008199214935302734
initial,19,block9.W1,54,16,2.5812227725982666,2.5716543197631836,0.009568452835083008
initial,19,block9.W1,55,16,2.642075300216675,2.6403675079345703,0.0017077922821044922
initial,19,block9.W1,56,16,2.7531254291534424,2.7562732696533203,0.0031478404998779297
initial,19,block9.W1,57,16,2.593029260635376,2.5923314094543457,0.0006978511810302734
initial,19,block9.W1,58,16,2.5789055824279785,2.5730011463165283,0.005904436111450195
initial,19,block9.W1,59,16,2.627549886703491,2.630075693130493,0.002525806427001953
initial,19,block9.W1,60,16,2.7556192874908447,2.7522506713867188,0.0033686161041259766
initial,19,block9.W1,61,16,2.718269109725952,2.721195936203003,0.0029268264770507812
initial,19,block9.W1,62,16,2.484628438949585,2.488241672515869,0.0036132335662841797
initial,19,block9.W1,63,16,2.624927520751953,2.630647897720337,0.005720376968383789
initial,20,block9.W2,0,16,2.657799243927002,2.648503303527832,0.009295940399169922
initial,20,block9.W2,1,16,2.73702073097229,2.7418503761291504,0.0048296451568603516
initial,20,block9.W2,2,16,2.4121243953704834,2.4037299156188965,0.008394479751586914
initial,20,block9.W2,3,16,2.6851959228515625,2.684006690979004,0.0011892318725585938
initial,20,block9.W2,4,16,2.634657144546509,2.6254045963287354,0.009252548217773438
initial,20,block9.W2,5,16,2.758233070373535,2.7567338943481445,0.001499176025390625
initial,20,block9.W2,6,16,2.4817426204681396,2.485785961151123,0.0040433406829833984
initial,20,block9.W2,7,16,2.6093337535858154,2.6036221981048584,0.005711555480957031
initial,20,block9.W2,8,16,2.6094062328338623,2.6124532222747803,0.0030469894409179688
initial,20,block9.W2,9,16,2.684415578842163,2.6829640865325928,0.0014514923095703125
initial,20,block9.W2,10,16,2.6524341106414795,2.656186819076538,0.0037527084350585938
initial,20,block9.W2,11,16,2.539802312850952,2.5402591228485107,0.00045680999755859375
initial,20,block9.W2,12,16,2.521892786026001,2.5243844985961914,0.0024917125701904297
initial,20,block9.W2,13,16,2.486679792404175,2.4835972785949707,0.0030825138092041016
initial,20,block9.W2,14,16,2.592284917831421,2.5896079540252686,0.0026769638061523438
initial,20,block9.W2,15,16,2.7131733894348145,2.707458972930908,0.00571441650390625
initial,20,block9.W2,16,16,2.616218090057373,2.6034843921661377,0.012733697891235352
initial,20,block9.W2,17,16,2.7784485816955566,2.7760818004608154,0.002366781234741211
initial,20,block9.W2,18,16,2.8515610694885254,2.85683536529541,0.005274295806884766
initial,20,block9.W2,19,16,2.559919595718384,2.5586655139923096,0.0012540817260742188
initial,20,block9.W2,20,16,2.6673946380615234,2.663175106048584,0.004219532012939453
initial,20,block9.W2,21,16,2.6189496517181396,2.6212823390960693,0.0023326873779296875
initial,20,block9.W2,22,16,2.755031108856201,2.75639009475708,0.0013589859008789062
initial,20,block9.W2,23,16,2.6862738132476807,2.6907529830932617,0.004479169845581055
initial,20,block9.W2,24,16,2.829555034637451,2.8332509994506836,0.003695964813232422
initial,20,block9.W2,25,16,2.5532877445220947,2.5504579544067383,0.0028297901153564453
initial,20,block9.W2,26,16,2.5562925338745117,2.562920570373535,0.0066280364990234375
initial,20,block9.W2,27,16,2.7102162837982178,2.706843376159668,0.0033729076385498047
initial,20,block9.W2,28,16,2.6831276416778564,2.6855709552764893,0.0024433135986328125
initial,20,block9.W2,29,16,2.7131712436676025,2.710279703140259,0.00289154052734375
initial,20,block9.W2,30,16,2.5999996662139893,2.596627950668335,0.003371715545654297
initial,20,block9.W2,31,16,2.6488571166992188,2.647704601287842,0.0011525154113769531
initial,20,block9.W2,32,16,2.570267677307129,2.571932315826416,0.0016646385192871094
initial,20,block9.W2,33,16,2.7761361598968506,2.7838099002838135,0.007673740386962891
initial,20,block9.W2,34,16,2.6403534412384033,2.6376705169677734,0.002682924270629883
initial,20,block9.W2,35,16,2.5193979740142822,2.5154716968536377,0.003926277160644531
initial,20,block9.W2,36,16,2.7351582050323486,2.738067150115967,0.002908945083618164
initial,20,block9.W2,37,16,2.670072317123413,2.6802353858947754,0.010163068771362305
initial,20,block9.W2,38,16,2.7139172554016113,2.710304021835327,0.0036132335662841797
initial,20,block9.W2,39,16,2.8075757026672363,2.8069205284118652,0.0006551742553710938
initial,20,block9.W2,40,16,2.701267957687378,2.7021095752716064,0.0008416175842285156
initial,20,block9.W2,41,16,2.67248797416687,2.677981376647949,0.0054934024810791016
initial,20,block9.W2,42,16,2.7024967670440674,2.7041401863098145,0.0016434192657470703
initial,20,block9.W2,43,16,2.7347896099090576,2.739386796951294,0.004597187042236328
initial,20,block9.W2,44,16,2.7956018447875977,2.7855448722839355,0.01005697250366211
initial,20,block9.W2,45,16,2.62673282623291,2.6209194660186768,0.0058133602142333984
initial,20,block9.W2,46,16,2.766761302947998,2.766890048980713,0.00012874603271484375
initial,20,block9.W2,47,16,2.6133615970611572,2.6108953952789307,0.0024662017822265625
initial,20,block9.W2,48,16,2.607515573501587,2.6121163368225098,0.0046007633209228516
initial,20,block9.W2,49,16,2.8345391750335693,2.8357250690460205,0.0011858940124511719
initial,20,block9.W2,50,16,2.6171183586120605,2.610724925994873,0.0063934326171875
initial,20,block9.W2,51,16,2.6762237548828125,2.680135726928711,0.0039119720458984375
initial,20,block9.W2,52,16,2.592458486557007,2.589664936065674,0.002793550491333008
initial,20,block9.W2,53,16,2.548194646835327,2.549760341644287,0.001565694808959961
initial,20,block9.W2,54,16,2.62727427482605,2.632139205932617,0.004864931106567383
initial,20,block9.W2,55,16,2.50567626953125,2.505582571029663,9.369850158691406e-05
initial,20,block9.W2,56,16,2.6286730766296387,2.6283438205718994,0.0003292560577392578
initial,20,block9.W2,57,16,2.6573305130004883,2.659841537475586,0.0025110244750976562
initial,20,block9.W2,58,16,2.5982158184051514,2.6000399589538574,0.0018241405487060547
initial,20,block9.W2,59,16,2.6437129974365234,2.6409106254577637,0.0028023719787597656
initial,20,block9.W2,60,16,2.6632463932037354,2.6647565364837646,0.0015101432800292969
initial,20,block9.W2,61,16,2.709712266921997,2.7079625129699707,0.0017497539520263672
initial,20,block9.W2,62,16,2.6665687561035156,2.666649580001831,8.082389831542969e-05
initial,20,block9.W2,63,16,2.6537327766418457,2.6557817459106445,0.002048969268798828
initial,21,block10.W1,0,16,2.628448486328125,2.6278655529022217,0.0005829334259033203
initial,21,block10.W1,1,16,2.6799893379211426,2.6774399280548096,0.002549409866333008
initial,21,block10.W1,2,16,2.6126444339752197,2.6145431995391846,0.0018987655639648438
initial,21,block10.W1,3,16,2.688563823699951,2.6879870891571045,0.0005767345428466797
initial,21,block10.W1,4,16,2.7113306522369385,2.7040510177612305,0.007279634475708008
initial,21,block10.W1,5,16,2.6792824268341064,2.6832618713378906,0.00397944450378418
initial,21,block10.W1,6,16,2.5329742431640625,2.532735586166382,0.00023865699768066406
initial,21,block10.W1,7,16,2.661353349685669,2.660675048828125,0.0006783008575439453
initial,21,block10.W1,8,16,2.6252028942108154,2.622490644454956,0.002712249755859375
initial,21,block10.W1,9,16,2.6804144382476807,2.678102731704712,0.00231170654296875
initial,21,block10.W1,10,16,2.6088902950286865,2.6090235710144043,0.00013327598571777344
initial,21,block10.W1,11,16,2.697237253189087,2.696110963821411,0.0011262893676757812
initial,21,block10.W1,12,16,2.5813753604888916,2.5775394439697266,0.003835916519165039
initial,21,block10.W1,13,16,2.595142126083374,2.6015071868896484,0.006365060806274414
initial,21,block10.W1,14,16,2.7826788425445557,2.780466318130493,0.0022125244140625
initial,21,block10.W1,15,16,2.614949941635132,2.6127431392669678,0.0022068023681640625
initial,21,block10.W1,16,16,2.808816909790039,2.810512065887451,0.0016951560974121094
initial,21,block10.W1,17,16,2.6718780994415283,2.676828622817993,0.004950523376464844
initial,21,block10.W1,18,16,2.6435811519622803,2.6472606658935547,0.003679513931274414
initial,21,block10.W1,19,16,2.663360357284546,2.6673049926757812,0.0039446353912353516
initial,21,block10.W1,20,16,2.7546608448028564,2.7497215270996094,0.00493931770324707
initial,21,block10.W1,21,16,2.766826629638672,2.763737916946411,0.003088712692260742
initial,21,block10.W1,22,16,2.6227657794952393,2.62282657623291,6.079673767089844e-05
initial,21,block10.W1,23,16,2.624772548675537,2.6251559257507324,0.0003833770751953125
initial,21,block10.W1,24,16,2.704237222671509,2.7065110206604004,0.0022737979888916016
initial,21,block10.W1,25,16,2.7336952686309814,2.7413930892944336,0.0076978206634521484
initial,21,block10.W1,26,16,2.790424108505249,2.7877938747406006,0.0026302337646484375
initial,21,block10.W1,27,16,2.6894755363464355,2.692885160446167,0.0034096240997314453
initial,21,block10.W1,28,16,2.6665961742401123,2.6556050777435303,0.010991096496582031
initial,21,block10.W1,29,16,2.753188371658325,2.749907970428467,0.0032804012298583984
initial,21,block10.W1,30,16,2.625858783721924,2.6245596408843994,0.001299142837524414
initial,21,block10.W1,31,16,2.5969393253326416,2.5973167419433594,0.00037741661071777344
initial,21,block10.W1,32,16,2.627309560775757,2.6260437965393066,0.0012657642364501953
initial,21,block10.W1,33,16,2.644477605819702,2.646965503692627,0.0024878978729248047
initial,21,block10.W1,34,16,2.691559314727783,2.6932621002197266,0.0017027854919433594
initial,21,block10.W1,35,16,2.6935884952545166,2.6999363899230957,0.0063478946685791016
initial,21,block10.W1,36,16,2.751859188079834,2.756220817565918,0.004361629486083984
initial,21,block10.W1,37,16,2.588606834411621,2.583893299102783,0.004713535308837891
initial,21,block10.W1,38,16,2.650940418243408,2.6476871967315674,0.0032532215118408203
initial,21,block10.W1,39,16,2.6443734169006348,2.644693613052368,0.00032019615173339844
initial,21,block10.W1,40,16,2.642836332321167,2.6460230350494385,0.0031867027282714844
initial,21,block10.W1,41,16,2.6333909034729004,2.634418487548828,0.0010275840759277344
initial,21,block10.W1,42,16,2.5348570346832275,2.532435417175293,0.0024216175079345703
initial,21,block10.W1,43,16,2.735682725906372,2.7353885173797607,0.0002942085266113281
initial,21,block10.W1,44,16,2.693549156188965,2.6891515254974365,0.00439763069152832
initial,21,block10.W1,45,16,2.606236219406128,2.6090195178985596,0.0027832984924316406
initial,21,block10.W1,46,16,2.6280651092529297,2.6286733150482178,0.0006082057952880859
initial,21,block10.W1,47,16,2.7152044773101807,2.714319944381714,0.0008845329284667969
initial,21,block10.W1,48,16,2.5799717903137207,2.588667631149292,0.008695840835571289
initial,21,block10.W1,49,16,2.643127918243408,2.6394875049591064,0.003640413284301758
initial,21,block10.W1,50,16,2.5679144859313965,2.5687129497528076,0.0007984638214111328
initial,21,block10.W1,51,16,2.754605293273926,2.757864236831665,0.003258943557739258
initial,21,block10.W1,52,16,2.648729085922241,2.6492419242858887,0.0005128383636474609
initial,21,block10.W1,53,16,2.7234268188476562,2.719431161880493,0.003995656967163086
initial,21,block10.W1,54,16,2.6018173694610596,2.6059577465057373,0.004140377044677734
initial,21,block10.W1,55,16,2.6485633850097656,2.6417930126190186,0.00677037239074707
initial,21,block10.W1,56,16,2.570843458175659,2.575920343399048,0.005076885223388672
initial,21,block10.W1,57,16,2.7119157314300537,2.715299129486084,0.0033833980560302734
initial,21,block10.W1,58,16,2.622936248779297,2.618351459503174,0.004584789276123047
initial,21,block10.W1,59,16,2.605663537979126,2.609347105026245,0.0036835670471191406
initial,21,block10.W1,60,16,2.6892240047454834,2.690223455429077,0.00099945068359375
initial,21,block10.W1,61,16,2.6791598796844482,2.6784121990203857,0.0007476806640625
initial,21,block10.W1,62,16,2.617143154144287,2.6145992279052734,0.002543926239013672
initial,21,block10.W1,63,16,2.6780312061309814,2.6867408752441406,0.00870966911315918
initial,22,block10.W2,0,16,2.647651433944702,2.650148868560791,0.002497434616088867
initial,22,block10.W2,1,16,2.6919052600860596,2.6937782764434814,0.001873016357421875
initial,22,block10.W2,2,16,2.6125760078430176,2.6127569675445557,0.00018095970153808594
initial,22,block10.W2,3,16,2.596200704574585,2.5876266956329346,0.00857400894165039
initial,22,block10.W2,4,16,2.763503074645996,2.7604994773864746,0.0030035972595214844
initial,22,block10.W2,5,16,2.6136066913604736,2.611954927444458,0.001651763916015625
initial,22,block10.W2,6,16,2.5565714836120605,2.5543019771575928,0.0022695064544677734
initial,22,block10.W2,7,16,2.6432383060455322,2.6427743434906006,0.0004639625549316406
initial,22,block10.W2,8,16,2.6942527294158936,2.6955301761627197,0.0012774467468261719
initial,22,block10.W2,9,16,2.7694971561431885,2.7667737007141113,0.0027234554290771484
initial,22,block10.W2,10,16,2.6696035861968994,2.6638383865356445,0.005765199661254883
initial,22,block10.W2,11,16,2.8147451877593994,2.815937042236328,0.001191854476928711
initial,22,block10.W2,12,16,2.712413787841797,2.712743043899536,0.0003292560577392578
initial,22,block10.W2,13,16,2.7303154468536377,2.7236242294311523,0.0066912174224853516
initial,22,block10.W2,14,16,2.7497262954711914,2.7476963996887207,0.002029895782470703
initial,22,block10.W2,15,16,2.586284637451172,2.580690622329712,0.005594015121459961
initial,22,block10.W2,16,16,2.6903040409088135,2.6907851696014404,0.0004811286926269531
initial,22,block10.W2,17,16,2.666621208190918,2.668414831161499,0.0017936229705810547
initial,22,block10.W2,18,16,2.6082022190093994,2.6074671745300293,0.0007350444793701172
initial,22,block10.W2,19,16,2.6530449390411377,2.654766082763672,0.0017211437225341797
initial,22,block10.W2,20,16,2.6436288356781006,2.643287181854248,0.00034165382385253906
initial,22,block10.W2,21,16,2.715249538421631,2.719616174697876,0.004366636276245117
initial,22,block10.W2,22,16,2.722466230392456,2.72268009185791,0.00021386146545410156
initial,22,block10.W2,23,16,2.5492420196533203,2.547344923019409,0.0018970966339111328
initial,22,block10.W2,24,16,2.577972412109375,2.581472158432007,0.003499746322631836
initial,22,block10.W2,25,16,2.6610372066497803,2.661048173904419,1.0967254638671875e-05
initial,22,block10.W2,26,16,2.5019371509552,2.4950356483459473,0.00690150260925293
initial,22,block10.W2,27,16,2.7611734867095947,2.7451839447021484,0.01598954200744629
initial,22,block10.W2,28,16,2.4774105548858643,2.4792466163635254,0.0018360614776611328
initial,22,block10.W2,29,16,2.7043135166168213,2.7033474445343018,0.0009660720825195312
initial,22,block10.W2,30,16,2.5931239128112793,2.5881567001342773,0.004967212677001953
initial,22,block10.W2,31,16,2.5665085315704346,2.563185691833496,0.0033228397369384766
initial,22,block10.W2,32,16,2.546436071395874,2.5457146167755127,0.0007214546203613281
initial,22,block10.W2,33,16,2.693671941757202,2.6927990913391113,0.0008728504180908203
initial,22,block10.W2,34,16,2.662752866744995,2.6655068397521973,0.0027539730072021484
initial,22,block10.W2,35,16,2.521771192550659,2.5216283798217773,0.00014281272888183594
initial,22,block10.W2,36,16,2.674583911895752,2.6734607219696045,0.001123189926147461
initial,22,block10.W2,37,16,2.6516213417053223,2.6490726470947266,0.002548694610595703
initial,22,block10.W2,38,16,2.6307551860809326,2.6299915313720703,0.0007636547088623047
initial,22,block10.W2,39,16,2.812669515609741,2.812401056289673,0.0002684593200683594
initial,22,block10.W2,40,16,2.6472814083099365,2.6413934230804443,0.0058879852294921875
initial,22,block10.W2,41,16,2.8049697875976562,2.818477153778076,0.013507366180419922
initial,22,block10.W2,42,16,2.5650527477264404,2.5648341178894043,0.0002186298370361328
initial,22,block10.W2,43,16,2.6743361949920654,2.6775739192962646,0.0032377243041992188
initial,22,block10.W2,44,16,2.567017078399658,2.565742254257202,0.0012748241424560547
initial,22,block10.W2,45,16,2.591245651245117,2.5913307666778564,8.511543273925781e-05
initial,22,block10.W2,46,16,2.819969892501831,2.8180670738220215,0.0019028186798095703
initial,22,block10.W2,47,16,2.6613636016845703,2.6612603664398193,0.00010323524475097656
initial,22,block10.W2,48,16,2.6155636310577393,2.621281147003174,0.00571751594543457
initial,22,block10.W2,49,16,2.6085166931152344,2.6030917167663574,0.005424976348876953
initial,22,block10.W2,50,16,2.6490724086761475,2.649540424346924,0.0004680156707763672
initial,22,block10.W2,51,16,2.763930559158325,2.7705001831054688,0.006569623947143555
initial,22,block10.W2,52,16,2.5734078884124756,2.574307441711426,0.0008995532989501953
initial,22,block10.W2,53,16,2.5040993690490723,2.5059850215911865,0.0018856525421142578
initial,22,block10.W2,54,16,2.687830924987793,2.67830753326416,0.009523391723632812
initial,22,block10.W2,55,16,2.5372371673583984,2.5401272773742676,0.0028901100158691406
initial,22,block10.W2,56,16,2.6981091499328613,2.704144239425659,0.0060350894927978516
initial,22,block10.W2,57,16,2.559384346008301,2.5538787841796875,0.005505561828613281
initial,22,block10.W2,58,16,2.7384603023529053,2.740734338760376,0.002274036407470703
initial,22,block10.W2,59,16,2.7365777492523193,2.7376420497894287,0.001064300537109375
initial,22,block10.W2,60,16,2.6776771545410156,2.6745688915252686,0.0031082630157470703
initial,22,block10.W2,61,16,2.624642848968506,2.625037431716919,0.00039458274841308594
initial,22,block10.W2,62,16,2.625753879547119,2.621805191040039,0.003948688507080078
initial,22,block10.W2,63,16,2.707752227783203,2.7104742527008057,0.002722024917602539
initial,23,block11.W1,0,16,2.624161720275879,2.6238064765930176,0.0003552436828613281
initial,23,block11.W1,1,16,2.6558034420013428,2.6523022651672363,0.0035011768341064453
initial,23,block11.W1,2,16,2.677471160888672,2.680527687072754,0.0030565261840820312
initial,23,block11.W1,3,16,2.5685617923736572,2.572972297668457,0.004410505294799805
initial,23,block11.W1,4,16,2.5784783363342285,2.574458360671997,0.004019975662231445
initial,23,block11.W1,5,16,2.663513660430908,2.6685564517974854,0.0050427913665771484
initial,23,block11.W1,6,16,2.6305387020111084,2.6305625438690186,2.384185791015625e-05
initial,23,block11.W1,7,16,2.7457072734832764,2.7475130558013916,0.0018057823181152344
initial,23,block11.W1,8,16,2.669189929962158,2.671705961227417,0.002516031265258789
initial,23,block11.W1,9,16,2.6696603298187256,2.6632862091064453,0.0063741207122802734
initial,23,block11.W1,10,16,2.6084225177764893,2.6112709045410156,0.002848386764526367
initial,23,block11.W1,11,16,2.7581593990325928,2.752079725265503,0.006079673767089844
initial,23,block11.W1,12,16,2.608417272567749,2.6089119911193848,0.0004947185516357422
initial,23,block11.W1,13,16,2.5174853801727295,2.524965524673462,0.007480144500732422
initial,23,block11.W1,14,16,2.634234666824341,2.6324214935302734,0.0018131732940673828
initial,23,block11.W1,15,16,2.658794641494751,2.656609296798706,0.002185344696044922
initial,23,block11.W1,16,16,2.6443982124328613,2.644681930541992,0.0002837181091308594
initial,23,block11.W1,17,16,2.6910929679870605,2.6864492893218994,0.004643678665161133
initial,23,block11.W1,18,16,2.656639575958252,2.6562442779541016,0.0003952980041503906
initial,23,block11.W1,19,16,2.646709680557251,2.6454529762268066,0.001256704330444336
initial,23,block11.W1,20,16,2.577568292617798,2.5818161964416504,0.004247903823852539
initial,23,block11.W1,21,16,2.7741057872772217,2.7765817642211914,0.0024759769439697266
initial,23,block11.W1,22,16,2.679466724395752,2.679941415786743,0.00047469139099121094
initial,23,block11.W1,23,16,2.74186635017395,2.7327890396118164,0.009077310562133789
initial,23,block11.W1,24,16,2.693392276763916,2.6977577209472656,0.004365444183349609
initial,23,block11.W1,25,16,2.7801125049591064,2.7842984199523926,0.004185914993286133
initial,23,block11.W1,26,16,2.67067813873291,2.6680908203125,0.0025873184204101562
initial,23,block11.W1,27,16,2.5975213050842285,2.598923444747925,0.001402139663696289
initial,23,block11.W1,28,16,2.8492653369903564,2.8535611629486084,0.004295825958251953
initial,23,block11.W1,29,16,2.5430686473846436,2.541093349456787,0.0019752979278564453
initial,23,block11.W1,30,16,2.7808377742767334,2.775808334350586,0.005029439926147461
initial,23,block11.W1,31,16,2.5551247596740723,2.5516626834869385,0.003462076187133789
initial,23,block11.W1,32,16,2.648205280303955,2.649787187576294,0.0015819072723388672
initial,23,block11.W1,33,16,2.558246374130249,2.5663416385650635,0.008095264434814453
initial,23,block11.W1,34,16,2.651355028152466,2.6451892852783203,0.006165742874145508
initial,23,block11.W1,35,16,2.6825454235076904,2.684152603149414,0.0016071796417236328
initial,23,block11.W1,36,16,2.562528610229492,2.5694477558135986,0.006919145584106445
initial,23,block11.W1,37,16,2.7339766025543213,2.735490560531616,0.0015139579772949219
initial,23,block11.W1,38,16,2.6961264610290527,2.6955299377441406,0.0005965232849121094
initial,23,block11.W1,39,16,2.568544864654541,2.5690197944641113,0.0004749298095703125
initial,23,block11.W1,40,16,2.590329170227051,2.5965797901153564,0.006250619888305664
initial,23,block11.W1,41,16,2.687309741973877,2.6906373500823975,0.003327608108520508
initial,23,block11.W1,42,16,2.6061840057373047,2.602526903152466,0.003657102584838867
initial,23,block11.W1,43,16,2.6382124423980713,2.634784460067749,0.0034279823303222656
initial,23,block11.W1,44,16,2.7546889781951904,2.75586199760437,0.0011730194091796875
initial,23,block11.W1,45,16,2.6638433933258057,2.662132978439331,0.0017104148864746094
initial,23,block11.W1,46,16,2.6961514949798584,2.6943905353546143,0.0017609596252441406
initial,23,block11.W1,47,16,2.8143582344055176,2.816089153289795,0.0017309188842773438
initial,23,block11.W1,48,16,2.5376806259155273,2.5385775566101074,0.0008969306945800781
initial,23,block11.W1,49,16,2.6475462913513184,2.6488471031188965,0.001300811767578125
initial,23,block11.W1,50,16,2.5521161556243896,2.5490992069244385,0.003016948699951172
initial,23,block11.W1,51,16,2.6661925315856934,2.667419195175171,0.001226663589477539
initial,23,block11.W1,52,16,2.7088675498962402,2.710087299346924,0.0012197494506835938
initial,23,block11.W1,53,16,2.6710052490234375,2.6705758571624756,0.00042939186096191406
initial,23,block11.W1,54,16,2.676969051361084,2.673480987548828,0.0034880638122558594
initial,23,block11.W1,55,16,2.6589128971099854,2.656801462173462,0.0021114349365234375
initial,23,block11.W1,56,16,2.59875750541687,2.5990653038024902,0.0003077983856201172
initial,23,block11.W1,57,16,2.652012348175049,2.6500489711761475,0.001963376998901367
initial,23,block11.W1,58,16,2.6801295280456543,2.680110454559326,1.9073486328125e-05
initial,23,block11.W1,59,16,2.6302247047424316,2.6390340328216553,0.008809328079223633
initial,23,block11.W1,60,16,2.6026320457458496,2.6031579971313477,0.0005259513854980469
initial,23,block11.W1,61,16,2.660987377166748,2.662890672683716,0.0019032955169677734
initial,23,block11.W1,62,16,2.773684501647949,2.7749037742614746,0.0012192726135253906
initial,23,block11.W1,63,16,2.66770339012146,2.666699171066284,0.0010042190551757812
initial,24,block11.W2,0,16,2.6967926025390625,2.6979658603668213,0.001173257827758789
initial,24,block11.W2,1,16,2.6889007091522217,2.6839959621429443,0.004904747009277344
initial,24,block11.W2,2,16,2.684659957885742,2.684889316558838,0.00022935867309570312
initial,24,block11.W2,3,16,2.8273093700408936,2.820185661315918,0.007123708724975586
initial,24,block11.W2,4,16,2.7137866020202637,2.7131967544555664,0.0005898475646972656
initial,24,block11.W2,5,16,2.707504987716675,2.7058043479919434,0.0017006397247314453
initial,24,block11.W2,6,16,2.7497222423553467,2.7459802627563477,0.0037419795989990234
initial,24,block11.W2,7,16,2.6484954357147217,2.650050163269043,0.001554727554321289
initial,24,block11.W2,8,16,2.6534152030944824,2.6508498191833496,0.0025653839111328125
initial,24,block11.W2,9,16,2.615441083908081,2.6171348094940186,0.0016937255859375
initial,24,block11.W2,10,16,2.673950433731079,2.6764461994171143,0.0024957656860351562
initial,24,block11.W2,11,16,2.7044756412506104,2.703627586364746,0.0008480548858642578
initial,24,block11.W2,12,16,2.6703579425811768,2.6683766841888428,0.0019812583923339844
initial,24,block11.W2,13,16,2.6384263038635254,2.6410880088806152,0.0026617050170898438
initial,24,block11.W2,14,16,2.5261027812957764,2.5205330848693848,0.0055696964263916016
initial,24,block11.W2,15,16,2.676483631134033,2.672236680984497,0.004246950149536133
initial,24,block11.W2,16,16,2.6553773880004883,2.652418851852417,0.002958536148071289
initial,24,block11.W2,17,16,2.6736998558044434,2.673844814300537,0.00014495849609375
initial,24,block11.W2,18,16,2.670466184616089,2.6747007369995117,0.0042345523834228516
initial,24,block11.W2,19,16,2.740840435028076,2.740417957305908,0.00042247772216796875
initial,24,block11.W2,20,16,2.6487152576446533,2.6517415046691895,0.003026247024536133
initial,24,block11.W2,21,16,2.548487901687622,2.549482822418213,0.0009949207305908203
initial,24,block11.W2,22,16,2.6857781410217285,2.6866774559020996,0.0008993148803710938
initial,24,block11.W2,23,16,2.6732218265533447,2.6721203327178955,0.0011014938354492188
initial,24,block11.W2,24,16,2.7619197368621826,2.768604040145874,0.006684303283691406
initial,24,block11.W2,25,16,2.63861083984375,2.6412079334259033,0.0025970935821533203
initial,24,block11.W2,26,16,2.7706990242004395,2.77173113822937,0.001032114028930664
initial,24,block11.W2,27,16,2.5927622318267822,2.5925400257110596,0.00022220611572265625
initial,24,block11.W2,28,16,2.644509792327881,2.6464200019836426,0.0019102096557617188
initial,24,block11.W2,29,16,2.602952480316162,2.606203079223633,0.003250598907470703
initial,24,block11.W2,30,16,2.6944849491119385,2.694276809692383,0.00020813941955566406
initial,24,block11.W2,31,16,2.630133628845215,2.6225640773773193,0.007569551467895508
initial,24,block11.W2,32,16,2.5032122135162354,2.5017850399017334,0.0014271736145019531
initial,24,block11.W2,33,16,2.657320976257324,2.6553139686584473,0.002007007598876953
initial,24,block11.W2,34,16,2.70802903175354,2.708348274230957,0.0003192424774169922
initial,24,block11.W2,35,16,2.6726462841033936,2.679715156555176,0.0070688724517822266
initial,24,block11.W2,36,16,2.6998398303985596,2.700798749923706,0.0009589195251464844
initial,24,block11.W2,37,16,2.712611436843872,2.7130539417266846,0.0004425048828125
initial,24,block11.W2,38,16,2.7601375579833984,2.7661821842193604,0.006044626235961914
initial,24,block11.W2,39,16,2.609692096710205,2.607588768005371,0.0021033287048339844
initial,24,block11.W2,40,16,2.7007076740264893,2.703946352005005,0.003238677978515625
initial,24,block11.W2,41,16,2.5873758792877197,2.59028697013855,0.002911090850830078
initial,24,block11.W2,42,16,2.7167906761169434,2.7182765007019043,0.0014858245849609375
initial,24,block11.W2,43,16,2.692959785461426,2.6915910243988037,0.0013687610626220703
initial,24,block11.W2,44,16,2.652406692504883,2.6496546268463135,0.002752065658569336
initial,24,block11.W2,45,16,2.7486793994903564,2.742426633834839,0.006252765655517578
initial,24,block11.W2,46,16,2.53853440284729,2.5453009605407715,0.006766557693481445
initial,24,block11.W2,47,16,2.6996681690216064,2.699230909347534,0.0004372596740722656
initial,24,block11.W2,48,16,2.7047929763793945,2.7065446376800537,0.0017516613006591797
initial,24,block11.W2,49,16,2.7852351665496826,2.782971143722534,0.0022640228271484375
initial,24,block11.W2,50,16,2.726038694381714,2.7234904766082764,0.0025482177734375
initial,24,block11.W2,51,16,2.654949426651001,2.6603267192840576,0.005377292633056641
initial,24,block11.W2,52,16,2.777616024017334,2.780822515487671,0.003206491470336914
initial,24,block11.W2,53,16,2.6190664768218994,2.614086389541626,0.0049800872802734375
initial,24,block11.W2,54,16,2.6115663051605225,2.612208604812622,0.0006422996520996094
initial,24,block11.W2,55,16,2.653604030609131,2.6544582843780518,0.0008542537689208984
initial,24,block11.W2,56,16,2.8070342540740967,2.8066811561584473,0.00035309791564941406
initial,24,block11.W2,57,16,2.736922264099121,2.7433934211730957,0.006471157073974609
initial,24,block11.W2,58,16,2.5774190425872803,2.577028512954712,0.0003905296325683594
initial,24,block11.W2,59,16,2.7903811931610107,2.786992073059082,0.003389120101928711
initial,24,block11.W2,60,16,2.5649526119232178,2.5657434463500977,0.0007908344268798828
initial,24,block11.W2,61,16,2.8014612197875977,2.8077876567840576,0.006326436996459961
initial,24,block11.W2,62,16,2.665114641189575,2.663893461227417,0.0012211799621582031
initial,24,block11.W2,63,16,2.9199745655059814,2.9245107173919678,0.004536151885986328
initial,25,block12.W1,0,16,2.676414728164673,2.6745712757110596,0.0018434524536132812
initial,25,block12.W1,1,16,2.6101531982421875,2.6034672260284424,0.006685972213745117
initial,25,block12.W1,2,16,2.6431214809417725,2.6503005027770996,0.0071790218353271484
initial,25,block12.W1,3,16,2.658308506011963,2.658554792404175,0.00024628639221191406
initial,25,block12.W1,4,16,2.580101251602173,2.582716703414917,0.0026154518127441406
initial,25,block12.W1,5,16,2.843074321746826,2.841918468475342,0.001155853271484375
initial,25,block12.W1,6,16,2.613665819168091,2.6142728328704834,0.0006070137023925781
initial,25,block12.W1,7,16,2.562687635421753,2.56145977973938,0.0012278556823730469
initial,25,block12.W1,8,16,2.6823232173919678,2.6747419834136963,0.007581233978271484
initial,25,block12.W1,9,16,2.7944700717926025,2.792820692062378,0.0016493797302246094
initial,25,block12.W1,10,16,2.617079973220825,2.6206555366516113,0.003575563430786133
initial,25,block12.W1,11,16,2.6587772369384766,2.6550540924072266,0.00372314453125
initial,25,block12.W1,12,16,2.6870477199554443,2.6855685710906982,0.0014791488647460938
initial,25,block12.W1,13,16,2.5755317211151123,2.5760393142700195,0.0005075931549072266
initial,25,block12.W1,14,16,2.781339406967163,2.786141872406006,0.0048024654388427734
initial,25,block12.W1,15,16,2.7938361167907715,2.7945542335510254,0.0007181167602539062
initial,25,block12.W1,16,16,2.7691874504089355,2.7710118293762207,0.0018243789672851562
initial,25,block12.W1,17,16,2.66416072845459,2.6649351119995117,0.000774383544921875
initial,25,block12.W1,18,16,2.600956439971924,2.6051483154296875,0.004191875457763672
initial,25,block12.W1,19,16,2.6561386585235596,2.655214309692383,0.0009243488311767578
initial,25,block12.W1,20,16,2.787532329559326,2.7851884365081787,0.002343893051147461
initial,25,block12.W1,21,16,2.661130905151367,2.6585614681243896,0.002569437026977539
initial,25,block12.W1,22,16,2.729642629623413,2.7334237098693848,0.0037810802459716797
initial,25,block12.W1,23,16,2.709059000015259,2.710984230041504,0.0019252300262451172
initial,25,block12.W1,24,16,2.666411876678467,2.6705358028411865,0.0041239261627197266
initial,25,block12.W1,25,16,2.613490581512451,2.6071908473968506,0.006299734115600586
initial,25,block12.W1,26,16,2.657240390777588,2.6611251831054688,0.0038847923278808594
initial,25,block12.W1,27,16,2.6284196376800537,2.6261496543884277,0.0022699832916259766
initial,25,block12.W1,28,16,2.6121277809143066,2.6097681522369385,0.002359628677368164
initial,25,block12.W1,29,16,2.7394402027130127,2.7401671409606934,0.0007269382476806641
initial,25,block12.W1,30,16,2.6705315113067627,2.6731884479522705,0.0026569366455078125
initial,25,block12.W1,31,16,2.7056808471679688,2.710268259048462,0.004587411880493164
initial,25,block12.W1,32,16,2.707058906555176,2.7118537425994873,0.0047948360443115234
initial,25,block12.W1,33,16,2.659710645675659,2.657085418701172,0.0026252269744873047
initial,25,block12.W1,34,16,2.7450575828552246,2.7369987964630127,0.008058786392211914
initial,25,block12.W1,35,16,2.711686611175537,2.7132582664489746,0.0015716552734375
initial,25,block12.W1,36,16,2.6583611965179443,2.654895782470703,0.003465414047241211
initial,25,block12.W1,37,16,2.7478113174438477,2.743528366088867,0.004282951354980469
initial,25,block12.W1,38,16,2.7470855712890625,2.748090982437134,0.001005411148071289
initial,25,block12.W1,39,16,2.705066442489624,2.7047789096832275,0.0002875328063964844
initial,25,block12.W1,40,16,2.6491897106170654,2.6526882648468018,0.003498554229736328
initial,25,block12.W1,41,16,2.63272762298584,2.634859561920166,0.002131938934326172
initial,25,block12.W1,42,16,2.6696505546569824,2.6739776134490967,0.004327058792114258
initial,25,block12.W1,43,16,2.684715509414673,2.6818816661834717,0.002833843231201172
initial,25,block12.W1,44,16,2.50413179397583,2.506544351577759,0.002412557601928711
initial,25,block12.W1,45,16,2.7028563022613525,2.7028725147247314,1.621246337890625e-05
initial,25,block12.W1,46,16,2.674978494644165,2.6826343536376953,0.0076558589935302734
initial,25,block12.W1,47,16,2.697301149368286,2.697880983352661,0.000579833984375
initial,25,block12.W1,48,16,2.657092809677124,2.6550259590148926,0.0020668506622314453
initial,25,block12.W1,49,16,2.7474920749664307,2.7577297687530518,0.010237693786621094
initial,25,block12.W1,50,16,2.5911142826080322,2.592155933380127,0.0010416507720947266
initial,25,block12.W1,51,16,2.68229603767395,2.682706356048584,0.00041031837463378906
initial,25,block12.W1,52,16,2.7278401851654053,2.731649875640869,0.003809690475463867
initial,25,block12.W1,53,16,2.5849525928497314,2.5828514099121094,0.0021011829376220703
initial,25,block12.W1,54,16,2.7137231826782227,2.7157533168792725,0.0020301342010498047
initial,25,block12.W1,55,16,2.6657309532165527,2.6657731533050537,4.220008850097656e-05
initial,25,block12.W1,56,16,2.6391549110412598,2.6316373348236084,0.007517576217651367
initial,25,block12.W1,57,16,2.760622978210449,2.7707557678222656,0.010132789611816406
initial,25,block12.W1,58,16,2.619748830795288,2.6166088581085205,0.003139972686767578
initial,25,block12.W1,59,16,2.6223554611206055,2.6262366771698,0.003881216049194336
initial,25,block12.W1,60,16,2.7170510292053223,2.7187929153442383,0.0017418861389160156
initial,25,block12.W1,61,16,2.784269094467163,2.780419111251831,0.0038499832153320312
initial,25,block12.W1,62,16,2.6440722942352295,2.6525392532348633,0.008466958999633789
initial,25,block12.W1,63,16,2.718017816543579,2.720825433731079,0.0028076171875
initial,26,block12.W2,0,16,2.638078212738037,2.640530824661255,0.0024526119232177734
initial,26,block12.W2,1,16,2.7192931175231934,2.7163748741149902,0.002918243408203125
initial,26,block12.W2,2,16,2.6033852100372314,2.6010711193084717,0.0023140907287597656
initial,26,block12.W2,3,16,2.6928298473358154,2.689995765686035,0.0028340816497802734
initial,26,block12.W2,4,16,2.573636770248413,2.5740742683410645,0.0004374980926513672
initial,26,block12.W2,5,16,2.543046712875366,2.5450973510742188,0.002050638198852539
initial,26,block12.W2,6,16,2.474527359008789,2.4741997718811035,0.0003275871276855469
initial,26,block12.W2,7,16,2.6198461055755615,2.616117000579834,0.003729104995727539
initial,26,block12.W2,8,16,2.6515064239501953,2.6524312496185303,0.0009248256683349609
initial,26,block12.W2,9,16,2.6100313663482666,2.6136672496795654,0.003635883331298828
initial,26,block12.W2,10,16,2.6195645332336426,2.618732213973999,0.0008323192596435547
initial,26,block12.W2,11,16,2.696030378341675,2.6958351135253906,0.0001952648162841797
initial,26,block12.W2,12,16,2.5891594886779785,2.5892326831817627,7.319450378417969e-05
initial,26,block12.W2,13,16,2.7378244400024414,2.7339048385620117,0.0039196014404296875
initial,26,block12.W2,14,16,2.6951327323913574,2.7003397941589355,0.005207061767578125
initial,26,block12.W2,15,16,2.653257369995117,2.652944326400757,0.00031304359436035156
initial,26,block12.W2,16,16,2.721409797668457,2.7267627716064453,0.005352973937988281
initial,26,block12.W2,17,16,2.5600013732910156,2.562636137008667,0.002634763717651367
initial,26,block12.W2,18,16,2.6291422843933105,2.630493640899658,0.0013513565063476562
initial,26,block12.W2,19,16,2.6067705154418945,2.609490156173706,0.0027196407318115234
initial,26,block12.W2,20,16,2.676706314086914,2.6813199520111084,0.004613637924194336
initial,26,block12.W2,21,16,2.6440560817718506,2.6441595554351807,0.00010347366333007812
initial,26,block12.W2,22,16,2.7632036209106445,2.766993522644043,0.0037899017333984375
initial,26,block12.W2,23,16,2.6528165340423584,2.648632049560547,0.0041844844818115234
initial,26,block12.W2,24,16,2.6048333644866943,2.6059768199920654,0.0011434555053710938
initial,26,block12.W2,25,16,2.7012131214141846,2.700540065765381,0.0006730556488037109
initial,26,block12.W2,26,16,2.6032893657684326,2.601362466812134,0.0019268989562988281
initial,26,block12.W2,27,16,2.7183475494384766,2.717869758605957,0.00047779083251953125
initial,26,block12.W2,28,16,2.62967848777771,2.629089593887329,0.0005888938903808594
initial,26,block12.W2,29,16,2.5997660160064697,2.5963594913482666,0.003406524658203125
initial,26,block12.W2,30,16,2.8264496326446533,2.8262970447540283,0.000152587890625
initial,26,block12.W2,31,16,2.520580291748047,2.5209708213806152,0.0003905296325683594
initial,26,block12.W2,32,16,2.604625940322876,2.6085214614868164,0.0038955211639404297
initial,26,block12.W2,33,16,2.6649017333984375,2.667478322982788,0.002576589584350586
initial,26,block12.W2,34,16,2.783606767654419,2.7894296646118164,0.005822896957397461
initial,26,block12.W2,35,16,2.625171422958374,2.6232120990753174,0.0019593238830566406
initial,26,block12.W2,36,16,2.6470348834991455,2.644357681274414,0.0026772022247314453
initial,26,block12.W2,37,16,2.6815176010131836,2.6877622604370117,0.006244659423828125
initial,26,block12.W2,38,16,2.7010271549224854,2.6968770027160645,0.0041501522064208984
initial,26,block12.W2,39,16,2.8496758937835693,2.84672474861145,0.0029511451721191406
initial,26,block12.W2,40,16,2.5351805686950684,2.5311949253082275,0.00398564338684082
initial,26,block12.W2,41,16,2.5884909629821777,2.584540843963623,0.0039501190185546875
initial,26,block12.W2,42,16,2.7300713062286377,2.7175519466400146,0.012519359588623047
initial,26,block12.W2,43,16,2.7213993072509766,2.725121259689331,0.003721952438354492
initial,26,block12.W2,44,16,2.6998350620269775,2.691934823989868,0.007900238037109375
initial,26,block12.W2,45,16,2.6547741889953613,2.6562516689300537,0.0014774799346923828
initial,26,block12.W2,46,16,2.757641553878784,2.761029005050659,0.003387451171875
initial,26,block12.W2,47,16,2.701415538787842,2.704406499862671,0.0029909610748291016
initial,26,block12.W2,48,16,2.608154773712158,2.608738899230957,0.0005841255187988281
initial,26,block12.W2,49,16,2.6698787212371826,2.6651785373687744,0.004700183868408203
initial,26,block12.W2,50,16,2.691361904144287,2.6960833072662354,0.004721403121948242
initial,26,block12.W2,51,16,2.684326410293579,2.6879477500915527,0.003621339797973633
initial,26,block12.W2,52,16,2.611097812652588,2.6148247718811035,0.003726959228515625
initial,26,block12.W2,53,16,2.663501501083374,2.6581573486328125,0.0053441524505615234
initial,26,block12.W2,54,16,2.7132534980773926,2.7176079750061035,0.0043544769287109375
initial,26,block12.W2,55,16,2.768075466156006,2.766726493835449,0.0013489723205566406
initial,26,block12.W2,56,16,2.747028112411499,2.7491073608398438,0.0020792484283447266
initial,26,block12.W2,57,16,2.666477918624878,2.665224075317383,0.0012538433074951172
initial,26,block12.W2,58,16,2.5610625743865967,2.564272165298462,0.0032095909118652344
initial,26,block12.W2,59,16,2.599630355834961,2.597780227661133,0.001850128173828125
initial,26,block12.W2,60,16,2.5827982425689697,2.5808932781219482,0.0019049644470214844
initial,26,block12.W2,61,16,2.6276602745056152,2.6244962215423584,0.003164052963256836
initial,26,block12.W2,62,16,2.6081855297088623,2.6095879077911377,0.0014023780822753906
initial,26,block12.W2,63,16,2.584967851638794,2.583172559738159,0.0017952919006347656
initial,27,block13.W1,0,16,2.650134325027466,2.6498637199401855,0.00027060508728027344
initial,27,block13.W1,1,16,2.7560768127441406,2.758227586746216,0.0021507740020751953
initial,27,block13.W1,2,16,2.6621251106262207,2.6610193252563477,0.0011057853698730469
initial,27,block13.W1,3,16,2.688102960586548,2.6887409687042236,0.0006380081176757812
initial,27,block13.W1,4,16,2.7510244846343994,2.7459824085235596,0.005042076110839844
initial,27,block13.W1,5,16,2.6524317264556885,2.6572017669677734,0.004770040512084961
initial,27,block13.W1,6,16,2.5812015533447266,2.581454277038574,0.00025272369384765625
initial,27,block13.W1,7,16,2.55025577545166,2.5537970066070557,0.003541231155395508
initial,27,block13.W1,8,16,2.754945993423462,2.7552852630615234,0.00033926963806152344
initial,27,block13.W1,9,16,2.5500481128692627,2.548063039779663,0.0019850730895996094
initial,27,block13.W1,10,16,2.6108155250549316,2.605828046798706,0.004987478256225586
initial,27,block13.W1,11,16,2.6562323570251465,2.6522457599639893,0.0039865970611572266
initial,27,block13.W1,12,16,2.6958658695220947,2.6892142295837402,0.006651639938354492
initial,27,block13.W1,13,16,2.6334433555603027,2.6315393447875977,0.0019040107727050781
initial,27,block13.W1,14,16,2.720926523208618,2.7233431339263916,0.0024166107177734375
initial,27,block13.W1,15,16,2.668358564376831,2.6669082641601562,0.0014503002166748047
initial,27,block13.W1,16,16,2.59985089302063,2.5995802879333496,0.00027060508728027344
initial,27,block13.W1,17,16,2.553028106689453,2.5553200244903564,0.0022919178009033203
initial,27,block13.W1,18,16,2.6403589248657227,2.645437002182007,0.00507807731628418
initial,27,block13.W1,19,16,2.672492504119873,2.6760177612304688,0.003525257110595703
initial,27,block13.W1,20,16,2.5670197010040283,2.5642266273498535,0.0027930736541748047
initial,27,block13.W1,21,16,2.6663975715637207,2.6623170375823975,0.004080533981323242
initial,27,block13.W1,22,16,2.7146711349487305,2.714367151260376,0.0003039836883544922
initial,27,block13.W1,23,16,2.625553607940674,2.625652551651001,9.894371032714844e-05
initial,27,block13.W1,24,16,2.5908796787261963,2.584972381591797,0.005907297134399414
initial,27,block13.W1,25,16,2.5505073070526123,2.5568323135375977,0.0063250064849853516
initial,27,block13.W1,26,16,2.7726457118988037,2.770956039428711,0.0016896724700927734
initial,27,block13.W1,27,16,2.606950521469116,2.5995609760284424,0.007389545440673828
initial,27,block13.W1,28,16,2.696587085723877,2.6963183879852295,0.00026869773864746094
initial,27,block13.W1,29,16,2.69724702835083,2.698535680770874,0.0012886524200439453
initial,27,block13.W1,30,16,2.529222011566162,2.5311710834503174,0.0019490718841552734
initial,27,block13.W1,31,16,2.7545199394226074,2.7563066482543945,0.0017867088317871094
initial,27,block13.W1,32,16,2.678220748901367,2.674128770828247,0.004091978073120117
initial,27,block13.W1,33,16,2.5893425941467285,2.5870442390441895,0.0022983551025390625
initial,27,block13.W1,34,16,2.557455539703369,2.555009365081787,0.0024461746215820312
initial,27,block13.W1,35,16,2.6992886066436768,2.7035703659057617,0.004281759262084961
initial,27,block13.W1,36,16,2.6052703857421875,2.5997164249420166,0.0055539608001708984
initial,27,block13.W1,37,16,2.64715313911438,2.6390631198883057,0.008090019226074219
initial,27,block13.W1,38,16,2.62119722366333,2.6230661869049072,0.0018689632415771484
initial,27,block13.W1,39,16,2.6119275093078613,2.611163854598999,0.0007636547088623047
initial,27,block13.W1,40,16,2.7580254077911377,2.7525603771209717,0.005465030670166016
initial,27,block13.W1,41,16,2.6927480697631836,2.6944732666015625,0.0017251968383789062
initial,27,block13.W1,42,16,2.8429067134857178,2.8453094959259033,0.002402782440185547
initial,27,block13.W1,43,16,2.5452628135681152,2.539504051208496,0.005758762359619141
initial,27,block13.W1,44,16,2.5743558406829834,2.5716371536254883,0.002718687057495117
initial,27,block13.W1,45,16,2.80826473236084,2.804046392440796,0.004218339920043945
initial,27,block13.W1,46,16,2.6353366374969482,2.638240337371826,0.0029036998748779297
initial,27,block13.W1,47,16,2.6293482780456543,2.6332364082336426,0.0038881301879882812
initial,27,block13.W1,48,16,2.5330288410186768,2.528994560241699,0.004034280776977539
initial,27,block13.W1,49,16,2.6603331565856934,2.655073404312134,0.00525975227355957
initial,27,block13.W1,50,16,2.52105712890625,2.5250277519226074,0.003970623016357422
initial,27,block13.W1,51,16,2.747544527053833,2.7417068481445312,0.005837678909301758
initial,27,block13.W1,52,16,2.767411470413208,2.7672340869903564,0.0001773834228515625
initial,27,block13.W1,53,16,2.654420852661133,2.6517891883850098,0.002631664276123047
initial,27,block13.W1,54,16,2.6894733905792236,2.692807912826538,0.003334522247314453
initial,27,block13.W1,55,16,2.5961573123931885,2.60005521774292,0.0038979053497314453
initial,27,block13.W1,56,16,2.683979034423828,2.6851282119750977,0.0011491775512695312
initial,27,block13.W1,57,16,2.7104995250701904,2.71140456199646,0.0009050369262695312
initial,27,block13.W1,58,16,2.561237335205078,2.561070442199707,0.00016689300537109375
initial,27,block13.W1,59,16,2.504481792449951,2.5036368370056152,0.0008449554443359375
initial,27,block13.W1,60,16,2.6385295391082764,2.6449873447418213,0.006457805633544922
initial,27,block13.W1,61,16,2.62589168548584,2.6262805461883545,0.00038886070251464844
initial,27,block13.W1,62,16,2.7179038524627686,2.716928243637085,0.0009756088256835938
initial,27,block13.W1,63,16,2.619886875152588,2.6179726123809814,0.0019142627716064453
initial,28,block13.W2,0,16,2.5653491020202637,2.5658628940582275,0.0005137920379638672
initial,28,block13.W2,1,16,2.572551965713501,2.5735960006713867,0.0010440349578857422
initial,28,block13.W2,2,16,2.765967607498169,2.7628116607666016,0.003155946731567383
initial,28,block13.W2,3,16,2.7243854999542236,2.7299346923828125,0.005549192428588867
initial,28,block13.W2,4,16,2.728787422180176,2.7253518104553223,0.0034356117248535156
initial,28,block13.W2,5,16,2.5737979412078857,2.569584608078003,0.0042133331298828125
initial,28,block13.W2,6,16,2.5839879512786865,2.586254119873047,0.0022661685943603516
initial,28,block13.W2,7,16,2.655149221420288,2.656263828277588,0.0011146068572998047
initial,28,block13.W2,8,16,2.6325643062591553,2.6307315826416016,0.001832723617553711
initial,28,block13.W2,9,16,2.6433348655700684,2.6423702239990234,0.0009646415710449219
initial,28,block13.W2,10,16,2.5548810958862305,2.5517096519470215,0.0031714439392089844
initial,28,block13.W2,11,16,2.6190147399902344,2.6144633293151855,0.004551410675048828
initial,28,block13.W2,12,16,2.671074151992798,2.667088747024536,0.003985404968261719
initial,28,block13.W2,13,16,2.6228857040405273,2.622765064239502,0.00012063980102539062
initial,28,block13.W2,14,16,2.686331272125244,2.686237096786499,9.417533874511719e-05
initial,28,block13.W2,15,16,2.7026498317718506,2.70316743850708,0.0005176067352294922
initial,28,block13.W2,16,16,2.6932873725891113,2.6887664794921875,0.004520893096923828
initial,28,block13.W2,17,16,2.657705307006836,2.6607587337493896,0.003053426742553711
initial,28,block13.W2,18,16,2.645817995071411,2.646123170852661,0.00030517578125
initial,28,block13.W2,19,16,2.6283085346221924,2.62868332862854,0.00037479400634765625
initial,28,block13.W2,20,16,2.6926589012145996,2.6880009174346924,0.0046579837799072266
initial,28,block13.W2,21,16,2.7826085090637207,2.782870054244995,0.00026154518127441406
initial,28,block13.W2,22,16,2.564634084701538,2.5632386207580566,0.0013954639434814453
initial,28,block13.W2,23,16,2.66222882270813,2.665712833404541,0.003484010696411133
initial,28,block13.W2,24,16,2.686145305633545,2.687650203704834,0.0015048980712890625
initial,28,block13.W2,25,16,2.517026424407959,2.520360231399536,0.0033338069915771484
initial,28,block13.W2,26,16,2.5997023582458496,2.5979208946228027,0.001781463623046875
initial,28,block13.W2,27,16,2.546746015548706,2.5481550693511963,0.0014090538024902344
initial,28,block13.W2,28,16,2.771632432937622,2.77040433883667,0.0012280941009521484
initial,28,block13.W2,29,16,2.554497718811035,2.549999952316284,0.0044977664947509766
initial,28,block13.W2,30,16,2.606133460998535,2.596590757369995,0.009542703628540039
initial,28,block13.W2,31,16,2.6876883506774902,2.695535898208618,0.00784754753112793
initial,28,block13.W2,32,16,2.5959293842315674,2.594268321990967,0.001661062240600586
initial,28,block13.W2,33,16,2.6320672035217285,2.631464958190918,0.0006022453308105469
initial,28,block13.W2,34,16,2.747584104537964,2.7527990341186523,0.0052149295806884766
initial,28,block13.W2,35,16,2.710771083831787,2.721273422241211,0.010502338409423828
initial,28,block13.W2,36,16,2.6836204528808594,2.684890031814575,0.0012695789337158203
initial,28,block13.W2,37,16,2.8213791847229004,2.823260545730591,0.0018813610076904297
initial,28,block13.W2,38,16,2.6554551124572754,2.6570322513580322,0.001577138900756836
initial,28,block13.W2,39,16,2.7836570739746094,2.7923240661621094,0.0086669921875
initial,28,block13.W2,40,16,2.713082790374756,2.7146754264831543,0.0015926361083984375
initial,28,block13.W2,41,16,2.7039854526519775,2.70245099067688,0.0015344619750976562
initial,28,block13.W2,42,16,2.5987467765808105,2.5994985103607178,0.0007517337799072266
initial,28,block13.W2,43,16,2.6570591926574707,2.6544480323791504,0.0026111602783203125
initial,28,block13.W2,44,16,2.649721145629883,2.6531496047973633,0.0034284591674804688
initial,28,block13.W2,45,16,2.8137810230255127,2.808844566345215,0.0049364566802978516
initial,28,block13.W2,46,16,2.6199355125427246,2.6170809268951416,0.002854585647583008
initial,28,block13.W2,47,16,2.56531023979187,2.5666110515594482,0.001300811767578125
initial,28,block13.W2,48,16,2.7003448009490967,2.7036502361297607,0.0033054351806640625
initial,28,block13.W2,49,16,2.5870044231414795,2.5900683403015137,0.0030639171600341797
initial,28,block13.W2,50,16,2.6953277587890625,2.7006514072418213,0.005323648452758789
initial,28,block13.W2,51,16,2.688852071762085,2.6902856826782227,0.0014336109161376953
initial,28,block13.W2,52,16,2.71093487739563,2.7094321250915527,0.0015027523040771484
initial,28,block13.W2,53,16,2.6156885623931885,2.6110575199127197,0.00463104248046875
initial,28,block13.W2,54,16,2.774047613143921,2.7715983390808105,0.0024492740631103516
initial,28,block13.W2,55,16,2.6992602348327637,2.6968438625335693,0.002416372299194336
initial,28,block13.W2,56,16,2.7351572513580322,2.723759889602661,0.011397361755371094
initial,28,block13.W2,57,16,2.8768248558044434,2.8731746673583984,0.003650188446044922
initial,28,block13.W2,58,16,2.6485238075256348,2.6537539958953857,0.0052301883697509766
initial,28,block13.W2,59,16,2.5264477729797363,2.5222105979919434,0.004237174987792969
initial,28,block13.W2,60,16,2.57828950881958,2.577286720275879,0.0010027885437011719
initial,28,block13.W2,61,16,2.71575927734375,2.7212002277374268,0.005440950393676758
initial,28,block13.W2,62,16,2.525621175765991,2.5287904739379883,0.0031692981719970703
initial,28,block13.W2,63,16,2.4734714031219482,2.4753453731536865,0.0018739700317382812
initial,29,block14.W1,0,16,2.7157044410705566,2.7199268341064453,0.004222393035888672
initial,29,block14.W1,1,16,2.7321183681488037,2.733880043029785,0.0017616748809814453
initial,29,block14.W1,2,16,2.7014479637145996,2.701601028442383,0.00015306472778320312
initial,29,block14.W1,3,16,2.608743190765381,2.6081507205963135,0.0005924701690673828
initial,29,block14.W1,4,16,2.744169235229492,2.7454276084899902,0.0012583732604980469
initial,29,block14.W1,5,16,2.7957451343536377,2.7952053546905518,0.0005397796630859375
initial,29,block14.W1,6,16,2.589325189590454,2.5930228233337402,0.003697633743286133
initial,29,block14.W1,7,16,2.7280092239379883,2.7256367206573486,0.0023725032806396484
initial,29,block14.W1,8,16,2.7189671993255615,2.714968681335449,0.003998517990112305
initial,29,block14.W1,9,16,2.6252083778381348,2.6281967163085938,0.0029883384704589844
initial,29,block14.W1,10,16,2.630265712738037,2.6330134868621826,0.002747774124145508
initial,29,block14.W1,11,16,2.7106895446777344,2.709961175918579,0.0007283687591552734
initial,29,block14.W1,12,16,2.62988543510437,2.631361961364746,0.0014765262603759766
initial,29,block14.W1,13,16,2.662587881088257,2.6627848148345947,0.00019693374633789062
initial,29,block14.W1,14,16,2.7495181560516357,2.743678569793701,0.00583958625793457
initial,29,block14.W1,15,16,2.7116217613220215,2.7073123455047607,0.004309415817260742
initial,29,block14.W1,16,16,2.5440750122070312,2.5423712730407715,0.0017037391662597656
initial,29,block14.W1,17,16,2.6516287326812744,2.646211624145508,0.0054171085357666016
initial,29,block14.W1,18,16,2.6671624183654785,2.6666371822357178,0.0005252361297607422
initial,29,block14.W1,19,16,2.621742010116577,2.617952346801758,0.003789663314819336
initial,29,block14.W1,20,16,2.7215263843536377,2.7181050777435303,0.003421306610107422
initial,29,block14.W1,21,16,2.62491512298584,2.6245880126953125,0.00032711029052734375
initial,29,block14.W1,22,16,2.7207863330841064,2.7200169563293457,0.0007693767547607422
initial,29,block14.W1,23,16,2.6671266555786133,2.6651322841644287,0.0019943714141845703
initial,29,block14.W1,24,16,2.8592169284820557,2.8569014072418213,0.002315521240234375
initial,29,block14.W1,25,16,2.5410170555114746,2.5448079109191895,0.0037908554077148438
initial,29,block14.W1,26,16,2.6709351539611816,2.672419548034668,0.0014843940734863281
initial,29,block14.W1,27,16,2.660473585128784,2.660264015197754,0.00020956993103027344
initial,29,block14.W1,28,16,2.632436990737915,2.635530710220337,0.003093719482421875
initial,29,block14.W1,29,16,2.711756706237793,2.710642099380493,0.0011146068572998047
initial,29,block14.W1,30,16,2.5805156230926514,2.580909013748169,0.0003933906555175781
initial,29,block14.W1,31,16,2.6701488494873047,2.6731817722320557,0.0030329227447509766
initial,29,block14.W1,32,16,2.5381581783294678,2.5398223400115967,0.0016641616821289062
initial,29,block14.W1,33,16,2.6203949451446533,2.623222827911377,0.002827882766723633
initial,29,block14.W1,34,16,2.7511210441589355,2.7548811435699463,0.003760099411010742
initial,29,block14.W1,35,16,2.594149351119995,2.5978705883026123,0.0037212371826171875
initial,29,block14.W1,36,16,2.5552690029144287,2.553403854370117,0.0018651485443115234
initial,29,block14.W1,37,16,2.7476513385772705,2.7451372146606445,0.0025141239166259766
initial,29,block14.W1,38,16,2.6441025733947754,2.6453981399536133,0.0012955665588378906
initial,29,block14.W1,39,16,2.7359566688537598,2.736581563949585,0.0006248950958251953
initial,29,block14.W1,40,16,2.616452217102051,2.614396810531616,0.0020554065704345703
initial,29,block14.W1,41,16,2.665701150894165,2.664685010910034,0.0010161399841308594
initial,29,block14.W1,42,16,2.6554551124572754,2.6580166816711426,0.0025615692138671875
initial,29,block14.W1,43,16,2.6759378910064697,2.676875352859497,0.0009374618530273438
initial,29,block14.W1,44,16,2.667894124984741,2.6688294410705566,0.0009353160858154297
initial,29,block14.W1,45,16,2.812201738357544,2.81026554107666,0.001936197280883789
initial,29,block14.W1,46,16,2.681879758834839,2.6871986389160156,0.005318880081176758
initial,29,block14.W1,47,16,2.761307716369629,2.761604070663452,0.0002963542938232422
initial,29,block14.W1,48,16,2.757936477661133,2.750365734100342,0.007570743560791016
initial,29,block14.W1,49,16,2.6937389373779297,2.6953043937683105,0.0015654563903808594
initial,29,block14.W1,50,16,2.6013426780700684,2.6009368896484375,0.0004057884216308594
initial,29,block14.W1,51,16,2.686458110809326,2.6932804584503174,0.006822347640991211
initial,29,block14.W1,52,16,2.74762225151062,2.749032735824585,0.0014104843139648438
initial,29,block14.W1,53,16,2.703671932220459,2.7056617736816406,0.0019898414611816406
initial,29,block14.W1,54,16,2.674485445022583,2.6800577640533447,0.005572319030761719
initial,29,block14.W1,55,16,2.757875680923462,2.7551140785217285,0.0027616024017333984
initial,29,block14.W1,56,16,2.6747231483459473,2.6781184673309326,0.0033953189849853516
initial,29,block14.W1,57,16,2.724540948867798,2.7256405353546143,0.0010995864868164062
initial,29,block14.W1,58,16,2.5572996139526367,2.556628942489624,0.0006706714630126953
initial,29,block14.W1,59,16,2.6597888469696045,2.6560354232788086,0.0037534236907958984
initial,29,block14.W1,60,16,2.791354179382324,2.794208526611328,0.0028543472290039062
initial,29,block14.W1,61,16,2.683417320251465,2.6818687915802,0.0015485286712646484
initial,29,block14.W1,62,16,2.6898252964019775,2.6919479370117188,0.002122640609741211
initial,29,block14.W1,63,16,2.672163724899292,2.67425274848938,0.0020890235900878906
initial,30,block14.W2,0,16,2.7376058101654053,2.7394964694976807,0.0018906593322753906
initial,30,block14.W2,1,16,2.7211318016052246,2.727520704269409,0.00638890266418457
initial,30,block14.W2,2,16,2.479058027267456,2.4790563583374023,1.6689300537109375e-06
initial,30,block14.W2,3,16,2.676244020462036,2.6767053604125977,0.00046133995056152344
initial,30,block14.W2,4,16,2.653371572494507,2.6540236473083496,0.0006520748138427734
initial,30,block14.W2,5,16,2.68058443069458,2.6796624660491943,0.0009219646453857422
initial,30,block14.W2,6,16,2.646446704864502,2.6455769538879395,0.0008697509765625
initial,30,block14.W2,7,16,2.7680094242095947,2.772141933441162,0.004132509231567383
initial,30,block14.W2,8,16,2.6194872856140137,2.622511625289917,0.0030243396759033203
initial,30,block14.W2,9,16,2.7328062057495117,2.7367138862609863,0.003907680511474609
initial,30,block14.W2,10,16,2.653083086013794,2.655991315841675,0.0029082298278808594
initial,30,block14.W2,11,16,2.5303306579589844,2.5349576473236084,0.0046269893646240234
initial,30,block14.W2,12,16,2.5861527919769287,2.5905709266662598,0.004418134689331055
initial,30,block14.W2,13,16,2.5681192874908447,2.570749044418335,0.0026297569274902344
initial,30,block14.W2,14,16,2.7792470455169678,2.7796053886413574,0.00035834312438964844
initial,30,block14.W2,15,16,2.734724283218384,2.732116222381592,0.002608060836791992
initial,30,block14.W2,16,16,2.6932287216186523,2.687467575073242,0.005761146545410156
initial,30,block14.W2,17,16,2.5419671535491943,2.548255681991577,0.0062885284423828125
initial,30,block14.W2,18,16,2.6923668384552,2.689659595489502,0.002707242965698242
initial,30,block14.W2,19,16,2.7877073287963867,2.789283514022827,0.0015761852264404297
initial,30,block14.W2,20,16,2.593839168548584,2.5920705795288086,0.0017685890197753906
initial,30,block14.W2,21,16,2.682692527770996,2.685671329498291,0.002978801727294922
initial,30,block14.W2,22,16,2.560183048248291,2.5566837787628174,0.003499269485473633
initial,30,block14.W2,23,16,2.607766628265381,2.6138527393341064,0.006086111068725586
initial,30,block14.W2,24,16,2.6676037311553955,2.6637449264526367,0.003858804702758789
initial,30,block14.W2,25,16,2.6217432022094727,2.619999885559082,0.001743316650390625
initial,30,block14.W2,26,16,2.5267128944396973,2.525864601135254,0.0008482933044433594
initial,30,block14.W2,27,16,2.7310519218444824,2.7353711128234863,0.004319190979003906
initial,30,block14.W2,28,16,2.6369521617889404,2.634392023086548,0.002560138702392578
initial,30,block14.W2,29,16,2.7367401123046875,2.7407567501068115,0.0040166378021240234
initial,30,block14.W2,30,16,2.7907509803771973,2.788118600845337,0.0026323795318603516
initial,30,block14.W2,31,16,2.7304649353027344,2.730590343475342,0.00012540817260742188
initial,30,block14.W2,32,16,2.6263234615325928,2.62504506111145,0.0012784004211425781
initial,30,block14.W2,33,16,2.6668734550476074,2.6630029678344727,0.0038704872131347656
initial,30,block14.W2,34,16,2.6702613830566406,2.6666364669799805,0.0036249160766601562
initial,30,block14.W2,35,16,2.6586153507232666,2.6667048931121826,0.008089542388916016
initial,30,block14.W2,36,16,2.685614585876465,2.685755729675293,0.000141143798828125
initial,30,block14.W2,37,16,2.7112677097320557,2.715015411376953,0.003747701644897461
initial,30,block14.W2,38,16,2.6413278579711914,2.6372289657592773,0.0040988922119140625
initial,30,block14.W2,39,16,2.6886963844299316,2.6853387355804443,0.0033576488494873047
initial,30,block14.W2,40,16,2.705495834350586,2.710984945297241,0.0054891109466552734
initial,30,block14.W2,41,16,2.6219983100891113,2.6207175254821777,0.0012807846069335938
initial,30,block14.W2,42,16,2.528808116912842,2.533518075942993,0.004709959030151367
initial,30,block14.W2,43,16,2.7199907302856445,2.7161614894866943,0.0038292407989501953
initial,30,block14.W2,44,16,2.6752395629882812,2.6701223850250244,0.005117177963256836
initial,30,block14.W2,45,16,2.6198339462280273,2.6246495246887207,0.004815578460693359
initial,30,block14.W2,46,16,2.733198881149292,2.738645076751709,0.005446195602416992
initial,30,block14.W2,47,16,2.580893039703369,2.582984209060669,0.0020911693572998047
initial,30,block14.W2,48,16,2.57291841506958,2.5748050212860107,0.001886606216430664
initial,30,block14.W2,49,16,2.565337657928467,2.568974733352661,0.003637075424194336
initial,30,block14.W2,50,16,2.728864908218384,2.7284719944000244,0.000392913818359375
initial,30,block14.W2,51,16,2.604839563369751,2.605203628540039,0.00036406517028808594
initial,30,block14.W2,52,16,2.653960704803467,2.6512768268585205,0.002683877944946289
initial,30,block14.W2,53,16,2.6964473724365234,2.6978342533111572,0.001386880874633789
initial,30,block14.W2,54,16,2.6168696880340576,2.6172475814819336,0.00037789344787597656
initial,30,block14.W2,55,16,2.718784809112549,2.7163760662078857,0.002408742904663086
initial,30,block14.W2,56,16,2.7291812896728516,2.730212926864624,0.001031637191772461
initial,30,block14.W2,57,16,2.6338088512420654,2.6359035968780518,0.002094745635986328
initial,30,block14.W2,58,16,2.7643325328826904,2.7627432346343994,0.0015892982482910156
initial,30,block14.W2,59,16,2.6776833534240723,2.6757872104644775,0.0018961429595947266
initial,30,block14.W2,60,16,2.6637768745422363,2.6624624729156494,0.001314401626586914
initial,30,block14.W2,61,16,2.672025680541992,2.6743526458740234,0.00232696533203125
initial,30,block14.W2,62,16,2.7778635025024414,2.7861533164978027,0.008289813995361328
initial,30,block14.W2,63,16,2.6076016426086426,2.6117942333221436,0.0041925907135009766
initial,31,block15.W1,0,16,2.6210951805114746,2.625725507736206,0.004630327224731445
initial,31,block15.W1,1,16,2.660358428955078,2.659884214401245,0.0004742145538330078
initial,31,block15.W1,2,16,2.588897228240967,2.5871686935424805,0.0017285346984863281
initial,31,block15.W1,3,16,2.643306255340576,2.644641876220703,0.0013356208801269531
initial,31,block15.W1,4,16,2.7333738803863525,2.731204032897949,0.0021698474884033203
initial,31,block15.W1,5,16,2.747516632080078,2.7415475845336914,0.005969047546386719
initial,31,block15.W1,6,16,2.740450859069824,2.737687110900879,0.0027637481689453125
initial,31,block15.W1,7,16,2.7451298236846924,2.7395830154418945,0.0055468082427978516
initial,31,block15.W1,8,16,2.697199821472168,2.6982741355895996,0.0010743141174316406
initial,31,block15.W1,9,16,2.6318376064300537,2.629603624343872,0.0022339820861816406
initial,31,block15.W1,10,16,2.5909507274627686,2.590883255004883,6.747245788574219e-05
initial,31,block15.W1,11,16,2.5256361961364746,2.529324531555176,0.003688335418701172
initial,31,block15.W1,12,16,2.625657320022583,2.6243693828582764,0.0012879371643066406
initial,31,block15.W1,13,16,2.66119384765625,2.6636476516723633,0.0024538040161132812
initial,31,block15.W1,14,16,2.725520372390747,2.729445219039917,0.003924846649169922
initial,31,block15.W1,15,16,2.5907092094421387,2.591505765914917,0.0007965564727783203
initial,31,block15.W1,16,16,2.5841991901397705,2.5814905166625977,0.0027086734771728516
initial,31,block15.W1,17,16,2.60994029045105,2.6094582080841064,0.0004820823669433594
initial,31,block15.W1,18,16,2.6191036701202393,2.6172831058502197,0.0018205642700195312
initial,31,block15.W1,19,16,2.643446922302246,2.638920783996582,0.0045261383056640625
initial,31,block15.W1,20,16,2.72811222076416,2.729875326156616,0.0017631053924560547
initial,31,block15.W1,21,16,2.6810569763183594,2.6819448471069336,0.0008878707885742188
initial,31,block15.W1,22,16,2.8638546466827393,2.8641045093536377,0.0002498626708984375
initial,31,block15.W1,23,16,2.704672336578369,2.7007555961608887,0.003916740417480469
initial,31,block15.W1,24,16,2.6021859645843506,2.604538917541504,0.0023529529571533203
initial,31,block15.W1,25,16,2.584118127822876,2.5799403190612793,0.00417780876159668
initial,31,block15.W1,26,16,2.70058536529541,2.6957848072052,0.004800558090209961
initial,31,block15.W1,27,16,2.623471736907959,2.6224913597106934,0.000980377197265625
initial,31,block15.W1,28,16,2.654177665710449,2.6548454761505127,0.0006678104400634766
initial,31,block15.W1,29,16,2.654257297515869,2.6564159393310547,0.002158641815185547
initial,31,block15.W1,30,16,2.5979223251342773,2.597646713256836,0.00027561187744140625
initial,31,block15.W1,31,16,2.5389223098754883,2.537818431854248,0.0011038780212402344
initial,31,block15.W1,32,16,2.6587941646575928,2.659489631652832,0.0006954669952392578
initial,31,block15.W1,33,16,2.737861394882202,2.7349181175231934,0.002943277359008789
initial,31,block15.W1,34,16,2.6454455852508545,2.6432478427886963,0.002197742462158203
initial,31,block15.W1,35,16,2.713880777359009,2.711167812347412,0.0027129650115966797
initial,31,block15.W1,36,16,2.6778886318206787,2.6778273582458496,6.127357482910156e-05
initial,31,block15.W1,37,16,2.661402463912964,2.656493663787842,0.00490880012512207
initial,31,block15.W1,38,16,2.639848232269287,2.6391706466674805,0.0006775856018066406
initial,31,block15.W1,39,16,2.6920809745788574,2.6896138191223145,0.0024671554565429688
initial,31,block15.W1,40,16,2.6097071170806885,2.6123290061950684,0.002621889114379883
initial,31,block15.W1,41,16,2.739518642425537,2.742210865020752,0.0026922225952148438
initial,31,block15.W1,42,16,2.720154285430908,2.717668056488037,0.0024862289428710938
initial,31,block15.W1,43,16,2.7427661418914795,2.737265110015869,0.0055010318756103516
initial,31,block15.W1,44,16,2.6002423763275146,2.5974981784820557,0.0027441978454589844
initial,31,block15.W1,45,16,2.709747314453125,2.7091915607452393,0.0005557537078857422
initial,31,block15.W1,46,16,2.6306681632995605,2.6365087032318115,0.0058405399322509766
initial,31,block15.W1,47,16,2.7236435413360596,2.7243378162384033,0.00069427490234375
initial,31,block15.W1,48,16,2.7957375049591064,2.796457529067993,0.0007200241088867188
initial,31,block15.W1,49,16,2.7274913787841797,2.732079029083252,0.004587650299072266
initial,31,block15.W1,50,16,2.67384934425354,2.669341564178467,0.004507780075073242
initial,31,block15.W1,51,16,2.584683656692505,2.5907223224639893,0.006038665771484375
initial,31,block15.W1,52,16,2.634251117706299,2.6299831867218018,0.00426793098449707
initial,31,block15.W1,53,16,2.6335525512695312,2.636636257171631,0.0030837059020996094
initial,31,block15.W1,54,16,2.5711779594421387,2.5692899227142334,0.0018880367279052734
initial,31,block15.W1,55,16,2.6595094203948975,2.6682543754577637,0.008744955062866211
initial,31,block15.W1,56,16,2.5754899978637695,2.573561906814575,0.001928091049194336
initial,31,block15.W1,57,16,2.7508623600006104,2.7521462440490723,0.001283884048461914
initial,31,block15.W1,58,16,2.6495554447174072,2.649233102798462,0.0003223419189453125
initial,31,block15.W1,59,16,2.580902338027954,2.5829081535339355,0.0020058155059814453
initial,31,block15.W1,60,16,2.5741496086120605,2.575674057006836,0.0015244483947753906
initial,31,block15.W1,61,16,2.7020111083984375,2.7037389278411865,0.0017278194427490234
initial,31,block15.W1,62,16,2.5481913089752197,2.543487310409546,0.004703998565673828
initial,31,block15.W1,63,16,2.5845518112182617,2.580644130706787,0.003907680511474609
initial,32,block15.W2,0,16,2.728553295135498,2.7271854877471924,0.001367807388305664
initial,32,block15.W2,1,16,2.601236343383789,2.5996100902557373,0.0016262531280517578
initial,32,block15.W2,2,16,2.69830584526062,2.696681499481201,0.0016243457794189453
initial,32,block15.W2,3,16,2.761831521987915,2.7613940238952637,0.0004374980926513672
initial,32,block15.W2,4,16,2.674870252609253,2.671657085418701,0.003213167190551758
initial,32,block15.W2,5,16,2.7298760414123535,2.731900453567505,0.002024412155151367
initial,32,block15.W2,6,16,2.553051710128784,2.5504021644592285,0.002649545669555664
initial,32,block15.W2,7,16,2.556105613708496,2.5519204139709473,0.004185199737548828
initial,32,block15.W2,8,16,2.574373960494995,2.5722897052764893,0.0020842552185058594
initial,32,block15.W2,9,16,2.732868194580078,2.728395462036133,0.0044727325439453125
initial,32,block15.W2,10,16,2.73346209526062,2.730739116668701,0.0027229785919189453
initial,32,block15.W2,11,16,2.618478298187256,2.619846820831299,0.0013685226440429688
initial,32,block15.W2,12,16,2.716590166091919,2.721534252166748,0.0049440860748291016
initial,32,block15.W2,13,16,2.528632879257202,2.5314950942993164,0.002862215042114258
initial,32,block15.W2,14,16,2.647968292236328,2.6512913703918457,0.003323078155517578
initial,32,block15.W2,15,16,2.732729911804199,2.731646776199341,0.0010831356048583984
initial,32,block15.W2,16,16,2.7016801834106445,2.698902130126953,0.0027780532836914062
initial,32,block15.W2,17,16,2.745845317840576,2.7441954612731934,0.0016498565673828125
initial,32,block15.W2,18,16,2.627897262573242,2.6275813579559326,0.0003159046173095703
initial,32,block15.W2,19,16,2.6193604469299316,2.6225972175598145,0.0032367706298828125
initial,32,block15.W2,20,16,2.591136932373047,2.586576461791992,0.0045604705810546875
initial,32,block15.W2,21,16,2.617446184158325,2.6156303882598877,0.0018157958984375
initial,32,block15.W2,22,16,2.6680850982666016,2.666475772857666,0.0016093254089355469
initial,32,block15.W2,23,16,2.7027180194854736,2.7021260261535645,0.0005919933319091797
initial,32,block15.W2,24,16,2.6359214782714844,2.6339304447174072,0.0019910335540771484
initial,32,block15.W2,25,16,2.6131296157836914,2.615156650543213,0.0020270347595214844
initial,32,block15.W2,26,16,2.583012819290161,2.5873076915740967,0.004294872283935547
initial,32,block15.W2,27,16,2.6673502922058105,2.6716270446777344,0.004276752471923828
initial,32,block15.W2,28,16,2.6674466133117676,2.665769338607788,0.0016772747039794922
initial,32,block15.W2,29,16,2.6558659076690674,2.650603771209717,0.005262136459350586
initial,32,block15.W2,30,16,2.671837091445923,2.675389528274536,0.0035524368286132812
initial,32,block15.W2,31,16,2.688836097717285,2.690293312072754,0.00145721435546875
initial,32,block15.W2,32,16,2.638741970062256,2.636784553527832,0.001957416534423828
initial,32,block15.W2,33,16,2.579169750213623,2.5815765857696533,0.0024068355560302734
initial,32,block15.W2,34,16,2.691890001296997,2.687563180923462,0.004326820373535156
initial,32,block15.W2,35,16,2.6126041412353516,2.611362934112549,0.0012412071228027344
initial,32,block15.W2,36,16,2.591602087020874,2.588836908340454,0.002765178680419922
initial,32,block15.W2,37,16,2.614985227584839,2.6155569553375244,0.0005717277526855469
initial,32,block15.W2,38,16,2.648664712905884,2.647779941558838,0.0008847713470458984
initial,32,block15.W2,39,16,2.7892799377441406,2.7858223915100098,0.0034575462341308594
initial,32,block15.W2,40,16,2.720411539077759,2.7152085304260254,0.0052030086517333984
initial,32,block15.W2,41,16,2.547119379043579,2.5506253242492676,0.0035059452056884766
initial,32,block15.W2,42,16,2.6044921875,2.603339672088623,0.0011525154113769531
initial,32,block15.W2,43,16,2.797255039215088,2.797395706176758,0.00014066696166992188
initial,32,block15.W2,44,16,2.694150447845459,2.6889939308166504,0.005156517028808594
initial,32,block15.W2,45,16,2.695039987564087,2.6930031776428223,0.0020368099212646484
initial,32,block15.W2,46,16,2.565425395965576,2.565018892288208,0.00040650367736816406
initial,32,block15.W2,47,16,2.646432638168335,2.643718957901001,0.0027136802673339844
initial,32,block15.W2,48,16,2.6809146404266357,2.686599016189575,0.005684375762939453
initial,32,block15.W2,49,16,2.6533870697021484,2.6525535583496094,0.0008335113525390625
initial,32,block15.W2,50,16,2.658273220062256,2.65696120262146,0.0013120174407958984
initial,32,block15.W2,51,16,2.6853461265563965,2.6858835220336914,0.0005373954772949219
initial,32,block15.W2,52,16,2.6315667629241943,2.630995750427246,0.0005710124969482422
initial,32,block15.W2,53,16,2.6194543838500977,2.6211581230163574,0.0017037391662597656
initial,32,block15.W2,54,16,2.6777052879333496,2.682788848876953,0.005083560943603516
initial,32,block15.W2,55,16,2.7232627868652344,2.727038860321045,0.003776073455810547
initial,32,block15.W2,56,16,2.7275843620300293,2.7291014194488525,0.0015170574188232422
initial,32,block15.W2,57,16,2.640263795852661,2.640345335006714,8.153915405273438e-05
initial,32,block15.W2,58,16,2.5925517082214355,2.590226411819458,0.002325296401977539
initial,32,block15.W2,59,16,2.6846699714660645,2.6820883750915527,0.0025815963745117188
initial,32,block15.W2,60,16,2.6620218753814697,2.662485361099243,0.0004634857177734375
initial,32,block15.W2,61,16,2.688913345336914,2.6926870346069336,0.0037736892700195312
initial,32,block15.W2,62,16,2.686845064163208,2.6823456287384033,0.0044994354248046875
initial,32,block15.W2,63,16,2.558354616165161,2.558211326599121,0.00014328956604003906
initial,33,block16.W1,0,16,2.6845078468322754,2.6912755966186523,0.006767749786376953
initial,33,block16.W1,1,16,2.6974759101867676,2.7000572681427,0.002581357955932617
initial,33,block16.W1,2,16,2.642291784286499,2.6361453533172607,0.006146430969238281
initial,33,block16.W1,3,16,2.791768789291382,2.795675277709961,0.0039064884185791016
initial,33,block16.W1,4,16,2.744860887527466,2.743121385574341,0.001739501953125
initial,33,block16.W1,5,16,2.752473831176758,2.7559666633605957,0.0034928321838378906
initial,33,block16.W1,6,16,2.6993024349212646,2.695453643798828,0.0038487911224365234
initial,33,block16.W1,7,16,2.658165693283081,2.659980297088623,0.0018146038055419922
initial,33,block16.W1,8,16,2.5812225341796875,2.5845396518707275,0.003317117691040039
initial,33,block16.W1,9,16,2.5871047973632812,2.583320140838623,0.003784656524658203
initial,33,block16.W1,10,16,2.691452741622925,2.6894733905792236,0.001979351043701172
initial,33,block16.W1,11,16,2.5860302448272705,2.5895955562591553,0.0035653114318847656
initial,33,block16.W1,12,16,2.6103949546813965,2.6116042137145996,0.001209259033203125
initial,33,block16.W1,13,16,2.7070083618164062,2.7028727531433105,0.004135608673095703
initial,33,block16.W1,14,16,2.787691354751587,2.7908010482788086,0.0031096935272216797
initial,33,block16.W1,15,16,2.611762523651123,2.6137094497680664,0.0019469261169433594
initial,33,block16.W1,16,16,2.817232608795166,2.818319320678711,0.0010867118835449219
initial,33,block16.W1,17,16,2.6284801959991455,2.631425380706787,0.0029451847076416016
initial,33,block16.W1,18,16,2.664604663848877,2.6681766510009766,0.0035719871520996094
initial,33,block16.W1,19,16,2.6870594024658203,2.687059164047241,2.384185791015625e-07
initial,33,block16.W1,20,16,2.6326191425323486,2.6283648014068604,0.004254341125488281
initial,33,block16.W1,21,16,2.6536800861358643,2.6511833667755127,0.0024967193603515625
initial,33,block16.W1,22,16,2.609520435333252,2.610802173614502,0.00128173828125
initial,33,block16.W1,23,16,2.532548427581787,2.532532215118408,1.621246337890625e-05
initial,33,block16.W1,24,16,2.610851287841797,2.615457773208618,0.004606485366821289
initial,33,block16.W1,25,16,2.6838223934173584,2.6811649799346924,0.0026574134826660156
initial,33,block16.W1,26,16,2.732943058013916,2.7363972663879395,0.0034542083740234375
initial,33,block16.W1,27,16,2.705784797668457,2.7105789184570312,0.004794120788574219
initial,33,block16.W1,28,16,2.635535955429077,2.638477325439453,0.0029413700103759766
initial,33,block16.W1,29,16,2.6287155151367188,2.627580404281616,0.001135110855102539
initial,33,block16.W1,30,16,2.666921615600586,2.6663148403167725,0.0006067752838134766
initial,33,block16.W1,31,16,2.612109661102295,2.6145408153533936,0.002431154251098633
initial,33,block16.W1,32,16,2.5996711254119873,2.5968024730682373,0.00286865234375
initial,33,block16.W1,33,16,2.721324920654297,2.721700429916382,0.00037550926208496094
initial,33,block16.W1,34,16,2.7235107421875,2.7229974269866943,0.0005133152008056641
initial,33,block16.W1,35,16,2.676515817642212,2.6777799129486084,0.0012640953063964844
initial,33,block16.W1,36,16,2.6254403591156006,2.6228227615356445,0.0026175975799560547
initial,33,block16.W1,37,16,2.488701581954956,2.4890174865722656,0.0003159046173095703
initial,33,block16.W1,38,16,2.584549903869629,2.5829529762268066,0.0015969276428222656
initial,33,block16.W1,39,16,2.575244426727295,2.571899175643921,0.0033452510833740234
initial,33,block16.W1,40,16,2.789996385574341,2.785484552383423,0.004511833190917969
initial,33,block16.W1,41,16,2.544512987136841,2.5399329662323,0.004580020904541016
initial,33,block16.W1,42,16,2.720925807952881,2.717362880706787,0.00356292724609375
initial,33,block16.W1,43,16,2.6483330726623535,2.644049882888794,0.00428318977355957
initial,33,block16.W1,44,16,2.6279513835906982,2.625577449798584,0.002373933792114258
initial,33,block16.W1,45,16,2.68635892868042,2.6864137649536133,5.4836273193359375e-05
initial,33,block16.W1,46,16,2.74668288230896,2.7471344470977783,0.0004515647888183594
initial,33,block16.W1,47,16,2.567518472671509,2.5708179473876953,0.0032994747161865234
initial,33,block16.W1,48,16,2.6661531925201416,2.6674931049346924,0.0013399124145507812
initial,33,block16.W1,49,16,2.648118734359741,2.6484804153442383,0.0003616809844970703
initial,33,block16.W1,50,16,2.5366599559783936,2.5386064052581787,0.0019464492797851562
initial,33,block16.W1,51,16,2.5518195629119873,2.553335666656494,0.001516103744506836
initial,33,block16.W1,52,16,2.659350872039795,2.657085418701172,0.002265453338623047
initial,33,block16.W1,53,16,2.661216974258423,2.6606571674346924,0.0005598068237304688
initial,33,block16.W1,54,16,2.7808279991149902,2.781628370285034,0.0008003711700439453
initial,33,block16.W1,55,16,2.6837875843048096,2.6812779903411865,0.002509593963623047
initial,33,block16.W1,56,16,2.731937885284424,2.7268035411834717,0.0051343441009521484
initial,33,block16.W1,57,16,2.7612476348876953,2.7530319690704346,0.008215665817260742
initial,33,block16.W1,58,16,2.6300160884857178,2.6345324516296387,0.0045163631439208984
initial,33,block16.W1,59,16,2.5992448329925537,2.5983150005340576,0.0009298324584960938
initial,33,block16.W1,60,16,2.6869428157806396,2.6861677169799805,0.0007750988006591797
initial,33,block16.W1,61,16,2.755274772644043,2.7540407180786133,0.0012340545654296875
initial,33,block16.W1,62,16,2.6084468364715576,2.606498956680298,0.0019478797912597656
initial,33,block16.W1,63,16,2.6868114471435547,2.6875603199005127,0.0007488727569580078
initial,34,block16.W2,0,16,2.715634822845459,2.716414213180542,0.0007793903350830078
initial,34,block16.W2,1,16,2.648038387298584,2.6484007835388184,0.000362396240234375
initial,34,block16.W2,2,16,2.5475635528564453,2.549534559249878,0.001971006393432617
initial,34,block16.W2,3,16,2.5321502685546875,2.5339198112487793,0.0017695426940917969
initial,34,block16.W2,4,16,2.669294834136963,2.666288375854492,0.003006458282470703
initial,34,block16.W2,5,16,2.824472427368164,2.828526258468628,0.004053831100463867
initial,34,block16.W2,6,16,2.6366801261901855,2.6376864910125732,0.0010063648223876953
initial,34,block16.W2,7,16,2.756894588470459,2.7593722343444824,0.0024776458740234375
initial,34,block16.W2,8,16,2.617332696914673,2.620190382003784,0.002857685089111328
initial,34,block16.W2,9,16,2.701566696166992,2.7032389640808105,0.0016722679138183594
initial,34,block16.W2,10,16,2.586214780807495,2.588207721710205,0.001992940902709961
initial,34,block16.W2,11,16,2.595536708831787,2.593872547149658,0.0016641616821289062
initial,34,block16.W2,12,16,2.7096614837646484,2.707920551300049,0.0017409324645996094
initial,34,block16.W2,13,16,2.619189500808716,2.615987777709961,0.003201723098754883
initial,34,block16.W2,14,16,2.6878159046173096,2.6868605613708496,0.0009553432464599609
initial,34,block16.W2,15,16,2.6696643829345703,2.6666650772094727,0.0029993057250976562
initial,34,block16.W2,16,16,2.5918514728546143,2.5873568058013916,0.004494667053222656
initial,34,block16.W2,17,16,2.697096824645996,2.6890676021575928,0.00802922248840332
initial,34,block16.W2,18,16,2.778252601623535,2.7795393466949463,0.0012867450714111328
initial,34,block16.W2,19,16,2.712247848510742,2.7110209465026855,0.0012269020080566406
initial,34,block16.W2,20,16,2.628089666366577,2.629692792892456,0.0016031265258789062
initial,34,block16.W2,21,16,2.55424165725708,2.552915096282959,0.0013265609741210938
initial,34,block16.W2,22,16,2.6337080001831055,2.6403958797454834,0.00668787956237793
initial,34,block16.W2,23,16,2.8402915000915527,2.837412118911743,0.0028793811798095703
initial,34,block16.W2,24,16,2.6736159324645996,2.6723010540008545,0.0013148784637451172
initial,34,block16.W2,25,16,2.753185272216797,2.7519407272338867,0.0012445449829101562
initial,34,block16.W2,26,16,2.6677820682525635,2.6635942459106445,0.004187822341918945
initial,34,block16.W2,27,16,2.659785747528076,2.6582674980163574,0.00151824951171875
initial,34,block16.W2,28,16,2.7078399658203125,2.7070415019989014,0.0007984638214111328
initial,34,block16.W2,29,16,2.5787198543548584,2.5809500217437744,0.0022301673889160156
initial,34,block16.W2,30,16,2.71553897857666,2.7146122455596924,0.0009267330169677734
initial,34,block16.W2,31,16,2.792908191680908,2.803504467010498,0.010596275329589844
initial,34,block16.W2,32,16,2.5677273273468018,2.5672390460968018,0.00048828125
initial,34,block16.W2,33,16,2.6612448692321777,2.657505512237549,0.0037393569946289062
initial,34,block16.W2,34,16,2.709883213043213,2.702364921569824,0.007518291473388672
initial,34,block16.W2,35,16,2.662402391433716,2.6618549823760986,0.0005474090576171875
initial,34,block16.W2,36,16,2.7905755043029785,2.7880756855010986,0.002499818801879883
initial,34,block16.W2,37,16,2.7926225662231445,2.7960216999053955,0.0033991336822509766
initial,34,block16.W2,38,16,2.7044942378997803,2.702697515487671,0.001796722412109375
initial,34,block16.W2,39,16,2.7279577255249023,2.7286643981933594,0.0007066726684570312
initial,34,block16.W2,40,16,2.721522808074951,2.721487522125244,3.528594970703125e-05
initial,34,block16.W2,41,16,2.6943612098693848,2.695730209350586,0.0013689994812011719
initial,34,block16.W2,42,16,2.585675001144409,2.583866596221924,0.0018084049224853516
initial,34,block16.W2,43,16,2.7711832523345947,2.780681848526001,0.00949859619140625
initial,34,block16.W2,44,16,2.7321555614471436,2.7254226207733154,0.006732940673828125
initial,34,block16.W2,45,16,2.59709095954895,2.598241090774536,0.0011501312255859375
initial,34,block16.W2,46,16,2.4844391345977783,2.4901344776153564,0.005695343017578125
initial,34,block16.W2,47,16,2.637057304382324,2.6365795135498047,0.00047779083251953125
initial,34,block16.W2,48,16,2.6370956897735596,2.6416752338409424,0.0045795440673828125
initial,34,block16.W2,49,16,2.6333558559417725,2.6343281269073486,0.0009722709655761719
initial,34,block16.W2,50,16,2.6232006549835205,2.623941659927368,0.0007410049438476562
initial,34,block16.W2,51,16,2.732733964920044,2.7318766117095947,0.0008573532104492188
initial,34,block16.W2,52,16,2.6028294563293457,2.602335214614868,0.0004942417144775391
initial,34,block16.W2,53,16,2.811810255050659,2.8134586811065674,0.0016484260559082031
initial,34,block16.W2,54,16,2.701606035232544,2.699368476867676,0.002237558364868164
initial,34,block16.W2,55,16,2.6826796531677246,2.688009262084961,0.005329608917236328
initial,34,block16.W2,56,16,2.615260601043701,2.6154191493988037,0.00015854835510253906
initial,34,block16.W2,57,16,2.6285858154296875,2.628823757171631,0.00023794174194335938
initial,34,block16.W2,58,16,2.6826608180999756,2.6841824054718018,0.0015215873718261719
initial,34,block16.W2,59,16,2.782728910446167,2.7823517322540283,0.0003771781921386719
initial,34,block16.W2,60,16,2.6465654373168945,2.646573305130005,7.867813110351562e-06
initial,34,block16.W2,61,16,2.713655710220337,2.7085909843444824,0.005064725875854492
initial,34,block16.W2,62,16,2.7401821613311768,2.7341296672821045,0.006052494049072266
initial,34,block16.W2,63,16,2.7525157928466797,2.7521910667419434,0.0003247261047363281
initial,35,block17.W1,0,16,2.7062220573425293,2.7030527591705322,0.0031692981719970703
initial,35,block17.W1,1,16,2.6152195930480957,2.613986015319824,0.0012335777282714844
initial,35,block17.W1,2,16,2.5564637184143066,2.5574984550476074,0.0010347366333007812
initial,35,block17.W1,3,16,2.6518068313598633,2.656221628189087,0.004414796829223633
initial,35,block17.W1,4,16,2.676730155944824,2.675769090652466,0.0009610652923583984
initial,35,block17.W1,5,16,2.6557421684265137,2.656315803527832,0.0005736351013183594
initial,35,block17.W1,6,16,2.6335065364837646,2.632580518722534,0.0009260177612304688
initial,35,block17.W1,7,16,2.5693771839141846,2.5682482719421387,0.0011289119720458984
initial,35,block17.W1,8,16,2.6455271244049072,2.648346424102783,0.0028192996978759766
initial,35,block17.W1,9,16,2.8040411472320557,2.80389666557312,0.00014448165893554688
initial,35,block17.W1,10,16,2.5586767196655273,2.5582871437072754,0.0003895759582519531
initial,35,block17.W1,11,16,2.762258529663086,2.7563507556915283,0.005907773971557617
initial,35,block17.W1,12,16,2.6233444213867188,2.6222710609436035,0.0010733604431152344
initial,35,block17.W1,13,16,2.607322931289673,2.609839677810669,0.0025167465209960938
initial,35,block17.W1,14,16,2.7166733741760254,2.713221549987793,0.003451824188232422
initial,35,block17.W1,15,16,2.6087303161621094,2.6123926639556885,0.0036623477935791016
initial,35,block17.W1,16,16,2.604830741882324,2.605811834335327,0.0009810924530029297
initial,35,block17.W1,17,16,2.59892201423645,2.599855661392212,0.0009336471557617188
initial,35,block17.W1,18,16,2.625082492828369,2.624429702758789,0.0006527900695800781
initial,35,block17.W1,19,16,2.569878101348877,2.5696120262145996,0.00026607513427734375
initial,35,block17.W1,20,16,2.6284515857696533,2.6275906562805176,0.0008609294891357422
initial,35,block17.W1,21,16,2.6726229190826416,2.667464256286621,0.005158662796020508
initial,35,block17.W1,22,16,2.6731839179992676,2.676043748855591,0.002859830856323242
initial,35,block17.W1,23,16,2.666694402694702,2.6715331077575684,0.004838705062866211
initial,35,block17.W1,24,16,2.669882297515869,2.6692373752593994,0.0006449222564697266
initial,35,block17.W1,25,16,2.699406385421753,2.7018139362335205,0.002407550811767578
initial,35,block17.W1,26,16,2.601344585418701,2.6018283367156982,0.0004837512969970703
initial,35,block17.W1,27,16,2.6495325565338135,2.65079402923584,0.0012614727020263672
initial,35,block17.W1,28,16,2.658977746963501,2.6593613624572754,0.00038361549377441406
initial,35,block17.W1,29,16,2.605639696121216,2.6088671684265137,0.0032274723052978516
initial,35,block17.W1,30,16,2.760047435760498,2.767892360687256,0.007844924926757812
initial,35,block17.W1,31,16,2.8151988983154297,2.8139090538024902,0.0012898445129394531
initial,35,block17.W1,32,16,2.6387691497802734,2.638936758041382,0.00016760826110839844
initial,35,block17.W1,33,16,2.682555675506592,2.679905652999878,0.002650022506713867
initial,35,block17.W1,34,16,2.731265068054199,2.7345588207244873,0.003293752670288086
initial,35,block17.W1,35,16,2.634716033935547,2.6413450241088867,0.006628990173339844
initial,35,block17.W1,36,16,2.7263400554656982,2.726364850997925,2.47955322265625e-05
initial,35,block17.W1,37,16,2.7642791271209717,2.7612578868865967,0.003021240234375
initial,35,block17.W1,38,16,2.7078614234924316,2.7082817554473877,0.0004203319549560547
initial,35,block17.W1,39,16,2.7831032276153564,2.773573875427246,0.009529352188110352
initial,35,block17.W1,40,16,2.767578363418579,2.7695131301879883,0.0019347667694091797
initial,35,block17.W1,41,16,2.579608201980591,2.5808441638946533,0.0012359619140625
initial,35,block17.W1,42,16,2.732332229614258,2.735840082168579,0.003507852554321289
initial,35,block17.W1,43,16,2.765726089477539,2.7670435905456543,0.0013175010681152344
initial,35,block17.W1,44,16,2.64939284324646,2.649463415145874,7.05718994140625e-05
initial,35,block17.W1,45,16,2.622426748275757,2.6256117820739746,0.0031850337982177734
initial,35,block17.W1,46,16,2.637288808822632,2.6423306465148926,0.005041837692260742
initial,35,block17.W1,47,16,2.557729482650757,2.5552186965942383,0.0025107860565185547
initial,35,block17.W1,48,16,2.6675524711608887,2.6678378582000732,0.0002853870391845703
initial,35,block17.W1,49,16,2.639164686203003,2.642610549926758,0.003445863723754883
initial,35,block17.W1,50,16,2.6849870681762695,2.6852927207946777,0.0003056526184082031
initial,35,block17.W1,51,16,2.7153468132019043,2.715672731399536,0.00032591819763183594
initial,35,block17.W1,52,16,2.655667781829834,2.662076234817505,0.0064084529876708984
initial,35,block17.W1,53,16,2.7000203132629395,2.697366237640381,0.0026540756225585938
initial,35,block17.W1,54,16,2.7450151443481445,2.7503726482391357,0.005357503890991211
initial,35,block17.W1,55,16,2.7134547233581543,2.7083823680877686,0.005072355270385742
initial,35,block17.W1,56,16,2.7104694843292236,2.7096450328826904,0.0008244514465332031
initial,35,block17.W1,57,16,2.718325138092041,2.71877121925354,0.00044608116149902344
initial,35,block17.W1,58,16,2.727954387664795,2.7264108657836914,0.0015435218811035156
initial,35,block17.W1,59,16,2.8389129638671875,2.8449721336364746,0.006059169769287109
initial,35,block17.W1,60,16,2.6126255989074707,2.6123132705688477,0.0003123283386230469
initial,35,block17.W1,61,16,2.6251728534698486,2.627953052520752,0.0027801990509033203
initial,35,block17.W1,62,16,2.665469169616699,2.6644675731658936,0.001001596450805664
initial,35,block17.W1,63,16,2.6747944355010986,2.6766369342803955,0.001842498779296875
initial,36,block17.W2,0,16,2.6220695972442627,2.6252429485321045,0.003173351287841797
initial,36,block17.W2,1,16,2.584520101547241,2.5886001586914062,0.004080057144165039
initial,36,block17.W2,2,16,2.7125003337860107,2.7170279026031494,0.004527568817138672
initial,36,block17.W2,3,16,2.6556143760681152,2.657506227493286,0.0018918514251708984
initial,36,block17.W2,4,16,2.7213027477264404,2.721933603286743,0.0006308555603027344
initial,36,block17.W2,5,16,2.635892629623413,2.6314659118652344,0.004426717758178711
initial,36,block17.W2,6,16,2.649266242980957,2.64726185798645,0.002004384994506836
initial,36,block17.W2,7,16,2.604027509689331,2.6013259887695312,0.0027015209197998047
initial,36,block17.W2,8,16,2.6015877723693848,2.6004176139831543,0.0011701583862304688
initial,36,block17.W2,9,16,2.7093093395233154,2.7107245922088623,0.001415252685546875
initial,36,block17.W2,10,16,2.7192020416259766,2.7215001583099365,0.002298116683959961
initial,36,block17.W2,11,16,2.753319263458252,2.751631498336792,0.001687765121459961
initial,36,block17.W2,12,16,2.6715009212493896,2.6708931922912598,0.0006077289581298828
initial,36,block17.W2,13,16,2.460080146789551,2.458181381225586,0.0018987655639648438
initial,36,block17.W2,14,16,2.5860812664031982,2.5843448638916016,0.0017364025115966797
initial,36,block17.W2,15,16,2.654991626739502,2.6584746837615967,0.0034830570220947266
initial,36,block17.W2,16,16,2.687209367752075,2.6878676414489746,0.0006582736968994141
initial,36,block17.W2,17,16,2.57658052444458,2.5836691856384277,0.007088661193847656
initial,36,block17.W2,18,16,2.6350691318511963,2.632901191711426,0.002167940139770508
initial,36,block17.W2,19,16,2.6316728591918945,2.6332473754882812,0.0015745162963867188
initial,36,block17.W2,20,16,2.5953283309936523,2.59545636177063,0.00012803077697753906
initial,36,block17.W2,21,16,2.556157112121582,2.5618972778320312,0.005740165710449219
initial,36,block17.W2,22,16,2.5848536491394043,2.5837247371673584,0.0011289119720458984
initial,36,block17.W2,23,16,2.777981758117676,2.7748918533325195,0.00308990478515625
initial,36,block17.W2,24,16,2.6789190769195557,2.677037000656128,0.0018820762634277344
initial,36,block17.W2,25,16,2.794860363006592,2.795193910598755,0.00033354759216308594
initial,36,block17.W2,26,16,2.6639838218688965,2.663546085357666,0.00043773651123046875
initial,36,block17.W2,27,16,2.603123426437378,2.6061246395111084,0.0030012130737304688
initial,36,block17.W2,28,16,2.6934733390808105,2.691676616668701,0.001796722412109375
initial,36,block17.W2,29,16,2.6442227363586426,2.6467409133911133,0.002518177032470703
initial,36,block17.W2,30,16,2.6929516792297363,2.695925712585449,0.0029740333557128906
initial,36,block17.W2,31,16,2.6413800716400146,2.641761302947998,0.00038123130798339844
initial,36,block17.W2,32,16,2.629812240600586,2.6279449462890625,0.0018672943115234375
initial,36,block17.W2,33,16,2.837179660797119,2.8295154571533203,0.007664203643798828
initial,36,block17.W2,34,16,2.588691473007202,2.5864882469177246,0.002203226089477539
initial,36,block17.W2,35,16,2.7078068256378174,2.7053275108337402,0.0024793148040771484
initial,36,block17.W2,36,16,2.6803348064422607,2.6831445693969727,0.002809762954711914
initial,36,block17.W2,37,16,2.578119993209839,2.5767922401428223,0.0013277530670166016
initial,36,block17.W2,38,16,2.532205104827881,2.5350589752197266,0.002853870391845703
initial,36,block17.W2,39,16,2.6460483074188232,2.6479439735412598,0.0018956661224365234
initial,36,block17.W2,40,16,2.688767433166504,2.68906831741333,0.0003008842468261719
initial,36,block17.W2,41,16,2.5667245388031006,2.5672452449798584,0.0005207061767578125
initial,36,block17.W2,42,16,2.717695713043213,2.720792293548584,0.0030965805053710938
initial,36,block17.W2,43,16,2.6564528942108154,2.656719923019409,0.00026702880859375
initial,36,block17.W2,44,16,2.6749799251556396,2.6728503704071045,0.0021295547485351562
initial,36,block17.W2,45,16,2.6358914375305176,2.6363115310668945,0.0004200935363769531
initial,36,block17.W2,46,16,2.704267978668213,2.705000638961792,0.0007326602935791016
initial,36,block17.W2,47,16,2.6315228939056396,2.634100914001465,0.0025780200958251953
initial,36,block17.W2,48,16,2.6578543186187744,2.657313346862793,0.0005409717559814453
initial,36,block17.W2,49,16,2.5840580463409424,2.5875353813171387,0.003477334976196289
initial,36,block17.W2,50,16,2.8115479946136475,2.8101935386657715,0.0013544559478759766
initial,36,block17.W2,51,16,2.6230733394622803,2.622586965560913,0.0004863739013671875
initial,36,block17.W2,52,16,2.7034106254577637,2.6991772651672363,0.004233360290527344
initial,36,block17.W2,53,16,2.6268937587738037,2.6301870346069336,0.003293275833129883
initial,36,block17.W2,54,16,2.6459410190582275,2.644956111907959,0.0009849071502685547
initial,36,block17.W2,55,16,2.687490463256836,2.685671091079712,0.0018193721771240234
initial,36,block17.W2,56,16,2.6658449172973633,2.667607069015503,0.0017621517181396484
initial,36,block17.W2,57,16,2.826937198638916,2.831923484802246,0.004986286163330078
initial,36,block17.W2,58,16,2.7297420501708984,2.7331137657165527,0.003371715545654297
initial,36,block17.W2,59,16,2.597433090209961,2.601811647415161,0.004378557205200195
initial,36,block17.W2,60,16,2.5888383388519287,2.587083339691162,0.0017549991607666016
initial,36,block17.W2,61,16,2.6328487396240234,2.630066156387329,0.002782583236694336
initial,36,block17.W2,62,16,2.7513155937194824,2.759972095489502,0.008656501770019531
initial,36,block17.W2,63,16,2.6798861026763916,2.6824519634246826,0.0025658607482910156
initial,37,block18.W1,0,16,2.6383554935455322,2.6364967823028564,0.0018587112426757812
initial,37,block18.W1,1,16,2.7841899394989014,2.7831292152404785,0.0010607242584228516
initial,37,block18.W1,2,16,2.572108745574951,2.575838804244995,0.0037300586700439453
initial,37,block18.W1,3,16,2.6253769397735596,2.622710704803467,0.0026662349700927734
initial,37,block18.W1,4,16,2.6835408210754395,2.681577205657959,0.0019636154174804688
initial,37,block18.W1,5,16,2.642282485961914,2.642357110977173,7.462501525878906e-05
initial,37,block18.W1,6,16,2.718538522720337,2.7171435356140137,0.0013949871063232422
initial,37,block18.W1,7,16,2.6312451362609863,2.6337192058563232,0.002474069595336914
initial,37,block18.W1,8,16,2.7131218910217285,2.7068772315979004,0.006244659423828125
initial,37,block18.W1,9,16,2.676335334777832,2.6754181385040283,0.0009171962738037109
initial,37,block18.W1,10,16,2.7120180130004883,2.7093398571014404,0.0026781558990478516
initial,37,block18.W1,11,16,2.6836354732513428,2.6791489124298096,0.004486560821533203
initial,37,block18.W1,12,16,2.797473669052124,2.7977190017700195,0.0002453327178955078
initial,37,block18.W1,13,16,2.6633477210998535,2.6624486446380615,0.0008990764617919922
initial,37,block18.W1,14,16,2.7053542137145996,2.7028753757476807,0.0024788379669189453
initial,37,block18.W1,15,16,2.6799399852752686,2.683948040008545,0.004008054733276367
initial,37,block18.W1,16,16,2.7210586071014404,2.721078395843506,1.9788742065429688e-05
initial,37,block18.W1,17,16,2.6807034015655518,2.6766774654388428,0.004025936126708984
initial,37,block18.W1,18,16,2.6888961791992188,2.6976816654205322,0.008785486221313477
initial,37,block18.W1,19,16,2.5384387969970703,2.537688732147217,0.0007500648498535156
initial,37,block18.W1,20,16,2.6489527225494385,2.6497318744659424,0.0007791519165039062
initial,37,block18.W1,21,16,2.706650495529175,2.709181308746338,0.002530813217163086
initial,37,block18.W1,22,16,2.6423087120056152,2.6431081295013428,0.0007994174957275391
initial,37,block18.W1,23,16,2.7194111347198486,2.7184085845947266,0.0010025501251220703
initial,37,block18.W1,24,16,2.689180850982666,2.6934428215026855,0.004261970520019531
initial,37,block18.W1,25,16,2.678837299346924,2.676727294921875,0.002110004425048828
initial,37,block18.W1,26,16,2.6224708557128906,2.621232509613037,0.0012383460998535156
initial,37,block18.W1,27,16,2.5511016845703125,2.545668125152588,0.005433559417724609
initial,37,block18.W1,28,16,2.7248756885528564,2.7255706787109375,0.0006949901580810547
initial,37,block18.W1,29,16,2.6678476333618164,2.6689274311065674,0.0010797977447509766
initial,37,block18.W1,30,16,2.65686297416687,2.6578009128570557,0.0009379386901855469
initial,37,block18.W1,31,16,2.7069361209869385,2.700779676437378,0.006156444549560547
initial,37,block18.W1,32,16,2.723266363143921,2.725050687789917,0.0017843246459960938
initial,37,block18.W1,33,16,2.6594483852386475,2.656158685684204,0.0032896995544433594
initial,37,block18.W1,34,16,2.540191173553467,2.541140079498291,0.0009489059448242188
initial,37,block18.W1,35,16,2.6667470932006836,2.6644980907440186,0.002249002456665039
initial,37,block18.W1,36,16,2.6629884243011475,2.6611781120300293,0.001810312271118164
initial,37,block18.W1,37,16,2.5947628021240234,2.5961291790008545,0.0013663768768310547
initial,37,block18.W1,38,16,2.6923186779022217,2.6904423236846924,0.0018763542175292969
initial,37,block18.W1,39,16,2.608565092086792,2.6077587604522705,0.0008063316345214844
initial,37,block18.W1,40,16,2.685281991958618,2.6862545013427734,0.0009725093841552734
initial,37,block18.W1,41,16,2.675792932510376,2.677527904510498,0.0017349720001220703
initial,37,block18.W1,42,16,2.6377601623535156,2.64241623878479,0.004656076431274414
initial,37,block18.W1,43,16,2.8053510189056396,2.8073225021362305,0.0019714832305908203
initial,37,block18.W1,44,16,2.633476972579956,2.6305618286132812,0.0029151439666748047
initial,37,block18.W1,45,16,2.7148795127868652,2.7120397090911865,0.002839803695678711
initial,37,block18.W1,46,16,2.6248531341552734,2.6242895126342773,0.0005636215209960938
initial,37,block18.W1,47,16,2.7110772132873535,2.7123985290527344,0.0013213157653808594
initial,37,block18.W1,48,16,2.730501174926758,2.727552890777588,0.002948284149169922
initial,37,block18.W1,49,16,2.7153499126434326,2.715108871459961,0.0002410411834716797
initial,37,block18.W1,50,16,2.6841530799865723,2.6838839054107666,0.00026917457580566406
initial,37,block18.W1,51,16,2.668142557144165,2.672189235687256,0.00404667854309082
initial,37,block18.W1,52,16,2.81485915184021,2.816953659057617,0.0020945072174072266
initial,37,block18.W1,53,16,2.6080312728881836,2.6092379093170166,0.0012066364288330078
initial,37,block18.W1,54,16,2.659651756286621,2.6575639247894287,0.002087831497192383
initial,37,block18.W1,55,16,2.6910104751586914,2.6910831928253174,7.271766662597656e-05
initial,37,block18.W1,56,16,2.608973741531372,2.610840320587158,0.0018665790557861328
initial,37,block18.W1,57,16,2.6796727180480957,2.6834819316864014,0.003809213638305664
initial,37,block18.W1,58,16,2.7153701782226562,2.719755172729492,0.0043849945068359375
initial,37,block18.W1,59,16,2.606217622756958,2.6104235649108887,0.004205942153930664
initial,37,block18.W1,60,16,2.746570587158203,2.7484259605407715,0.0018553733825683594
initial,37,block18.W1,61,16,2.7009966373443604,2.702695608139038,0.0016989707946777344
initial,37,block18.W1,62,16,2.7164225578308105,2.7103445529937744,0.006078004837036133
initial,37,block18.W1,63,16,2.670679807662964,2.6729886531829834,0.0023088455200195312
initial,38,block18.W2,0,16,2.6789302825927734,2.6801974773406982,0.0012671947479248047
initial,38,block18.W2,1,16,2.6396071910858154,2.6439900398254395,0.0043828487396240234
initial,38,block18.W2,2,16,2.6045777797698975,2.6043102741241455,0.0002675056457519531
initial,38,block18.W2,3,16,2.669837236404419,2.668578624725342,0.0012586116790771484
initial,38,block18.W2,4,16,2.720491886138916,2.7234690189361572,0.002977132797241211
initial,38,block18.W2,5,16,2.7479565143585205,2.7486400604248047,0.0006835460662841797
initial,38,block18.W2,6,16,2.6270384788513184,2.624545097351074,0.0024933815002441406
initial,38,block18.W2,7,16,2.5659666061401367,2.5638346672058105,0.002131938934326172
initial,38,block18.W2,8,16,2.6336472034454346,2.63612699508667,0.0024797916412353516
initial,38,block18.W2,9,16,2.725034475326538,2.7242586612701416,0.0007758140563964844
initial,38,block18.W2,10,16,2.6574933528900146,2.6565823554992676,0.0009109973907470703
initial,38,block18.W2,11,16,2.696532726287842,2.6969988346099854,0.0004661083221435547
initial,38,block18.W2,12,16,2.651531934738159,2.6520028114318848,0.00047087669372558594
initial,38,block18.W2,13,16,2.6265628337860107,2.625845193862915,0.0007176399230957031
initial,38,block18.W2,14,16,2.636308431625366,2.6353511810302734,0.0009572505950927734
initial,38,block18.W2,15,16,2.666804313659668,2.6671175956726074,0.0003132820129394531
initial,38,block18.W2,16,16,2.763073444366455,2.7616071701049805,0.0014662742614746094
initial,38,block18.W2,17,16,2.7963366508483887,2.8008086681365967,0.004472017288208008
initial,38,block18.W2,18,16,2.639134645462036,2.6369717121124268,0.002162933349609375
initial,38,block18.W2,19,16,2.6835360527038574,2.6832945346832275,0.0002415180206298828
initial,38,block18.W2,20,16,2.711038589477539,2.710772752761841,0.0002658367156982422
initial,38,block18.W2,21,16,2.761131525039673,2.764315128326416,0.003183603286743164
initial,38,block18.W2,22,16,2.6284008026123047,2.629521369934082,0.0011205673217773438
initial,38,block18.W2,23,16,2.648705244064331,2.648043155670166,0.0006620883941650391
initial,38,block18.W2,24,16,2.5695621967315674,2.5748887062072754,0.005326509475708008
initial,38,block18.W2,25,16,2.745704174041748,2.746469020843506,0.0007648468017578125
initial,38,block18.W2,26,16,2.6722962856292725,2.670745849609375,0.001550436019897461
initial,38,block18.W2,27,16,2.528881072998047,2.5258798599243164,0.0030012130737304688
initial,38,block18.W2,28,16,2.630074977874756,2.630542039871216,0.00046706199645996094
initial,38,block18.W2,29,16,2.6649088859558105,2.665173053741455,0.00026416778564453125
initial,38,block18.W2,30,16,2.6469027996063232,2.646594285964966,0.0003085136413574219
initial,38,block18.W2,31,16,2.6069085597991943,2.609351396560669,0.0024428367614746094
initial,38,block18.W2,32,16,2.61518931388855,2.615999937057495,0.0008106231689453125
initial,38,block18.W2,33,16,2.5209157466888428,2.516679286956787,0.004236459732055664
initial,38,block18.W2,34,16,2.6981122493743896,2.6968698501586914,0.0012423992156982422
initial,38,block18.W2,35,16,2.793696165084839,2.7973215579986572,0.0036253929138183594
initial,38,block18.W2,36,16,2.6143877506256104,2.613750457763672,0.0006372928619384766
initial,38,block18.W2,37,16,2.621114492416382,2.6220662593841553,0.0009517669677734375
initial,38,block18.W2,38,16,2.557046890258789,2.5544254779815674,0.0026214122772216797
initial,38,block18.W2,39,16,2.6638081073760986,2.6697840690612793,0.005975961685180664
initial,38,block18.W2,40,16,2.6990244388580322,2.696077585220337,0.0029468536376953125
initial,38,block18.W2,41,16,2.7347946166992188,2.7301619052886963,0.004632711410522461
initial,38,block18.W2,42,16,2.6061062812805176,2.608503580093384,0.002397298812866211
initial,38,block18.W2,43,16,2.5824391841888428,2.5851824283599854,0.002743244171142578
initial,38,block18.W2,44,16,2.627786636352539,2.6256730556488037,0.0021135807037353516
initial,38,block18.W2,45,16,2.5692496299743652,2.5696237087249756,0.00037407875061035156
initial,38,block18.W2,46,16,2.611748695373535,2.609659433364868,0.002089262008666992
initial,38,block18.W2,47,16,2.771069049835205,2.7698614597320557,0.001207590103149414
initial,38,block18.W2,48,16,2.5473949909210205,2.5475080013275146,0.00011301040649414062
initial,38,block18.W2,49,16,2.7410318851470947,2.7415642738342285,0.0005323886871337891
initial,38,block18.W2,50,16,2.7822322845458984,2.7767415046691895,0.005490779876708984
initial,38,block18.W2,51,16,2.633683204650879,2.639134407043457,0.005451202392578125
initial,38,block18.W2,52,16,2.5828497409820557,2.583416700363159,0.0005669593811035156
initial,38,block18.W2,53,16,2.7021689414978027,2.700371503829956,0.0017974376678466797
initial,38,block18.W2,54,16,2.666815996170044,2.669201374053955,0.002385377883911133
initial,38,block18.W2,55,16,2.6888883113861084,2.6880438327789307,0.0008444786071777344
initial,38,block18.W2,56,16,2.6076385974884033,2.608062982559204,0.00042438507080078125
initial,38,block18.W2,57,16,2.713336706161499,2.71099591255188,0.0023407936096191406
initial,38,block18.W2,58,16,2.578110933303833,2.5796875953674316,0.0015766620635986328
initial,38,block18.W2,59,16,2.652895212173462,2.6494548320770264,0.003440380096435547
initial,38,block18.W2,60,16,2.5588436126708984,2.558777093887329,6.651878356933594e-05
initial,38,block18.W2,61,16,2.7222771644592285,2.7219455242156982,0.00033164024353027344
initial,38,block18.W2,62,16,2.644409656524658,2.646514654159546,0.0021049976348876953
initial,38,block18.W2,63,16,2.612896203994751,2.615691661834717,0.0027954578399658203
initial,39,block19.W1,0,16,2.4994664192199707,2.4987125396728516,0.0007538795471191406
initial,39,block19.W1,1,16,2.7018773555755615,2.7071540355682373,0.005276679992675781
initial,39,block19.W1,2,16,2.5217819213867188,2.5206058025360107,0.0011761188507080078
initial,39,block19.W1,3,16,2.6035985946655273,2.6074793338775635,0.003880739212036133
initial,39,block19.W1,4,16,2.808812141418457,2.8045217990875244,0.004290342330932617
initial,39,block19.W1,5,16,2.6238646507263184,2.617678642272949,0.006186008453369141
initial,39,block19.W1,6,16,2.6186721324920654,2.620777130126953,0.0021049976348876953
initial,39,block19.W1,7,16,2.8135342597961426,2.8153910636901855,0.0018568038940429688
initial,39,block19.W1,8,16,2.635866641998291,2.634629011154175,0.001237630844116211
initial,39,block19.W1,9,16,2.6389167308807373,2.641098976135254,0.0021822452545166016
initial,39,block19.W1,10,16,2.65541672706604,2.6573562622070312,0.001939535140991211
initial,39,block19.W1,11,16,2.6575541496276855,2.6583609580993652,0.0008068084716796875
initial,39,block19.W1,12,16,2.696951150894165,2.6936228275299072,0.0033283233642578125
initial,39,block19.W1,13,16,2.6252763271331787,2.6246678829193115,0.0006084442138671875
initial,39,block19.W1,14,16,2.5972740650177,2.5976593494415283,0.000385284423828125
initial,39,block19.W1,15,16,2.6795451641082764,2.6822588443756104,0.0027136802673339844
initial,39,block19.W1,16,16,2.76397967338562,2.7657010555267334,0.0017213821411132812
initial,39,block19.W1,17,16,2.700441360473633,2.6987767219543457,0.0016646385192871094
initial,39,block19.W1,18,16,2.699483871459961,2.6935722827911377,0.005911588668823242
initial,39,block19.W1,19,16,2.609691619873047,2.6064047813415527,0.0032868385314941406
initial,39,block19.W1,20,16,2.6381847858428955,2.634866237640381,0.0033185482025146484
initial,39,block19.W1,21,16,2.5877578258514404,2.5859649181365967,0.00179290771484375
initial,39,block19.W1,22,16,2.6454179286956787,2.6442759037017822,0.0011420249938964844
initial,39,block19.W1,23,16,2.6763815879821777,2.6724300384521484,0.003951549530029297
initial,39,block19.W1,24,16,2.7348129749298096,2.740933656692505,0.0061206817626953125
initial,39,block19.W1,25,16,2.826371431350708,2.8267252445220947,0.00035381317138671875
initial,39,block19.W1,26,16,2.662982940673828,2.663267135620117,0.0002841949462890625
initial,39,block19.W1,27,16,2.671100378036499,2.6750078201293945,0.003907442092895508
initial,39,block19.W1,28,16,2.6518030166625977,2.6531169414520264,0.001313924789428711
initial,39,block19.W1,29,16,2.546147584915161,2.5452020168304443,0.0009455680847167969
initial,39,block19.W1,30,16,2.7785027027130127,2.7799072265625,0.0014045238494873047
initial,39,block19.W1,31,16,2.570890426635742,2.5746400356292725,0.0037496089935302734
initial,39,block19.W1,32,16,2.742675304412842,2.7486746311187744,0.005999326705932617
initial,39,block19.W1,33,16,2.7211923599243164,2.715532064437866,0.005660295486450195
initial,39,block19.W1,34,16,2.705214738845825,2.7000105381011963,0.005204200744628906
initial,39,block19.W1,35,16,2.627289056777954,2.626565456390381,0.0007236003875732422
initial,39,block19.W1,36,16,2.7091190814971924,2.709569215774536,0.00045013427734375
initial,39,block19.W1,37,16,2.7241322994232178,2.723532199859619,0.0006000995635986328
initial,39,block19.W1,38,16,2.656362533569336,2.658825159072876,0.002462625503540039
initial,39,block19.W1,39,16,2.6757798194885254,2.677060842514038,0.0012810230255126953
initial,39,block19.W1,40,16,2.5515522956848145,2.551501512527466,5.078315734863281e-05
initial,39,block19.W1,41,16,2.8079874515533447,2.8060688972473145,0.0019185543060302734
initial,39,block19.W1,42,16,2.5683650970458984,2.5644845962524414,0.0038805007934570312
initial,39,block19.W1,43,16,2.6084470748901367,2.6092710494995117,0.000823974609375
initial,39,block19.W1,44,16,2.615675926208496,2.6142358779907227,0.0014400482177734375
initial,39,block19.W1,45,16,2.6061723232269287,2.610912322998047,0.004739999771118164
initial,39,block19.W1,46,16,2.610652446746826,2.6139583587646484,0.0033059120178222656
initial,39,block19.W1,47,16,2.6633269786834717,2.6536478996276855,0.009679079055786133
initial,39,block19.W1,48,16,2.7531158924102783,2.754420518875122,0.00130462646484375
initial,39,block19.W1,49,16,2.6173901557922363,2.6180217266082764,0.0006315708160400391
initial,39,block19.W1,50,16,2.7584149837493896,2.751812696456909,0.006602287292480469
initial,39,block19.W1,51,16,2.574373960494995,2.576843738555908,0.002469778060913086
initial,39,block19.W1,52,16,2.5561885833740234,2.5571303367614746,0.0009417533874511719
initial,39,block19.W1,53,16,2.6157054901123047,2.616506576538086,0.00080108642578125
initial,39,block19.W1,54,16,2.675870656967163,2.67612624168396,0.000255584716796875
initial,39,block19.W1,55,16,2.727358818054199,2.728945255279541,0.0015864372253417969
initial,39,block19.W1,56,16,2.708522081375122,2.7066681385040283,0.00185394287109375
initial,39,block19.W1,57,16,2.5976414680480957,2.60074520111084,0.0031037330627441406
initial,39,block19.W1,58,16,2.466036319732666,2.4656925201416016,0.0003437995910644531
initial,39,block19.W1,59,16,2.6719515323638916,2.669161558151245,0.0027899742126464844
initial,39,block19.W1,60,16,2.650455951690674,2.6526336669921875,0.002177715301513672
initial,39,block19.W1,61,16,2.6649694442749023,2.6672744750976562,0.0023050308227539062
initial,39,block19.W1,62,16,2.6958236694335938,2.6948659420013428,0.0009577274322509766
initial,39,block19.W1,63,16,2.584770917892456,2.5828797817230225,0.0018911361694335938
initial,40,block19.W2,0,16,2.5415267944335938,2.5438201427459717,0.0022933483123779297
initial,40,block19.W2,1,16,2.5824570655822754,2.582742929458618,0.00028586387634277344
initial,40,block19.W2,2,16,2.5978803634643555,2.6002633571624756,0.002382993698120117
initial,40,block19.W2,3,16,2.6227407455444336,2.623687744140625,0.0009469985961914062
initial,40,block19.W2,4,16,2.779188632965088,2.7788236141204834,0.0003650188446044922
initial,40,block19.W2,5,16,2.689708948135376,2.6841773986816406,0.0055315494537353516
initial,40,block19.W2,6,16,2.723477602005005,2.7246921062469482,0.0012145042419433594
initial,40,block19.W2,7,16,2.5436038970947266,2.5445592403411865,0.0009553432464599609
initial,40,block19.W2,8,16,2.5622785091400146,2.560103178024292,0.0021753311157226562
initial,40,block19.W2,9,16,2.7310776710510254,2.7331161499023438,0.0020384788513183594
initial,40,block19.W2,10,16,2.7058677673339844,2.7006664276123047,0.0052013397216796875
initial,40,block19.W2,11,16,2.6717529296875,2.6721279621124268,0.0003750324249267578
initial,40,block19.W2,12,16,2.752178430557251,2.75173282623291,0.0004456043243408203
initial,40,block19.W2,13,16,2.602693796157837,2.605098247528076,0.002404451370239258
initial,40,block19.W2,14,16,2.6272339820861816,2.6293978691101074,0.0021638870239257812
initial,40,block19.W2,15,16,2.580721616744995,2.5845682621002197,0.0038466453552246094
initial,40,block19.W2,16,16,2.675938606262207,2.6709418296813965,0.004996776580810547
initial,40,block19.W2,17,16,2.605682849884033,2.6014199256896973,0.0042629241943359375
initial,40,block19.W2,18,16,2.7182064056396484,2.7162282466888428,0.001978158950805664
initial,40,block19.W2,19,16,2.6589787006378174,2.6656317710876465,0.0066530704498291016
initial,40,block19.W2,20,16,2.704521894454956,2.7071542739868164,0.0026323795318603516
initial,40,block19.W2,21,16,2.604592800140381,2.608335494995117,0.003742694854736328
initial,40,block19.W2,22,16,2.534843683242798,2.534489154815674,0.00035452842712402344
initial,40,block19.W2,23,16,2.6976208686828613,2.695852279663086,0.0017685890197753906
initial,40,block19.W2,24,16,2.574199676513672,2.5726990699768066,0.0015006065368652344
initial,40,block19.W2,25,16,2.6491425037384033,2.6529123783111572,0.0037698745727539062
initial,40,block19.W2,26,16,2.658625364303589,2.6577584743499756,0.0008668899536132812
initial,40,block19.W2,27,16,2.5529515743255615,2.552039384841919,0.0009121894836425781
initial,40,block19.W2,28,16,2.640994071960449,2.6479721069335938,0.006978034973144531
initial,40,block19.W2,29,16,2.4765210151672363,2.4757559299468994,0.0007650852203369141
initial,40,block19.W2,30,16,2.642258405685425,2.6419918537139893,0.0002665519714355469
initial,40,block19.W2,31,16,2.581489324569702,2.5816612243652344,0.00017189979553222656
initial,40,block19.W2,32,16,2.7137813568115234,2.7124273777008057,0.0013539791107177734
initial,40,block19.W2,33,16,2.7549610137939453,2.76025652885437,0.005295515060424805
initial,40,block19.W2,34,16,2.578768730163574,2.5745272636413574,0.004241466522216797
initial,40,block19.W2,35,16,2.594219207763672,2.591154098510742,0.0030651092529296875
initial,40,block19.W2,36,16,2.6544525623321533,2.654928684234619,0.0004761219024658203
initial,40,block19.W2,37,16,2.786561965942383,2.7894275188446045,0.0028655529022216797
initial,40,block19.W2,38,16,2.6539111137390137,2.651506185531616,0.002404928207397461
initial,40,block19.W2,39,16,2.5982472896575928,2.600053310394287,0.001806020736694336
initial,40,block19.W2,40,16,2.674166679382324,2.672513246536255,0.001653432846069336
initial,40,block19.W2,41,16,2.7472939491271973,2.745164632797241,0.0021293163299560547
initial,40,block19.W2,42,16,2.671578884124756,2.66992449760437,0.0016543865203857422
initial,40,block19.W2,43,16,2.6723060607910156,2.673123598098755,0.0008175373077392578
initial,40,block19.W2,44,16,2.768864870071411,2.7657663822174072,0.0030984878540039062
initial,40,block19.W2,45,16,2.6541049480438232,2.651167631149292,0.00293731689453125
initial,40,block19.W2,46,16,2.6851675510406494,2.683934211730957,0.0012333393096923828
initial,40,block19.W2,47,16,2.6833536624908447,2.6852312088012695,0.0018775463104248047
initial,40,block19.W2,48,16,2.5650010108947754,2.566791534423828,0.0017905235290527344
initial,40,block19.W2,49,16,2.6298999786376953,2.6285040378570557,0.0013959407806396484
initial,40,block19.W2,50,16,2.6622636318206787,2.65899395942688,0.003269672393798828
initial,40,block19.W2,51,16,2.739798069000244,2.7476465702056885,0.007848501205444336
initial,40,block19.W2,52,16,2.74609637260437,2.748588800430298,0.0024924278259277344
initial,40,block19.W2,53,16,2.671635150909424,2.6715478897094727,8.726119995117188e-05
initial,40,block19.W2,54,16,2.687739372253418,2.6949727535247803,0.007233381271362305
initial,40,block19.W2,55,16,2.6291089057922363,2.625308036804199,0.0038008689880371094
initial,40,block19.W2,56,16,2.668858051300049,2.6645419597625732,0.004316091537475586
initial,40,block19.W2,57,16,2.7491769790649414,2.7442729473114014,0.004904031753540039
initial,40,block19.W2,58,16,2.7330715656280518,2.7290198802948,0.004051685333251953
initial,40,block19.W2,59,16,2.4986870288848877,2.5010907649993896,0.002403736114501953
initial,40,block19.W2,60,16,2.748338222503662,2.7452633380889893,0.0030748844146728516
initial,40,block19.W2,61,16,2.607194423675537,2.6111373901367188,0.003942966461181641
initial,40,block19.W2,62,16,2.642373561859131,2.646214723587036,0.0038411617279052734
initial,40,block19.W2,63,16,2.602902889251709,2.6059579849243164,0.003055095672607422
initial,41,block20.W1,0,16,2.7088775634765625,2.7084405422210693,0.00043702125549316406
initial,41,block20.W1,1,16,2.6084680557250977,2.6102371215820312,0.0017690658569335938
initial,41,block20.W1,2,16,2.6452267169952393,2.650585412979126,0.005358695983886719
initial,41,block20.W1,3,16,2.614687919616699,2.6116580963134766,0.0030298233032226562
initial,41,block20.W1,4,16,2.6356258392333984,2.638481378555298,0.002855539321899414
initial,41,block20.W1,5,16,2.6411819458007812,2.6434221267700195,0.0022401809692382812
initial,41,block20.W1,6,16,2.694179058074951,2.6941845417022705,5.4836273193359375e-06
initial,41,block20.W1,7,16,2.5696117877960205,2.561436176300049,0.00817561149597168
initial,41,block20.W1,8,16,2.715846061706543,2.718123435974121,0.002277374267578125
initial,41,block20.W1,9,16,2.581012487411499,2.578749179840088,0.002263307571411133
initial,41,block20.W1,10,16,2.6749637126922607,2.6788463592529297,0.0038826465606689453
initial,41,block20.W1,11,16,2.7943496704101562,2.7953505516052246,0.0010008811950683594
initial,41,block20.W1,12,16,2.6512200832366943,2.6494452953338623,0.0017747879028320312
initial,41,block20.W1,13,16,2.615243911743164,2.6083364486694336,0.006907463073730469
initial,41,block20.W1,14,16,2.629472494125366,2.628872871398926,0.0005996227264404297
initial,41,block20.W1,15,16,2.741541624069214,2.739450454711914,0.0020911693572998047
initial,41,block20.W1,16,16,2.753329038619995,2.749244451522827,0.004084587097167969
initial,41,block20.W1,17,16,2.7002880573272705,2.698666572570801,0.0016214847564697266
initial,41,block20.W1,18,16,2.6048922538757324,2.6036272048950195,0.0012650489807128906
initial,41,block20.W1,19,16,2.629096269607544,2.625925302505493,0.0031709671020507812
initial,41,block20.W1,20,16,2.705568790435791,2.707505226135254,0.0019364356994628906
initial,41,block20.W1,21,16,2.64648175239563,2.646392583847046,8.916854858398438e-05
initial,41,block20.W1,22,16,2.7675862312316895,2.7679405212402344,0.0003542900085449219
initial,41,block20.W1,23,16,2.6949241161346436,2.6997087001800537,0.004784584045410156
initial,41,block20.W1,24,16,2.594086170196533,2.591498851776123,0.0025873184204101562
initial,41,block20.W1,25,16,2.7429776191711426,2.7439231872558594,0.0009455680847167969
initial,41,block20.W1,26,16,2.606882095336914,2.6060826778411865,0.0007994174957275391
initial,41,block20.W1,27,16,2.6664535999298096,2.670536756515503,0.004083156585693359
initial,41,block20.W1,28,16,2.704216241836548,2.70409893989563,0.00011730194091796875
initial,41,block20.W1,29,16,2.6187009811401367,2.621110200881958,0.002409219741821289
initial,41,block20.W1,30,16,2.7379379272460938,2.734307289123535,0.0036306381225585938
initial,41,block20.W1,31,16,2.763972759246826,2.7624313831329346,0.0015413761138916016
initial,41,block20.W1,32,16,2.6507976055145264,2.6515491008758545,0.000751495361328125
initial,41,block20.W1,33,16,2.7246205806732178,2.7249014377593994,0.0002808570861816406
initial,41,block20.W1,34,16,2.564049005508423,2.567017078399658,0.0029680728912353516
initial,41,block20.W1,35,16,2.7437610626220703,2.74686861038208,0.0031075477600097656
initial,41,block20.W1,36,16,2.5993316173553467,2.5996623039245605,0.0003306865692138672
initial,41,block20.W1,37,16,2.5997581481933594,2.6047799587249756,0.005021810531616211
initial,41,block20.W1,38,16,2.6071479320526123,2.6072564125061035,0.00010848045349121094
initial,41,block20.W1,39,16,2.606563091278076,2.609294891357422,0.002731800079345703
initial,41,block20.W1,40,16,2.700023889541626,2.698596239089966,0.0014276504516601562
initial,41,block20.W1,41,16,2.6280200481414795,2.629692554473877,0.001672506332397461
initial,41,block20.W1,42,16,2.601783275604248,2.595921039581299,0.005862236022949219
initial,41,block20.W1,43,16,2.7240748405456543,2.7243411540985107,0.0002663135528564453
initial,41,block20.W1,44,16,2.6189520359039307,2.6142702102661133,0.004681825637817383
initial,41,block20.W1,45,16,2.5191564559936523,2.517465114593506,0.0016913414001464844
initial,41,block20.W1,46,16,2.6663784980773926,2.663205623626709,0.0031728744506835938
initial,41,block20.W1,47,16,2.8018810749053955,2.8022987842559814,0.0004177093505859375
initial,41,block20.W1,48,16,2.673983335494995,2.670614242553711,0.0033690929412841797
initial,41,block20.W1,49,16,2.573086738586426,2.5750441551208496,0.001957416534423828
initial,41,block20.W1,50,16,2.711277484893799,2.7125930786132812,0.0013155937194824219
initial,41,block20.W1,51,16,2.691833257675171,2.6996448040008545,0.007811546325683594
initial,41,block20.W1,52,16,2.758173942565918,2.7609426975250244,0.0027687549591064453
initial,41,block20.W1,53,16,2.6500022411346436,2.649646759033203,0.0003554821014404297
initial,41,block20.W1,54,16,2.746720552444458,2.7478249073028564,0.0011043548583984375
initial,41,block20.W1,55,16,2.5803635120391846,2.5803873538970947,2.384185791015625e-05
initial,41,block20.W1,56,16,2.5179460048675537,2.51796555519104,1.9550323486328125e-05
initial,41,block20.W1,57,16,2.5818495750427246,2.5817856788635254,6.389617919921875e-05
initial,41,block20.W1,58,16,2.597597360610962,2.5955984592437744,0.0019989013671875
initial,41,block20.W1,59,16,2.5631673336029053,2.567927598953247,0.004760265350341797
initial,41,block20.W1,60,16,2.606046438217163,2.610027551651001,0.003981113433837891
initial,41,block20.W1,61,16,2.61366605758667,2.616257905960083,0.002591848373413086
initial,41,block20.W1,62,16,2.792630195617676,2.7954936027526855,0.0028634071350097656
initial,41,block20.W1,63,16,2.7636303901672363,2.768404722213745,0.004774332046508789
initial,42,block20.W2,0,16,2.6944539546966553,2.696350336074829,0.0018963813781738281
initial,42,block20.W2,1,16,2.6587748527526855,2.658249855041504,0.0005249977111816406
initial,42,block20.W2,2,16,2.7059500217437744,2.7047407627105713,0.001209259033203125
initial,42,block20.W2,3,16,2.769779920578003,2.7718307971954346,0.0020508766174316406
initial,42,block20.W2,4,16,2.6285712718963623,2.623617172241211,0.004954099655151367
initial,42,block20.W2,5,16,2.6278598308563232,2.62926983833313,0.0014100074768066406
initial,42,block20.W2,6,16,2.7182095050811768,2.7166013717651367,0.001608133316040039
initial,42,block20.W2,7,16,2.647656202316284,2.6474900245666504,0.00016617774963378906
initial,42,block20.W2,8,16,2.645047187805176,2.6493449211120605,0.004297733306884766
initial,42,block20.W2,9,16,2.6894688606262207,2.683189630508423,0.0062792301177978516
initial,42,block20.W2,10,16,2.7424373626708984,2.745393753051758,0.002956390380859375
initial,42,block20.W2,11,16,2.7328433990478516,2.7327988147735596,4.458427429199219e-05
initial,42,block20.W2,12,16,2.6469826698303223,2.6498494148254395,0.0028667449951171875
initial,42,block20.W2,13,16,2.6909751892089844,2.6914021968841553,0.00042700767517089844
initial,42,block20.W2,14,16,2.7218122482299805,2.7193548679351807,0.0024573802947998047
initial,42,block20.W2,15,16,2.7762601375579834,2.7743887901306152,0.001871347427368164
initial,42,block20.W2,16,16,2.745365858078003,2.7453930377960205,2.7179718017578125e-05
initial,42,block20.W2,17,16,2.6467976570129395,2.6476128101348877,0.0008151531219482422
initial,42,block20.W2,18,16,2.515681743621826,2.5131759643554688,0.002505779266357422
initial,42,block20.W2,19,16,2.5021591186523438,2.5056862831115723,0.0035271644592285156
initial,42,block20.W2,20,16,2.654405355453491,2.6516010761260986,0.002804279327392578
initial,42,block20.W2,21,16,2.771413564682007,2.7699155807495117,0.0014979839324951172
initial,42,block20.W2,22,16,2.7042665481567383,2.7018728256225586,0.0023937225341796875
initial,42,block20.W2,23,16,2.7844746112823486,2.7876944541931152,0.0032198429107666016
initial,42,block20.W2,24,16,2.5908305644989014,2.58886456489563,0.0019659996032714844
initial,42,block20.W2,25,16,2.691054582595825,2.6892082691192627,0.0018463134765625
initial,42,block20.W2,26,16,2.668536901473999,2.6714210510253906,0.0028841495513916016
initial,42,block20.W2,27,16,2.601590633392334,2.602708339691162,0.001117706298828125
initial,42,block20.W2,28,16,2.7082080841064453,2.7081665992736816,4.1484832763671875e-05
initial,42,block20.W2,29,16,2.72067928314209,2.722327470779419,0.0016481876373291016
initial,42,block20.W2,30,16,2.678854465484619,2.678548812866211,0.0003056526184082031
initial,42,block20.W2,31,16,2.645322799682617,2.645383596420288,6.079673767089844e-05
initial,42,block20.W2,32,16,2.6069865226745605,2.6041157245635986,0.002870798110961914
initial,42,block20.W2,33,16,2.684349775314331,2.683980941772461,0.0003688335418701172
initial,42,block20.W2,34,16,2.7704484462738037,2.7708301544189453,0.00038170814514160156
initial,42,block20.W2,35,16,2.651768922805786,2.654648542404175,0.002879619598388672
initial,42,block20.W2,36,16,2.656742811203003,2.6558151245117188,0.0009276866912841797
initial,42,block20.W2,37,16,2.6964683532714844,2.698669672012329,0.0022013187408447266
initial,42,block20.W2,38,16,2.8383729457855225,2.8384339809417725,6.103515625e-05
initial,42,block20.W2,39,16,2.697291851043701,2.6967756748199463,0.0005161762237548828
initial,42,block20.W2,40,16,2.691436767578125,2.6919775009155273,0.0005407333374023438
initial,42,block20.W2,41,16,2.778440475463867,2.7808969020843506,0.0024564266204833984
initial,42,block20.W2,42,16,2.7345495223999023,2.735600233078003,0.001050710678100586
initial,42,block20.W2,43,16,2.6430749893188477,2.6413307189941406,0.0017442703247070312
initial,42,block20.W2,44,16,2.7279279232025146,2.730771064758301,0.002843141555786133
initial,42,block20.W2,45,16,2.5519983768463135,2.553002119064331,0.0010037422180175781
initial,42,block20.W2,46,16,2.679201364517212,2.677093505859375,0.002107858657836914
initial,42,block20.W2,47,16,2.743079900741577,2.7450127601623535,0.0019328594207763672
initial,42,block20.W2,48,16,2.796834707260132,2.79766583442688,0.0008311271667480469
initial,42,block20.W2,49,16,2.5364489555358887,2.536539316177368,9.036064147949219e-05
initial,42,block20.W2,50,16,2.662541151046753,2.6609392166137695,0.0016019344329833984
initial,42,block20.W2,51,16,2.730715274810791,2.732304096221924,0.0015888214111328125
initial,42,block20.W2,52,16,2.656420946121216,2.6580357551574707,0.0016148090362548828
initial,42,block20.W2,53,16,2.6417148113250732,2.6459882259368896,0.004273414611816406
initial,42,block20.W2,54,16,2.625610589981079,2.6221628189086914,0.0034477710723876953
initial,42,block20.W2,55,16,2.6007542610168457,2.6034722328186035,0.0027179718017578125
initial,42,block20.W2,56,16,2.7431302070617676,2.740406036376953,0.002724170684814453
initial,42,block20.W2,57,16,2.747804641723633,2.746223211288452,0.001581430435180664
initial,42,block20.W2,58,16,2.7115254402160645,2.7100939750671387,0.0014314651489257812
initial,42,block20.W2,59,16,2.6314003467559814,2.631028652191162,0.00037169456481933594
initial,42,block20.W2,60,16,2.675482749938965,2.676565170288086,0.0010824203491210938
initial,42,block20.W2,61,16,2.8263306617736816,2.832695722579956,0.006365060806274414
initial,42,block20.W2,62,16,2.6320910453796387,2.6276445388793945,0.004446506500244141
initial,42,block20.W2,63,16,2.5798072814941406,2.5779287815093994,0.001878499984741211
initial,43,block21.W1,0,16,2.6234819889068604,2.626795768737793,0.003313779830932617
initial,43,block21.W1,1,16,2.711014747619629,2.7105655670166016,0.00044918060302734375
initial,43,block21.W1,2,16,2.6402368545532227,2.642463207244873,0.0022263526916503906
initial,43,block21.W1,3,16,2.646327257156372,2.646732807159424,0.0004055500030517578
initial,43,block21.W1,4,16,2.6756763458251953,2.6768009662628174,0.0011246204376220703
initial,43,block21.W1,5,16,2.540428876876831,2.536393642425537,0.004035234451293945
initial,43,block21.W1,6,16,2.5868546962738037,2.5863280296325684,0.0005266666412353516
initial,43,block21.W1,7,16,2.726710081100464,2.7261083126068115,0.0006017684936523438
initial,43,block21.W1,8,16,2.7411699295043945,2.7376413345336914,0.003528594970703125
initial,43,block21.W1,9,16,2.5662965774536133,2.5682284832000732,0.001931905746459961
initial,43,block21.W1,10,16,2.833221435546875,2.8314571380615234,0.0017642974853515625
initial,43,block21.W1,11,16,2.737260580062866,2.738986015319824,0.0017254352569580078
initial,43,block21.W1,12,16,2.6554319858551025,2.6536216735839844,0.001810312271118164
initial,43,block21.W1,13,16,2.651580333709717,2.6519064903259277,0.0003261566162109375
initial,43,block21.W1,14,16,2.5089612007141113,2.5142736434936523,0.005312442779541016
initial,43,block21.W1,15,16,2.640045642852783,2.6432583332061768,0.0032126903533935547
initial,43,block21.W1,16,16,2.677610158920288,2.6809091567993164,0.0032989978790283203
initial,43,block21.W1,17,16,2.5752146244049072,2.57407808303833,0.0011365413665771484
initial,43,block21.W1,18,16,2.6439437866210938,2.6437151432037354,0.00022864341735839844
initial,43,block21.W1,19,16,2.676077127456665,2.67832088470459,0.0022437572479248047
initial,43,block21.W1,20,16,2.782325506210327,2.785853385925293,0.0035278797149658203
initial,43,block21.W1,21,16,2.5426974296569824,2.5434043407440186,0.0007069110870361328
initial,43,block21.W1,22,16,2.729133367538452,2.732330799102783,0.0031974315643310547
initial,43,block21.W1,23,16,2.6641266345977783,2.6646580696105957,0.0005314350128173828
initial,43,block21.W1,24,16,2.656005382537842,2.655487060546875,0.0005183219909667969
initial,43,block21.W1,25,16,2.7511985301971436,2.7507574558258057,0.0004410743713378906
initial,43,block21.W1,26,16,2.7054104804992676,2.70395827293396,0.0014522075653076172
initial,43,block21.W1,27,16,2.591958522796631,2.5956995487213135,0.003741025924682617
initial,43,block21.W1,28,16,2.5566065311431885,2.5554394721984863,0.0011670589447021484
initial,43,block21.W1,29,16,2.7794368267059326,2.781752824783325,0.002315998077392578
initial,43,block21.W1,30,16,2.760557174682617,2.7586936950683594,0.0018634796142578125
initial,43,block21.W1,31,16,2.643033027648926,2.641073703765869,0.0019593238830566406
initial,43,block21.W1,32,16,2.6849899291992188,2.685051202774048,6.127357482910156e-05
initial,43,block21.W1,33,16,2.6863415241241455,2.686232089996338,0.00010943412780761719
initial,43,block21.W1,34,16,2.741673231124878,2.7434916496276855,0.0018184185028076172
initial,43,block21.W1,35,16,2.6050472259521484,2.6037776470184326,0.0012695789337158203
initial,43,block21.W1,36,16,2.6366865634918213,2.6320440769195557,0.004642486572265625
initial,43,block21.W1,37,16,2.6767544746398926,2.67368745803833,0.0030670166015625
initial,43,block21.W1,38,16,2.705648899078369,2.6995182037353516,0.006130695343017578
initial,43,block21.W1,39,16,2.5712473392486572,2.5696170330047607,0.0016303062438964844
initial,43,block21.W1,40,16,2.5785508155822754,2.575005054473877,0.0035457611083984375
initial,43,block21.W1,41,16,2.6134321689605713,2.6155879497528076,0.002155780792236328
initial,43,block21.W1,42,16,2.764092445373535,2.760503053665161,0.0035893917083740234
initial,43,block21.W1,43,16,2.7109270095825195,2.7141220569610596,0.003195047378540039
initial,43,block21.W1,44,16,2.6661105155944824,2.663930654525757,0.002179861068725586
initial,43,block21.W1,45,16,2.525179147720337,2.525509834289551,0.0003306865692138672
initial,43,block21.W1,46,16,2.523043632507324,2.5245485305786133,0.0015048980712890625
initial,43,block21.W1,47,16,2.7404837608337402,2.740720748901367,0.00023698806762695312
initial,43,block21.W1,48,16,2.597388505935669,2.597710132598877,0.0003216266632080078
initial,43,block21.W1,49,16,2.8044564723968506,2.8063342571258545,0.0018777847290039062
initial,43,block21.W1,50,16,2.6749775409698486,2.6767489910125732,0.0017714500427246094
initial,43,block21.W1,51,16,2.559920072555542,2.5609729290008545,0.0010528564453125
initial,43,block21.W1,52,16,2.6806488037109375,2.6803698539733887,0.0002789497375488281
initial,43,block21.W1,53,16,2.8231873512268066,2.8202412128448486,0.002946138381958008
initial,43,block21.W1,54,16,2.7653236389160156,2.766535758972168,0.0012121200561523438
initial,43,block21.W1,55,16,2.6665425300598145,2.6650922298431396,0.0014503002166748047
initial,43,block21.W1,56,16,2.8260982036590576,2.8296523094177246,0.003554105758666992
initial,43,block21.W1,57,16,2.572817802429199,2.5755975246429443,0.002779722213745117
initial,43,block21.W1,58,16,2.6168880462646484,2.612429618835449,0.004458427429199219
initial,43,block21.W1,59,16,2.6333370208740234,2.635413408279419,0.002076387405395508
initial,43,block21.W1,60,16,2.5141172409057617,2.5160341262817383,0.0019168853759765625
initial,43,block21.W1,61,16,2.6046199798583984,2.6057374477386475,0.0011174678802490234
initial,43,block21.W1,62,16,2.6315033435821533,2.6342313289642334,0.002727985382080078
initial,43,block21.W1,63,16,2.5773086547851562,2.5810463428497314,0.0037376880645751953
initial,44,block21.W2,0,16,2.631135940551758,2.626911163330078,0.0042247772216796875
initial,44,block21.W2,1,16,2.605851888656616,2.6048080921173096,0.0010437965393066406
initial,44,block21.W2,2,16,2.602145195007324,2.6034107208251953,0.0012655258178710938
initial,44,block21.W2,3,16,2.647629737854004,2.648303747177124,0.0006740093231201172
initial,44,block21.W2,4,16,2.6289827823638916,2.632385730743408,0.0034029483795166016
initial,44,block21.W2,5,16,2.4899518489837646,2.4891140460968018,0.0008378028869628906
initial,44,block21.W2,6,16,2.63222599029541,2.63191294670105,0.00031304359436035156
initial,44,block21.W2,7,16,2.6737711429595947,2.674105167388916,0.00033402442932128906
initial,44,block21.W2,8,16,2.6084680557250977,2.611321210861206,0.0028531551361083984
initial,44,block21.W2,9,16,2.6495521068573,2.6494834423065186,6.866455078125e-05
initial,44,block21.W2,10,16,2.6729941368103027,2.6655726432800293,0.0074214935302734375
initial,44,block21.W2,11,16,2.723618984222412,2.726752281188965,0.0031332969665527344
initial,44,block21.W2,12,16,2.7513768672943115,2.7511518001556396,0.000225067138671875
initial,44,block21.W2,13,16,2.700448989868164,2.7040789127349854,0.003629922866821289
initial,44,block21.W2,14,16,2.684250593185425,2.6805386543273926,0.0037119388580322266
initial,44,block21.W2,15,16,2.6063883304595947,2.6070663928985596,0.0006780624389648438
initial,44,block21.W2,16,16,2.731982946395874,2.7271459102630615,0.0048370361328125
initial,44,block21.W2,17,16,2.788249969482422,2.789506196975708,0.0012562274932861328
initial,44,block21.W2,18,16,2.6685545444488525,2.669969320297241,0.0014147758483886719
initial,44,block21.W2,19,16,2.7179460525512695,2.7121872901916504,0.005758762359619141
initial,44,block21.W2,20,16,2.592226266860962,2.5951051712036133,0.002878904342651367
initial,44,block21.W2,21,16,2.8122637271881104,2.8116114139556885,0.000652313232421875
initial,44,block21.W2,22,16,2.6732258796691895,2.6724154949188232,0.0008103847503662109
initial,44,block21.W2,23,16,2.735497236251831,2.735827922821045,0.0003306865692138672
initial,44,block21.W2,24,16,2.6082334518432617,2.606792688369751,0.0014407634735107422
initial,44,block21.W2,25,16,2.618816614151001,2.6180293560028076,0.0007872581481933594
initial,44,block21.W2,26,16,2.735258102416992,2.731003999710083,0.00425410270690918
initial,44,block21.W2,27,16,2.676138401031494,2.6777451038360596,0.0016067028045654297
initial,44,block21.W2,28,16,2.6215014457702637,2.6200034618377686,0.0014979839324951172
initial,44,block21.W2,29,16,2.672398567199707,2.6685402393341064,0.003858327865600586
initial,44,block21.W2,30,16,2.7450852394104004,2.7410712242126465,0.004014015197753906
initial,44,block21.W2,31,16,2.689765214920044,2.691908597946167,0.002143383026123047
initial,44,block21.W2,32,16,2.596229314804077,2.591905355453491,0.0043239593505859375
initial,44,block21.W2,33,16,2.7245421409606934,2.723613739013672,0.0009284019470214844
initial,44,block21.W2,34,16,2.6037261486053467,2.603956460952759,0.00023031234741210938
initial,44,block21.W2,35,16,2.6313834190368652,2.6295347213745117,0.0018486976623535156
initial,44,block21.W2,36,16,2.5817370414733887,2.5733516216278076,0.008385419845581055
initial,44,block21.W2,37,16,2.676076889038086,2.6732892990112305,0.0027875900268554688
initial,44,block21.W2,38,16,2.7648072242736816,2.7656445503234863,0.0008373260498046875
initial,44,block21.W2,39,16,2.643070936203003,2.645223617553711,0.002152681350708008
initial,44,block21.W2,40,16,2.640897512435913,2.638327121734619,0.0025703907012939453
initial,44,block21.W2,41,16,2.686176061630249,2.6868810653686523,0.0007050037384033203
initial,44,block21.W2,42,16,2.6323347091674805,2.6344425678253174,0.002107858657836914
initial,44,block21.W2,43,16,2.6595258712768555,2.658968210220337,0.0005576610565185547
initial,44,block21.W2,44,16,2.611584186553955,2.612870693206787,0.0012865066528320312
initial,44,block21.W2,45,16,2.7557168006896973,2.756243944168091,0.0005271434783935547
initial,44,block21.W2,46,16,2.674649715423584,2.6784379482269287,0.0037882328033447266
initial,44,block21.W2,47,16,2.659090518951416,2.657999038696289,0.0010914802551269531
initial,44,block21.W2,48,16,2.642230987548828,2.6419806480407715,0.0002503395080566406
initial,44,block21.W2,49,16,2.7457540035247803,2.7412357330322266,0.004518270492553711
initial,44,block21.W2,50,16,2.717010021209717,2.717548131942749,0.0005381107330322266
initial,44,block21.W2,51,16,2.6727919578552246,2.671715497970581,0.0010764598846435547
initial,44,block21.W2,52,16,2.718810796737671,2.71353816986084,0.005272626876831055
initial,44,block21.W2,53,16,2.5163726806640625,2.511693000793457,0.004679679870605469
initial,44,block21.W2,54,16,2.7451329231262207,2.7499117851257324,0.004778861999511719
initial,44,block21.W2,55,16,2.553471088409424,2.554201126098633,0.0007300376892089844
initial,44,block21.W2,56,16,2.587123394012451,2.5868072509765625,0.0003161430358886719
initial,44,block21.W2,57,16,2.7209904193878174,2.71850848197937,0.0024819374084472656
initial,44,block21.W2,58,16,2.7322797775268555,2.730536460876465,0.001743316650390625
initial,44,block21.W2,59,16,2.8235576152801514,2.819382429122925,0.0041751861572265625
initial,44,block21.W2,60,16,2.6743195056915283,2.674659013748169,0.000339508056640625
initial,44,block21.W2,61,16,2.6945033073425293,2.6982409954071045,0.0037376880645751953
initial,44,block21.W2,62,16,2.654421329498291,2.6499593257904053,0.004462003707885742
initial,44,block21.W2,63,16,2.6448185443878174,2.6421918869018555,0.002626657485961914
initial,45,block22.W1,0,16,2.687849998474121,2.683332681655884,0.004517316818237305
initial,45,block22.W1,1,16,2.7520761489868164,2.7507522106170654,0.0013239383697509766
initial,45,block22.W1,2,16,2.7039034366607666,2.708568811416626,0.004665374755859375
initial,45,block22.W1,3,16,2.6975603103637695,2.697669267654419,0.00010895729064941406
initial,45,block22.W1,4,16,2.785020589828491,2.786738395690918,0.0017178058624267578
initial,45,block22.W1,5,16,2.6201493740081787,2.6215672492980957,0.0014178752899169922
initial,45,block22.W1,6,16,2.6446902751922607,2.646374464035034,0.0016841888427734375
initial,45,block22.W1,7,16,2.707918643951416,2.7073638439178467,0.0005548000335693359
initial,45,block22.W1,8,16,2.593296766281128,2.591728687286377,0.0015680789947509766
initial,45,block22.W1,9,16,2.6328556537628174,2.6364216804504395,0.0035660266876220703
initial,45,block22.W1,10,16,2.638721227645874,2.6351587772369385,0.003562450408935547
initial,45,block22.W1,11,16,2.7956902980804443,2.791848659515381,0.0038416385650634766
initial,45,block22.W1,12,16,2.605756998062134,2.602832794189453,0.002924203872680664
initial,45,block22.W1,13,16,2.6125564575195312,2.6118428707122803,0.0007135868072509766
initial,45,block22.W1,14,16,2.616565704345703,2.615415096282959,0.0011506080627441406
initial,45,block22.W1,15,16,2.5955381393432617,2.5963544845581055,0.00081634521484375
initial,45,block22.W1,16,16,2.7861170768737793,2.7808046340942383,0.005312442779541016
initial,45,block22.W1,17,16,2.7280232906341553,2.723907947540283,0.00411534309387207
initial,45,block22.W1,18,16,2.680875062942505,2.6846587657928467,0.003783702850341797
initial,45,block22.W1,19,16,2.6759560108184814,2.675825834274292,0.00013017654418945312
initial,45,block22.W1,20,16,2.7218503952026367,2.727381706237793,0.00553131103515625
initial,45,block22.W1,21,16,2.643666982650757,2.6419334411621094,0.001733541488647461
initial,45,block22.W1,22,16,2.637244462966919,2.639082908630371,0.0018384456634521484
initial,45,block22.W1,23,16,2.6541314125061035,2.653472661972046,0.0006587505340576172
initial,45,block22.W1,24,16,2.5777249336242676,2.5772287845611572,0.0004961490631103516
initial,45,block22.W1,25,16,2.703267812728882,2.7022781372070312,0.000989675521850586
initial,45,block22.W1,26,16,2.5953736305236816,2.5928215980529785,0.002552032470703125
initial,45,block22.W1,27,16,2.623459815979004,2.62493634223938,0.0014765262603759766
initial,45,block22.W1,28,16,2.6081631183624268,2.61090087890625,0.002737760543823242
initial,45,block22.W1,29,16,2.668121337890625,2.672856092453003,0.00473475456237793
initial,45,block22.W1,30,16,2.7774016857147217,2.7777621746063232,0.0003604888916015625
initial,45,block22.W1,31,16,2.7795119285583496,2.785010576248169,0.005498647689819336
initial,45,block22.W1,32,16,2.699611186981201,2.6998751163482666,0.0002639293670654297
initial,45,block22.W1,33,16,2.6626994609832764,2.661834955215454,0.0008645057678222656
initial,45,block22.W1,34,16,2.6674671173095703,2.666489362716675,0.0009777545928955078
initial,45,block22.W1,35,16,2.726205825805664,2.723881721496582,0.0023241043090820312
initial,45,block22.W1,36,16,2.519256830215454,2.5194318294525146,0.00017499923706054688
initial,45,block22.W1,37,16,2.6052472591400146,2.6032421588897705,0.0020051002502441406
initial,45,block22.W1,38,16,2.6247384548187256,2.621485471725464,0.0032529830932617188
initial,45,block22.W1,39,16,2.571124315261841,2.5692992210388184,0.001825094223022461
initial,45,block22.W1,40,16,2.5792160034179688,2.5842087268829346,0.00499272346496582
initial,45,block22.W1,41,16,2.7481720447540283,2.748626947402954,0.00045490264892578125
initial,45,block22.W1,42,16,2.6281211376190186,2.62504243850708,0.0030786991119384766
initial,45,block22.W1,43,16,2.6838998794555664,2.6896398067474365,0.005739927291870117
initial,45,block22.W1,44,16,2.639739751815796,2.6393613815307617,0.0003783702850341797
initial,45,block22.W1,45,16,2.652297019958496,2.6518824100494385,0.0004146099090576172
initial,45,block22.W1,46,16,2.6241512298583984,2.6290266513824463,0.0048754215240478516
initial,45,block22.W1,47,16,2.566746234893799,2.571206569671631,0.004460334777832031
initial,45,block22.W1,48,16,2.790731906890869,2.7913780212402344,0.0006461143493652344
initial,45,block22.W1,49,16,2.695235252380371,2.6967952251434326,0.0015599727630615234
initial,45,block22.W1,50,16,2.6957075595855713,2.6951565742492676,0.0005509853363037109
initial,45,block22.W1,51,16,2.839639663696289,2.840282440185547,0.0006427764892578125
initial,45,block22.W1,52,16,2.7278571128845215,2.719867467880249,0.007989645004272461
initial,45,block22.W1,53,16,2.686485528945923,2.685105562210083,0.0013799667358398438
initial,45,block22.W1,54,16,2.7646477222442627,2.7630550861358643,0.0015926361083984375
initial,45,block22.W1,55,16,2.722012519836426,2.7214465141296387,0.0005660057067871094
initial,45,block22.W1,56,16,2.6333327293395996,2.6332857608795166,4.696846008300781e-05
initial,45,block22.W1,57,16,2.760728597640991,2.760344982147217,0.00038361549377441406
initial,45,block22.W1,58,16,2.669609546661377,2.6721105575561523,0.0025010108947753906
initial,45,block22.W1,59,16,2.6422178745269775,2.6431195735931396,0.0009016990661621094
initial,45,block22.W1,60,16,2.768233060836792,2.770296335220337,0.002063274383544922
initial,45,block22.W1,61,16,2.729140043258667,2.7299246788024902,0.0007846355438232422
initial,45,block22.W1,62,16,2.6773223876953125,2.67867112159729,0.001348733901977539
initial,45,block22.W1,63,16,2.69170880317688,2.6916701793670654,3.8623809814453125e-05
initial,46,block22.W2,0,16,2.612785816192627,2.6154534816741943,0.002667665481567383
initial,46,block22.W2,1,16,2.6325767040252686,2.6324594020843506,0.00011730194091796875
initial,46,block22.W2,2,16,2.793613910675049,2.793050527572632,0.0005633831024169922
initial,46,block22.W2,3,16,2.73442006111145,2.7314350605010986,0.0029850006103515625
initial,46,block22.W2,4,16,2.649862289428711,2.6459715366363525,0.0038907527923583984
initial,46,block22.W2,5,16,2.641432762145996,2.638461112976074,0.002971649169921875
initial,46,block22.W2,6,16,2.6523044109344482,2.6510303020477295,0.00127410888671875
initial,46,block22.W2,7,16,2.7776741981506348,2.785881996154785,0.00820779800415039
initial,46,block22.W2,8,16,2.7554452419281006,2.756808280944824,0.0013630390167236328
initial,46,block22.W2,9,16,2.7358860969543457,2.7330052852630615,0.0028808116912841797
initial,46,block22.W2,10,16,2.6465818881988525,2.645493984222412,0.0010879039764404297
initial,46,block22.W2,11,16,2.734882354736328,2.734334945678711,0.0005474090576171875
initial,46,block22.W2,12,16,2.80539608001709,2.803691864013672,0.0017042160034179688
initial,46,block22.W2,13,16,2.57985258102417,2.577500820159912,0.0023517608642578125
initial,46,block22.W2,14,16,2.6144280433654785,2.6165480613708496,0.0021200180053710938
initial,46,block22.W2,15,16,2.626667022705078,2.6242494583129883,0.0024175643920898438
initial,46,block22.W2,16,16,2.604114055633545,2.6006293296813965,0.0034847259521484375
initial,46,block22.W2,17,16,2.7020206451416016,2.7014541625976562,0.0005664825439453125
initial,46,block22.W2,18,16,2.701749801635742,2.7066404819488525,0.0048906803131103516
initial,46,block22.W2,19,16,2.608579397201538,2.610255479812622,0.0016760826110839844
initial,46,block22.W2,20,16,2.5981521606445312,2.5988292694091797,0.0006771087646484375
initial,46,block22.W2,21,16,2.641265392303467,2.6449625492095947,0.0036971569061279297
initial,46,block22.W2,22,16,2.6392722129821777,2.6377768516540527,0.001495361328125
initial,46,block22.W2,23,16,2.481362819671631,2.4818341732025146,0.00047135353088378906
initial,46,block22.W2,24,16,2.5729596614837646,2.5719497203826904,0.0010099411010742188
initial,46,block22.W2,25,16,2.676504135131836,2.667229175567627,0.009274959564208984
initial,46,block22.W2,26,16,2.640408992767334,2.637481212615967,0.0029277801513671875
initial,46,block22.W2,27,16,2.7874128818511963,2.7793843746185303,0.008028507232666016
initial,46,block22.W2,28,16,2.6810524463653564,2.6832170486450195,0.002164602279663086
initial,46,block22.W2,29,16,2.730158805847168,2.7309303283691406,0.0007715225219726562
initial,46,block22.W2,30,16,2.6978795528411865,2.697927951812744,4.839897155761719e-05
initial,46,block22.W2,31,16,2.742141008377075,2.7435905933380127,0.0014495849609375
initial,46,block22.W2,32,16,2.679919719696045,2.6814424991607666,0.0015227794647216797
initial,46,block22.W2,33,16,2.736069917678833,2.7390122413635254,0.002942323684692383
initial,46,block22.W2,34,16,2.7031686305999756,2.703549385070801,0.0003807544708251953
initial,46,block22.W2,35,16,2.777620792388916,2.776648998260498,0.0009717941284179688
initial,46,block22.W2,36,16,2.6275079250335693,2.6310253143310547,0.0035173892974853516
initial,46,block22.W2,37,16,2.5949065685272217,2.5978314876556396,0.0029249191284179688
initial,46,block22.W2,38,16,2.8300247192382812,2.8267464637756348,0.0032782554626464844
initial,46,block22.W2,39,16,2.5603506565093994,2.564018726348877,0.003668069839477539
initial,46,block22.W2,40,16,2.6057565212249756,2.6055097579956055,0.0002467632293701172
initial,46,block22.W2,41,16,2.7497923374176025,2.7487497329711914,0.0010426044464111328
initial,46,block22.W2,42,16,2.6683602333068848,2.6700761318206787,0.0017158985137939453
initial,46,block22.W2,43,16,2.6144280433654785,2.614455461502075,2.7418136596679688e-05
initial,46,block22.W2,44,16,2.6369974613189697,2.631992816925049,0.0050046443939208984
initial,46,block22.W2,45,16,2.740506649017334,2.742234230041504,0.0017275810241699219
initial,46,block22.W2,46,16,2.6645710468292236,2.666740894317627,0.0021698474884033203
initial,46,block22.W2,47,16,2.5195047855377197,2.516282796859741,0.0032219886779785156
initial,46,block22.W2,48,16,2.6285064220428467,2.6262195110321045,0.0022869110107421875
initial,46,block22.W2,49,16,2.6054089069366455,2.6092262268066406,0.003817319869995117
initial,46,block22.W2,50,16,2.6982386112213135,2.7008111476898193,0.0025725364685058594
initial,46,block22.W2,51,16,2.8740286827087402,2.8761723041534424,0.0021436214447021484
initial,46,block22.W2,52,16,2.6846024990081787,2.6822190284729004,0.0023834705352783203
initial,46,block22.W2,53,16,2.686566114425659,2.6853668689727783,0.0011992454528808594
initial,46,block22.W2,54,16,2.647056818008423,2.6451966762542725,0.0018601417541503906
initial,46,block22.W2,55,16,2.5332393646240234,2.5369725227355957,0.0037331581115722656
initial,46,block22.W2,56,16,2.5369551181793213,2.5381197929382324,0.0011646747589111328
initial,46,block22.W2,57,16,2.6458051204681396,2.6515095233917236,0.005704402923583984
initial,46,block22.W2,58,16,2.6884684562683105,2.6857552528381348,0.0027132034301757812
initial,46,block22.W2,59,16,2.7124459743499756,2.709808349609375,0.002637624740600586
initial,46,block22.W2,60,16,2.59200119972229,2.59387469291687,0.0018734931945800781
initial,46,block22.W2,61,16,2.6836259365081787,2.6847972869873047,0.0011713504791259766
initial,46,block22.W2,62,16,2.60280179977417,2.6038308143615723,0.0010290145874023438
initial,46,block22.W2,63,16,2.6637237071990967,2.6633718013763428,0.00035190582275390625
initial,47,block23.W1,0,16,2.6418678760528564,2.646268844604492,0.004400968551635742
initial,47,block23.W1,1,16,2.722170352935791,2.724133014678955,0.0019626617431640625
initial,47,block23.W1,2,16,2.451791763305664,2.454777479171753,0.002985715866088867
initial,47,block23.W1,3,16,2.763468027114868,2.7610044479370117,0.0024635791778564453
initial,47,block23.W1,4,16,2.706981658935547,2.7081570625305176,0.0011754035949707031
initial,47,block23.W1,5,16,2.689687490463257,2.6874797344207764,0.0022077560424804688
initial,47,block23.W1,6,16,2.752610445022583,2.750218391418457,0.0023920536041259766
initial,47,block23.W1,7,16,2.527785539627075,2.528118848800659,0.0003333091735839844
initial,47,block23.W1,8,16,2.6677825450897217,2.6741878986358643,0.006405353546142578
initial,47,block23.W1,9,16,2.8081703186035156,2.8096277713775635,0.0014574527740478516
initial,47,block23.W1,10,16,2.6836841106414795,2.6832082271575928,0.00047588348388671875
initial,47,block23.W1,11,16,2.5699093341827393,2.5683953762054443,0.0015139579772949219
initial,47,block23.W1,12,16,2.599311590194702,2.598060131072998,0.0012514591217041016
initial,47,block23.W1,13,16,2.799654960632324,2.7985265254974365,0.0011284351348876953
initial,47,block23.W1,14,16,2.680543899536133,2.6812705993652344,0.0007266998291015625
initial,47,block23.W1,15,16,2.624504327774048,2.6260406970977783,0.0015363693237304688
initial,47,block23.W1,16,16,2.6404054164886475,2.6371238231658936,0.0032815933227539062
initial,47,block23.W1,17,16,2.569145441055298,2.5720138549804688,0.0028684139251708984
initial,47,block23.W1,18,16,2.709728717803955,2.7092936038970947,0.00043511390686035156
initial,47,block23.W1,19,16,2.668132781982422,2.666431188583374,0.0017015933990478516
initial,47,block23.W1,20,16,2.6778738498687744,2.678854465484619,0.0009806156158447266
initial,47,block23.W1,21,16,2.6203367710113525,2.618636131286621,0.0017006397247314453
initial,47,block23.W1,22,16,2.6527132987976074,2.6525847911834717,0.0001285076141357422
initial,47,block23.W1,23,16,2.6475331783294678,2.649489402770996,0.0019562244415283203
initial,47,block23.W1,24,16,2.6431760787963867,2.6448066234588623,0.001630544662475586
initial,47,block23.W1,25,16,2.713092088699341,2.7059619426727295,0.007130146026611328
initial,47,block23.W1,26,16,2.669294834136963,2.668383836746216,0.0009109973907470703
initial,47,block23.W1,27,16,2.574244737625122,2.5721230506896973,0.0021216869354248047
initial,47,block23.W1,28,16,2.758396863937378,2.754371166229248,0.004025697708129883
initial,47,block23.W1,29,16,2.5906553268432617,2.5933966636657715,0.0027413368225097656
initial,47,block23.W1,30,16,2.6798651218414307,2.6759462356567383,0.003918886184692383
initial,47,block23.W1,31,16,2.5487875938415527,2.551616668701172,0.0028290748596191406
initial,47,block23.W1,32,16,2.6600699424743652,2.6624326705932617,0.0023627281188964844
initial,47,block23.W1,33,16,2.634819269180298,2.635491132736206,0.0006718635559082031
initial,47,block23.W1,34,16,2.7598626613616943,2.7558493614196777,0.0040132999420166016
initial,47,block23.W1,35,16,2.6670162677764893,2.6653642654418945,0.0016520023345947266
initial,47,block23.W1,36,16,2.656190872192383,2.6580538749694824,0.0018630027770996094
initial,47,block23.W1,37,16,2.665053367614746,2.664112091064453,0.0009412765502929688
initial,47,block23.W1,38,16,2.7715554237365723,2.7691164016723633,0.0024390220642089844
initial,47,block23.W1,39,16,2.710296869277954,2.7101478576660156,0.00014901161193847656
initial,47,block23.W1,40,16,2.690370559692383,2.69273042678833,0.0023598670959472656
initial,47,block23.W1,41,16,2.664872169494629,2.6638412475585938,0.0010309219360351562
initial,47,block23.W1,42,16,2.7236320972442627,2.723328113555908,0.0003039836883544922
initial,47,block23.W1,43,16,2.7906618118286133,2.788907527923584,0.0017542839050292969
initial,47,block23.W1,44,16,2.603827714920044,2.600151777267456,0.0036759376525878906
initial,47,block23.W1,45,16,2.673151731491089,2.6712646484375,0.0018870830535888672
initial,47,block23.W1,46,16,2.7211756706237793,2.726503849029541,0.005328178405761719
initial,47,block23.W1,47,16,2.688868999481201,2.690864324569702,0.0019953250885009766
initial,47,block23.W1,48,16,2.6122255325317383,2.616603374481201,0.004377841949462891
initial,47,block23.W1,49,16,2.6658501625061035,2.666832685470581,0.000982522964477539
initial,47,block23.W1,50,16,2.58904767036438,2.5878520011901855,0.001195669174194336
initial,47,block23.W1,51,16,2.4980504512786865,2.5036826133728027,0.005632162094116211
initial,47,block23.W1,52,16,2.572401285171509,2.5697078704833984,0.0026934146881103516
initial,47,block23.W1,53,16,2.6940789222717285,2.693129777908325,0.0009491443634033203
initial,47,block23.W1,54,16,2.7990517616271973,2.801738739013672,0.0026869773864746094
initial,47,block23.W1,55,16,2.738541603088379,2.7353436946868896,0.003197908401489258
initial,47,block23.W1,56,16,2.628225326538086,2.6298866271972656,0.0016613006591796875
initial,47,block23.W1,57,16,2.7418134212493896,2.7450311183929443,0.0032176971435546875
initial,47,block23.W1,58,16,2.53904390335083,2.534719467163086,0.004324436187744141
initial,47,block23.W1,59,16,2.737821102142334,2.7323710918426514,0.005450010299682617
initial,47,block23.W1,60,16,2.540072441101074,2.5388147830963135,0.0012576580047607422
initial,47,block23.W1,61,16,2.5126187801361084,2.511047840118408,0.0015709400177001953
initial,47,block23.W1,62,16,2.5587570667266846,2.5560224056243896,0.002734661102294922
initial,47,block23.W1,63,16,2.6293740272521973,2.6322860717773438,0.0029120445251464844
initial,48,block23.W2,0,16,2.6819803714752197,2.6816256046295166,0.000354766845703125
initial,48,block23.W2,1,16,2.4612770080566406,2.461885929107666,0.0006089210510253906
initial,48,block23.W2,2,16,2.621828317642212,2.6230669021606445,0.0012385845184326172
initial,48,block23.W2,3,16,2.8756134510040283,2.8768420219421387,0.0012285709381103516
initial,48,block23.W2,4,16,2.608219623565674,2.6094560623168945,0.0012364387512207031
initial,48,block23.W2,5,16,2.689530611038208,2.681974172592163,0.007556438446044922
initial,48,block23.W2,6,16,2.6577272415161133,2.658069372177124,0.0003421306610107422
initial,48,block23.W2,7,16,2.592198371887207,2.5922775268554688,7.915496826171875e-05
initial,48,block23.W2,8,16,2.61031174659729,2.613809585571289,0.0034978389739990234
initial,48,block23.W2,9,16,2.6949284076690674,2.6970674991607666,0.0021390914916992188
initial,48,block23.W2,10,16,2.8801770210266113,2.878878593444824,0.0012984275817871094
initial,48,block23.W2,11,16,2.510666608810425,2.5127811431884766,0.002114534378051758
initial,48,block23.W2,12,16,2.698228597640991,2.700324058532715,0.002095460891723633
initial,48,block23.W2,13,16,2.6896934509277344,2.6918442249298096,0.0021507740020751953
initial,48,block23.W2,14,16,2.6771504878997803,2.673145055770874,0.00400543212890625
initial,48,block23.W2,15,16,2.585116147994995,2.5817739963531494,0.003342151641845703
initial,48,block23.W2,16,16,2.6538164615631104,2.6575145721435547,0.003698110580444336
initial,48,block23.W2,17,16,2.685633659362793,2.6899220943450928,0.004288434982299805
initial,48,block23.W2,18,16,2.5527024269104004,2.5566904544830322,0.003988027572631836
initial,48,block23.W2,19,16,2.649210214614868,2.655667781829834,0.00645756721496582
initial,48,block23.W2,20,16,2.628070116043091,2.6300272941589355,0.0019571781158447266
initial,48,block23.W2,21,16,2.582984447479248,2.5827434062957764,0.0002410411834716797
initial,48,block23.W2,22,16,2.576911687850952,2.5766801834106445,0.0002315044403076172
initial,48,block23.W2,23,16,2.73634934425354,2.7373769283294678,0.0010275840759277344
initial,48,block23.W2,24,16,2.716520071029663,2.715829849243164,0.0006902217864990234
initial,48,block23.W2,25,16,2.5183064937591553,2.516970634460449,0.0013358592987060547
initial,48,block23.W2,26,16,2.7538416385650635,2.7569167613983154,0.003075122833251953
initial,48,block23.W2,27,16,2.700777530670166,2.7000210285186768,0.0007565021514892578
initial,48,block23.W2,28,16,2.6825549602508545,2.6792898178100586,0.0032651424407958984
initial,48,block23.W2,29,16,2.542431592941284,2.5474798679351807,0.005048274993896484
initial,48,block23.W2,30,16,2.6783950328826904,2.6790668964385986,0.0006718635559082031
initial,48,block23.W2,31,16,2.7244975566864014,2.727095127105713,0.0025975704193115234
initial,48,block23.W2,32,16,2.639694929122925,2.640732765197754,0.0010378360748291016
initial,48,block23.W2,33,16,2.5486197471618652,2.548049211502075,0.0005705356597900391
initial,48,block23.W2,34,16,2.6550848484039307,2.657435417175293,0.0023505687713623047
initial,48,block23.W2,35,16,2.6339893341064453,2.6321282386779785,0.0018610954284667969
initial,48,block23.W2,36,16,2.65830659866333,2.662262439727783,0.003955841064453125
initial,48,block23.W2,37,16,2.695819139480591,2.6990280151367188,0.0032088756561279297
initial,48,block23.W2,38,16,2.78956937789917,2.79056453704834,0.0009951591491699219
initial,48,block23.W2,39,16,2.527132987976074,2.5292794704437256,0.002146482467651367
initial,48,block23.W2,40,16,2.6275198459625244,2.6308376789093018,0.0033178329467773438
initial,48,block23.W2,41,16,2.657620906829834,2.6562118530273438,0.0014090538024902344
initial,48,block23.W2,42,16,2.615741729736328,2.609978675842285,0.005763053894042969
initial,48,block23.W2,43,16,2.6934125423431396,2.69119930267334,0.0022132396697998047
initial,48,block23.W2,44,16,2.6932268142700195,2.693049192428589,0.00017762184143066406
initial,48,block23.W2,45,16,2.602452039718628,2.6075024604797363,0.0050504207611083984
initial,48,block23.W2,46,16,2.6608099937438965,2.660961627960205,0.00015163421630859375
initial,48,block23.W2,47,16,2.6100552082061768,2.6054883003234863,0.00456690788269043
initial,48,block23.W2,48,16,2.7079715728759766,2.7114250659942627,0.003453493118286133
initial,48,block23.W2,49,16,2.488823175430298,2.4854094982147217,0.003413677215576172
initial,48,block23.W2,50,16,2.6346843242645264,2.6340198516845703,0.0006644725799560547
initial,48,block23.W2,51,16,2.621520519256592,2.6186304092407227,0.0028901100158691406
initial,48,block23.W2,52,16,2.733883857727051,2.7314419746398926,0.002441883087158203
initial,48,block23.W2,53,16,2.612356185913086,2.6099557876586914,0.0024003982543945312
initial,48,block23.W2,54,16,2.627368688583374,2.6284377574920654,0.0010690689086914062
initial,48,block23.W2,55,16,2.5981948375701904,2.6002962589263916,0.002101421356201172
initial,48,block23.W2,56,16,2.5641140937805176,2.5691890716552734,0.005074977874755859
initial,48,block23.W2,57,16,2.5496435165405273,2.547971725463867,0.0016717910766601562
initial,48,block23.W2,58,16,2.608194351196289,2.610689640045166,0.002495288848876953
initial,48,block23.W2,59,16,2.6772072315216064,2.67694354057312,0.0002636909484863281
initial,48,block23.W2,60,16,2.5354318618774414,2.5335612297058105,0.0018706321716308594
initial,48,block23.W2,61,16,2.7227511405944824,2.7273313999176025,0.004580259323120117
initial,48,block23.W2,62,16,2.696789026260376,2.6902432441711426,0.0065457820892333984
initial,48,block23.W2,63,16,2.7254416942596436,2.7249438762664795,0.0004978179931640625
initial,49,block24.W1,0,16,2.585839033126831,2.5847513675689697,0.0010876655578613281
initial,49,block24.W1,1,16,2.6539785861968994,2.6514530181884766,0.0025255680084228516
initial,49,block24.W1,2,16,2.547684669494629,2.545478343963623,0.0022063255310058594
initial,49,block24.W1,3,16,2.507632255554199,2.507265090942383,0.00036716461181640625
initial,49,block24.W1,4,16,2.7086358070373535,2.7075865268707275,0.0010492801666259766
initial,49,block24.W1,5,16,2.7783358097076416,2.7786457538604736,0.00030994415283203125
initial,49,block24.W1,6,16,2.713657855987549,2.710726499557495,0.002931356430053711
initial,49,block24.W1,7,16,2.7475576400756836,2.7479851245880127,0.00042748451232910156
initial,49,block24.W1,8,16,2.617828607559204,2.6231725215911865,0.005343914031982422
initial,49,block24.W1,9,16,2.809687852859497,2.808176040649414,0.0015118122100830078
initial,49,block24.W1,10,16,2.598736047744751,2.6039774417877197,0.00524139404296875
initial,49,block24.W1,11,16,2.7378711700439453,2.736762046813965,0.0011091232299804688
initial,49,block24.W1,12,16,2.661900758743286,2.662081241607666,0.0001804828643798828
initial,49,block24.W1,13,16,2.652214765548706,2.6533172130584717,0.001102447509765625
initial,49,block24.W1,14,16,2.6577253341674805,2.660598039627075,0.0028727054595947266
initial,49,block24.W1,15,16,2.591127634048462,2.592679262161255,0.0015516281127929688
initial,49,block24.W1,16,16,2.6409802436828613,2.6361751556396484,0.004805088043212891
initial,49,block24.W1,17,16,2.5534331798553467,2.550917148590088,0.002516031265258789
initial,49,block24.W1,18,16,2.795785665512085,2.7962961196899414,0.0005104541778564453
initial,49,block24.W1,19,16,2.7388253211975098,2.7383310794830322,0.0004942417144775391
initial,49,block24.W1,20,16,2.8142478466033936,2.8132948875427246,0.0009529590606689453
initial,49,block24.W1,21,16,2.6765782833099365,2.671149492263794,0.005428791046142578
initial,49,block24.W1,22,16,2.6887757778167725,2.687175750732422,0.001600027084350586
initial,49,block24.W1,23,16,2.661875009536743,2.662332773208618,0.000457763671875
initial,49,block24.W1,24,16,2.599062204360962,2.59503173828125,0.004030466079711914
initial,49,block24.W1,25,16,2.6900694370269775,2.6887102127075195,0.0013592243194580078
initial,49,block24.W1,26,16,2.7437806129455566,2.7468667030334473,0.003086090087890625
initial,49,block24.W1,27,16,2.6916911602020264,2.6936914920806885,0.0020003318786621094
initial,49,block24.W1,28,16,2.6466901302337646,2.644961357116699,0.0017287731170654297
initial,49,block24.W1,29,16,2.823253870010376,2.82289981842041,0.0003540515899658203
initial,49,block24.W1,30,16,2.655489444732666,2.658381938934326,0.0028924942016601562
initial,49,block24.W1,31,16,2.6561453342437744,2.6609320640563965,0.00478672981262207
initial,49,block24.W1,32,16,2.6167728900909424,2.6203157901763916,0.0035429000854492188
initial,49,block24.W1,33,16,2.6010005474090576,2.602980613708496,0.0019800662994384766
initial,49,block24.W1,34,16,2.628079414367676,2.623044729232788,0.005034685134887695
initial,49,block24.W1,35,16,2.6354820728302,2.6333508491516113,0.002131223678588867
initial,49,block24.W1,36,16,2.681880235671997,2.687171459197998,0.0052912235260009766
initial,49,block24.W1,37,16,2.559644937515259,2.5623533725738525,0.00270843505859375
initial,49,block24.W1,38,16,2.6652283668518066,2.666743516921997,0.0015151500701904297
initial,49,block24.W1,39,16,2.6669552326202393,2.672877788543701,0.005922555923461914
initial,49,block24.W1,40,16,2.6023406982421875,2.604358673095703,0.002017974853515625
initial,49,block24.W1,41,16,2.639371633529663,2.6417388916015625,0.002367258071899414
initial,49,block24.W1,42,16,2.6935737133026123,2.694629430770874,0.0010557174682617188
initial,49,block24.W1,43,16,2.5366101264953613,2.5383810997009277,0.0017709732055664062
initial,49,block24.W1,44,16,2.5836098194122314,2.589329481124878,0.005719661712646484
initial,49,block24.W1,45,16,2.771787166595459,2.7708606719970703,0.0009264945983886719
initial,49,block24.W1,46,16,2.547488212585449,2.547860622406006,0.0003724098205566406
initial,49,block24.W1,47,16,2.641291856765747,2.6383283138275146,0.002963542938232422
initial,49,block24.W1,48,16,2.7804880142211914,2.7794413566589355,0.0010466575622558594
initial,49,block24.W1,49,16,2.610672950744629,2.611285448074341,0.0006124973297119141
initial,49,block24.W1,50,16,2.6110427379608154,2.606621503829956,0.004421234130859375
initial,49,block24.W1,51,16,2.7242319583892822,2.725637912750244,0.001405954360961914
initial,49,block24.W1,52,16,2.7534737586975098,2.7560625076293945,0.0025887489318847656
initial,49,block24.W1,53,16,2.625140428543091,2.6266164779663086,0.0014760494232177734
initial,49,block24.W1,54,16,2.635497570037842,2.6346516609191895,0.0008459091186523438
initial,49,block24.W1,55,16,2.566819667816162,2.569967746734619,0.0031480789184570312
initial,49,block24.W1,56,16,2.575692892074585,2.575052261352539,0.0006406307220458984
initial,49,block24.W1,57,16,2.6693949699401855,2.67134690284729,0.0019519329071044922
initial,49,block24.W1,58,16,2.6942830085754395,2.6876862049102783,0.006596803665161133
initial,49,block24.W1,59,16,2.6599199771881104,2.663743734359741,0.0038237571716308594
initial,49,block24.W1,60,16,2.696141242980957,2.6906793117523193,0.005461931228637695
initial,49,block24.W1,61,16,2.6894795894622803,2.6907060146331787,0.0012264251708984375
initial,49,block24.W1,62,16,2.6294796466827393,2.632976770401001,0.0034971237182617188
initial,49,block24.W1,63,16,2.874234676361084,2.8733630180358887,0.0008716583251953125
initial,50,block24.W2,0,16,2.6466872692108154,2.6463782787323,0.000308990478515625
initial,50,block24.W2,1,16,2.709029197692871,2.704477071762085,0.004552125930786133
initial,50,block24.W2,2,16,2.7000794410705566,2.7068519592285156,0.006772518157958984
initial,50,block24.W2,3,16,2.7178730964660645,2.713346242904663,0.004526853561401367
initial,50,block24.W2,4,16,2.625756025314331,2.6285078525543213,0.0027518272399902344
initial,50,block24.W2,5,16,2.6481761932373047,2.647883892059326,0.0002923011779785156
initial,50,block24.W2,6,16,2.505126476287842,2.505993127822876,0.0008666515350341797
initial,50,block24.W2,7,16,2.6784749031066895,2.6749048233032227,0.003570079803466797
initial,50,block24.W2,8,16,2.674502372741699,2.6755244731903076,0.0010221004486083984
initial,50,block24.W2,9,16,2.6596553325653076,2.6595466136932373,0.0001087188720703125
initial,50,block24.W2,10,16,2.643212080001831,2.6434595584869385,0.0002474784851074219
initial,50,block24.W2,11,16,2.6460461616516113,2.644357442855835,0.0016887187957763672
initial,50,block24.W2,12,16,2.54669451713562,2.549459218978882,0.0027647018432617188
initial,50,block24.W2,13,16,2.641352653503418,2.638209819793701,0.003142833709716797
initial,50,block24.W2,14,16,2.70086407661438,2.6995890140533447,0.0012750625610351562
initial,50,block24.W2,15,16,2.5735855102539062,2.5713999271392822,0.0021855831146240234
initial,50,block24.W2,16,16,2.646738290786743,2.6482138633728027,0.0014755725860595703
initial,50,block24.W2,17,16,2.709031820297241,2.7106730937957764,0.0016412734985351562
initial,50,block24.W2,18,16,2.660165786743164,2.667358636856079,0.007192850112915039
initial,50,block24.W2,19,16,2.641911506652832,2.6435441970825195,0.0016326904296875
initial,50,block24.W2,20,16,2.617119073867798,2.6120173931121826,0.005101680755615234
initial,50,block24.W2,21,16,2.6077425479888916,2.6040539741516113,0.0036885738372802734
initial,50,block24.W2,22,16,2.620455265045166,2.6129393577575684,0.007515907287597656
initial,50,block24.W2,23,16,2.6236815452575684,2.622831106185913,0.0008504390716552734
initial,50,block24.W2,24,16,2.715285539627075,2.7127702236175537,0.0025153160095214844
initial,50,block24.W2,25,16,2.786059856414795,2.7838454246520996,0.0022144317626953125
initial,50,block24.W2,26,16,2.6307475566864014,2.6285452842712402,0.002202272415161133
initial,50,block24.W2,27,16,2.6202964782714844,2.6190683841705322,0.0012280941009521484
initial,50,block24.W2,28,16,2.6298763751983643,2.6327221393585205,0.00284576416015625
initial,50,block24.W2,29,16,2.684438705444336,2.6829657554626465,0.0014729499816894531
initial,50,block24.W2,30,16,2.670457601547241,2.6679251194000244,0.002532482147216797
initial,50,block24.W2,31,16,2.6873226165771484,2.6918609142303467,0.004538297653198242
initial,50,block24.W2,32,16,2.6759986877441406,2.66922664642334,0.006772041320800781
initial,50,block24.W2,33,16,2.7646424770355225,2.7657651901245117,0.0011227130889892578
initial,50,block24.W2,34,16,2.7042524814605713,2.7079124450683594,0.003659963607788086
initial,50,block24.W2,35,16,2.5334858894348145,2.5351929664611816,0.0017070770263671875
initial,50,block24.W2,36,16,2.6399989128112793,2.641847848892212,0.0018489360809326172
initial,50,block24.W2,37,16,2.6756467819213867,2.6715240478515625,0.004122734069824219
initial,50,block24.W2,38,16,2.6949262619018555,2.6902616024017334,0.00466465950012207
initial,50,block24.W2,39,16,2.6575894355773926,2.653597116470337,0.003992319107055664
initial,50,block24.W2,40,16,2.5969085693359375,2.597677230834961,0.0007686614990234375
initial,50,block24.W2,41,16,2.714599847793579,2.7168405055999756,0.0022406578063964844
initial,50,block24.W2,42,16,2.6672418117523193,2.665450096130371,0.0017917156219482422
initial,50,block24.W2,43,16,2.6436188220977783,2.640641689300537,0.002977132797241211
initial,50,block24.W2,44,16,2.644563674926758,2.644944429397583,0.0003807544708251953
initial,50,block24.W2,45,16,2.623833179473877,2.6255147457122803,0.0016815662384033203
initial,50,block24.W2,46,16,2.6470253467559814,2.6440021991729736,0.0030231475830078125
initial,50,block24.W2,47,16,2.7550837993621826,2.7540299892425537,0.0010538101196289062
initial,50,block24.W2,48,16,2.673565149307251,2.671664237976074,0.0019009113311767578
initial,50,block24.W2,49,16,2.730196475982666,2.7294504642486572,0.0007460117340087891
initial,50,block24.W2,50,16,2.793684720993042,2.791316032409668,0.0023686885833740234
initial,50,block24.W2,51,16,2.4833571910858154,2.4814133644104004,0.001943826675415039
initial,50,block24.W2,52,16,2.6542673110961914,2.6496129035949707,0.004654407501220703
initial,50,block24.W2,53,16,2.53084135055542,2.531155824661255,0.00031447410583496094
initial,50,block24.W2,54,16,2.4789724349975586,2.4795916080474854,0.0006191730499267578
initial,50,block24.W2,55,16,2.504714250564575,2.4998574256896973,0.00485682487487793
initial,50,block24.W2,56,16,2.521709680557251,2.5217137336730957,4.0531158447265625e-06
initial,50,block24.W2,57,16,2.735985517501831,2.7367348670959473,0.0007493495941162109
initial,50,block24.W2,58,16,2.8132734298706055,2.812713623046875,0.0005598068237304688
initial,50,block24.W2,59,16,2.652196168899536,2.652024269104004,0.00017189979553222656
initial,50,block24.W2,60,16,2.6653389930725098,2.662621259689331,0.002717733383178711
initial,50,block24.W2,61,16,2.7927091121673584,2.7955944538116455,0.0028853416442871094
initial,50,block24.W2,62,16,2.8474502563476562,2.8392302989959717,0.00821995735168457
initial,50,block24.W2,63,16,2.641953945159912,2.640153646469116,0.0018002986907958984
initial,51,block25.W1,0,16,2.691594362258911,2.690899610519409,0.0006947517395019531
initial,51,block25.W1,1,16,2.6398723125457764,2.6380157470703125,0.0018565654754638672
initial,51,block25.W1,2,16,2.530717372894287,2.528561592102051,0.002155780792236328
initial,51,block25.W1,3,16,2.5997798442840576,2.5999226570129395,0.00014281272888183594
initial,51,block25.W1,4,16,2.7370827198028564,2.734755039215088,0.0023276805877685547
initial,51,block25.W1,5,16,2.671159267425537,2.674098014831543,0.0029387474060058594
initial,51,block25.W1,6,16,2.730959892272949,2.7300186157226562,0.0009412765502929688
initial,51,block25.W1,7,16,2.568789005279541,2.568325996398926,0.0004630088806152344
initial,51,block25.W1,8,16,2.7592148780822754,2.7598137855529785,0.000598907470703125
initial,51,block25.W1,9,16,2.6399431228637695,2.6380422115325928,0.0019009113311767578
initial,51,block25.W1,10,16,2.777066469192505,2.7789759635925293,0.001909494400024414
initial,51,block25.W1,11,16,2.7946834564208984,2.7928595542907715,0.0018239021301269531
initial,51,block25.W1,12,16,2.4721429347991943,2.4747238159179688,0.002580881118774414
initial,51,block25.W1,13,16,2.6966538429260254,2.6983630657196045,0.0017092227935791016
initial,51,block25.W1,14,16,2.6250338554382324,2.6258938312530518,0.0008599758148193359
initial,51,block25.W1,15,16,2.657205104827881,2.6523571014404297,0.004848003387451172
initial,51,block25.W1,16,16,2.7671597003936768,2.7645652294158936,0.002594470977783203
initial,51,block25.W1,17,16,2.6015126705169678,2.5944085121154785,0.007104158401489258
initial,51,block25.W1,18,16,2.583991765975952,2.584696054458618,0.0007042884826660156
initial,51,block25.W1,19,16,2.632169246673584,2.6354076862335205,0.0032384395599365234
initial,51,block25.W1,20,16,2.7362217903137207,2.733828544616699,0.0023932456970214844
initial,51,block25.W1,21,16,2.722696542739868,2.71978759765625,0.002908945083618164
initial,51,block25.W1,22,16,2.618164539337158,2.621471881866455,0.003307342529296875
initial,51,block25.W1,23,16,2.604755163192749,2.602903127670288,0.0018520355224609375
initial,51,block25.W1,24,16,2.503178596496582,2.5044496059417725,0.0012710094451904297
initial,51,block25.W1,25,16,2.565810203552246,2.5661535263061523,0.00034332275390625
initial,51,block25.W1,26,16,2.6732065677642822,2.6742234230041504,0.001016855239868164
initial,51,block25.W1,27,16,2.6490657329559326,2.648998975753784,6.67572021484375e-05
initial,51,block25.W1,28,16,2.6159021854400635,2.6121668815612793,0.0037353038787841797
initial,51,block25.W1,29,16,2.7187204360961914,2.71759295463562,0.001127481460571289
initial,51,block25.W1,30,16,2.6244616508483887,2.624384641647339,7.700920104980469e-05
initial,51,block25.W1,31,16,2.728003978729248,2.728264808654785,0.0002608299255371094
initial,51,block25.W1,32,16,2.707240104675293,2.7070305347442627,0.00020956993103027344
initial,51,block25.W1,33,16,2.577463150024414,2.5775365829467773,7.343292236328125e-05
initial,51,block25.W1,34,16,2.5985913276672363,2.598463535308838,0.0001277923583984375
initial,51,block25.W1,35,16,2.640719413757324,2.6391191482543945,0.0016002655029296875
initial,51,block25.W1,36,16,2.60256028175354,2.602097511291504,0.0004627704620361328
initial,51,block25.W1,37,16,2.5367321968078613,2.5380475521087646,0.0013153553009033203
initial,51,block25.W1,38,16,2.6851084232330322,2.6843783855438232,0.0007300376892089844
initial,51,block25.W1,39,16,2.731017827987671,2.73502516746521,0.0040073394775390625
initial,51,block25.W1,40,16,2.7370760440826416,2.735124349594116,0.0019516944885253906
initial,51,block25.W1,41,16,2.6973509788513184,2.6900432109832764,0.007307767868041992
initial,51,block25.W1,42,16,2.6056180000305176,2.607219934463501,0.0016019344329833984
initial,51,block25.W1,43,16,2.5222532749176025,2.5242369174957275,0.001983642578125
initial,51,block25.W1,44,16,2.7020864486694336,2.6961185932159424,0.005967855453491211
initial,51,block25.W1,45,16,2.6350088119506836,2.633824586868286,0.001184225082397461
initial,51,block25.W1,46,16,2.609813690185547,2.609994888305664,0.0001811981201171875
initial,51,block25.W1,47,16,2.599763870239258,2.6016604900360107,0.0018966197967529297
initial,51,block25.W1,48,16,2.6889610290527344,2.6905479431152344,0.0015869140625
initial,51,block25.W1,49,16,2.760071039199829,2.7573180198669434,0.002753019332885742
initial,51,block25.W1,50,16,2.5633270740509033,2.5638279914855957,0.0005009174346923828
initial,51,block25.W1,51,16,2.539501428604126,2.5399439334869385,0.0004425048828125
initial,51,block25.W1,52,16,2.6505038738250732,2.6529171466827393,0.0024132728576660156
initial,51,block25.W1,53,16,2.7302567958831787,2.731081008911133,0.0008242130279541016
initial,51,block25.W1,54,16,2.6449131965637207,2.6405320167541504,0.0043811798095703125
initial,51,block25.W1,55,16,2.690399646759033,2.6935062408447266,0.0031065940856933594
initial,51,block25.W1,56,16,2.7404627799987793,2.7366840839385986,0.003778696060180664
initial,51,block25.W1,57,16,2.707514762878418,2.710726022720337,0.0032112598419189453
initial,51,block25.W1,58,16,2.587594509124756,2.585218667984009,0.0023758411407470703
initial,51,block25.W1,59,16,2.597801446914673,2.5984373092651367,0.0006358623504638672
initial,51,block25.W1,60,16,2.5366342067718506,2.535604476928711,0.0010297298431396484
initial,51,block25.W1,61,16,2.5885093212127686,2.590441942214966,0.0019326210021972656
initial,51,block25.W1,62,16,2.636143207550049,2.6300642490386963,0.006078958511352539
initial,51,block25.W1,63,16,2.717857599258423,2.7179417610168457,8.416175842285156e-05
initial,52,block25.W2,0,16,2.785086154937744,2.791881561279297,0.006795406341552734
initial,52,block25.W2,1,16,2.661461591720581,2.6624581813812256,0.0009965896606445312
initial,52,block25.W2,2,16,2.631005048751831,2.63352632522583,0.0025212764739990234
initial,52,block25.W2,3,16,2.6461260318756104,2.6459381580352783,0.00018787384033203125
initial,52,block25.W2,4,16,2.7779245376586914,2.7772841453552246,0.0006403923034667969
initial,52,block25.W2,5,16,2.5857908725738525,2.5858099460601807,1.9073486328125e-05
initial,52,block25.W2,6,16,2.719709873199463,2.7188422679901123,0.0008676052093505859
initial,52,block25.W2,7,16,2.6432831287384033,2.6422770023345947,0.0010061264038085938
initial,52,block25.W2,8,16,2.4230761528015137,2.4236466884613037,0.0005705356597900391
initial,52,block25.W2,9,16,2.7392282485961914,2.7410199642181396,0.0017917156219482422
initial,52,block25.W2,10,16,2.573087692260742,2.5725889205932617,0.0004987716674804688
initial,52,block25.W2,11,16,2.7830638885498047,2.7834854125976562,0.0004215240478515625
initial,52,block25.W2,12,16,2.73870849609375,2.7337963581085205,0.004912137985229492
initial,52,block25.W2,13,16,2.5619475841522217,2.560147762298584,0.0017998218536376953
initial,52,block25.W2,14,16,2.658944845199585,2.663684368133545,0.004739522933959961
initial,52,block25.W2,15,16,2.6509783267974854,2.6513125896453857,0.0003342628479003906
initial,52,block25.W2,16,16,2.715193271636963,2.714299201965332,0.0008940696716308594
initial,52,block25.W2,17,16,2.7904608249664307,2.7917213439941406,0.001260519027709961
initial,52,block25.W2,18,16,2.688027858734131,2.691798448562622,0.003770589828491211
initial,52,block25.W2,19,16,2.7071566581726074,2.70678448677063,0.00037217140197753906
initial,52,block25.W2,20,16,2.5858256816864014,2.588131904602051,0.002306222915649414
initial,52,block25.W2,21,16,2.670149326324463,2.666867971420288,0.0032813549041748047
initial,52,block25.W2,22,16,2.645855188369751,2.647538900375366,0.0016837120056152344
initial,52,block25.W2,23,16,2.622661590576172,2.622588872909546,7.271766662597656e-05
initial,52,block25.W2,24,16,2.568204641342163,2.565359592437744,0.0028450489044189453
initial,52,block25.W2,25,16,2.7116987705230713,2.7169175148010254,0.0052187442779541016
initial,52,block25.W2,26,16,2.6226229667663574,2.6222620010375977,0.0003609657287597656
initial,52,block25.W2,27,16,2.7120304107666016,2.712409257888794,0.0003788471221923828
initial,52,block25.W2,28,16,2.5366804599761963,2.5393972396850586,0.0027167797088623047
initial,52,block25.W2,29,16,2.73234486579895,2.7321550846099854,0.00018978118896484375
initial,52,block25.W2,30,16,2.6347548961639404,2.628661632537842,0.006093263626098633
initial,52,block25.W2,31,16,2.631976842880249,2.6340925693511963,0.0021157264709472656
initial,52,block25.W2,32,16,2.7083687782287598,2.7105090618133545,0.0021402835845947266
initial,52,block25.W2,33,16,2.6795825958251953,2.6790311336517334,0.0005514621734619141
initial,52,block25.W2,34,16,2.6336636543273926,2.638148307800293,0.004484653472900391
initial,52,block25.W2,35,16,2.5951786041259766,2.5958330631256104,0.0006544589996337891
initial,52,block25.W2,36,16,2.504467010498047,2.5004043579101562,0.004062652587890625
initial,52,block25.W2,37,16,2.6641149520874023,2.666379451751709,0.0022644996643066406
initial,52,block25.W2,38,16,2.659909963607788,2.6620192527770996,0.0021092891693115234
initial,52,block25.W2,39,16,2.694613218307495,2.6963460445404053,0.0017328262329101562
initial,52,block25.W2,40,16,2.736753463745117,2.7406373023986816,0.003883838653564453
initial,52,block25.W2,41,16,2.703139066696167,2.7041125297546387,0.0009734630584716797
initial,52,block25.W2,42,16,2.6801769733428955,2.6794846057891846,0.0006923675537109375
initial,52,block25.W2,43,16,2.6011598110198975,2.6008548736572266,0.00030493736267089844
initial,52,block25.W2,44,16,2.557830572128296,2.552967071533203,0.0048635005950927734
initial,52,block25.W2,45,16,2.725931167602539,2.727735996246338,0.0018048286437988281
initial,52,block25.W2,46,16,2.726250648498535,2.728708267211914,0.0024576187133789062
initial,52,block25.W2,47,16,2.7022337913513184,2.701279640197754,0.0009541511535644531
initial,52,block25.W2,48,16,2.57399320602417,2.570543050765991,0.003450155258178711
initial,52,block25.W2,49,16,2.6727378368377686,2.669330358505249,0.0034074783325195312
initial,52,block25.W2,50,16,2.6902620792388916,2.6939432621002197,0.003681182861328125
initial,52,block25.W2,51,16,2.6097469329833984,2.610008478164673,0.00026154518127441406
initial,52,block25.W2,52,16,2.6459524631500244,2.6434898376464844,0.002462625503540039
initial,52,block25.W2,53,16,2.624661445617676,2.624502420425415,0.0001590251922607422
initial,52,block25.W2,54,16,2.707132577896118,2.698301315307617,0.008831262588500977
initial,52,block25.W2,55,16,2.6677706241607666,2.6700947284698486,0.0023241043090820312
initial,52,block25.W2,56,16,2.6002471446990967,2.6029539108276367,0.002706766128540039
initial,52,block25.W2,57,16,2.5412824153900146,2.5445079803466797,0.003225564956665039
initial,52,block25.W2,58,16,2.637000799179077,2.6388094425201416,0.0018086433410644531
initial,52,block25.W2,59,16,2.6464781761169434,2.6502087116241455,0.0037305355072021484
initial,52,block25.W2,60,16,2.622180700302124,2.6225666999816895,0.0003859996795654297
initial,52,block25.W2,61,16,2.6705260276794434,2.671251058578491,0.0007250308990478516
initial,52,block25.W2,62,16,2.71883225440979,2.7118489742279053,0.006983280181884766
initial,52,block25.W2,63,16,2.619130849838257,2.6236233711242676,0.004492521286010742
initial,53,block26.W1,0,16,2.6582400798797607,2.6604747772216797,0.0022346973419189453
initial,53,block26.W1,1,16,2.738229513168335,2.737302541732788,0.000926971435546875
initial,53,block26.W1,2,16,2.5684306621551514,2.5678389072418213,0.0005917549133300781
initial,53,block26.W1,3,16,2.7873990535736084,2.7886698246002197,0.0012707710266113281
initial,53,block26.W1,4,16,2.782761812210083,2.7849655151367188,0.002203702926635742
initial,53,block26.W1,5,16,2.671457290649414,2.670173406600952,0.001283884048461914
initial,53,block26.W1,6,16,2.7182679176330566,2.712555408477783,0.0057125091552734375
initial,53,block26.W1,7,16,2.6209537982940674,2.6200358867645264,0.0009179115295410156
initial,53,block26.W1,8,16,2.531613349914551,2.5322763919830322,0.0006630420684814453
initial,53,block26.W1,9,16,2.7187626361846924,2.7216756343841553,0.0029129981994628906
initial,53,block26.W1,10,16,2.628816843032837,2.6292359828948975,0.0004191398620605469
initial,53,block26.W1,11,16,2.7250921726226807,2.7215209007263184,0.0035712718963623047
initial,53,block26.W1,12,16,2.568305730819702,2.5684397220611572,0.00013399124145507812
initial,53,block26.W1,13,16,2.7050936222076416,2.7050249576568604,6.866455078125e-05
initial,53,block26.W1,14,16,2.741802215576172,2.7403016090393066,0.0015006065368652344
initial,53,block26.W1,15,16,2.6680026054382324,2.6748788356781006,0.006876230239868164
initial,53,block26.W1,16,16,2.769038200378418,2.764258861541748,0.004779338836669922
initial,53,block26.W1,17,16,2.5925450325012207,2.5956039428710938,0.003058910369873047
initial,53,block26.W1,18,16,2.6733713150024414,2.670119047164917,0.003252267837524414
initial,53,block26.W1,19,16,2.6502845287323,2.646653413772583,0.003631114959716797
initial,53,block26.W1,20,16,2.6694979667663574,2.6690595149993896,0.00043845176696777344
initial,53,block26.W1,21,16,2.712399959564209,2.7123281955718994,7.176399230957031e-05
initial,53,block26.W1,22,16,2.6749329566955566,2.678419351577759,0.0034863948822021484
initial,53,block26.W1,23,16,2.5961480140686035,2.6003785133361816,0.004230499267578125
initial,53,block26.W1,24,16,2.6167964935302734,2.6181249618530273,0.0013284683227539062
initial,53,block26.W1,25,16,2.7109525203704834,2.713033676147461,0.002081155776977539
initial,53,block26.W1,26,16,2.534173011779785,2.53383207321167,0.0003409385681152344
initial,53,block26.W1,27,16,2.7661776542663574,2.763556718826294,0.0026209354400634766
initial,53,block26.W1,28,16,2.7486298084259033,2.7499866485595703,0.0013568401336669922
initial,53,block26.W1,29,16,2.633802652359009,2.636669397354126,0.0028667449951171875
initial,53,block26.W1,30,16,2.779752492904663,2.780714273452759,0.0009617805480957031
initial,53,block26.W1,31,16,2.682281494140625,2.6820716857910156,0.000209808349609375
initial,53,block26.W1,32,16,2.57574200630188,2.5754308700561523,0.00031113624572753906
initial,53,block26.W1,33,16,2.8473410606384277,2.8465189933776855,0.0008220672607421875
initial,53,block26.W1,34,16,2.5928850173950195,2.600463628768921,0.007578611373901367
initial,53,block26.W1,35,16,2.682323455810547,2.686300039291382,0.003976583480834961
initial,53,block26.W1,36,16,2.529756784439087,2.532146692276001,0.0023899078369140625
initial,53,block26.W1,37,16,2.6203386783599854,2.627804756164551,0.00746607780456543
initial,53,block26.W1,38,16,2.6350295543670654,2.6315085887908936,0.003520965576171875
initial,53,block26.W1,39,16,2.714709520339966,2.7099449634552,0.004764556884765625
initial,53,block26.W1,40,16,2.5151875019073486,2.513176202774048,0.0020112991333007812
initial,53,block26.W1,41,16,2.6743645668029785,2.6724870204925537,0.0018775463104248047
initial,53,block26.W1,42,16,2.6744134426116943,2.674823045730591,0.0004096031188964844
initial,53,block26.W1,43,16,2.602320671081543,2.6038854122161865,0.0015647411346435547
initial,53,block26.W1,44,16,2.675734519958496,2.674872398376465,0.00086212158203125
initial,53,block26.W1,45,16,2.611844539642334,2.6101391315460205,0.0017054080963134766
initial,53,block26.W1,46,16,2.5355772972106934,2.536250114440918,0.0006728172302246094
initial,53,block26.W1,47,16,2.7437214851379395,2.741328239440918,0.0023932456970214844
initial,53,block26.W1,48,16,2.6982970237731934,2.699274778366089,0.0009777545928955078
initial,53,block26.W1,49,16,2.5964112281799316,2.6036548614501953,0.007243633270263672
initial,53,block26.W1,50,16,2.7664763927459717,2.767812967300415,0.0013365745544433594
initial,53,block26.W1,51,16,2.670861005783081,2.6698014736175537,0.0010595321655273438
initial,53,block26.W1,52,16,2.6696653366088867,2.6677253246307373,0.001940011978149414
initial,53,block26.W1,53,16,2.601612091064453,2.596112012863159,0.005500078201293945
initial,53,block26.W1,54,16,2.550546407699585,2.551997423171997,0.0014510154724121094
initial,53,block26.W1,55,16,2.702064275741577,2.7012991905212402,0.0007650852203369141
initial,53,block26.W1,56,16,2.7047278881073,2.7135159969329834,0.008788108825683594
initial,53,block26.W1,57,16,2.6920394897460938,2.687070369720459,0.004969120025634766
initial,53,block26.W1,58,16,2.6732306480407715,2.670497179031372,0.002733469009399414
initial,53,block26.W1,59,16,2.6745493412017822,2.674670696258545,0.00012135505676269531
initial,53,block26.W1,60,16,2.710512399673462,2.711176872253418,0.0006644725799560547
initial,53,block26.W1,61,16,2.755945920944214,2.7491848468780518,0.006761074066162109
initial,53,block26.W1,62,16,2.6118693351745605,2.6110994815826416,0.0007698535919189453
initial,53,block26.W1,63,16,2.7742066383361816,2.777463674545288,0.0032570362091064453
initial,54,block26.W2,0,16,2.5664381980895996,2.5660059452056885,0.0004322528839111328
initial,54,block26.W2,1,16,2.642226219177246,2.645183801651001,0.002957582473754883
initial,54,block26.W2,2,16,2.5529696941375732,2.550293207168579,0.0026764869689941406
initial,54,block26.W2,3,16,2.621929883956909,2.6157050132751465,0.006224870681762695
initial,54,block26.W2,4,16,2.683107614517212,2.684234619140625,0.001127004623413086
initial,54,block26.W2,5,16,2.4740402698516846,2.47163462638855,0.0024056434631347656
initial,54,block26.W2,6,16,2.6724655628204346,2.670285701751709,0.002179861068725586
initial,54,block26.W2,7,16,2.716611623764038,2.716508388519287,0.00010323524475097656
initial,54,block26.W2,8,16,2.603381395339966,2.6053783893585205,0.0019969940185546875
initial,54,block26.W2,9,16,2.478483200073242,2.476943254470825,0.0015399456024169922
initial,54,block26.W2,10,16,2.632601499557495,2.6331968307495117,0.0005953311920166016
initial,54,block26.W2,11,16,2.672725200653076,2.6731116771698,0.0003864765167236328
initial,54,block26.W2,12,16,2.555640697479248,2.5556178092956543,2.288818359375e-05
initial,54,block26.W2,13,16,2.676360607147217,2.675546407699585,0.0008141994476318359
initial,54,block26.W2,14,16,2.653491735458374,2.65423846244812,0.0007467269897460938
initial,54,block26.W2,15,16,2.67097544670105,2.6691625118255615,0.0018129348754882812
initial,54,block26.W2,16,16,2.6513593196868896,2.6526918411254883,0.0013325214385986328
initial,54,block26.W2,17,16,2.6950130462646484,2.6920361518859863,0.0029768943786621094
initial,54,block26.W2,18,16,2.5869216918945312,2.586571216583252,0.0003504753112792969
initial,54,block26.W2,19,16,2.6700916290283203,2.670130729675293,3.910064697265625e-05
initial,54,block26.W2,20,16,2.7141036987304688,2.718784809112549,0.004681110382080078
initial,54,block26.W2,21,16,2.7130727767944336,2.7122457027435303,0.0008270740509033203
initial,54,block26.W2,22,16,2.7381389141082764,2.7397501468658447,0.0016112327575683594
initial,54,block26.W2,23,16,2.734989881515503,2.735189199447632,0.00019931793212890625
initial,54,block26.W2,24,16,2.720237970352173,2.723795175552368,0.0035572052001953125
initial,54,block26.W2,25,16,2.7283742427825928,2.7348904609680176,0.006516218185424805
initial,54,block26.W2,26,16,2.6407766342163086,2.6418800354003906,0.0011034011840820312
initial,54,block26.W2,27,16,2.6392722129821777,2.636787176132202,0.002485036849975586
initial,54,block26.W2,28,16,2.7177414894104004,2.7183470726013184,0.0006055831909179688
initial,54,block26.W2,29,16,2.5719540119171143,2.5701990127563477,0.0017549991607666016
initial,54,block26.W2,30,16,2.6171483993530273,2.6166670322418213,0.0004813671112060547
initial,54,block26.W2,31,16,2.8093228340148926,2.807727336883545,0.0015954971313476562
initial,54,block26.W2,32,16,2.6282622814178467,2.630091667175293,0.001829385757446289
initial,54,block26.W2,33,16,2.6331632137298584,2.631578207015991,0.0015850067138671875
initial,54,block26.W2,34,16,2.6541080474853516,2.6514456272125244,0.0026624202728271484
initial,54,block26.W2,35,16,2.6743335723876953,2.6735527515411377,0.0007808208465576172
initial,54,block26.W2,36,16,2.630385398864746,2.6306746006011963,0.0002892017364501953
initial,54,block26.W2,37,16,2.648730993270874,2.650318145751953,0.0015871524810791016
initial,54,block26.W2,38,16,2.7961556911468506,2.79278302192688,0.003372669219970703
initial,54,block26.W2,39,16,2.7485733032226562,2.748317241668701,0.0002560615539550781
initial,54,block26.W2,40,16,2.6735665798187256,2.6716437339782715,0.0019228458404541016
initial,54,block26.W2,41,16,2.6792054176330566,2.6824464797973633,0.0032410621643066406
initial,54,block26.W2,42,16,2.606861114501953,2.6098527908325195,0.0029916763305664062
initial,54,block26.W2,43,16,2.72235369682312,2.7233550548553467,0.0010013580322265625
initial,54,block26.W2,44,16,2.512723684310913,2.514915704727173,0.0021920204162597656
initial,54,block26.W2,45,16,2.6648788452148438,2.666429042816162,0.0015501976013183594
initial,54,block26.W2,46,16,2.733059883117676,2.737727642059326,0.004667758941650391
initial,54,block26.W2,47,16,2.613286018371582,2.608912229537964,0.004373788833618164
initial,54,block26.W2,48,16,2.682587146759033,2.681323766708374,0.0012633800506591797
initial,54,block26.W2,49,16,2.6956827640533447,2.690315008163452,0.005367755889892578
initial,54,block26.W2,50,16,2.630098581314087,2.6285078525543213,0.001590728759765625
initial,54,block26.W2,51,16,2.6238794326782227,2.6192824840545654,0.0045969486236572266
initial,54,block26.W2,52,16,2.733059883117676,2.7317326068878174,0.0013272762298583984
initial,54,block26.W2,53,16,2.601834297180176,2.6020548343658447,0.0002205371856689453
initial,54,block26.W2,54,16,2.6769940853118896,2.6775271892547607,0.0005331039428710938
initial,54,block26.W2,55,16,2.614936351776123,2.6156041622161865,0.0006678104400634766
initial,54,block26.W2,56,16,2.667487859725952,2.664069414138794,0.003418445587158203
initial,54,block26.W2,57,16,2.634009599685669,2.6278364658355713,0.006173133850097656
initial,54,block26.W2,58,16,2.6458277702331543,2.6434457302093506,0.002382040023803711
initial,54,block26.W2,59,16,2.606100559234619,2.6066219806671143,0.0005214214324951172
initial,54,block26.W2,60,16,2.6209287643432617,2.619443655014038,0.0014851093292236328
initial,54,block26.W2,61,16,2.818671464920044,2.815145254135132,0.0035262107849121094
initial,54,block26.W2,62,16,2.6872153282165527,2.687581777572632,0.00036644935607910156
initial,54,block26.W2,63,16,2.718245029449463,2.7185487747192383,0.0003037452697753906
initial,55,block27.W1,0,16,2.6488122940063477,2.6486430168151855,0.00016927719116210938
initial,55,block27.W1,1,16,2.7491657733917236,2.7482869625091553,0.0008788108825683594
initial,55,block27.W1,2,16,2.687929630279541,2.6889877319335938,0.0010581016540527344
initial,55,block27.W1,3,16,2.694180965423584,2.691528797149658,0.0026521682739257812
initial,55,block27.W1,4,16,2.654243230819702,2.6481332778930664,0.006109952926635742
initial,55,block27.W1,5,16,2.5480902194976807,2.5437614917755127,0.004328727722167969
initial,55,block27.W1,6,16,2.5308382511138916,2.5320217609405518,0.0011835098266601562
initial,55,block27.W1,7,16,2.583540678024292,2.5833146572113037,0.00022602081298828125
initial,55,block27.W1,8,16,2.5679492950439453,2.568464756011963,0.0005154609680175781
initial,55,block27.W1,9,16,2.6360039710998535,2.63663387298584,0.0006299018859863281
initial,55,block27.W1,10,16,2.7354912757873535,2.7398297786712646,0.004338502883911133
initial,55,block27.W1,11,16,2.598607301712036,2.599043846130371,0.00043654441833496094
initial,55,block27.W1,12,16,2.662355899810791,2.6647307872772217,0.002374887466430664
initial,55,block27.W1,13,16,2.6747488975524902,2.678239583969116,0.0034906864166259766
initial,55,block27.W1,14,16,2.5635459423065186,2.564366579055786,0.0008206367492675781
initial,55,block27.W1,15,16,2.548621892929077,2.547926187515259,0.0006957054138183594
initial,55,block27.W1,16,16,2.7179834842681885,2.7182536125183105,0.0002701282501220703
initial,55,block27.W1,17,16,2.7323434352874756,2.7309834957122803,0.0013599395751953125
initial,55,block27.W1,18,16,2.753788709640503,2.75237774848938,0.0014109611511230469
initial,55,block27.W1,19,16,2.5689334869384766,2.569326877593994,0.0003933906555175781
initial,55,block27.W1,20,16,2.7552120685577393,2.756164312362671,0.0009522438049316406
initial,55,block27.W1,21,16,2.709550142288208,2.7142527103424072,0.004702568054199219
initial,55,block27.W1,22,16,2.7242400646209717,2.7228095531463623,0.001430511474609375
initial,55,block27.W1,23,16,2.675485849380493,2.678133249282837,0.00264739990234375
initial,55,block27.W1,24,16,2.7317371368408203,2.7331318855285645,0.0013947486877441406
initial,55,block27.W1,25,16,2.586440086364746,2.588958263397217,0.002518177032470703
initial,55,block27.W1,26,16,2.7109267711639404,2.7105679512023926,0.00035881996154785156
initial,55,block27.W1,27,16,2.600325584411621,2.5987424850463867,0.001583099365234375
initial,55,block27.W1,28,16,2.7372896671295166,2.740243911743164,0.002954244613647461
initial,55,block27.W1,29,16,2.7318265438079834,2.7288923263549805,0.0029342174530029297
initial,55,block27.W1,30,16,2.703481674194336,2.7038276195526123,0.0003459453582763672
initial,55,block27.W1,31,16,2.609174966812134,2.6111156940460205,0.0019407272338867188
initial,55,block27.W1,32,16,2.6548991203308105,2.653325080871582,0.0015740394592285156
initial,55,block27.W1,33,16,2.6499977111816406,2.6494688987731934,0.0005288124084472656
initial,55,block27.W1,34,16,2.6892406940460205,2.691434621810913,0.002193927764892578
initial,55,block27.W1,35,16,2.689995765686035,2.6840121746063232,0.005983591079711914
initial,55,block27.W1,36,16,2.6972854137420654,2.697572946548462,0.0002875328063964844
initial,55,block27.W1,37,16,2.5712802410125732,2.5693557262420654,0.0019245147705078125
initial,55,block27.W1,38,16,2.6106374263763428,2.6096863746643066,0.0009510517120361328
initial,55,block27.W1,39,16,2.5931289196014404,2.5942959785461426,0.0011670589447021484
initial,55,block27.W1,40,16,2.6892175674438477,2.6920650005340576,0.002847433090209961
initial,55,block27.W1,41,16,2.4783318042755127,2.4788239002227783,0.000492095947265625
initial,55,block27.W1,42,16,2.7519478797912598,2.752347230911255,0.0003993511199951172
initial,55,block27.W1,43,16,2.7089684009552,2.708662986755371,0.00030541419982910156
initial,55,block27.W1,44,16,2.5854434967041016,2.5822854042053223,0.003158092498779297
initial,55,block27.W1,45,16,2.625908613204956,2.630675792694092,0.004767179489135742
initial,55,block27.W1,46,16,2.743440866470337,2.747842788696289,0.0044019222259521484
initial,55,block27.W1,47,16,2.755005359649658,2.7523365020751953,0.0026688575744628906
initial,55,block27.W1,48,16,2.7476303577423096,2.7523059844970703,0.004675626754760742
initial,55,block27.W1,49,16,2.693429946899414,2.6927425861358643,0.0006873607635498047
initial,55,block27.W1,50,16,2.6507041454315186,2.650256395339966,0.0004477500915527344
initial,55,block27.W1,51,16,2.7348320484161377,2.7319977283477783,0.002834320068359375
initial,55,block27.W1,52,16,2.758230447769165,2.756709337234497,0.0015211105346679688
initial,55,block27.W1,53,16,2.627140522003174,2.6270298957824707,0.000110626220703125
initial,55,block27.W1,54,16,2.6632485389709473,2.6648361682891846,0.0015876293182373047
initial,55,block27.W1,55,16,2.770458459854126,2.7707679271698,0.0003094673156738281
initial,55,block27.W1,56,16,2.550323247909546,2.5572125911712646,0.00688934326171875
initial,55,block27.W1,57,16,2.638770580291748,2.6411702632904053,0.0023996829986572266
initial,55,block27.W1,58,16,2.536503553390503,2.536062240600586,0.0004413127899169922
initial,55,block27.W1,59,16,2.5540876388549805,2.550636053085327,0.0034515857696533203
initial,55,block27.W1,60,16,2.622671127319336,2.621955633163452,0.0007154941558837891
initial,55,block27.W1,61,16,2.5080714225769043,2.509464979171753,0.0013935565948486328
initial,55,block27.W1,62,16,2.611011028289795,2.6110424995422363,3.147125244140625e-05
initial,55,block27.W1,63,16,2.6451942920684814,2.644726276397705,0.0004680156707763672
initial,56,block27.W2,0,16,2.6451826095581055,2.6436896324157715,0.0014929771423339844
initial,56,block27.W2,1,16,2.610755443572998,2.6109580993652344,0.00020265579223632812
initial,56,block27.W2,2,16,2.691401720046997,2.6918680667877197,0.00046634674072265625
initial,56,block27.W2,3,16,2.6715333461761475,2.6699230670928955,0.0016102790832519531
initial,56,block27.W2,4,16,2.762315034866333,2.757735252380371,0.004579782485961914
initial,56,block27.W2,5,16,2.7700791358947754,2.7689626216888428,0.0011165142059326172
initial,56,block27.W2,6,16,2.587625503540039,2.5865368843078613,0.0010886192321777344
initial,56,block27.W2,7,16,2.6229896545410156,2.6243321895599365,0.0013425350189208984
initial,56,block27.W2,8,16,2.707608699798584,2.7075107097625732,9.799003601074219e-05
initial,56,block27.W2,9,16,2.666598320007324,2.668447971343994,0.0018496513366699219
initial,56,block27.W2,10,16,2.6116816997528076,2.6172497272491455,0.005568027496337891
initial,56,block27.W2,11,16,2.579859733581543,2.58084774017334,0.000988006591796875
initial,56,block27.W2,12,16,2.6991372108459473,2.698090076446533,0.0010471343994140625
initial,56,block27.W2,13,16,2.6373188495635986,2.636645793914795,0.0006730556488037109
initial,56,block27.W2,14,16,2.553245782852173,2.5520691871643066,0.001176595687866211
initial,56,block27.W2,15,16,2.6977927684783936,2.6965367794036865,0.0012559890747070312
initial,56,block27.W2,16,16,2.558509588241577,2.5584471225738525,6.246566772460938e-05
initial,56,block27.W2,17,16,2.690063953399658,2.69112491607666,0.0010609626770019531
initial,56,block27.W2,18,16,2.6613810062408447,2.6602559089660645,0.0011250972747802734
initial,56,block27.W2,19,16,2.5687358379364014,2.5651538372039795,0.003582000732421875
initial,56,block27.W2,20,16,2.674393653869629,2.6723110675811768,0.0020825862884521484
initial,56,block27.W2,21,16,2.7202084064483643,2.7221145629882812,0.0019061565399169922
initial,56,block27.W2,22,16,2.7743427753448486,2.779435157775879,0.0050923824310302734
initial,56,block27.W2,23,16,2.6531176567077637,2.6515848636627197,0.0015327930450439453
initial,56,block27.W2,24,16,2.707040548324585,2.7072267532348633,0.0001862049102783203
initial,56,block27.W2,25,16,2.733830690383911,2.7348716259002686,0.0010409355163574219
initial,56,block27.W2,26,16,2.7262845039367676,2.725276470184326,0.0010080337524414062
initial,56,block27.W2,27,16,2.7627034187316895,2.763092041015625,0.0003886222839355469
initial,56,block27.W2,28,16,2.705885171890259,2.7053065299987793,0.0005786418914794922
initial,56,block27.W2,29,16,2.644888162612915,2.6453049182891846,0.00041675567626953125
initial,56,block27.W2,30,16,2.679903268814087,2.6737582683563232,0.006145000457763672
initial,56,block27.W2,31,16,2.6890974044799805,2.6870639324188232,0.0020334720611572266
initial,56,block27.W2,32,16,2.5512096881866455,2.551259994506836,5.030632019042969e-05
initial,56,block27.W2,33,16,2.621107816696167,2.6203010082244873,0.0008068084716796875
initial,56,block27.W2,34,16,2.8126137256622314,2.8100690841674805,0.0025446414947509766
initial,56,block27.W2,35,16,2.6821177005767822,2.682786464691162,0.0006687641143798828
initial,56,block27.W2,36,16,2.670666217803955,2.669512987136841,0.0011532306671142578
initial,56,block27.W2,37,16,2.6917765140533447,2.693143844604492,0.001367330551147461
initial,56,block27.W2,38,16,2.613861083984375,2.6154427528381348,0.0015816688537597656
initial,56,block27.W2,39,16,2.6859188079833984,2.6846587657928467,0.0012600421905517578
initial,56,block27.W2,40,16,2.7451469898223877,2.7485435009002686,0.0033965110778808594
initial,56,block27.W2,41,16,2.5353424549102783,2.5339057445526123,0.0014367103576660156
initial,56,block27.W2,42,16,2.492676258087158,2.4917166233062744,0.0009596347808837891
initial,56,block27.W2,43,16,2.6264445781707764,2.6246089935302734,0.0018355846405029297
initial,56,block27.W2,44,16,2.6954026222229004,2.6936070919036865,0.0017955303192138672
initial,56,block27.W2,45,16,2.547450542449951,2.5487136840820312,0.0012631416320800781
initial,56,block27.W2,46,16,2.635298728942871,2.6386327743530273,0.00333404541015625
initial,56,block27.W2,47,16,2.7508041858673096,2.7470948696136475,0.0037093162536621094
initial,56,block27.W2,48,16,2.5816919803619385,2.581599712371826,9.226799011230469e-05
initial,56,block27.W2,49,16,2.7149665355682373,2.7159805297851562,0.0010139942169189453
initial,56,block27.W2,50,16,2.6423120498657227,2.643122673034668,0.0008106231689453125
initial,56,block27.W2,51,16,2.689640760421753,2.6902711391448975,0.0006303787231445312
initial,56,block27.W2,52,16,2.7644245624542236,2.767827033996582,0.0034024715423583984
initial,56,block27.W2,53,16,2.6027681827545166,2.60671067237854,0.0039424896240234375
initial,56,block27.W2,54,16,2.6927356719970703,2.6949806213378906,0.0022449493408203125
initial,56,block27.W2,55,16,2.5971593856811523,2.599184989929199,0.002025604248046875
initial,56,block27.W2,56,16,2.7213058471679688,2.7192301750183105,0.002075672149658203
initial,56,block27.W2,57,16,2.741976261138916,2.7426507472991943,0.0006744861602783203
initial,56,block27.W2,58,16,2.6902966499328613,2.68977689743042,0.0005197525024414062
initial,56,block27.W2,59,16,2.645247459411621,2.6437265872955322,0.0015208721160888672
initial,56,block27.W2,60,16,2.785532236099243,2.7880003452301025,0.002468109130859375
initial,56,block27.W2,61,16,2.5259456634521484,2.531020164489746,0.005074501037597656
initial,56,block27.W2,62,16,2.560683250427246,2.5619757175445557,0.0012924671173095703
initial,56,block27.W2,63,16,2.6789145469665527,2.680067777633667,0.0011532306671142578
initial,57,block28.W1,0,16,2.6269872188568115,2.6262998580932617,0.0006873607635498047
initial,57,block28.W1,1,16,2.633904218673706,2.63808274269104,0.004178524017333984
initial,57,block28.W1,2,16,2.567962169647217,2.567436456680298,0.0005257129669189453
initial,57,block28.W1,3,16,2.627957820892334,2.6275534629821777,0.00040435791015625
initial,57,block28.W1,4,16,2.7610023021698,2.7653698921203613,0.0043675899505615234
initial,57,block28.W1,5,16,2.6688404083251953,2.6681392192840576,0.0007011890411376953
initial,57,block28.W1,6,16,2.6838173866271973,2.6838157176971436,1.6689300537109375e-06
initial,57,block28.W1,7,16,2.5673317909240723,2.56916880607605,0.001837015151977539
initial,57,block28.W1,8,16,2.7587227821350098,2.75787353515625,0.0008492469787597656
initial,57,block28.W1,9,16,2.678457021713257,2.6758031845092773,0.002653837203979492
initial,57,block28.W1,10,16,2.6015570163726807,2.603266477584839,0.0017094612121582031
initial,57,block28.W1,11,16,2.8042337894439697,2.800924777984619,0.003309011459350586
initial,57,block28.W1,12,16,2.631460189819336,2.63527250289917,0.0038123130798339844
initial,57,block28.W1,13,16,2.53908634185791,2.5390515327453613,3.4809112548828125e-05
initial,57,block28.W1,14,16,2.6299400329589844,2.6321003437042236,0.002160310745239258
initial,57,block28.W1,15,16,2.643967390060425,2.646073818206787,0.0021064281463623047
initial,57,block28.W1,16,16,2.6763548851013184,2.6773741245269775,0.0010192394256591797
initial,57,block28.W1,17,16,2.591144561767578,2.5960662364959717,0.004921674728393555
initial,57,block28.W1,18,16,2.669921398162842,2.66940975189209,0.0005116462707519531
initial,57,block28.W1,19,16,2.6675779819488525,2.6713767051696777,0.0037987232208251953
initial,57,block28.W1,20,16,2.661750555038452,2.6575260162353516,0.004224538803100586
initial,57,block28.W1,21,16,2.501817464828491,2.495224714279175,0.006592750549316406
initial,57,block28.W1,22,16,2.634596109390259,2.632050037384033,0.002546072006225586
initial,57,block28.W1,23,16,2.6447126865386963,2.6433491706848145,0.001363515853881836
initial,57,block28.W1,24,16,2.549762725830078,2.5409352779388428,0.008827447891235352
initial,57,block28.W1,25,16,2.633347272872925,2.63494873046875,0.0016014575958251953
initial,57,block28.W1,26,16,2.680286407470703,2.68220853805542,0.0019221305847167969
initial,57,block28.W1,27,16,2.6038641929626465,2.60072922706604,0.0031349658966064453
initial,57,block28.W1,28,16,2.7897989749908447,2.792527437210083,0.0027284622192382812
initial,57,block28.W1,29,16,2.627013683319092,2.6237905025482178,0.0032231807708740234
initial,57,block28.W1,30,16,2.648369550704956,2.6468541622161865,0.0015153884887695312
initial,57,block28.W1,31,16,2.7644941806793213,2.7672767639160156,0.002782583236694336
initial,57,block28.W1,32,16,2.6236202716827393,2.620887517929077,0.0027327537536621094
initial,57,block28.W1,33,16,2.6300857067108154,2.6332688331604004,0.003183126449584961
initial,57,block28.W1,34,16,2.5994770526885986,2.5999417304992676,0.0004646778106689453
initial,57,block28.W1,35,16,2.7507357597351074,2.750236988067627,0.0004987716674804688
initial,57,block28.W1,36,16,2.78633189201355,2.782801866531372,0.0035300254821777344
initial,57,block28.W1,37,16,2.6600706577301025,2.6619584560394287,0.0018877983093261719
initial,57,block28.W1,38,16,2.712320327758789,2.7111470699310303,0.001173257827758789
initial,57,block28.W1,39,16,2.750012159347534,2.7484943866729736,0.0015177726745605469
initial,57,block28.W1,40,16,2.5669193267822266,2.5696825981140137,0.0027632713317871094
initial,57,block28.W1,41,16,2.6764307022094727,2.6743924617767334,0.002038240432739258
initial,57,block28.W1,42,16,2.702544927597046,2.705353021621704,0.002808094024658203
initial,57,block28.W1,43,16,2.6395909786224365,2.6378746032714844,0.0017163753509521484
initial,57,block28.W1,44,16,2.672583818435669,2.674926280975342,0.0023424625396728516
initial,57,block28.W1,45,16,2.7271010875701904,2.7240591049194336,0.003041982650756836
initial,57,block28.W1,46,16,2.6937835216522217,2.695612907409668,0.001829385757446289
initial,57,block28.W1,47,16,2.586361885070801,2.5850942134857178,0.0012676715850830078
initial,57,block28.W1,48,16,2.560357093811035,2.559329032897949,0.0010280609130859375
initial,57,block28.W1,49,16,2.6664512157440186,2.6686158180236816,0.002164602279663086
initial,57,block28.W1,50,16,2.7130162715911865,2.7109477519989014,0.0020685195922851562
initial,57,block28.W1,51,16,2.6445159912109375,2.641277313232422,0.003238677978515625
initial,57,block28.W1,52,16,2.690011978149414,2.6943724155426025,0.0043604373931884766
initial,57,block28.W1,53,16,2.7064292430877686,2.7047019004821777,0.0017273426055908203
initial,57,block28.W1,54,16,2.5644357204437256,2.5596556663513184,0.0047800540924072266
initial,57,block28.W1,55,16,2.722069025039673,2.7219858169555664,8.320808410644531e-05
initial,57,block28.W1,56,16,2.5152556896209717,2.5118110179901123,0.003444671630859375
initial,57,block28.W1,57,16,2.7169406414031982,2.715047836303711,0.0018928050994873047
initial,57,block28.W1,58,16,2.6862170696258545,2.6822993755340576,0.003917694091796875
initial,57,block28.W1,59,16,2.6997456550598145,2.701986074447632,0.002240419387817383
initial,57,block28.W1,60,16,2.708486318588257,2.7086381912231445,0.0001518726348876953
initial,57,block28.W1,61,16,2.6504759788513184,2.6509504318237305,0.0004744529724121094
initial,57,block28.W1,62,16,2.4564831256866455,2.456268787384033,0.0002143383026123047
initial,57,block28.W1,63,16,2.661222219467163,2.661916732788086,0.0006945133209228516
initial,58,block28.W2,0,16,2.69205904006958,2.6949000358581543,0.0028409957885742188
initial,58,block28.W2,1,16,2.597290515899658,2.5952134132385254,0.0020771026611328125
initial,58,block28.W2,2,16,2.6177546977996826,2.619525909423828,0.0017712116241455078
initial,58,block28.W2,3,16,2.6467325687408447,2.643079996109009,0.0036525726318359375
initial,58,block28.W2,4,16,2.6801111698150635,2.6808676719665527,0.0007565021514892578
initial,58,block28.W2,5,16,2.7328860759735107,2.7380661964416504,0.0051801204681396484
initial,58,block28.W2,6,16,2.6456828117370605,2.6461408138275146,0.00045800209045410156
initial,58,block28.W2,7,16,2.7774834632873535,2.783092737197876,0.005609273910522461
initial,58,block28.W2,8,16,2.712949514389038,2.7151834964752197,0.0022339820861816406
initial,58,block28.W2,9,16,2.6263179779052734,2.6280205249786377,0.0017025470733642578
initial,58,block28.W2,10,16,2.631032943725586,2.6341497898101807,0.0031168460845947266
initial,58,block28.W2,11,16,2.514063596725464,2.5138630867004395,0.00020051002502441406
initial,58,block28.W2,12,16,2.6890146732330322,2.691432476043701,0.0024178028106689453
initial,58,block28.W2,13,16,2.601552963256836,2.605348825454712,0.0037958621978759766
initial,58,block28.W2,14,16,2.5992350578308105,2.601491928100586,0.0022568702697753906
initial,58,block28.W2,15,16,2.545881509780884,2.5445072650909424,0.0013742446899414062
initial,58,block28.W2,16,16,2.7381911277770996,2.7375261783599854,0.0006649494171142578
initial,58,block28.W2,17,16,2.784160614013672,2.783322811126709,0.0008378028869628906
initial,58,block28.W2,18,16,2.705731153488159,2.7047741413116455,0.0009570121765136719
initial,58,block28.W2,19,16,2.676379680633545,2.6783607006073,0.001981019973754883
initial,58,block28.W2,20,16,2.5714473724365234,2.573383092880249,0.001935720443725586
initial,58,block28.W2,21,16,2.69407057762146,2.697519063949585,0.003448486328125
initial,58,block28.W2,22,16,2.6065824031829834,2.6051032543182373,0.0014791488647460938
initial,58,block28.W2,23,16,2.571603536605835,2.5707263946533203,0.0008771419525146484
initial,58,block28.W2,24,16,2.8031797409057617,2.8054161071777344,0.0022363662719726562
initial,58,block28.W2,25,16,2.730318069458008,2.7227978706359863,0.007520198822021484
initial,58,block28.W2,26,16,2.7473814487457275,2.743345022201538,0.004036426544189453
initial,58,block28.W2,27,16,2.6183817386627197,2.621905565261841,0.0035238265991210938
initial,58,block28.W2,28,16,2.7560737133026123,2.758805751800537,0.0027320384979248047
initial,58,block28.W2,29,16,2.623164176940918,2.623880624771118,0.0007164478302001953
initial,58,block28.W2,30,16,2.63232159614563,2.631143569946289,0.0011780261993408203
initial,58,block28.W2,31,16,2.658513069152832,2.658442974090576,7.009506225585938e-05
initial,58,block28.W2,32,16,2.6606500148773193,2.660707473754883,5.745887756347656e-05
initial,58,block28.W2,33,16,2.748354434967041,2.746734142303467,0.0016202926635742188
initial,58,block28.W2,34,16,2.5156214237213135,2.516170024871826,0.0005486011505126953
initial,58,block28.W2,35,16,2.681346893310547,2.6806375980377197,0.0007092952728271484
initial,58,block28.W2,36,16,2.7173614501953125,2.7143797874450684,0.0029816627502441406
initial,58,block28.W2,37,16,2.5673606395721436,2.564692735671997,0.0026679039001464844
initial,58,block28.W2,38,16,2.6352200508117676,2.6319868564605713,0.003233194351196289
initial,58,block28.W2,39,16,2.570235252380371,2.5717597007751465,0.0015244483947753906
initial,58,block28.W2,40,16,2.6209797859191895,2.6246328353881836,0.0036530494689941406
initial,58,block28.W2,41,16,2.7277297973632812,2.724050521850586,0.0036792755126953125
initial,58,block28.W2,42,16,2.632143020629883,2.6298811435699463,0.0022618770599365234
initial,58,block28.W2,43,16,2.6816976070404053,2.6823370456695557,0.0006394386291503906
initial,58,block28.W2,44,16,2.710529327392578,2.7141647338867188,0.003635406494140625
initial,58,block28.W2,45,16,2.5904860496520996,2.5912930965423584,0.0008070468902587891
initial,58,block28.W2,46,16,2.69527268409729,2.699208974838257,0.003936290740966797
initial,58,block28.W2,47,16,2.7381210327148438,2.7358157634735107,0.002305269241333008
initial,58,block28.W2,48,16,2.649481773376465,2.651235818862915,0.0017540454864501953
initial,58,block28.W2,49,16,2.6574864387512207,2.656846046447754,0.0006403923034667969
initial,58,block28.W2,50,16,2.713928699493408,2.714085578918457,0.00015687942504882812
initial,58,block28.W2,51,16,2.596238374710083,2.597996234893799,0.0017578601837158203
initial,58,block28.W2,52,16,2.7281980514526367,2.730008363723755,0.001810312271118164
initial,58,block28.W2,53,16,2.7234079837799072,2.7194786071777344,0.0039293766021728516
initial,58,block28.W2,54,16,2.704129934310913,2.705791473388672,0.001661539077758789
initial,58,block28.W2,55,16,2.6941094398498535,2.6961679458618164,0.0020585060119628906
initial,58,block28.W2,56,16,2.763610601425171,2.7623789310455322,0.0012316703796386719
initial,58,block28.W2,57,16,2.7521677017211914,2.751465082168579,0.0007026195526123047
initial,58,block28.W2,58,16,2.5719430446624756,2.5689330101013184,0.0030100345611572266
initial,58,block28.W2,59,16,2.429567575454712,2.4288620948791504,0.0007054805755615234
initial,58,block28.W2,60,16,2.6874520778656006,2.6904420852661133,0.0029900074005126953
initial,58,block28.W2,61,16,2.5290749073028564,2.526625871658325,0.00244903564453125
initial,58,block28.W2,62,16,2.69287371635437,2.6861331462860107,0.006740570068359375
initial,58,block28.W2,63,16,2.6009557247161865,2.5996806621551514,0.0012750625610351562
initial,59,block29.W1,0,16,2.8088159561157227,2.8075175285339355,0.0012984275817871094
initial,59,block29.W1,1,16,2.6452786922454834,2.6431679725646973,0.002110719680786133
initial,59,block29.W1,2,16,2.627044200897217,2.624544382095337,0.002499818801879883
initial,59,block29.W1,3,16,2.637993812561035,2.635730266571045,0.0022635459899902344
initial,59,block29.W1,4,16,2.694920778274536,2.696617841720581,0.0016970634460449219
initial,59,block29.W1,5,16,2.6765189170837402,2.6784822940826416,0.001963376998901367
initial,59,block29.W1,6,16,2.5870096683502197,2.5875024795532227,0.0004928112030029297
initial,59,block29.W1,7,16,2.731062412261963,2.7307846546173096,0.0002777576446533203
initial,59,block29.W1,8,16,2.660599708557129,2.6583402156829834,0.002259492874145508
initial,59,block29.W1,9,16,2.578909397125244,2.581040859222412,0.0021314620971679688
initial,59,block29.W1,10,16,2.5974154472351074,2.5950376987457275,0.002377748489379883
initial,59,block29.W1,11,16,2.710496664047241,2.7113001346588135,0.0008034706115722656
initial,59,block29.W1,12,16,2.6105501651763916,2.6112136840820312,0.0006635189056396484
initial,59,block29.W1,13,16,2.5605854988098145,2.5611019134521484,0.0005164146423339844
initial,59,block29.W1,14,16,2.5749690532684326,2.5749433040618896,2.574920654296875e-05
initial,59,block29.W1,15,16,2.7351231575012207,2.734992504119873,0.00013065338134765625
initial,59,block29.W1,16,16,2.6629903316497803,2.6620230674743652,0.0009672641754150391
initial,59,block29.W1,17,16,2.616506576538086,2.620396375656128,0.003889799118041992
initial,59,block29.W1,18,16,2.712867259979248,2.711533308029175,0.0013339519500732422
initial,59,block29.W1,19,16,2.630725622177124,2.6285061836242676,0.0022194385528564453
initial,59,block29.W1,20,16,2.7286601066589355,2.7253499031066895,0.0033102035522460938
initial,59,block29.W1,21,16,2.8092329502105713,2.8141918182373047,0.0049588680267333984
initial,59,block29.W1,22,16,2.709817886352539,2.7100467681884766,0.0002288818359375
initial,59,block29.W1,23,16,2.4925637245178223,2.4925003051757812,6.341934204101562e-05
initial,59,block29.W1,24,16,2.604740858078003,2.606597900390625,0.0018570423126220703
initial,59,block29.W1,25,16,2.6820766925811768,2.680327892303467,0.001748800277709961
initial,59,block29.W1,26,16,2.628535509109497,2.629833221435547,0.0012977123260498047
initial,59,block29.W1,27,16,2.7162928581237793,2.715261459350586,0.0010313987731933594
initial,59,block29.W1,28,16,2.7073616981506348,2.7033193111419678,0.004042387008666992
initial,59,block29.W1,29,16,2.6600759029388428,2.661289691925049,0.0012137889862060547
initial,59,block29.W1,30,16,2.8066482543945312,2.807039260864258,0.0003910064697265625
initial,59,block29.W1,31,16,2.6323161125183105,2.630260467529297,0.002055644989013672
initial,59,block29.W1,32,16,2.6509017944335938,2.6502039432525635,0.0006978511810302734
initial,59,block29.W1,33,16,2.798922538757324,2.7989509105682373,2.8371810913085938e-05
initial,59,block29.W1,34,16,2.573448657989502,2.5705318450927734,0.0029168128967285156
initial,59,block29.W1,35,16,2.641587972640991,2.6392273902893066,0.0023605823516845703
initial,59,block29.W1,36,16,2.593343734741211,2.592352867126465,0.0009908676147460938
initial,59,block29.W1,37,16,2.8337597846984863,2.8294155597686768,0.00434422492980957
initial,59,block29.W1,38,16,2.568674087524414,2.5709757804870605,0.0023016929626464844
initial,59,block29.W1,39,16,2.5121009349823,2.5123472213745117,0.00024628639221191406
initial,59,block29.W1,40,16,2.7042489051818848,2.7012505531311035,0.00299835205078125
initial,59,block29.W1,41,16,2.576323986053467,2.576611280441284,0.0002872943878173828
initial,59,block29.W1,42,16,2.6305434703826904,2.6326680183410645,0.0021245479583740234
initial,59,block29.W1,43,16,2.724665641784668,2.721656084060669,0.0030095577239990234
initial,59,block29.W1,44,16,2.642688035964966,2.6441738605499268,0.0014858245849609375
initial,59,block29.W1,45,16,2.7016186714172363,2.693998098373413,0.007620573043823242
initial,59,block29.W1,46,16,2.5958950519561768,2.5939629077911377,0.0019321441650390625
initial,59,block29.W1,47,16,2.7724995613098145,2.771188259124756,0.0013113021850585938
initial,59,block29.W1,48,16,2.7261202335357666,2.729529857635498,0.0034096240997314453
initial,59,block29.W1,49,16,2.6016135215759277,2.6013717651367188,0.00024175643920898438
initial,59,block29.W1,50,16,2.6549150943756104,2.6549649238586426,4.982948303222656e-05
initial,59,block29.W1,51,16,2.637094020843506,2.6341795921325684,0.0029144287109375
initial,59,block29.W1,52,16,2.6086337566375732,2.6051077842712402,0.003525972366333008
initial,59,block29.W1,53,16,2.7461509704589844,2.7439162731170654,0.0022346973419189453
initial,59,block29.W1,54,16,2.6012136936187744,2.6005122661590576,0.0007014274597167969
initial,59,block29.W1,55,16,2.622483015060425,2.621384620666504,0.0010983943939208984
initial,59,block29.W1,56,16,2.7208468914031982,2.717787504196167,0.00305938720703125
initial,59,block29.W1,57,16,2.576449155807495,2.5740036964416504,0.0024454593658447266
initial,59,block29.W1,58,16,2.6225063800811768,2.619870662689209,0.0026357173919677734
initial,59,block29.W1,59,16,2.532024621963501,2.5312860012054443,0.0007386207580566406
initial,59,block29.W1,60,16,2.640423536300659,2.6376683712005615,0.0027551651000976562
initial,59,block29.W1,61,16,2.7177367210388184,2.7152836322784424,0.0024530887603759766
initial,59,block29.W1,62,16,2.6165084838867188,2.6162331104278564,0.0002753734588623047
initial,59,block29.W1,63,16,2.68949556350708,2.6917858123779297,0.0022902488708496094
initial,60,block29.W2,0,16,2.607907772064209,2.6091644763946533,0.001256704330444336
initial,60,block29.W2,1,16,2.752411127090454,2.751377582550049,0.0010335445404052734
initial,60,block29.W2,2,16,2.783081531524658,2.781069755554199,0.0020117759704589844
initial,60,block29.W2,3,16,2.729513645172119,2.7282559871673584,0.0012576580047607422
initial,60,block29.W2,4,16,2.769688844680786,2.7709851264953613,0.0012962818145751953
initial,60,block29.W2,5,16,2.6799814701080322,2.6824111938476562,0.0024297237396240234
initial,60,block29.W2,6,16,2.661839485168457,2.663105010986328,0.0012655258178710938
initial,60,block29.W2,7,16,2.6626698970794678,2.660712957382202,0.001956939697265625
initial,60,block29.W2,8,16,2.717811346054077,2.7205970287323,0.0027856826782226562
initial,60,block29.W2,9,16,2.607630491256714,2.602956533432007,0.004673957824707031
initial,60,block29.W2,10,16,2.543466567993164,2.54304575920105,0.0004208087921142578
initial,60,block29.W2,11,16,2.7516391277313232,2.757058620452881,0.005419492721557617
initial,60,block29.W2,12,16,2.7836546897888184,2.7841646671295166,0.0005099773406982422
initial,60,block29.W2,13,16,2.7545993328094482,2.7535006999969482,0.0010986328125
initial,60,block29.W2,14,16,2.560905933380127,2.5590262413024902,0.0018796920776367188
initial,60,block29.W2,15,16,2.673781633377075,2.674424648284912,0.0006430149078369141
initial,60,block29.W2,16,16,2.7419321537017822,2.7418954372406006,3.6716461181640625e-05
initial,60,block29.W2,17,16,2.6348979473114014,2.6369450092315674,0.0020470619201660156
initial,60,block29.W2,18,16,2.793360471725464,2.793875217437744,0.0005147457122802734
initial,60,block29.W2,19,16,2.5692312717437744,2.5683913230895996,0.0008399486541748047
initial,60,block29.W2,20,16,2.7138187885284424,2.7144858837127686,0.0006670951843261719
initial,60,block29.W2,21,16,2.5741615295410156,2.576531171798706,0.0023696422576904297
initial,60,block29.W2,22,16,2.70516037940979,2.7075345516204834,0.0023741722106933594
initial,60,block29.W2,23,16,2.514878273010254,2.5172834396362305,0.0024051666259765625
initial,60,block29.W2,24,16,2.5793168544769287,2.5792171955108643,9.965896606445312e-05
initial,60,block29.W2,25,16,2.622896909713745,2.6214492321014404,0.0014476776123046875
initial,60,block29.W2,26,16,2.6672282218933105,2.666476249694824,0.0007519721984863281
initial,60,block29.W2,27,16,2.734656572341919,2.73557448387146,0.0009179115295410156
initial,60,block29.W2,28,16,2.7349448204040527,2.7356810569763184,0.000736236572265625
initial,60,block29.W2,29,16,2.69741153717041,2.6955158710479736,0.0018956661224365234
initial,60,block29.W2,30,16,2.6959292888641357,2.697179079055786,0.0012497901916503906
initial,60,block29.W2,31,16,2.591935396194458,2.593755006790161,0.001819610595703125
initial,60,block29.W2,32,16,2.682091236114502,2.681516170501709,0.0005750656127929688
initial,60,block29.W2,33,16,2.58697247505188,2.58852481842041,0.0015523433685302734
initial,60,block29.W2,34,16,2.5865213871002197,2.584533452987671,0.001987934112548828
initial,60,block29.W2,35,16,2.68916654586792,2.6891260147094727,4.0531158447265625e-05
initial,60,block29.W2,36,16,2.6091294288635254,2.6090877056121826,4.172325134277344e-05
initial,60,block29.W2,37,16,2.704387903213501,2.7045607566833496,0.0001728534698486328
initial,60,block29.W2,38,16,2.6981751918792725,2.700770139694214,0.0025949478149414062
initial,60,block29.W2,39,16,2.6201634407043457,2.6167097091674805,0.0034537315368652344
initial,60,block29.W2,40,16,2.710515260696411,2.7076597213745117,0.002855539321899414
initial,60,block29.W2,41,16,2.8322572708129883,2.8311429023742676,0.0011143684387207031
initial,60,block29.W2,42,16,2.6788816452026367,2.6817800998687744,0.0028984546661376953
initial,60,block29.W2,43,16,2.671590566635132,2.6712427139282227,0.0003478527069091797
initial,60,block29.W2,44,16,2.6642262935638428,2.6688015460968018,0.004575252532958984
initial,60,block29.W2,45,16,2.8323118686676025,2.829808473587036,0.0025033950805664062
initial,60,block29.W2,46,16,2.6958556175231934,2.690823793411255,0.0050318241119384766
initial,60,block29.W2,47,16,2.6030664443969727,2.5960745811462402,0.006991863250732422
initial,60,block29.W2,48,16,2.549394369125366,2.5490379333496094,0.00035643577575683594
initial,60,block29.W2,49,16,2.6053504943847656,2.604323148727417,0.0010273456573486328
initial,60,block29.W2,50,16,2.7555341720581055,2.7567076683044434,0.0011734962463378906
initial,60,block29.W2,51,16,2.6098825931549072,2.6103878021240234,0.0005052089691162109
initial,60,block29.W2,52,16,2.7563037872314453,2.7556347846984863,0.0006690025329589844
initial,60,block29.W2,53,16,2.7172932624816895,2.7162587642669678,0.0010344982147216797
initial,60,block29.W2,54,16,2.720397472381592,2.721362590789795,0.000965118408203125
initial,60,block29.W2,55,16,2.754911184310913,2.750786542892456,0.004124641418457031
initial,60,block29.W2,56,16,2.4841268062591553,2.486722707748413,0.0025959014892578125
initial,60,block29.W2,57,16,2.609699249267578,2.6099162101745605,0.00021696090698242188
initial,60,block29.W2,58,16,2.587726593017578,2.587181568145752,0.0005450248718261719
initial,60,block29.W2,59,16,2.6371257305145264,2.6379828453063965,0.0008571147918701172
initial,60,block29.W2,60,16,2.7547802925109863,2.756042242050171,0.0012619495391845703
initial,60,block29.W2,61,16,2.5965023040771484,2.5969302654266357,0.0004279613494873047
initial,60,block29.W2,62,16,2.685840129852295,2.6830811500549316,0.0027589797973632812
initial,60,block29.W2,63,16,2.6511294841766357,2.650688886642456,0.0004405975341796875
initial,61,block30.W1,0,16,2.622969388961792,2.6218438148498535,0.0011255741119384766
initial,61,block30.W1,1,16,2.692913770675659,2.694078207015991,0.0011644363403320312
initial,61,block30.W1,2,16,2.6603074073791504,2.656268835067749,0.004038572311401367
initial,61,block30.W1,3,16,2.7995996475219727,2.7948334217071533,0.004766225814819336
initial,61,block30.W1,4,16,2.616084098815918,2.611252784729004,0.0048313140869140625
initial,61,block30.W1,5,16,2.7284348011016846,2.7313361167907715,0.002901315689086914
initial,61,block30.W1,6,16,2.5933995246887207,2.5934836864471436,8.416175842285156e-05
initial,61,block30.W1,7,16,2.601280689239502,2.6026394367218018,0.0013587474822998047
initial,61,block30.W1,8,16,2.7239949703216553,2.7242720127105713,0.0002770423889160156
initial,61,block30.W1,9,16,2.6897873878479004,2.6870474815368652,0.0027399063110351562
initial,61,block30.W1,10,16,2.565426826477051,2.5684397220611572,0.0030128955841064453
initial,61,block30.W1,11,16,2.7714223861694336,2.779385566711426,0.007963180541992188
initial,61,block30.W1,12,16,2.6821391582489014,2.6823832988739014,0.000244140625
initial,61,block30.W1,13,16,2.7488532066345215,2.7471280097961426,0.0017251968383789062
initial,61,block30.W1,14,16,2.5397613048553467,2.545042037963867,0.005280733108520508
initial,61,block30.W1,15,16,2.706679105758667,2.707777976989746,0.0010988712310791016
initial,61,block30.W1,16,16,2.6574785709381104,2.655404567718506,0.002074003219604492
initial,61,block30.W1,17,16,2.615245819091797,2.6070899963378906,0.00815582275390625
initial,61,block30.W1,18,16,2.7392213344573975,2.741833209991455,0.002611875534057617
initial,61,block30.W1,19,16,2.771589517593384,2.774881362915039,0.0032918453216552734
initial,61,block30.W1,20,16,2.623354911804199,2.621690034866333,0.001664876937866211
initial,61,block30.W1,21,16,2.7417118549346924,2.7434496879577637,0.001737833023071289
initial,61,block30.W1,22,16,2.6134965419769287,2.610534906387329,0.0029616355895996094
initial,61,block30.W1,23,16,2.611747980117798,2.6108298301696777,0.0009181499481201172
initial,61,block30.W1,24,16,2.5968306064605713,2.591704845428467,0.005125761032104492
initial,61,block30.W1,25,16,2.5669875144958496,2.570725917816162,0.0037384033203125
initial,61,block30.W1,26,16,2.5902702808380127,2.589308023452759,0.0009622573852539062
initial,61,block30.W1,27,16,2.7359628677368164,2.7343862056732178,0.0015766620635986328
initial,61,block30.W1,28,16,2.6897366046905518,2.6855058670043945,0.0042307376861572266
initial,61,block30.W1,29,16,2.6062779426574707,2.6057486534118652,0.0005292892456054688
initial,61,block30.W1,30,16,2.7637853622436523,2.7631149291992188,0.0006704330444335938
initial,61,block30.W1,31,16,2.7071588039398193,2.7065954208374023,0.0005633831024169922
initial,61,block30.W1,32,16,2.727053165435791,2.730095624923706,0.003042459487915039
initial,61,block30.W1,33,16,2.683215618133545,2.686767339706421,0.0035517215728759766
initial,61,block30.W1,34,16,2.7034192085266113,2.701978921890259,0.001440286636352539
initial,61,block30.W1,35,16,2.767803192138672,2.772418975830078,0.00461578369140625
initial,61,block30.W1,36,16,2.5634593963623047,2.5612311363220215,0.002228260040283203
initial,61,block30.W1,37,16,2.672860622406006,2.6717958450317383,0.0010647773742675781
initial,61,block30.W1,38,16,2.620107412338257,2.618706703186035,0.0014007091522216797
initial,61,block30.W1,39,16,2.64628005027771,2.647698163986206,0.0014181137084960938
initial,61,block30.W1,40,16,2.61739444732666,2.6127676963806152,0.004626750946044922
initial,61,block30.W1,41,16,2.671391725540161,2.6735494136810303,0.0021576881408691406
initial,61,block30.W1,42,16,2.60382080078125,2.6035239696502686,0.0002968311309814453
initial,61,block30.W1,43,16,2.598245620727539,2.602635145187378,0.004389524459838867
initial,61,block30.W1,44,16,2.6264584064483643,2.6225147247314453,0.003943681716918945
initial,61,block30.W1,45,16,2.75317120552063,2.7544219493865967,0.0012507438659667969
initial,61,block30.W1,46,16,2.670003652572632,2.668485641479492,0.0015180110931396484
initial,61,block30.W1,47,16,2.721086263656616,2.721686363220215,0.0006000995635986328
initial,61,block30.W1,48,16,2.534372091293335,2.534018039703369,0.0003540515899658203
initial,61,block30.W1,49,16,2.665681838989258,2.666398763656616,0.0007169246673583984
initial,61,block30.W1,50,16,2.77040696144104,2.774353504180908,0.003946542739868164
initial,61,block30.W1,51,16,2.552626132965088,2.553318500518799,0.0006923675537109375
initial,61,block30.W1,52,16,2.6815786361694336,2.6858248710632324,0.004246234893798828
initial,61,block30.W1,53,16,2.722384214401245,2.721301317214966,0.0010828971862792969
initial,61,block30.W1,54,16,2.7271735668182373,2.7252509593963623,0.001922607421875
initial,61,block30.W1,55,16,2.7420401573181152,2.7428524494171143,0.0008122920989990234
initial,61,block30.W1,56,16,2.6852102279663086,2.683300018310547,0.0019102096557617188
initial,61,block30.W1,57,16,2.6082375049591064,2.6066362857818604,0.0016012191772460938
initial,61,block30.W1,58,16,2.6493496894836426,2.647183656692505,0.0021660327911376953
initial,61,block30.W1,59,16,2.603167772293091,2.5992164611816406,0.003951311111450195
initial,61,block30.W1,60,16,2.4109842777252197,2.4090218544006348,0.001962423324584961
initial,61,block30.W1,61,16,2.5954971313476562,2.592705011367798,0.0027921199798583984
initial,61,block30.W1,62,16,2.701730728149414,2.7029218673706055,0.0011911392211914062
initial,61,block30.W1,63,16,2.6122543811798096,2.6149463653564453,0.002691984176635742
initial,62,block30.W2,0,16,2.801677703857422,2.8010094165802,0.0006682872772216797
initial,62,block30.W2,1,16,2.647493362426758,2.6470377445220947,0.00045561790466308594
initial,62,block30.W2,2,16,2.7587199211120605,2.7598085403442383,0.0010886192321777344
initial,62,block30.W2,3,16,2.753984212875366,2.7534871101379395,0.0004971027374267578
initial,62,block30.W2,4,16,2.6280741691589355,2.6295218467712402,0.0014476776123046875
initial,62,block30.W2,5,16,2.589531898498535,2.5897622108459473,0.00023031234741210938
initial,62,block30.W2,6,16,2.6631345748901367,2.6659047603607178,0.0027701854705810547
initial,62,block30.W2,7,16,2.7445430755615234,2.7464683055877686,0.0019252300262451172
initial,62,block30.W2,8,16,2.6793596744537354,2.6825945377349854,0.00323486328125
initial,62,block30.W2,9,16,2.697068452835083,2.698363780975342,0.001295328140258789
initial,62,block30.W2,10,16,2.673271417617798,2.6741557121276855,0.0008842945098876953
initial,62,block30.W2,11,16,2.7423617839813232,2.7423765659332275,1.4781951904296875e-05
initial,62,block30.W2,12,16,2.529569625854492,2.528974771499634,0.0005948543548583984
initial,62,block30.W2,13,16,2.651095151901245,2.65673565864563,0.005640506744384766
initial,62,block30.W2,14,16,2.6668169498443604,2.6645150184631348,0.002301931381225586
initial,62,block30.W2,15,16,2.7484145164489746,2.7494709491729736,0.0010564327239990234
initial,62,block30.W2,16,16,2.7968156337738037,2.7997219562530518,0.002906322479248047
initial,62,block30.W2,17,16,2.6570799350738525,2.657984733581543,0.0009047985076904297
initial,62,block30.W2,18,16,2.634915590286255,2.6341323852539062,0.0007832050323486328
initial,62,block30.W2,19,16,2.68178129196167,2.684340000152588,0.0025587081909179688
initial,62,block30.W2,20,16,2.6442832946777344,2.6432902812957764,0.0009930133819580078
initial,62,block30.W2,21,16,2.786496162414551,2.785346031188965,0.0011501312255859375
initial,62,block30.W2,22,16,2.6982803344726562,2.6924920082092285,0.005788326263427734
initial,62,block30.W2,23,16,2.624932289123535,2.621842384338379,0.00308990478515625
initial,62,block30.W2,24,16,2.739269733428955,2.7366764545440674,0.0025932788848876953
initial,62,block30.W2,25,16,2.8025715351104736,2.804245948791504,0.0016744136810302734
initial,62,block30.W2,26,16,2.7061843872070312,2.705859899520874,0.00032448768615722656
initial,62,block30.W2,27,16,2.712400197982788,2.7097954750061035,0.0026047229766845703
initial,62,block30.W2,28,16,2.762294292449951,2.7592639923095703,0.0030303001403808594
initial,62,block30.W2,29,16,2.6625008583068848,2.6647891998291016,0.002288341522216797
initial,62,block30.W2,30,16,2.6004533767700195,2.5995707511901855,0.0008826255798339844
initial,62,block30.W2,31,16,2.6325979232788086,2.6320619583129883,0.0005359649658203125
initial,62,block30.W2,32,16,2.75896954536438,2.759054660797119,8.511543273925781e-05
initial,62,block30.W2,33,16,2.606459617614746,2.609076738357544,0.0026171207427978516
initial,62,block30.W2,34,16,2.6915950775146484,2.6873245239257812,0.0042705535888671875
initial,62,block30.W2,35,16,2.6555910110473633,2.654376268386841,0.001214742660522461
initial,62,block30.W2,36,16,2.6321709156036377,2.6256890296936035,0.00648188591003418
initial,62,block30.W2,37,16,2.5251450538635254,2.525679588317871,0.0005345344543457031
initial,62,block30.W2,38,16,2.726184844970703,2.729536533355713,0.0033516883850097656
initial,62,block30.W2,39,16,2.7363297939300537,2.7364888191223145,0.0001590251922607422
initial,62,block30.W2,40,16,2.6591062545776367,2.6556570529937744,0.0034492015838623047
initial,62,block30.W2,41,16,2.6592373847961426,2.65594744682312,0.003289937973022461
initial,62,block30.W2,42,16,2.578263282775879,2.5747690200805664,0.0034942626953125
initial,62,block30.W2,43,16,2.723132848739624,2.7228002548217773,0.0003325939178466797
initial,62,block30.W2,44,16,2.6856439113616943,2.6817736625671387,0.003870248794555664
initial,62,block30.W2,45,16,2.5274295806884766,2.52634859085083,0.0010809898376464844
initial,62,block30.W2,46,16,2.5309247970581055,2.5337252616882324,0.002800464630126953
initial,62,block30.W2,47,16,2.6515369415283203,2.6548733711242676,0.0033364295959472656
initial,62,block30.W2,48,16,2.7423059940338135,2.7434346675872803,0.0011286735534667969
initial,62,block30.W2,49,16,2.620316505432129,2.6193835735321045,0.0009329319000244141
initial,62,block30.W2,50,16,2.81821870803833,2.8166985511779785,0.0015201568603515625
initial,62,block30.W2,51,16,2.6666364669799805,2.668083906173706,0.001447439193725586
initial,62,block30.W2,52,16,2.6646244525909424,2.6638777256011963,0.0007467269897460938
initial,62,block30.W2,53,16,2.6927127838134766,2.695361375808716,0.002648591995239258
initial,62,block30.W2,54,16,2.7196462154388428,2.7220194339752197,0.002373218536376953
initial,62,block30.W2,55,16,2.6800527572631836,2.6784722805023193,0.0015804767608642578
initial,62,block30.W2,56,16,2.651050090789795,2.645994186401367,0.005055904388427734
initial,62,block30.W2,57,16,2.5300064086914062,2.5311102867126465,0.0011038780212402344
initial,62,block30.W2,58,16,2.750185012817383,2.749606132507324,0.0005788803100585938
initial,62,block30.W2,59,16,2.894263744354248,2.895786762237549,0.0015230178833007812
initial,62,block30.W2,60,16,2.5642173290252686,2.5627353191375732,0.0014820098876953125
initial,62,block30.W2,61,16,2.5193092823028564,2.517540216445923,0.0017690658569335938
initial,62,block30.W2,62,16,2.5139858722686768,2.510793924331665,0.0031919479370117188
initial,62,block30.W2,63,16,2.5795798301696777,2.579253673553467,0.0003261566162109375
initial,63,block31.W1,0,16,2.6667068004608154,2.666616439819336,9.036064147949219e-05
initial,63,block31.W1,1,16,2.6019701957702637,2.6010844707489014,0.0008857250213623047
initial,63,block31.W1,2,16,2.742238998413086,2.7417144775390625,0.0005245208740234375
initial,63,block31.W1,3,16,2.6012792587280273,2.5967206954956055,0.004558563232421875
initial,63,block31.W1,4,16,2.6357922554016113,2.639491558074951,0.0036993026733398438
initial,63,block31.W1,5,16,2.6277174949645996,2.6276161670684814,0.00010132789611816406
initial,63,block31.W1,6,16,2.5723555088043213,2.570138454437256,0.0022170543670654297
initial,63,block31.W1,7,16,2.6927781105041504,2.6942336559295654,0.001455545425415039
initial,63,block31.W1,8,16,2.659031629562378,2.6575236320495605,0.0015079975128173828
initial,63,block31.W1,9,16,2.690645694732666,2.6882965564727783,0.0023491382598876953
initial,63,block31.W1,10,16,2.5979228019714355,2.599158525466919,0.0012357234954833984
initial,63,block31.W1,11,16,2.5944323539733887,2.595991611480713,0.0015592575073242188
initial,63,block31.W1,12,16,2.612377643585205,2.6118550300598145,0.000522613525390625
initial,63,block31.W1,13,16,2.689983606338501,2.6923038959503174,0.0023202896118164062
initial,63,block31.W1,14,16,2.731996774673462,2.731809139251709,0.0001876354217529297
initial,63,block31.W1,15,16,2.777669668197632,2.7745866775512695,0.0030829906463623047
initial,63,block31.W1,16,16,2.680316925048828,2.6791024208068848,0.0012145042419433594
initial,63,block31.W1,17,16,2.6477999687194824,2.6462719440460205,0.001528024673461914
initial,63,block31.W1,18,16,2.673691749572754,2.673708200454712,1.6450881958007812e-05
initial,63,block31.W1,19,16,2.6213862895965576,2.619591236114502,0.001795053482055664
initial,63,block31.W1,20,16,2.76212215423584,2.7624917030334473,0.0003695487976074219
initial,63,block31.W1,21,16,2.5192224979400635,2.5199406147003174,0.0007181167602539062
initial,63,block31.W1,22,16,2.672034502029419,2.6747026443481445,0.002668142318725586
initial,63,block31.W1,23,16,2.577609062194824,2.5738346576690674,0.003774404525756836
initial,63,block31.W1,24,16,2.614265203475952,2.6152241230010986,0.0009589195251464844
initial,63,block31.W1,25,16,2.6398098468780518,2.6401607990264893,0.0003509521484375
initial,63,block31.W1,26,16,2.686174154281616,2.68906569480896,0.00289154052734375
initial,63,block31.W1,27,16,2.685710906982422,2.6837880611419678,0.0019228458404541016
initial,63,block31.W1,28,16,2.726224422454834,2.7268645763397217,0.0006401538848876953
initial,63,block31.W1,29,16,2.724658489227295,2.724719524383545,6.103515625e-05
initial,63,block31.W1,30,16,2.7332398891448975,2.7301204204559326,0.0031194686889648438
initial,63,block31.W1,31,16,2.640075206756592,2.6419472694396973,0.0018720626831054688
initial,63,block31.W1,32,16,2.6753809452056885,2.67610764503479,0.0007266998291015625
initial,63,block31.W1,33,16,2.5870184898376465,2.5879061222076416,0.0008876323699951172
initial,63,block31.W1,34,16,2.720181703567505,2.7214062213897705,0.001224517822265625
initial,63,block31.W1,35,16,2.8647994995117188,2.8556017875671387,0.009197711944580078
initial,63,block31.W1,36,16,2.676457405090332,2.6791160106658936,0.0026586055755615234
initial,63,block31.W1,37,16,2.6693058013916016,2.6694116592407227,0.00010585784912109375
initial,63,block31.W1,38,16,2.6206541061401367,2.6190569400787354,0.0015971660614013672
initial,63,block31.W1,39,16,2.5767099857330322,2.5759546756744385,0.00075531005859375
initial,63,block31.W1,40,16,2.6243081092834473,2.6248202323913574,0.0005121231079101562
initial,63,block31.W1,41,16,2.716632843017578,2.7134323120117188,0.003200531005859375
initial,63,block31.W1,42,16,2.751004934310913,2.747812509536743,0.003192424774169922
initial,63,block31.W1,43,16,2.6453588008880615,2.6454646587371826,0.00010585784912109375
initial,63,block31.W1,44,16,2.648656129837036,2.64670729637146,0.0019488334655761719
initial,63,block31.W1,45,16,2.627713203430176,2.631471633911133,0.0037584304809570312
initial,63,block31.W1,46,16,2.6550471782684326,2.653073787689209,0.001973390579223633
initial,63,block31.W1,47,16,2.5967564582824707,2.6011478900909424,0.00439143180847168
initial,63,block31.W1,48,16,2.6226744651794434,2.6263818740844727,0.003707408905029297
initial,63,block31.W1,49,16,2.6481621265411377,2.648899555206299,0.0007374286651611328
initial,63,block31.W1,50,16,2.5159389972686768,2.5151422023773193,0.0007967948913574219
initial,63,block31.W1,51,16,2.6012375354766846,2.603412389755249,0.002174854278564453
initial,63,block31.W1,52,16,2.6604838371276855,2.6560428142547607,0.004441022872924805
initial,63,block31.W1,53,16,2.6099765300750732,2.607348918914795,0.0026276111602783203
initial,63,block31.W1,54,16,2.505079746246338,2.506178855895996,0.0010991096496582031
initial,63,block31.W1,55,16,2.748450994491577,2.7477056980133057,0.0007452964782714844
initial,63,block31.W1,56,16,2.6289031505584717,2.623760223388672,0.005142927169799805
initial,63,block31.W1,57,16,2.7409939765930176,2.745382785797119,0.0043888092041015625
initial,63,block31.W1,58,16,2.6249544620513916,2.6235387325286865,0.0014157295227050781
initial,63,block31.W1,59,16,2.498478651046753,2.501054525375366,0.0025758743286132812
initial,63,block31.W1,60,16,2.5816776752471924,2.5817203521728516,4.267692565917969e-05
initial,63,block31.W1,61,16,2.661486864089966,2.658531904220581,0.0029549598693847656
initial,63,block31.W1,62,16,2.640268564224243,2.6399924755096436,0.0002760887145996094
initial,63,block31.W1,63,16,2.731564521789551,2.7314517498016357,0.00011277198791503906
initial,64,block31.W2,0,16,2.6489481925964355,2.6492257118225098,0.00027751922607421875
initial,64,block31.W2,1,16,2.6393911838531494,2.6354236602783203,0.0039675235748291016
initial,64,block31.W2,2,16,2.795043706893921,2.79327392578125,0.0017697811126708984
initial,64,block31.W2,3,16,2.7045605182647705,2.699589729309082,0.0049707889556884766
initial,64,block31.W2,4,16,2.707644462585449,2.707036018371582,0.0006084442138671875
initial,64,block31.W2,5,16,2.672550916671753,2.672743082046509,0.00019216537475585938
initial,64,block31.W2,6,16,2.668956756591797,2.668987989425659,3.123283386230469e-05
initial,64,block31.W2,7,16,2.520378828048706,2.5207064151763916,0.0003275871276855469
initial,64,block31.W2,8,16,2.6719534397125244,2.679335355758667,0.007381916046142578
initial,64,block31.W2,9,16,2.6083216667175293,2.607330560684204,0.0009911060333251953
initial,64,block31.W2,10,16,2.600362777709961,2.596996307373047,0.0033664703369140625
initial,64,block31.W2,11,16,2.76684308052063,2.7678017616271973,0.0009586811065673828
initial,64,block31.W2,12,16,2.686241626739502,2.6835715770721436,0.0026700496673583984
initial,64,block31.W2,13,16,2.611640691757202,2.610734224319458,0.0009064674377441406
initial,64,block31.W2,14,16,2.5872533321380615,2.5886948108673096,0.0014414787292480469
initial,64,block31.W2,15,16,2.802180528640747,2.804208755493164,0.002028226852416992
initial,64,block31.W2,16,16,2.6228344440460205,2.6260504722595215,0.0032160282135009766
initial,64,block31.W2,17,16,2.6057932376861572,2.6064224243164062,0.0006291866302490234
initial,64,block31.W2,18,16,2.6105291843414307,2.609558343887329,0.0009708404541015625
initial,64,block31.W2,19,16,2.623969554901123,2.629304885864258,0.005335330963134766
initial,64,block31.W2,20,16,2.6497035026550293,2.6486318111419678,0.0010716915130615234
initial,64,block31.W2,21,16,2.4598519802093506,2.462237596511841,0.0023856163024902344
initial,64,block31.W2,22,16,2.6527819633483887,2.6507680416107178,0.0020139217376708984
initial,64,block31.W2,23,16,2.6227121353149414,2.6234443187713623,0.0007321834564208984
initial,64,block31.W2,24,16,2.5723302364349365,2.5736734867095947,0.0013432502746582031
initial,64,block31.W2,25,16,2.6977245807647705,2.6975462436676025,0.00017833709716796875
initial,64,block31.W2,26,16,2.4694859981536865,2.470646858215332,0.0011608600616455078
initial,64,block31.W2,27,16,2.6761527061462402,2.6753203868865967,0.0008323192596435547
initial,64,block31.W2,28,16,2.611250638961792,2.6121511459350586,0.0009005069732666016
initial,64,block31.W2,29,16,2.656364679336548,2.6569814682006836,0.0006167888641357422
initial,64,block31.W2,30,16,2.738121271133423,2.7343246936798096,0.0037965774536132812
initial,64,block31.W2,31,16,2.7346127033233643,2.734297513961792,0.0003151893615722656
initial,64,block31.W2,32,16,2.81807541847229,2.8220877647399902,0.004012346267700195
initial,64,block31.W2,33,16,2.704533100128174,2.703640937805176,0.0008921623229980469
initial,64,block31.W2,34,16,2.6865100860595703,2.6829309463500977,0.0035791397094726562
initial,64,block31.W2,35,16,2.6812055110931396,2.6827518939971924,0.0015463829040527344
initial,64,block31.W2,36,16,2.6275179386138916,2.6287591457366943,0.0012412071228027344
initial,64,block31.W2,37,16,2.624145269393921,2.6232070922851562,0.0009381771087646484
initial,64,block31.W2,38,16,2.6805648803710938,2.6801440715789795,0.0004208087921142578
initial,64,block31.W2,39,16,2.57646107673645,2.579784631729126,0.0033235549926757812
initial,64,block31.W2,40,16,2.6740517616271973,2.672508955001831,0.001542806625366211
initial,64,block31.W2,41,16,2.6669394969940186,2.6660828590393066,0.0008566379547119141
initial,64,block31.W2,42,16,2.6354403495788574,2.6333625316619873,0.002077817916870117
initial,64,block31.W2,43,16,2.633090019226074,2.6351029872894287,0.002012968063354492
initial,64,block31.W2,44,16,2.630927801132202,2.629549741744995,0.0013780593872070312
initial,64,block31.W2,45,16,2.563671588897705,2.5638298988342285,0.0001583099365234375
initial,64,block31.W2,46,16,2.7474091053009033,2.742614984512329,0.004794120788574219
initial,64,block31.W2,47,16,2.680612802505493,2.6769933700561523,0.0036194324493408203
initial,64,block31.W2,48,16,2.6509625911712646,2.6492953300476074,0.0016672611236572266
initial,64,block31.W2,49,16,2.7955381870269775,2.8012115955352783,0.005673408508300781
initial,64,block31.W2,50,16,2.7456305027008057,2.7445783615112305,0.0010521411895751953
initial,64,block31.W2,51,16,2.6126387119293213,2.6102733612060547,0.0023653507232666016
initial,64,block31.W2,52,16,2.6412477493286133,2.64164662361145,0.00039887428283691406
initial,64,block31.W2,53,16,2.7410366535186768,2.740968942642212,6.771087646484375e-05
initial,64,block31.W2,54,16,2.556133508682251,2.560340166091919,0.004206657409667969
initial,64,block31.W2,55,16,2.542606830596924,2.5429024696350098,0.0002956390380859375
initial,64,block31.W2,56,16,2.715040922164917,2.7122225761413574,0.0028183460235595703
initial,64,block31.W2,57,16,2.7922115325927734,2.792215347290039,3.814697265625e-06
initial,64,block31.W2,58,16,2.6945066452026367,2.6868107318878174,0.007695913314819336
initial,64,block31.W2,59,16,2.7052998542785645,2.701061964035034,0.0042378902435302734
initial,64,block31.W2,60,16,2.619541645050049,2.618594169616699,0.0009474754333496094
initial,64,block31.W2,61,16,2.700183391571045,2.6979520320892334,0.0022313594818115234
initial,64,block31.W2,62,16,2.607891798019409,2.6071460247039795,0.0007457733154296875
initial,64,block31.W2,63,16,2.732851982116699,2.7299158573150635,0.002936124801635742
initial,65,W_out,0,16,2.577913999557495,2.570225954055786,0.007688045501708984
initial,65,W_out,1,16,2.7165157794952393,2.752335548400879,0.03581976890563965
initial,65,W_out,2,16,2.5559046268463135,2.6033146381378174,0.047410011291503906
initial,65,W_out,3,16,2.663708448410034,2.6832165718078613,0.01950812339782715
initial,65,W_out,4,16,2.7094638347625732,2.736863613128662,0.027399778366088867
initial,65,W_out,5,16,2.6448798179626465,2.605459451675415,0.039420366287231445
initial,65,W_out,6,16,2.510324001312256,2.5199644565582275,0.00964045524597168
initial,65,W_out,7,16,2.678577184677124,2.653157949447632,0.025419235229492188
initial,65,W_out,8,16,2.6911635398864746,2.676501512527466,0.014662027359008789
initial,65,W_out,9,16,2.7066779136657715,2.7699882984161377,0.06331038475036621
initial,65,W_out,10,16,2.686558485031128,2.67549467086792,0.011063814163208008
initial,65,W_out,11,16,2.561239242553711,2.5560619831085205,0.00517725944519043
initial,65,W_out,12,16,2.694242477416992,2.676220655441284,0.018021821975708008
initial,65,W_out,13,16,2.503451108932495,2.535829544067383,0.032378435134887695
initial,65,W_out,14,16,2.5869126319885254,2.5710487365722656,0.015863895416259766
initial,65,W_out,15,16,2.593473196029663,2.598874092102051,0.005400896072387695
initial,65,W_out,16,16,2.562809705734253,2.604658842086792,0.04184913635253906
initial,65,W_out,17,16,2.5390613079071045,2.541607141494751,0.0025458335876464844
initial,65,W_out,18,16,2.669806480407715,2.64791202545166,0.021894454956054688
initial,65,W_out,19,16,2.782681941986084,2.762509346008301,0.020172595977783203
initial,65,W_out,20,16,2.6050329208374023,2.5919134616851807,0.01311945915222168
initial,65,W_out,21,16,2.572113513946533,2.6062355041503906,0.03412199020385742
initial,65,W_out,22,16,2.679271697998047,2.667672634124756,0.011599063873291016
initial,65,W_out,23,16,2.5582289695739746,2.553370475769043,0.004858493804931641
initial,65,W_out,24,16,2.786971092224121,2.730476140975952,0.056494951248168945
initial,65,W_out,25,16,2.572671413421631,2.612149715423584,0.039478302001953125
initial,65,W_out,26,16,2.7379419803619385,2.7829673290252686,0.04502534866333008
initial,65,W_out,27,16,2.525989055633545,2.527923822402954,0.0019347667694091797
initial,65,W_out,28,16,2.7904374599456787,2.8435559272766113,0.05311846733093262
initial,65,W_out,29,16,2.642927646636963,2.6174533367156982,0.02547430992126465
initial,65,W_out,30,16,2.7113308906555176,2.6191093921661377,0.09222149848937988
initial,65,W_out,31,16,2.5965816974639893,2.54775333404541,0.0488283634185791
initial,65,W_out,32,16,2.5458223819732666,2.613267660140991,0.06744527816772461
initial,65,W_out,33,16,2.7213404178619385,2.783917188644409,0.0625767707824707
initial,65,W_out,34,16,2.812955617904663,2.7967326641082764,0.01622295379638672
initial,65,W_out,35,16,2.6863298416137695,2.656679153442383,0.02965068817138672
initial,65,W_out,36,16,2.7526466846466064,2.8424649238586426,0.08981823921203613
initial,65,W_out,37,16,2.568934679031372,2.5580532550811768,0.010881423950195312
initial,65,W_out,38,16,2.680269718170166,2.6469171047210693,0.03335261344909668
initial,65,W_out,39,16,2.666814088821411,2.6763880252838135,0.009573936462402344
initial,65,W_out,40,16,2.6531221866607666,2.624192714691162,0.028929471969604492
initial,65,W_out,41,16,2.6810033321380615,2.7636361122131348,0.08263278007507324
initial,65,W_out,42,16,2.768846035003662,2.7973313331604004,0.02848529815673828
initial,65,W_out,43,16,2.6915910243988037,2.697194814682007,0.005603790283203125
initial,65,W_out,44,16,2.529603958129883,2.5005011558532715,0.029102802276611328
initial,65,W_out,45,16,2.681569814682007,2.662335157394409,0.019234657287597656
initial,65,W_out,46,16,2.7924420833587646,2.886582374572754,0.09414029121398926
initial,65,W_out,47,16,2.56095814704895,2.56103515625,7.700920104980469e-05
initial,65,W_out,48,16,2.6734774112701416,2.6276159286499023,0.04586148262023926
initial,65,W_out,49,16,2.682828187942505,2.6985180377960205,0.015689849853515625
initial,65,W_out,50,16,2.6356658935546875,2.605313777923584,0.030352115631103516
initial,65,W_out,51,16,2.659250020980835,2.5929908752441406,0.06625914573669434
initial,65,W_out,52,16,2.590313196182251,2.6474766731262207,0.05716347694396973
initial,65,W_out,53,16,2.5453245639801025,2.5292365550994873,0.016088008880615234
initial,65,W_out,54,16,2.596506118774414,2.547795295715332,0.04871082305908203
initial,65,W_out,55,16,2.7857866287231445,2.7368106842041016,0.04897594451904297
initial,65,W_out,56,16,2.746381998062134,2.68145489692688,0.0649271011352539
initial,65,W_out,57,16,2.7139110565185547,2.710289239883423,0.003621816635131836
initial,65,W_out,58,16,2.762195110321045,2.731358051300049,0.030837059020996094
initial,65,W_out,59,16,2.7881553173065186,2.8249287605285645,0.0367734432220459
initial,65,W_out,60,16,2.6986613273620605,2.6754586696624756,0.02320265769958496
initial,65,W_out,61,16,2.6084001064300537,2.6510169506073,0.042616844177246094
initial,65,W_out,62,16,2.663111686706543,2.6693053245544434,0.006193637847900391
initial,65,W_out,63,16,2.673241376876831,2.674870729446411,0.0016293525695800781
final,0,W_in,0,16,0.455080509185791,0.4659701883792877,0.010889679193496704
final,0,W_in,1,16,0.39931386709213257,0.402619868516922,0.0033060014247894287
final,0,W_in,2,16,0.4881703555583954,0.4913310408592224,0.0031606853008270264
final,0,W_in,3,16,0.3960372507572174,0.4041905999183655,0.008153349161148071
final,0,W_in,4,16,0.5177923440933228,0.5150337219238281,0.002758622169494629
final,0,W_in,5,16,0.3997758626937866,0.4062695801258087,0.006493717432022095
final,0,W_in,6,16,0.4922776222229004,0.4903793931007385,0.0018982291221618652
final,0,W_in,7,16,0.38842523097991943,0.38595306873321533,0.0024721622467041016
final,0,W_in,8,16,0.4750678539276123,0.4654753506183624,0.009592503309249878
final,0,W_in,9,16,0.4899207055568695,0.4795614182949066,0.01035928726196289
final,0,W_in,10,16,0.4539321959018707,0.4575728178024292,0.0036406219005584717
final,0,W_in,11,16,0.5179949402809143,0.5100113153457642,0.007983624935150146
final,0,W_in,12,16,0.5104736685752869,0.48388025164604187,0.026593416929244995
final,0,W_in,13,16,0.5472705960273743,0.5489853024482727,0.0017147064208984375
final,0,W_in,14,16,0.5072990655899048,0.502699613571167,0.004599452018737793
final,0,W_in,15,16,0.4835646152496338,0.486265629529953,0.002701014280319214
final,0,W_in,16,16,0.4330211281776428,0.44263792037963867,0.00961679220199585
final,0,W_in,17,16,0.5601901412010193,0.5598636269569397,0.00032651424407958984
final,0,W_in,18,16,0.3906421363353729,0.3857564628124237,0.004885673522949219
final,0,W_in,19,16,0.3882477879524231,0.38844162225723267,0.0001938343048095703
final,0,W_in,20,16,0.5378640294075012,0.5378593802452087,4.649162292480469e-06
final,0,W_in,21,16,0.4090501368045807,0.4134356677532196,0.004385530948638916
final,0,W_in,22,16,0.46874895691871643,0.4770345389842987,0.008285582065582275
final,0,W_in,23,16,0.4156070649623871,0.4181848168373108,0.002577751874923706
final,0,W_in,24,16,0.5276932716369629,0.5301845669746399,0.002491295337677002
final,0,W_in,25,16,0.4349539577960968,0.4339921176433563,0.0009618401527404785
final,0,W_in,26,16,0.4735662341117859,0.4731917977333069,0.0003744363784790039
final,0,W_in,27,16,0.469841331243515,0.4679512679576874,0.0018900632858276367
final,0,W_in,28,16,0.6014759540557861,0.6125484704971313,0.011072516441345215
final,0,W_in,29,16,0.44032561779022217,0.4460096061229706,0.005683988332748413
final,0,W_in,30,16,0.37983396649360657,0.38286134600639343,0.0030273795127868652
final,0,W_in,31,16,0.3275495767593384,0.3315068483352661,0.003957271575927734
final,0,W_in,32,16,0.48824602365493774,0.4922179579734802,0.0039719343185424805
final,0,W_in,33,16,0.3776721656322479,0.37262576818466187,0.00504639744758606
final,0,W_in,34,16,0.505423903465271,0.5024321675300598,0.0029917359352111816
final,0,W_in,35,16,0.3834690451622009,0.381986528635025,0.0014825165271759033
final,0,W_in,36,16,0.41097065806388855,0.4107654392719269,0.00020521879196166992
final,0,W_in,37,16,0.42931848764419556,0.41462868452072144,0.014689803123474121
final,0,W_in,38,16,0.4493127763271332,0.4417487680912018,0.0075640082359313965
final,0,W_in,39,16,0.5377154350280762,0.5442695617675781,0.006554126739501953
final,0,W_in,40,16,0.3568236231803894,0.3536997437477112,0.0031238794326782227
final,0,W_in,41,16,0.5028060674667358,0.5041751861572266,0.0013691186904907227
final,0,W_in,42,16,0.34721264243125916,0.3376327455043793,0.009579896926879883
final,0,W_in,43,16,0.502996027469635,0.4925181567668915,0.01047787070274353
final,0,W_in,44,16,0.42026135325431824,0.4150799810886383,0.005181372165679932
final,0,W_in,45,16,0.34348493814468384,0.33945566415786743,0.004029273986816406
final,0,W_in,46,16,0.4809698760509491,0.4914129376411438,0.010443061590194702
final,0,W_in,47,16,0.4245813488960266,0.4207567870616913,0.003824561834335327
final,0,W_in,48,16,0.45398640632629395,0.4582951068878174,0.0043087005615234375
final,0,W_in,49,16,0.4589461088180542,0.46712973713874817,0.00818362832069397
final,0,W_in,50,16,0.36719468235969543,0.3654986321926117,0.0016960501670837402
final,0,W_in,51,16,0.3523982763290405,0.358292818069458,0.0058945417404174805
final,0,W_in,52,16,0.5112772583961487,0.5199557542800903,0.00867849588394165
final,0,W_in,53,16,0.42650339007377625,0.4249747395515442,0.0015286505222320557
final,0,W_in,54,16,0.4843427538871765,0.4895566701889038,0.005213916301727295
final,0,W_in,55,16,0.5556229948997498,0.5648953914642334,0.009272396564483643
final,0,W_in,56,16,0.5463210344314575,0.5528231859207153,0.0065021514892578125
final,0,W_in,57,16,0.5262244939804077,0.5382691621780396,0.012044668197631836
final,0,W_in,58,16,0.4499519169330597,0.44988739490509033,6.452202796936035e-05
final,0,W_in,59,16,0.5033658146858215,0.511463463306427,0.008097648620605469
final,0,W_in,60,16,0.40387046337127686,0.41078677773475647,0.006916314363479614
final,0,W_in,61,16,0.423856258392334,0.4304395616054535,0.006583303213119507
final,0,W_in,62,16,0.3431931734085083,0.3457379937171936,0.0025448203086853027
final,0,W_in,63,16,0.37190648913383484,0.37838301062583923,0.0064765214920043945
final,1,block0.W1,0,16,0.36671096086502075,0.3781411349773407,0.011430174112319946
final,1,block0.W1,1,16,0.41734829545021057,0.4164539873600006,0.0008943080902099609
final,1,block0.W1,2,16,0.43371137976646423,0.428879976272583,0.004831403493881226
final,1,block0.W1,3,16,0.45544829964637756,0.45732176303863525,0.0018734633922576904
final,1,block0.W1,4,16,0.5953576564788818,0.6038730144500732,0.008515357971191406
final,1,block0.W1,5,16,0.4714285433292389,0.47068068385124207,0.0007478594779968262
final,1,block0.W1,6,16,0.5677205324172974,0.5685330629348755,0.000812530517578125
final,1,block0.W1,7,16,0.4475592076778412,0.44968539476394653,0.0021261870861053467
final,1,block0.W1,8,16,0.4941011965274811,0.49326762557029724,0.0008335709571838379
final,1,block0.W1,9,16,0.3597813844680786,0.3594088852405548,0.0003724992275238037
final,1,block0.W1,10,16,0.45925843715667725,0.45948857069015503,0.0002301335334777832
final,1,block0.W1,11,16,0.5626677870750427,0.555758535861969,0.0069092512130737305
final,1,block0.W1,12,16,0.5091637372970581,0.5029081106185913,0.006255626678466797
final,1,block0.W1,13,16,0.545314610004425,0.5423715710639954,0.0029430389404296875
final,1,block0.W1,14,16,0.4517750144004822,0.4525872766971588,0.0008122622966766357
final,1,block0.W1,15,16,0.5268338322639465,0.517784595489502,0.00904923677444458
final,1,block0.W1,16,16,0.47291743755340576,0.48038944602012634,0.007472008466720581
final,1,block0.W1,17,16,0.5918617248535156,0.5845734477043152,0.0072882771492004395
final,1,block0.W1,18,16,0.45910677313804626,0.4577083885669708,0.0013983845710754395
final,1,block0.W1,19,16,0.48549264669418335,0.483012318611145,0.00248032808303833
final,1,block0.W1,20,16,0.5272032022476196,0.5300801396369934,0.0028769373893737793
final,1,block0.W1,21,16,0.5444185137748718,0.5392795205116272,0.005138993263244629
final,1,block0.W1,22,16,0.49369579553604126,0.5040868520736694,0.010391056537628174
final,1,block0.W1,23,16,0.49153125286102295,0.48542651534080505,0.0061047375202178955
final,1,block0.W1,24,16,0.4826381802558899,0.4877512753009796,0.005113095045089722
final,1,block0.W1,25,16,0.4647359549999237,0.4644446074962616,0.0002913475036621094
final,1,block0.W1,26,16,0.515039324760437,0.5178868770599365,0.0028475522994995117
final,1,block0.W1,27,16,0.3858345150947571,0.3974573016166687,0.011622786521911621
final,1,block0.W1,28,16,0.5353269577026367,0.5308228731155396,0.004504084587097168
final,1,block0.W1,29,16,0.4197971522808075,0.4179702699184418,0.0018268823623657227
final,1,block0.W1,30,16,0.3981843888759613,0.40053823590278625,0.002353847026824951
final,1,block0.W1,31,16,0.49821096658706665,0.4919974207878113,0.006213545799255371
final,1,block0.W1,32,16,0.3863755464553833,0.3934299051761627,0.007054358720779419
final,1,block0.W1,33,16,0.5225537419319153,0.5159454345703125,0.006608307361602783
final,1,block0.W1,34,16,0.5443555116653442,0.5408027172088623,0.0035527944564819336
final,1,block0.W1,35,16,0.529272198677063,0.5263447761535645,0.002927422523498535
final,1,block0.W1,36,16,0.6609171032905579,0.6639097929000854,0.002992689609527588
final,1,block0.W1,37,16,0.4299723505973816,0.4329621493816376,0.0029897987842559814
final,1,block0.W1,38,16,0.4272095263004303,0.4339120388031006,0.006702512502670288
final,1,block0.W1,39,16,0.49017760157585144,0.48961758613586426,0.0005600154399871826
final,1,block0.W1,40,16,0.44753140211105347,0.4467609226703644,0.0007704794406890869
final,1,block0.W1,41,16,0.44323068857192993,0.4404022693634033,0.0028284192085266113
final,1,block0.W1,42,16,0.4321603775024414,0.4284152090549469,0.003745168447494507
final,1,block0.W1,43,16,0.3941432535648346,0.39419496059417725,5.170702934265137e-05
final,1,block0.W1,44,16,0.6048033833503723,0.6024541854858398,0.0023491978645324707
final,1,block0.W1,45,16,0.4533935487270355,0.4498797357082367,0.003513813018798828
final,1,block0.W1,46,16,0.44460779428482056,0.44465556740760803,4.7773122787475586e-05
final,1,block0.W1,47,16,0.5349236726760864,0.5319825410842896,0.002941131591796875
final,1,block0.W1,48,16,0.5202111601829529,0.5147992968559265,0.005411863327026367
final,1,block0.W1,49,16,0.4014173150062561,0.3870201110839844,0.014397203922271729
final,1,block0.W1,50,16,0.5077564716339111,0.5059790015220642,0.0017774701118469238
final,1,block0.W1,51,16,0.586650013923645,0.5912559032440186,0.004605889320373535
final,1,block0.W1,52,16,0.5265141129493713,0.5254111886024475,0.0011029243469238281
final,1,block0.W1,53,16,0.4834705889225006,0.47835880517959595,0.005111783742904663
final,1,block0.W1,54,16,0.5024169087409973,0.5042843222618103,0.0018674135208129883
final,1,block0.W1,55,16,0.5610573887825012,0.5563265085220337,0.004730880260467529
final,1,block0.W1,56,16,0.46985098719596863,0.4744640588760376,0.00461307168006897
final,1,block0.W1,57,16,0.392417311668396,0.38798174262046814,0.0044355690479278564
final,1,block0.W1,58,16,0.4876246750354767,0.4859316051006317,0.0016930699348449707
final,1,block0.W1,59,16,0.37269800901412964,0.36677873134613037,0.005919277667999268
final,1,block0.W1,60,16,0.4677979052066803,0.46536785364151,0.002430051565170288
final,1,block0.W1,61,16,0.39818719029426575,0.40015146136283875,0.001964271068572998
final,1,block0.W1,62,16,0.4744804799556732,0.4640809893608093,0.010399490594863892
final,1,block0.W1,63,16,0.3956383168697357,0.3935001790523529,0.0021381378173828125
final,2,block0.W2,0,16,0.4861699044704437,0.481740802526474,0.0044291019439697266
final,2,block0.W2,1,16,0.5071160197257996,0.5050342082977295,0.0020818114280700684
final,2,block0.W2,2,16,0.44688981771469116,0.4400881230831146,0.006801694631576538
final,2,block0.W2,3,16,0.4415062665939331,0.4348723292350769,0.006633937358856201
final,2,block0.W2,4,16,0.38556796312332153,0.3794962465763092,0.006071716547012329
final,2,block0.W2,5,16,0.41246411204338074,0.416438490152359,0.0039743781089782715
final,2,block0.W2,6,16,0.3626163601875305,0.3662339746952057,0.003617614507675171
final,2,block0.W2,7,16,0.6034202575683594,0.6061301827430725,0.0027099251747131348
final,2,block0.W2,8,16,0.4387160539627075,0.4341205060482025,0.004595547914505005
final,2,block0.W2,9,16,0.39135241508483887,0.3944438099861145,0.0030913949012756348
final,2,block0.W2,10,16,0.35316234827041626,0.3612859547138214,0.008123606443405151
final,2,block0.W2,11,16,0.500910758972168,0.49676886200904846,0.004141896963119507
final,2,block0.W2,12,16,0.5658143162727356,0.5610426664352417,0.0047716498374938965
final,2,block0.W2,13,16,0.4201671779155731,0.4269956350326538,0.0068284571170806885
final,2,block0.W2,14,16,0.5412477254867554,0.5430571436882019,0.0018094182014465332
final,2,block0.W2,15,16,0.40932682156562805,0.41004425287246704,0.0007174313068389893
final,2,block0.W2,16,16,0.504559338092804,0.5128680467605591,0.008308708667755127
final,2,block0.W2,17,16,0.33537712693214417,0.33606836199760437,0.0006912350654602051
final,2,block0.W2,18,16,0.37294280529022217,0.36624419689178467,0.0066986083984375
final,2,block0.W2,19,16,0.5079135298728943,0.5186692476272583,0.010755717754364014
final,2,block0.W2,20,16,0.518221914768219,0.5284221172332764,0.010200202465057373
final,2,block0.W2,21,16,0.41037431359291077,0.40692368149757385,0.003450632095336914
final,2,block0.W2,22,16,0.4514963626861572,0.4491714537143707,0.002324908971786499
final,2,block0.W2,23,16,0.43007686734199524,0.4383161962032318,0.008239328861236572
final,2,block0.W2,24,16,0.4562421143054962,0.46017542481422424,0.003933310508728027
final,2,block0.W2,25,16,0.5721213817596436,0.5721838474273682,6.246566772460938e-05
final,2,block0.W2,26,16,0.4719943702220917,0.46952375769615173,0.0024706125259399414
final,2,block0.W2,27,16,0.43639707565307617,0.4381667673587799,0.0017696917057037354
final,2,block0.W2,28,16,0.4680897891521454,0.4653894305229187,0.0027003586292266846
final,2,block0.W2,29,16,0.36606717109680176,0.3601341247558594,0.005933046340942383
final,2,block0.W2,30,16,0.6369138956069946,0.6474903225898743,0.010576426982879639
final,2,block0.W2,31,16,0.45175793766975403,0.46069034934043884,0.008932411670684814
final,2,block0.W2,32,16,0.523330569267273,0.5308250188827515,0.007494449615478516
final,2,block0.W2,33,16,0.3916985094547272,0.3947466313838959,0.003048121929168701
final,2,block0.W2,34,16,0.4485701620578766,0.4479452669620514,0.0006248950958251953
final,2,block0.W2,35,16,0.5745985507965088,0.582423746585846,0.007825195789337158
final,2,block0.W2,36,16,0.48611533641815186,0.48613783717155457,2.250075340270996e-05
final,2,block0.W2,37,16,0.49851468205451965,0.4970878064632416,0.0014268755912780762
final,2,block0.W2,38,16,0.46688154339790344,0.4726521670818329,0.005770623683929443
final,2,block0.W2,39,16,0.4256555140018463,0.4262019693851471,0.0005464553833007812
final,2,block0.W2,40,16,0.45628198981285095,0.45853906869888306,0.0022570788860321045
final,2,block0.W2,41,16,0.5342385768890381,0.5422954559326172,0.008056879043579102
final,2,block0.W2,42,16,0.5916852355003357,0.5908448100090027,0.0008404254913330078
final,2,block0.W2,43,16,0.5456028580665588,0.543082058429718,0.0025207996368408203
final,2,block0.W2,44,16,0.4020794928073883,0.39785468578338623,0.004224807024002075
final,2,block0.W2,45,16,0.35473567247390747,0.36255955696105957,0.0078238844871521
final,2,block0.W2,46,16,0.5868158936500549,0.5872328877449036,0.0004169940948486328
final,2,block0.W2,47,16,0.5288817286491394,0.527469277381897,0.0014124512672424316
final,2,block0.W2,48,16,0.5692635774612427,0.5646336674690247,0.004629909992218018
final,2,block0.W2,49,16,0.4712863266468048,0.46945005655288696,0.0018362700939178467
final,2,block0.W2,50,16,0.5842086672782898,0.5834347605705261,0.0007739067077636719
final,2,block0.W2,51,16,0.4205838441848755,0.4299910068511963,0.0094071626663208
final,2,block0.W2,52,16,0.44197970628738403,0.43922898173332214,0.0027507245540618896
final,2,block0.W2,53,16,0.5706903338432312,0.572486937046051,0.0017966032028198242
final,2,block0.W2,54,16,0.44738563895225525,0.4438234567642212,0.0035621821880340576
final,2,block0.W2,55,16,0.5294051170349121,0.5340186357498169,0.004613518714904785
final,2,block0.W2,56,16,0.6087316870689392,0.6230488419532776,0.014317154884338379
final,2,block0.W2,57,16,0.6027620434761047,0.6113670468330383,0.008605003356933594
final,2,block0.W2,58,16,0.4263622462749481,0.43024855852127075,0.003886312246322632
final,2,block0.W2,59,16,0.46342992782592773,0.47257694602012634,0.009147018194198608
final,2,block0.W2,60,16,0.469906210899353,0.4685502350330353,0.001355975866317749
final,2,block0.W2,61,16,0.4011004567146301,0.3958863317966461,0.005214124917984009
final,2,block0.W2,62,16,0.4494859576225281,0.4443722665309906,0.005113691091537476
final,2,block0.W2,63,16,0.45145201683044434,0.45020702481269836,0.0012449920177459717
final,3,block1.W1,0,16,0.41437527537345886,0.4141916036605835,0.0001836717128753662
final,3,block1.W1,1,16,0.44517502188682556,0.4446926712989807,0.00048235058784484863
final,3,block1.W1,2,16,0.43927809596061707,0.44326937198638916,0.003991276025772095
final,3,block1.W1,3,16,0.46968844532966614,0.4696851968765259,3.248453140258789e-06
final,3,block1.W1,4,16,0.43216225504875183,0.43145042657852173,0.0007118284702301025
final,3,block1.W1,5,16,0.41057348251342773,0.4101414680480957,0.00043201446533203125
final,3,block1.W1,6,16,0.46434542536735535,0.4705457091331482,0.006200283765792847
final,3,block1.W1,7,16,0.6045924425125122,0.6043012142181396,0.0002912282943725586
final,3,block1.W1,8,16,0.40458276867866516,0.4085668623447418,0.00398409366607666
final,3,block1.W1,9,16,0.4452953338623047,0.4458298087120056,0.0005344748497009277
final,3,block1.W1,10,16,0.5208388566970825,0.5286588072776794,0.007819950580596924
final,3,block1.W1,11,16,0.4203421473503113,0.4205113351345062,0.0001691877841949463
final,3,block1.W1,12,16,0.47727328538894653,0.4823276996612549,0.00505441427230835
final,3,block1.W1,13,16,0.4564841091632843,0.4595452845096588,0.0030611753463745117
final,3,block1.W1,14,16,0.4255474805831909,0.421543687582016,0.004003793001174927
final,3,block1.W1,15,16,0.44563281536102295,0.4486369788646698,0.0030041635036468506
final,3,block1.W1,16,16,0.4546099305152893,0.4543207883834839,0.0002891421318054199
final,3,block1.W1,17,16,0.39405643939971924,0.39128726720809937,0.002769172191619873
final,3,block1.W1,18,16,0.45566990971565247,0.46502557396888733,0.009355664253234863
final,3,block1.W1,19,16,0.5180221199989319,0.5132580399513245,0.004764080047607422
final,3,block1.W1,20,16,0.4816291630268097,0.4775032699108124,0.0041258931159973145
final,3,block1.W1,21,16,0.4681418538093567,0.47327619791030884,0.0051343441009521484
final,3,block1.W1,22,16,0.4996451139450073,0.4985237419605255,0.0011213719844818115
final,3,block1.W1,23,16,0.45745962858200073,0.4504746198654175,0.006985008716583252
final,3,block1.W1,24,16,0.5741151571273804,0.5751541256904602,0.001038968563079834
final,3,block1.W1,25,16,0.3533710837364197,0.3598426878452301,0.006471604108810425
final,3,block1.W1,26,16,0.361069917678833,0.3605929911136627,0.0004769265651702881
final,3,block1.W1,27,16,0.507198691368103,0.5104511380195618,0.0032524466514587402
final,3,block1.W1,28,16,0.42724719643592834,0.42469343543052673,0.0025537610054016113
final,3,block1.W1,29,16,0.5133092999458313,0.5165080428123474,0.0031987428665161133
final,3,block1.W1,30,16,0.6413919925689697,0.6397251486778259,0.0016668438911437988
final,3,block1.W1,31,16,0.4888472855091095,0.48792511224746704,0.0009221732616424561
final,3,block1.W1,32,16,0.46470877528190613,0.4639906585216522,0.0007181167602539062
final,3,block1.W1,33,16,0.4044260084629059,0.39670461416244507,0.007721394300460815
final,3,block1.W1,34,16,0.45512139797210693,0.4531920552253723,0.0019293427467346191
final,3,block1.W1,35,16,0.41952821612358093,0.41733866930007935,0.002189546823501587
final,3,block1.W1,36,16,0.5845275521278381,0.5875990390777588,0.0030714869499206543
final,3,block1.W1,37,16,0.569168210029602,0.5636383295059204,0.005529880523681641
final,3,block1.W1,38,16,0.5157628655433655,0.5212421417236328,0.005479276180267334
final,3,block1.W1,39,16,0.42709073424339294,0.4228198230266571,0.00427091121673584
final,3,block1.W1,40,16,0.47628533840179443,0.46862566471099854,0.0076596736907958984
final,3,block1.W1,41,16,0.45950719714164734,0.4609123468399048,0.0014051496982574463
final,3,block1.W1,42,16,0.4108228087425232,0.4127907156944275,0.001967906951904297
final,3,block1.W1,43,16,0.4398362934589386,0.44376319646835327,0.003926903009414673
final,3,block1.W1,44,16,0.45915111899375916,0.4604780375957489,0.001326918601989746
final,3,block1.W1,45,16,0.5902127027511597,0.5920862555503845,0.0018735527992248535
final,3,block1.W1,46,16,0.5991407632827759,0.5931524038314819,0.005988359451293945
final,3,block1.W1,47,16,0.47986212372779846,0.47165268659591675,0.008209437131881714
final,3,block1.W1,48,16,0.5495147705078125,0.5507721304893494,0.0012573599815368652
final,3,block1.W1,49,16,0.508274257183075,0.5127624869346619,0.004488229751586914
final,3,block1.W1,50,16,0.5006927251815796,0.4920749366283417,0.008617788553237915
final,3,block1.W1,51,16,0.5290459990501404,0.5282717943191528,0.0007742047309875488
final,3,block1.W1,52,16,0.5626702904701233,0.567502498626709,0.004832208156585693
final,3,block1.W1,53,16,0.5248563289642334,0.5197163224220276,0.0051400065422058105
final,3,block1.W1,54,16,0.3838311433792114,0.38188666105270386,0.0019444823265075684
final,3,block1.W1,55,16,0.4157380759716034,0.4125840663909912,0.0031540095806121826
final,3,block1.W1,56,16,0.5113509893417358,0.5107702016830444,0.0005807876586914062
final,3,block1.W1,57,16,0.3855515718460083,0.38239356875419617,0.003158003091812134
final,3,block1.W1,58,16,0.4830055832862854,0.49066177010536194,0.007656186819076538
final,3,block1.W1,59,16,0.5129531621932983,0.5121051669120789,0.0008479952812194824
final,3,block1.W1,60,16,0.38300031423568726,0.3843175768852234,0.0013172626495361328
final,3,block1.W1,61,16,0.4150235652923584,0.4155992269515991,0.0005756616592407227
final,3,block1.W1,62,16,0.4039289951324463,0.39775779843330383,0.006171196699142456
final,3,block1.W1,63,16,0.4881746172904968,0.48778828978538513,0.00038632750511169434
final,4,block1.W2,0,16,0.6332743167877197,0.6125965118408203,0.020677804946899414
final,4,block1.W2,1,16,0.4264848530292511,0.4313585162162781,0.0048736631870269775
final,4,block1.W2,2,16,0.5277470350265503,0.5367807149887085,0.009033679962158203
final,4,block1.W2,3,16,0.47190597653388977,0.4689843952655792,0.002921581268310547
final,4,block1.W2,4,16,0.46204179525375366,0.45546597242355347,0.006575822830200195
final,4,block1.W2,5,16,0.6247621774673462,0.6197819709777832,0.004980206489562988
final,4,block1.W2,6,16,0.44802460074424744,0.44093066453933716,0.007093936204910278
final,4,block1.W2,7,16,0.34511953592300415,0.34421879053115845,0.0009007453918457031
final,4,block1.W2,8,16,0.47078099846839905,0.46775126457214355,0.003029733896255493
final,4,block1.W2,9,16,0.48518314957618713,0.4913994371891022,0.006216287612915039
final,4,block1.W2,10,16,0.49547213315963745,0.4998047947883606,0.0043326616287231445
final,4,block1.W2,11,16,0.46328920125961304,0.4672293961048126,0.003940194845199585
final,4,block1.W2,12,16,0.526789128780365,0.5192195773124695,0.007569551467895508
final,4,block1.W2,13,16,0.44946789741516113,0.4461382031440735,0.0033296942710876465
final,4,block1.W2,14,16,0.5604239702224731,0.5609620213508606,0.0005380511283874512
final,4,block1.W2,15,16,0.5494306087493896,0.5466359257698059,0.0027946829795837402
final,4,block1.W2,16,16,0.49281805753707886,0.4988979399204254,0.006079882383346558
final,4,block1.W2,17,16,0.4625323414802551,0.45899760723114014,0.0035347342491149902
final,4,block1.W2,18,16,0.507732093334198,0.5179502367973328,0.010218143463134766
final,4,block1.W2,19,16,0.3899925649166107,0.39143672585487366,0.0014441609382629395
final,4,block1.W2,20,16,0.4865299165248871,0.48683255910873413,0.0003026425838470459
final,4,block1.W2,21,16,0.5240352749824524,0.5161120295524597,0.007923245429992676
final,4,block1.W2,22,16,0.5843642354011536,0.5897625684738159,0.0053983330726623535
final,4,block1.W2,23,16,0.5539461970329285,0.5664104223251343,0.01246422529220581
final,4,block1.W2,24,16,0.4930148720741272,0.4838024079799652,0.009212464094161987
final,4,block1.W2,25,16,0.42416810989379883,0.4233570992946625,0.0008110105991363525
final,4,block1.W2,26,16,0.45134735107421875,0.43608590960502625,0.015261441469192505
final,4,block1.W2,27,16,0.3920193016529083,0.3950757682323456,0.003056466579437256
final,4,block1.W2,28,16,0.5295203328132629,0.5244730710983276,0.005047261714935303
final,4,block1.W2,29,16,0.5362182855606079,0.5379970669746399,0.0017787814140319824
final,4,block1.W2,30,16,0.459590345621109,0.46304476261138916,0.0034544169902801514
final,4,block1.W2,31,16,0.5162039995193481,0.5094821453094482,0.006721854209899902
final,4,block1.W2,32,16,0.35070809721946716,0.35385066270828247,0.0031425654888153076
final,4,block1.W2,33,16,0.35710084438323975,0.3497273921966553,0.007373452186584473
final,4,block1.W2,34,16,0.38812506198883057,0.39237427711486816,0.004249215126037598
final,4,block1.W2,35,16,0.49691042304039,0.5027673244476318,0.005856901407241821
final,4,block1.W2,36,16,0.5542525053024292,0.5520272850990295,0.002225220203399658
final,4,block1.W2,37,16,0.4544788599014282,0.45197027921676636,0.0025085806846618652
final,4,block1.W2,38,16,0.4500313997268677,0.44848355650901794,0.0015478432178497314
final,4,block1.W2,39,16,0.4821321666240692,0.4985588788986206,0.01642671227455139
final,4,block1.W2,40,16,0.556951105594635,0.5570345520973206,8.344650268554688e-05
final,4,block1.W2,41,16,0.4622197449207306,0.464428573846817,0.0022088289260864258
final,4,block1.W2,42,16,0.45007258653640747,0.45268508791923523,0.002612501382827759
final,4,block1.W2,43,16,0.40086159110069275,0.3911789655685425,0.009682625532150269
final,4,block1.W2,44,16,0.5190082788467407,0.5212075114250183,0.002199232578277588
final,4,block1.W2,45,16,0.48673611879348755,0.48568660020828247,0.0010495185852050781
final,4,block1.W2,46,16,0.4295383393764496,0.4306941330432892,0.0011557936668395996
final,4,block1.W2,47,16,0.4483012855052948,0.44422534108161926,0.004075944423675537
final,4,block1.W2,48,16,0.5406932830810547,0.5445137023925781,0.0038204193115234375
final,4,block1.W2,49,16,0.39255091547966003,0.39154699444770813,0.0010039210319519043
final,4,block1.W2,50,16,0.4684486389160156,0.4665844142436981,0.0018642246723175049
final,4,block1.W2,51,16,0.5144942402839661,0.5196527242660522,0.005158483982086182
final,4,block1.W2,52,16,0.5619511604309082,0.5634052753448486,0.0014541149139404297
final,4,block1.W2,53,16,0.4439333975315094,0.44711509346961975,0.0031816959381103516
final,4,block1.W2,54,16,0.45604899525642395,0.45808911323547363,0.0020401179790496826
final,4,block1.W2,55,16,0.5035095810890198,0.5012301206588745,0.0022794604301452637
final,4,block1.W2,56,16,0.5584589242935181,0.559768557548523,0.0013096332550048828
final,4,block1.W2,57,16,0.5387502908706665,0.5342333912849426,0.004516899585723877
final,4,block1.W2,58,16,0.4494674503803253,0.45716479420661926,0.007697343826293945
final,4,block1.W2,59,16,0.41222861409187317,0.40501323342323303,0.007215380668640137
final,4,block1.W2,60,16,0.4881175458431244,0.4824274778366089,0.005690068006515503
final,4,block1.W2,61,16,0.41492196917533875,0.4168155789375305,0.0018936097621917725
final,4,block1.W2,62,16,0.5137735605239868,0.5109615921974182,0.0028119683265686035
final,4,block1.W2,63,16,0.48044952750205994,0.47922584414482117,0.0012236833572387695
final,5,block2.W1,0,16,0.44083088636398315,0.4459361732006073,0.0051052868366241455
final,5,block2.W1,1,16,0.35595571994781494,0.3532107472419739,0.0027449727058410645
final,5,block2.W1,2,16,0.5343984365463257,0.5381986498832703,0.00380021333694458
final,5,block2.W1,3,16,0.5158913135528564,0.5224922299385071,0.006600916385650635
final,5,block2.W1,4,16,0.500179648399353,0.5045310854911804,0.004351437091827393
final,5,block2.W1,5,16,0.39501506090164185,0.40219005942344666,0.00717499852180481
final,5,block2.W1,6,16,0.6155722141265869,0.6173973679542542,0.0018251538276672363
final,5,block2.W1,7,16,0.44371387362480164,0.4478089511394501,0.0040950775146484375
final,5,block2.W1,8,16,0.5209962725639343,0.5165818929672241,0.004414379596710205
final,5,block2.W1,9,16,0.4546748101711273,0.4552401602268219,0.0005653500556945801
final,5,block2.W1,10,16,0.34145745635032654,0.3460036516189575,0.0045461952686309814
final,5,block2.W1,11,16,0.5797237753868103,0.5728828310966492,0.006840944290161133
final,5,block2.W1,12,16,0.44829103350639343,0.4455421268939972,0.0027489066123962402
final,5,block2.W1,13,16,0.42095085978507996,0.42196348309516907,0.0010126233100891113
final,5,block2.W1,14,16,0.5663248300552368,0.5659011602401733,0.00042366981506347656
final,5,block2.W1,15,16,0.3639528155326843,0.36309245228767395,0.000860363245010376
final,5,block2.W1,16,16,0.4212525486946106,0.42169860005378723,0.00044605135917663574
final,5,block2.W1,17,16,0.4470495879650116,0.452644944190979,0.005595356225967407
final,5,block2.W1,18,16,0.4710567891597748,0.4673733711242676,0.003683418035507202
final,5,block2.W1,19,16,0.4822896718978882,0.4822005033493042,8.916854858398438e-05
final,5,block2.W1,20,16,0.3536185026168823,0.3512023389339447,0.002416163682937622
final,5,block2.W1,21,16,0.4041016697883606,0.40238669514656067,0.0017149746417999268
final,5,block2.W1,22,16,0.45937034487724304,0.4583218991756439,0.001048445701599121
final,5,block2.W1,23,16,0.3677753508090973,0.3626619875431061,0.005113363265991211
final,5,block2.W1,24,16,0.458182156085968,0.4671233296394348,0.008941173553466797
final,5,block2.W1,25,16,0.4082900583744049,0.4085995554924011,0.0003094971179962158
final,5,block2.W1,26,16,0.4961627125740051,0.5007443428039551,0.004581630229949951
final,5,block2.W1,27,16,0.4958566129207611,0.49748513102531433,0.0016285181045532227
final,5,block2.W1,28,16,0.4411945044994354,0.44440922141075134,0.003214716911315918
final,5,block2.W1,29,16,0.38312622904777527,0.38677895069122314,0.003652721643447876
final,5,block2.W1,30,16,0.48480695486068726,0.4824632406234741,0.0023437142372131348
final,5,block2.W1,31,16,0.3451893925666809,0.34821856021881104,0.003029167652130127
final,5,block2.W1,32,16,0.3583371937274933,0.35756707191467285,0.0007701218128204346
final,5,block2.W1,33,16,0.3958319425582886,0.3926418423652649,0.0031901001930236816
final,5,block2.W1,34,16,0.49222370982170105,0.4883517026901245,0.003872007131576538
final,5,block2.W1,35,16,0.45579877495765686,0.4500884413719177,0.005710333585739136
final,5,block2.W1,36,16,0.3916458785533905,0.3957003355026245,0.004054456949234009
final,5,block2.W1,37,16,0.4775223731994629,0.4778825044631958,0.00036013126373291016
final,5,block2.W1,38,16,0.608174204826355,0.6096700429916382,0.0014958381652832031
final,5,block2.W1,39,16,0.3839398920536041,0.385946124792099,0.002006232738494873
final,5,block2.W1,40,16,0.49440306425094604,0.49235695600509644,0.0020461082458496094
final,5,block2.W1,41,16,0.4494316875934601,0.447591632604599,0.001840054988861084
final,5,block2.W1,42,16,0.578782856464386,0.5828357934951782,0.004052937030792236
final,5,block2.W1,43,16,0.42778125405311584,0.4258436858654022,0.001937568187713623
final,5,block2.W1,44,16,0.40745148062705994,0.40238523483276367,0.005066245794296265
final,5,block2.W1,45,16,0.4750007688999176,0.4757925868034363,0.0007918179035186768
final,5,block2.W1,46,16,0.5644785165786743,0.5657776594161987,0.001299142837524414
final,5,block2.W1,47,16,0.4456789791584015,0.4428863227367401,0.002792656421661377
final,5,block2.W1,48,16,0.4000556468963623,0.3980207145214081,0.0020349323749542236
final,5,block2.W1,49,16,0.480407178401947,0.48136818408966064,0.000961005687713623
final,5,block2.W1,50,16,0.469947874546051,0.46839120984077454,0.0015566647052764893
final,5,block2.W1,51,16,0.3280762732028961,0.32890784740448,0.0008315742015838623
final,5,block2.W1,52,16,0.521305501461029,0.5262333154678345,0.00492781400680542
final,5,block2.W1,53,16,0.4841804802417755,0.4839635193347931,0.00021696090698242188
final,5,block2.W1,54,16,0.5086807608604431,0.514866828918457,0.006186068058013916
final,5,block2.W1,55,16,0.5075389742851257,0.5092133283615112,0.001674354076385498
final,5,block2.W1,56,16,0.4459412395954132,0.4426385164260864,0.0033027231693267822
final,5,block2.W1,57,16,0.4990857243537903,0.5037496089935303,0.00466388463973999
final,5,block2.W1,58,16,0.47273096442222595,0.4758157432079315,0.0030847787857055664
final,5,block2.W1,59,16,0.43093743920326233,0.4386975169181824,0.007760077714920044
final,5,block2.W1,60,16,0.4226800501346588,0.42559829354286194,0.002918243408203125
final,5,block2.W1,61,16,0.46618279814720154,0.46833306550979614,0.0021502673625946045
final,5,block2.W1,62,16,0.4435594379901886,0.444355309009552,0.0007958710193634033
final,5,block2.W1,63,16,0.5653163194656372,0.5586560368537903,0.006660282611846924
final,6,block2.W2,0,16,0.5391009449958801,0.5396881699562073,0.0005872249603271484
final,6,block2.W2,1,16,0.43265047669410706,0.4366878867149353,0.004037410020828247
final,6,block2.W2,2,16,0.412005215883255,0.40979382395744324,0.0022113919258117676
final,6,block2.W2,3,16,0.3873542845249176,0.38774940371513367,0.00039511919021606445
final,6,block2.W2,4,16,0.46117550134658813,0.4579228460788727,0.003252655267715454
final,6,block2.W2,5,16,0.382376104593277,0.3883371353149414,0.005961030721664429
final,6,block2.W2,6,16,0.38884276151657104,0.3956765830516815,0.006833821535110474
final,6,block2.W2,7,16,0.528980016708374,0.5295776724815369,0.0005976557731628418
final,6,block2.W2,8,16,0.45003950595855713,0.4410708546638489,0.008968651294708252
final,6,block2.W2,9,16,0.5800303220748901,0.5802525877952576,0.00022226572036743164
final,6,block2.W2,10,16,0.3914200961589813,0.39036768674850464,0.0010524094104766846
final,6,block2.W2,11,16,0.5446956157684326,0.5429174900054932,0.0017781257629394531
final,6,block2.W2,12,16,0.5007847547531128,0.49684643745422363,0.00393831729888916
final,6,block2.W2,13,16,0.43204137682914734,0.4291732907295227,0.002868086099624634
final,6,block2.W2,14,16,0.49188289046287537,0.49477604031562805,0.0028931498527526855
final,6,block2.W2,15,16,0.4325734078884125,0.4297947287559509,0.002778679132461548
final,6,block2.W2,16,16,0.4593573212623596,0.4634222984313965,0.004064977169036865
final,6,block2.W2,17,16,0.5116337537765503,0.5089865326881409,0.002647221088409424
final,6,block2.W2,18,16,0.48165473341941833,0.4814165532588959,0.00023818016052246094
final,6,block2.W2,19,16,0.5319339036941528,0.5309488773345947,0.0009850263595581055
final,6,block2.W2,20,16,0.47621041536331177,0.4773557186126709,0.0011453032493591309
final,6,block2.W2,21,16,0.5349098443984985,0.5371883511543274,0.0022785067558288574
final,6,block2.W2,22,16,0.5571308732032776,0.5618090033531189,0.004678130149841309
final,6,block2.W2,23,16,0.5239338278770447,0.5225992798805237,0.001334547996520996
final,6,block2.W2,24,16,0.5401219129562378,0.5429094433784485,0.0027875304222106934
final,6,block2.W2,25,16,0.4815826714038849,0.4728434085845947,0.008739262819290161
final,6,block2.W2,26,16,0.49283647537231445,0.4930952489376068,0.0002587735652923584
final,6,block2.W2,27,16,0.4377599358558655,0.4359913170337677,0.0017686188220977783
final,6,block2.W2,28,16,0.5999352335929871,0.6001862287521362,0.0002509951591491699
final,6,block2.W2,29,16,0.44694581627845764,0.4393182694911957,0.007627546787261963
final,6,block2.W2,30,16,0.5302973389625549,0.5336834788322449,0.0033861398696899414
final,6,block2.W2,31,16,0.5377871990203857,0.5446760654449463,0.006888866424560547
final,6,block2.W2,32,16,0.46919265389442444,0.46804696321487427,0.001145690679550171
final,6,block2.W2,33,16,0.4209944009780884,0.42654773592948914,0.005553334951400757
final,6,block2.W2,34,16,0.5096293091773987,0.5099378824234009,0.00030857324600219727
final,6,block2.W2,35,16,0.5882714986801147,0.5905247926712036,0.002253293991088867
final,6,block2.W2,36,16,0.43548327684402466,0.4380161762237549,0.0025328993797302246
final,6,block2.W2,37,16,0.4133106470108032,0.4145750403404236,0.0012643933296203613
final,6,block2.W2,38,16,0.47698554396629333,0.48857757449150085,0.01159203052520752
final,6,block2.W2,39,16,0.5295109748840332,0.5316300988197327,0.002119123935699463
final,6,block2.W2,40,16,0.3332403004169464,0.33219781517982483,0.001042485237121582
final,6,block2.W2,41,16,0.4724689722061157,0.4721590578556061,0.00030991435050964355
final,6,block2.W2,42,16,0.5088369250297546,0.5014744400978088,0.007362484931945801
final,6,block2.W2,43,16,0.4533514678478241,0.44502827525138855,0.008323192596435547
final,6,block2.W2,44,16,0.4672376215457916,0.4657895565032959,0.0014480650424957275
final,6,block2.W2,45,16,0.5355306267738342,0.5390265583992004,0.003495931625366211
final,6,block2.W2,46,16,0.4185457229614258,0.4131720960140228,0.005373626947402954
final,6,block2.W2,47,16,0.4428618848323822,0.4433427155017853,0.00048083066940307617
final,6,block2.W2,48,16,0.4293100833892822,0.42845243215560913,0.0008576512336730957
final,6,block2.W2,49,16,0.49496617913246155,0.4895097613334656,0.005456417798995972
final,6,block2.W2,50,16,0.4970456063747406,0.5007537603378296,0.0037081539630889893
final,6,block2.W2,51,16,0.5261887311935425,0.5269773602485657,0.0007886290550231934
final,6,block2.W2,52,16,0.4637387990951538,0.4687615931034088,0.005022794008255005
final,6,block2.W2,53,16,0.5052543878555298,0.5018245577812195,0.0034298300743103027
final,6,block2.W2,54,16,0.42032235860824585,0.4199047386646271,0.0004176199436187744
final,6,block2.W2,55,16,0.42234891653060913,0.4314204454421997,0.009071528911590576
final,6,block2.W2,56,16,0.48183098435401917,0.48193880915641785,0.00010782480239868164
final,6,block2.W2,57,16,0.5058066844940186,0.5091720819473267,0.0033653974533081055
final,6,block2.W2,58,16,0.45554232597351074,0.45805174112319946,0.0025094151496887207
final,6,block2.W2,59,16,0.4603579640388489,0.4707772135734558,0.010419249534606934
final,6,block2.W2,60,16,0.5144017338752747,0.5167216062545776,0.0023198723793029785
final,6,block2.W2,61,16,0.41139882802963257,0.4067152738571167,0.004683554172515869
final,6,block2.W2,62,16,0.49892762303352356,0.5025222897529602,0.0035946667194366455
final,6,block2.W2,63,16,0.3652415871620178,0.3666737973690033,0.0014322102069854736
final,7,block3.W1,0,16,0.5578513145446777,0.5560280084609985,0.0018233060836791992
final,7,block3.W1,1,16,0.5339468121528625,0.5354588031768799,0.001511991024017334
final,7,block3.W1,2,16,0.4203806519508362,0.4117829501628876,0.008597701787948608
final,7,block3.W1,3,16,0.4895224869251251,0.48941779136657715,0.00010469555854797363
final,7,block3.W1,4,16,0.4798792004585266,0.4774894118309021,0.0023897886276245117
final,7,block3.W1,5,16,0.4173378050327301,0.414958119392395,0.002379685640335083
final,7,block3.W1,6,16,0.5450285077095032,0.5422712564468384,0.002757251262664795
final,7,block3.W1,7,16,0.5192631483078003,0.5167219042778015,0.0025412440299987793
final,7,block3.W1,8,16,0.6039045453071594,0.608456015586853,0.0045514702796936035
final,7,block3.W1,9,16,0.42733702063560486,0.4255189597606659,0.0018180608749389648
final,7,block3.W1,10,16,0.49296170473098755,0.4928256571292877,0.0001360476016998291
final,7,block3.W1,11,16,0.45908066630363464,0.4569452404975891,0.0021354258060455322
final,7,block3.W1,12,16,0.6375969052314758,0.6298933625221252,0.007703542709350586
final,7,block3.W1,13,16,0.38445448875427246,0.385789155960083,0.0013346672058105469
final,7,block3.W1,14,16,0.4125683009624481,0.41275593638420105,0.0001876354217529297
final,7,block3.W1,15,16,0.47992855310440063,0.47539177536964417,0.00453677773475647
final,7,block3.W1,16,16,0.48265257477760315,0.48677751421928406,0.004124939441680908
final,7,block3.W1,17,16,0.443259060382843,0.44900137186050415,0.005742311477661133
final,7,block3.W1,18,16,0.46039098501205444,0.46370866894721985,0.0033176839351654053
final,7,block3.W1,19,16,0.6368851661682129,0.631190836429596,0.005694329738616943
final,7,block3.W1,20,16,0.38145712018013,0.3802303969860077,0.0012267231941223145
final,7,block3.W1,21,16,0.4546619951725006,0.45544877648353577,0.0007867813110351562
final,7,block3.W1,22,16,0.5780356526374817,0.5837005972862244,0.005664944648742676
final,7,block3.W1,23,16,0.5491366982460022,0.5503706932067871,0.0012339949607849121
final,7,block3.W1,24,16,0.39935263991355896,0.39972469210624695,0.0003720521926879883
final,7,block3.W1,25,16,0.41555964946746826,0.41185280680656433,0.0037068426609039307
final,7,block3.W1,26,16,0.42231446504592896,0.42464667558670044,0.0023322105407714844
final,7,block3.W1,27,16,0.45886796712875366,0.46401160955429077,0.005143642425537109
final,7,block3.W1,28,16,0.547088086605072,0.5477680563926697,0.0006799697875976562
final,7,block3.W1,29,16,0.28673359751701355,0.2905597388744354,0.003826141357421875
final,7,block3.W1,30,16,0.41146960854530334,0.4062429964542389,0.005226612091064453
final,7,block3.W1,31,16,0.5592293739318848,0.5602911114692688,0.0010617375373840332
final,7,block3.W1,32,16,0.48394352197647095,0.4859459102153778,0.0020023882389068604
final,7,block3.W1,33,16,0.38794147968292236,0.38386139273643494,0.004080086946487427
final,7,block3.W1,34,16,0.4912216365337372,0.49422305822372437,0.0030014216899871826
final,7,block3.W1,35,16,0.4847140610218048,0.48393213748931885,0.0007819235324859619
final,7,block3.W1,36,16,0.34097820520401,0.33911988139152527,0.0018583238124847412
final,7,block3.W1,37,16,0.4139935374259949,0.412558376789093,0.0014351606369018555
final,7,block3.W1,38,16,0.5279623866081238,0.5289765000343323,0.001014113426208496
final,7,block3.W1,39,16,0.3722239136695862,0.3723480701446533,0.00012415647506713867
final,7,block3.W1,40,16,0.3779403567314148,0.378521203994751,0.0005808472633361816
final,7,block3.W1,41,16,0.4895332157611847,0.49348920583724976,0.0039559900760650635
final,7,block3.W1,42,16,0.4118315577507019,0.4149145781993866,0.0030830204486846924
final,7,block3.W1,43,16,0.4072762429714203,0.4087551236152649,0.0014788806438446045
final,7,block3.W1,44,16,0.3980616331100464,0.4032863676548004,0.005224734544754028
final,7,block3.W1,45,16,0.47147172689437866,0.467611163854599,0.003860563039779663
final,7,block3.W1,46,16,0.4581805467605591,0.46598049998283386,0.00779995322227478
final,7,block3.W1,47,16,0.39635738730430603,0.40118902921676636,0.004831641912460327
final,7,block3.W1,48,16,0.3488757908344269,0.34943312406539917,0.00055733323097229
final,7,block3.W1,49,16,0.4727952778339386,0.4721468389034271,0.0006484389305114746
final,7,block3.W1,50,16,0.4283660054206848,0.42986130714416504,0.0014953017234802246
final,7,block3.W1,51,16,0.5034976005554199,0.5025001764297485,0.0009974241256713867
final,7,block3.W1,52,16,0.4437522292137146,0.4463648498058319,0.0026126205921173096
final,7,block3.W1,53,16,0.5569944977760315,0.5598520040512085,0.002857506275177002
final,7,block3.W1,54,16,0.4571998715400696,0.45326897501945496,0.003930896520614624
final,7,block3.W1,55,16,0.46728482842445374,0.4718048572540283,0.004520028829574585
final,7,block3.W1,56,16,0.4257831275463104,0.42867499589920044,0.0028918683528900146
final,7,block3.W1,57,16,0.462057501077652,0.4627145230770111,0.0006570219993591309
final,7,block3.W1,58,16,0.37001094222068787,0.36899733543395996,0.0010136067867279053
final,7,block3.W1,59,16,0.41905316710472107,0.4142044186592102,0.004848748445510864
final,7,block3.W1,60,16,0.41834986209869385,0.4176751673221588,0.0006746947765350342
final,7,block3.W1,61,16,0.49940699338912964,0.5013356804847717,0.0019286870956420898
final,7,block3.W1,62,16,0.39482441544532776,0.39887169003486633,0.004047274589538574
final,7,block3.W1,63,16,0.41583046317100525,0.41722434759140015,0.0013938844203948975
final,8,block3.W2,0,16,0.505090594291687,0.5025231242179871,0.002567470073699951
final,8,block3.W2,1,16,0.4032556712627411,0.4014652669429779,0.0017904043197631836
final,8,block3.W2,2,16,0.48886361718177795,0.4871898889541626,0.0016737282276153564
final,8,block3.W2,3,16,0.4785279333591461,0.4777926206588745,0.0007353127002716064
final,8,block3.W2,4,16,0.43878012895584106,0.43670088052749634,0.0020792484283447266
final,8,block3.W2,5,16,0.4422006905078888,0.4433208703994751,0.0011201798915863037
final,8,block3.W2,6,16,0.4380984306335449,0.43695148825645447,0.001146942377090454
final,8,block3.W2,7,16,0.5092315673828125,0.5072299242019653,0.002001643180847168
final,8,block3.W2,8,16,0.467056542634964,0.46946579217910767,0.0024092495441436768
final,8,block3.W2,9,16,0.37421369552612305,0.37713563442230225,0.0029219388961791992
final,8,block3.W2,10,16,0.4759047329425812,0.46738556027412415,0.008519172668457031
final,8,block3.W2,11,16,0.4615287780761719,0.46889013051986694,0.007361352443695068
final,8,block3.W2,12,16,0.6822505593299866,0.6809893250465393,0.0012612342834472656
final,8,block3.W2,13,16,0.484794944524765,0.48352551460266113,0.0012694299221038818
final,8,block3.W2,14,16,0.4383949339389801,0.43564850091934204,0.0027464330196380615
final,8,block3.W2,15,16,0.40799281001091003,0.4074589014053345,0.0005339086055755615
final,8,block3.W2,16,16,0.5342156291007996,0.5372141003608704,0.0029984712600708008
final,8,block3.W2,17,16,0.6225138902664185,0.6218155026435852,0.000698387622833252
final,8,block3.W2,18,16,0.5771567821502686,0.5761369466781616,0.0010198354721069336
final,8,block3.W2,19,16,0.42239299416542053,0.4218877851963043,0.0005052089691162109
final,8,block3.W2,20,16,0.5222844481468201,0.5212332606315613,0.001051187515258789
final,8,block3.W2,21,16,0.5338799357414246,0.530543863773346,0.0033360719680786133
final,8,block3.W2,22,16,0.48193418979644775,0.4788317084312439,0.0031024813652038574
final,8,block3.W2,23,16,0.45006486773490906,0.4482897222042084,0.0017751455307006836
final,8,block3.W2,24,16,0.5199323892593384,0.512653648853302,0.007278740406036377
final,8,block3.W2,25,16,0.5102914571762085,0.5032329559326172,0.007058501243591309
final,8,block3.W2,26,16,0.5620170831680298,0.5574177503585815,0.004599332809448242
final,8,block3.W2,27,16,0.37341412901878357,0.3714052736759186,0.0020088553428649902
final,8,block3.W2,28,16,0.3853978216648102,0.3854491114616394,5.128979682922363e-05
final,8,block3.W2,29,16,0.5364564657211304,0.5434055924415588,0.006949126720428467
final,8,block3.W2,30,16,0.4609975516796112,0.4565480053424835,0.0044495463371276855
final,8,block3.W2,31,16,0.33700108528137207,0.3347874879837036,0.002213597297668457
final,8,block3.W2,32,16,0.420476496219635,0.4191489815711975,0.0013275146484375
final,8,block3.W2,33,16,0.4406968057155609,0.44139769673347473,0.0007008910179138184
final,8,block3.W2,34,16,0.5484423041343689,0.5474486351013184,0.0009936690330505371
final,8,block3.W2,35,16,0.4399707615375519,0.43627992272377014,0.0036908388137817383
final,8,block3.W2,36,16,0.4357855021953583,0.4343138337135315,0.0014716684818267822
final,8,block3.W2,37,16,0.41043543815612793,0.40859079360961914,0.001844644546508789
final,8,block3.W2,38,16,0.49833473563194275,0.49425727128982544,0.00407746434211731
final,8,block3.W2,39,16,0.4401497542858124,0.44319218397140503,0.0030424296855926514
final,8,block3.W2,40,16,0.5486941337585449,0.5453600287437439,0.0033341050148010254
final,8,block3.W2,41,16,0.544991672039032,0.5493443608283997,0.004352688789367676
final,8,block3.W2,42,16,0.49356502294540405,0.4908660650253296,0.002698957920074463
final,8,block3.W2,43,16,0.5364397764205933,0.5370966792106628,0.0006569027900695801
final,8,block3.W2,44,16,0.3948066234588623,0.39651674032211304,0.0017101168632507324
final,8,block3.W2,45,16,0.43007898330688477,0.4304453730583191,0.00036638975143432617
final,8,block3.W2,46,16,0.41350212693214417,0.41334694623947144,0.0001551806926727295
final,8,block3.W2,47,16,0.4722599387168884,0.47378137707710266,0.0015214383602142334
final,8,block3.W2,48,16,0.5096917748451233,0.5099239945411682,0.00023221969604492188
final,8,block3.W2,49,16,0.4798186123371124,0.48118582367897034,0.0013672113418579102
final,8,block3.W2,50,16,0.517206609249115,0.5186011791229248,0.0013945698738098145
final,8,block3.W2,51,16,0.4467509686946869,0.4440692663192749,0.0026817023754119873
final,8,block3.W2,52,16,0.4560728967189789,0.45333245396614075,0.0027404427528381348
final,8,block3.W2,53,16,0.4857531785964966,0.4823974072933197,0.00335577130317688
final,8,block3.W2,54,16,0.38844770193099976,0.38943612575531006,0.0009884238243103027
final,8,block3.W2,55,16,0.40537023544311523,0.4016873836517334,0.003682851791381836
final,8,block3.W2,56,16,0.41214779019355774,0.4098075330257416,0.002340257167816162
final,8,block3.W2,57,16,0.43290460109710693,0.43470489978790283,0.0018002986907958984
final,8,block3.W2,58,16,0.4449256956577301,0.4437824785709381,0.0011432170867919922
final,8,block3.W2,59,16,0.3820900321006775,0.3834903836250305,0.0014003515243530273
final,8,block3.W2,60,16,0.49795010685920715,0.5019356608390808,0.003985553979873657
final,8,block3.W2,61,16,0.4533510208129883,0.4531836211681366,0.00016739964485168457
final,8,block3.W2,62,16,0.40547052025794983,0.40446171164512634,0.0010088086128234863
final,8,block3.W2,63,16,0.47222664952278137,0.47166159749031067,0.0005650520324707031
final,9,block4.W1,0,16,0.5109553337097168,0.5098401308059692,0.0011152029037475586
final,9,block4.W1,1,16,0.3708045780658722,0.36778831481933594,0.003016263246536255
final,9,block4.W1,2,16,0.4163214862346649,0.41878941655158997,0.002467930316925049
final,9,block4.W1,3,16,0.29553452134132385,0.2916440963745117,0.003890424966812134
final,9,block4.W1,4,16,0.3853129744529724,0.38463324308395386,0.0006797313690185547
final,9,block4.W1,5,16,0.5396692156791687,0.5407407879829407,0.0010715723037719727
final,9,block4.W1,6,16,0.5580320358276367,0.5592626929283142,0.0012306571006774902
final,9,block4.W1,7,16,0.5689702033996582,0.5795597434043884,0.010589540004730225
final,9,block4.W1,8,16,0.428489089012146,0.42988264560699463,0.0013935565948486328
final,9,block4.W1,9,16,0.3987496793270111,0.3965355157852173,0.0022141635417938232
final,9,block4.W1,10,16,0.5552991628646851,0.5586140155792236,0.0033148527145385742
final,9,block4.W1,11,16,0.43616896867752075,0.4389709532260895,0.0028019845485687256
final,9,block4.W1,12,16,0.3559793531894684,0.3581397533416748,0.002160400152206421
final,9,block4.W1,13,16,0.41781318187713623,0.4180353879928589,0.00022220611572265625
final,9,block4.W1,14,16,0.4762498438358307,0.4771800637245178,0.0009302198886871338
final,9,block4.W1,15,16,0.4642985165119171,0.4635406732559204,0.0007578432559967041
final,9,block4.W1,16,16,0.39013007283210754,0.3912850618362427,0.0011549890041351318
final,9,block4.W1,17,16,0.49597087502479553,0.4986105263233185,0.0026396512985229492
final,9,block4.W1,18,16,0.441694051027298,0.4386349618434906,0.003059089183807373
final,9,block4.W1,19,16,0.4897803068161011,0.48785966634750366,0.0019206404685974121
final,9,block4.W1,20,16,0.3826560378074646,0.38402220606803894,0.0013661682605743408
final,9,block4.W1,21,16,0.4313685894012451,0.4291972815990448,0.0021713078022003174
final,9,block4.W1,22,16,0.38503021001815796,0.3898039162158966,0.0047737061977386475
final,9,block4.W1,23,16,0.5833284854888916,0.5852344036102295,0.0019059181213378906
final,9,block4.W1,24,16,0.4867151081562042,0.4875135123729706,0.0007984042167663574
final,9,block4.W1,25,16,0.6009894609451294,0.600788950920105,0.00020051002502441406
final,9,block4.W1,26,16,0.5928528308868408,0.5868072509765625,0.00604557991027832
final,9,block4.W1,27,16,0.5576329827308655,0.5576357245445251,2.7418136596679688e-06
final,9,block4.W1,28,16,0.4903217852115631,0.4874579906463623,0.0028637945652008057
final,9,block4.W1,29,16,0.5405260324478149,0.5353548526763916,0.00517117977142334
final,9,block4.W1,30,16,0.6334938406944275,0.6398054361343384,0.006311595439910889
final,9,block4.W1,31,16,0.4221285879611969,0.4262554347515106,0.004126846790313721
final,9,block4.W1,32,16,0.4023367762565613,0.395580917596817,0.006755858659744263
final,9,block4.W1,33,16,0.5307136178016663,0.5261150002479553,0.0045986175537109375
final,9,block4.W1,34,16,0.4874451458454132,0.48470282554626465,0.0027423202991485596
final,9,block4.W1,35,16,0.4852944016456604,0.48104551434516907,0.004248887300491333
final,9,block4.W1,36,16,0.4337911903858185,0.43429821729660034,0.0005070269107818604
final,9,block4.W1,37,16,0.502256453037262,0.5002342462539673,0.0020222067832946777
final,9,block4.W1,38,16,0.40551266074180603,0.4054306447505951,8.20159912109375e-05
final,9,block4.W1,39,16,0.4622533917427063,0.46895933151245117,0.006705939769744873
final,9,block4.W1,40,16,0.506237268447876,0.5066952705383301,0.00045800209045410156
final,9,block4.W1,41,16,0.42210596799850464,0.4227253496646881,0.0006193816661834717
final,9,block4.W1,42,16,0.3972649574279785,0.3952922523021698,0.001972705125808716
final,9,block4.W1,43,16,0.49861347675323486,0.5001147389411926,0.0015012621879577637
final,9,block4.W1,44,16,0.4739522933959961,0.47960442304611206,0.005652129650115967
final,9,block4.W1,45,16,0.43148037791252136,0.4307512640953064,0.0007291138172149658
final,9,block4.W1,46,16,0.5381981730461121,0.53880375623703,0.0006055831909179688
final,9,block4.W1,47,16,0.4197445213794708,0.42024555802345276,0.0005010366439819336
final,9,block4.W1,48,16,0.4034547805786133,0.40014204382896423,0.003312736749649048
final,9,block4.W1,49,16,0.4051659405231476,0.402024507522583,0.003141433000564575
final,9,block4.W1,50,16,0.5216846466064453,0.5193115472793579,0.0023730993270874023
final,9,block4.W1,51,16,0.4636023938655853,0.4659942388534546,0.0023918449878692627
final,9,block4.W1,52,16,0.416698694229126,0.42030176520347595,0.0036030709743499756
final,9,block4.W1,53,16,0.4359187185764313,0.43613192439079285,0.00021320581436157227
final,9,block4.W1,54,16,0.36150404810905457,0.3636278212070465,0.0021237730979919434
final,9,block4.W1,55,16,0.424411416053772,0.42211031913757324,0.0023010969161987305
final,9,block4.W1,56,16,0.548849880695343,0.5539578199386597,0.00510793924331665
final,9,block4.W1,57,16,0.38593828678131104,0.38750600814819336,0.0015677213668823242
final,9,block4.W1,58,16,0.4772336184978485,0.47302326560020447,0.004210352897644043
final,9,block4.W1,59,16,0.4302975833415985,0.4324439764022827,0.002146393060684204
final,9,block4.W1,60,16,0.43309709429740906,0.4309135675430298,0.0021835267543792725
final,9,block4.W1,61,16,0.45502158999443054,0.4503990709781647,0.004622519016265869
final,9,block4.W1,62,16,0.4422151446342468,0.442503958940506,0.0002888143062591553
final,9,block4.W1,63,16,0.4560578465461731,0.45380327105522156,0.002254575490951538
final,10,block4.W2,0,16,0.43027856945991516,0.4278271794319153,0.002451390027999878
final,10,block4.W2,1,16,0.4370061159133911,0.4364176392555237,0.0005884766578674316
final,10,block4.W2,2,16,0.5043554902076721,0.5040077567100525,0.0003477334976196289
final,10,block4.W2,3,16,0.4009823501110077,0.39971885085105896,0.0012634992599487305
final,10,block4.W2,4,16,0.49767929315567017,0.5004006028175354,0.0027213096618652344
final,10,block4.W2,5,16,0.4200702905654907,0.4197796881198883,0.000290602445602417
final,10,block4.W2,6,16,0.45341256260871887,0.45480141043663025,0.001388847827911377
final,10,block4.W2,7,16,0.4519701600074768,0.45453858375549316,0.0025684237480163574
final,10,block4.W2,8,16,0.48981115221977234,0.4903600513935089,0.0005488991737365723
final,10,block4.W2,9,16,0.48045673966407776,0.47935745120048523,0.0010992884635925293
final,10,block4.W2,10,16,0.40205490589141846,0.3989752531051636,0.003079652786254883
final,10,block4.W2,11,16,0.36009472608566284,0.35843709111213684,0.001657634973526001
final,10,block4.W2,12,16,0.4306337833404541,0.4306562840938568,2.250075340270996e-05
final,10,block4.W2,13,16,0.36093369126319885,0.36314448714256287,0.0022107958793640137
final,10,block4.W2,14,16,0.4981811046600342,0.4991118907928467,0.0009307861328125
final,10,block4.W2,15,16,0.44021034240722656,0.4376677870750427,0.002542555332183838
final,10,block4.W2,16,16,0.5017953515052795,0.49973416328430176,0.002061188220977783
final,10,block4.W2,17,16,0.42074263095855713,0.4145984947681427,0.006144136190414429
final,10,block4.W2,18,16,0.48676255345344543,0.48737382888793945,0.0006112754344940186
final,10,block4.W2,19,16,0.6004845499992371,0.5963669419288635,0.004117608070373535
final,10,block4.W2,20,16,0.46566322445869446,0.466952383518219,0.0012891590595245361
final,10,block4.W2,21,16,0.5330129265785217,0.5324180722236633,0.0005948543548583984
final,10,block4.W2,22,16,0.463487446308136,0.4685443341732025,0.005056887865066528
final,10,block4.W2,23,16,0.45446938276290894,0.45185428857803345,0.0026150941848754883
final,10,block4.W2,24,16,0.5498546361923218,0.549385130405426,0.00046950578689575195
final,10,block4.W2,25,16,0.5232539772987366,0.5227327346801758,0.000521242618560791
final,10,block4.W2,26,16,0.41810551285743713,0.41812339425086975,1.7881393432617188e-05
final,10,block4.W2,27,16,0.4413383901119232,0.44309529662132263,0.001756906509399414
final,10,block4.W2,28,16,0.5442613959312439,0.5440922379493713,0.0001691579818725586
final,10,block4.W2,29,16,0.4353410601615906,0.4344141185283661,0.0009269416332244873
final,10,block4.W2,30,16,0.44465339183807373,0.4437750279903412,0.0008783638477325439
final,10,block4.W2,31,16,0.539939820766449,0.5405392646789551,0.0005994439125061035
final,10,block4.W2,32,16,0.4796786606311798,0.4815635085105896,0.00188484787940979
final,10,block4.W2,33,16,0.3622552156448364,0.364933580160141,0.0026783645153045654
final,10,block4.W2,34,16,0.5476298332214355,0.5468971729278564,0.0007326602935791016
final,10,block4.W2,35,16,0.5321100354194641,0.5302793383598328,0.0018306970596313477
final,10,block4.W2,36,16,0.45791587233543396,0.4576025605201721,0.0003133118152618408
final,10,block4.W2,37,16,0.5024253726005554,0.5028766989707947,0.0004513263702392578
final,10,block4.W2,38,16,0.39754557609558105,0.3996927738189697,0.002147197723388672
final,10,block4.W2,39,16,0.5138919353485107,0.5164999961853027,0.002608060836791992
final,10,block4.W2,40,16,0.38070985674858093,0.3827670216560364,0.0020571649074554443
final,10,block4.W2,41,16,0.5952468514442444,0.5961121320724487,0.0008652806282043457
final,10,block4.W2,42,16,0.40754780173301697,0.405210018157959,0.0023377835750579834
final,10,block4.W2,43,16,0.3711313307285309,0.3727246820926666,0.0015933513641357422
final,10,block4.W2,44,16,0.45429226756095886,0.46087220311164856,0.006579935550689697
final,10,block4.W2,45,16,0.5085769891738892,0.5116226673126221,0.00304567813873291
final,10,block4.W2,46,16,0.4639107584953308,0.4661003649234772,0.0021896064281463623
final,10,block4.W2,47,16,0.40222713351249695,0.40801122784614563,0.005784094333648682
final,10,block4.W2,48,16,0.5077082514762878,0.5087632536888123,0.001055002212524414
final,10,block4.W2,49,16,0.4155440032482147,0.41118186712265015,0.004362136125564575
final,10,block4.W2,50,16,0.4390203654766083,0.4386187493801117,0.00040161609649658203
final,10,block4.W2,51,16,0.4923122227191925,0.49228763580322266,2.4586915969848633e-05
final,10,block4.W2,52,16,0.5576528310775757,0.5633400082588196,0.0056871771812438965
final,10,block4.W2,53,16,0.4470742344856262,0.44325077533721924,0.0038234591484069824
final,10,block4.W2,54,16,0.49850139021873474,0.4995802342891693,0.0010788440704345703
final,10,block4.W2,55,16,0.4943641126155853,0.4912540316581726,0.0031100809574127197
final,10,block4.W2,56,16,0.49053099751472473,0.491224080324173,0.0006930828094482422
final,10,block4.W2,57,16,0.4172622859477997,0.41488513350486755,0.002377152442932129
final,10,block4.W2,58,16,0.43190205097198486,0.4328916668891907,0.0009896159172058105
final,10,block4.W2,59,16,0.48074159026145935,0.4830435514450073,0.0023019611835479736
final,10,block4.W2,60,16,0.4416169226169586,0.43587177991867065,0.005745142698287964
final,10,block4.W2,61,16,0.52139812707901,0.518958568572998,0.002439558506011963
final,10,block4.W2,62,16,0.47079524397850037,0.4714046120643616,0.0006093680858612061
final,10,block4.W2,63,16,0.5139158964157104,0.5156350135803223,0.0017191171646118164
final,11,block5.W1,0,16,0.4897990822792053,0.4936882257461548,0.003889143466949463
final,11,block5.W1,1,16,0.5145615935325623,0.5098811388015747,0.004680454730987549
final,11,block5.W1,2,16,0.47666460275650024,0.4757729172706604,0.0008916854858398438
final,11,block5.W1,3,16,0.52813720703125,0.5294525027275085,0.001315295696258545
final,11,block5.W1,4,16,0.6386756896972656,0.6393524408340454,0.0006767511367797852
final,11,block5.W1,5,16,0.5036808848381042,0.5046781897544861,0.000997304916381836
final,11,block5.W1,6,16,0.5317717790603638,0.5357040166854858,0.00393223762512207
final,11,block5.W1,7,16,0.47963133454322815,0.4763428270816803,0.0032885074615478516
final,11,block5.W1,8,16,0.4166969358921051,0.4171960949897766,0.0004991590976715088
final,11,block5.W1,9,16,0.3600103557109833,0.3566722571849823,0.0033380985260009766
final,11,block5.W1,10,16,0.4021642804145813,0.3996976912021637,0.0024665892124176025
final,11,block5.W1,11,16,0.4050144553184509,0.4071826934814453,0.0021682381629943848
final,11,block5.W1,12,16,0.4416339099407196,0.4432171583175659,0.0015832483768463135
final,11,block5.W1,13,16,0.4269948899745941,0.42817422747612,0.001179337501525879
final,11,block5.W1,14,16,0.5563653111457825,0.5532679557800293,0.003097355365753174
final,11,block5.W1,15,16,0.47515934705734253,0.47731056809425354,0.0021512210369110107
final,11,block5.W1,16,16,0.5142298340797424,0.5152330994606018,0.001003265380859375
final,11,block5.W1,17,16,0.45193493366241455,0.4488442540168762,0.00309067964553833
final,11,block5.W1,18,16,0.38403457403182983,0.38215172290802,0.0018828511238098145
final,11,block5.W1,19,16,0.46837151050567627,0.4674277901649475,0.0009437203407287598
final,11,block5.W1,20,16,0.4495551586151123,0.4494660198688507,8.913874626159668e-05
final,11,block5.W1,21,16,0.40829962491989136,0.4119162857532501,0.0036166608333587646
final,11,block5.W1,22,16,0.5273399353027344,0.5245998501777649,0.0027400851249694824
final,11,block5.W1,23,16,0.39431890845298767,0.3929767906665802,0.0013421177864074707
final,11,block5.W1,24,16,0.4601863920688629,0.458781898021698,0.001404494047164917
final,11,block5.W1,25,16,0.4217102527618408,0.4190056324005127,0.002704620361328125
final,11,block5.W1,26,16,0.4590868651866913,0.4565405547618866,0.0025463104248046875
final,11,block5.W1,27,16,0.4650314152240753,0.4613456428050995,0.00368577241897583
final,11,block5.W1,28,16,0.5243183970451355,0.5259041786193848,0.0015857815742492676
final,11,block5.W1,29,16,0.3570018708705902,0.3540721833705902,0.0029296875
final,11,block5.W1,30,16,0.5867301821708679,0.5896983742713928,0.0029681921005249023
final,11,block5.W1,31,16,0.38535210490226746,0.38728606700897217,0.001933962106704712
final,11,block5.W1,32,16,0.4115844964981079,0.4111548066139221,0.000429689884185791
final,11,block5.W1,33,16,0.39587798714637756,0.39320722222328186,0.002670764923095703
final,11,block5.W1,34,16,0.5175803899765015,0.522793710231781,0.005213320255279541
final,11,block5.W1,35,16,0.47270384430885315,0.46945300698280334,0.0032508373260498047
final,11,block5.W1,36,16,0.44106870889663696,0.4359687268733978,0.005099982023239136
final,11,block5.W1,37,16,0.44600239396095276,0.44705861806869507,0.0010562241077423096
final,11,block5.W1,38,16,0.5827814936637878,0.5835844278335571,0.0008029341697692871
final,11,block5.W1,39,16,0.4811539649963379,0.4794597625732422,0.0016942024230957031
final,11,block5.W1,40,16,0.6186573505401611,0.6178622841835022,0.0007950663566589355
final,11,block5.W1,41,16,0.42247724533081055,0.42138364911079407,0.0010935962200164795
final,11,block5.W1,42,16,0.3826828896999359,0.3802341818809509,0.0024487078189849854
final,11,block5.W1,43,16,0.49231046438217163,0.494342178106308,0.0020317137241363525
final,11,block5.W1,44,16,0.37535786628723145,0.37366586923599243,0.0016919970512390137
final,11,block5.W1,45,16,0.3917803466320038,0.3936004936695099,0.0018201470375061035
final,11,block5.W1,46,16,0.4883787930011749,0.48978662490844727,0.0014078319072723389
final,11,block5.W1,47,16,0.42825624346733093,0.4267303943634033,0.0015258491039276123
final,11,block5.W1,48,16,0.3466012477874756,0.3495824337005615,0.0029811859130859375
final,11,block5.W1,49,16,0.5177282094955444,0.5204469561576843,0.0027187466621398926
final,11,block5.W1,50,16,0.5231627821922302,0.5238571166992188,0.0006943345069885254
final,11,block5.W1,51,16,0.513336181640625,0.5124289393424988,0.0009072422981262207
final,11,block5.W1,52,16,0.40852728486061096,0.4046371281147003,0.0038901567459106445
final,11,block5.W1,53,16,0.508616030216217,0.5100648403167725,0.00144881010055542
final,11,block5.W1,54,16,0.5193426609039307,0.5251549482345581,0.005812287330627441
final,11,block5.W1,55,16,0.4927131235599518,0.4933479130268097,0.0006347894668579102
final,11,block5.W1,56,16,0.42794445157051086,0.42644989490509033,0.0014945566654205322
final,11,block5.W1,57,16,0.5259616374969482,0.5278168320655823,0.0018551945686340332
final,11,block5.W1,58,16,0.5056734681129456,0.5090882778167725,0.0034148097038269043
final,11,block5.W1,59,16,0.5242642760276794,0.527259886264801,0.002995610237121582
final,11,block5.W1,60,16,0.5275062322616577,0.5318374633789062,0.004331231117248535
final,11,block5.W1,61,16,0.48596641421318054,0.48756343126296997,0.0015970170497894287
final,11,block5.W1,62,16,0.4338638186454773,0.42860177159309387,0.005262047052383423
final,11,block5.W1,63,16,0.501612663269043,0.5071304440498352,0.005517780780792236
final,12,block5.W2,0,16,0.5466728806495667,0.5468186736106873,0.00014579296112060547
final,12,block5.W2,1,16,0.387022465467453,0.3851335048675537,0.001888960599899292
final,12,block5.W2,2,16,0.30023089051246643,0.30543768405914307,0.005206793546676636
final,12,block5.W2,3,16,0.4630281627178192,0.4658234417438507,0.002795279026031494
final,12,block5.W2,4,16,0.48155075311660767,0.4816431403160095,9.238719940185547e-05
final,12,block5.W2,5,16,0.46050363779067993,0.45976853370666504,0.0007351040840148926
final,12,block5.W2,6,16,0.47677871584892273,0.48106908798217773,0.004290372133255005
final,12,block5.W2,7,16,0.4312683343887329,0.43008312582969666,0.0011852085590362549
final,12,block5.W2,8,16,0.5166023969650269,0.5225978493690491,0.005995452404022217
final,12,block5.W2,9,16,0.4698520600795746,0.46852004528045654,0.001332014799118042
final,12,block5.W2,10,16,0.4912392497062683,0.4927102327346802,0.0014709830284118652
final,12,block5.W2,11,16,0.3794611096382141,0.3784511685371399,0.0010099411010742188
final,12,block5.W2,12,16,0.41981086134910583,0.41892361640930176,0.0008872449398040771
final,12,block5.W2,13,16,0.4079046845436096,0.4092411398887634,0.0013364553451538086
final,12,block5.W2,14,16,0.4014916718006134,0.4014984965324402,6.8247318267822266e-06
final,12,block5.W2,15,16,0.3413415849208832,0.3418286442756653,0.0004870593547821045
final,12,block5.W2,16,16,0.5699995160102844,0.5698426961898804,0.00015681982040405273
final,12,block5.W2,17,16,0.35004517436027527,0.3445107340812683,0.005534440279006958
final,12,block5.W2,18,16,0.49934494495391846,0.4963544011116028,0.002990543842315674
final,12,block5.W2,19,16,0.5177568793296814,0.5151940584182739,0.0025628209114074707
final,12,block5.W2,20,16,0.4480728805065155,0.4452258348464966,0.002847045660018921
final,12,block5.W2,21,16,0.4145432710647583,0.4170326590538025,0.0024893879890441895
final,12,block5.W2,22,16,0.5143182873725891,0.517985999584198,0.0036677122116088867
final,12,block5.W2,23,16,0.43364155292510986,0.4332609176635742,0.00038063526153564453
final,12,block5.W2,24,16,0.5310739278793335,0.530193567276001,0.0008803606033325195
final,12,block5.W2,25,16,0.43397971987724304,0.43449947237968445,0.0005197525024414062
final,12,block5.W2,26,16,0.5870748162269592,0.5916694402694702,0.004594624042510986
final,12,block5.W2,27,16,0.41622066497802734,0.41882243752479553,0.0026017725467681885
final,12,block5.W2,28,16,0.37568408250808716,0.37602829933166504,0.00034421682357788086
final,12,block5.W2,29,16,0.4592253863811493,0.4583609104156494,0.0008644759654998779
final,12,block5.W2,30,16,0.6897764801979065,0.6860725283622742,0.0037039518356323242
final,12,block5.W2,31,16,0.46652162075042725,0.4665994644165039,7.784366607666016e-05
final,12,block5.W2,32,16,0.49779012799263,0.4925817847251892,0.005208343267440796
final,12,block5.W2,33,16,0.4846755862236023,0.49217528104782104,0.00749969482421875
final,12,block5.W2,34,16,0.5415687561035156,0.5415369272232056,3.1828880310058594e-05
final,12,block5.W2,35,16,0.6015499234199524,0.6015083193778992,4.1604042053222656e-05
final,12,block5.W2,36,16,0.534152090549469,0.5297771692276001,0.0043749213218688965
final,12,block5.W2,37,16,0.6130833029747009,0.6120917797088623,0.000991523265838623
final,12,block5.W2,38,16,0.5238057374954224,0.5178196430206299,0.0059860944747924805
final,12,block5.W2,39,16,0.4540034830570221,0.45437076687812805,0.00036728382110595703
final,12,block5.W2,40,16,0.40693041682243347,0.40477254986763,0.002157866954803467
final,12,block5.W2,41,16,0.5014705061912537,0.5022909641265869,0.000820457935333252
final,12,block5.W2,42,16,0.4500407874584198,0.45232251286506653,0.0022817254066467285
final,12,block5.W2,43,16,0.37541663646698,0.37657174468040466,0.0011551082134246826
final,12,block5.W2,44,16,0.48571887612342834,0.48296549916267395,0.0027533769607543945
final,12,block5.W2,45,16,0.46709397435188293,0.46719568967819214,0.0001017153263092041
final,12,block5.W2,46,16,0.4643456041812897,0.4646725356578827,0.0003269314765930176
final,12,block5.W2,47,16,0.484833687543869,0.48561519384384155,0.0007815062999725342
final,12,block5.W2,48,16,0.5265811681747437,0.5280275344848633,0.001446366310119629
final,12,block5.W2,49,16,0.4925703704357147,0.4922005534172058,0.00036981701850891113
final,12,block5.W2,50,16,0.5560892224311829,0.5572369694709778,0.0011477470397949219
final,12,block5.W2,51,16,0.3918350636959076,0.3895154595375061,0.0023196041584014893
final,12,block5.W2,52,16,0.5690301060676575,0.5691709518432617,0.00014084577560424805
final,12,block5.W2,53,16,0.401719331741333,0.4023574888706207,0.0006381571292877197
final,12,block5.W2,54,16,0.42711812257766724,0.4282766282558441,0.0011585056781768799
final,12,block5.W2,55,16,0.5337172746658325,0.5346032977104187,0.0008860230445861816
final,12,block5.W2,56,16,0.42348429560661316,0.4239500164985657,0.00046572089195251465
final,12,block5.W2,57,16,0.584379255771637,0.5809578895568848,0.0034213662147521973
final,12,block5.W2,58,16,0.492536723613739,0.491931289434433,0.0006054341793060303
final,12,block5.W2,59,16,0.4715157151222229,0.4705468714237213,0.0009688436985015869
final,12,block5.W2,60,16,0.4319324195384979,0.4360694885253906,0.0041370689868927
final,12,block5.W2,61,16,0.4758470356464386,0.4794576168060303,0.003610581159591675
final,12,block5.W2,62,16,0.5041002035140991,0.5047551989555359,0.0006549954414367676
final,12,block5.W2,63,16,0.4899851679801941,0.4899733066558838,1.1861324310302734e-05
final,13,block6.W1,0,16,0.36717674136161804,0.3694554269313812,0.0022786855697631836
final,13,block6.W1,1,16,0.4642772078514099,0.45817267894744873,0.006104528903961182
final,13,block6.W1,2,16,0.4692102074623108,0.469484806060791,0.0002745985984802246
final,13,block6.W1,3,16,0.501317024230957,0.4994277060031891,0.0018893182277679443
final,13,block6.W1,4,16,0.49555590748786926,0.4893406331539154,0.006215274333953857
final,13,block6.W1,5,16,0.4281042516231537,0.4278443455696106,0.0002599060535430908
final,13,block6.W1,6,16,0.5181273818016052,0.5169750452041626,0.001152336597442627
final,13,block6.W1,7,16,0.4904475212097168,0.4937019348144531,0.003254413604736328
final,13,block6.W1,8,16,0.41220247745513916,0.4116184413433075,0.000584036111831665
final,13,block6.W1,9,16,0.48087865114212036,0.48198580741882324,0.0011071562767028809
final,13,block6.W1,10,16,0.48268499970436096,0.48277801275253296,9.301304817199707e-05
final,13,block6.W1,11,16,0.4827370047569275,0.48422881960868835,0.0014918148517608643
final,13,block6.W1,12,16,0.47386661171913147,0.47344499826431274,0.0004216134548187256
final,13,block6.W1,13,16,0.4507151246070862,0.45010727643966675,0.0006078481674194336
final,13,block6.W1,14,16,0.47059357166290283,0.4711075723171234,0.0005140006542205811
final,13,block6.W1,15,16,0.5238886475563049,0.5208188891410828,0.003069758415222168
final,13,block6.W1,16,16,0.40187451243400574,0.40256908535957336,0.000694572925567627
final,13,block6.W1,17,16,0.5090994238853455,0.5119710564613342,0.0028716325759887695
final,13,block6.W1,18,16,0.4522761404514313,0.4486091136932373,0.0036670267581939697
final,13,block6.W1,19,16,0.5040702223777771,0.49871826171875,0.0053519606590271
final,13,block6.W1,20,16,0.5629740953445435,0.565447211265564,0.002473115921020508
final,13,block6.W1,21,16,0.6095141172409058,0.6146752238273621,0.005161106586456299
final,13,block6.W1,22,16,0.4323577284812927,0.4367222785949707,0.0043645501136779785
final,13,block6.W1,23,16,0.5179691314697266,0.5191177129745483,0.0011485815048217773
final,13,block6.W1,24,16,0.5240157842636108,0.5242536067962646,0.0002378225326538086
final,13,block6.W1,25,16,0.3542691469192505,0.35902178287506104,0.004752635955810547
final,13,block6.W1,26,16,0.4979837238788605,0.49542611837387085,0.002557605504989624
final,13,block6.W1,27,16,0.506490170955658,0.5006316900253296,0.005858480930328369
final,13,block6.W1,28,16,0.47310686111450195,0.47910061478614807,0.005993753671646118
final,13,block6.W1,29,16,0.5544260740280151,0.5552350878715515,0.000809013843536377
final,13,block6.W1,30,16,0.5330512523651123,0.5314488410949707,0.0016024112701416016
final,13,block6.W1,31,16,0.48532339930534363,0.48661404848098755,0.001290649175643921
final,13,block6.W1,32,16,0.36899709701538086,0.37078559398651123,0.001788496971130371
final,13,block6.W1,33,16,0.47282707691192627,0.47085070610046387,0.0019763708114624023
final,13,block6.W1,34,16,0.4762137234210968,0.47206011414527893,0.004153609275817871
final,13,block6.W1,35,16,0.43719202280044556,0.4393461048603058,0.0021540820598602295
final,13,block6.W1,36,16,0.5707289576530457,0.5688896179199219,0.0018393397331237793
final,13,block6.W1,37,16,0.5085452198982239,0.5058611631393433,0.0026840567588806152
final,13,block6.W1,38,16,0.4536210894584656,0.4577532708644867,0.004132181406021118
final,13,block6.W1,39,16,0.47679635882377625,0.4782935082912445,0.0014971494674682617
final,13,block6.W1,40,16,0.46790367364883423,0.47326624393463135,0.005362570285797119
final,13,block6.W1,41,16,0.4855228662490845,0.48615047335624695,0.0006276071071624756
final,13,block6.W1,42,16,0.5669408440589905,0.5664974451065063,0.00044339895248413086
final,13,block6.W1,43,16,0.429150253534317,0.4297265112400055,0.0005762577056884766
final,13,block6.W1,44,16,0.41031521558761597,0.4098584055900574,0.00045680999755859375
final,13,block6.W1,45,16,0.45383819937705994,0.4506572186946869,0.003180980682373047
final,13,block6.W1,46,16,0.362915962934494,0.36415377259254456,0.0012378096580505371
final,13,block6.W1,47,16,0.50802081823349,0.5081614851951599,0.00014066696166992188
final,13,block6.W1,48,16,0.36060047149658203,0.361898809671402,0.0012983381748199463
final,13,block6.W1,49,16,0.43112605810165405,0.42898088693618774,0.0021451711654663086
final,13,block6.W1,50,16,0.5166346430778503,0.5143527388572693,0.0022819042205810547
final,13,block6.W1,51,16,0.43326595425605774,0.4337116777896881,0.0004457235336303711
final,13,block6.W1,52,16,0.4377436339855194,0.43887537717819214,0.0011317431926727295
final,13,block6.W1,53,16,0.421962171792984,0.4253067672252655,0.003344595432281494
final,13,block6.W1,54,16,0.516376793384552,0.5192957520484924,0.0029189586639404297
final,13,block6.W1,55,16,0.4049634635448456,0.40560653805732727,0.0006430745124816895
final,13,block6.W1,56,16,0.5403217077255249,0.542039155960083,0.0017174482345581055
final,13,block6.W1,57,16,0.39734286069869995,0.3993740379810333,0.002031177282333374
final,13,block6.W1,58,16,0.48219212889671326,0.4819442629814148,0.0002478659152984619
final,13,block6.W1,59,16,0.48593640327453613,0.48299121856689453,0.0029451847076416016
final,13,block6.W1,60,16,0.3554742932319641,0.3587998151779175,0.003325521945953369
final,13,block6.W1,61,16,0.49534669518470764,0.4980878531932831,0.0027411580085754395
final,13,block6.W1,62,16,0.514620840549469,0.5168473720550537,0.002226531505584717
final,13,block6.W1,63,16,0.3970406651496887,0.394755095243454,0.002285569906234741
final,14,block6.W2,0,16,0.572222113609314,0.5719815492630005,0.00024056434631347656
final,14,block6.W2,1,16,0.4410439729690552,0.4434950649738312,0.002451092004776001
final,14,block6.W2,2,16,0.4921293258666992,0.49011942744255066,0.0020098984241485596
final,14,block6.W2,3,16,0.4675425589084625,0.47226375341415405,0.004721194505691528
final,14,block6.W2,4,16,0.4649806022644043,0.4641823172569275,0.0007982850074768066
final,14,block6.W2,5,16,0.49915066361427307,0.5046113729476929,0.0054607093334198
final,14,block6.W2,6,16,0.5210400223731995,0.5178542733192444,0.003185749053955078
final,14,block6.W2,7,16,0.5019041895866394,0.4999813735485077,0.0019228160381317139
final,14,block6.W2,8,16,0.3908984065055847,0.3884470462799072,0.0024513602256774902
final,14,block6.W2,9,16,0.3210124671459198,0.31780704855918884,0.003205418586730957
final,14,block6.W2,10,16,0.393460214138031,0.3888363242149353,0.004623889923095703
final,14,block6.W2,11,16,0.4181275963783264,0.4158870279788971,0.0022405683994293213
final,14,block6.W2,12,16,0.4245748817920685,0.4254348576068878,0.0008599758148193359
final,14,block6.W2,13,16,0.45715266466140747,0.45775192975997925,0.0005992650985717773
final,14,block6.W2,14,16,0.5451481342315674,0.5396827459335327,0.005465388298034668
final,14,block6.W2,15,16,0.5195660591125488,0.518822431564331,0.0007436275482177734
final,14,block6.W2,16,16,0.43111172318458557,0.43654707074165344,0.005435347557067871
final,14,block6.W2,17,16,0.4893708825111389,0.48704293370246887,0.002327948808670044
final,14,block6.W2,18,16,0.49942249059677124,0.5035455822944641,0.004123091697692871
final,14,block6.W2,19,16,0.46336278319358826,0.45976465940475464,0.003598123788833618
final,14,block6.W2,20,16,0.4045647382736206,0.4062948226928711,0.0017300844192504883
final,14,block6.W2,21,16,0.6884170174598694,0.6873024106025696,0.0011146068572998047
final,14,block6.W2,22,16,0.3771527111530304,0.3753660023212433,0.0017867088317871094
final,14,block6.W2,23,16,0.39432862401008606,0.3952866196632385,0.0009579956531524658
final,14,block6.W2,24,16,0.3909247815608978,0.3905177712440491,0.0004070103168487549
final,14,block6.W2,25,16,0.5886675119400024,0.5852712392807007,0.003396272659301758
final,14,block6.W2,26,16,0.42432916164398193,0.4230496883392334,0.0012794733047485352
final,14,block6.W2,27,16,0.4738818109035492,0.4743114113807678,0.00042960047721862793
final,14,block6.W2,28,16,0.546316921710968,0.5441724061965942,0.0021445155143737793
final,14,block6.W2,29,16,0.5855023860931396,0.5777677893638611,0.0077345967292785645
final,14,block6.W2,30,16,0.3677203059196472,0.3673107922077179,0.0004095137119293213
final,14,block6.W2,31,16,0.4789630174636841,0.4794194996356964,0.0004564821720123291
final,14,block6.W2,32,16,0.6479894518852234,0.6527463793754578,0.004756927490234375
final,14,block6.W2,33,16,0.4589177072048187,0.45855987071990967,0.0003578364849090576
final,14,block6.W2,34,16,0.48721233010292053,0.4887349307537079,0.0015226006507873535
final,14,block6.W2,35,16,0.41529929637908936,0.4128451943397522,0.002454102039337158
final,14,block6.W2,36,16,0.4142305254936218,0.41814473271369934,0.003914207220077515
final,14,block6.W2,37,16,0.381757915019989,0.38411206007003784,0.002354145050048828
final,14,block6.W2,38,16,0.4370691180229187,0.4375230073928833,0.0004538893699645996
final,14,block6.W2,39,16,0.5452378988265991,0.5470049977302551,0.0017670989036560059
final,14,block6.W2,40,16,0.45053309202194214,0.4531618654727936,0.0026287734508514404
final,14,block6.W2,41,16,0.5377907752990723,0.5339491367340088,0.0038416385650634766
final,14,block6.W2,42,16,0.409730464220047,0.40835264325141907,0.0013778209686279297
final,14,block6.W2,43,16,0.5011707544326782,0.5030041933059692,0.0018334388732910156
final,14,block6.W2,44,16,0.5129155516624451,0.5094708204269409,0.0034447312355041504
final,14,block6.W2,45,16,0.44185832142829895,0.44356024265289307,0.0017019212245941162
final,14,block6.W2,46,16,0.4337010383605957,0.43070635199546814,0.0029946863651275635
final,14,block6.W2,47,16,0.5865877270698547,0.588871955871582,0.002284228801727295
final,14,block6.W2,48,16,0.42922142148017883,0.4238510727882385,0.005370348691940308
final,14,block6.W2,49,16,0.45241737365722656,0.44907915592193604,0.0033382177352905273
final,14,block6.W2,50,16,0.5152462720870972,0.5179001092910767,0.002653837203979492
final,14,block6.W2,51,16,0.4508220851421356,0.4521982669830322,0.0013761818408966064
final,14,block6.W2,52,16,0.4969189465045929,0.4960021376609802,0.0009168088436126709
final,14,block6.W2,53,16,0.45902931690216064,0.45767879486083984,0.0013505220413208008
final,14,block6.W2,54,16,0.41998183727264404,0.4203266501426697,0.00034481287002563477
final,14,block6.W2,55,16,0.43175384402275085,0.43200457096099854,0.00025072693824768066
final,14,block6.W2,56,16,0.48818790912628174,0.4887504279613495,0.000562518835067749
final,14,block6.W2,57,16,0.46239688992500305,0.4557776153087616,0.006619274616241455
final,14,block6.W2,58,16,0.49475106596946716,0.49193432927131653,0.0028167366981506348
final,14,block6.W2,59,16,0.559190571308136,0.5586567521095276,0.0005338191986083984
final,14,block6.W2,60,16,0.5329112410545349,0.5357916951179504,0.0028804540634155273
final,14,block6.W2,61,16,0.36465543508529663,0.36927202343940735,0.004616588354110718
final,14,block6.W2,62,16,0.4165791869163513,0.4183882772922516,0.0018090903759002686
final,14,block6.W2,63,16,0.3040933609008789,0.3052850067615509,0.001191645860671997
final,15,block7.W1,0,16,0.45056021213531494,0.44849979877471924,0.002060413360595703
final,15,block7.W1,1,16,0.44861486554145813,0.44784289598464966,0.0007719695568084717
final,15,block7.W1,2,16,0.439927875995636,0.43878474831581116,0.001143127679824829
final,15,block7.W1,3,16,0.5030826926231384,0.5000954270362854,0.0029872655868530273
final,15,block7.W1,4,16,0.5577337145805359,0.5554536581039429,0.0022800564765930176
final,15,block7.W1,5,16,0.4706365168094635,0.4713621437549591,0.0007256269454956055
final,15,block7.W1,6,16,0.4661121368408203,0.4655695855617523,0.0005425512790679932
final,15,block7.W1,7,16,0.4293777346611023,0.43098244071006775,0.001604706048965454
final,15,block7.W1,8,16,0.45401522517204285,0.4494248926639557,0.004590332508087158
final,15,block7.W1,9,16,0.3919914662837982,0.39008405804634094,0.0019074082374572754
final,15,block7.W1,10,16,0.4379980266094208,0.4362747073173523,0.0017233192920684814
final,15,block7.W1,11,16,0.40699517726898193,0.4088345170021057,0.0018393397331237793
final,15,block7.W1,12,16,0.3724801540374756,0.37474510073661804,0.002264946699142456
final,15,block7.W1,13,16,0.5328962206840515,0.5322643518447876,0.000631868839263916
final,15,block7.W1,14,16,0.3710390329360962,0.3726407289505005,0.0016016960144042969
final,15,block7.W1,15,16,0.40594014525413513,0.40153396129608154,0.004406183958053589
final,15,block7.W1,16,16,0.49052637815475464,0.48987075686454773,0.0006556212902069092
final,15,block7.W1,17,16,0.44340527057647705,0.44341832399368286,1.3053417205810547e-05
final,15,block7.W1,18,16,0.5261281728744507,0.5271481871604919,0.0010200142860412598
final,15,block7.W1,19,16,0.5251600742340088,0.5282909274101257,0.0031308531761169434
final,15,block7.W1,20,16,0.47038546204566956,0.4689686596393585,0.0014168024063110352
final,15,block7.W1,21,16,0.506857693195343,0.5096432566642761,0.0027855634689331055
final,15,block7.W1,22,16,0.4716280698776245,0.4710935652256012,0.0005345046520233154
final,15,block7.W1,23,16,0.5626896023750305,0.562079668045044,0.0006099343299865723
final,15,block7.W1,24,16,0.522210419178009,0.5209330916404724,0.001277327537536621
final,15,block7.W1,25,16,0.3699057996273041,0.3708721399307251,0.0009663403034210205
final,15,block7.W1,26,16,0.4617674648761749,0.4639590382575989,0.00219157338142395
final,15,block7.W1,27,16,0.36281460523605347,0.36501574516296387,0.0022011399269104004
final,15,block7.W1,28,16,0.49019062519073486,0.49076178669929504,0.0005711615085601807
final,15,block7.W1,29,16,0.4579690992832184,0.45832833647727966,0.0003592371940612793
final,15,block7.W1,30,16,0.46100595593452454,0.4592520594596863,0.0017538964748382568
final,15,block7.W1,31,16,0.4699687957763672,0.4684343636035919,0.0015344321727752686
final,15,block7.W1,32,16,0.4658815860748291,0.4673205018043518,0.001438915729522705
final,15,block7.W1,33,16,0.42741644382476807,0.427480012178421,6.35683536529541e-05
final,15,block7.W1,34,16,0.3886467218399048,0.3884229362010956,0.0002237856388092041
final,15,block7.W1,35,16,0.4891990125179291,0.4930286407470703,0.0038296282291412354
final,15,block7.W1,36,16,0.5594761967658997,0.5557771921157837,0.003699004650115967
final,15,block7.W1,37,16,0.49063482880592346,0.4899245500564575,0.0007102787494659424
final,15,block7.W1,38,16,0.4593457579612732,0.46158522367477417,0.0022394657135009766
final,15,block7.W1,39,16,0.4550066292285919,0.4534173309803009,0.0015892982482910156
final,15,block7.W1,40,16,0.40347275137901306,0.40145143866539,0.002021312713623047
final,15,block7.W1,41,16,0.3692258298397064,0.37046438455581665,0.0012385547161102295
final,15,block7.W1,42,16,0.3935905396938324,0.39280715584754944,0.000783383846282959
final,15,block7.W1,43,16,0.41345465183258057,0.414882630109787,0.001427978277206421
final,15,block7.W1,44,16,0.46226322650909424,0.46267035603523254,0.00040712952613830566
final,15,block7.W1,45,16,0.518913984298706,0.517890989780426,0.0010229945182800293
final,15,block7.W1,46,16,0.5118700861930847,0.5142662525177002,0.0023961663246154785
final,15,block7.W1,47,16,0.42502933740615845,0.4290114641189575,0.003982126712799072
final,15,block7.W1,48,16,0.43889564275741577,0.4383281171321869,0.0005675256252288818
final,15,block7.W1,49,16,0.5042961835861206,0.5021652579307556,0.0021309256553649902
final,15,block7.W1,50,16,0.46573856472969055,0.4673477113246918,0.0016091465950012207
final,15,block7.W1,51,16,0.48724624514579773,0.48758235573768616,0.00033611059188842773
final,15,block7.W1,52,16,0.4986971616744995,0.500964879989624,0.0022677183151245117
final,15,block7.W1,53,16,0.4766004979610443,0.4743940532207489,0.00220644474029541
final,15,block7.W1,54,16,0.5573742389678955,0.5608073472976685,0.0034331083297729492
final,15,block7.W1,55,16,0.4566521942615509,0.4508307874202728,0.005821406841278076
final,15,block7.W1,56,16,0.5043870806694031,0.5032576322555542,0.001129448413848877
final,15,block7.W1,57,16,0.4425559341907501,0.4385245144367218,0.00403141975402832
final,15,block7.W1,58,16,0.5596275329589844,0.5571463704109192,0.0024811625480651855
final,15,block7.W1,59,16,0.43792974948883057,0.4400562644004822,0.0021265149116516113
final,15,block7.W1,60,16,0.4489005208015442,0.4462939202785492,0.002606600522994995
final,15,block7.W1,61,16,0.44505009055137634,0.4451500475406647,9.995698928833008e-05
final,15,block7.W1,62,16,0.3666078746318817,0.36428236961364746,0.002325505018234253
final,15,block7.W1,63,16,0.45490941405296326,0.4556148648262024,0.0007054507732391357
final,16,block7.W2,0,16,0.423779159784317,0.4186895787715912,0.00508958101272583
final,16,block7.W2,1,16,0.4794567823410034,0.47910448908805847,0.0003522932529449463
final,16,block7.W2,2,16,0.3827413320541382,0.38381269574165344,0.0010713636875152588
final,16,block7.W2,3,16,0.5840966105461121,0.5790718197822571,0.0050247907638549805
final,16,block7.W2,4,16,0.43720027804374695,0.4350229501724243,0.002177327871322632
final,16,block7.W2,5,16,0.44309958815574646,0.4400007426738739,0.0030988454818725586
final,16,block7.W2,6,16,0.5306345224380493,0.5288901329040527,0.001744389533996582
final,16,block7.W2,7,16,0.4739609360694885,0.47422370314598083,0.00026276707649230957
final,16,block7.W2,8,16,0.5668945908546448,0.5650542974472046,0.0018402934074401855
final,16,block7.W2,9,16,0.5677470564842224,0.5702635049819946,0.002516448497772217
final,16,block7.W2,10,16,0.4147898256778717,0.41618314385414124,0.0013933181762695312
final,16,block7.W2,11,16,0.466837614774704,0.47450926899909973,0.007671654224395752
final,16,block7.W2,12,16,0.4092322289943695,0.40747618675231934,0.001756042242050171
final,16,block7.W2,13,16,0.6799434423446655,0.6766428351402283,0.003300607204437256
final,16,block7.W2,14,16,0.48348546028137207,0.48538216948509216,0.0018967092037200928
final,16,block7.W2,15,16,0.4713824689388275,0.4723300635814667,0.0009475946426391602
final,16,block7.W2,16,16,0.4542093873023987,0.45673608779907227,0.002526700496673584
final,16,block7.W2,17,16,0.5070491433143616,0.5094389319419861,0.0023897886276245117
final,16,block7.W2,18,16,0.47259005904197693,0.47012969851493835,0.0024603605270385742
final,16,block7.W2,19,16,0.41994208097457886,0.4229028522968292,0.002960771322250366
final,16,block7.W2,20,16,0.6007664203643799,0.6015818119049072,0.0008153915405273438
final,16,block7.W2,21,16,0.5501253604888916,0.560628354549408,0.010502994060516357
final,16,block7.W2,22,16,0.4215448796749115,0.42189377546310425,0.000348895788192749
final,16,block7.W2,23,16,0.5614316463470459,0.563380241394043,0.0019485950469970703
final,16,block7.W2,24,16,0.4251907765865326,0.4260614812374115,0.0008707046508789062
final,16,block7.W2,25,16,0.4874792993068695,0.48670074343681335,0.0007785558700561523
final,16,block7.W2,26,16,0.3914353549480438,0.39328518509864807,0.001849830150604248
final,16,block7.W2,27,16,0.4123891592025757,0.4130784273147583,0.0006892681121826172
final,16,block7.W2,28,16,0.3538515567779541,0.35540515184402466,0.0015535950660705566
final,16,block7.W2,29,16,0.3809540867805481,0.3781639337539673,0.0027901530265808105
final,16,block7.W2,30,16,0.46786898374557495,0.4661601483821869,0.0017088353633880615
final,16,block7.W2,31,16,0.3641316294670105,0.36594220995903015,0.0018105804920196533
final,16,block7.W2,32,16,0.4593695402145386,0.4578615128993988,0.0015080273151397705
final,16,block7.W2,33,16,0.43560612201690674,0.43510884046554565,0.000497281551361084
final,16,block7.W2,34,16,0.5801371335983276,0.5787418484687805,0.0013952851295471191
final,16,block7.W2,35,16,0.39103537797927856,0.39070117473602295,0.00033420324325561523
final,16,block7.W2,36,16,0.3662041425704956,0.36156657338142395,0.004637569189071655
final,16,block7.W2,37,16,0.5981807112693787,0.6039904356002808,0.0058097243309021
final,16,block7.W2,38,16,0.40683263540267944,0.4058992564678192,0.0009333789348602295
final,16,block7.W2,39,16,0.49203911423683167,0.486729234457016,0.005309879779815674
final,16,block7.W2,40,16,0.4914788007736206,0.4928411841392517,0.0013623833656311035
final,16,block7.W2,41,16,0.4834139943122864,0.4830028712749481,0.00041112303733825684
final,16,block7.W2,42,16,0.4214481711387634,0.4194159209728241,0.002032250165939331
final,16,block7.W2,43,16,0.3913012444972992,0.39336973428726196,0.0020684897899627686
final,16,block7.W2,44,16,0.4145756661891937,0.41670307517051697,0.002127408981323242
final,16,block7.W2,45,16,0.478369802236557,0.47792091965675354,0.0004488825798034668
final,16,block7.W2,46,16,0.42111632227897644,0.42030683159828186,0.0008094906806945801
final,16,block7.W2,47,16,0.4236975610256195,0.42085030674934387,0.0028472542762756348
final,16,block7.W2,48,16,0.5085083246231079,0.5087956786155701,0.0002873539924621582
final,16,block7.W2,49,16,0.4853843152523041,0.48660364747047424,0.001219332218170166
final,16,block7.W2,50,16,0.4945433437824249,0.4958004355430603,0.001257091760635376
final,16,block7.W2,51,16,0.48710739612579346,0.4870043992996216,0.000102996826171875
final,16,block7.W2,52,16,0.4522640109062195,0.44934961199760437,0.0029143989086151123
final,16,block7.W2,53,16,0.370116651058197,0.37434810400009155,0.004231452941894531
final,16,block7.W2,54,16,0.3746034502983093,0.3748728334903717,0.00026938319206237793
final,16,block7.W2,55,16,0.5380018353462219,0.5366993546485901,0.001302480697631836
final,16,block7.W2,56,16,0.4807344377040863,0.4794645309448242,0.001269906759262085
final,16,block7.W2,57,16,0.42760032415390015,0.4286639392375946,0.001063615083694458
final,16,block7.W2,58,16,0.49429574608802795,0.49638044834136963,0.002084702253341675
final,16,block7.W2,59,16,0.4667735695838928,0.4684278964996338,0.0016543269157409668
final,16,block7.W2,60,16,0.41185590624809265,0.4125930666923523,0.0007371604442596436
final,16,block7.W2,61,16,0.43361204862594604,0.4314539432525635,0.0021581053733825684
final,16,block7.W2,62,16,0.44195058941841125,0.44173258543014526,0.0002180039882659912
final,16,block7.W2,63,16,0.4638693034648895,0.46326887607574463,0.0006004273891448975
final,17,block8.W1,0,16,0.5469459295272827,0.54488605260849,0.0020598769187927246
final,17,block8.W1,1,16,0.5489705204963684,0.5459262728691101,0.0030442476272583008
final,17,block8.W1,2,16,0.5448501110076904,0.5457369685173035,0.0008868575096130371
final,17,block8.W1,3,16,0.4337650239467621,0.4349122941493988,0.0011472702026367188
final,17,block8.W1,4,16,0.529841959476471,0.5318396091461182,0.001997649669647217
final,17,block8.W1,5,16,0.5257269144058228,0.524674117565155,0.0010527968406677246
final,17,block8.W1,6,16,0.5705716609954834,0.5709051489830017,0.00033348798751831055
final,17,block8.W1,7,16,0.6036403775215149,0.6032565832138062,0.00038379430770874023
final,17,block8.W1,8,16,0.41494089365005493,0.41414475440979004,0.0007961392402648926
final,17,block8.W1,9,16,0.4514395594596863,0.4494752883911133,0.001964271068572998
final,17,block8.W1,10,16,0.3769006133079529,0.3755742609500885,0.0013263523578643799
final,17,block8.W1,11,16,0.45333150029182434,0.45263344049453735,0.0006980597972869873
final,17,block8.W1,12,16,0.3774913251399994,0.3800438940525055,0.0025525689125061035
final,17,block8.W1,13,16,0.3798368275165558,0.37919098138809204,0.0006458461284637451
final,17,block8.W1,14,16,0.48276805877685547,0.4806055426597595,0.0021625161170959473
final,17,block8.W1,15,16,0.3579784333705902,0.3582186698913574,0.00024023652076721191
final,17,block8.W1,16,16,0.4533579349517822,0.45088431239128113,0.0024736225605010986
final,17,block8.W1,17,16,0.5215365290641785,0.5246283411979675,0.0030918121337890625
final,17,block8.W1,18,16,0.452459454536438,0.4498927593231201,0.002566695213317871
final,17,block8.W1,19,16,0.3913329243659973,0.3929603099822998,0.0016273856163024902
final,17,block8.W1,20,16,0.554298460483551,0.5560823082923889,0.0017838478088378906
final,17,block8.W1,21,16,0.47499099373817444,0.4799986183643341,0.005007624626159668
final,17,block8.W1,22,16,0.3864479064941406,0.38871169090270996,0.002263784408569336
final,17,block8.W1,23,16,0.5776967406272888,0.5749790668487549,0.0027176737785339355
final,17,block8.W1,24,16,0.5199536085128784,0.5226117372512817,0.0026581287384033203
final,17,block8.W1,25,16,0.5454462766647339,0.5404950976371765,0.004951179027557373
final,17,block8.W1,26,16,0.4726390242576599,0.4708492159843445,0.0017898082733154297
final,17,block8.W1,27,16,0.36087924242019653,0.36057817935943604,0.00030106306076049805
final,17,block8.W1,28,16,0.41613417863845825,0.41456761956214905,0.001566559076309204
final,17,block8.W1,29,16,0.441471666097641,0.4379177987575531,0.0035538673400878906
final,17,block8.W1,30,16,0.4305892586708069,0.43072935938835144,0.00014010071754455566
final,17,block8.W1,31,16,0.41095784306526184,0.40872710943222046,0.002230733633041382
final,17,block8.W1,32,16,0.382233202457428,0.3827313780784607,0.0004981756210327148
final,17,block8.W1,33,16,0.4320636987686157,0.4312324821949005,0.00083121657371521
final,17,block8.W1,34,16,0.5020462870597839,0.5013295412063599,0.0007167458534240723
final,17,block8.W1,35,16,0.5768977403640747,0.5725864768028259,0.004311263561248779
final,17,block8.W1,36,16,0.5593627691268921,0.5577444434165955,0.0016183257102966309
final,17,block8.W1,37,16,0.47519591450691223,0.4755098223686218,0.0003139078617095947
final,17,block8.W1,38,16,0.41344308853149414,0.41461655497550964,0.001173466444015503
final,17,block8.W1,39,16,0.4284805953502655,0.43034273386001587,0.0018621385097503662
final,17,block8.W1,40,16,0.45952242612838745,0.46124139428138733,0.001718968152999878
final,17,block8.W1,41,16,0.4791657030582428,0.4804852604866028,0.0013195574283599854
final,17,block8.W1,42,16,0.4176466763019562,0.41902580857276917,0.0013791322708129883
final,17,block8.W1,43,16,0.4758414030075073,0.4778625965118408,0.002021193504333496
final,17,block8.W1,44,16,0.4387456774711609,0.4363791346549988,0.0023665428161621094
final,17,block8.W1,45,16,0.364621102809906,0.3650627136230469,0.00044161081314086914
final,17,block8.W1,46,16,0.42743486166000366,0.42962881922721863,0.002193957567214966
final,17,block8.W1,47,16,0.5079095363616943,0.5114318132400513,0.0035222768783569336
final,17,block8.W1,48,16,0.38402342796325684,0.38123032450675964,0.0027931034564971924
final,17,block8.W1,49,16,0.46718981862068176,0.4674513339996338,0.00026151537895202637
final,17,block8.W1,50,16,0.4233812391757965,0.42182981967926025,0.0015514194965362549
final,17,block8.W1,51,16,0.4730977416038513,0.4744797348976135,0.001381993293762207
final,17,block8.W1,52,16,0.3833107650279999,0.38055315613746643,0.0027576088905334473
final,17,block8.W1,53,16,0.5586360692977905,0.5582178831100464,0.0004181861877441406
final,17,block8.W1,54,16,0.39697059988975525,0.39990365505218506,0.0029330551624298096
final,17,block8.W1,55,16,0.5145791172981262,0.5163328051567078,0.001753687858581543
final,17,block8.W1,56,16,0.44997870922088623,0.45030805468559265,0.0003293454647064209
final,17,block8.W1,57,16,0.44002750515937805,0.44419750571250916,0.0041700005531311035
final,17,block8.W1,58,16,0.5641372203826904,0.5604278445243835,0.0037093758583068848
final,17,block8.W1,59,16,0.4611475169658661,0.45763257145881653,0.0035149455070495605
final,17,block8.W1,60,16,0.5670097470283508,0.5611387491226196,0.005870997905731201
final,17,block8.W1,61,16,0.5150659084320068,0.5125867128372192,0.0024791955947875977
final,17,block8.W1,62,16,0.534045398235321,0.534920871257782,0.0008754730224609375
final,17,block8.W1,63,16,0.42792490124702454,0.4317004382610321,0.0037755370140075684
final,18,block8.W2,0,16,0.4401225447654724,0.4369531273841858,0.003169417381286621
final,18,block8.W2,1,16,0.45513033866882324,0.4555012583732605,0.00037091970443725586
final,18,block8.W2,2,16,0.5678061842918396,0.5675390362739563,0.0002671480178833008
final,18,block8.W2,3,16,0.3439925014972687,0.34481415152549744,0.0008216500282287598
final,18,block8.W2,4,16,0.44809842109680176,0.44576457142829895,0.0023338496685028076
final,18,block8.W2,5,16,0.45572036504745483,0.45511671900749207,0.0006036460399627686
final,18,block8.W2,6,16,0.48675304651260376,0.4850730895996094,0.0016799569129943848
final,18,block8.W2,7,16,0.4340849220752716,0.4349224865436554,0.0008375644683837891
final,18,block8.W2,8,16,0.5405035018920898,0.54244464635849,0.0019411444664001465
final,18,block8.W2,9,16,0.4184567630290985,0.4180356562137604,0.00042110681533813477
final,18,block8.W2,10,16,0.36143022775650024,0.36189714074134827,0.00046691298484802246
final,18,block8.W2,11,16,0.5514551401138306,0.5483246445655823,0.003130495548248291
final,18,block8.W2,12,16,0.46727386116981506,0.4675200283527374,0.0002461671829223633
final,18,block8.W2,13,16,0.45273739099502563,0.4527488350868225,1.1444091796875e-05
final,18,block8.W2,14,16,0.46961742639541626,0.4696499705314636,3.254413604736328e-05
final,18,block8.W2,15,16,0.543170690536499,0.5401896834373474,0.0029810070991516113
final,18,block8.W2,16,16,0.4027884304523468,0.4032558798789978,0.000467449426651001
final,18,block8.W2,17,16,0.4437420070171356,0.441739559173584,0.0020024478435516357
final,18,block8.W2,18,16,0.44547221064567566,0.4445978105068207,0.0008744001388549805
final,18,block8.W2,19,16,0.5892047882080078,0.5827686190605164,0.006436169147491455
final,18,block8.W2,20,16,0.5253626704216003,0.5257042646408081,0.00034159421920776367
final,18,block8.W2,21,16,0.5283888578414917,0.5287998914718628,0.00041103363037109375
final,18,block8.W2,22,16,0.5826981663703918,0.5862107872962952,0.0035126209259033203
final,18,block8.W2,23,16,0.5761581063270569,0.5804620385169983,0.004303932189941406
final,18,block8.W2,24,16,0.5068355798721313,0.5022016167640686,0.004633963108062744
final,18,block8.W2,25,16,0.4300622045993805,0.42922067642211914,0.0008415281772613525
final,18,block8.W2,26,16,0.4547409117221832,0.45185309648513794,0.002887815237045288
final,18,block8.W2,27,16,0.4130963981151581,0.4142371416091919,0.0011407434940338135
final,18,block8.W2,28,16,0.38076046109199524,0.3812685012817383,0.000508040189743042
final,18,block8.W2,29,16,0.416731059551239,0.4200875759124756,0.0033565163612365723
final,18,block8.W2,30,16,0.48448750376701355,0.4863281548023224,0.0018406510353088379
final,18,block8.W2,31,16,0.5560058951377869,0.5485072135925293,0.007498681545257568
final,18,block8.W2,32,16,0.5076691508293152,0.506706953048706,0.0009621977806091309
final,18,block8.W2,33,16,0.4027809798717499,0.4031898081302643,0.0004088282585144043
final,18,block8.W2,34,16,0.3451201617717743,0.34637922048568726,0.0012590587139129639
final,18,block8.W2,35,16,0.5387744307518005,0.539995551109314,0.0012211203575134277
final,18,block8.W2,36,16,0.41494515538215637,0.4141467809677124,0.0007983744144439697
final,18,block8.W2,37,16,0.5744508504867554,0.5757362246513367,0.0012853741645812988
final,18,block8.W2,38,16,0.39780193567276,0.39684218168258667,0.0009597539901733398
final,18,block8.W2,39,16,0.43802642822265625,0.4402357041835785,0.002209275960922241
final,18,block8.W2,40,16,0.4947853684425354,0.49103352427482605,0.0037518441677093506
final,18,block8.W2,41,16,0.5781753659248352,0.5804034471511841,0.002228081226348877
final,18,block8.W2,42,16,0.4102954566478729,0.4140065908432007,0.003711134195327759
final,18,block8.W2,43,16,0.403982937335968,0.40266430377960205,0.0013186335563659668
final,18,block8.W2,44,16,0.5646775960922241,0.561046302318573,0.003631293773651123
final,18,block8.W2,45,16,0.45410826802253723,0.4541270434856415,1.8775463104248047e-05
final,18,block8.W2,46,16,0.3683871030807495,0.3664303123950958,0.0019567906856536865
final,18,block8.W2,47,16,0.40123024582862854,0.40156465768814087,0.0003344118595123291
final,18,block8.W2,48,16,0.46556609869003296,0.45957568287849426,0.005990415811538696
final,18,block8.W2,49,16,0.566447913646698,0.5677537322044373,0.0013058185577392578
final,18,block8.W2,50,16,0.41025808453559875,0.40887123346328735,0.0013868510723114014
final,18,block8.W2,51,16,0.5437893867492676,0.5432122945785522,0.000577092170715332
final,18,block8.W2,52,16,0.4686307907104492,0.467542439699173,0.0010883510112762451
final,18,block8.W2,53,16,0.3787219226360321,0.3805268406867981,0.0018049180507659912
final,18,block8.W2,54,16,0.5714452862739563,0.5735043883323669,0.0020591020584106445
final,18,block8.W2,55,16,0.4631853401660919,0.4627230167388916,0.0004623234272003174
final,18,block8.W2,56,16,0.506978452205658,0.5115553140640259,0.00457686185836792
final,18,block8.W2,57,16,0.5820222496986389,0.5828285217285156,0.000806272029876709
final,18,block8.W2,58,16,0.45911362767219543,0.4600497782230377,0.0009361505508422852
final,18,block8.W2,59,16,0.5041294693946838,0.5039056539535522,0.0002238154411315918
final,18,block8.W2,60,16,0.3964112102985382,0.39342132210731506,0.0029898881912231445
final,18,block8.W2,61,16,0.48979610204696655,0.4857243001461029,0.0040718019008636475
final,18,block8.W2,62,16,0.5202228426933289,0.5148482918739319,0.005374550819396973
final,18,block8.W2,63,16,0.4360148012638092,0.4374062716960907,0.0013914704322814941
final,19,block9.W1,0,16,0.4324437379837036,0.43541833758354187,0.002974599599838257
final,19,block9.W1,1,16,0.4814685583114624,0.48281916975975037,0.0013506114482879639
final,19,block9.W1,2,16,0.48303455114364624,0.4859653115272522,0.002930760383605957
final,19,block9.W1,3,16,0.4670146703720093,0.4668009281158447,0.00021374225616455078
final,19,block9.W1,4,16,0.6819414496421814,0.6794455647468567,0.002495884895324707
final,19,block9.W1,5,16,0.5858246088027954,0.5889974236488342,0.0031728148460388184
final,19,block9.W1,6,16,0.42013201117515564,0.42439764738082886,0.004265636205673218
final,19,block9.W1,7,16,0.5316404700279236,0.5339756608009338,0.002335190773010254
final,19,block9.W1,8,16,0.36963120102882385,0.36877700686454773,0.000854194164276123
final,19,block9.W1,9,16,0.519344687461853,0.5162234306335449,0.0031212568283081055
final,19,block9.W1,10,16,0.37740030884742737,0.3775039613246918,0.0001036524772644043
final,19,block9.W1,11,16,0.4279426336288452,0.42311495542526245,0.004827678203582764
final,19,block9.W1,12,16,0.45726707577705383,0.45472031831741333,0.002546757459640503
final,19,block9.W1,13,16,0.5003933906555176,0.5036672353744507,0.0032738447189331055
final,19,block9.W1,14,16,0.5339552164077759,0.5371881723403931,0.0032329559326171875
final,19,block9.W1,15,16,0.5299705266952515,0.5290594696998596,0.0009110569953918457
final,19,block9.W1,16,16,0.39734533429145813,0.39617326855659485,0.0011720657348632812
final,19,block9.W1,17,16,0.5910500884056091,0.591667890548706,0.0006178021430969238
final,19,block9.W1,18,16,0.41263383626937866,0.41684576869010925,0.004211932420730591
final,19,block9.W1,19,16,0.4869191646575928,0.48509377241134644,0.0018253922462463379
final,19,block9.W1,20,16,0.4366230070590973,0.43536219000816345,0.0012608170509338379
final,19,block9.W1,21,16,0.5253466963768005,0.5242167711257935,0.00112992525100708
final,19,block9.W1,22,16,0.42695194482803345,0.43107107281684875,0.004119127988815308
final,19,block9.W1,23,16,0.5042915344238281,0.5060645341873169,0.0017729997634887695
final,19,block9.W1,24,16,0.4198019206523895,0.41834208369255066,0.0014598369598388672
final,19,block9.W1,25,16,0.5242099165916443,0.526638925075531,0.0024290084838867188
final,19,block9.W1,26,16,0.5109532475471497,0.5134318470954895,0.0024785995483398438
final,19,block9.W1,27,16,0.41730180382728577,0.4174814820289612,0.00017967820167541504
final,19,block9.W1,28,16,0.5163992047309875,0.5182560682296753,0.0018568634986877441
final,19,block9.W1,29,16,0.5041675567626953,0.504727840423584,0.0005602836608886719
final,19,block9.W1,30,16,0.39173465967178345,0.3897314965724945,0.0020031630992889404
final,19,block9.W1,31,16,0.5596047639846802,0.5617493987083435,0.00214463472366333
final,19,block9.W1,32,16,0.454177588224411,0.45646998286247253,0.0022923946380615234
final,19,block9.W1,33,16,0.3526267409324646,0.3543478548526764,0.001721113920211792
final,19,block9.W1,34,16,0.6133344769477844,0.6137145161628723,0.0003800392150878906
final,19,block9.W1,35,16,0.5300991535186768,0.5342549681663513,0.0041558146476745605
final,19,block9.W1,36,16,0.6226521134376526,0.6203622221946716,0.002289891242980957
final,19,block9.W1,37,16,0.5254688858985901,0.522649884223938,0.0028190016746520996
final,19,block9.W1,38,16,0.5151352286338806,0.514247477054596,0.000887751579284668
final,19,block9.W1,39,16,0.5322669148445129,0.5288493037223816,0.0034176111221313477
final,19,block9.W1,40,16,0.42682161927223206,0.4264026880264282,0.000418931245803833
final,19,block9.W1,41,16,0.38128426671028137,0.3796302080154419,0.0016540586948394775
final,19,block9.W1,42,16,0.5137863159179688,0.5188475847244263,0.0050612688064575195
final,19,block9.W1,43,16,0.4732927680015564,0.4732874631881714,5.304813385009766e-06
final,19,block9.W1,44,16,0.45841601490974426,0.45720839500427246,0.0012076199054718018
final,19,block9.W1,45,16,0.47678342461586,0.4766583740711212,0.00012505054473876953
final,19,block9.W1,46,16,0.4811289310455322,0.4779210686683655,0.003207862377166748
final,19,block9.W1,47,16,0.5414524078369141,0.541316568851471,0.00013583898544311523
final,19,block9.W1,48,16,0.5206527709960938,0.5206879377365112,3.516674041748047e-05
final,19,block9.W1,49,16,0.4176595211029053,0.4149031937122345,0.0027563273906707764
final,19,block9.W1,50,16,0.4158010482788086,0.4155890941619873,0.00021195411682128906
final,19,block9.W1,51,16,0.41150158643722534,0.40721970796585083,0.004281878471374512
final,19,block9.W1,52,16,0.47911062836647034,0.47806107997894287,0.0010495483875274658
final,19,block9.W1,53,16,0.47053492069244385,0.4671744406223297,0.0033604800701141357
final,19,block9.W1,54,16,0.3322167694568634,0.33018404245376587,0.002032727003097534
final,19,block9.W1,55,16,0.4699724614620209,0.4697783887386322,0.00019407272338867188
final,19,block9.W1,56,16,0.5299783945083618,0.5337671041488647,0.0037887096405029297
final,19,block9.W1,57,16,0.5182685852050781,0.5191339254379272,0.0008653402328491211
final,19,block9.W1,58,16,0.541812539100647,0.5414661765098572,0.0003463625907897949
final,19,block9.W1,59,16,0.5474157333374023,0.547873854637146,0.00045812129974365234
final,19,block9.W1,60,16,0.45813149213790894,0.4581727981567383,4.13060188293457e-05
final,19,block9.W1,61,16,0.47996896505355835,0.4783807098865509,0.0015882551670074463
final,19,block9.W1,62,16,0.4561556577682495,0.45191720128059387,0.00423845648765564
final,19,block9.W1,63,16,0.44242268800735474,0.4432477056980133,0.0008250176906585693
final,20,block9.W2,0,16,0.48498401045799255,0.48530420660972595,0.00032019615173339844
final,20,block9.W2,1,16,0.4932984709739685,0.49604952335357666,0.0027510523796081543
final,20,block9.W2,2,16,0.4408840835094452,0.4410368502140045,0.00015276670455932617
final,20,block9.W2,3,16,0.5470391511917114,0.5450817942619324,0.0019573569297790527
final,20,block9.W2,4,16,0.5771881341934204,0.5790703892707825,0.0018822550773620605
final,20,block9.W2,5,16,0.5385223627090454,0.5403123497962952,0.0017899870872497559
final,20,block9.W2,6,16,0.37685954570770264,0.3756718039512634,0.001187741756439209
final,20,block9.W2,7,16,0.3565537929534912,0.35771429538726807,0.0011605024337768555
final,20,block9.W2,8,16,0.31906992197036743,0.318684846162796,0.00038507580757141113
final,20,block9.W2,9,16,0.526860237121582,0.52735835313797,0.0004981160163879395
final,20,block9.W2,10,16,0.4756406545639038,0.47385546565055847,0.001785188913345337
final,20,block9.W2,11,16,0.43393266201019287,0.43467026948928833,0.000737607479095459
final,20,block9.W2,12,16,0.5236030220985413,0.5231382846832275,0.0004647374153137207
final,20,block9.W2,13,16,0.4896615743637085,0.49220141768455505,0.0025398433208465576
final,20,block9.W2,14,16,0.47477564215660095,0.4768308401107788,0.0020551979541778564
final,20,block9.W2,15,16,0.5559260845184326,0.5549268126487732,0.0009992718696594238
final,20,block9.W2,16,16,0.449622243642807,0.4482858180999756,0.001336425542831421
final,20,block9.W2,17,16,0.5619933009147644,0.5656850934028625,0.0036917924880981445
final,20,block9.W2,18,16,0.4320816993713379,0.43495455384254456,0.002872854471206665
final,20,block9.W2,19,16,0.46039697527885437,0.4637173116207123,0.00332033634185791
final,20,block9.W2,20,16,0.467343270778656,0.4679301083087921,0.0005868375301361084
final,20,block9.W2,21,16,0.48808228969573975,0.487701952457428,0.0003803372383117676
final,20,block9.W2,22,16,0.48120003938674927,0.48061245679855347,0.0005875825881958008
final,20,block9.W2,23,16,0.5934478044509888,0.5935859084129333,0.00013810396194458008
final,20,block9.W2,24,16,0.4444202482700348,0.44538068771362305,0.0009604394435882568
final,20,block9.W2,25,16,0.38946232199668884,0.38765421509742737,0.0018081068992614746
final,20,block9.W2,26,16,0.4778504967689514,0.47795504331588745,0.00010454654693603516
final,20,block9.W2,27,16,0.5915915369987488,0.5865700840950012,0.005021452903747559
final,20,block9.W2,28,16,0.5856650471687317,0.5870189666748047,0.001353919506072998
final,20,block9.W2,29,16,0.46002861857414246,0.45780494809150696,0.002223670482635498
final,20,block9.W2,30,16,0.43208667635917664,0.4314206838607788,0.0006659924983978271
final,20,block9.W2,31,16,0.41265785694122314,0.41384321451187134,0.0011853575706481934
final,20,block9.W2,32,16,0.48557525873184204,0.4823657274246216,0.003209531307220459
final,20,block9.W2,33,16,0.3785984218120575,0.3782323896884918,0.00036603212356567383
final,20,block9.W2,34,16,0.4610980749130249,0.4596676826477051,0.0014303922653198242
final,20,block9.W2,35,16,0.39358454942703247,0.3929821252822876,0.000602424144744873
final,20,block9.W2,36,16,0.43673697113990784,0.4352191090583801,0.00151786208152771
final,20,block9.W2,37,16,0.3993503153324127,0.39724570512771606,0.0021046102046966553
final,20,block9.W2,38,16,0.5251439213752747,0.5277891159057617,0.0026451945304870605
final,20,block9.W2,39,16,0.46192213892936707,0.4628536105155945,0.000931471586227417
final,20,block9.W2,40,16,0.404776930809021,0.4069598913192749,0.0021829605102539062
final,20,block9.W2,41,16,0.38126593828201294,0.3818812668323517,0.0006153285503387451
final,20,block9.W2,42,16,0.4361776113510132,0.4365817904472351,0.00040417909622192383
final,20,block9.W2,43,16,0.52419114112854,0.526204526424408,0.00201338529586792
final,20,block9.W2,44,16,0.4113047122955322,0.4133496880531311,0.002044975757598877
final,20,block9.W2,45,16,0.6895622611045837,0.6939781308174133,0.00441586971282959
final,20,block9.W2,46,16,0.5352672338485718,0.5390735268592834,0.00380629301071167
final,20,block9.W2,47,16,0.40178680419921875,0.39755162596702576,0.004235178232192993
final,20,block9.W2,48,16,0.42499610781669617,0.42414453625679016,0.0008515715599060059
final,20,block9.W2,49,16,0.4557470977306366,0.4570216238498688,0.0012745261192321777
final,20,block9.W2,50,16,0.4383877217769623,0.43658676743507385,0.0018009543418884277
final,20,block9.W2,51,16,0.5195084810256958,0.5207452774047852,0.0012367963790893555
final,20,block9.W2,52,16,0.5204755067825317,0.5201358199119568,0.00033968687057495117
final,20,block9.W2,53,16,0.4847608506679535,0.48369333148002625,0.001067519187927246
final,20,block9.W2,54,16,0.41570353507995605,0.4144696295261383,0.001233905553817749
final,20,block9.W2,55,16,0.5006395578384399,0.507283627986908,0.006644070148468018
final,20,block9.W2,56,16,0.4436231851577759,0.44273102283477783,0.0008921623229980469
final,20,block9.W2,57,16,0.5409104824066162,0.5426785349845886,0.0017680525779724121
final,20,block9.W2,58,16,0.5831370949745178,0.5816484093666077,0.0014886856079101562
final,20,block9.W2,59,16,0.43036699295043945,0.43171414732933044,0.0013471543788909912
final,20,block9.W2,60,16,0.5022217631340027,0.5008726119995117,0.0013491511344909668
final,20,block9.W2,61,16,0.4483897089958191,0.4481370449066162,0.00025266408920288086
final,20,block9.W2,62,16,0.4190688133239746,0.4211856722831726,0.002116858959197998
final,20,block9.W2,63,16,0.4602811932563782,0.46175864338874817,0.0014774501323699951
final,21,block10.W1,0,16,0.5680474042892456,0.5670463442802429,0.0010010600090026855
final,21,block10.W1,1,16,0.47829926013946533,0.479354590177536,0.0010553300380706787
final,21,block10.W1,2,16,0.45372775197029114,0.45528444647789,0.001556694507598877
final,21,block10.W1,3,16,0.5625361800193787,0.5582775473594666,0.004258632659912109
final,21,block10.W1,4,16,0.5645515322685242,0.5619929432868958,0.002558588981628418
final,21,block10.W1,5,16,0.39929306507110596,0.4003271758556366,0.0010341107845306396
final,21,block10.W1,6,16,0.4861682653427124,0.4857671856880188,0.0004010796546936035
final,21,block10.W1,7,16,0.4628632068634033,0.4611698091030121,0.0016933977603912354
final,21,block10.W1,8,16,0.46495237946510315,0.4634716808795929,0.001480698585510254
final,21,block10.W1,9,16,0.5309229493141174,0.5272412300109863,0.0036817193031311035
final,21,block10.W1,10,16,0.4491463303565979,0.449679434299469,0.0005331039428710938
final,21,block10.W1,11,16,0.49050167202949524,0.49091148376464844,0.00040981173515319824
final,21,block10.W1,12,16,0.5481491684913635,0.5452687740325928,0.002880394458770752
final,21,block10.W1,13,16,0.41598206758499146,0.41825225949287415,0.0022701919078826904
final,21,block10.W1,14,16,0.45678141713142395,0.45690611004829407,0.0001246929168701172
final,21,block10.W1,15,16,0.3858327269554138,0.3849424421787262,0.0008902847766876221
final,21,block10.W1,16,16,0.4925737679004669,0.49184176325798035,0.0007320046424865723
final,21,block10.W1,17,16,0.40546417236328125,0.40712594985961914,0.0016617774963378906
final,21,block10.W1,18,16,0.5429111123085022,0.5437509417533875,0.0008398294448852539
final,21,block10.W1,19,16,0.39016422629356384,0.3900437653064728,0.00012046098709106445
final,21,block10.W1,20,16,0.3969569802284241,0.39604291319847107,0.0009140670299530029
final,21,block10.W1,21,16,0.513359010219574,0.5154822468757629,0.002123236656188965
final,21,block10.W1,22,16,0.5973532795906067,0.5993149876594543,0.0019617080688476562
final,21,block10.W1,23,16,0.5711371898651123,0.5720001459121704,0.0008629560470581055
final,21,block10.W1,24,16,0.45607954263687134,0.4559999108314514,7.963180541992188e-05
final,21,block10.W1,25,16,0.558070182800293,0.556333601474762,0.0017365813255310059
final,21,block10.W1,26,16,0.46524468064308167,0.4662025570869446,0.000957876443862915
final,21,block10.W1,27,16,0.6655810475349426,0.6673320531845093,0.0017510056495666504
final,21,block10.W1,28,16,0.4615408778190613,0.46012014150619507,0.001420736312866211
final,21,block10.W1,29,16,0.5049799680709839,0.5038366913795471,0.0011432766914367676
final,21,block10.W1,30,16,0.45697638392448425,0.4583892524242401,0.0014128684997558594
final,21,block10.W1,31,16,0.5134289860725403,0.5123772621154785,0.0010517239570617676
final,21,block10.W1,32,16,0.4438043534755707,0.44022130966186523,0.0035830438137054443
final,21,block10.W1,33,16,0.47242116928100586,0.47493892908096313,0.0025177597999572754
final,21,block10.W1,34,16,0.4452103078365326,0.4473739266395569,0.002163618803024292
final,21,block10.W1,35,16,0.49466636776924133,0.49068519473075867,0.003981173038482666
final,21,block10.W1,36,16,0.5235679149627686,0.5244694948196411,0.0009015798568725586
final,21,block10.W1,37,16,0.394443154335022,0.39448416233062744,4.100799560546875e-05
final,21,block10.W1,38,16,0.5288649797439575,0.528130054473877,0.0007349252700805664
final,21,block10.W1,39,16,0.4706019461154938,0.4710797369480133,0.00047779083251953125
final,21,block10.W1,40,16,0.5708796381950378,0.5718662738800049,0.000986635684967041
final,21,block10.W1,41,16,0.4654666781425476,0.466410368680954,0.0009436905384063721
final,21,block10.W1,42,16,0.7006097435951233,0.7010427713394165,0.0004330277442932129
final,21,block10.W1,43,16,0.6264203190803528,0.6245635151863098,0.0018568038940429688
final,21,block10.W1,44,16,0.39938846230506897,0.40086182951927185,0.0014733672142028809
final,21,block10.W1,45,16,0.4582299590110779,0.45916318893432617,0.000933229923248291
final,21,block10.W1,46,16,0.47798585891723633,0.4798421859741211,0.0018563270568847656
final,21,block10.W1,47,16,0.47582730650901794,0.4763968586921692,0.0005695521831512451
final,21,block10.W1,48,16,0.505598783493042,0.5054294466972351,0.00016933679580688477
final,21,block10.W1,49,16,0.47403275966644287,0.4774628281593323,0.0034300684928894043
final,21,block10.W1,50,16,0.43053480982780457,0.4308162033557892,0.00028139352798461914
final,21,block10.W1,51,16,0.4410163164138794,0.4407866895198822,0.00022962689399719238
final,21,block10.W1,52,16,0.48406440019607544,0.4858349859714508,0.0017705857753753662
final,21,block10.W1,53,16,0.49247807264328003,0.4929462969303131,0.00046822428703308105
final,21,block10.W1,54,16,0.4753720164299011,0.4766322672367096,0.0012602508068084717
final,21,block10.W1,55,16,0.4601586163043976,0.45949551463127136,0.0006631016731262207
final,21,block10.W1,56,16,0.4312349855899811,0.4337345063686371,0.002499520778656006
final,21,block10.W1,57,16,0.4184538424015045,0.4177605211734772,0.0006933212280273438
final,21,block10.W1,58,16,0.5101730227470398,0.5110604166984558,0.0008873939514160156
final,21,block10.W1,59,16,0.49122753739356995,0.49460774660110474,0.00338020920753479
final,21,block10.W1,60,16,0.38840484619140625,0.38768523931503296,0.000719606876373291
final,21,block10.W1,61,16,0.4255847930908203,0.42485058307647705,0.0007342100143432617
final,21,block10.W1,62,16,0.4947502613067627,0.5005525946617126,0.005802333354949951
final,21,block10.W1,63,16,0.5038490295410156,0.5025374293327332,0.0013116002082824707
final,22,block10.W2,0,16,0.5671869516372681,0.5675787329673767,0.0003917813301086426
final,22,block10.W2,1,16,0.4508581757545471,0.45284757018089294,0.001989394426345825
final,22,block10.W2,2,16,0.5074561834335327,0.5102553367614746,0.0027991533279418945
final,22,block10.W2,3,16,0.5325276255607605,0.5303362607955933,0.0021913647651672363
final,22,block10.W2,4,16,0.42080551385879517,0.4162783920764923,0.0045271217823028564
final,22,block10.W2,5,16,0.6882023811340332,0.6928833723068237,0.004680991172790527
final,22,block10.W2,6,16,0.4740752577781677,0.47542858123779297,0.0013533234596252441
final,22,block10.W2,7,16,0.5358186960220337,0.5351098775863647,0.0007088184356689453
final,22,block10.W2,8,16,0.4418424367904663,0.43880796432495117,0.0030344724655151367
final,22,block10.W2,9,16,0.4668959379196167,0.468343049287796,0.0014471113681793213
final,22,block10.W2,10,16,0.44011348485946655,0.4416082799434662,0.0014947950839996338
final,22,block10.W2,11,16,0.44252434372901917,0.44085538387298584,0.0016689598560333252
final,22,block10.W2,12,16,0.39732083678245544,0.39672693610191345,0.0005939006805419922
final,22,block10.W2,13,16,0.4230589270591736,0.4228563606739044,0.00020256638526916504
final,22,block10.W2,14,16,0.5587866902351379,0.5575522184371948,0.0012344717979431152
final,22,block10.W2,15,16,0.41881269216537476,0.4209737777709961,0.002161085605621338
final,22,block10.W2,16,16,0.49227383732795715,0.49431589245796204,0.002042055130004883
final,22,block10.W2,17,16,0.3860783576965332,0.3852269947528839,0.000851362943649292
final,22,block10.W2,18,16,0.5050246119499207,0.5048747658729553,0.00014984607696533203
final,22,block10.W2,19,16,0.49177998304367065,0.4926271140575409,0.0008471310138702393
final,22,block10.W2,20,16,0.43060606718063354,0.4339310824871063,0.0033250153064727783
final,22,block10.W2,21,16,0.4888111352920532,0.49201077222824097,0.003199636936187744
final,22,block10.W2,22,16,0.3961814045906067,0.39873960614204407,0.002558201551437378
final,22,block10.W2,23,16,0.4113789498806,0.41203129291534424,0.0006523430347442627
final,22,block10.W2,24,16,0.35285675525665283,0.35135579109191895,0.0015009641647338867
final,22,block10.W2,25,16,0.48563674092292786,0.486175000667572,0.000538259744644165
final,22,block10.W2,26,16,0.3831290602684021,0.38308921456336975,3.984570503234863e-05
final,22,block10.W2,27,16,0.4357317388057709,0.43635329604148865,0.0006215572357177734
final,22,block10.W2,28,16,0.5498050451278687,0.5496172308921814,0.00018781423568725586
final,22,block10.W2,29,16,0.6111074090003967,0.6121627688407898,0.0010553598403930664
final,22,block10.W2,30,16,0.5401015281677246,0.5408235192298889,0.0007219910621643066
final,22,block10.W2,31,16,0.4713491201400757,0.47281724214553833,0.0014681220054626465
final,22,block10.W2,32,16,0.4758431315422058,0.47767573595046997,0.0018326044082641602
final,22,block10.W2,33,16,0.4122276306152344,0.4136541783809662,0.0014265477657318115
final,22,block10.W2,34,16,0.3257271945476532,0.32417091727256775,0.0015562772750854492
final,22,block10.W2,35,16,0.4337027668952942,0.433898389339447,0.00019562244415283203
final,22,block10.W2,36,16,0.558007001876831,0.5580072999000549,2.980232238769531e-07
final,22,block10.W2,37,16,0.4353621304035187,0.435027152299881,0.0003349781036376953
final,22,block10.W2,38,16,0.5006096959114075,0.5029416680335999,0.002331972122192383
final,22,block10.W2,39,16,0.45336124300956726,0.4521734416484833,0.0011878013610839844
final,22,block10.W2,40,16,0.47724953293800354,0.47734594345092773,9.641051292419434e-05
final,22,block10.W2,41,16,0.4615035355091095,0.4623705744743347,0.0008670389652252197
final,22,block10.W2,42,16,0.48062199354171753,0.47914358973503113,0.0014784038066864014
final,22,block10.W2,43,16,0.4632945656776428,0.46304887533187866,0.00024569034576416016
final,22,block10.W2,44,16,0.4319700002670288,0.43106141686439514,0.000908583402633667
final,22,block10.W2,45,16,0.4703811705112457,0.4717753827571869,0.0013942122459411621
final,22,block10.W2,46,16,0.4584496319293976,0.46151962876319885,0.0030699968338012695
final,22,block10.W2,47,16,0.5352811217308044,0.5358169674873352,0.0005358457565307617
final,22,block10.W2,48,16,0.5429983735084534,0.5452290773391724,0.002230703830718994
final,22,block10.W2,49,16,0.42512229084968567,0.4265405833721161,0.00141829252243042
final,22,block10.W2,50,16,0.3864375948905945,0.38523218035697937,0.0012054145336151123
final,22,block10.W2,51,16,0.3672817349433899,0.36798036098480225,0.0006986260414123535
final,22,block10.W2,52,16,0.6071484088897705,0.6065315008163452,0.000616908073425293
final,22,block10.W2,53,16,0.5282806158065796,0.5267631411552429,0.00151747465133667
final,22,block10.W2,54,16,0.5512275099754333,0.553015947341919,0.0017884373664855957
final,22,block10.W2,55,16,0.34997886419296265,0.34941810369491577,0.000560760498046875
final,22,block10.W2,56,16,0.40847262740135193,0.4063810408115387,0.0020915865898132324
final,22,block10.W2,57,16,0.3955129086971283,0.3944334387779236,0.001079469919204712
final,22,block10.W2,58,16,0.4744308888912201,0.4733155071735382,0.0011153817176818848
final,22,block10.W2,59,16,0.4479765295982361,0.44683605432510376,0.0011404752731323242
final,22,block10.W2,60,16,0.3409048318862915,0.34244808554649353,0.0015432536602020264
final,22,block10.W2,61,16,0.32764437794685364,0.32750648260116577,0.0001378953456878662
final,22,block10.W2,62,16,0.44212082028388977,0.4438072144985199,0.001686394214630127
final,22,block10.W2,63,16,0.4346435070037842,0.4350014626979828,0.0003579556941986084
final,23,block11.W1,0,16,0.5370092988014221,0.5392509698867798,0.002241671085357666
final,23,block11.W1,1,16,0.4944801926612854,0.49395477771759033,0.0005254149436950684
final,23,block11.W1,2,16,0.4446563124656677,0.44517233967781067,0.0005160272121429443
final,23,block11.W1,3,16,0.500505805015564,0.49983373284339905,0.000672072172164917
final,23,block11.W1,4,16,0.40013301372528076,0.3975500762462616,0.002582937479019165
final,23,block11.W1,5,16,0.5117529630661011,0.5118966698646545,0.0001437067985534668
final,23,block11.W1,6,16,0.4701191782951355,0.4686715602874756,0.0014476180076599121
final,23,block11.W1,7,16,0.43374818563461304,0.434156596660614,0.00040841102600097656
final,23,block11.W1,8,16,0.41778236627578735,0.4148276150226593,0.0029547512531280518
final,23,block11.W1,9,16,0.40143126249313354,0.3999355733394623,0.0014956891536712646
final,23,block11.W1,10,16,0.4501519799232483,0.4507048428058624,0.0005528628826141357
final,23,block11.W1,11,16,0.48331964015960693,0.4876970052719116,0.0043773651123046875
final,23,block11.W1,12,16,0.372976690530777,0.372038334608078,0.0009383559226989746
final,23,block11.W1,13,16,0.4778738021850586,0.4818803369998932,0.004006534814834595
final,23,block11.W1,14,16,0.4205739200115204,0.41794610023498535,0.002627819776535034
final,23,block11.W1,15,16,0.435569167137146,0.4376814365386963,0.002112269401550293
final,23,block11.W1,16,16,0.6032886505126953,0.6041120290756226,0.0008233785629272461
final,23,block11.W1,17,16,0.34496915340423584,0.3461836874485016,0.001214534044265747
final,23,block11.W1,18,16,0.509783923625946,0.5111677646636963,0.0013838410377502441
final,23,block11.W1,19,16,0.5056849122047424,0.5046522617340088,0.0010326504707336426
final,23,block11.W1,20,16,0.42864876985549927,0.4249204993247986,0.0037282705307006836
final,23,block11.W1,21,16,0.5090798139572144,0.5099376440048218,0.0008578300476074219
final,23,block11.W1,22,16,0.3975963294506073,0.3973126709461212,0.000283658504486084
final,23,block11.W1,23,16,0.5157425403594971,0.5128970146179199,0.0028455257415771484
final,23,block11.W1,24,16,0.5512415766716003,0.5558491945266724,0.0046076178550720215
final,23,block11.W1,25,16,0.45569345355033875,0.45646682381629944,0.0007733702659606934
final,23,block11.W1,26,16,0.4558698236942291,0.4557594656944275,0.00011035799980163574
final,23,block11.W1,27,16,0.36807313561439514,0.3671799302101135,0.0008932054042816162
final,23,block11.W1,28,16,0.45724931359291077,0.45599105954170227,0.001258254051208496
final,23,block11.W1,29,16,0.49838653206825256,0.49998170137405396,0.0015951693058013916
final,23,block11.W1,30,16,0.4341776669025421,0.43535834550857544,0.0011806786060333252
final,23,block11.W1,31,16,0.5291543006896973,0.5285881757736206,0.0005661249160766602
final,23,block11.W1,32,16,0.597319483757019,0.5975486636161804,0.00022917985916137695
final,23,block11.W1,33,16,0.4711342751979828,0.4706229269504547,0.0005113482475280762
final,23,block11.W1,34,16,0.46662816405296326,0.46729105710983276,0.0006628930568695068
final,23,block11.W1,35,16,0.5210809707641602,0.5197786688804626,0.0013023018836975098
final,23,block11.W1,36,16,0.46232813596725464,0.46377506852149963,0.0014469325542449951
final,23,block11.W1,37,16,0.4685290455818176,0.46898332238197327,0.00045427680015563965
final,23,block11.W1,38,16,0.5211920738220215,0.5225206613540649,0.001328587532043457
final,23,block11.W1,39,16,0.6320286393165588,0.6347086429595947,0.0026800036430358887
final,23,block11.W1,40,16,0.4428311288356781,0.44294509291648865,0.00011396408081054688
final,23,block11.W1,41,16,0.4039657711982727,0.40284183621406555,0.0011239349842071533
final,23,block11.W1,42,16,0.39475300908088684,0.3942558169364929,0.0004971921443939209
final,23,block11.W1,43,16,0.334919273853302,0.3343545198440552,0.0005647540092468262
final,23,block11.W1,44,16,0.4953824579715729,0.49369484186172485,0.0016876161098480225
final,23,block11.W1,45,16,0.40435051918029785,0.3998582363128662,0.004492282867431641
final,23,block11.W1,46,16,0.3997255563735962,0.39670875668525696,0.0030167996883392334
final,23,block11.W1,47,16,0.3376699388027191,0.33695846796035767,0.0007114708423614502
final,23,block11.W1,48,16,0.39099428057670593,0.3942588269710541,0.0032645463943481445
final,23,block11.W1,49,16,0.4242643713951111,0.4250783920288086,0.0008140206336975098
final,23,block11.W1,50,16,0.49334031343460083,0.4958076477050781,0.002467334270477295
final,23,block11.W1,51,16,0.4296996593475342,0.4311412572860718,0.0014415979385375977
final,23,block11.W1,52,16,0.394966721534729,0.39648669958114624,0.0015199780464172363
final,23,block11.W1,53,16,0.4138277769088745,0.4128517806529999,0.0009759962558746338
final,23,block11.W1,54,16,0.5819789171218872,0.5797053575515747,0.0022735595703125
final,23,block11.W1,55,16,0.41413623094558716,0.4150998890399933,0.0009636580944061279
final,23,block11.W1,56,16,0.4993193745613098,0.499276340007782,4.303455352783203e-05
final,23,block11.W1,57,16,0.45587584376335144,0.45779281854629517,0.0019169747829437256
final,23,block11.W1,58,16,0.5404852032661438,0.5410537123680115,0.0005685091018676758
final,23,block11.W1,59,16,0.5371291041374207,0.5377197265625,0.0005906224250793457
final,23,block11.W1,60,16,0.4972197115421295,0.4948066473007202,0.0024130642414093018
final,23,block11.W1,61,16,0.40706491470336914,0.40554261207580566,0.0015223026275634766
final,23,block11.W1,62,16,0.36502575874328613,0.363166868686676,0.0018588900566101074
final,23,block11.W1,63,16,0.4001917541027069,0.3997330963611603,0.00045865774154663086
final,24,block11.W2,0,16,0.4772395193576813,0.479085236787796,0.001845717430114746
final,24,block11.W2,1,16,0.46957653760910034,0.4704788625240326,0.000902324914932251
final,24,block11.W2,2,16,0.40120312571525574,0.397201269865036,0.0040018558502197266
final,24,block11.W2,3,16,0.489925742149353,0.48973342776298523,0.00019231438636779785
final,24,block11.W2,4,16,0.48461052775382996,0.4834841787815094,0.0011263489723205566
final,24,block11.W2,5,16,0.5132098197937012,0.5174230337142944,0.004213213920593262
final,24,block11.W2,6,16,0.4863749146461487,0.4853852689266205,0.0009896457195281982
final,24,block11.W2,7,16,0.5655853748321533,0.5652473568916321,0.00033801794052124023
final,24,block11.W2,8,16,0.4498574435710907,0.44961851835250854,0.00023892521858215332
final,24,block11.W2,9,16,0.4712023437023163,0.47115349769592285,4.884600639343262e-05
final,24,block11.W2,10,16,0.3944018483161926,0.39790216088294983,0.003500312566757202
final,24,block11.W2,11,16,0.5106905102729797,0.5129901766777039,0.002299666404724121
final,24,block11.W2,12,16,0.37586650252342224,0.37540924549102783,0.0004572570323944092
final,24,block11.W2,13,16,0.4117233157157898,0.41304850578308105,0.0013251900672912598
final,24,block11.W2,14,16,0.46942535042762756,0.4690342843532562,0.0003910660743713379
final,24,block11.W2,15,16,0.589011013507843,0.5924096703529358,0.0033986568450927734
final,24,block11.W2,16,16,0.4656127095222473,0.4680231213569641,0.002410411834716797
final,24,block11.W2,17,16,0.3289473056793213,0.3292091488838196,0.000261843204498291
final,24,block11.W2,18,16,0.5194816589355469,0.5194714665412903,1.0192394256591797e-05
final,24,block11.W2,19,16,0.44154220819473267,0.44532400369644165,0.0037817955017089844
final,24,block11.W2,20,16,0.4495186507701874,0.4515002369880676,0.001981586217880249
final,24,block11.W2,21,16,0.5254404544830322,0.527641236782074,0.002200782299041748
final,24,block11.W2,22,16,0.48322033882141113,0.4825776517391205,0.0006426870822906494
final,24,block11.W2,23,16,0.5086336731910706,0.5091403126716614,0.0005066394805908203
final,24,block11.W2,24,16,0.4616886079311371,0.4614941477775574,0.00019446015357971191
final,24,block11.W2,25,16,0.4258626699447632,0.42670974135398865,0.0008470714092254639
final,24,block11.W2,26,16,0.46928486227989197,0.4708465039730072,0.0015616416931152344
final,24,block11.W2,27,16,0.48869559168815613,0.4889487326145172,0.000253140926361084
final,24,block11.W2,28,16,0.4177354574203491,0.4211306571960449,0.0033951997756958008
final,24,block11.W2,29,16,0.468241423368454,0.46756696701049805,0.0006744563579559326
final,24,block11.W2,30,16,0.49018585681915283,0.4926903545856476,0.002504497766494751
final,24,block11.W2,31,16,0.3648759126663208,0.36596429347991943,0.0010883808135986328
final,24,block11.W2,32,16,0.4686342775821686,0.465585857629776,0.003048419952392578
final,24,block11.W2,33,16,0.47681525349617004,0.4760668873786926,0.000748366117477417
final,24,block11.W2,34,16,0.5715622305870056,0.5724303722381592,0.0008681416511535645
final,24,block11.W2,35,16,0.39250627160072327,0.39525479078292847,0.0027485191822052
final,24,block11.W2,36,16,0.4427070617675781,0.4407275915145874,0.0019794702529907227
final,24,block11.W2,37,16,0.35613927245140076,0.3563714921474457,0.00023221969604492188
final,24,block11.W2,38,16,0.46530798077583313,0.4680536687374115,0.002745687961578369
final,24,block11.W2,39,16,0.6151026487350464,0.6150569915771484,4.565715789794922e-05
final,24,block11.W2,40,16,0.4405377209186554,0.43819355964660645,0.00234416127204895
final,24,block11.W2,41,16,0.5444068908691406,0.5444737672805786,6.687641143798828e-05
final,24,block11.W2,42,16,0.5379742980003357,0.536173939704895,0.0018003582954406738
final,24,block11.W2,43,16,0.3827505111694336,0.38076937198638916,0.0019811391830444336
final,24,block11.W2,44,16,0.46273377537727356,0.4626244306564331,0.0001093447208404541
final,24,block11.W2,45,16,0.40780824422836304,0.407471239566803,0.0003370046615600586
final,24,block11.W2,46,16,0.4299456477165222,0.43053776025772095,0.0005921125411987305
final,24,block11.W2,47,16,0.553970992565155,0.5545417666435242,0.0005707740783691406
final,24,block11.W2,48,16,0.4070335626602173,0.4065536856651306,0.0004798769950866699
final,24,block11.W2,49,16,0.6166921854019165,0.6162580847740173,0.0004341006278991699
final,24,block11.W2,50,16,0.45216694474220276,0.4509393274784088,0.0012276172637939453
final,24,block11.W2,51,16,0.4526135325431824,0.45165538787841797,0.0009581446647644043
final,24,block11.W2,52,16,0.461620569229126,0.4614275395870209,0.00019302964210510254
final,24,block11.W2,53,16,0.4533270597457886,0.4537185728549957,0.0003915131092071533
final,24,block11.W2,54,16,0.34684044122695923,0.3485077917575836,0.0016673505306243896
final,24,block11.W2,55,16,0.4559134840965271,0.4569340944290161,0.0010206103324890137
final,24,block11.W2,56,16,0.46614545583724976,0.46673503518104553,0.0005895793437957764
final,24,block11.W2,57,16,0.4438021183013916,0.44686612486839294,0.0030640065670013428
final,24,block11.W2,58,16,0.4770840108394623,0.478772908449173,0.0016888976097106934
final,24,block11.W2,59,16,0.42929527163505554,0.4283740520477295,0.0009212195873260498
final,24,block11.W2,60,16,0.39476072788238525,0.39371705055236816,0.0010436773300170898
final,24,block11.W2,61,16,0.4813160300254822,0.4830676317214966,0.0017516016960144043
final,24,block11.W2,62,16,0.3570876121520996,0.3577539920806885,0.0006663799285888672
final,24,block11.W2,63,16,0.3893696963787079,0.38970333337783813,0.000333636999130249
final,25,block12.W1,0,16,0.4421827793121338,0.44162222743034363,0.0005605518817901611
final,25,block12.W1,1,16,0.46796920895576477,0.4658316969871521,0.002137511968612671
final,25,block12.W1,2,16,0.5611287951469421,0.5593227744102478,0.001806020736694336
final,25,block12.W1,3,16,0.4413354992866516,0.4399986267089844,0.0013368725776672363
final,25,block12.W1,4,16,0.48711109161376953,0.4840504825115204,0.0030606091022491455
final,25,block12.W1,5,16,0.4501488208770752,0.4491230249404907,0.0010257959365844727
final,25,block12.W1,6,16,0.506856381893158,0.5051901936531067,0.0016661882400512695
final,25,block12.W1,7,16,0.3099944591522217,0.3099295198917389,6.493926048278809e-05
final,25,block12.W1,8,16,0.4143284857273102,0.414493203163147,0.000164717435836792
final,25,block12.W1,9,16,0.4299856722354889,0.4294270873069763,0.0005585849285125732
final,25,block12.W1,10,16,0.4468746483325958,0.44778311252593994,0.0009084641933441162
final,25,block12.W1,11,16,0.44790205359458923,0.4482022821903229,0.0003002285957336426
final,25,block12.W1,12,16,0.5893889665603638,0.5920888185501099,0.0026998519897460938
final,25,block12.W1,13,16,0.4688911437988281,0.4707571864128113,0.0018660426139831543
final,25,block12.W1,14,16,0.4473707377910614,0.4466637074947357,0.0007070302963256836
final,25,block12.W1,15,16,0.518640398979187,0.5168212056159973,0.0018191933631896973
final,25,block12.W1,16,16,0.5069792866706848,0.506373405456543,0.0006058812141418457
final,25,block12.W1,17,16,0.5328327417373657,0.5330877900123596,0.0002550482749938965
final,25,block12.W1,18,16,0.43913859128952026,0.43971651792526245,0.0005779266357421875
final,25,block12.W1,19,16,0.4686703681945801,0.46595799922943115,0.0027123689651489258
final,25,block12.W1,20,16,0.4705076515674591,0.4718727171421051,0.001365065574645996
final,25,block12.W1,21,16,0.42030227184295654,0.4204833209514618,0.00018104910850524902
final,25,block12.W1,22,16,0.5913608074188232,0.5933407545089722,0.0019799470901489258
final,25,block12.W1,23,16,0.4993125796318054,0.5005896091461182,0.0012770295143127441
final,25,block12.W1,24,16,0.4754135310649872,0.4744856357574463,0.0009278953075408936
final,25,block12.W1,25,16,0.45146289467811584,0.45140618085861206,5.671381950378418e-05
final,25,block12.W1,26,16,0.3634255826473236,0.3629077970981598,0.0005177855491638184
final,25,block12.W1,27,16,0.5022217631340027,0.502430260181427,0.0002084970474243164
final,25,block12.W1,28,16,0.3370751440525055,0.3384948670864105,0.0014197230339050293
final,25,block12.W1,29,16,0.37822768092155457,0.3760204613208771,0.0022072196006774902
final,25,block12.W1,30,16,0.4086155891418457,0.40853044390678406,8.514523506164551e-05
final,25,block12.W1,31,16,0.5742554068565369,0.5736475586891174,0.0006078481674194336
final,25,block12.W1,32,16,0.4544973075389862,0.45497292280197144,0.0004756152629852295
final,25,block12.W1,33,16,0.45311662554740906,0.4594246447086334,0.006308019161224365
final,25,block12.W1,34,16,0.49037235975265503,0.48982083797454834,0.0005515217781066895
final,25,block12.W1,35,16,0.49284788966178894,0.4908694922924042,0.0019783973693847656
final,25,block12.W1,36,16,0.38810232281684875,0.3888495862483978,0.0007472634315490723
final,25,block12.W1,37,16,0.48569127917289734,0.4856346547603607,5.6624412536621094e-05
final,25,block12.W1,38,16,0.4161284267902374,0.41585564613342285,0.0002727806568145752
final,25,block12.W1,39,16,0.3488851487636566,0.3462151288986206,0.0026700198650360107
final,25,block12.W1,40,16,0.5848987102508545,0.5822222232818604,0.0026764869689941406
final,25,block12.W1,41,16,0.487873911857605,0.4891106188297272,0.0012367069721221924
final,25,block12.W1,42,16,0.4634512662887573,0.4641059637069702,0.0006546974182128906
final,25,block12.W1,43,16,0.45365777611732483,0.45269304513931274,0.000964730978012085
final,25,block12.W1,44,16,0.34780773520469666,0.34874293208122253,0.0009351968765258789
final,25,block12.W1,45,16,0.5116538405418396,0.5118016600608826,0.00014781951904296875
final,25,block12.W1,46,16,0.4078051745891571,0.4088004529476166,0.0009952783584594727
final,25,block12.W1,47,16,0.3992116153240204,0.3982810080051422,0.0009306073188781738
final,25,block12.W1,48,16,0.4333476424217224,0.43254220485687256,0.0008054375648498535
final,25,block12.W1,49,16,0.399522602558136,0.4003060460090637,0.0007834434509277344
final,25,block12.W1,50,16,0.44239678978919983,0.4421207308769226,0.0002760589122772217
final,25,block12.W1,51,16,0.4063482880592346,0.4083338975906372,0.001985609531402588
final,25,block12.W1,52,16,0.6261182427406311,0.6239244341850281,0.0021938085556030273
final,25,block12.W1,53,16,0.5359780192375183,0.5361878871917725,0.0002098679542541504
final,25,block12.W1,54,16,0.42358553409576416,0.4247027337551117,0.0011171996593475342
final,25,block12.W1,55,16,0.4562552571296692,0.45604628324508667,0.00020897388458251953
final,25,block12.W1,56,16,0.3500473201274872,0.35124126076698303,0.0011939406394958496
final,25,block12.W1,57,16,0.3626648485660553,0.35969269275665283,0.002972155809402466
final,25,block12.W1,58,16,0.5202323198318481,0.5187265276908875,0.0015057921409606934
final,25,block12.W1,59,16,0.5077666640281677,0.5086701512336731,0.0009034872055053711
final,25,block12.W1,60,16,0.42661693692207336,0.42600661516189575,0.0006103217601776123
final,25,block12.W1,61,16,0.48562338948249817,0.48457810282707214,0.0010452866554260254
final,25,block12.W1,62,16,0.47395357489585876,0.47377070784568787,0.00018286705017089844
final,25,block12.W1,63,16,0.46156516671180725,0.4610899090766907,0.00047525763511657715
final,26,block12.W2,0,16,0.40932121872901917,0.40887510776519775,0.00044611096382141113
final,26,block12.W2,1,16,0.36181315779685974,0.3622474670410156,0.0004343092441558838
final,26,block12.W2,2,16,0.5018405318260193,0.502122700214386,0.0002821683883666992
final,26,block12.W2,3,16,0.5460556745529175,0.5503599643707275,0.004304289817810059
final,26,block12.W2,4,16,0.3983761668205261,0.3998888432979584,0.001512676477432251
final,26,block12.W2,5,16,0.4160175621509552,0.4156058728694916,0.00041168928146362305
final,26,block12.W2,6,16,0.43977466225624084,0.4408275783061981,0.0010529160499572754
final,26,block12.W2,7,16,0.45692697167396545,0.4568903148174286,3.6656856536865234e-05
final,26,block12.W2,8,16,0.5806010961532593,0.5793893933296204,0.001211702823638916
final,26,block12.W2,9,16,0.48155099153518677,0.4789988696575165,0.002552121877670288
final,26,block12.W2,10,16,0.5842928886413574,0.5842481255531311,4.476308822631836e-05
final,26,block12.W2,11,16,0.3515523076057434,0.35001012682914734,0.0015421807765960693
final,26,block12.W2,12,16,0.48993051052093506,0.4896183907985687,0.000312119722366333
final,26,block12.W2,13,16,0.5191982984542847,0.5176331996917725,0.001565098762512207
final,26,block12.W2,14,16,0.43367618322372437,0.4312686622142792,0.0024075210094451904
final,26,block12.W2,15,16,0.4903244972229004,0.48822012543678284,0.0021043717861175537
final,26,block12.W2,16,16,0.4861164689064026,0.4860283136367798,8.815526962280273e-05
final,26,block12.W2,17,16,0.47501182556152344,0.47729963064193726,0.0022878050804138184
final,26,block12.W2,18,16,0.4634239077568054,0.4638356566429138,0.00041174888610839844
final,26,block12.W2,19,16,0.4927421808242798,0.4951115846633911,0.002369403839111328
final,26,block12.W2,20,16,0.5170295834541321,0.5150176286697388,0.0020119547843933105
final,26,block12.W2,21,16,0.3324471712112427,0.3323550224304199,9.21487808227539e-05
final,26,block12.W2,22,16,0.4574538767337799,0.45836731791496277,0.0009134411811828613
final,26,block12.W2,23,16,0.46573406457901,0.4674893021583557,0.0017552375793457031
final,26,block12.W2,24,16,0.590592086315155,0.5905032157897949,8.887052536010742e-05
final,26,block12.W2,25,16,0.5198984146118164,0.519280731678009,0.000617682933807373
final,26,block12.W2,26,16,0.42140230536460876,0.4208679795265198,0.0005343258380889893
final,26,block12.W2,27,16,0.5039870142936707,0.5011087656021118,0.002878248691558838
final,26,block12.W2,28,16,0.5524058938026428,0.5507885217666626,0.0016173720359802246
final,26,block12.W2,29,16,0.44124022126197815,0.4422979950904846,0.0010577738285064697
final,26,block12.W2,30,16,0.41253241896629333,0.41051238775253296,0.002020031213760376
final,26,block12.W2,31,16,0.46974843740463257,0.4691099226474762,0.0006385147571563721
final,26,block12.W2,32,16,0.49176517128944397,0.4933141767978668,0.0015490055084228516
final,26,block12.W2,33,16,0.44523194432258606,0.4436508119106293,0.0015811324119567871
final,26,block12.W2,34,16,0.556183934211731,0.5550483465194702,0.0011355876922607422
final,26,block12.W2,35,16,0.47300559282302856,0.4714213013648987,0.0015842914581298828
final,26,block12.W2,36,16,0.3967420756816864,0.39863258600234985,0.0018905103206634521
final,26,block12.W2,37,16,0.5933824181556702,0.5910924673080444,0.0022899508476257324
final,26,block12.W2,38,16,0.4679405689239502,0.4661719799041748,0.0017685890197753906
final,26,block12.W2,39,16,0.4087766110897064,0.4036310017108917,0.005145609378814697
final,26,block12.W2,40,16,0.4931373596191406,0.49123215675354004,0.001905202865600586
final,26,block12.W2,41,16,0.41171833872795105,0.4083413779735565,0.0033769607543945312
final,26,block12.W2,42,16,0.38870272040367126,0.3900943398475647,0.0013916194438934326
final,26,block12.W2,43,16,0.5710449814796448,0.5712490081787109,0.0002040266990661621
final,26,block12.W2,44,16,0.4424399137496948,0.4417485296726227,0.0006913840770721436
final,26,block12.W2,45,16,0.5178540349006653,0.5203061103820801,0.002452075481414795
final,26,block12.W2,46,16,0.5804883241653442,0.5821033716201782,0.0016150474548339844
final,26,block12.W2,47,16,0.49745723605155945,0.49882838129997253,0.001371145248413086
final,26,block12.W2,48,16,0.3546588718891144,0.3545645475387573,9.432435035705566e-05
final,26,block12.W2,49,16,0.3779509365558624,0.3777925670146942,0.0001583695411682129
final,26,block12.W2,50,16,0.44418251514434814,0.44744881987571716,0.0032663047313690186
final,26,block12.W2,51,16,0.5260192155838013,0.5263027548789978,0.0002835392951965332
final,26,block12.W2,52,16,0.5193515419960022,0.5163945555686951,0.002956986427307129
final,26,block12.W2,53,16,0.44859570264816284,0.44910067319869995,0.0005049705505371094
final,26,block12.W2,54,16,0.44077154994010925,0.4398221969604492,0.0009493529796600342
final,26,block12.W2,55,16,0.5213657021522522,0.521821916103363,0.00045621395111083984
final,26,block12.W2,56,16,0.4279079735279083,0.4256545603275299,0.002253413200378418
final,26,block12.W2,57,16,0.5086191892623901,0.5103916525840759,0.001772463321685791
final,26,block12.W2,58,16,0.48204776644706726,0.4854448437690735,0.0033970773220062256
final,26,block12.W2,59,16,0.5084992051124573,0.5092296600341797,0.0007304549217224121
final,26,block12.W2,60,16,0.5422906279563904,0.5438839793205261,0.0015933513641357422
final,26,block12.W2,61,16,0.4821891784667969,0.4830397963523865,0.0008506178855895996
final,26,block12.W2,62,16,0.5731094479560852,0.5735703110694885,0.0004608631134033203
final,26,block12.W2,63,16,0.42562222480773926,0.42444783449172974,0.0011743903160095215
final,27,block13.W1,0,16,0.37216612696647644,0.37091922760009766,0.0012468993663787842
final,27,block13.W1,1,16,0.4982038140296936,0.4968029260635376,0.0014008879661560059
final,27,block13.W1,2,16,0.4256194531917572,0.4244328737258911,0.0011865794658660889
final,27,block13.W1,3,16,0.47856587171554565,0.4769870638847351,0.0015788078308105469
final,27,block13.W1,4,16,0.5745362043380737,0.5775986909866333,0.0030624866485595703
final,27,block13.W1,5,16,0.3931024670600891,0.3933563828468323,0.00025391578674316406
final,27,block13.W1,6,16,0.5176804065704346,0.5183717012405396,0.0006912946701049805
final,27,block13.W1,7,16,0.4476977586746216,0.44993463158607483,0.002236872911453247
final,27,block13.W1,8,16,0.46655064821243286,0.4639190137386322,0.002631634473800659
final,27,block13.W1,9,16,0.4796333909034729,0.47835099697113037,0.0012823939323425293
final,27,block13.W1,10,16,0.41716641187667847,0.4163433313369751,0.0008230805397033691
final,27,block13.W1,11,16,0.42963749170303345,0.4294928312301636,0.00014466047286987305
final,27,block13.W1,12,16,0.4631977379322052,0.46283861994743347,0.0003591179847717285
final,27,block13.W1,13,16,0.5583641529083252,0.5576279163360596,0.000736236572265625
final,27,block13.W1,14,16,0.4999277591705322,0.49705955386161804,0.0028682053089141846
final,27,block13.W1,15,16,0.4321645498275757,0.4327540993690491,0.0005895495414733887
final,27,block13.W1,16,16,0.45707961916923523,0.457550972700119,0.00047135353088378906
final,27,block13.W1,17,16,0.39583754539489746,0.3960846960544586,0.0002471506595611572
final,27,block13.W1,18,16,0.5213061571121216,0.5190452933311462,0.002260863780975342
final,27,block13.W1,19,16,0.5276954770088196,0.5269068479537964,0.0007886290550231934
final,27,block13.W1,20,16,0.49361559748649597,0.4931580126285553,0.00045758485794067383
final,27,block13.W1,21,16,0.40020447969436646,0.39998412132263184,0.00022035837173461914
final,27,block13.W1,22,16,0.48441895842552185,0.4833577275276184,0.0010612308979034424
final,27,block13.W1,23,16,0.4611656069755554,0.4622998535633087,0.001134246587753296
final,27,block13.W1,24,16,0.5198208093643188,0.5192455053329468,0.0005753040313720703
final,27,block13.W1,25,16,0.509640634059906,0.5116452574729919,0.0020046234130859375
final,27,block13.W1,26,16,0.43889206647872925,0.43759000301361084,0.0013020634651184082
final,27,block13.W1,27,16,0.40942874550819397,0.4103091359138489,0.0008803904056549072
final,27,block13.W1,28,16,0.538478434085846,0.5388734340667725,0.00039499998092651367
final,27,block13.W1,29,16,0.3909044861793518,0.39030128717422485,0.0006031990051269531
final,27,block13.W1,30,16,0.41544562578201294,0.4145278036594391,0.0009178221225738525
final,27,block13.W1,31,16,0.38052964210510254,0.3815905451774597,0.0010609030723571777
final,27,block13.W1,32,16,0.40769290924072266,0.4071497321128845,0.0005431771278381348
final,27,block13.W1,33,16,0.46336084604263306,0.46187955141067505,0.0014812946319580078
final,27,block13.W1,34,16,0.41759392619132996,0.41985100507736206,0.0022570788860321045
final,27,block13.W1,35,16,0.4330597519874573,0.4328661859035492,0.00019356608390808105
final,27,block13.W1,36,16,0.3807758390903473,0.38003888726234436,0.0007369518280029297
final,27,block13.W1,37,16,0.4237203001976013,0.42402735352516174,0.0003070533275604248
final,27,block13.W1,38,16,0.480969101190567,0.48161581158638,0.0006467103958129883
final,27,block13.W1,39,16,0.46074333786964417,0.4591790735721588,0.0015642642974853516
final,27,block13.W1,40,16,0.4773307740688324,0.4808744490146637,0.003543674945831299
final,27,block13.W1,41,16,0.5024808049201965,0.5022373199462891,0.0002434849739074707
final,27,block13.W1,42,16,0.5383778214454651,0.5355237722396851,0.0028540492057800293
final,27,block13.W1,43,16,0.5432705283164978,0.5423153042793274,0.0009552240371704102
final,27,block13.W1,44,16,0.565901517868042,0.5640051364898682,0.0018963813781738281
final,27,block13.W1,45,16,0.5304471850395203,0.5295419692993164,0.0009052157402038574
final,27,block13.W1,46,16,0.47207391262054443,0.4734395742416382,0.00136566162109375
final,27,block13.W1,47,16,0.5424622297286987,0.5431232452392578,0.000661015510559082
final,27,block13.W1,48,16,0.58114093542099,0.5780523419380188,0.0030885934829711914
final,27,block13.W1,49,16,0.43590235710144043,0.4367111623287201,0.0008088052272796631
final,27,block13.W1,50,16,0.4421127736568451,0.44240498542785645,0.00029221177101135254
final,27,block13.W1,51,16,0.32952412962913513,0.3266313970088959,0.002892732620239258
final,27,block13.W1,52,16,0.524747371673584,0.5264387130737305,0.0016913414001464844
final,27,block13.W1,53,16,0.47637325525283813,0.47829508781433105,0.00192183256149292
final,27,block13.W1,54,16,0.43730250000953674,0.43990153074264526,0.0025990307331085205
final,27,block13.W1,55,16,0.4683076739311218,0.46832147240638733,1.379847526550293e-05
final,27,block13.W1,56,16,0.563223123550415,0.5632616877555847,3.8564205169677734e-05
final,27,block13.W1,57,16,0.5354805588722229,0.5341997742652893,0.0012807846069335938
final,27,block13.W1,58,16,0.3749889135360718,0.3760400116443634,0.001051098108291626
final,27,block13.W1,59,16,0.526887059211731,0.5238648653030396,0.0030221939086914062
final,27,block13.W1,60,16,0.46107667684555054,0.46012866497039795,0.0009480118751525879
final,27,block13.W1,61,16,0.5274724960327148,0.5260295867919922,0.0014429092407226562
final,27,block13.W1,62,16,0.4001891613006592,0.3997252881526947,0.00046387314796447754
final,27,block13.W1,63,16,0.5846800804138184,0.5860311388969421,0.0013510584831237793
final,28,block13.W2,0,16,0.4358384907245636,0.43562451004981995,0.00021398067474365234
final,28,block13.W2,1,16,0.38597333431243896,0.3853628635406494,0.0006104707717895508
final,28,block13.W2,2,16,0.42383629083633423,0.4256242513656616,0.0017879605293273926
final,28,block13.W2,3,16,0.5047242641448975,0.5090327262878418,0.004308462142944336
final,28,block13.W2,4,16,0.4789199233055115,0.47767385840415955,0.0012460649013519287
final,28,block13.W2,5,16,0.4365442097187042,0.4370443820953369,0.0005001723766326904
final,28,block13.W2,6,16,0.4235612750053406,0.4253588914871216,0.0017976164817810059
final,28,block13.W2,7,16,0.4356403052806854,0.43512505292892456,0.0005152523517608643
final,28,block13.W2,8,16,0.44438859820365906,0.44329094886779785,0.001097649335861206
final,28,block13.W2,9,16,0.4237089455127716,0.4271160066127777,0.0034070611000061035
final,28,block13.W2,10,16,0.4734751880168915,0.47322678565979004,0.00024840235710144043
final,28,block13.W2,11,16,0.47750696539878845,0.4803122282028198,0.002805262804031372
final,28,block13.W2,12,16,0.42784205079078674,0.4272673726081848,0.0005746781826019287
final,28,block13.W2,13,16,0.5535850524902344,0.5514031648635864,0.0021818876266479492
final,28,block13.W2,14,16,0.5397824645042419,0.5451789498329163,0.005396485328674316
final,28,block13.W2,15,16,0.5395529270172119,0.5363559722900391,0.0031969547271728516
final,28,block13.W2,16,16,0.4130566716194153,0.4137018918991089,0.0006452202796936035
final,28,block13.W2,17,16,0.6231555938720703,0.6265842318534851,0.003428637981414795
final,28,block13.W2,18,16,0.36114346981048584,0.36122775077819824,8.428096771240234e-05
final,28,block13.W2,19,16,0.41864386200904846,0.416937917470932,0.001705944538116455
final,28,block13.W2,20,16,0.35370934009552,0.35448142886161804,0.0007720887660980225
final,28,block13.W2,21,16,0.48471540212631226,0.4838588535785675,0.000856548547744751
final,28,block13.W2,22,16,0.520933210849762,0.5197293758392334,0.0012038350105285645
final,28,block13.W2,23,16,0.5002480149269104,0.4996522068977356,0.0005958080291748047
final,28,block13.W2,24,16,0.4313972294330597,0.4318010210990906,0.0004037916660308838
final,28,block13.W2,25,16,0.5070132613182068,0.5078365802764893,0.0008233189582824707
final,28,block13.W2,26,16,0.4330236613750458,0.4305969178676605,0.002426743507385254
final,28,block13.W2,27,16,0.4570365846157074,0.4587674140930176,0.0017308294773101807
final,28,block13.W2,28,16,0.46667954325675964,0.4638434648513794,0.002836078405380249
final,28,block13.W2,29,16,0.4666847288608551,0.46510547399520874,0.0015792548656463623
final,28,block13.W2,30,16,0.5469285249710083,0.5464669466018677,0.000461578369140625
final,28,block13.W2,31,16,0.5130716562271118,0.5128031969070435,0.0002684593200683594
final,28,block13.W2,32,16,0.4935466945171356,0.48887473344802856,0.004671961069107056
final,28,block13.W2,33,16,0.34292715787887573,0.3433668315410614,0.00043967366218566895
final,28,block13.W2,34,16,0.5245562195777893,0.5228623151779175,0.0016939043998718262
final,28,block13.W2,35,16,0.42988964915275574,0.4307275414466858,0.0008378922939300537
final,28,block13.W2,36,16,0.5070149302482605,0.5093113780021667,0.00229644775390625
final,28,block13.W2,37,16,0.4970579445362091,0.4956698715686798,0.0013880729675292969
final,28,block13.W2,38,16,0.4410014748573303,0.44069963693618774,0.0003018379211425781
final,28,block13.W2,39,16,0.4832186698913574,0.4846419095993042,0.0014232397079467773
final,28,block13.W2,40,16,0.49099788069725037,0.49374228715896606,0.0027444064617156982
final,28,block13.W2,41,16,0.41798827052116394,0.4187561273574829,0.0007678568363189697
final,28,block13.W2,42,16,0.466533362865448,0.468533456325531,0.002000093460083008
final,28,block13.W2,43,16,0.5109630227088928,0.5094699263572693,0.0014930963516235352
final,28,block13.W2,44,16,0.5155531167984009,0.5136926174163818,0.001860499382019043
final,28,block13.W2,45,16,0.5338759422302246,0.5362224578857422,0.002346515655517578
final,28,block13.W2,46,16,0.49229586124420166,0.4922460615634918,4.979968070983887e-05
final,28,block13.W2,47,16,0.45713114738464355,0.45761263370513916,0.00048148632049560547
final,28,block13.W2,48,16,0.37129583954811096,0.372870534658432,0.001574695110321045
final,28,block13.W2,49,16,0.41253355145454407,0.4140348434448242,0.0015012919902801514
final,28,block13.W2,50,16,0.42296817898750305,0.4266943335533142,0.0037261545658111572
final,28,block13.W2,51,16,0.44233232736587524,0.4435091018676758,0.0011767745018005371
final,28,block13.W2,52,16,0.5320190191268921,0.5296677350997925,0.0023512840270996094
final,28,block13.W2,53,16,0.4518044888973236,0.4527686536312103,0.0009641647338867188
final,28,block13.W2,54,16,0.5099220871925354,0.5090301632881165,0.0008919239044189453
final,28,block13.W2,55,16,0.47420457005500793,0.4734683632850647,0.0007362067699432373
final,28,block13.W2,56,16,0.5813590288162231,0.5780336856842041,0.003325343132019043
final,28,block13.W2,57,16,0.49952664971351624,0.5041534304618835,0.00462678074836731
final,28,block13.W2,58,16,0.4010087251663208,0.4041646420955658,0.003155916929244995
final,28,block13.W2,59,16,0.621890127658844,0.6232829093933105,0.0013927817344665527
final,28,block13.W2,60,16,0.5168046355247498,0.5163966417312622,0.00040799379348754883
final,28,block13.W2,61,16,0.5177095532417297,0.5193820595741272,0.001672506332397461
final,28,block13.W2,62,16,0.5833750367164612,0.5874207019805908,0.004045665264129639
final,28,block13.W2,63,16,0.4914289116859436,0.49011144042015076,0.0013174712657928467
final,29,block14.W1,0,16,0.42711061239242554,0.4302714467048645,0.003160834312438965
final,29,block14.W1,1,16,0.5044475793838501,0.49906909465789795,0.0053784847259521484
final,29,block14.W1,2,16,0.44495999813079834,0.44539663195610046,0.000436633825302124
final,29,block14.W1,3,16,0.46175894141197205,0.4586699604988098,0.0030889809131622314
final,29,block14.W1,4,16,0.4729269742965698,0.4711515009403229,0.0017754733562469482
final,29,block14.W1,5,16,0.5795878767967224,0.5774511694908142,0.002136707305908203
final,29,block14.W1,6,16,0.5613548159599304,0.560771644115448,0.0005831718444824219
final,29,block14.W1,7,16,0.503981351852417,0.5043104887008667,0.00032913684844970703
final,29,block14.W1,8,16,0.4128117561340332,0.4136961102485657,0.0008843541145324707
final,29,block14.W1,9,16,0.6427462697029114,0.6421904563903809,0.0005558133125305176
final,29,block14.W1,10,16,0.5656047463417053,0.5648423433303833,0.0007624030113220215
final,29,block14.W1,11,16,0.4945194125175476,0.495059996843338,0.0005405843257904053
final,29,block14.W1,12,16,0.45548155903816223,0.45505860447883606,0.0004229545593261719
final,29,block14.W1,13,16,0.4425574541091919,0.4402080476284027,0.0023494064807891846
final,29,block14.W1,14,16,0.34493282437324524,0.34550032019615173,0.0005674958229064941
final,29,block14.W1,15,16,0.3847768306732178,0.38454732298851013,0.0002295076847076416
final,29,block14.W1,16,16,0.4696655869483948,0.470621794462204,0.0009562075138092041
final,29,block14.W1,17,16,0.5404703617095947,0.5407289266586304,0.00025856494903564453
final,29,block14.W1,18,16,0.4655444324016571,0.4663426876068115,0.0007982552051544189
final,29,block14.W1,19,16,0.4319831430912018,0.43426793813705444,0.002284795045852661
final,29,block14.W1,20,16,0.38128310441970825,0.38121604919433594,6.705522537231445e-05
final,29,block14.W1,21,16,0.48557987809181213,0.48540347814559937,0.00017639994621276855
final,29,block14.W1,22,16,0.45797714591026306,0.45572835206985474,0.002248793840408325
final,29,block14.W1,23,16,0.4976212680339813,0.4950783848762512,0.0025428831577301025
final,29,block14.W1,24,16,0.40656572580337524,0.40757548809051514,0.0010097622871398926
final,29,block14.W1,25,16,0.455983966588974,0.4554399847984314,0.0005439817905426025
final,29,block14.W1,26,16,0.4395277202129364,0.4406808912754059,0.0011531710624694824
final,29,block14.W1,27,16,0.5096787810325623,0.511134922504425,0.001456141471862793
final,29,block14.W1,28,16,0.4543095827102661,0.45289522409439087,0.0014143586158752441
final,29,block14.W1,29,16,0.4917185306549072,0.49100515246391296,0.0007133781909942627
final,29,block14.W1,30,16,0.4590766131877899,0.45949095487594604,0.00041434168815612793
final,29,block14.W1,31,16,0.5080099105834961,0.5105355381965637,0.002525627613067627
final,29,block14.W1,32,16,0.495240181684494,0.49555352330207825,0.0003133416175842285
final,29,block14.W1,33,16,0.4421350359916687,0.44603750109672546,0.0039024651050567627
final,29,block14.W1,34,16,0.43225905299186707,0.43190276622772217,0.00035628676414489746
final,29,block14.W1,35,16,0.5640048980712891,0.5622048377990723,0.0018000602722167969
final,29,block14.W1,36,16,0.501932680606842,0.502790093421936,0.0008574128150939941
final,29,block14.W1,37,16,0.5356632471084595,0.5326032042503357,0.0030600428581237793
final,29,block14.W1,38,16,0.5408990383148193,0.5399876236915588,0.000911414623260498
final,29,block14.W1,39,16,0.48912766575813293,0.48837143182754517,0.0007562339305877686
final,29,block14.W1,40,16,0.4821052551269531,0.4838877022266388,0.001782447099685669
final,29,block14.W1,41,16,0.5598006844520569,0.5597403645515442,6.031990051269531e-05
final,29,block14.W1,42,16,0.5069640874862671,0.506831169128418,0.0001329183578491211
final,29,block14.W1,43,16,0.46991604566574097,0.47091203927993774,0.0009959936141967773
final,29,block14.W1,44,16,0.4463556408882141,0.44589757919311523,0.00045806169509887695
final,29,block14.W1,45,16,0.4115334153175354,0.4121706485748291,0.0006372332572937012
final,29,block14.W1,46,16,0.41105541586875916,0.4110988974571228,4.348158836364746e-05
final,29,block14.W1,47,16,0.476432204246521,0.47635960578918457,7.259845733642578e-05
final,29,block14.W1,48,16,0.504370391368866,0.5021356344223022,0.0022347569465637207
final,29,block14.W1,49,16,0.6048082113265991,0.6049770712852478,0.00016885995864868164
final,29,block14.W1,50,16,0.6218726634979248,0.6236355900764465,0.0017629265785217285
final,29,block14.W1,51,16,0.47486612200737,0.4765104055404663,0.0016442835330963135
final,29,block14.W1,52,16,0.5436728000640869,0.5430642366409302,0.0006085634231567383
final,29,block14.W1,53,16,0.514521062374115,0.5132665634155273,0.0012544989585876465
final,29,block14.W1,54,16,0.3645523190498352,0.36384671926498413,0.0007055997848510742
final,29,block14.W1,55,16,0.5019031763076782,0.504356324672699,0.002453148365020752
final,29,block14.W1,56,16,0.5252392888069153,0.5270944237709045,0.0018551349639892578
final,29,block14.W1,57,16,0.4870983958244324,0.4876970946788788,0.0005986988544464111
final,29,block14.W1,58,16,0.45170900225639343,0.4511649012565613,0.0005441009998321533
final,29,block14.W1,59,16,0.5339933037757874,0.5326159596443176,0.0013773441314697266
final,29,block14.W1,60,16,0.4373939335346222,0.43999114632606506,0.002597212791442871
final,29,block14.W1,61,16,0.45278456807136536,0.44870108366012573,0.004083484411239624
final,29,block14.W1,62,16,0.4943811595439911,0.49616098403930664,0.0017798244953155518
final,29,block14.W1,63,16,0.46204736828804016,0.4634683132171631,0.0014209449291229248
final,30,block14.W2,0,16,0.4929293692111969,0.49019214510917664,0.0027372241020202637
final,30,block14.W2,1,16,0.5044102668762207,0.5055312514305115,0.0011209845542907715
final,30,block14.W2,2,16,0.4308266341686249,0.429159939289093,0.0016666948795318604
final,30,block14.W2,3,16,0.4802872836589813,0.4795313775539398,0.0007559061050415039
final,30,block14.W2,4,16,0.5040366053581238,0.5044954419136047,0.00045883655548095703
final,30,block14.W2,5,16,0.46218618750572205,0.46220842003822327,2.2232532501220703e-05
final,30,block14.W2,6,16,0.5340355038642883,0.5344972014427185,0.0004616975784301758
final,30,block14.W2,7,16,0.4941575527191162,0.4952431917190552,0.0010856389999389648
final,30,block14.W2,8,16,0.5251110792160034,0.5236886739730835,0.0014224052429199219
final,30,block14.W2,9,16,0.6020811796188354,0.6019108295440674,0.0001703500747680664
final,30,block14.W2,10,16,0.4356052577495575,0.4356873333454132,8.207559585571289e-05
final,30,block14.W2,11,16,0.3499150276184082,0.349025160074234,0.0008898675441741943
final,30,block14.W2,12,16,0.4962663948535919,0.49908286333084106,0.0028164684772491455
final,30,block14.W2,13,16,0.49069640040397644,0.4933992326259613,0.0027028322219848633
final,30,block14.W2,14,16,0.3936678171157837,0.39460843801498413,0.0009406208992004395
final,30,block14.W2,15,16,0.45203033089637756,0.45200207829475403,2.8252601623535156e-05
final,30,block14.W2,16,16,0.4010220766067505,0.3995990455150604,0.0014230310916900635
final,30,block14.W2,17,16,0.43627142906188965,0.434799462556839,0.0014719665050506592
final,30,block14.W2,18,16,0.6030564308166504,0.6020010709762573,0.0010553598403930664
final,30,block14.W2,19,16,0.4962048828601837,0.4921523928642273,0.004052489995956421
final,30,block14.W2,20,16,0.43394386768341064,0.4351516664028168,0.001207798719406128
final,30,block14.W2,21,16,0.5781065821647644,0.5770962834358215,0.001010298728942871
final,30,block14.W2,22,16,0.5431464910507202,0.5391082763671875,0.004038214683532715
final,30,block14.W2,23,16,0.3814474046230316,0.38199755549430847,0.0005501508712768555
final,30,block14.W2,24,16,0.4795674979686737,0.48103463649749756,0.0014671385288238525
final,30,block14.W2,25,16,0.5436432361602783,0.5421521067619324,0.0014911293983459473
final,30,block14.W2,26,16,0.5271965861320496,0.5255446434020996,0.0016519427299499512
final,30,block14.W2,27,16,0.519090473651886,0.519101619720459,1.1146068572998047e-05
final,30,block14.W2,28,16,0.42027536034584045,0.4187002182006836,0.0015751421451568604
final,30,block14.W2,29,16,0.5132194757461548,0.5148078203201294,0.0015883445739746094
final,30,block14.W2,30,16,0.47567203640937805,0.47464683651924133,0.0010251998901367188
final,30,block14.W2,31,16,0.4760429859161377,0.47675761580467224,0.0007146298885345459
final,30,block14.W2,32,16,0.4845356345176697,0.48175689578056335,0.0027787387371063232
final,30,block14.W2,33,16,0.4595455527305603,0.45841509103775024,0.0011304616928100586
final,30,block14.W2,34,16,0.49990421533584595,0.5013432502746582,0.0014390349388122559
final,30,block14.W2,35,16,0.4075443744659424,0.41013795137405396,0.0025935769081115723
final,30,block14.W2,36,16,0.5640287399291992,0.5629721283912659,0.0010566115379333496
final,30,block14.W2,37,16,0.47137734293937683,0.47298532724380493,0.0016079843044281006
final,30,block14.W2,38,16,0.4836001694202423,0.4808162748813629,0.0027838945388793945
final,30,block14.W2,39,16,0.5627223253250122,0.5610982179641724,0.0016241073608398438
final,30,block14.W2,40,16,0.31304311752319336,0.310011088848114,0.0030320286750793457
final,30,block14.W2,41,16,0.3625069558620453,0.36389291286468506,0.0013859570026397705
final,30,block14.W2,42,16,0.4656270146369934,0.46508973836898804,0.0005372762680053711
final,30,block14.W2,43,16,0.4336545765399933,0.4363234043121338,0.002668827772140503
final,30,block14.W2,44,16,0.4799756109714508,0.48245492577552795,0.0024793148040771484
final,30,block14.W2,45,16,0.5013656616210938,0.5000306367874146,0.0013350248336791992
final,30,block14.W2,46,16,0.5309314131736755,0.5338946580886841,0.002963244915008545
final,30,block14.W2,47,16,0.4582825303077698,0.4566524624824524,0.0016300678253173828
final,30,block14.W2,48,16,0.4784715175628662,0.4771639406681061,0.0013075768947601318
final,30,block14.W2,49,16,0.3857562243938446,0.38519030809402466,0.0005659162998199463
final,30,block14.W2,50,16,0.42080438137054443,0.4199359118938446,0.0008684694766998291
final,30,block14.W2,51,16,0.3784444034099579,0.38006147742271423,0.0016170740127563477
final,30,block14.W2,52,16,0.45294392108917236,0.45216992497444153,0.000773996114730835
final,30,block14.W2,53,16,0.6027553081512451,0.6039615273475647,0.00120621919631958
final,30,block14.W2,54,16,0.5327589511871338,0.5327271819114685,3.17692756652832e-05
final,30,block14.W2,55,16,0.5384904146194458,0.5403295755386353,0.0018391609191894531
final,30,block14.W2,56,16,0.4394049644470215,0.43817394971847534,0.0012310147285461426
final,30,block14.W2,57,16,0.492446631193161,0.49202385544776917,0.0004227757453918457
final,30,block14.W2,58,16,0.4072243571281433,0.40771591663360596,0.0004915595054626465
final,30,block14.W2,59,16,0.380621999502182,0.37874358892440796,0.0018784105777740479
final,30,block14.W2,60,16,0.627476155757904,0.6275668144226074,9.065866470336914e-05
final,30,block14.W2,61,16,0.5722673535346985,0.5699374079704285,0.0023299455642700195
final,30,block14.W2,62,16,0.49282893538475037,0.49069997668266296,0.0021289587020874023
final,30,block14.W2,63,16,0.46471548080444336,0.46286362409591675,0.0018518567085266113
final,31,block15.W1,0,16,0.500288188457489,0.5010908842086792,0.0008026957511901855
final,31,block15.W1,1,16,0.47842544317245483,0.47647571563720703,0.0019497275352478027
final,31,block15.W1,2,16,0.3833902180194855,0.3810923993587494,0.002297818660736084
final,31,block15.W1,3,16,0.4124370813369751,0.41233131289482117,0.00010576844215393066
final,31,block15.W1,4,16,0.569675862789154,0.5655246376991272,0.0041512250900268555
final,31,block15.W1,5,16,0.4649931788444519,0.46726927161216736,0.002276092767715454
final,31,block15.W1,6,16,0.4465961456298828,0.44360002875328064,0.002996116876602173
final,31,block15.W1,7,16,0.39614561200141907,0.3940682113170624,0.0020774006843566895
final,31,block15.W1,8,16,0.4263094365596771,0.42786073684692383,0.001551300287246704
final,31,block15.W1,9,16,0.49828392267227173,0.49712079763412476,0.0011631250381469727
final,31,block15.W1,10,16,0.42564722895622253,0.4269196391105652,0.0012724101543426514
final,31,block15.W1,11,16,0.44760581851005554,0.44812634587287903,0.0005205273628234863
final,31,block15.W1,12,16,0.6146135926246643,0.6135507225990295,0.0010628700256347656
final,31,block15.W1,13,16,0.5094618797302246,0.5082716345787048,0.0011902451515197754
final,31,block15.W1,14,16,0.414773553609848,0.415850430727005,0.0010768771171569824
final,31,block15.W1,15,16,0.5200067758560181,0.5226923227310181,0.002685546875
final,31,block15.W1,16,16,0.604403555393219,0.6066550612449646,0.0022515058517456055
final,31,block15.W1,17,16,0.5109292268753052,0.5114870667457581,0.0005578398704528809
final,31,block15.W1,18,16,0.4676119089126587,0.4667312502861023,0.0008806586265563965
final,31,block15.W1,19,16,0.42501652240753174,0.4234229028224945,0.0015936195850372314
final,31,block15.W1,20,16,0.507080614566803,0.5075847506523132,0.0005041360855102539
final,31,block15.W1,21,16,0.455037385225296,0.4580141007900238,0.002976715564727783
final,31,block15.W1,22,16,0.6382091045379639,0.6379383206367493,0.0002707839012145996
final,31,block15.W1,23,16,0.38211295008659363,0.3824986517429352,0.00038570165634155273
final,31,block15.W1,24,16,0.4012261629104614,0.4014856815338135,0.0002595186233520508
final,31,block15.W1,25,16,0.43167904019355774,0.4336550533771515,0.00197601318359375
final,31,block15.W1,26,16,0.595274806022644,0.5949784517288208,0.0002963542938232422
final,31,block15.W1,27,16,0.46432822942733765,0.4635499119758606,0.0007783174514770508
final,31,block15.W1,28,16,0.44014668464660645,0.4427955150604248,0.0026488304138183594
final,31,block15.W1,29,16,0.5225191712379456,0.519889771938324,0.002629399299621582
final,31,block15.W1,30,16,0.48813992738723755,0.48558416962623596,0.002555757761001587
final,31,block15.W1,31,16,0.3927273750305176,0.39211195707321167,0.0006154179573059082
final,31,block15.W1,32,16,0.4234682321548462,0.4221215546131134,0.001346677541732788
final,31,block15.W1,33,16,0.5223833322525024,0.521632969379425,0.0007503628730773926
final,31,block15.W1,34,16,0.3831911087036133,0.3819509744644165,0.0012401342391967773
final,31,block15.W1,35,16,0.5290698409080505,0.5260307192802429,0.003039121627807617
final,31,block15.W1,36,16,0.42964959144592285,0.43082064390182495,0.0011710524559020996
final,31,block15.W1,37,16,0.5667264461517334,0.5652613639831543,0.0014650821685791016
final,31,block15.W1,38,16,0.4885018467903137,0.4882403314113617,0.00026151537895202637
final,31,block15.W1,39,16,0.4696166217327118,0.4685743749141693,0.0010422468185424805
final,31,block15.W1,40,16,0.5552050471305847,0.5539211630821228,0.001283884048461914
final,31,block15.W1,41,16,0.37202486395835876,0.3715263903141022,0.0004984736442565918
final,31,block15.W1,42,16,0.47994285821914673,0.4789785146713257,0.0009643435478210449
final,31,block15.W1,43,16,0.47350096702575684,0.4738541543483734,0.00035318732261657715
final,31,block15.W1,44,16,0.5481674075126648,0.5485471487045288,0.00037974119186401367
final,31,block15.W1,45,16,0.4955877661705017,0.49403882026672363,0.0015489459037780762
final,31,block15.W1,46,16,0.4073448181152344,0.4074137806892395,6.896257400512695e-05
final,31,block15.W1,47,16,0.546052873134613,0.5439796447753906,0.002073228359222412
final,31,block15.W1,48,16,0.4854261875152588,0.4834744334220886,0.001951754093170166
final,31,block15.W1,49,16,0.40468987822532654,0.4042741656303406,0.0004157125949859619
final,31,block15.W1,50,16,0.4027826488018036,0.4011175036430359,0.0016651451587677002
final,31,block15.W1,51,16,0.5143581628799438,0.5140328407287598,0.00032532215118408203
final,31,block15.W1,52,16,0.5325555801391602,0.5326636433601379,0.0001080632209777832
final,31,block15.W1,53,16,0.42859071493148804,0.43001195788383484,0.0014212429523468018
final,31,block15.W1,54,16,0.4016702473163605,0.4021226465702057,0.00045239925384521484
final,31,block15.W1,55,16,0.4506034851074219,0.45034050941467285,0.00026297569274902344
final,31,block15.W1,56,16,0.47707411646842957,0.4810943305492401,0.004020214080810547
final,31,block15.W1,57,16,0.48906826972961426,0.4851520359516144,0.003916233777999878
final,31,block15.W1,58,16,0.4492948651313782,0.4484497010707855,0.0008451640605926514
final,31,block15.W1,59,16,0.4860188961029053,0.48615387082099915,0.00013497471809387207
final,31,block15.W1,60,16,0.4462769329547882,0.44534578919410706,0.0009311437606811523
final,31,block15.W1,61,16,0.40438300371170044,0.40481075644493103,0.0004277527332305908
final,31,block15.W1,62,16,0.3727216124534607,0.37010785937309265,0.002613753080368042
final,31,block15.W1,63,16,0.43485769629478455,0.43406906723976135,0.0007886290550231934
final,32,block15.W2,0,16,0.4578060805797577,0.4589388370513916,0.0011327564716339111
final,32,block15.W2,1,16,0.4751513600349426,0.47788524627685547,0.002733886241912842
final,32,block15.W2,2,16,0.4619227647781372,0.4607183039188385,0.001204460859298706
final,32,block15.W2,3,16,0.5797134041786194,0.5782471895217896,0.001466214656829834
final,32,block15.W2,4,16,0.4791644513607025,0.48262104392051697,0.003456592559814453
final,32,block15.W2,5,16,0.5140770673751831,0.5118631720542908,0.002213895320892334
final,32,block15.W2,6,16,0.4078297019004822,0.4082257151603699,0.0003960132598876953
final,32,block15.W2,7,16,0.40021345019340515,0.3988749384880066,0.0013385117053985596
final,32,block15.W2,8,16,0.3737609386444092,0.3707703649997711,0.0029905736446380615
final,32,block15.W2,9,16,0.5199262499809265,0.5200949907302856,0.00016874074935913086
final,32,block15.W2,10,16,0.4508211016654968,0.4514196217060089,0.000598520040512085
final,32,block15.W2,11,16,0.3937198221683502,0.39342832565307617,0.00029149651527404785
final,32,block15.W2,12,16,0.5786151885986328,0.5785602927207947,5.4895877838134766e-05
final,32,block15.W2,13,16,0.34802258014678955,0.34769293665885925,0.00032964348793029785
final,32,block15.W2,14,16,0.5416011810302734,0.5422908067703247,0.0006896257400512695
final,32,block15.W2,15,16,0.5380911827087402,0.5392044186592102,0.0011132359504699707
final,32,block15.W2,16,16,0.5148134827613831,0.513526201248169,0.0012872815132141113
final,32,block15.W2,17,16,0.5938224196434021,0.5931236743927002,0.0006987452507019043
final,32,block15.W2,18,16,0.6418581008911133,0.6404318809509277,0.0014262199401855469
final,32,block15.W2,19,16,0.4898253381252289,0.48937585949897766,0.0004494786262512207
final,32,block15.W2,20,16,0.4239685833454132,0.4237572252750397,0.00021135807037353516
final,32,block15.W2,21,16,0.38879650831222534,0.38618308305740356,0.0026134252548217773
final,32,block15.W2,22,16,0.38521045446395874,0.38412660360336304,0.0010838508605957031
final,32,block15.W2,23,16,0.4080793559551239,0.4091947078704834,0.001115351915359497
final,32,block15.W2,24,16,0.45477789640426636,0.45484277606010437,6.48796558380127e-05
final,32,block15.W2,25,16,0.42057937383651733,0.4183792769908905,0.002200096845626831
final,32,block15.W2,26,16,0.39237046241760254,0.39051389694213867,0.0018565654754638672
final,32,block15.W2,27,16,0.4777722954750061,0.47771474719047546,5.754828453063965e-05
final,32,block15.W2,28,16,0.4377983510494232,0.43830788135528564,0.0005095303058624268
final,32,block15.W2,29,16,0.4868963360786438,0.4896917939186096,0.0027954578399658203
final,32,block15.W2,30,16,0.5625860095024109,0.5623427629470825,0.00024324655532836914
final,32,block15.W2,31,16,0.4200061857700348,0.42044657468795776,0.00044038891792297363
final,32,block15.W2,32,16,0.3669728934764862,0.3691299855709076,0.0021570920944213867
final,32,block15.W2,33,16,0.4982248544692993,0.49756908416748047,0.0006557703018188477
final,32,block15.W2,34,16,0.5042403936386108,0.5062935948371887,0.002053201198577881
final,32,block15.W2,35,16,0.47687873244285583,0.4804774820804596,0.0035987496376037598
final,32,block15.W2,36,16,0.5909947752952576,0.590672492980957,0.0003222823143005371
final,32,block15.W2,37,16,0.47554850578308105,0.472159743309021,0.0033887624740600586
final,32,block15.W2,38,16,0.4453285336494446,0.4435555934906006,0.0017729401588439941
final,32,block15.W2,39,16,0.42034560441970825,0.42011401057243347,0.00023159384727478027
final,32,block15.W2,40,16,0.5753473043441772,0.5723574757575989,0.002989828586578369
final,32,block15.W2,41,16,0.43325409293174744,0.43546241521835327,0.002208322286605835
final,32,block15.W2,42,16,0.4073821008205414,0.40790310502052307,0.0005210041999816895
final,32,block15.W2,43,16,0.5418761968612671,0.5419185161590576,4.2319297790527344e-05
final,32,block15.W2,44,16,0.38528549671173096,0.3833102881908417,0.0019752085208892822
final,32,block15.W2,45,16,0.5423114895820618,0.5418766140937805,0.00043487548828125
final,32,block15.W2,46,16,0.5546258687973022,0.555404782295227,0.0007789134979248047
final,32,block15.W2,47,16,0.4627574384212494,0.46088942885398865,0.0018680095672607422
final,32,block15.W2,48,16,0.43427774310112,0.43474021553993225,0.00046247243881225586
final,32,block15.W2,49,16,0.4251821041107178,0.42459985613822937,0.0005822479724884033
final,32,block15.W2,50,16,0.3352149724960327,0.3331240117549896,0.002090960741043091
final,32,block15.W2,51,16,0.470679372549057,0.47324714064598083,0.002567768096923828
final,32,block15.W2,52,16,0.40227821469306946,0.39972028136253357,0.0025579333305358887
final,32,block15.W2,53,16,0.4628932476043701,0.4599502980709076,0.0029429495334625244
final,32,block15.W2,54,16,0.4662059545516968,0.4658019542694092,0.00040400028228759766
final,32,block15.W2,55,16,0.5194872617721558,0.5229126811027527,0.003425419330596924
final,32,block15.W2,56,16,0.42991578578948975,0.4300222396850586,0.00010645389556884766
final,32,block15.W2,57,16,0.436921626329422,0.4376775324344635,0.0007559061050415039
final,32,block15.W2,58,16,0.552425742149353,0.5493872165679932,0.0030385255813598633
final,32,block15.W2,59,16,0.4492170810699463,0.44906097650527954,0.00015610456466674805
final,32,block15.W2,60,16,0.5478910207748413,0.5446877479553223,0.003203272819519043
final,32,block15.W2,61,16,0.44540849328041077,0.4438592791557312,0.0015492141246795654
final,32,block15.W2,62,16,0.4203290045261383,0.42236870527267456,0.002039700746536255
final,32,block15.W2,63,16,0.48209431767463684,0.4805867075920105,0.0015076100826263428
final,33,block16.W1,0,16,0.4582797586917877,0.4582776725292206,2.086162567138672e-06
final,33,block16.W1,1,16,0.40900179743766785,0.40964290499687195,0.0006411075592041016
final,33,block16.W1,2,16,0.4315569996833801,0.43047118186950684,0.001085817813873291
final,33,block16.W1,3,16,0.3614605963230133,0.3623724579811096,0.0009118616580963135
final,33,block16.W1,4,16,0.48753464221954346,0.4883159399032593,0.0007812976837158203
final,33,block16.W1,5,16,0.49363476037979126,0.4932367205619812,0.0003980398178100586
final,33,block16.W1,6,16,0.5116866827011108,0.5102963447570801,0.0013903379440307617
final,33,block16.W1,7,16,0.4523572325706482,0.4535696804523468,0.0012124478816986084
final,33,block16.W1,8,16,0.5077369809150696,0.5086567997932434,0.0009198188781738281
final,33,block16.W1,9,16,0.4426947236061096,0.4423459470272064,0.00034877657890319824
final,33,block16.W1,10,16,0.47508832812309265,0.474576860666275,0.000511467456817627
final,33,block16.W1,11,16,0.4265941083431244,0.426790326833725,0.00019621849060058594
final,33,block16.W1,12,16,0.44385507702827454,0.4432299733161926,0.0006251037120819092
final,33,block16.W1,13,16,0.569760799407959,0.5708117485046387,0.0010509490966796875
final,33,block16.W1,14,16,0.419889360666275,0.4183370769023895,0.001552283763885498
final,33,block16.W1,15,16,0.47425320744514465,0.4745159149169922,0.0002627074718475342
final,33,block16.W1,16,16,0.4162884056568146,0.41597282886505127,0.00031557679176330566
final,33,block16.W1,17,16,0.49437132477760315,0.4932172894477844,0.0011540353298187256
final,33,block16.W1,18,16,0.5571926832199097,0.5577764511108398,0.0005837678909301758
final,33,block16.W1,19,16,0.5087696313858032,0.510159432888031,0.0013898015022277832
final,33,block16.W1,20,16,0.484050452709198,0.48343250155448914,0.0006179511547088623
final,33,block16.W1,21,16,0.5584430694580078,0.5583168864250183,0.00012618303298950195
final,33,block16.W1,22,16,0.40885353088378906,0.4107193052768707,0.001865774393081665
final,33,block16.W1,23,16,0.44246336817741394,0.44204598665237427,0.00041738152503967285
final,33,block16.W1,24,16,0.4697875678539276,0.46998104453086853,0.00019347667694091797
final,33,block16.W1,25,16,0.4407549500465393,0.44067123532295227,8.371472358703613e-05
final,33,block16.W1,26,16,0.5554043650627136,0.5586134195327759,0.003209054470062256
final,33,block16.W1,27,16,0.49571436643600464,0.49475008249282837,0.0009642839431762695
final,33,block16.W1,28,16,0.48549073934555054,0.4846888482570648,0.0008018910884857178
final,33,block16.W1,29,16,0.5247669816017151,0.5250157713890076,0.00024878978729248047
final,33,block16.W1,30,16,0.5605437159538269,0.5609965920448303,0.00045287609100341797
final,33,block16.W1,31,16,0.4099542796611786,0.41114506125450134,0.001190781593322754
final,33,block16.W1,32,16,0.3659338355064392,0.36785829067230225,0.0019244551658630371
final,33,block16.W1,33,16,0.5632297992706299,0.5612979531288147,0.0019318461418151855
final,33,block16.W1,34,16,0.4709114730358124,0.47065070271492004,0.000260770320892334
final,33,block16.W1,35,16,0.4067603647708893,0.40847769379615784,0.0017173290252685547
final,33,block16.W1,36,16,0.40306511521339417,0.404295951128006,0.0012308359146118164
final,33,block16.W1,37,16,0.47365590929985046,0.4714534282684326,0.0022024810314178467
final,33,block16.W1,38,16,0.5036745071411133,0.5033143162727356,0.00036019086837768555
final,33,block16.W1,39,16,0.42225009202957153,0.4217914640903473,0.00045862793922424316
final,33,block16.W1,40,16,0.5558949112892151,0.5565431714057922,0.0006482601165771484
final,33,block16.W1,41,16,0.524919331073761,0.5232385396957397,0.0016807913780212402
final,33,block16.W1,42,16,0.4998595118522644,0.5016224980354309,0.001762986183166504
final,33,block16.W1,43,16,0.5016412734985352,0.4981422424316406,0.0034990310668945312
final,33,block16.W1,44,16,0.4484904408454895,0.4521584212779999,0.003667980432510376
final,33,block16.W1,45,16,0.4950167238712311,0.4948708117008209,0.00014591217041015625
final,33,block16.W1,46,16,0.44680649042129517,0.44552624225616455,0.0012802481651306152
final,33,block16.W1,47,16,0.6423125863075256,0.640576958656311,0.0017356276512145996
final,33,block16.W1,48,16,0.46437332034111023,0.4655765891075134,0.0012032687664031982
final,33,block16.W1,49,16,0.40993356704711914,0.41032272577285767,0.0003891587257385254
final,33,block16.W1,50,16,0.47540003061294556,0.47398641705513,0.0014136135578155518
final,33,block16.W1,51,16,0.501379668712616,0.5005786418914795,0.0008010268211364746
final,33,block16.W1,52,16,0.5747817754745483,0.5731598138809204,0.0016219615936279297
final,33,block16.W1,53,16,0.414898544549942,0.41629737615585327,0.0013988316059112549
final,33,block16.W1,54,16,0.4295583665370941,0.4305935800075531,0.0010352134704589844
final,33,block16.W1,55,16,0.4885529577732086,0.4878568649291992,0.0006960928440093994
final,33,block16.W1,56,16,0.3705776631832123,0.37092360854148865,0.0003459453582763672
final,33,block16.W1,57,16,0.47522249817848206,0.4771282374858856,0.0019057393074035645
final,33,block16.W1,58,16,0.4430409371852875,0.44183510541915894,0.00120583176612854
final,33,block16.W1,59,16,0.41380587220191956,0.41442039608955383,0.0006145238876342773
final,33,block16.W1,60,16,0.45426660776138306,0.452129989862442,0.00213661789894104
final,33,block16.W1,61,16,0.7169008255004883,0.719005823135376,0.0021049976348876953
final,33,block16.W1,62,16,0.5072137117385864,0.5068172812461853,0.00039643049240112305
final,33,block16.W1,63,16,0.4385460317134857,0.43795064091682434,0.000595390796661377
final,34,block16.W2,0,16,0.44397470355033875,0.4451892375946045,0.001214534044265747
final,34,block16.W2,1,16,0.5033277869224548,0.5024959444999695,0.0008318424224853516
final,34,block16.W2,2,16,0.4025498926639557,0.4027787148952484,0.0002288222312927246
final,34,block16.W2,3,16,0.46982240676879883,0.46851682662963867,0.0013055801391601562
final,34,block16.W2,4,16,0.39233723282814026,0.3936289846897125,0.0012917518615722656
final,34,block16.W2,5,16,0.5732375383377075,0.5732470154762268,9.47713851928711e-06
final,34,block16.W2,6,16,0.43267762660980225,0.4328225255012512,0.0001448988914489746
final,34,block16.W2,7,16,0.4103625416755676,0.41122937202453613,0.0008668303489685059
final,34,block16.W2,8,16,0.4966016411781311,0.497087299823761,0.0004856586456298828
final,34,block16.W2,9,16,0.6139463782310486,0.6126658916473389,0.0012804865837097168
final,34,block16.W2,10,16,0.4226868450641632,0.4218786954879761,0.0008081495761871338
final,34,block16.W2,11,16,0.3642764091491699,0.36616992950439453,0.0018935203552246094
final,34,block16.W2,12,16,0.4508407413959503,0.45037055015563965,0.00047019124031066895
final,34,block16.W2,13,16,0.4849168360233307,0.4859655797481537,0.001048743724822998
final,34,block16.W2,14,16,0.40671682357788086,0.4068683385848999,0.00015151500701904297
final,34,block16.W2,15,16,0.4762018918991089,0.4763581156730652,0.00015622377395629883
final,34,block16.W2,16,16,0.418913871049881,0.4202856719493866,0.0013718008995056152
final,34,block16.W2,17,16,0.47194063663482666,0.47159436345100403,0.00034627318382263184
final,34,block16.W2,18,16,0.536453366279602,0.5373133420944214,0.0008599758148193359
final,34,block16.W2,19,16,0.41836947202682495,0.4172331392765045,0.0011363327503204346
final,34,block16.W2,20,16,0.5545926094055176,0.5554251670837402,0.0008325576782226562
final,34,block16.W2,21,16,0.5361613035202026,0.5339409708976746,0.002220332622528076
final,34,block16.W2,22,16,0.5592789053916931,0.5603171586990356,0.0010382533073425293
final,34,block16.W2,23,16,0.5785672664642334,0.5781510472297668,0.00041621923446655273
final,34,block16.W2,24,16,0.6574724912643433,0.6576577425003052,0.00018525123596191406
final,34,block16.W2,25,16,0.5021616816520691,0.5005965828895569,0.001565098762512207
final,34,block16.W2,26,16,0.4281637966632843,0.42689773440361023,0.0012660622596740723
final,34,block16.W2,27,16,0.4273054897785187,0.4257515072822571,0.0015539824962615967
final,34,block16.W2,28,16,0.48400118947029114,0.4839530885219574,4.8100948333740234e-05
final,34,block16.W2,29,16,0.5336892604827881,0.5356435179710388,0.0019542574882507324
final,34,block16.W2,30,16,0.35619252920150757,0.35669881105422974,0.000506281852722168
final,34,block16.W2,31,16,0.47418326139450073,0.47058117389678955,0.0036020874977111816
final,34,block16.W2,32,16,0.4393772780895233,0.4396735727787018,0.0002962946891784668
final,34,block16.W2,33,16,0.40414243936538696,0.40369805693626404,0.0004443824291229248
final,34,block16.W2,34,16,0.5044933557510376,0.5066822171211243,0.00218886137008667
final,34,block16.W2,35,16,0.5116738080978394,0.5117152333259583,4.1425228118896484e-05
final,34,block16.W2,36,16,0.4550437927246094,0.4534231126308441,0.0016206800937652588
final,34,block16.W2,37,16,0.48748502135276794,0.48646312952041626,0.0010218918323516846
final,34,block16.W2,38,16,0.4425826072692871,0.44178086519241333,0.0008017420768737793
final,34,block16.W2,39,16,0.4963321387767792,0.49536773562431335,0.0009644031524658203
final,34,block16.W2,40,16,0.5461318492889404,0.5468935966491699,0.0007617473602294922
final,34,block16.W2,41,16,0.3988659679889679,0.3981907367706299,0.0006752312183380127
final,34,block16.W2,42,16,0.6547337174415588,0.658180832862854,0.003447115421295166
final,34,block16.W2,43,16,0.4322781562805176,0.4323713183403015,9.316205978393555e-05
final,34,block16.W2,44,16,0.39179039001464844,0.39087700843811035,0.0009133815765380859
final,34,block16.W2,45,16,0.42822325229644775,0.4284933805465698,0.0002701282501220703
final,34,block16.W2,46,16,0.43726590275764465,0.43876245617866516,0.0014965534210205078
final,34,block16.W2,47,16,0.5438263416290283,0.5466510653495789,0.002824723720550537
final,34,block16.W2,48,16,0.4390542805194855,0.43999433517456055,0.0009400546550750732
final,34,block16.W2,49,16,0.4408903419971466,0.4417332410812378,0.0008428990840911865
final,34,block16.W2,50,16,0.5149868130683899,0.5137107968330383,0.0012760162353515625
final,34,block16.W2,51,16,0.5020365118980408,0.5006185173988342,0.001417994499206543
final,34,block16.W2,52,16,0.408300518989563,0.40763574838638306,0.0006647706031799316
final,34,block16.W2,53,16,0.5787597298622131,0.5791188478469849,0.0003591179847717285
final,34,block16.W2,54,16,0.4323042035102844,0.43283963203430176,0.000535428524017334
final,34,block16.W2,55,16,0.5199322700500488,0.5222751498222351,0.0023428797721862793
final,34,block16.W2,56,16,0.4958500862121582,0.4950140416622162,0.0008360445499420166
final,34,block16.W2,57,16,0.3333377242088318,0.3336712419986725,0.00033351778984069824
final,34,block16.W2,58,16,0.3731553852558136,0.37262454628944397,0.0005308389663696289
final,34,block16.W2,59,16,0.5139546990394592,0.5132599472999573,0.0006947517395019531
final,34,block16.W2,60,16,0.5231294631958008,0.5245012640953064,0.0013718008995056152
final,34,block16.W2,61,16,0.4411349594593048,0.44013115763664246,0.0010038018226623535
final,34,block16.W2,62,16,0.4984646141529083,0.49557027220726013,0.0028943419456481934
final,34,block16.W2,63,16,0.4783499240875244,0.476997435092926,0.0013524889945983887
final,35,block17.W1,0,16,0.4025889039039612,0.4030238389968872,0.0004349350929260254
final,35,block17.W1,1,16,0.3760281205177307,0.37543120980262756,0.0005969107151031494
final,35,block17.W1,2,16,0.4903394281864166,0.4916987717151642,0.0013593435287475586
final,35,block17.W1,3,16,0.4394098222255707,0.44013121724128723,0.0007213950157165527
final,35,block17.W1,4,16,0.4912882149219513,0.49186232686042786,0.0005741119384765625
final,35,block17.W1,5,16,0.5388143658638,0.5394732356071472,0.000658869743347168
final,35,block17.W1,6,16,0.49001505970954895,0.49075910449028015,0.0007440447807312012
final,35,block17.W1,7,16,0.49231311678886414,0.49197643995285034,0.00033667683601379395
final,35,block17.W1,8,16,0.5218379497528076,0.5216155052185059,0.0002224445343017578
final,35,block17.W1,9,16,0.5227376818656921,0.5220122337341309,0.0007254481315612793
final,35,block17.W1,10,16,0.4585113227367401,0.45677220821380615,0.00173911452293396
final,35,block17.W1,11,16,0.4439612627029419,0.4453210234642029,0.0013597607612609863
final,35,block17.W1,12,16,0.5187198519706726,0.5175375938415527,0.001182258129119873
final,35,block17.W1,13,16,0.514052152633667,0.5133280158042908,0.0007241368293762207
final,35,block17.W1,14,16,0.4266691207885742,0.42712849378585815,0.00045937299728393555
final,35,block17.W1,15,16,0.4713083803653717,0.4706476628780365,0.0006607174873352051
final,35,block17.W1,16,16,0.43478551506996155,0.43636202812194824,0.0015765130519866943
final,35,block17.W1,17,16,0.36825689673423767,0.36794984340667725,0.0003070533275604248
final,35,block17.W1,18,16,0.48534804582595825,0.4851893186569214,0.00015872716903686523
final,35,block17.W1,19,16,0.3883253037929535,0.3910655081272125,0.002740204334259033
final,35,block17.W1,20,16,0.5333730578422546,0.5357384085655212,0.0023653507232666016
final,35,block17.W1,21,16,0.430038183927536,0.43163806200027466,0.0015998780727386475
final,35,block17.W1,22,16,0.43343985080718994,0.4340877830982208,0.0006479322910308838
final,35,block17.W1,23,16,0.5385512113571167,0.5366676449775696,0.0018835663795471191
final,35,block17.W1,24,16,0.506611168384552,0.5076366662979126,0.0010254979133605957
final,35,block17.W1,25,16,0.48628664016723633,0.4861050546169281,0.00018158555030822754
final,35,block17.W1,26,16,0.43695542216300964,0.43701574206352234,6.031990051269531e-05
final,35,block17.W1,27,16,0.4597804546356201,0.45839130878448486,0.001389145851135254
final,35,block17.W1,28,16,0.5006313323974609,0.49911344051361084,0.0015178918838500977
final,35,block17.W1,29,16,0.48019343614578247,0.47982582449913025,0.0003676116466522217
final,35,block17.W1,30,16,0.3833574056625366,0.3832981288433075,5.9276819229125977e-05
final,35,block17.W1,31,16,0.3800659477710724,0.3783521056175232,0.0017138421535491943
final,35,block17.W1,32,16,0.5709360837936401,0.5719283819198608,0.0009922981262207031
final,35,block17.W1,33,16,0.5345860719680786,0.5342923402786255,0.000293731689453125
final,35,block17.W1,34,16,0.5164462924003601,0.516552746295929,0.00010645389556884766
final,35,block17.W1,35,16,0.4767436981201172,0.47392821311950684,0.0028154850006103516
final,35,block17.W1,36,16,0.4661000967025757,0.4652878940105438,0.0008122026920318604
final,35,block17.W1,37,16,0.4389399290084839,0.43827149271965027,0.0006684362888336182
final,35,block17.W1,38,16,0.4994652271270752,0.4977439343929291,0.0017212927341461182
final,35,block17.W1,39,16,0.4682716131210327,0.4693099558353424,0.0010383427143096924
final,35,block17.W1,40,16,0.43312591314315796,0.43414267897605896,0.001016765832901001
final,35,block17.W1,41,16,0.45978087186813354,0.45957958698272705,0.00020128488540649414
final,35,block17.W1,42,16,0.46180757880210876,0.4620058238506317,0.00019824504852294922
final,35,block17.W1,43,16,0.3786317706108093,0.37996014952659607,0.0013283789157867432
final,35,block17.W1,44,16,0.46028605103492737,0.4606792628765106,0.00039321184158325195
final,35,block17.W1,45,16,0.46953579783439636,0.4698154032230377,0.0002796053886413574
final,35,block17.W1,46,16,0.5322277545928955,0.5343437194824219,0.002115964889526367
final,35,block17.W1,47,16,0.3301706314086914,0.33045142889022827,0.00028079748153686523
final,35,block17.W1,48,16,0.5146210789680481,0.5125963091850281,0.0020247697830200195
final,35,block17.W1,49,16,0.4304230511188507,0.43294796347618103,0.0025249123573303223
final,35,block17.W1,50,16,0.4195321500301361,0.4200819730758667,0.0005498230457305908
final,35,block17.W1,51,16,0.3223336935043335,0.32014936208724976,0.0021843314170837402
final,35,block17.W1,52,16,0.3835337162017822,0.38415470719337463,0.0006209909915924072
final,35,block17.W1,53,16,0.46704360842704773,0.4662174880504608,0.0008261203765869141
final,35,block17.W1,54,16,0.5338152050971985,0.5334301590919495,0.00038504600524902344
final,35,block17.W1,55,16,0.5140892267227173,0.5129973292350769,0.0010918974876403809
final,35,block17.W1,56,16,0.45363423228263855,0.4538184404373169,0.00018420815467834473
final,35,block17.W1,57,16,0.5049008727073669,0.5039950013160706,0.0009058713912963867
final,35,block17.W1,58,16,0.4535123109817505,0.4521925747394562,0.0013197362422943115
final,35,block17.W1,59,16,0.4984801411628723,0.4958880543708801,0.0025920867919921875
final,35,block17.W1,60,16,0.453406423330307,0.45213615894317627,0.0012702643871307373
final,35,block17.W1,61,16,0.5607736110687256,0.560132622718811,0.0006409883499145508
final,35,block17.W1,62,16,0.41478514671325684,0.4159725308418274,0.0011873841285705566
final,35,block17.W1,63,16,0.4525224268436432,0.45478203892707825,0.0022596120834350586
final,36,block17.W2,0,16,0.360490620136261,0.3594159185886383,0.0010747015476226807
final,36,block17.W2,1,16,0.4407888352870941,0.44152677059173584,0.0007379353046417236
final,36,block17.W2,2,16,0.45115169882774353,0.45287954807281494,0.0017278492450714111
final,36,block17.W2,3,16,0.4618244469165802,0.4604802131652832,0.001344233751296997
final,36,block17.W2,4,16,0.5265471339225769,0.5258862972259521,0.0006608366966247559
final,36,block17.W2,5,16,0.41347405314445496,0.41425806283950806,0.0007840096950531006
final,36,block17.W2,6,16,0.39924517273902893,0.3993528485298157,0.00010767579078674316
final,36,block17.W2,7,16,0.45451217889785767,0.45465177297592163,0.00013959407806396484
final,36,block17.W2,8,16,0.423271507024765,0.42311760783195496,0.0001538991928100586
final,36,block17.W2,9,16,0.5008853077888489,0.4997728765010834,0.001112431287765503
final,36,block17.W2,10,16,0.36539706587791443,0.3650696277618408,0.0003274381160736084
final,36,block17.W2,11,16,0.4749322831630707,0.4763062596321106,0.001373976469039917
final,36,block17.W2,12,16,0.4598449766635895,0.45982351899147034,2.1457672119140625e-05
final,36,block17.W2,13,16,0.41520974040031433,0.41487354040145874,0.0003361999988555908
final,36,block17.W2,14,16,0.5145862698554993,0.5171027183532715,0.002516448497772217
final,36,block17.W2,15,16,0.47759389877319336,0.47720423340797424,0.0003896653652191162
final,36,block17.W2,16,16,0.5242828726768494,0.5207625031471252,0.003520369529724121
final,36,block17.W2,17,16,0.5372830033302307,0.5371095538139343,0.00017344951629638672
final,36,block17.W2,18,16,0.40572813153266907,0.4067622423171997,0.0010341107845306396
final,36,block17.W2,19,16,0.5245838165283203,0.5249718427658081,0.00038802623748779297
final,36,block17.W2,20,16,0.4031998813152313,0.40316468477249146,3.5196542739868164e-05
final,36,block17.W2,21,16,0.47702756524086,0.4771188795566559,9.131431579589844e-05
final,36,block17.W2,22,16,0.40648728609085083,0.4104616045951843,0.003974318504333496
final,36,block17.W2,23,16,0.5628223419189453,0.5616500973701477,0.0011722445487976074
final,36,block17.W2,24,16,0.5278868079185486,0.5275110602378845,0.0003757476806640625
final,36,block17.W2,25,16,0.3917688727378845,0.3921050727367401,0.0003361999988555908
final,36,block17.W2,26,16,0.49105626344680786,0.49119633436203003,0.00014007091522216797
final,36,block17.W2,27,16,0.5052679181098938,0.5070326924324036,0.0017647743225097656
final,36,block17.W2,28,16,0.6066991090774536,0.6070127487182617,0.00031363964080810547
final,36,block17.W2,29,16,0.42039671540260315,0.4213942587375641,0.0009975433349609375
final,36,block17.W2,30,16,0.5520254969596863,0.5521395206451416,0.00011402368545532227
final,36,block17.W2,31,16,0.4292837083339691,0.4293256402015686,4.1931867599487305e-05
final,36,block17.W2,32,16,0.552954912185669,0.5528547167778015,0.00010019540786743164
final,36,block17.W2,33,16,0.5275495052337646,0.5269595384597778,0.0005899667739868164
final,36,block17.W2,34,16,0.3838861286640167,0.3849593997001648,0.0010732710361480713
final,36,block17.W2,35,16,0.5586785674095154,0.558973491191864,0.0002949237823486328
final,36,block17.W2,36,16,0.4072054922580719,0.4061923325061798,0.0010131597518920898
final,36,block17.W2,37,16,0.4180750846862793,0.4199424088001251,0.0018673241138458252
final,36,block17.W2,38,16,0.5326676368713379,0.5315361618995667,0.0011314749717712402
final,36,block17.W2,39,16,0.4307800829410553,0.4302893877029419,0.0004906952381134033
final,36,block17.W2,40,16,0.5136632919311523,0.5150380730628967,0.0013747811317443848
final,36,block17.W2,41,16,0.48264390230178833,0.48237305879592896,0.000270843505859375
final,36,block17.W2,42,16,0.4113236963748932,0.4105168581008911,0.0008068382740020752
final,36,block17.W2,43,16,0.4724648892879486,0.4704779088497162,0.001986980438232422
final,36,block17.W2,44,16,0.4948120713233948,0.49334025382995605,0.0014718174934387207
final,36,block17.W2,45,16,0.531673789024353,0.5311349630355835,0.0005388259887695312
final,36,block17.W2,46,16,0.49429750442504883,0.4916277527809143,0.0026697516441345215
final,36,block17.W2,47,16,0.4649828374385834,0.4631919860839844,0.001790851354598999
final,36,block17.W2,48,16,0.5792470574378967,0.5802683234214783,0.001021265983581543
final,36,block17.W2,49,16,0.4430699050426483,0.44110462069511414,0.0019652843475341797
final,36,block17.W2,50,16,0.4167269468307495,0.415385901927948,0.0013410449028015137
final,36,block17.W2,51,16,0.46317288279533386,0.4623687267303467,0.0008041560649871826
final,36,block17.W2,52,16,0.4145258665084839,0.41633060574531555,0.001804739236831665
final,36,block17.W2,53,16,0.4529098868370056,0.45538073778152466,0.002470850944519043
final,36,block17.W2,54,16,0.41486799716949463,0.41428449749946594,0.0005834996700286865
final,36,block17.W2,55,16,0.48167985677719116,0.4824180603027344,0.0007382035255432129
final,36,block17.W2,56,16,0.5191453099250793,0.52232426404953,0.0031789541244506836
final,36,block17.W2,57,16,0.41492554545402527,0.4160361588001251,0.0011106133460998535
final,36,block17.W2,58,16,0.43431520462036133,0.43824321031570435,0.003928005695343018
final,36,block17.W2,59,16,0.41275638341903687,0.4118158519268036,0.0009405314922332764
final,36,block17.W2,60,16,0.3575611710548401,0.3577899932861328,0.0002288222312927246
final,36,block17.W2,61,16,0.5224475264549255,0.5216882824897766,0.0007592439651489258
final,36,block17.W2,62,16,0.39986249804496765,0.399152547121048,0.0007099509239196777
final,36,block17.W2,63,16,0.4165257513523102,0.4175410270690918,0.0010152757167816162
final,37,block18.W1,0,16,0.47414666414260864,0.47489821910858154,0.0007515549659729004
final,37,block18.W1,1,16,0.7002051472663879,0.7014663219451904,0.0012611746788024902
final,37,block18.W1,2,16,0.5117873549461365,0.5120951533317566,0.0003077983856201172
final,37,block18.W1,3,16,0.45114052295684814,0.44976767897605896,0.0013728439807891846
final,37,block18.W1,4,16,0.4430866241455078,0.4431459903717041,5.936622619628906e-05
final,37,block18.W1,5,16,0.4952801764011383,0.49552464485168457,0.00024446845054626465
final,37,block18.W1,6,16,0.3631385266780853,0.36170509457588196,0.0014334321022033691
final,37,block18.W1,7,16,0.5223024487495422,0.5241034626960754,0.0018010139465332031
final,37,block18.W1,8,16,0.4011959135532379,0.3997544050216675,0.0014415085315704346
final,37,block18.W1,9,16,0.5117282867431641,0.5114499926567078,0.00027829408645629883
final,37,block18.W1,10,16,0.5424160361289978,0.541250467300415,0.0011655688285827637
final,37,block18.W1,11,16,0.40714162588119507,0.40578600764274597,0.0013556182384490967
final,37,block18.W1,12,16,0.465476393699646,0.46517688035964966,0.0002995133399963379
final,37,block18.W1,13,16,0.5166131258010864,0.5150397419929504,0.0015733838081359863
final,37,block18.W1,14,16,0.3781597316265106,0.37758973240852356,0.0005699992179870605
final,37,block18.W1,15,16,0.45885369181632996,0.4602207839488983,0.0013670921325683594
final,37,block18.W1,16,16,0.4020056426525116,0.40176016092300415,0.0002454817295074463
final,37,block18.W1,17,16,0.4126010537147522,0.4105915129184723,0.0020095407962799072
final,37,block18.W1,18,16,0.44996368885040283,0.4501849114894867,0.0002212226390838623
final,37,block18.W1,19,16,0.49082934856414795,0.49043238162994385,0.00039696693420410156
final,37,block18.W1,20,16,0.45524629950523376,0.45438194274902344,0.0008643567562103271
final,37,block18.W1,21,16,0.47695687413215637,0.4758060574531555,0.0011508166790008545
final,37,block18.W1,22,16,0.44906094670295715,0.44785076379776,0.0012101829051971436
final,37,block18.W1,23,16,0.5895148515701294,0.5872460007667542,0.002268850803375244
final,37,block18.W1,24,16,0.5286057591438293,0.5286983251571655,9.256601333618164e-05
final,37,block18.W1,25,16,0.43782538175582886,0.43622350692749023,0.001601874828338623
final,37,block18.W1,26,16,0.5177027583122253,0.5177513360977173,4.857778549194336e-05
final,37,block18.W1,27,16,0.5691564679145813,0.568634569644928,0.0005218982696533203
final,37,block18.W1,28,16,0.4527507722377777,0.4535020887851715,0.0007513165473937988
final,37,block18.W1,29,16,0.5197184085845947,0.5195639133453369,0.0001544952392578125
final,37,block18.W1,30,16,0.5608834624290466,0.5600767135620117,0.0008067488670349121
final,37,block18.W1,31,16,0.45726117491722107,0.4580741822719574,0.0008130073547363281
final,37,block18.W1,32,16,0.43228796124458313,0.4323815107345581,9.354948997497559e-05
final,37,block18.W1,33,16,0.5902156233787537,0.5880230665206909,0.002192556858062744
final,37,block18.W1,34,16,0.5169219970703125,0.5159318447113037,0.000990152359008789
final,37,block18.W1,35,16,0.3864966034889221,0.38626956939697266,0.0002270340919494629
final,37,block18.W1,36,16,0.5827974677085876,0.5848664045333862,0.002068936824798584
final,37,block18.W1,37,16,0.4363037943840027,0.43528711795806885,0.0010166764259338379
final,37,block18.W1,38,16,0.45515382289886475,0.45482879877090454,0.0003250241279602051
final,37,block18.W1,39,16,0.4001888334751129,0.39911186695098877,0.0010769665241241455
final,37,block18.W1,40,16,0.5548549890518188,0.5541922450065613,0.0006627440452575684
final,37,block18.W1,41,16,0.42088112235069275,0.4202425181865692,0.0006386041641235352
final,37,block18.W1,42,16,0.4451135993003845,0.44521278142929077,9.918212890625e-05
final,37,block18.W1,43,16,0.5658203959465027,0.5667544007301331,0.0009340047836303711
final,37,block18.W1,44,16,0.4904196262359619,0.4884958863258362,0.0019237399101257324
final,37,block18.W1,45,16,0.548869788646698,0.5489920377731323,0.00012224912643432617
final,37,block18.W1,46,16,0.44570863246917725,0.44456467032432556,0.0011439621448516846
final,37,block18.W1,47,16,0.525607705116272,0.524771511554718,0.0008361935615539551
final,37,block18.W1,48,16,0.4100307822227478,0.4090510308742523,0.0009797513484954834
final,37,block18.W1,49,16,0.6825282573699951,0.6815496683120728,0.0009785890579223633
final,37,block18.W1,50,16,0.4826625883579254,0.48290199041366577,0.00023940205574035645
final,37,block18.W1,51,16,0.49192991852760315,0.4928857982158661,0.0009558796882629395
final,37,block18.W1,52,16,0.4869086742401123,0.48772215843200684,0.0008134841918945312
final,37,block18.W1,53,16,0.45299139618873596,0.4533827304840088,0.00039133429527282715
final,37,block18.W1,54,16,0.5051790475845337,0.5029560923576355,0.0022229552268981934
final,37,block18.W1,55,16,0.41823485493659973,0.4179113805294037,0.0003234744071960449
final,37,block18.W1,56,16,0.4289079010486603,0.4289373755455017,2.9474496841430664e-05
final,37,block18.W1,57,16,0.4267387092113495,0.42582741379737854,0.0009112954139709473
final,37,block18.W1,58,16,0.4808769226074219,0.48261788487434387,0.001740962266921997
final,37,block18.W1,59,16,0.40490686893463135,0.4047919511795044,0.00011491775512695312
final,37,block18.W1,60,16,0.43004581332206726,0.4314814507961273,0.0014356374740600586
final,37,block18.W1,61,16,0.5102448463439941,0.5105463266372681,0.0003014802932739258
final,37,block18.W1,62,16,0.488990843296051,0.4879462718963623,0.0010445713996887207
final,37,block18.W1,63,16,0.4571504592895508,0.4570575952529907,9.28640365600586e-05
final,38,block18.W2,0,16,0.47428715229034424,0.4744736850261688,0.00018653273582458496
final,38,block18.W2,1,16,0.660550057888031,0.6613477468490601,0.0007976889610290527
final,38,block18.W2,2,16,0.42389461398124695,0.4226638972759247,0.0012307167053222656
final,38,block18.W2,3,16,0.5007854104042053,0.5019903182983398,0.0012049078941345215
final,38,block18.W2,4,16,0.4421634376049042,0.44189298152923584,0.00027045607566833496
final,38,block18.W2,5,16,0.5043326020240784,0.5047147870063782,0.0003821849822998047
final,38,block18.W2,6,16,0.5134179592132568,0.5143152475357056,0.0008972883224487305
final,38,block18.W2,7,16,0.48880818486213684,0.4882243871688843,0.0005837976932525635
final,38,block18.W2,8,16,0.42826932668685913,0.429256796836853,0.0009874701499938965
final,38,block18.W2,9,16,0.42410042881965637,0.425197035074234,0.0010966062545776367
final,38,block18.W2,10,16,0.5536421537399292,0.5532573461532593,0.0003848075866699219
final,38,block18.W2,11,16,0.4364345073699951,0.43537524342536926,0.0010592639446258545
final,38,block18.W2,12,16,0.4132462441921234,0.4145411550998688,0.0012949109077453613
final,38,block18.W2,13,16,0.365384042263031,0.3647649884223938,0.000619053840637207
final,38,block18.W2,14,16,0.38965722918510437,0.3908732533454895,0.0012160241603851318
final,38,block18.W2,15,16,0.4648604989051819,0.4669964015483856,0.0021359026432037354
final,38,block18.W2,16,16,0.4966355860233307,0.4958738088607788,0.0007617771625518799
final,38,block18.W2,17,16,0.49694108963012695,0.4975031316280365,0.0005620419979095459
final,38,block18.W2,18,16,0.647807776927948,0.6480581760406494,0.000250399112701416
final,38,block18.W2,19,16,0.500236451625824,0.4972267746925354,0.0030096769332885742
final,38,block18.W2,20,16,0.44490471482276917,0.4453173577785492,0.0004126429557800293
final,38,block18.W2,21,16,0.5116732120513916,0.5099478363990784,0.0017253756523132324
final,38,block18.W2,22,16,0.3985666036605835,0.3973372280597687,0.0012293756008148193
final,38,block18.W2,23,16,0.4500073194503784,0.45097973942756653,0.0009724199771881104
final,38,block18.W2,24,16,0.3433217704296112,0.34320294857025146,0.00011882185935974121
final,38,block18.W2,25,16,0.41350987553596497,0.41369667649269104,0.00018680095672607422
final,38,block18.W2,26,16,0.45352891087532043,0.45345404744148254,7.486343383789062e-05
final,38,block18.W2,27,16,0.39922967553138733,0.3986909091472626,0.0005387663841247559
final,38,block18.W2,28,16,0.6125710010528564,0.612913966178894,0.00034296512603759766
final,38,block18.W2,29,16,0.4929662048816681,0.4923498034477234,0.0006164014339447021
final,38,block18.W2,30,16,0.46109363436698914,0.46079084277153015,0.0003027915954589844
final,38,block18.W2,31,16,0.5023397207260132,0.5014162659645081,0.000923454761505127
final,38,block18.W2,32,16,0.46118924021720886,0.4626200795173645,0.0014308393001556396
final,38,block18.W2,33,16,0.4335407018661499,0.431501179933548,0.0020395219326019287
final,38,block18.W2,34,16,0.46250665187835693,0.46103668212890625,0.0014699697494506836
final,38,block18.W2,35,16,0.4755289852619171,0.4745914340019226,0.0009375512599945068
final,38,block18.W2,36,16,0.468233585357666,0.47068625688552856,0.002452671527862549
final,38,block18.W2,37,16,0.4165560305118561,0.4167613089084625,0.0002052783966064453
final,38,block18.W2,38,16,0.41865161061286926,0.417868971824646,0.0007826387882232666
final,38,block18.W2,39,16,0.44610142707824707,0.44577857851982117,0.0003228485584259033
final,38,block18.W2,40,16,0.407737672328949,0.40813660621643066,0.00039893388748168945
final,38,block18.W2,41,16,0.3610137104988098,0.3611508011817932,0.00013709068298339844
final,38,block18.W2,42,16,0.4061174690723419,0.4064694941043854,0.00035202503204345703
final,38,block18.W2,43,16,0.4499034881591797,0.44964277744293213,0.0002607107162475586
final,38,block18.W2,44,16,0.5501708984375,0.5513244271278381,0.0011535286903381348
final,38,block18.W2,45,16,0.40735188126564026,0.4082517623901367,0.00089988112449646
final,38,block18.W2,46,16,0.4556240439414978,0.4543655812740326,0.00125846266746521
final,38,block18.W2,47,16,0.4321652352809906,0.4295453131198883,0.002619922161102295
final,38,block18.W2,48,16,0.4577627182006836,0.4596899449825287,0.0019272267818450928
final,38,block18.W2,49,16,0.3806648552417755,0.3820060193538666,0.0013411641120910645
final,38,block18.W2,50,16,0.5493840575218201,0.5495368242263794,0.00015276670455932617
final,38,block18.W2,51,16,0.46726471185684204,0.46750855445861816,0.00024384260177612305
final,38,block18.W2,52,16,0.484133780002594,0.4830767810344696,0.0010569989681243896
final,38,block18.W2,53,16,0.46990054845809937,0.47127193212509155,0.0013713836669921875
final,38,block18.W2,54,16,0.5203349590301514,0.5186867713928223,0.0016481876373291016
final,38,block18.W2,55,16,0.4421232044696808,0.44239863753318787,0.0002754330635070801
final,38,block18.W2,56,16,0.4928439259529114,0.49251729249954224,0.0003266334533691406
final,38,block18.W2,57,16,0.535187304019928,0.5357173681259155,0.0005300641059875488
final,38,block18.W2,58,16,0.46613243222236633,0.4656558036804199,0.00047662854194641113
final,38,block18.W2,59,16,0.5137807726860046,0.5147249102592468,0.0009441375732421875
final,38,block18.W2,60,16,0.3620196580886841,0.3619699776172638,4.9680471420288086e-05
final,38,block18.W2,61,16,0.4584144651889801,0.45871177315711975,0.00029730796813964844
final,38,block18.W2,62,16,0.4227568209171295,0.4222821891307831,0.00047463178634643555
final,38,block18.W2,63,16,0.43195706605911255,0.43214914202690125,0.0001920759677886963
final,39,block19.W1,0,16,0.4963514506816864,0.4948121905326843,0.0015392601490020752
final,39,block19.W1,1,16,0.4831877052783966,0.4850670397281647,0.0018793344497680664
final,39,block19.W1,2,16,0.6190124154090881,0.6180260181427002,0.0009863972663879395
final,39,block19.W1,3,16,0.393530935049057,0.3942168951034546,0.000685960054397583
final,39,block19.W1,4,16,0.44320252537727356,0.4421810209751129,0.0010215044021606445
final,39,block19.W1,5,16,0.395080029964447,0.3960763216018677,0.0009962916374206543
final,39,block19.W1,6,16,0.433789998292923,0.4354429244995117,0.0016529262065887451
final,39,block19.W1,7,16,0.5157593488693237,0.5167034864425659,0.0009441375732421875
final,39,block19.W1,8,16,0.4619000554084778,0.46128684282302856,0.0006132125854492188
final,39,block19.W1,9,16,0.5262628793716431,0.5252601504325867,0.0010027289390563965
final,39,block19.W1,10,16,0.4597935378551483,0.4604485332965851,0.0006549954414367676
final,39,block19.W1,11,16,0.517498791217804,0.517882764339447,0.0003839731216430664
final,39,block19.W1,12,16,0.3909468948841095,0.3926980495452881,0.0017511546611785889
final,39,block19.W1,13,16,0.37506261467933655,0.37422722578048706,0.0008353888988494873
final,39,block19.W1,14,16,0.4400422275066376,0.44030383229255676,0.00026160478591918945
final,39,block19.W1,15,16,0.558760941028595,0.5601707100868225,0.001409769058227539
final,39,block19.W1,16,16,0.4456010162830353,0.4450693726539612,0.0005316436290740967
final,39,block19.W1,17,16,0.5183717012405396,0.52049720287323,0.0021255016326904297
final,39,block19.W1,18,16,0.619106113910675,0.619552493095398,0.0004463791847229004
final,39,block19.W1,19,16,0.5740649104118347,0.5726815462112427,0.001383364200592041
final,39,block19.W1,20,16,0.540668785572052,0.5417718291282654,0.001103043556213379
final,39,block19.W1,21,16,0.4913843870162964,0.4906172454357147,0.000767141580581665
final,39,block19.W1,22,16,0.37181317806243896,0.37096184492111206,0.0008513331413269043
final,39,block19.W1,23,16,0.47389474511146545,0.47390472888946533,9.98377799987793e-06
final,39,block19.W1,24,16,0.4018605351448059,0.40266549587249756,0.0008049607276916504
final,39,block19.W1,25,16,0.4838595390319824,0.48442205786705017,0.000562518835067749
final,39,block19.W1,26,16,0.44126659631729126,0.44061338901519775,0.0006532073020935059
final,39,block19.W1,27,16,0.3710746765136719,0.3712615966796875,0.000186920166015625
final,39,block19.W1,28,16,0.3713824450969696,0.3715924620628357,0.00021001696586608887
final,39,block19.W1,29,16,0.49074140191078186,0.49001750349998474,0.0007238984107971191
final,39,block19.W1,30,16,0.3788473904132843,0.37982314825057983,0.0009757578372955322
final,39,block19.W1,31,16,0.4171564280986786,0.4183277189731598,0.0011712908744812012
final,39,block19.W1,32,16,0.5016828179359436,0.5013748407363892,0.00030797719955444336
final,39,block19.W1,33,16,0.45365527272224426,0.45329412817955017,0.0003611445426940918
final,39,block19.W1,34,16,0.451028972864151,0.4503469169139862,0.0006820559501647949
final,39,block19.W1,35,16,0.4696618914604187,0.4697820246219635,0.0001201331615447998
final,39,block19.W1,36,16,0.4354557394981384,0.43651431798934937,0.0010585784912109375
final,39,block19.W1,37,16,0.4633709192276001,0.4628768265247345,0.0004940927028656006
final,39,block19.W1,38,16,0.5113977193832397,0.5126992464065552,0.0013015270233154297
final,39,block19.W1,39,16,0.48278263211250305,0.4822956621646881,0.0004869699478149414
final,39,block19.W1,40,16,0.5003714561462402,0.5001794695854187,0.0001919865608215332
final,39,block19.W1,41,16,0.3685976266860962,0.3694491982460022,0.0008515715599060059
final,39,block19.W1,42,16,0.5485363602638245,0.5470412373542786,0.0014951229095458984
final,39,block19.W1,43,16,0.5375146269798279,0.5377581119537354,0.0002434849739074707
final,39,block19.W1,44,16,0.5209317207336426,0.5219078660011292,0.0009761452674865723
final,39,block19.W1,45,16,0.3986158072948456,0.39692947268486023,0.0016863346099853516
final,39,block19.W1,46,16,0.47123783826828003,0.4705404043197632,0.0006974339485168457
final,39,block19.W1,47,16,0.4857986867427826,0.48641258478164673,0.0006138980388641357
final,39,block19.W1,48,16,0.4951000213623047,0.49840956926345825,0.0033095479011535645
final,39,block19.W1,49,16,0.4671165645122528,0.4677899479866028,0.0006733834743499756
final,39,block19.W1,50,16,0.5354602932929993,0.5362488031387329,0.0007885098457336426
final,39,block19.W1,51,16,0.5859518647193909,0.5864452123641968,0.0004933476448059082
final,39,block19.W1,52,16,0.5169506669044495,0.5192421078681946,0.002291440963745117
final,39,block19.W1,53,16,0.50876784324646,0.5103790163993835,0.001611173152923584
final,39,block19.W1,54,16,0.45579010248184204,0.4568612277507782,0.0010711252689361572
final,39,block19.W1,55,16,0.48598960041999817,0.48316094279289246,0.002828657627105713
final,39,block19.W1,56,16,0.4004610478878021,0.4018864035606384,0.0014253556728363037
final,39,block19.W1,57,16,0.4231083393096924,0.42395395040512085,0.0008456110954284668
final,39,block19.W1,58,16,0.5422126054763794,0.543143630027771,0.0009310245513916016
final,39,block19.W1,59,16,0.49561387300491333,0.49483421444892883,0.0007796585559844971
final,39,block19.W1,60,16,0.46578332781791687,0.46602919697761536,0.00024586915969848633
final,39,block19.W1,61,16,0.60667884349823,0.6081638336181641,0.001484990119934082
final,39,block19.W1,62,16,0.5332644581794739,0.5329349040985107,0.00032955408096313477
final,39,block19.W1,63,16,0.538524329662323,0.5393033623695374,0.0007790327072143555
final,40,block19.W2,0,16,0.39619511365890503,0.3949056565761566,0.001289457082748413
final,40,block19.W2,1,16,0.3967492878437042,0.39797887206077576,0.0012295842170715332
final,40,block19.W2,2,16,0.49406763911247253,0.49471166729927063,0.0006440281867980957
final,40,block19.W2,3,16,0.4547020196914673,0.45398107171058655,0.0007209479808807373
final,40,block19.W2,4,16,0.4921211302280426,0.4933055341243744,0.0011844038963317871
final,40,block19.W2,5,16,0.44685572385787964,0.44589298963546753,0.0009627342224121094
final,40,block19.W2,6,16,0.5747684240341187,0.5760565996170044,0.0012881755828857422
final,40,block19.W2,7,16,0.36750155687332153,0.3682733476161957,0.0007717907428741455
final,40,block19.W2,8,16,0.5349437594413757,0.53636634349823,0.001422584056854248
final,40,block19.W2,9,16,0.406598836183548,0.4072105884552002,0.0006117522716522217
final,40,block19.W2,10,16,0.47635534405708313,0.4764209985733032,6.565451622009277e-05
final,40,block19.W2,11,16,0.533045768737793,0.5340312719345093,0.0009855031967163086
final,40,block19.W2,12,16,0.428841769695282,0.42836835980415344,0.00047340989112854004
final,40,block19.W2,13,16,0.41462138295173645,0.4140165448188782,0.0006048381328582764
final,40,block19.W2,14,16,0.5203789472579956,0.5212388038635254,0.0008598566055297852
final,40,block19.W2,15,16,0.41122007369995117,0.4108310341835022,0.0003890395164489746
final,40,block19.W2,16,16,0.5019977688789368,0.5035828948020935,0.0015851259231567383
final,40,block19.W2,17,16,0.3638235330581665,0.3636196553707123,0.00020387768745422363
final,40,block19.W2,18,16,0.43496227264404297,0.43362170457839966,0.0013405680656433105
final,40,block19.W2,19,16,0.5329787731170654,0.5323012471199036,0.0006775259971618652
final,40,block19.W2,20,16,0.5375374555587769,0.5367893576622009,0.0007480978965759277
final,40,block19.W2,21,16,0.5322242975234985,0.5332308411598206,0.0010065436363220215
final,40,block19.W2,22,16,0.5085754990577698,0.5111756920814514,0.0026001930236816406
final,40,block19.W2,23,16,0.5266790390014648,0.5256891250610352,0.0009899139404296875
final,40,block19.W2,24,16,0.5045621395111084,0.5042129755020142,0.0003491640090942383
final,40,block19.W2,25,16,0.45230329036712646,0.45258498191833496,0.0002816915512084961
final,40,block19.W2,26,16,0.49827754497528076,0.49813175201416016,0.00014579296112060547
final,40,block19.W2,27,16,0.4849150776863098,0.48520469665527344,0.00028961896896362305
final,40,block19.W2,28,16,0.42093196511268616,0.42177248001098633,0.0008405148983001709
final,40,block19.W2,29,16,0.6038035750389099,0.6037453413009644,5.823373794555664e-05
final,40,block19.W2,30,16,0.46570080518722534,0.46653616428375244,0.0008353590965270996
final,40,block19.W2,31,16,0.5615614056587219,0.5601626634597778,0.0013987421989440918
final,40,block19.W2,32,16,0.39581361413002014,0.39512374997138977,0.0006898641586303711
final,40,block19.W2,33,16,0.4341793358325958,0.43606072664260864,0.0018813908100128174
final,40,block19.W2,34,16,0.5955858826637268,0.5968586206436157,0.001272737979888916
final,40,block19.W2,35,16,0.46910741925239563,0.4664832055568695,0.002624213695526123
final,40,block19.W2,36,16,0.4524560272693634,0.45214852690696716,0.00030750036239624023
final,40,block19.W2,37,16,0.40034952759742737,0.4016762375831604,0.0013267099857330322
final,40,block19.W2,38,16,0.5266602039337158,0.526054859161377,0.0006053447723388672
final,40,block19.W2,39,16,0.35193106532096863,0.3527373969554901,0.0008063316345214844
final,40,block19.W2,40,16,0.4827060103416443,0.48245853185653687,0.0002474784851074219
final,40,block19.W2,41,16,0.39118507504463196,0.38935279846191406,0.0018322765827178955
final,40,block19.W2,42,16,0.4582221508026123,0.4558752477169037,0.002346903085708618
final,40,block19.W2,43,16,0.49036675691604614,0.49103519320487976,0.0006684362888336182
final,40,block19.W2,44,16,0.5850070118904114,0.5851396322250366,0.00013262033462524414
final,40,block19.W2,45,16,0.433832585811615,0.43536192178726196,0.0015293359756469727
final,40,block19.W2,46,16,0.40636661648750305,0.40499147772789,0.0013751387596130371
final,40,block19.W2,47,16,0.4568012058734894,0.45546072721481323,0.0013404786586761475
final,40,block19.W2,48,16,0.35195833444595337,0.3502839505672455,0.0016743838787078857
final,40,block19.W2,49,16,0.4962116777896881,0.49554482102394104,0.0006668567657470703
final,40,block19.W2,50,16,0.31950560212135315,0.32111072540283203,0.0016051232814788818
final,40,block19.W2,51,16,0.3363673985004425,0.3350426256656647,0.001324772834777832
final,40,block19.W2,52,16,0.4516671895980835,0.4507244825363159,0.0009427070617675781
final,40,block19.W2,53,16,0.6010779738426208,0.6000247597694397,0.0010532140731811523
final,40,block19.W2,54,16,0.38846006989479065,0.39070284366607666,0.0022427737712860107
final,40,block19.W2,55,16,0.5339102149009705,0.5333927273750305,0.0005174875259399414
final,40,block19.W2,56,16,0.42028072476387024,0.41934025287628174,0.000940471887588501
final,40,block19.W2,57,16,0.44445550441741943,0.44304975867271423,0.0014057457447052002
final,40,block19.W2,58,16,0.4833337366580963,0.4829711318016052,0.00036260485649108887
final,40,block19.W2,59,16,0.3960892856121063,0.39455971121788025,0.0015295743942260742
final,40,block19.W2,60,16,0.44802743196487427,0.4475710391998291,0.000456392765045166
final,40,block19.W2,61,16,0.5622693300247192,0.5637131333351135,0.0014438033103942871
final,40,block19.W2,62,16,0.4862311780452728,0.4868584871292114,0.0006273090839385986
final,40,block19.W2,63,16,0.3603000342845917,0.36064836382865906,0.0003483295440673828
final,41,block20.W1,0,16,0.3958965241909027,0.39659103751182556,0.0006945133209228516
final,41,block20.W1,1,16,0.5259082913398743,0.5254514813423157,0.00045680999755859375
final,41,block20.W1,2,16,0.39005690813064575,0.389126718044281,0.0009301900863647461
final,41,block20.W1,3,16,0.4341217279434204,0.4354621469974518,0.001340419054031372
final,41,block20.W1,4,16,0.5490556955337524,0.5495835542678833,0.0005278587341308594
final,41,block20.W1,5,16,0.349260538816452,0.3506138324737549,0.0013532936573028564
final,41,block20.W1,6,16,0.6077936291694641,0.608021080493927,0.00022745132446289062
final,41,block20.W1,7,16,0.4683246314525604,0.46807506680488586,0.00024956464767456055
final,41,block20.W1,8,16,0.5395820736885071,0.5406805276870728,0.0010984539985656738
final,41,block20.W1,9,16,0.5429389476776123,0.5411210656166077,0.0018178820610046387
final,41,block20.W1,10,16,0.4775297939777374,0.47761982679367065,9.003281593322754e-05
final,41,block20.W1,11,16,0.49100571870803833,0.4910259246826172,2.0205974578857422e-05
final,41,block20.W1,12,16,0.46229198575019836,0.46261104941368103,0.000319063663482666
final,41,block20.W1,13,16,0.4977746307849884,0.4968966841697693,0.0008779466152191162
final,41,block20.W1,14,16,0.42755934596061707,0.4271804392337799,0.0003789067268371582
final,41,block20.W1,15,16,0.41235172748565674,0.41247808933258057,0.00012636184692382812
final,41,block20.W1,16,16,0.5568851232528687,0.5560933947563171,0.0007917284965515137
final,41,block20.W1,17,16,0.44132086634635925,0.44048190116882324,0.0008389651775360107
final,41,block20.W1,18,16,0.41925641894340515,0.417436420917511,0.001819998025894165
final,41,block20.W1,19,16,0.43441757559776306,0.43399688601493835,0.00042068958282470703
final,41,block20.W1,20,16,0.41666534543037415,0.4174896478652954,0.0008243024349212646
final,41,block20.W1,21,16,0.5745046734809875,0.5737559795379639,0.0007486939430236816
final,41,block20.W1,22,16,0.4602813720703125,0.4594844579696655,0.0007969141006469727
final,41,block20.W1,23,16,0.47449254989624023,0.47494223713874817,0.00044968724250793457
final,41,block20.W1,24,16,0.5750256180763245,0.5757136344909668,0.000688016414642334
final,41,block20.W1,25,16,0.5383000373840332,0.5372875332832336,0.0010125041007995605
final,41,block20.W1,26,16,0.5138806700706482,0.5132629871368408,0.000617682933807373
final,41,block20.W1,27,16,0.4415959417819977,0.4398714601993561,0.0017244815826416016
final,41,block20.W1,28,16,0.4773492217063904,0.47788354754447937,0.0005343258380889893
final,41,block20.W1,29,16,0.48514458537101746,0.4871375262737274,0.001992940902709961
final,41,block20.W1,30,16,0.4401094317436218,0.44001954793930054,8.988380432128906e-05
final,41,block20.W1,31,16,0.4024086594581604,0.4019545316696167,0.00045412778854370117
final,41,block20.W1,32,16,0.5204786062240601,0.5202513933181763,0.00022721290588378906
final,41,block20.W1,33,16,0.44075796008110046,0.44029000401496887,0.0004679560661315918
final,41,block20.W1,34,16,0.5007076859474182,0.5016341805458069,0.0009264945983886719
final,41,block20.W1,35,16,0.4235534071922302,0.4228704273700714,0.0006829798221588135
final,41,block20.W1,36,16,0.4563984274864197,0.45574238896369934,0.0006560385227203369
final,41,block20.W1,37,16,0.43589818477630615,0.4388768672943115,0.002978682518005371
final,41,block20.W1,38,16,0.40163353085517883,0.40079763531684875,0.0008358955383300781
final,41,block20.W1,39,16,0.49804529547691345,0.49697110056877136,0.0010741949081420898
final,41,block20.W1,40,16,0.5021122097969055,0.5035435557365417,0.0014313459396362305
final,41,block20.W1,41,16,0.3910154700279236,0.3909808397293091,3.463029861450195e-05
final,41,block20.W1,42,16,0.569808840751648,0.5697231888771057,8.565187454223633e-05
final,41,block20.W1,43,16,0.5139660835266113,0.5147207379341125,0.0007546544075012207
final,41,block20.W1,44,16,0.34483176469802856,0.34624603390693665,0.001414269208908081
final,41,block20.W1,45,16,0.4621417224407196,0.46036291122436523,0.0017788112163543701
final,41,block20.W1,46,16,0.5361714959144592,0.5356311202049255,0.0005403757095336914
final,41,block20.W1,47,16,0.3973696529865265,0.39806514978408813,0.0006954967975616455
final,41,block20.W1,48,16,0.51104736328125,0.5116746425628662,0.0006272792816162109
final,41,block20.W1,49,16,0.45712465047836304,0.45684751868247986,0.0002771317958831787
final,41,block20.W1,50,16,0.5533744096755981,0.5523385405540466,0.0010358691215515137
final,41,block20.W1,51,16,0.3434508740901947,0.34340059757232666,5.027651786804199e-05
final,41,block20.W1,52,16,0.4815506041049957,0.4812100827693939,0.00034052133560180664
final,41,block20.W1,53,16,0.5275225639343262,0.5276743769645691,0.00015181303024291992
final,41,block20.W1,54,16,0.5119098424911499,0.5115341544151306,0.0003756880760192871
final,41,block20.W1,55,16,0.4848666191101074,0.4843786656856537,0.00048795342445373535
final,41,block20.W1,56,16,0.3641873002052307,0.3650780916213989,0.0008907914161682129
final,41,block20.W1,57,16,0.542746365070343,0.5448671579360962,0.002120792865753174
final,41,block20.W1,58,16,0.4200764298439026,0.41932204365730286,0.0007543861865997314
final,41,block20.W1,59,16,0.48777076601982117,0.4876164197921753,0.00015434622764587402
final,41,block20.W1,60,16,0.4717980921268463,0.4705956280231476,0.0012024641036987305
final,41,block20.W1,61,16,0.48852264881134033,0.4895626902580261,0.001040041446685791
final,41,block20.W1,62,16,0.4756182134151459,0.4743582308292389,0.0012599825859069824
final,41,block20.W1,63,16,0.48990732431411743,0.4897564947605133,0.00015082955360412598
final,42,block20.W2,0,16,0.42304176092147827,0.4258662462234497,0.0028244853019714355
final,42,block20.W2,1,16,0.4407666027545929,0.4380514919757843,0.0027151107788085938
final,42,block20.W2,2,16,0.37287864089012146,0.3741709589958191,0.0012923181056976318
final,42,block20.W2,3,16,0.5158224105834961,0.5159998536109924,0.0001774430274963379
final,42,block20.W2,4,16,0.39458826184272766,0.3945613205432892,2.6941299438476562e-05
final,42,block20.W2,5,16,0.47588810324668884,0.4757775068283081,0.0001105964183807373
final,42,block20.W2,6,16,0.47081029415130615,0.4714178144931793,0.0006075203418731689
final,42,block20.W2,7,16,0.3944598436355591,0.3941642940044403,0.0002955496311187744
final,42,block20.W2,8,16,0.5056993365287781,0.5048197507858276,0.0008795857429504395
final,42,block20.W2,9,16,0.4445468485355377,0.4449600875377655,0.0004132390022277832
final,42,block20.W2,10,16,0.4783802628517151,0.4789349436759949,0.0005546808242797852
final,42,block20.W2,11,16,0.37388530373573303,0.3747274577617645,0.0008421540260314941
final,42,block20.W2,12,16,0.4380817115306854,0.43934133648872375,0.00125962495803833
final,42,block20.W2,13,16,0.4837954044342041,0.48347407579421997,0.00032132863998413086
final,42,block20.W2,14,16,0.4653501808643341,0.46651238203048706,0.001162201166152954
final,42,block20.W2,15,16,0.3458044230937958,0.3449218273162842,0.0008825957775115967
final,42,block20.W2,16,16,0.3872548043727875,0.3859965205192566,0.0012582838535308838
final,42,block20.W2,17,16,0.5275638699531555,0.5271681547164917,0.00039571523666381836
final,42,block20.W2,18,16,0.49060162901878357,0.4907815158367157,0.0001798868179321289
final,42,block20.W2,19,16,0.40300533175468445,0.4042416512966156,0.0012363195419311523
final,42,block20.W2,20,16,0.4092717170715332,0.408509761095047,0.0007619559764862061
final,42,block20.W2,21,16,0.41872525215148926,0.4186088740825653,0.0001163780689239502
final,42,block20.W2,22,16,0.49511784315109253,0.4929186999797821,0.002199143171310425
final,42,block20.W2,23,16,0.657012939453125,0.658278226852417,0.0012652873992919922
final,42,block20.W2,24,16,0.44509702920913696,0.44577229022979736,0.0006752610206604004
final,42,block20.W2,25,16,0.5711188912391663,0.5704100728034973,0.0007088184356689453
final,42,block20.W2,26,16,0.6137257814407349,0.613756537437439,3.075599670410156e-05
final,42,block20.W2,27,16,0.38283124566078186,0.3820769786834717,0.0007542669773101807
final,42,block20.W2,28,16,0.6131560802459717,0.6134000420570374,0.00024396181106567383
final,42,block20.W2,29,16,0.4355660378932953,0.43479496240615845,0.0007710754871368408
final,42,block20.W2,30,16,0.4449601173400879,0.4458328187465668,0.0008727014064788818
final,42,block20.W2,31,16,0.5315170288085938,0.5306315422058105,0.0008854866027832031
final,42,block20.W2,32,16,0.4640156030654907,0.4650072157382965,0.0009916126728057861
final,42,block20.W2,33,16,0.47543156147003174,0.4760470688343048,0.0006155073642730713
final,42,block20.W2,34,16,0.4205877184867859,0.42060139775276184,1.3679265975952148e-05
final,42,block20.W2,35,16,0.4034899175167084,0.4047296643257141,0.0012397468090057373
final,42,block20.W2,36,16,0.518563985824585,0.5195294618606567,0.0009654760360717773
final,42,block20.W2,37,16,0.45620912313461304,0.4565235376358032,0.00031441450119018555
final,42,block20.W2,38,16,0.4501139521598816,0.4493017792701721,0.0008121728897094727
final,42,block20.W2,39,16,0.4709961414337158,0.4701622724533081,0.0008338689804077148
final,42,block20.W2,40,16,0.36051931977272034,0.36048072576522827,3.859400749206543e-05
final,42,block20.W2,41,16,0.46404698491096497,0.4627211093902588,0.0013258755207061768
final,42,block20.W2,42,16,0.4879392087459564,0.4879363477230072,2.86102294921875e-06
final,42,block20.W2,43,16,0.45608168840408325,0.45588934421539307,0.00019234418869018555
final,42,block20.W2,44,16,0.422774076461792,0.4244042932987213,0.0016302168369293213
final,42,block20.W2,45,16,0.47623005509376526,0.47570085525512695,0.0005291998386383057
final,42,block20.W2,46,16,0.4594832956790924,0.45931321382522583,0.00017008185386657715
final,42,block20.W2,47,16,0.49259230494499207,0.4929761588573456,0.0003838539123535156
final,42,block20.W2,48,16,0.5015767812728882,0.5028371810913086,0.0012603998184204102
final,42,block20.W2,49,16,0.5045570135116577,0.506147027015686,0.0015900135040283203
final,42,block20.W2,50,16,0.44378897547721863,0.4428578317165375,0.0009311437606811523
final,42,block20.W2,51,16,0.5021462440490723,0.500157356262207,0.0019888877868652344
final,42,block20.W2,52,16,0.3542849123477936,0.35383540391921997,0.0004495084285736084
final,42,block20.W2,53,16,0.4833167493343353,0.48494234681129456,0.0016255974769592285
final,42,block20.W2,54,16,0.45855948328971863,0.4590541422367096,0.0004946589469909668
final,42,block20.W2,55,16,0.48813846707344055,0.48845434188842773,0.0003158748149871826
final,42,block20.W2,56,16,0.343334823846817,0.3425562381744385,0.00077858567237854
final,42,block20.W2,57,16,0.5410535335540771,0.542334794998169,0.0012812614440917969
final,42,block20.W2,58,16,0.47683826088905334,0.47753098607063293,0.0006927251815795898
final,42,block20.W2,59,16,0.553837239742279,0.5521949529647827,0.0016422867774963379
final,42,block20.W2,60,16,0.44488510489463806,0.4453775882720947,0.000492483377456665
final,42,block20.W2,61,16,0.5950391292572021,0.5960468053817749,0.001007676124572754
final,42,block20.W2,62,16,0.6469135880470276,0.6471490263938904,0.00023543834686279297
final,42,block20.W2,63,16,0.4173818826675415,0.4189673662185669,0.0015854835510253906
final,43,block21.W1,0,16,0.5032687187194824,0.5036105513572693,0.00034183263778686523
final,43,block21.W1,1,16,0.46616557240486145,0.46733027696609497,0.0011647045612335205
final,43,block21.W1,2,16,0.44529667496681213,0.44485849142074585,0.0004381835460662842
final,43,block21.W1,3,16,0.5403859615325928,0.5412442088127136,0.0008582472801208496
final,43,block21.W1,4,16,0.5135753154754639,0.5125318765640259,0.0010434389114379883
final,43,block21.W1,5,16,0.4976113736629486,0.49486589431762695,0.0027454793453216553
final,43,block21.W1,6,16,0.4792832136154175,0.48050200939178467,0.0012187957763671875
final,43,block21.W1,7,16,0.48657718300819397,0.4873654842376709,0.0007883012294769287
final,43,block21.W1,8,16,0.38187044858932495,0.38269945979118347,0.0008290112018585205
final,43,block21.W1,9,16,0.545515239238739,0.5470622777938843,0.0015470385551452637
final,43,block21.W1,10,16,0.4432094097137451,0.44165000319480896,0.0015594065189361572
final,43,block21.W1,11,16,0.4084814488887787,0.40794581174850464,0.0005356371402740479
final,43,block21.W1,12,16,0.6025740504264832,0.6042430400848389,0.0016689896583557129
final,43,block21.W1,13,16,0.47514742612838745,0.47509872913360596,4.869699478149414e-05
final,43,block21.W1,14,16,0.5321239829063416,0.5323360562324524,0.00021207332611083984
final,43,block21.W1,15,16,0.47238317131996155,0.4712733328342438,0.0011098384857177734
final,43,block21.W1,16,16,0.45582088828086853,0.45676249265670776,0.0009416043758392334
final,43,block21.W1,17,16,0.4965081810951233,0.49764859676361084,0.0011404156684875488
final,43,block21.W1,18,16,0.428191214799881,0.4289171099662781,0.0007258951663970947
final,43,block21.W1,19,16,0.43956777453422546,0.4404570162296295,0.0008892416954040527
final,43,block21.W1,20,16,0.4608822762966156,0.46289774775505066,0.0020154714584350586
final,43,block21.W1,21,16,0.4745493233203888,0.4745931029319763,4.3779611587524414e-05
final,43,block21.W1,22,16,0.4730420708656311,0.4717033803462982,0.0013386905193328857
final,43,block21.W1,23,16,0.5092116594314575,0.5089313387870789,0.0002803206443786621
final,43,block21.W1,24,16,0.4607895314693451,0.45920538902282715,0.0015841424465179443
final,43,block21.W1,25,16,0.403428316116333,0.4031563401222229,0.0002719759941101074
final,43,block21.W1,26,16,0.486336886882782,0.4866901636123657,0.00035327672958374023
final,43,block21.W1,27,16,0.5431509613990784,0.542510449886322,0.0006405115127563477
final,43,block21.W1,28,16,0.4797155261039734,0.4789779484272003,0.0007375776767730713
final,43,block21.W1,29,16,0.39587220549583435,0.395907461643219,3.5256147384643555e-05
final,43,block21.W1,30,16,0.3775257468223572,0.3798389732837677,0.0023132264614105225
final,43,block21.W1,31,16,0.5916686058044434,0.5910936594009399,0.000574946403503418
final,43,block21.W1,32,16,0.42350438237190247,0.42478325963020325,0.0012788772583007812
final,43,block21.W1,33,16,0.400037944316864,0.3999674916267395,7.045269012451172e-05
final,43,block21.W1,34,16,0.49032050371170044,0.49261659383773804,0.0022960901260375977
final,43,block21.W1,35,16,0.5164585113525391,0.5157343745231628,0.0007241368293762207
final,43,block21.W1,36,16,0.5130093693733215,0.5145352482795715,0.00152587890625
final,43,block21.W1,37,16,0.49163612723350525,0.49147024750709534,0.0001658797264099121
final,43,block21.W1,38,16,0.550205409526825,0.5516413450241089,0.0014359354972839355
final,43,block21.W1,39,16,0.4671282172203064,0.4671260416507721,2.175569534301758e-06
final,43,block21.W1,40,16,0.5020421743392944,0.5012577772140503,0.0007843971252441406
final,43,block21.W1,41,16,0.4505118131637573,0.45038700103759766,0.00012481212615966797
final,43,block21.W1,42,16,0.45209699869155884,0.4532229006290436,0.0011259019374847412
final,43,block21.W1,43,16,0.5376976728439331,0.5397695302963257,0.002071857452392578
final,43,block21.W1,44,16,0.46234601736068726,0.4633277654647827,0.000981748104095459
final,43,block21.W1,45,16,0.5547670125961304,0.555783212184906,0.0010161995887756348
final,43,block21.W1,46,16,0.3476864993572235,0.3484446108341217,0.0007581114768981934
final,43,block21.W1,47,16,0.5553860068321228,0.5548765063285828,0.0005095005035400391
final,43,block21.W1,48,16,0.4919546842575073,0.4921901524066925,0.00023546814918518066
final,43,block21.W1,49,16,0.4579831063747406,0.45776936411857605,0.00021374225616455078
final,43,block21.W1,50,16,0.47151970863342285,0.4728832542896271,0.0013635456562042236
final,43,block21.W1,51,16,0.5984558463096619,0.5975840091705322,0.0008718371391296387
final,43,block21.W1,52,16,0.5071470737457275,0.5071215033531189,2.5570392608642578e-05
final,43,block21.W1,53,16,0.4914379417896271,0.49125123023986816,0.00018671154975891113
final,43,block21.W1,54,16,0.44342678785324097,0.4427871108055115,0.0006396770477294922
final,43,block21.W1,55,16,0.47962188720703125,0.4792243242263794,0.00039756298065185547
final,43,block21.W1,56,16,0.5189816355705261,0.5195705890655518,0.0005889534950256348
final,43,block21.W1,57,16,0.4198639392852783,0.4203340411186218,0.00047010183334350586
final,43,block21.W1,58,16,0.49220648407936096,0.4935072660446167,0.0013007819652557373
final,43,block21.W1,59,16,0.38236337900161743,0.38297727704048157,0.0006138980388641357
final,43,block21.W1,60,16,0.5041877031326294,0.505088210105896,0.0009005069732666016
final,43,block21.W1,61,16,0.5349569320678711,0.5341933965682983,0.0007635354995727539
final,43,block21.W1,62,16,0.4725069999694824,0.4719492793083191,0.0005577206611633301
final,43,block21.W1,63,16,0.4553811848163605,0.45526784658432007,0.00011333823204040527
final,44,block21.W2,0,16,0.5536267757415771,0.5529888272285461,0.0006379485130310059
final,44,block21.W2,1,16,0.453213632106781,0.4546559453010559,0.0014423131942749023
final,44,block21.W2,2,16,0.5157812833786011,0.5160350799560547,0.0002537965774536133
final,44,block21.W2,3,16,0.503689706325531,0.5033044219017029,0.000385284423828125
final,44,block21.W2,4,16,0.5009517669677734,0.5020262002944946,0.0010744333267211914
final,44,block21.W2,5,16,0.4533115327358246,0.45028048753738403,0.0030310451984405518
final,44,block21.W2,6,16,0.41426634788513184,0.41387900710105896,0.000387340784072876
final,44,block21.W2,7,16,0.44489094614982605,0.4459322988986969,0.0010413527488708496
final,44,block21.W2,8,16,0.5417908430099487,0.5412164330482483,0.0005744099617004395
final,44,block21.W2,9,16,0.6319221258163452,0.6305329203605652,0.0013892054557800293
final,44,block21.W2,10,16,0.4903676211833954,0.4915035665035248,0.0011359453201293945
final,44,block21.W2,11,16,0.4609687328338623,0.46171751618385315,0.0007487833499908447
final,44,block21.W2,12,16,0.5921388268470764,0.5900573134422302,0.0020815134048461914
final,44,block21.W2,13,16,0.4266626834869385,0.42626625299453735,0.00039643049240112305
final,44,block21.W2,14,16,0.5227276086807251,0.5221149921417236,0.0006126165390014648
final,44,block21.W2,15,16,0.41219913959503174,0.4109715223312378,0.0012276172637939453
final,44,block21.W2,16,16,0.46844208240509033,0.46849650144577026,5.441904067993164e-05
final,44,block21.W2,17,16,0.39340513944625854,0.39372774958610535,0.00032261013984680176
final,44,block21.W2,18,16,0.5239053964614868,0.5249429941177368,0.00103759765625
final,44,block21.W2,19,16,0.47397392988204956,0.4744688868522644,0.0004949569702148438
final,44,block21.W2,20,16,0.4584604799747467,0.4585595428943634,9.906291961669922e-05
final,44,block21.W2,21,16,0.5855331420898438,0.5858548283576965,0.0003216862678527832
final,44,block21.W2,22,16,0.5058920979499817,0.505059003829956,0.0008330941200256348
final,44,block21.W2,23,16,0.5464174747467041,0.5475521683692932,0.0011346936225891113
final,44,block21.W2,24,16,0.43148523569107056,0.42874428629875183,0.0027409493923187256
final,44,block21.W2,25,16,0.46299102902412415,0.4623353183269501,0.0006557106971740723
final,44,block21.W2,26,16,0.5772604942321777,0.5750283002853394,0.002232193946838379
final,44,block21.W2,27,16,0.4152178466320038,0.41466015577316284,0.0005576908588409424
final,44,block21.W2,28,16,0.4069537818431854,0.4063189625740051,0.0006348192691802979
final,44,block21.W2,29,16,0.5564813613891602,0.5581346154212952,0.0016532540321350098
final,44,block21.W2,30,16,0.4167976379394531,0.4165647327899933,0.00023290514945983887
final,44,block21.W2,31,16,0.47068655490875244,0.47098952531814575,0.00030297040939331055
final,44,block21.W2,32,16,0.5610028505325317,0.560591995716095,0.0004108548164367676
final,44,block21.W2,33,16,0.32552966475486755,0.325157105922699,0.0003725588321685791
final,44,block21.W2,34,16,0.374726802110672,0.3767031133174896,0.001976311206817627
final,44,block21.W2,35,16,0.5366014838218689,0.5354910492897034,0.0011104345321655273
final,44,block21.W2,36,16,0.4202115535736084,0.4209432899951935,0.000731736421585083
final,44,block21.W2,37,16,0.44518357515335083,0.44611281156539917,0.0009292364120483398
final,44,block21.W2,38,16,0.46998170018196106,0.4690479338169098,0.0009337663650512695
final,44,block21.W2,39,16,0.31489330530166626,0.3157435655593872,0.0008502602577209473
final,44,block21.W2,40,16,0.4247509837150574,0.42327821254730225,0.001472771167755127
final,44,block21.W2,41,16,0.4326474964618683,0.43229591846466064,0.0003515779972076416
final,44,block21.W2,42,16,0.40413933992385864,0.4037398099899292,0.00039952993392944336
final,44,block21.W2,43,16,0.34284839034080505,0.34430089592933655,0.0014525055885314941
final,44,block21.W2,44,16,0.4980427920818329,0.5003175139427185,0.00227472186088562
final,44,block21.W2,45,16,0.45159098505973816,0.4530133605003357,0.0014223754405975342
final,44,block21.W2,46,16,0.40828999876976013,0.40919288992881775,0.0009028911590576172
final,44,block21.W2,47,16,0.515114963054657,0.5161908864974976,0.0010759234428405762
final,44,block21.W2,48,16,0.44461989402770996,0.4437401294708252,0.0008797645568847656
final,44,block21.W2,49,16,0.5208602547645569,0.5221685171127319,0.0013082623481750488
final,44,block21.W2,50,16,0.3607308864593506,0.36168724298477173,0.0009563565254211426
final,44,block21.W2,51,16,0.4668863117694855,0.46619197726249695,0.0006943345069885254
final,44,block21.W2,52,16,0.5056560635566711,0.5058591365814209,0.00020307302474975586
final,44,block21.W2,53,16,0.33985212445259094,0.33883044123649597,0.0010216832160949707
final,44,block21.W2,54,16,0.5369908809661865,0.5386692881584167,0.0016784071922302246
final,44,block21.W2,55,16,0.433566153049469,0.4332825839519501,0.0002835690975189209
final,44,block21.W2,56,16,0.39459481835365295,0.39409711956977844,0.0004976987838745117
final,44,block21.W2,57,16,0.5031497478485107,0.5034729242324829,0.00032317638397216797
final,44,block21.W2,58,16,0.37858107686042786,0.379569411277771,0.0009883344173431396
final,44,block21.W2,59,16,0.3974831998348236,0.3969739079475403,0.0005092918872833252
final,44,block21.W2,60,16,0.5020725727081299,0.5021799802780151,0.0001074075698852539
final,44,block21.W2,61,16,0.606041669845581,0.6053591966629028,0.0006824731826782227
final,44,block21.W2,62,16,0.45451173186302185,0.4535799026489258,0.0009318292140960693
final,44,block21.W2,63,16,0.4782944321632385,0.4782356023788452,5.882978439331055e-05
final,45,block22.W1,0,16,0.4485361874103546,0.4476430416107178,0.0008931457996368408
final,45,block22.W1,1,16,0.4541745185852051,0.45453882217407227,0.0003643035888671875
final,45,block22.W1,2,16,0.603777289390564,0.6033445596694946,0.00043272972106933594
final,45,block22.W1,3,16,0.3647664189338684,0.3650306761264801,0.00026425719261169434
final,45,block22.W1,4,16,0.4957505464553833,0.49514785408973694,0.0006026923656463623
final,45,block22.W1,5,16,0.46076563000679016,0.461805522441864,0.0010398924350738525
final,45,block22.W1,6,16,0.46041545271873474,0.4615325629711151,0.001117110252380371
final,45,block22.W1,7,16,0.5426343083381653,0.5431890487670898,0.0005547404289245605
final,45,block22.W1,8,16,0.563025951385498,0.5634147524833679,0.00038880109786987305
final,45,block22.W1,9,16,0.4828774631023407,0.48321014642715454,0.0003326833248138428
final,45,block22.W1,10,16,0.4785957634449005,0.4798049330711365,0.001209169626235962
final,45,block22.W1,11,16,0.42400404810905457,0.4235737919807434,0.0004302561283111572
final,45,block22.W1,12,16,0.4339812695980072,0.43541112542152405,0.0014298558235168457
final,45,block22.W1,13,16,0.48890793323516846,0.487712562084198,0.001195371150970459
final,45,block22.W1,14,16,0.4406696557998657,0.4395151436328888,0.0011545121669769287
final,45,block22.W1,15,16,0.38027718663215637,0.38069602847099304,0.0004188418388366699
final,45,block22.W1,16,16,0.512917697429657,0.5135976672172546,0.0006799697875976562
final,45,block22.W1,17,16,0.48188742995262146,0.48178693652153015,0.0001004934310913086
final,45,block22.W1,18,16,0.5126601457595825,0.5137755870819092,0.0011154413223266602
final,45,block22.W1,19,16,0.4363210201263428,0.43631190061569214,9.119510650634766e-06
final,45,block22.W1,20,16,0.543082058429718,0.5439509153366089,0.0008688569068908691
final,45,block22.W1,21,16,0.48384878039360046,0.487545907497406,0.003697127103805542
final,45,block22.W1,22,16,0.4541143476963043,0.45446982979774475,0.0003554821014404297
final,45,block22.W1,23,16,0.4071798622608185,0.4079519808292389,0.0007721185684204102
final,45,block22.W1,24,16,0.6067804098129272,0.6082008481025696,0.001420438289642334
final,45,block22.W1,25,16,0.48746752738952637,0.4892078638076782,0.0017403364181518555
final,45,block22.W1,26,16,0.5347570776939392,0.5319059491157532,0.002851128578186035
final,45,block22.W1,27,16,0.5601346492767334,0.5607066750526428,0.0005720257759094238
final,45,block22.W1,28,16,0.5939786434173584,0.5933372378349304,0.0006414055824279785
final,45,block22.W1,29,16,0.3959099352359772,0.3961797058582306,0.00026977062225341797
final,45,block22.W1,30,16,0.6372374892234802,0.6367293000221252,0.0005081892013549805
final,45,block22.W1,31,16,0.5014700889587402,0.5007330775260925,0.0007370114326477051
final,45,block22.W1,32,16,0.5032583475112915,0.5035886168479919,0.00033026933670043945
final,45,block22.W1,33,16,0.46194228529930115,0.4619361460208893,6.139278411865234e-06
final,45,block22.W1,34,16,0.4126804769039154,0.4131801128387451,0.0004996359348297119
final,45,block22.W1,35,16,0.5230787992477417,0.524014949798584,0.0009361505508422852
final,45,block22.W1,36,16,0.42645198106765747,0.427042156457901,0.0005901753902435303
final,45,block22.W1,37,16,0.45754849910736084,0.4578414857387543,0.0002929866313934326
final,45,block22.W1,38,16,0.5400296449661255,0.5368009805679321,0.0032286643981933594
final,45,block22.W1,39,16,0.4505648612976074,0.45128536224365234,0.0007205009460449219
final,45,block22.W1,40,16,0.44866660237312317,0.4497588276863098,0.0010922253131866455
final,45,block22.W1,41,16,0.5436259508132935,0.5426223874092102,0.001003563404083252
final,45,block22.W1,42,16,0.514884889125824,0.514764666557312,0.00012022256851196289
final,45,block22.W1,43,16,0.4428187310695648,0.4430427849292755,0.00022405385971069336
final,45,block22.W1,44,16,0.4290098547935486,0.429609477519989,0.0005996227264404297
final,45,block22.W1,45,16,0.45155152678489685,0.4519871771335602,0.0004356503486633301
final,45,block22.W1,46,16,0.40767616033554077,0.40771758556365967,4.1425228118896484e-05
final,45,block22.W1,47,16,0.5072379112243652,0.5059499144554138,0.001287996768951416
final,45,block22.W1,48,16,0.4684394299983978,0.46955496072769165,0.0011155307292938232
final,45,block22.W1,49,16,0.4565509855747223,0.4570825695991516,0.0005315840244293213
final,45,block22.W1,50,16,0.5123376250267029,0.5125759243965149,0.00023829936981201172
final,45,block22.W1,51,16,0.5095121264457703,0.5074281692504883,0.0020839571952819824
final,45,block22.W1,52,16,0.48313257098197937,0.48178642988204956,0.0013461410999298096
final,45,block22.W1,53,16,0.5543786883354187,0.5524312853813171,0.0019474029541015625
final,45,block22.W1,54,16,0.4337348937988281,0.43547961115837097,0.0017447173595428467
final,45,block22.W1,55,16,0.48981568217277527,0.4883667230606079,0.0014489591121673584
final,45,block22.W1,56,16,0.40607550740242004,0.40603208541870117,4.342198371887207e-05
final,45,block22.W1,57,16,0.43476372957229614,0.43435952067375183,0.0004042088985443115
final,45,block22.W1,58,16,0.6305780410766602,0.6298556327819824,0.0007224082946777344
final,45,block22.W1,59,16,0.4345192313194275,0.43344447016716003,0.001074761152267456
final,45,block22.W1,60,16,0.416592538356781,0.4166531562805176,6.0617923736572266e-05
final,45,block22.W1,61,16,0.4013636112213135,0.40119943022727966,0.00016418099403381348
final,45,block22.W1,62,16,0.47774818539619446,0.47796738147735596,0.00021919608116149902
final,45,block22.W1,63,16,0.5027836561203003,0.5027251243591309,5.8531761169433594e-05
final,46,block22.W2,0,16,0.47178909182548523,0.4718967378139496,0.00010764598846435547
final,46,block22.W2,1,16,0.417639821767807,0.41664475202560425,0.0009950697422027588
final,46,block22.W2,2,16,0.6135105490684509,0.6132996678352356,0.00021088123321533203
final,46,block22.W2,3,16,0.5056878924369812,0.5085396766662598,0.0028517842292785645
final,46,block22.W2,4,16,0.3130292296409607,0.3126845061779022,0.0003447234630584717
final,46,block22.W2,5,16,0.4899424910545349,0.48858654499053955,0.0013559460639953613
final,46,block22.W2,6,16,0.45226940512657166,0.45343706011772156,0.0011676549911499023
final,46,block22.W2,7,16,0.3787615895271301,0.37971630692481995,0.0009547173976898193
final,46,block22.W2,8,16,0.5110502243041992,0.5134949088096619,0.0024446845054626465
final,46,block22.W2,9,16,0.4917975962162018,0.4921208918094635,0.00032329559326171875
final,46,block22.W2,10,16,0.5867385864257812,0.5871652960777283,0.0004267096519470215
final,46,block22.W2,11,16,0.42045992612838745,0.42012670636177063,0.0003332197666168213
final,46,block22.W2,12,16,0.46713703870773315,0.46460917592048645,0.002527862787246704
final,46,block22.W2,13,16,0.522215723991394,0.5225030183792114,0.0002872943878173828
final,46,block22.W2,14,16,0.6032849550247192,0.6017687916755676,0.0015161633491516113
final,46,block22.W2,15,16,0.3913940489292145,0.38942262530326843,0.001971423625946045
final,46,block22.W2,16,16,0.40221840143203735,0.4021563231945038,6.207823753356934e-05
final,46,block22.W2,17,16,0.37402936816215515,0.3737887144088745,0.00024065375328063965
final,46,block22.W2,18,16,0.41655197739601135,0.41843512654304504,0.0018831491470336914
final,46,block22.W2,19,16,0.5314289927482605,0.5326611399650574,0.001232147216796875
final,46,block22.W2,20,16,0.47611644864082336,0.4784221351146698,0.0023056864738464355
final,46,block22.W2,21,16,0.519959568977356,0.5210045576095581,0.0010449886322021484
final,46,block22.W2,22,16,0.6181453466415405,0.618159830570221,1.4483928680419922e-05
final,46,block22.W2,23,16,0.5200151801109314,0.5172896981239319,0.0027254819869995117
final,46,block22.W2,24,16,0.4512561559677124,0.45087772607803345,0.0003784298896789551
final,46,block22.W2,25,16,0.5219402313232422,0.5205835700035095,0.001356661319732666
final,46,block22.W2,26,16,0.417537659406662,0.4161860942840576,0.0013515651226043701
final,46,block22.W2,27,16,0.4214039742946625,0.4205475151538849,0.0008564591407775879
final,46,block22.W2,28,16,0.47309499979019165,0.4727257490158081,0.0003692507743835449
final,46,block22.W2,29,16,0.4020558297634125,0.40219923853874207,0.00014340877532958984
final,46,block22.W2,30,16,0.4661600589752197,0.46706369519233704,0.0009036362171173096
final,46,block22.W2,31,16,0.427275687456131,0.42783594131469727,0.0005602538585662842
final,46,block22.W2,32,16,0.4049047827720642,0.40578728914260864,0.0008825063705444336
final,46,block22.W2,33,16,0.43591010570526123,0.4362278878688812,0.0003177821636199951
final,46,block22.W2,34,16,0.3805399239063263,0.37896713614463806,0.0015727877616882324
final,46,block22.W2,35,16,0.5539719462394714,0.5552606582641602,0.0012887120246887207
final,46,block22.W2,36,16,0.47274261713027954,0.47423025965690613,0.001487642526626587
final,46,block22.W2,37,16,0.4353409707546234,0.4361613988876343,0.0008204281330108643
final,46,block22.W2,38,16,0.43617627024650574,0.43629157543182373,0.00011530518531799316
final,46,block22.W2,39,16,0.48078882694244385,0.4801076352596283,0.0006811916828155518
final,46,block22.W2,40,16,0.5914592146873474,0.5901970267295837,0.0012621879577636719
final,46,block22.W2,41,16,0.5218874216079712,0.5212724804878235,0.0006149411201477051
final,46,block22.W2,42,16,0.47257909178733826,0.4722852110862732,0.0002938807010650635
final,46,block22.W2,43,16,0.4453394114971161,0.4451241195201874,0.00021529197692871094
final,46,block22.W2,44,16,0.5046463012695312,0.5046513080596924,5.0067901611328125e-06
final,46,block22.W2,45,16,0.5402960777282715,0.5398189425468445,0.00047713518142700195
final,46,block22.W2,46,16,0.6140781044960022,0.6154823303222656,0.0014042258262634277
final,46,block22.W2,47,16,0.41424521803855896,0.41354337334632874,0.0007018446922302246
final,46,block22.W2,48,16,0.4905710816383362,0.49113163352012634,0.0005605518817901611
final,46,block22.W2,49,16,0.4680996537208557,0.4693203866481781,0.0012207329273223877
final,46,block22.W2,50,16,0.5526531338691711,0.5522968769073486,0.00035625696182250977
final,46,block22.W2,51,16,0.5702999234199524,0.5730907917022705,0.0027908682823181152
final,46,block22.W2,52,16,0.38442307710647583,0.38436833024024963,5.474686622619629e-05
final,46,block22.W2,53,16,0.5521405339241028,0.5519606471061707,0.0001798868179321289
final,46,block22.W2,54,16,0.4486762583255768,0.44812917709350586,0.0005470812320709229
final,46,block22.W2,55,16,0.5155233144760132,0.5150047540664673,0.0005185604095458984
final,46,block22.W2,56,16,0.4369420111179352,0.43775197863578796,0.0008099675178527832
final,46,block22.W2,57,16,0.4309675693511963,0.4285257160663605,0.0024418532848358154
final,46,block22.W2,58,16,0.3617314398288727,0.3595722019672394,0.0021592378616333008
final,46,block22.W2,59,16,0.3803826570510864,0.3811342120170593,0.0007515549659729004
final,46,block22.W2,60,16,0.5095240473747253,0.5091744065284729,0.0003496408462524414
final,46,block22.W2,61,16,0.4578820466995239,0.45700687170028687,0.0008751749992370605
final,46,block22.W2,62,16,0.5347191691398621,0.5344186425209045,0.00030052661895751953
final,46,block22.W2,63,16,0.5346666574478149,0.534659206867218,7.450580596923828e-06
final,47,block23.W1,0,16,0.7174204587936401,0.7172711491584778,0.00014930963516235352
final,47,block23.W1,1,16,0.42137303948402405,0.42166557908058167,0.0002925395965576172
final,47,block23.W1,2,16,0.3792642056941986,0.37945443391799927,0.00019022822380065918
final,47,block23.W1,3,16,0.3932015001773834,0.39278531074523926,0.00041618943214416504
final,47,block23.W1,4,16,0.4108648896217346,0.4123031198978424,0.001438230276107788
final,47,block23.W1,5,16,0.4055747389793396,0.40508201718330383,0.0004927217960357666
final,47,block23.W1,6,16,0.4336044192314148,0.43282508850097656,0.0007793307304382324
final,47,block23.W1,7,16,0.4659411609172821,0.46738946437835693,0.001448303461074829
final,47,block23.W1,8,16,0.607248067855835,0.605995774269104,0.001252293586730957
final,47,block23.W1,9,16,0.49183154106140137,0.4923660159111023,0.0005344748497009277
final,47,block23.W1,10,16,0.537445068359375,0.537864089012146,0.0004190206527709961
final,47,block23.W1,11,16,0.5451388359069824,0.545252799987793,0.00011396408081054688
final,47,block23.W1,12,16,0.6089756488800049,0.6125405430793762,0.003564894199371338
final,47,block23.W1,13,16,0.40898597240448,0.4096912443637848,0.0007052719593048096
final,47,block23.W1,14,16,0.43459174036979675,0.4349612295627594,0.0003694891929626465
final,47,block23.W1,15,16,0.40732303261756897,0.40612736344337463,0.001195669174194336
final,47,block23.W1,16,16,0.4829489588737488,0.4824793040752411,0.00046965479850769043
final,47,block23.W1,17,16,0.4046408534049988,0.4033709168434143,0.0012699365615844727
final,47,block23.W1,18,16,0.4366469979286194,0.43787193298339844,0.0012249350547790527
final,47,block23.W1,19,16,0.3412807285785675,0.34047046303749084,0.0008102655410766602
final,47,block23.W1,20,16,0.4816250205039978,0.48123112320899963,0.00039389729499816895
final,47,block23.W1,21,16,0.4402735233306885,0.43947482109069824,0.0007987022399902344
final,47,block23.W1,22,16,0.41849079728126526,0.42067500948905945,0.0021842122077941895
final,47,block23.W1,23,16,0.549956202507019,0.548416018486023,0.0015401840209960938
final,47,block23.W1,24,16,0.44069138169288635,0.4396063983440399,0.0010849833488464355
final,47,block23.W1,25,16,0.32743412256240845,0.3272210657596588,0.0002130568027496338
final,47,block23.W1,26,16,0.39159828424453735,0.39184820652008057,0.0002499222755432129
final,47,block23.W1,27,16,0.37520667910575867,0.3756926357746124,0.00048595666885375977
final,47,block23.W1,28,16,0.40283745527267456,0.40211495757102966,0.0007224977016448975
final,47,block23.W1,29,16,0.4226458668708801,0.42374178767204285,0.0010959208011627197
final,47,block23.W1,30,16,0.48700520396232605,0.48576822876930237,0.0012369751930236816
final,47,block23.W1,31,16,0.6518083810806274,0.6506649255752563,0.0011434555053710938
final,47,block23.W1,32,16,0.5657860040664673,0.5642793774604797,0.0015066266059875488
final,47,block23.W1,33,16,0.46024367213249207,0.45947587490081787,0.0007677972316741943
final,47,block23.W1,34,16,0.41385117173194885,0.4126005470752716,0.001250624656677246
final,47,block23.W1,35,16,0.48483726382255554,0.4857635200023651,0.0009262561798095703
final,47,block23.W1,36,16,0.44185101985931396,0.4421674311161041,0.00031641125679016113
final,47,block23.W1,37,16,0.45092251896858215,0.4508183002471924,0.00010421872138977051
final,47,block23.W1,38,16,0.4262729287147522,0.4242774546146393,0.001995474100112915
final,47,block23.W1,39,16,0.4606779217720032,0.4586341381072998,0.002043783664703369
final,47,block23.W1,40,16,0.504461944103241,0.5051534175872803,0.0006914734840393066
final,47,block23.W1,41,16,0.5028573870658875,0.5034022331237793,0.0005448460578918457
final,47,block23.W1,42,16,0.42408058047294617,0.4247816205024719,0.0007010400295257568
final,47,block23.W1,43,16,0.3991369307041168,0.4000272750854492,0.0008903443813323975
final,47,block23.W1,44,16,0.35491588711738586,0.35366642475128174,0.001249462366104126
final,47,block23.W1,45,16,0.4479096233844757,0.44853660464286804,0.000626981258392334
final,47,block23.W1,46,16,0.5131471157073975,0.5115712881088257,0.0015758275985717773
final,47,block23.W1,47,16,0.479606032371521,0.4771459102630615,0.0024601221084594727
final,47,block23.W1,48,16,0.5512005090713501,0.5533122420310974,0.0021117329597473145
final,47,block23.W1,49,16,0.4122542440891266,0.41282960772514343,0.0005753636360168457
final,47,block23.W1,50,16,0.4294498860836029,0.4286675751209259,0.000782310962677002
final,47,block23.W1,51,16,0.43060705065727234,0.43185698986053467,0.001249939203262329
final,47,block23.W1,52,16,0.40700334310531616,0.4057272672653198,0.0012760758399963379
final,47,block23.W1,53,16,0.3745480179786682,0.37351006269454956,0.0010379552841186523
final,47,block23.W1,54,16,0.39599233865737915,0.3954222500324249,0.0005700886249542236
final,47,block23.W1,55,16,0.5120336413383484,0.5107218623161316,0.0013117790222167969
final,47,block23.W1,56,16,0.3583144247531891,0.3582107126712799,0.00010371208190917969
final,47,block23.W1,57,16,0.444774329662323,0.4447130262851715,6.130337715148926e-05
final,47,block23.W1,58,16,0.4165794253349304,0.4147631525993347,0.0018162727355957031
final,47,block23.W1,59,16,0.4384914040565491,0.4379747211933136,0.0005166828632354736
final,47,block23.W1,60,16,0.4026497006416321,0.4030090272426605,0.0003593266010284424
final,47,block23.W1,61,16,0.4494709074497223,0.4484972059726715,0.0009737014770507812
final,47,block23.W1,62,16,0.38692986965179443,0.38697078824043274,4.0918588638305664e-05
final,47,block23.W1,63,16,0.37567734718322754,0.3760823607444763,0.0004050135612487793
final,48,block23.W2,0,16,0.4449438750743866,0.4445212185382843,0.0004226565361022949
final,48,block23.W2,1,16,0.4790209233760834,0.481410413980484,0.0023894906044006348
final,48,block23.W2,2,16,0.4450032413005829,0.4453851878643036,0.0003819465637207031
final,48,block23.W2,3,16,0.3784467577934265,0.3803930878639221,0.0019463300704956055
final,48,block23.W2,4,16,0.5774240493774414,0.5785952210426331,0.0011711716651916504
final,48,block23.W2,5,16,0.5038700699806213,0.5039148330688477,4.476308822631836e-05
final,48,block23.W2,6,16,0.4934544861316681,0.4936162531375885,0.00016176700592041016
final,48,block23.W2,7,16,0.4148396849632263,0.4150747060775757,0.00023502111434936523
final,48,block23.W2,8,16,0.4372718036174774,0.43592509627342224,0.0013467073440551758
final,48,block23.W2,9,16,0.4085543155670166,0.4106549620628357,0.002100646495819092
final,48,block23.W2,10,16,0.3870059847831726,0.3883679211139679,0.001361936330795288
final,48,block23.W2,11,16,0.486463725566864,0.4875183701515198,0.0010546445846557617
final,48,block23.W2,12,16,0.6611708402633667,0.6623384356498718,0.001167595386505127
final,48,block23.W2,13,16,0.41233259439468384,0.41239166259765625,5.906820297241211e-05
final,48,block23.W2,14,16,0.43068715929985046,0.4299020767211914,0.0007850825786590576
final,48,block23.W2,15,16,0.4252896010875702,0.4253104031085968,2.0802021026611328e-05
final,48,block23.W2,16,16,0.4176366925239563,0.4189758896827698,0.0013391971588134766
final,48,block23.W2,17,16,0.44587281346321106,0.4462736248970032,0.00040081143379211426
final,48,block23.W2,18,16,0.4375525712966919,0.4352799952030182,0.002272576093673706
final,48,block23.W2,19,16,0.34394529461860657,0.3445990979671478,0.0006538033485412598
final,48,block23.W2,20,16,0.4932868182659149,0.49283134937286377,0.00045546889305114746
final,48,block23.W2,21,16,0.45409250259399414,0.4531095027923584,0.0009829998016357422
final,48,block23.W2,22,16,0.5463922023773193,0.5467141270637512,0.00032192468643188477
final,48,block23.W2,23,16,0.5383583903312683,0.5365201234817505,0.0018382668495178223
final,48,block23.W2,24,16,0.4321933388710022,0.43311622738838196,0.0009228885173797607
final,48,block23.W2,25,16,0.39488717913627625,0.3935093879699707,0.001377791166305542
final,48,block23.W2,26,16,0.4353164732456207,0.43556228280067444,0.00024580955505371094
final,48,block23.W2,27,16,0.5422932505607605,0.541912853717804,0.00038039684295654297
final,48,block23.W2,28,16,0.40440335869789124,0.40326929092407227,0.0011340677738189697
final,48,block23.W2,29,16,0.5248754620552063,0.5247178077697754,0.0001576542854309082
final,48,block23.W2,30,16,0.5422720313072205,0.539546012878418,0.0027260184288024902
final,48,block23.W2,31,16,0.6746154427528381,0.6754659414291382,0.0008504986763000488
final,48,block23.W2,32,16,0.4842475950717926,0.4832608103752136,0.0009867846965789795
final,48,block23.W2,33,16,0.44748029112815857,0.44785135984420776,0.00037106871604919434
final,48,block23.W2,34,16,0.6223970651626587,0.622813880443573,0.00041681528091430664
final,48,block23.W2,35,16,0.5515109896659851,0.552887499332428,0.001376509666442871
final,48,block23.W2,36,16,0.41531437635421753,0.4140956699848175,0.0012187063694000244
final,48,block23.W2,37,16,0.4276159107685089,0.4277046322822571,8.872151374816895e-05
final,48,block23.W2,38,16,0.43140488862991333,0.4301413297653198,0.0012635588645935059
final,48,block23.W2,39,16,0.4974610209465027,0.4970419406890869,0.0004190802574157715
final,48,block23.W2,40,16,0.37344861030578613,0.3733842372894287,6.437301635742188e-05
final,48,block23.W2,41,16,0.5549600720405579,0.5557680130004883,0.0008079409599304199
final,48,block23.W2,42,16,0.498238205909729,0.4985460042953491,0.0003077983856201172
final,48,block23.W2,43,16,0.5883464813232422,0.5894366502761841,0.0010901689529418945
final,48,block23.W2,44,16,0.539293646812439,0.5414878726005554,0.002194225788116455
final,48,block23.W2,45,16,0.5346438884735107,0.5360720753669739,0.0014281868934631348
final,48,block23.W2,46,16,0.5175583958625793,0.519206702709198,0.0016483068466186523
final,48,block23.W2,47,16,0.3607499301433563,0.3600713908672333,0.0006785392761230469
final,48,block23.W2,48,16,0.6363035440444946,0.6347712278366089,0.0015323162078857422
final,48,block23.W2,49,16,0.4859797954559326,0.48591798543930054,6.181001663208008e-05
final,48,block23.W2,50,16,0.5772202014923096,0.5760320425033569,0.0011881589889526367
final,48,block23.W2,51,16,0.41268104314804077,0.4120599925518036,0.0006210505962371826
final,48,block23.W2,52,16,0.5980772376060486,0.596947193145752,0.0011300444602966309
final,48,block23.W2,53,16,0.4858478605747223,0.48621150851249695,0.0003636479377746582
final,48,block23.W2,54,16,0.4263736307621002,0.4256022572517395,0.0007713735103607178
final,48,block23.W2,55,16,0.5595251321792603,0.5574933290481567,0.0020318031311035156
final,48,block23.W2,56,16,0.4235834777355194,0.4233498275279999,0.00023365020751953125
final,48,block23.W2,57,16,0.41059455275535583,0.4109107553958893,0.00031620264053344727
final,48,block23.W2,58,16,0.42095381021499634,0.42123448848724365,0.00028067827224731445
final,48,block23.W2,59,16,0.5165795683860779,0.5171334147453308,0.0005538463592529297
final,48,block23.W2,60,16,0.40621429681777954,0.406220406293869,6.109476089477539e-06
final,48,block23.W2,61,16,0.3872477114200592,0.38860511779785156,0.0013574063777923584
final,48,block23.W2,62,16,0.43125617504119873,0.4302254617214203,0.0010307133197784424
final,48,block23.W2,63,16,0.4979657232761383,0.4985414147377014,0.0005756914615631104
final,49,block24.W1,0,16,0.4184434115886688,0.4171254336833954,0.0013179779052734375
final,49,block24.W1,1,16,0.4621036946773529,0.46122264862060547,0.0008810460567474365
final,49,block24.W1,2,16,0.44533443450927734,0.44809815287590027,0.002763718366622925
final,49,block24.W1,3,16,0.4739183485507965,0.4730624854564667,0.000855863094329834
final,49,block24.W1,4,16,0.42883825302124023,0.42791837453842163,0.0009198784828186035
final,49,block24.W1,5,16,0.5437681078910828,0.5437092781066895,5.882978439331055e-05
final,49,block24.W1,6,16,0.40658098459243774,0.4078561067581177,0.0012751221656799316
final,49,block24.W1,7,16,0.47749659419059753,0.4780052900314331,0.0005086958408355713
final,49,block24.W1,8,16,0.5192464590072632,0.517525315284729,0.0017211437225341797
final,49,block24.W1,9,16,0.5933387279510498,0.59427410364151,0.0009353756904602051
final,49,block24.W1,10,16,0.4775756597518921,0.4780970513820648,0.0005213916301727295
final,49,block24.W1,11,16,0.6681835651397705,0.6672797799110413,0.000903785228729248
final,49,block24.W1,12,16,0.536160409450531,0.535537838935852,0.0006225705146789551
final,49,block24.W1,13,16,0.3587231934070587,0.3578517436981201,0.0008714497089385986
final,49,block24.W1,14,16,0.46516185998916626,0.4654383063316345,0.0002764463424682617
final,49,block24.W1,15,16,0.5117175579071045,0.5113202333450317,0.0003973245620727539
final,49,block24.W1,16,16,0.3793810307979584,0.3795740604400635,0.00019302964210510254
final,49,block24.W1,17,16,0.6022152900695801,0.6021488904953003,6.639957427978516e-05
final,49,block24.W1,18,16,0.4242415130138397,0.4245476722717285,0.00030615925788879395
final,49,block24.W1,19,16,0.48184889554977417,0.4812270402908325,0.0006218552589416504
final,49,block24.W1,20,16,0.4006443917751312,0.4017612338066101,0.0011168420314788818
final,49,block24.W1,21,16,0.40455520153045654,0.40437597036361694,0.0001792311668395996
final,49,block24.W1,22,16,0.4414968490600586,0.44181767106056213,0.00032082200050354004
final,49,block24.W1,23,16,0.40104177594184875,0.4010801613330841,3.838539123535156e-05
final,49,block24.W1,24,16,0.4769192934036255,0.47722193598747253,0.0003026425838470459
final,49,block24.W1,25,16,0.5123555064201355,0.5127233862876892,0.00036787986755371094
final,49,block24.W1,26,16,0.5035519003868103,0.5049044489860535,0.001352548599243164
final,49,block24.W1,27,16,0.47956225275993347,0.47868290543556213,0.0008793473243713379
final,49,block24.W1,28,16,0.5891650319099426,0.5886774063110352,0.0004876255989074707
final,49,block24.W1,29,16,0.5479531288146973,0.5459407567977905,0.0020123720169067383
final,49,block24.W1,30,16,0.4522281587123871,0.452828049659729,0.0005998909473419189
final,49,block24.W1,31,16,0.37843388319015503,0.37837713956832886,5.6743621826171875e-05
final,49,block24.W1,32,16,0.47916799783706665,0.4790307581424713,0.00013723969459533691
final,49,block24.W1,33,16,0.4125719368457794,0.41093406081199646,0.001637876033782959
final,49,block24.W1,34,16,0.48384255170822144,0.484019935131073,0.0001773834228515625
final,49,block24.W1,35,16,0.4924236834049225,0.492529034614563,0.00010535120964050293
final,49,block24.W1,36,16,0.34940388798713684,0.34915655851364136,0.0002473294734954834
final,49,block24.W1,37,16,0.4988000988960266,0.49768543243408203,0.00111466646194458
final,49,block24.W1,38,16,0.45611050724983215,0.4562687277793884,0.00015822052955627441
final,49,block24.W1,39,16,0.4111638367176056,0.4107203781604767,0.00044345855712890625
final,49,block24.W1,40,16,0.44949644804000854,0.4500192105770111,0.0005227625370025635
final,49,block24.W1,41,16,0.4962209165096283,0.4968010187149048,0.0005801022052764893
final,49,block24.W1,42,16,0.38427063822746277,0.38497933745384216,0.0007086992263793945
final,49,block24.W1,43,16,0.4248252809047699,0.4247147738933563,0.00011050701141357422
final,49,block24.W1,44,16,0.4734337627887726,0.4743111729621887,0.0008774101734161377
final,49,block24.W1,45,16,0.3980279266834259,0.39762845635414124,0.00039947032928466797
final,49,block24.W1,46,16,0.46682971715927124,0.46626347303390503,0.0005662441253662109
final,49,block24.W1,47,16,0.35369381308555603,0.35420945286750793,0.0005156397819519043
final,49,block24.W1,48,16,0.39579230546951294,0.39729687571525574,0.0015045702457427979
final,49,block24.W1,49,16,0.48179978132247925,0.48097681999206543,0.0008229613304138184
final,49,block24.W1,50,16,0.4331199526786804,0.4317777752876282,0.001342177391052246
final,49,block24.W1,51,16,0.4366651475429535,0.4350875914096832,0.0015775561332702637
final,49,block24.W1,52,16,0.4966914653778076,0.4957190752029419,0.0009723901748657227
final,49,block24.W1,53,16,0.5044429302215576,0.5035532116889954,0.0008897185325622559
final,49,block24.W1,54,16,0.5282509922981262,0.5275101065635681,0.0007408857345581055
final,49,block24.W1,55,16,0.5549375414848328,0.5533026456832886,0.0016348958015441895
final,49,block24.W1,56,16,0.47239163517951965,0.473572701215744,0.0011810660362243652
final,49,block24.W1,57,16,0.4916912317276001,0.4923016428947449,0.0006104111671447754
final,49,block24.W1,58,16,0.395698219537735,0.39403316378593445,0.0016650557518005371
final,49,block24.W1,59,16,0.38321948051452637,0.38335224986076355,0.00013276934623718262
final,49,block24.W1,60,16,0.4350545406341553,0.43580737709999084,0.0007528364658355713
final,49,block24.W1,61,16,0.4049557149410248,0.4049209952354431,3.471970558166504e-05
final,49,block24.W1,62,16,0.4601231813430786,0.4597036838531494,0.0004194974899291992
final,49,block24.W1,63,16,0.406335711479187,0.40524575114250183,0.0010899603366851807
final,50,block24.W2,0,16,0.389821857213974,0.39094001054763794,0.0011181533336639404
final,50,block24.W2,1,16,0.4459419250488281,0.4460495710372925,0.00010764598846435547
final,50,block24.W2,2,16,0.5206267833709717,0.5218836069107056,0.0012568235397338867
final,50,block24.W2,3,16,0.4540944993495941,0.4539858400821686,0.00010865926742553711
final,50,block24.W2,4,16,0.49260613322257996,0.4916289150714874,0.0009772181510925293
final,50,block24.W2,5,16,0.44490087032318115,0.446673721075058,0.001772850751876831
final,50,block24.W2,6,16,0.45616236329078674,0.45582976937294006,0.0003325939178466797
final,50,block24.W2,7,16,0.4391847550868988,0.43851515650749207,0.0006695985794067383
final,50,block24.W2,8,16,0.5343270897865295,0.5360580682754517,0.0017309784889221191
final,50,block24.W2,9,16,0.4072205424308777,0.4079589247703552,0.0007383823394775391
final,50,block24.W2,10,16,0.5048816204071045,0.505235493183136,0.00035387277603149414
final,50,block24.W2,11,16,0.35517948865890503,0.3557361960411072,0.0005567073822021484
final,50,block24.W2,12,16,0.3891826570034027,0.3880103528499603,0.0011723041534423828
final,50,block24.W2,13,16,0.35231292247772217,0.3528766632080078,0.0005637407302856445
final,50,block24.W2,14,16,0.44826412200927734,0.4482426941394806,2.142786979675293e-05
final,50,block24.W2,15,16,0.4607864320278168,0.46004390716552734,0.0007425248622894287
final,50,block24.W2,16,16,0.47821784019470215,0.4793738126754761,0.0011559724807739258
final,50,block24.W2,17,16,0.44116511940956116,0.4417227804660797,0.0005576610565185547
final,50,block24.W2,18,16,0.5194612145423889,0.5176080465316772,0.00185316801071167
final,50,block24.W2,19,16,0.4007645845413208,0.4000927209854126,0.0006718635559082031
final,50,block24.W2,20,16,0.5330633521080017,0.5327966809272766,0.00026667118072509766
final,50,block24.W2,21,16,0.4408126175403595,0.4392370283603668,0.0015755891799926758
final,50,block24.W2,22,16,0.4635424315929413,0.46099236607551575,0.002550065517425537
final,50,block24.W2,23,16,0.4193936586380005,0.41972023248672485,0.00032657384872436523
final,50,block24.W2,24,16,0.3800133764743805,0.3819873034954071,0.0019739270210266113
final,50,block24.W2,25,16,0.581117570400238,0.5813862681388855,0.00026869773864746094
final,50,block24.W2,26,16,0.4336908757686615,0.4340038299560547,0.0003129541873931885
final,50,block24.W2,27,16,0.393418550491333,0.3926205039024353,0.0007980465888977051
final,50,block24.W2,28,16,0.45393791794776917,0.45268601179122925,0.001251906156539917
final,50,block24.W2,29,16,0.474461168050766,0.4755099415779114,0.0010487735271453857
final,50,block24.W2,30,16,0.49604663252830505,0.49521541595458984,0.00083121657371521
final,50,block24.W2,31,16,0.5645556449890137,0.5615869760513306,0.0029686689376831055
final,50,block24.W2,32,16,0.5140895843505859,0.5144795775413513,0.00038999319076538086
final,50,block24.W2,33,16,0.4380691945552826,0.4392964243888855,0.0012272298336029053
final,50,block24.W2,34,16,0.5227753520011902,0.5231457352638245,0.00037038326263427734
final,50,block24.W2,35,16,0.40246981382369995,0.4001656770706177,0.0023041367530822754
final,50,block24.W2,36,16,0.35198095440864563,0.35251277685165405,0.0005318224430084229
final,50,block24.W2,37,16,0.4294395446777344,0.4291275441646576,0.0003120005130767822
final,50,block24.W2,38,16,0.3713431656360626,0.37288346886634827,0.0015403032302856445
final,50,block24.W2,39,16,0.35817182064056396,0.35755881667137146,0.0006130039691925049
final,50,block24.W2,40,16,0.421294242143631,0.42166924476623535,0.0003750026226043701
final,50,block24.W2,41,16,0.459417462348938,0.45980820059776306,0.00039073824882507324
final,50,block24.W2,42,16,0.5427866578102112,0.5413927435874939,0.0013939142227172852
final,50,block24.W2,43,16,0.3777850866317749,0.3760817050933838,0.0017033815383911133
final,50,block24.W2,44,16,0.48484599590301514,0.48351284861564636,0.0013331472873687744
final,50,block24.W2,45,16,0.4249061644077301,0.4227805435657501,0.0021256208419799805
final,50,block24.W2,46,16,0.38766345381736755,0.38700351119041443,0.000659942626953125
final,50,block24.W2,47,16,0.5355730056762695,0.5332428812980652,0.0023301243782043457
final,50,block24.W2,48,16,0.4350411593914032,0.4364498555660248,0.001408696174621582
final,50,block24.W2,49,16,0.5158939361572266,0.5158277153968811,6.622076034545898e-05
final,50,block24.W2,50,16,0.61381995677948,0.6139480471611023,0.00012809038162231445
final,50,block24.W2,51,16,0.4411662220954895,0.4415960907936096,0.0004298686981201172
final,50,block24.W2,52,16,0.49318280816078186,0.494263619184494,0.0010808110237121582
final,50,block24.W2,53,16,0.457051545381546,0.4548698663711548,0.0021816790103912354
final,50,block24.W2,54,16,0.44998687505722046,0.44938093423843384,0.0006059408187866211
final,50,block24.W2,55,16,0.5067558884620667,0.50705885887146,0.00030297040939331055
final,50,block24.W2,56,16,0.5803459882736206,0.580009937286377,0.00033605098724365234
final,50,block24.W2,57,16,0.46827372908592224,0.46731990575790405,0.0009538233280181885
final,50,block24.W2,58,16,0.4972933530807495,0.49771058559417725,0.0004172325134277344
final,50,block24.W2,59,16,0.535187840461731,0.5352452397346497,5.739927291870117e-05
final,50,block24.W2,60,16,0.376936674118042,0.3766655921936035,0.00027108192443847656
final,50,block24.W2,61,16,0.5084877610206604,0.509361743927002,0.0008739829063415527
final,50,block24.W2,62,16,0.5328400731086731,0.5325394868850708,0.0003005862236022949
final,50,block24.W2,63,16,0.5521178245544434,0.5513715147972107,0.000746309757232666
final,51,block25.W1,0,16,0.43591272830963135,0.43666374683380127,0.0007510185241699219
final,51,block25.W1,1,16,0.535304069519043,0.5353169441223145,1.2874603271484375e-05
final,51,block25.W1,2,16,0.41671162843704224,0.4176847040653229,0.0009730756282806396
final,51,block25.W1,3,16,0.47988489270210266,0.48081979155540466,0.000934898853302002
final,51,block25.W1,4,16,0.41713422536849976,0.4166218340396881,0.0005123913288116455
final,51,block25.W1,5,16,0.3713966906070709,0.37023624777793884,0.00116044282913208
final,51,block25.W1,6,16,0.5539524555206299,0.553952693939209,2.384185791015625e-07
final,51,block25.W1,7,16,0.4042023718357086,0.4043959379196167,0.00019356608390808105
final,51,block25.W1,8,16,0.35471585392951965,0.35458481311798096,0.0001310408115386963
final,51,block25.W1,9,16,0.5186917185783386,0.5184057950973511,0.00028592348098754883
final,51,block25.W1,10,16,0.4165809154510498,0.41549691557884216,0.0010839998722076416
final,51,block25.W1,11,16,0.5270950794219971,0.5275692343711853,0.0004741549491882324
final,51,block25.W1,12,16,0.44536900520324707,0.4441419541835785,0.001227051019668579
final,51,block25.W1,13,16,0.4984316825866699,0.4996030926704407,0.001171410083770752
final,51,block25.W1,14,16,0.3792386054992676,0.3787916302680969,0.0004469752311706543
final,51,block25.W1,15,16,0.43114084005355835,0.430616170167923,0.000524669885635376
final,51,block25.W1,16,16,0.5289196372032166,0.5281327366828918,0.000786900520324707
final,51,block25.W1,17,16,0.47373607754707336,0.47509634494781494,0.0013602674007415771
final,51,block25.W1,18,16,0.46023181080818176,0.45994123816490173,0.0002905726432800293
final,51,block25.W1,19,16,0.5587719082832336,0.559049129486084,0.0002772212028503418
final,51,block25.W1,20,16,0.4494898319244385,0.4490151107311249,0.00047472119331359863
final,51,block25.W1,21,16,0.5243995189666748,0.5243083834648132,9.113550186157227e-05
final,51,block25.W1,22,16,0.4465671479701996,0.44714900851249695,0.0005818605422973633
final,51,block25.W1,23,16,0.5012179613113403,0.5000991225242615,0.0011188387870788574
final,51,block25.W1,24,16,0.4839281439781189,0.4844535291194916,0.0005253851413726807
final,51,block25.W1,25,16,0.6221451759338379,0.6239759922027588,0.0018308162689208984
final,51,block25.W1,26,16,0.4314073324203491,0.4331499934196472,0.0017426609992980957
final,51,block25.W1,27,16,0.5169662237167358,0.5172890424728394,0.0003228187561035156
final,51,block25.W1,28,16,0.3725608289241791,0.3722131848335266,0.0003476440906524658
final,51,block25.W1,29,16,0.483300119638443,0.48348468542099,0.00018456578254699707
final,51,block25.W1,30,16,0.5492252707481384,0.5481760501861572,0.0010492205619812012
final,51,block25.W1,31,16,0.3284696936607361,0.3278433084487915,0.0006263852119445801
final,51,block25.W1,32,16,0.5337811708450317,0.5334720015525818,0.00030916929244995117
final,51,block25.W1,33,16,0.47872552275657654,0.4787343740463257,8.851289749145508e-06
final,51,block25.W1,34,16,0.4728652238845825,0.47169017791748047,0.0011750459671020508
final,51,block25.W1,35,16,0.5147550106048584,0.5147212743759155,3.3736228942871094e-05
final,51,block25.W1,36,16,0.46828001737594604,0.4675326347351074,0.000747382640838623
final,51,block25.W1,37,16,0.5043390393257141,0.5064371824264526,0.0020981431007385254
final,51,block25.W1,38,16,0.5621302127838135,0.5618401169776917,0.00029009580612182617
final,51,block25.W1,39,16,0.4378741979598999,0.4399861693382263,0.002111971378326416
final,51,block25.W1,40,16,0.42788878083229065,0.4273756146430969,0.0005131661891937256
final,51,block25.W1,41,16,0.5003640055656433,0.4988119304180145,0.0015520751476287842
final,51,block25.W1,42,16,0.4765179455280304,0.47521692514419556,0.0013010203838348389
final,51,block25.W1,43,16,0.44013747572898865,0.4393274784088135,0.0008099973201751709
final,51,block25.W1,44,16,0.4901624619960785,0.4882444143295288,0.0019180476665496826
final,51,block25.W1,45,16,0.39457595348358154,0.3940710127353668,0.0005049407482147217
final,51,block25.W1,46,16,0.42317572236061096,0.42257896065711975,0.0005967617034912109
final,51,block25.W1,47,16,0.46140944957733154,0.46267589926719666,0.0012664496898651123
final,51,block25.W1,48,16,0.452126145362854,0.4534633457660675,0.001337200403213501
final,51,block25.W1,49,16,0.4279363751411438,0.428981751203537,0.0010453760623931885
final,51,block25.W1,50,16,0.48076125979423523,0.47891438007354736,0.0018468797206878662
final,51,block25.W1,51,16,0.426007479429245,0.4258520305156708,0.00015544891357421875
final,51,block25.W1,52,16,0.3947727382183075,0.39482662081718445,5.3882598876953125e-05
final,51,block25.W1,53,16,0.4317752420902252,0.4315779209136963,0.00019732117652893066
final,51,block25.W1,54,16,0.46850064396858215,0.46785300970077515,0.0006476342678070068
final,51,block25.W1,55,16,0.4048050343990326,0.40679308772087097,0.001988053321838379
final,51,block25.W1,56,16,0.5143173933029175,0.513785719871521,0.0005316734313964844
final,51,block25.W1,57,16,0.39144816994667053,0.3915168344974518,6.866455078125e-05
final,51,block25.W1,58,16,0.518846333026886,0.5185779929161072,0.0002683401107788086
final,51,block25.W1,59,16,0.4791638255119324,0.47904035449028015,0.00012347102165222168
final,51,block25.W1,60,16,0.4160096049308777,0.4167221486568451,0.0007125437259674072
final,51,block25.W1,61,16,0.40865153074264526,0.40875697135925293,0.00010544061660766602
final,51,block25.W1,62,16,0.3982461988925934,0.39876240491867065,0.0005162060260772705
final,51,block25.W1,63,16,0.5243086218833923,0.5244435667991638,0.00013494491577148438
final,52,block25.W2,0,16,0.5856886506080627,0.5877389311790466,0.0020502805709838867
final,52,block25.W2,1,16,0.46101489663124084,0.46094951033592224,6.538629531860352e-05
final,52,block25.W2,2,16,0.46849682927131653,0.4698212444782257,0.0013244152069091797
final,52,block25.W2,3,16,0.38214394450187683,0.3818711042404175,0.0002728402614593506
final,52,block25.W2,4,16,0.4742518365383148,0.47545212507247925,0.0012002885341644287
final,52,block25.W2,5,16,0.42285510897636414,0.42189836502075195,0.0009567439556121826
final,52,block25.W2,6,16,0.4251156747341156,0.4252932369709015,0.00017756223678588867
final,52,block25.W2,7,16,0.5297387838363647,0.531676173210144,0.0019373893737792969
final,52,block25.W2,8,16,0.44450893998146057,0.4452986419200897,0.0007897019386291504
final,52,block25.W2,9,16,0.44404491782188416,0.4445571303367615,0.0005122125148773193
final,52,block25.W2,10,16,0.4310820996761322,0.4311908483505249,0.0001087486743927002
final,52,block25.W2,11,16,0.4504644572734833,0.4488057494163513,0.001658707857131958
final,52,block25.W2,12,16,0.395734578371048,0.39525285363197327,0.00048172473907470703
final,52,block25.W2,13,16,0.4048357903957367,0.4047921299934387,4.366040229797363e-05
final,52,block25.W2,14,16,0.4614969789981842,0.46124812960624695,0.00024884939193725586
final,52,block25.W2,15,16,0.5537148714065552,0.5528237223625183,0.0008911490440368652
final,52,block25.W2,16,16,0.5840868353843689,0.5836212635040283,0.00046557188034057617
final,52,block25.W2,17,16,0.4683628976345062,0.46888795495033264,0.000525057315826416
final,52,block25.W2,18,16,0.500778317451477,0.5003361701965332,0.00044214725494384766
final,52,block25.W2,19,16,0.33779504895210266,0.33715322613716125,0.0006418228149414062
final,52,block25.W2,20,16,0.4378371834754944,0.4376167953014374,0.00022038817405700684
final,52,block25.W2,21,16,0.4749857783317566,0.47573015093803406,0.0007443726062774658
final,52,block25.W2,22,16,0.41212379932403564,0.41201308369636536,0.00011071562767028809
final,52,block25.W2,23,16,0.3999193608760834,0.39999428391456604,7.492303848266602e-05
final,52,block25.W2,24,16,0.34586796164512634,0.34574493765830994,0.00012302398681640625
final,52,block25.W2,25,16,0.6271396279335022,0.6274793744087219,0.00033974647521972656
final,52,block25.W2,26,16,0.5348241329193115,0.5349342226982117,0.00011008977890014648
final,52,block25.W2,27,16,0.5271632671356201,0.5264280438423157,0.0007352232933044434
final,52,block25.W2,28,16,0.46111246943473816,0.462495893239975,0.0013834238052368164
final,52,block25.W2,29,16,0.3912012279033661,0.3910244405269623,0.0001767873764038086
final,52,block25.W2,30,16,0.5055760741233826,0.5066173672676086,0.0010412931442260742
final,52,block25.W2,31,16,0.39860793948173523,0.39710769057273865,0.001500248908996582
final,52,block25.W2,32,16,0.5458492636680603,0.5452994704246521,0.0005497932434082031
final,52,block25.W2,33,16,0.33736491203308105,0.3382006585597992,0.0008357465267181396
final,52,block25.W2,34,16,0.4793224036693573,0.4797981381416321,0.0004757344722747803
final,52,block25.W2,35,16,0.5011484622955322,0.501426637172699,0.00027817487716674805
final,52,block25.W2,36,16,0.4879119098186493,0.485818475484848,0.0020934343338012695
final,52,block25.W2,37,16,0.4960584044456482,0.4955591559410095,0.0004992485046386719
final,52,block25.W2,38,16,0.4829857051372528,0.48177996277809143,0.001205742359161377
final,52,block25.W2,39,16,0.45068320631980896,0.4492570161819458,0.0014261901378631592
final,52,block25.W2,40,16,0.5480396151542664,0.5486980080604553,0.0006583929061889648
final,52,block25.W2,41,16,0.4364362955093384,0.43651795387268066,8.165836334228516e-05
final,52,block25.W2,42,16,0.424943745136261,0.4252839684486389,0.0003402233123779297
final,52,block25.W2,43,16,0.6114274263381958,0.6106690168380737,0.0007584095001220703
final,52,block25.W2,44,16,0.3773796856403351,0.37833303213119507,0.0009533464908599854
final,52,block25.W2,45,16,0.6055872440338135,0.6042521595954895,0.0013350844383239746
final,52,block25.W2,46,16,0.4996688961982727,0.4981559216976166,0.001512974500656128
final,52,block25.W2,47,16,0.5025991201400757,0.502541184425354,5.793571472167969e-05
final,52,block25.W2,48,16,0.38816380500793457,0.3881363570690155,2.7447938919067383e-05
final,52,block25.W2,49,16,0.49186161160469055,0.4914165139198303,0.0004450976848602295
final,52,block25.W2,50,16,0.4875938892364502,0.4880807101726532,0.00048682093620300293
final,52,block25.W2,51,16,0.5344701409339905,0.5328966975212097,0.0015734434127807617
final,52,block25.W2,52,16,0.5583280920982361,0.5562702417373657,0.0020578503608703613
final,52,block25.W2,53,16,0.522203803062439,0.5222896933555603,8.589029312133789e-05
final,52,block25.W2,54,16,0.41676193475723267,0.4169176518917084,0.000155717134475708
final,52,block25.W2,55,16,0.5483838319778442,0.5498129725456238,0.001429140567779541
final,52,block25.W2,56,16,0.5207270979881287,0.519990861415863,0.000736236572265625
final,52,block25.W2,57,16,0.40791118144989014,0.40823695063591003,0.00032576918601989746
final,52,block25.W2,58,16,0.5241823196411133,0.5226334929466248,0.0015488266944885254
final,52,block25.W2,59,16,0.4475727379322052,0.4481361210346222,0.0005633831024169922
final,52,block25.W2,60,16,0.4743931293487549,0.4758056700229645,0.0014125406742095947
final,52,block25.W2,61,16,0.4780358672142029,0.47910934686660767,0.0010734796524047852
final,52,block25.W2,62,16,0.4677901864051819,0.46624475717544556,0.0015454292297363281
final,52,block25.W2,63,16,0.47591960430145264,0.4765465259552002,0.0006269216537475586
final,53,block26.W1,0,16,0.5296845436096191,0.5303215980529785,0.000637054443359375
final,53,block26.W1,1,16,0.3980272114276886,0.39771682024002075,0.0003103911876678467
final,53,block26.W1,2,16,0.46736395359039307,0.4660670757293701,0.0012968778610229492
final,53,block26.W1,3,16,0.42136937379837036,0.4213619828224182,7.3909759521484375e-06
final,53,block26.W1,4,16,0.4128010869026184,0.4124983549118042,0.000302731990814209
final,53,block26.W1,5,16,0.5530761480331421,0.5532131195068359,0.00013697147369384766
final,53,block26.W1,6,16,0.46709465980529785,0.46663743257522583,0.0004572272300720215
final,53,block26.W1,7,16,0.47805964946746826,0.47787779569625854,0.0001818537712097168
final,53,block26.W1,8,16,0.44630739092826843,0.4455307424068451,0.0007766485214233398
final,53,block26.W1,9,16,0.3856571316719055,0.38642212748527527,0.000764995813369751
final,53,block26.W1,10,16,0.5340914726257324,0.5343612432479858,0.00026977062225341797
final,53,block26.W1,11,16,0.4551413059234619,0.4554419219493866,0.0003006160259246826
final,53,block26.W1,12,16,0.5647948980331421,0.5637258291244507,0.0010690689086914062
final,53,block26.W1,13,16,0.5213811993598938,0.5217002034187317,0.0003190040588378906
final,53,block26.W1,14,16,0.3847181499004364,0.38543930649757385,0.0007211565971374512
final,53,block26.W1,15,16,0.3721725046634674,0.3718813359737396,0.0002911686897277832
final,53,block26.W1,16,16,0.4453950524330139,0.4459472894668579,0.0005522370338439941
final,53,block26.W1,17,16,0.5199228525161743,0.5205733180046082,0.0006504654884338379
final,53,block26.W1,18,16,0.48104703426361084,0.47995248436927795,0.0010945498943328857
final,53,block26.W1,19,16,0.505669116973877,0.5058947205543518,0.00022560358047485352
final,53,block26.W1,20,16,0.4713763892650604,0.4708788990974426,0.0004974901676177979
final,53,block26.W1,21,16,0.4866998791694641,0.48688197135925293,0.00018209218978881836
final,53,block26.W1,22,16,0.5212078094482422,0.5204647183418274,0.0007430911064147949
final,53,block26.W1,23,16,0.4121836721897125,0.41107210516929626,0.0011115670204162598
final,53,block26.W1,24,16,0.3927358388900757,0.39242035150527954,0.0003154873847961426
final,53,block26.W1,25,16,0.5046392679214478,0.5056459307670593,0.0010066628456115723
final,53,block26.W1,26,16,0.4041598439216614,0.40569308400154114,0.0015332400798797607
final,53,block26.W1,27,16,0.38275641202926636,0.3831406831741333,0.00038427114486694336
final,53,block26.W1,28,16,0.5000552535057068,0.49940502643585205,0.0006502270698547363
final,53,block26.W1,29,16,0.41232165694236755,0.41381561756134033,0.0014939606189727783
final,53,block26.W1,30,16,0.4211890399456024,0.42186182737350464,0.0006727874279022217
final,53,block26.W1,31,16,0.44277656078338623,0.4419674277305603,0.0008091330528259277
final,53,block26.W1,32,16,0.45281466841697693,0.4540586769580841,0.0012440085411071777
final,53,block26.W1,33,16,0.4177085757255554,0.41828545928001404,0.0005768835544586182
final,53,block26.W1,34,16,0.43551576137542725,0.4362858533859253,0.0007700920104980469
final,53,block26.W1,35,16,0.5295515060424805,0.530723512172699,0.0011720061302185059
final,53,block26.W1,36,16,0.4434368908405304,0.44219377636909485,0.0012431144714355469
final,53,block26.W1,37,16,0.5605389475822449,0.5611357688903809,0.0005968213081359863
final,53,block26.W1,38,16,0.47143423557281494,0.4712023437023163,0.00023189187049865723
final,53,block26.W1,39,16,0.4562374949455261,0.4557522237300873,0.0004852712154388428
final,53,block26.W1,40,16,0.5435451865196228,0.5428584814071655,0.0006867051124572754
final,53,block26.W1,41,16,0.4928874969482422,0.49130964279174805,0.0015778541564941406
final,53,block26.W1,42,16,0.37956473231315613,0.38045647740364075,0.0008917450904846191
final,53,block26.W1,43,16,0.4472988247871399,0.4476124942302704,0.00031366944313049316
final,53,block26.W1,44,16,0.5007229447364807,0.4999474585056305,0.0007754862308502197
final,53,block26.W1,45,16,0.39074966311454773,0.3908882439136505,0.0001385807991027832
final,53,block26.W1,46,16,0.5123360753059387,0.5131815075874329,0.0008454322814941406
final,53,block26.W1,47,16,0.35477110743522644,0.3540932536125183,0.0006778538227081299
final,53,block26.W1,48,16,0.531414270401001,0.5310091376304626,0.0004051327705383301
final,53,block26.W1,49,16,0.5135810375213623,0.5155673027038574,0.001986265182495117
final,53,block26.W1,50,16,0.38855379819869995,0.38962841033935547,0.0010746121406555176
final,53,block26.W1,51,16,0.5073500871658325,0.5068947672843933,0.000455319881439209
final,53,block26.W1,52,16,0.43983495235443115,0.4394783675670624,0.0003565847873687744
final,53,block26.W1,53,16,0.45979684591293335,0.4596462547779083,0.00015059113502502441
final,53,block26.W1,54,16,0.5114601850509644,0.511282205581665,0.0001779794692993164
final,53,block26.W1,55,16,0.3910294473171234,0.3915556073188782,0.0005261600017547607
final,53,block26.W1,56,16,0.5257357358932495,0.5273858904838562,0.0016501545906066895
final,53,block26.W1,57,16,0.5055655241012573,0.5065837502479553,0.001018226146697998
final,53,block26.W1,58,16,0.4693230390548706,0.467946857213974,0.0013761818408966064
final,53,block26.W1,59,16,0.5526829957962036,0.5528936386108398,0.00021064281463623047
final,53,block26.W1,60,16,0.5632569789886475,0.5622451305389404,0.0010118484497070312
final,53,block26.W1,61,16,0.43891850113868713,0.4398156404495239,0.000897139310836792
final,53,block26.W1,62,16,0.4699229896068573,0.46908465027809143,0.0008383393287658691
final,53,block26.W1,63,16,0.40028050541877747,0.39996886253356934,0.0003116428852081299
final,54,block26.W2,0,16,0.4424152672290802,0.441165953874588,0.0012493133544921875
final,54,block26.W2,1,16,0.40662458539009094,0.4064732491970062,0.0001513361930847168
final,54,block26.W2,2,16,0.4698377251625061,0.4693690240383148,0.0004687011241912842
final,54,block26.W2,3,16,0.44836345314979553,0.45087558031082153,0.002512127161026001
final,54,block26.W2,4,16,0.4544658064842224,0.4558141827583313,0.0013483762741088867
final,54,block26.W2,5,16,0.38388198614120483,0.38420695066452026,0.0003249645233154297
final,54,block26.W2,6,16,0.4035942554473877,0.402701199054718,0.0008930563926696777
final,54,block26.W2,7,16,0.3574449419975281,0.3572910726070404,0.0001538693904876709
final,54,block26.W2,8,16,0.5038632154464722,0.504720151424408,0.000856935977935791
final,54,block26.W2,9,16,0.42391225695610046,0.42438575625419617,0.0004734992980957031
final,54,block26.W2,10,16,0.4907153844833374,0.49210384488105774,0.001388460397720337
final,54,block26.W2,11,16,0.4623185694217682,0.4625953137874603,0.00027674436569213867
final,54,block26.W2,12,16,0.4727630019187927,0.4717957377433777,0.0009672641754150391
final,54,block26.W2,13,16,0.48721766471862793,0.48673775792121887,0.0004799067974090576
final,54,block26.W2,14,16,0.4798724949359894,0.48003825545310974,0.00016576051712036133
final,54,block26.W2,15,16,0.4637231230735779,0.465153306722641,0.0014301836490631104
final,54,block26.W2,16,16,0.7055416703224182,0.7060337066650391,0.0004920363426208496
final,54,block26.W2,17,16,0.547142744064331,0.5469579696655273,0.00018477439880371094
final,54,block26.W2,18,16,0.5185189843177795,0.518099308013916,0.0004196763038635254
final,54,block26.W2,19,16,0.40786871314048767,0.4090282917022705,0.001159578561782837
final,54,block26.W2,20,16,0.4439477026462555,0.4435149133205414,0.00043278932571411133
final,54,block26.W2,21,16,0.43645748496055603,0.43495380878448486,0.001503676176071167
final,54,block26.W2,22,16,0.42358437180519104,0.42361417412757874,2.9802322387695312e-05
final,54,block26.W2,23,16,0.61705082654953,0.6172769069671631,0.00022608041763305664
final,54,block26.W2,24,16,0.3847353458404541,0.3851904273033142,0.0004550814628601074
final,54,block26.W2,25,16,0.5797203183174133,0.5814487934112549,0.0017284750938415527
final,54,block26.W2,26,16,0.45841050148010254,0.45887845754623413,0.0004679560661315918
final,54,block26.W2,27,16,0.5388601422309875,0.5391761064529419,0.0003159642219543457
final,54,block26.W2,28,16,0.44324004650115967,0.44347792863845825,0.00023788213729858398
final,54,block26.W2,29,16,0.3774234354496002,0.3779657483100891,0.0005423128604888916
final,54,block26.W2,30,16,0.49556025862693787,0.495954304933548,0.0003940463066101074
final,54,block26.W2,31,16,0.5144306421279907,0.5144612789154053,3.063678741455078e-05
final,54,block26.W2,32,16,0.559799313545227,0.5590627193450928,0.0007365942001342773
final,54,block26.W2,33,16,0.4105912446975708,0.41038617491722107,0.00020506978034973145
final,54,block26.W2,34,16,0.5323116183280945,0.5309624671936035,0.0013491511344909668
final,54,block26.W2,35,16,0.43434685468673706,0.43302348256111145,0.0013233721256256104
final,54,block26.W2,36,16,0.4204714298248291,0.4192265272140503,0.0012449026107788086
final,54,block26.W2,37,16,0.4980311393737793,0.498329758644104,0.00029861927032470703
final,54,block26.W2,38,16,0.5371558666229248,0.537376880645752,0.00022101402282714844
final,54,block26.W2,39,16,0.41674482822418213,0.41692236065864563,0.00017753243446350098
final,54,block26.W2,40,16,0.4719391465187073,0.4730139374732971,0.0010747909545898438
final,54,block26.W2,41,16,0.4253309369087219,0.42532145977020264,9.47713851928711e-06
final,54,block26.W2,42,16,0.5326493382453918,0.5326035022735596,4.583597183227539e-05
final,54,block26.W2,43,16,0.5084019899368286,0.5092634558677673,0.0008614659309387207
final,54,block26.W2,44,16,0.5041974782943726,0.5034466981887817,0.0007507801055908203
final,54,block26.W2,45,16,0.4498753547668457,0.4514605402946472,0.0015851855278015137
final,54,block26.W2,46,16,0.48821911215782166,0.4888410270214081,0.0006219148635864258
final,54,block26.W2,47,16,0.5401887893676758,0.5410041809082031,0.0008153915405273438
final,54,block26.W2,48,16,0.4681220054626465,0.46703314781188965,0.001088857650756836
final,54,block26.W2,49,16,0.42460301518440247,0.4244770407676697,0.00012597441673278809
final,54,block26.W2,50,16,0.5938106179237366,0.5941475033760071,0.0003368854522705078
final,54,block26.W2,51,16,0.5075821876525879,0.50681072473526,0.0007714629173278809
final,54,block26.W2,52,16,0.402722030878067,0.40183985233306885,0.0008821785449981689
final,54,block26.W2,53,16,0.49173927307128906,0.49231624603271484,0.0005769729614257812
final,54,block26.W2,54,16,0.4749773144721985,0.4739585816860199,0.0010187327861785889
final,54,block26.W2,55,16,0.4467264711856842,0.4472406804561615,0.0005142092704772949
final,54,block26.W2,56,16,0.42609819769859314,0.42602935433387756,6.884336471557617e-05
final,54,block26.W2,57,16,0.5085129141807556,0.5094810724258423,0.0009681582450866699
final,54,block26.W2,58,16,0.511997640132904,0.5113463401794434,0.0006512999534606934
final,54,block26.W2,59,16,0.4054095149040222,0.4055277705192566,0.000118255615234375
final,54,block26.W2,60,16,0.49664440751075745,0.49744459986686707,0.0008001923561096191
final,54,block26.W2,61,16,0.35589492321014404,0.3554898500442505,0.0004050731658935547
final,54,block26.W2,62,16,0.5411106944084167,0.5402162075042725,0.0008944869041442871
final,54,block26.W2,63,16,0.534218430519104,0.5347302556037903,0.0005118250846862793
final,55,block27.W1,0,16,0.4908240735530853,0.49109721183776855,0.00027313828468322754
final,55,block27.W1,1,16,0.5826727747917175,0.5823831558227539,0.00028961896896362305
final,55,block27.W1,2,16,0.34264320135116577,0.34168288111686707,0.0009603202342987061
final,55,block27.W1,3,16,0.5252285599708557,0.5253845453262329,0.00015598535537719727
final,55,block27.W1,4,16,0.3960648775100708,0.39601677656173706,4.8100948333740234e-05
final,55,block27.W1,5,16,0.4924187660217285,0.49184104800224304,0.0005777180194854736
final,55,block27.W1,6,16,0.4530598223209381,0.45396551489830017,0.0009056925773620605
final,55,block27.W1,7,16,0.4890729486942291,0.4888240396976471,0.00024890899658203125
final,55,block27.W1,8,16,0.36310505867004395,0.3630719482898712,3.311038017272949e-05
final,55,block27.W1,9,16,0.6745868921279907,0.6747313141822815,0.00014442205429077148
final,55,block27.W1,10,16,0.5356296896934509,0.5354430675506592,0.00018662214279174805
final,55,block27.W1,11,16,0.533566951751709,0.5340738296508789,0.0005068778991699219
final,55,block27.W1,12,16,0.5442295670509338,0.5457430481910706,0.0015134811401367188
final,55,block27.W1,13,16,0.6000497937202454,0.6014259457588196,0.0013761520385742188
final,55,block27.W1,14,16,0.49851205945014954,0.49871015548706055,0.00019809603691101074
final,55,block27.W1,15,16,0.5002531409263611,0.5003411173820496,8.797645568847656e-05
final,55,block27.W1,16,16,0.5794071555137634,0.5788701176643372,0.0005370378494262695
final,55,block27.W1,17,16,0.5487826466560364,0.5468707084655762,0.001911938190460205
final,55,block27.W1,18,16,0.41385984420776367,0.4135529696941376,0.00030687451362609863
final,55,block27.W1,19,16,0.43683284521102905,0.4369522035121918,0.00011935830116271973
final,55,block27.W1,20,16,0.47390368580818176,0.47351324558258057,0.0003904402256011963
final,55,block27.W1,21,16,0.4229813814163208,0.42418429255485535,0.001202911138534546
final,55,block27.W1,22,16,0.5092654824256897,0.509911060333252,0.0006455779075622559
final,55,block27.W1,23,16,0.6005741953849792,0.5994434356689453,0.0011307597160339355
final,55,block27.W1,24,16,0.4275108873844147,0.4274353086948395,7.557868957519531e-05
final,55,block27.W1,25,16,0.3940153419971466,0.3947422504425049,0.0007269084453582764
final,55,block27.W1,26,16,0.3842974007129669,0.38455116748809814,0.0002537667751312256
final,55,block27.W1,27,16,0.41383400559425354,0.4128205478191376,0.0010134577751159668
final,55,block27.W1,28,16,0.3993074297904968,0.4000605642795563,0.0007531344890594482
final,55,block27.W1,29,16,0.3940376341342926,0.3936854898929596,0.0003521442413330078
final,55,block27.W1,30,16,0.36930927634239197,0.36871278285980225,0.0005964934825897217
final,55,block27.W1,31,16,0.47652143239974976,0.4769000709056854,0.00037863850593566895
final,55,block27.W1,32,16,0.45965519547462463,0.46032553911209106,0.0006703436374664307
final,55,block27.W1,33,16,0.394605427980423,0.39523258805274963,0.0006271600723266602
final,55,block27.W1,34,16,0.5155788064002991,0.514599084854126,0.0009797215461730957
final,55,block27.W1,35,16,0.5107057094573975,0.509240984916687,0.0014647245407104492
final,55,block27.W1,36,16,0.4740624725818634,0.4732426702976227,0.0008198022842407227
final,55,block27.W1,37,16,0.4458290636539459,0.44609206914901733,0.00026300549507141113
final,55,block27.W1,38,16,0.44467005133628845,0.4446801245212555,1.0073184967041016e-05
final,55,block27.W1,39,16,0.4588013291358948,0.4582599997520447,0.0005413293838500977
final,55,block27.W1,40,16,0.4270552098751068,0.4266090393066406,0.0004461705684661865
final,55,block27.W1,41,16,0.5251204371452332,0.5250902771949768,3.0159950256347656e-05
final,55,block27.W1,42,16,0.585018515586853,0.5845233798027039,0.0004951357841491699
final,55,block27.W1,43,16,0.5237461924552917,0.5243539810180664,0.0006077885627746582
final,55,block27.W1,44,16,0.5204078555107117,0.5205079317092896,0.00010007619857788086
final,55,block27.W1,45,16,0.4623248875141144,0.46020403504371643,0.0021208524703979492
final,55,block27.W1,46,16,0.5192720890045166,0.5207491517066956,0.001477062702178955
final,55,block27.W1,47,16,0.40304672718048096,0.40418609976768494,0.0011393725872039795
final,55,block27.W1,48,16,0.5169952511787415,0.5166757106781006,0.00031954050064086914
final,55,block27.W1,49,16,0.3858458995819092,0.3860662579536438,0.00022035837173461914
final,55,block27.W1,50,16,0.488226056098938,0.48953545093536377,0.0013093948364257812
final,55,block27.W1,51,16,0.5166437029838562,0.5152314305305481,0.0014122724533081055
final,55,block27.W1,52,16,0.4954347610473633,0.4962943196296692,0.0008595585823059082
final,55,block27.W1,53,16,0.4075889587402344,0.40755611658096313,3.2842159271240234e-05
final,55,block27.W1,54,16,0.545326292514801,0.5441160798072815,0.0012102127075195312
final,55,block27.W1,55,16,0.48153430223464966,0.48160529136657715,7.098913192749023e-05
final,55,block27.W1,56,16,0.46154549717903137,0.4621219038963318,0.000576406717300415
final,55,block27.W1,57,16,0.4129030406475067,0.41357046365737915,0.0006674230098724365
final,55,block27.W1,58,16,0.4161060154438019,0.4164535105228424,0.00034749507904052734
final,55,block27.W1,59,16,0.49872836470603943,0.4991004168987274,0.0003720521926879883
final,55,block27.W1,60,16,0.5379154086112976,0.5398622751235962,0.001946866512298584
final,55,block27.W1,61,16,0.38155892491340637,0.38207218050956726,0.0005132555961608887
final,55,block27.W1,62,16,0.44834133982658386,0.4481872022151947,0.00015413761138916016
final,55,block27.W1,63,16,0.41273194551467896,0.4121670126914978,0.0005649328231811523
final,56,block27.W2,0,16,0.44483447074890137,0.4445899426937103,0.00024452805519104004
final,56,block27.W2,1,16,0.45963528752326965,0.4598250687122345,0.00018978118896484375
final,56,block27.W2,2,16,0.47243532538414,0.47303077578544617,0.0005954504013061523
final,56,block27.W2,3,16,0.4502868354320526,0.4493681490421295,0.0009186863899230957
final,56,block27.W2,4,16,0.3762679696083069,0.374447762966156,0.001820206642150879
final,56,block27.W2,5,16,0.5676268339157104,0.5682147145271301,0.0005878806114196777
final,56,block27.W2,6,16,0.34198352694511414,0.3418002724647522,0.00018325448036193848
final,56,block27.W2,7,16,0.49480968713760376,0.4948270618915558,1.7374753952026367e-05
final,56,block27.W2,8,16,0.4701763391494751,0.47048220038414,0.000305861234664917
final,56,block27.W2,9,16,0.44612917304039,0.44602274894714355,0.00010642409324645996
final,56,block27.W2,10,16,0.43271705508232117,0.43383023142814636,0.0011131763458251953
final,56,block27.W2,11,16,0.46448612213134766,0.46470892429351807,0.00022280216217041016
final,56,block27.W2,12,16,0.4721553921699524,0.4717068672180176,0.00044852495193481445
final,56,block27.W2,13,16,0.4884380102157593,0.4887005090713501,0.0002624988555908203
final,56,block27.W2,14,16,0.47786423563957214,0.4780237376689911,0.0001595020294189453
final,56,block27.W2,15,16,0.5061231851577759,0.5044321417808533,0.0016910433769226074
final,56,block27.W2,16,16,0.5015729665756226,0.5010495185852051,0.0005234479904174805
final,56,block27.W2,17,16,0.4734596014022827,0.4739036560058594,0.00044405460357666016
final,56,block27.W2,18,16,0.4495045244693756,0.4488537013530731,0.0006508231163024902
final,56,block27.W2,19,16,0.43305283784866333,0.4339738190174103,0.0009209811687469482
final,56,block27.W2,20,16,0.4908198416233063,0.490657240152359,0.00016260147094726562
final,56,block27.W2,21,16,0.5098222494125366,0.5102588534355164,0.00043660402297973633
final,56,block27.W2,22,16,0.43447908759117126,0.4353335499763489,0.0008544623851776123
final,56,block27.W2,23,16,0.45929428935050964,0.4590538740158081,0.00024041533470153809
final,56,block27.W2,24,16,0.4730878174304962,0.47192856669425964,0.0011592507362365723
final,56,block27.W2,25,16,0.3954140841960907,0.3954993784427643,8.529424667358398e-05
final,56,block27.W2,26,16,0.47813671827316284,0.4777269661426544,0.00040975213050842285
final,56,block27.W2,27,16,0.49723151326179504,0.49791470170021057,0.0006831884384155273
final,56,block27.W2,28,16,0.456199049949646,0.45573633909225464,0.0004627108573913574
final,56,block27.W2,29,16,0.5282029509544373,0.5272068977355957,0.0009960532188415527
final,56,block27.W2,30,16,0.5142374634742737,0.5143463015556335,0.00010883808135986328
final,56,block27.W2,31,16,0.6704203486442566,0.6689478158950806,0.0014725327491760254
final,56,block27.W2,32,16,0.47986623644828796,0.47942423820495605,0.0004419982433319092
final,56,block27.W2,33,16,0.396210640668869,0.39675644040107727,0.000545799732208252
final,56,block27.W2,34,16,0.5047324895858765,0.50411456823349,0.0006179213523864746
final,56,block27.W2,35,16,0.4848184287548065,0.4855457544326782,0.0007273256778717041
final,56,block27.W2,36,16,0.36457833647727966,0.3646576702594757,7.933378219604492e-05
final,56,block27.W2,37,16,0.47072723507881165,0.4694393575191498,0.0012878775596618652
final,56,block27.W2,38,16,0.4478256404399872,0.44991183280944824,0.0020861923694610596
final,56,block27.W2,39,16,0.5918489098548889,0.5912803411483765,0.0005685687065124512
final,56,block27.W2,40,16,0.5557997822761536,0.5569140911102295,0.0011143088340759277
final,56,block27.W2,41,16,0.4130650460720062,0.4136229157447815,0.0005578696727752686
final,56,block27.W2,42,16,0.46930524706840515,0.4706803858280182,0.0013751387596130371
final,56,block27.W2,43,16,0.46912944316864014,0.4681766629219055,0.0009527802467346191
final,56,block27.W2,44,16,0.4594053030014038,0.46096158027648926,0.0015562772750854492
final,56,block27.W2,45,16,0.5658823251724243,0.5672552585601807,0.0013729333877563477
final,56,block27.W2,46,16,0.4408853054046631,0.4400283098220825,0.0008569955825805664
final,56,block27.W2,47,16,0.520007848739624,0.5215466022491455,0.0015387535095214844
final,56,block27.W2,48,16,0.47450321912765503,0.47454166412353516,3.844499588012695e-05
final,56,block27.W2,49,16,0.514955461025238,0.5155732035636902,0.0006177425384521484
final,56,block27.W2,50,16,0.4653720259666443,0.46356573700904846,0.0018062889575958252
final,56,block27.W2,51,16,0.34885773062705994,0.3496604859828949,0.0008027553558349609
final,56,block27.W2,52,16,0.42484644055366516,0.4275992810726166,0.002752840518951416
final,56,block27.W2,53,16,0.5257200598716736,0.5256199240684509,0.00010013580322265625
final,56,block27.W2,54,16,0.527422308921814,0.527800440788269,0.0003781318664550781
final,56,block27.W2,55,16,0.37746474146842957,0.37737900018692017,8.574128150939941e-05
final,56,block27.W2,56,16,0.42147013545036316,0.4216090440750122,0.00013890862464904785
final,56,block27.W2,57,16,0.43997424840927124,0.44101327657699585,0.0010390281677246094
final,56,block27.W2,58,16,0.49306339025497437,0.49391937255859375,0.0008559823036193848
final,56,block27.W2,59,16,0.5298450589179993,0.529739260673523,0.00010579824447631836
final,56,block27.W2,60,16,0.41908693313598633,0.41954997181892395,0.00046303868293762207
final,56,block27.W2,61,16,0.4756271243095398,0.47670742869377136,0.0010803043842315674
final,56,block27.W2,62,16,0.46043092012405396,0.4599817991256714,0.00044912099838256836
final,56,block27.W2,63,16,0.5149514675140381,0.5147605538368225,0.00019091367721557617
final,57,block28.W1,0,16,0.4247189164161682,0.4243640601634979,0.0003548562526702881
final,57,block28.W1,1,16,0.5829029679298401,0.5825952887535095,0.0003076791763305664
final,57,block28.W1,2,16,0.5270719528198242,0.5265124440193176,0.0005595088005065918
final,57,block28.W1,3,16,0.48378828167915344,0.48400774598121643,0.00021946430206298828
final,57,block28.W1,4,16,0.4418336749076843,0.44118717312812805,0.0006465017795562744
final,57,block28.W1,5,16,0.38998401165008545,0.38955923914909363,0.0004247725009918213
final,57,block28.W1,6,16,0.5065051317214966,0.5066741108894348,0.00016897916793823242
final,57,block28.W1,7,16,0.6938573122024536,0.69300377368927,0.0008535385131835938
final,57,block28.W1,8,16,0.5433892607688904,0.5426068902015686,0.0007823705673217773
final,57,block28.W1,9,16,0.6057741641998291,0.604766845703125,0.0010073184967041016
final,57,block28.W1,10,16,0.4786810278892517,0.47801968455314636,0.0006613433361053467
final,57,block28.W1,11,16,0.42291563749313354,0.4227949380874634,0.00012069940567016602
final,57,block28.W1,12,16,0.4556724727153778,0.4559858441352844,0.0003133714199066162
final,57,block28.W1,13,16,0.5887355208396912,0.5878435373306274,0.0008919835090637207
final,57,block28.W1,14,16,0.5460937023162842,0.5471066236495972,0.0010129213333129883
final,57,block28.W1,15,16,0.36872607469558716,0.3697662949562073,0.0010402202606201172
final,57,block28.W1,16,16,0.5573222637176514,0.557424783706665,0.00010251998901367188
final,57,block28.W1,17,16,0.33899298310279846,0.33796557784080505,0.0010274052619934082
final,57,block28.W1,18,16,0.4400666058063507,0.43924272060394287,0.0008238852024078369
final,57,block28.W1,19,16,0.36545807123184204,0.3648913502693176,0.0005667209625244141
final,57,block28.W1,20,16,0.3696845769882202,0.3702567517757416,0.0005721747875213623
final,57,block28.W1,21,16,0.5069933533668518,0.5064597725868225,0.0005335807800292969
final,57,block28.W1,22,16,0.5014400482177734,0.5022814869880676,0.0008414387702941895
final,57,block28.W1,23,16,0.3752676248550415,0.37499403953552246,0.00027358531951904297
final,57,block28.W1,24,16,0.37853652238845825,0.3777845799922943,0.0007519423961639404
final,57,block28.W1,25,16,0.4502699673175812,0.45064929127693176,0.00037932395935058594
final,57,block28.W1,26,16,0.4205384850502014,0.4204796850681305,5.879998207092285e-05
final,57,block28.W1,27,16,0.43672388792037964,0.43765687942504883,0.0009329915046691895
final,57,block28.W1,28,16,0.41600412130355835,0.4159941077232361,1.0013580322265625e-05
final,57,block28.W1,29,16,0.4030703008174896,0.40294626355171204,0.0001240372657775879
final,57,block28.W1,30,16,0.4883790612220764,0.48847538232803345,9.632110595703125e-05
final,57,block28.W1,31,16,0.43767866492271423,0.4376634657382965,1.519918441772461e-05
final,57,block28.W1,32,16,0.4290994107723236,0.4290151298046112,8.428096771240234e-05
final,57,block28.W1,33,16,0.4241090416908264,0.4242669939994812,0.00015795230865478516
final,57,block28.W1,34,16,0.4350177049636841,0.435532808303833,0.0005151033401489258
final,57,block28.W1,35,16,0.45333772897720337,0.453418105840683,8.037686347961426e-05
final,57,block28.W1,36,16,0.5219380855560303,0.5226321220397949,0.0006940364837646484
final,57,block28.W1,37,16,0.4486706852912903,0.4484841823577881,0.00018650293350219727
final,57,block28.W1,38,16,0.3908797800540924,0.3903597295284271,0.0005200505256652832
final,57,block28.W1,39,16,0.4107041358947754,0.4102195203304291,0.0004846155643463135
final,57,block28.W1,40,16,0.49285608530044556,0.4921555817127228,0.0007005035877227783
final,57,block28.W1,41,16,0.5165174007415771,0.5166922211647034,0.0001748204231262207
final,57,block28.W1,42,16,0.4567890465259552,0.45610442757606506,0.0006846189498901367
final,57,block28.W1,43,16,0.37933409214019775,0.37850186228752136,0.0008322298526763916
final,57,block28.W1,44,16,0.5017797350883484,0.5021845102310181,0.00040477514266967773
final,57,block28.W1,45,16,0.47762560844421387,0.4769829213619232,0.0006426870822906494
final,57,block28.W1,46,16,0.532544732093811,0.5320307016372681,0.0005140304565429688
final,57,block28.W1,47,16,0.44479718804359436,0.44502902030944824,0.00023183226585388184
final,57,block28.W1,48,16,0.37689006328582764,0.3780200183391571,0.0011299550533294678
final,57,block28.W1,49,16,0.3679855465888977,0.36900368332862854,0.001018136739730835
final,57,block28.W1,50,16,0.5472536087036133,0.5463250279426575,0.0009285807609558105
final,57,block28.W1,51,16,0.36671069264411926,0.36597558856010437,0.0007351040840148926
final,57,block28.W1,52,16,0.3877290189266205,0.3881867527961731,0.0004577338695526123
final,57,block28.W1,53,16,0.4474327564239502,0.4465672969818115,0.0008654594421386719
final,57,block28.W1,54,16,0.4719765782356262,0.4715214967727661,0.0004550814628601074
final,57,block28.W1,55,16,0.3900681138038635,0.3899551033973694,0.00011301040649414062
final,57,block28.W1,56,16,0.4120495617389679,0.41189029812812805,0.00015926361083984375
final,57,block28.W1,57,16,0.45791664719581604,0.45745521783828735,0.0004614293575286865
final,57,block28.W1,58,16,0.509235143661499,0.5088939070701599,0.00034123659133911133
final,57,block28.W1,59,16,0.42582735419273376,0.42500102519989014,0.0008263289928436279
final,57,block28.W1,60,16,0.5079138875007629,0.5085626244544983,0.0006487369537353516
final,57,block28.W1,61,16,0.42137131094932556,0.4218389093875885,0.00046759843826293945
final,57,block28.W1,62,16,0.397370845079422,0.39801308512687683,0.000642240047454834
final,57,block28.W1,63,16,0.45925793051719666,0.45942384004592896,0.0001659095287322998
final,58,block28.W2,0,16,0.42578279972076416,0.42467138171195984,0.0011114180088043213
final,58,block28.W2,1,16,0.4550379812717438,0.45467689633369446,0.0003610849380493164
final,58,block28.W2,2,16,0.42398694157600403,0.4230654537677765,0.0009214878082275391
final,58,block28.W2,3,16,0.4905024766921997,0.48983901739120483,0.000663459300994873
final,58,block28.W2,4,16,0.4339603781700134,0.4334076941013336,0.0005526840686798096
final,58,block28.W2,5,16,0.5307594537734985,0.5303979516029358,0.00036150217056274414
final,58,block28.W2,6,16,0.4985407292842865,0.4974581003189087,0.0010826289653778076
final,58,block28.W2,7,16,0.4406564235687256,0.4429410696029663,0.0022846460342407227
final,58,block28.W2,8,16,0.5958528518676758,0.5950679779052734,0.0007848739624023438
final,58,block28.W2,9,16,0.4454984664916992,0.44582217931747437,0.0003237128257751465
final,58,block28.W2,10,16,0.4663308262825012,0.46538329124450684,0.0009475350379943848
final,58,block28.W2,11,16,0.5360205173492432,0.5347009301185608,0.001319587230682373
final,58,block28.W2,12,16,0.5130380392074585,0.5125530958175659,0.0004849433898925781
final,58,block28.W2,13,16,0.45077285170555115,0.4506593644618988,0.00011348724365234375
final,58,block28.W2,14,16,0.3726722002029419,0.37199679017066956,0.0006754100322723389
final,58,block28.W2,15,16,0.48598453402519226,0.4864262640476227,0.0004417300224304199
final,58,block28.W2,16,16,0.5479230284690857,0.5472329258918762,0.0006901025772094727
final,58,block28.W2,17,16,0.3813984990119934,0.38156941533088684,0.00017091631889343262
final,58,block28.W2,18,16,0.5004254579544067,0.5010413527488708,0.0006158947944641113
final,58,block28.W2,19,16,0.5458379983901978,0.5466762185096741,0.0008382201194763184
final,58,block28.W2,20,16,0.6790354251861572,0.6802161931991577,0.0011807680130004883
final,58,block28.W2,21,16,0.4680192172527313,0.46899324655532837,0.0009740293025970459
final,58,block28.W2,22,16,0.4159586727619171,0.41486209630966187,0.001096576452255249
final,58,block28.W2,23,16,0.480742484331131,0.4810726046562195,0.000330120325088501
final,58,block28.W2,24,16,0.4674283564090729,0.46931660175323486,0.0018882453441619873
final,58,block28.W2,25,16,0.3835076689720154,0.38319697976112366,0.00031068921089172363
final,58,block28.W2,26,16,0.46916112303733826,0.468014121055603,0.0011470019817352295
final,58,block28.W2,27,16,0.4036686420440674,0.40328893065452576,0.000379711389541626
final,58,block28.W2,28,16,0.46955981850624084,0.4698863923549652,0.00032657384872436523
final,58,block28.W2,29,16,0.49191054701805115,0.4932432472705841,0.001332700252532959
final,58,block28.W2,30,16,0.4631386995315552,0.46268343925476074,0.0004552602767944336
final,58,block28.W2,31,16,0.4966636002063751,0.4958007335662842,0.0008628666400909424
final,58,block28.W2,32,16,0.4466150999069214,0.4456747770309448,0.0009403228759765625
final,58,block28.W2,33,16,0.40599483251571655,0.4068000614643097,0.0008052289485931396
final,58,block28.W2,34,16,0.42315351963043213,0.4232262074947357,7.268786430358887e-05
final,58,block28.W2,35,16,0.4683973491191864,0.46951019763946533,0.0011128485202789307
final,58,block28.W2,36,16,0.4179057776927948,0.41742050647735596,0.0004852712154388428
final,58,block28.W2,37,16,0.5757108330726624,0.575609028339386,0.00010180473327636719
final,58,block28.W2,38,16,0.4824216365814209,0.48155224323272705,0.0008693933486938477
final,58,block28.W2,39,16,0.37982285022735596,0.38028478622436523,0.00046193599700927734
final,58,block28.W2,40,16,0.38775959610939026,0.3874865770339966,0.00027301907539367676
final,58,block28.W2,41,16,0.45064017176628113,0.449862003326416,0.0007781684398651123
final,58,block28.W2,42,16,0.5665850639343262,0.5664872527122498,9.781122207641602e-05
final,58,block28.W2,43,16,0.5162909626960754,0.5160823464393616,0.0002086162567138672
final,58,block28.W2,44,16,0.49875155091285706,0.49767372012138367,0.0010778307914733887
final,58,block28.W2,45,16,0.46746906638145447,0.46743661165237427,3.2454729080200195e-05
final,58,block28.W2,46,16,0.509413480758667,0.5101433396339417,0.0007298588752746582
final,58,block28.W2,47,16,0.47059762477874756,0.47077876329421997,0.0001811385154724121
final,58,block28.W2,48,16,0.41792622208595276,0.4176761507987976,0.00025007128715515137
final,58,block28.W2,49,16,0.3918367326259613,0.39170846343040466,0.00012826919555664062
final,58,block28.W2,50,16,0.3620508313179016,0.36237195134162903,0.000321120023727417
final,58,block28.W2,51,16,0.39127710461616516,0.3916340172290802,0.00035691261291503906
final,58,block28.W2,52,16,0.4867270886898041,0.48586076498031616,0.000866323709487915
final,58,block28.W2,53,16,0.3922481834888458,0.3917273283004761,0.000520855188369751
final,58,block28.W2,54,16,0.46757352352142334,0.46943941712379456,0.0018658936023712158
final,58,block28.W2,55,16,0.3525159955024719,0.35231253504753113,0.0002034604549407959
final,58,block28.W2,56,16,0.4063740372657776,0.4069150686264038,0.0005410313606262207
final,58,block28.W2,57,16,0.41179800033569336,0.41233521699905396,0.0005372166633605957
final,58,block28.W2,58,16,0.4754473865032196,0.47543957829475403,7.808208465576172e-06
final,58,block28.W2,59,16,0.530762255191803,0.5313166379928589,0.0005543828010559082
final,58,block28.W2,60,16,0.4824640154838562,0.48270952701568604,0.000245511531829834
final,58,block28.W2,61,16,0.4847991466522217,0.4842481315135956,0.0005510151386260986
final,58,block28.W2,62,16,0.4384738504886627,0.437472939491272,0.001000910997390747
final,58,block28.W2,63,16,0.5753244161605835,0.5756664872169495,0.0003420710563659668
final,59,block29.W1,0,16,0.525513768196106,0.5262634754180908,0.0007497072219848633
final,59,block29.W1,1,16,0.5358549356460571,0.5361466407775879,0.0002917051315307617
final,59,block29.W1,2,16,0.4047415256500244,0.40488114953041077,0.00013962388038635254
final,59,block29.W1,3,16,0.4605526924133301,0.45941320061683655,0.0011394917964935303
final,59,block29.W1,4,16,0.5601596236228943,0.5591952800750732,0.0009643435478210449
final,59,block29.W1,5,16,0.49499720335006714,0.4940997362136841,0.0008974671363830566
final,59,block29.W1,6,16,0.5174695253372192,0.5179674625396729,0.0004979372024536133
final,59,block29.W1,7,16,0.49955877661705017,0.4997156858444214,0.00015690922737121582
final,59,block29.W1,8,16,0.4670608937740326,0.46644437313079834,0.0006165206432342529
final,59,block29.W1,9,16,0.49812036752700806,0.498329758644104,0.00020939111709594727
final,59,block29.W1,10,16,0.4306146502494812,0.4307821989059448,0.00016754865646362305
final,59,block29.W1,11,16,0.4487414062023163,0.4489423930644989,0.0002009868621826172
final,59,block29.W1,12,16,0.49866342544555664,0.49812597036361694,0.0005374550819396973
final,59,block29.W1,13,16,0.34971463680267334,0.35036441683769226,0.0006497800350189209
final,59,block29.W1,14,16,0.395513653755188,0.3950645327568054,0.00044912099838256836
final,59,block29.W1,15,16,0.4350840151309967,0.4353982210159302,0.0003142058849334717
final,59,block29.W1,16,16,0.4709789454936981,0.4713842272758484,0.00040528178215026855
final,59,block29.W1,17,16,0.4956521689891815,0.49597787857055664,0.00032570958137512207
final,59,block29.W1,18,16,0.36042138934135437,0.35953038930892944,0.0008910000324249268
final,59,block29.W1,19,16,0.49543237686157227,0.49605271220207214,0.0006203353404998779
final,59,block29.W1,20,16,0.494436115026474,0.4932011067867279,0.0012350082397460938
final,59,block29.W1,21,16,0.5011888146400452,0.5027042627334595,0.0015154480934143066
final,59,block29.W1,22,16,0.6166544556617737,0.6167486906051636,9.423494338989258e-05
final,59,block29.W1,23,16,0.4459414482116699,0.44656091928482056,0.0006194710731506348
final,59,block29.W1,24,16,0.5141922831535339,0.514612078666687,0.00041979551315307617
final,59,block29.W1,25,16,0.46274837851524353,0.46288201212882996,0.00013363361358642578
final,59,block29.W1,26,16,0.4515098035335541,0.4502197206020355,0.0012900829315185547
final,59,block29.W1,27,16,0.4759877026081085,0.47585585713386536,0.00013184547424316406
final,59,block29.W1,28,16,0.42372927069664,0.4230307340621948,0.0006985366344451904
final,59,block29.W1,29,16,0.40333807468414307,0.4033735990524292,3.552436828613281e-05
final,59,block29.W1,30,16,0.5004817247390747,0.5007174611091614,0.00023573637008666992
final,59,block29.W1,31,16,0.4360305368900299,0.43630775809288025,0.0002772212028503418
final,59,block29.W1,32,16,0.4283864498138428,0.42901620268821716,0.0006297528743743896
final,59,block29.W1,33,16,0.5490830540657043,0.5489115118980408,0.00017154216766357422
final,59,block29.W1,34,16,0.4132644832134247,0.4137897789478302,0.0005252957344055176
final,59,block29.W1,35,16,0.5254456996917725,0.5265036821365356,0.0010579824447631836
final,59,block29.W1,36,16,0.438646525144577,0.438173770904541,0.00047275424003601074
final,59,block29.W1,37,16,0.5252452492713928,0.5233796834945679,0.0018655657768249512
final,59,block29.W1,38,16,0.42809125781059265,0.42862778902053833,0.0005365312099456787
final,59,block29.W1,39,16,0.3735058307647705,0.3735153079032898,9.47713851928711e-06
final,59,block29.W1,40,16,0.5015729665756226,0.5014655590057373,0.0001074075698852539
final,59,block29.W1,41,16,0.5360648036003113,0.5357038378715515,0.0003609657287597656
final,59,block29.W1,42,16,0.43820905685424805,0.43786901235580444,0.0003400444984436035
final,59,block29.W1,43,16,0.5402331948280334,0.5393568277359009,0.0008763670921325684
final,59,block29.W1,44,16,0.5743772983551025,0.5747548341751099,0.0003775358200073242
final,59,block29.W1,45,16,0.395027756690979,0.39550718665122986,0.0004794299602508545
final,59,block29.W1,46,16,0.417663037776947,0.41824692487716675,0.0005838871002197266
final,59,block29.W1,47,16,0.5202977061271667,0.5204533934593201,0.0001556873321533203
final,59,block29.W1,48,16,0.5081573724746704,0.5078974962234497,0.0002598762512207031
final,59,block29.W1,49,16,0.5379913449287415,0.5388026833534241,0.0008113384246826172
final,59,block29.W1,50,16,0.46273189783096313,0.4613191783428192,0.001412719488143921
final,59,block29.W1,51,16,0.4381994307041168,0.4388631284236908,0.0006636977195739746
final,59,block29.W1,52,16,0.5628690719604492,0.5618806481361389,0.0009884238243103027
final,59,block29.W1,53,16,0.5736815929412842,0.5729687213897705,0.0007128715515136719
final,59,block29.W1,54,16,0.383665531873703,0.3836476504802704,1.7881393432617188e-05
final,59,block29.W1,55,16,0.4946054518222809,0.494156152009964,0.00044929981231689453
final,59,block29.W1,56,16,0.5979582071304321,0.5978696942329407,8.851289749145508e-05
final,59,block29.W1,57,16,0.4468327462673187,0.44633129239082336,0.0005014538764953613
final,59,block29.W1,58,16,0.43116554617881775,0.43036890029907227,0.0007966458797454834
final,59,block29.W1,59,16,0.4013311564922333,0.4019104838371277,0.0005793273448944092
final,59,block29.W1,60,16,0.3994370400905609,0.39926648139953613,0.00017055869102478027
final,59,block29.W1,61,16,0.39157721400260925,0.3914929926395416,8.422136306762695e-05
final,59,block29.W1,62,16,0.7173057794570923,0.7167899012565613,0.0005158782005310059
final,59,block29.W1,63,16,0.45314496755599976,0.45353803038597107,0.0003930628299713135
final,60,block29.W2,0,16,0.5009844303131104,0.49916788935661316,0.0018165409564971924
final,60,block29.W2,1,16,0.4526274502277374,0.4518134593963623,0.0008139908313751221
final,60,block29.W2,2,16,0.47507983446121216,0.4753120243549347,0.00023218989372253418
final,60,block29.W2,3,16,0.4100363254547119,0.4102815091609955,0.00024518370628356934
final,60,block29.W2,4,16,0.5580262541770935,0.5585808753967285,0.0005546212196350098
final,60,block29.W2,5,16,0.4064640700817108,0.4062919020652771,0.00017216801643371582
final,60,block29.W2,6,16,0.4781327247619629,0.47764456272125244,0.0004881620407104492
final,60,block29.W2,7,16,0.4541111886501312,0.4540573060512543,5.3882598876953125e-05
final,60,block29.W2,8,16,0.4454692304134369,0.44543537497520447,3.3855438232421875e-05
final,60,block29.W2,9,16,0.38360729813575745,0.3842650353908539,0.0006577372550964355
final,60,block29.W2,10,16,0.38114097714424133,0.3823014497756958,0.0011604726314544678
final,60,block29.W2,11,16,0.522233784198761,0.5222381949424744,4.410743713378906e-06
final,60,block29.W2,12,16,0.51099693775177,0.5105496644973755,0.00044727325439453125
final,60,block29.W2,13,16,0.4115470051765442,0.41119101643562317,0.0003559887409210205
final,60,block29.W2,14,16,0.44860926270484924,0.4484325051307678,0.0001767575740814209
final,60,block29.W2,15,16,0.5293077230453491,0.5282214283943176,0.0010862946510314941
final,60,block29.W2,16,16,0.4790787398815155,0.4790269732475281,5.176663398742676e-05
final,60,block29.W2,17,16,0.512002170085907,0.5119147300720215,8.744001388549805e-05
final,60,block29.W2,18,16,0.4524375796318054,0.45218414068222046,0.00025343894958496094
final,60,block29.W2,19,16,0.41059210896492004,0.4122776985168457,0.0016855895519256592
final,60,block29.W2,20,16,0.4446955621242523,0.4441864788532257,0.0005090832710266113
final,60,block29.W2,21,16,0.4981587827205658,0.49784088134765625,0.0003179013729095459
final,60,block29.W2,22,16,0.3668970763683319,0.36694058775901794,4.3511390686035156e-05
final,60,block29.W2,23,16,0.4105994999408722,0.41094112396240234,0.00034162402153015137
final,60,block29.W2,24,16,0.4846492111682892,0.48468151688575745,3.230571746826172e-05
final,60,block29.W2,25,16,0.47762471437454224,0.4780961275100708,0.00047141313552856445
final,60,block29.W2,26,16,0.4411737322807312,0.4424835443496704,0.001309812068939209
final,60,block29.W2,27,16,0.5894808769226074,0.5902634263038635,0.0007825493812561035
final,60,block29.W2,28,16,0.5048161149024963,0.5049416422843933,0.00012552738189697266
final,60,block29.W2,29,16,0.5019485950469971,0.5026523470878601,0.0007037520408630371
final,60,block29.W2,30,16,0.3800959289073944,0.379307359457016,0.000788569450378418
final,60,block29.W2,31,16,0.5055071115493774,0.5066841840744019,0.001177072525024414
final,60,block29.W2,32,16,0.4451896548271179,0.4450679123401642,0.00012174248695373535
final,60,block29.W2,33,16,0.5205302238464355,0.5197708606719971,0.0007593631744384766
final,60,block29.W2,34,16,0.5297958254814148,0.5299966931343079,0.0002008676528930664
final,60,block29.W2,35,16,0.4788513481616974,0.4798542261123657,0.001002877950668335
final,60,block29.W2,36,16,0.469108909368515,0.46791425347328186,0.0011946558952331543
final,60,block29.W2,37,16,0.45511263608932495,0.45546838641166687,0.00035575032234191895
final,60,block29.W2,38,16,0.5753822326660156,0.5760961174964905,0.0007138848304748535
final,60,block29.W2,39,16,0.4001663029193878,0.39987051486968994,0.000295788049697876
final,60,block29.W2,40,16,0.48834478855133057,0.48876330256462097,0.0004185140132904053
final,60,block29.W2,41,16,0.49329787492752075,0.4936861991882324,0.0003883242607116699
final,60,block29.W2,42,16,0.4942391514778137,0.4934616684913635,0.0007774829864501953
final,60,block29.W2,43,16,0.4533084034919739,0.4531001150608063,0.00020828843116760254
final,60,block29.W2,44,16,0.3920099437236786,0.3935319185256958,0.001521974802017212
final,60,block29.W2,45,16,0.6431780457496643,0.6451814770698547,0.0020034313201904297
final,60,block29.W2,46,16,0.48547059297561646,0.4849162697792053,0.0005543231964111328
final,60,block29.W2,47,16,0.4404926300048828,0.4397267699241638,0.0007658600807189941
final,60,block29.W2,48,16,0.5032708048820496,0.5033918023109436,0.00012099742889404297
final,60,block29.W2,49,16,0.3938056528568268,0.39481014013290405,0.0010044872760772705
final,60,block29.W2,50,16,0.5004509687423706,0.5003633499145508,8.761882781982422e-05
final,60,block29.W2,51,16,0.4310697615146637,0.430632621049881,0.00043714046478271484
final,60,block29.W2,52,16,0.5016944408416748,0.5011776685714722,0.0005167722702026367
final,60,block29.W2,53,16,0.45751988887786865,0.4582725167274475,0.0007526278495788574
final,60,block29.W2,54,16,0.36924535036087036,0.3703896701335907,0.001144319772720337
final,60,block29.W2,55,16,0.43759551644325256,0.43730586767196655,0.00028964877128601074
final,60,block29.W2,56,16,0.4072708785533905,0.4075625538825989,0.000291675329208374
final,60,block29.W2,57,16,0.4250071048736572,0.42479899525642395,0.00020810961723327637
final,60,block29.W2,58,16,0.36912786960601807,0.36944183707237244,0.0003139674663543701
final,60,block29.W2,59,16,0.4222061038017273,0.4225543141365051,0.00034821033477783203
final,60,block29.W2,60,16,0.41350722312927246,0.4134647846221924,4.2438507080078125e-05
final,60,block29.W2,61,16,0.4710231423377991,0.47177842259407043,0.0007552802562713623
final,60,block29.W2,62,16,0.39570745825767517,0.39622947573661804,0.0005220174789428711
final,60,block29.W2,63,16,0.4400523900985718,0.4405224621295929,0.00047007203102111816
final,61,block30.W1,0,16,0.526164174079895,0.5258089900016785,0.00035518407821655273
final,61,block30.W1,1,16,0.37289857864379883,0.37282997369766235,6.860494613647461e-05
final,61,block30.W1,2,16,0.4482777714729309,0.44783923029899597,0.0004385411739349365
final,61,block30.W1,3,16,0.4099746644496918,0.41058170795440674,0.0006070435047149658
final,61,block30.W1,4,16,0.5213416814804077,0.5218632817268372,0.0005216002464294434
final,61,block30.W1,5,16,0.42733854055404663,0.4264557659626007,0.0008827745914459229
final,61,block30.W1,6,16,0.4094310998916626,0.4098164439201355,0.0003853440284729004
final,61,block30.W1,7,16,0.4052698314189911,0.4058723449707031,0.0006025135517120361
final,61,block30.W1,8,16,0.48401400446891785,0.4832252860069275,0.0007887184619903564
final,61,block30.W1,9,16,0.4390258491039276,0.4394872486591339,0.00046139955520629883
final,61,block30.W1,10,16,0.4061441123485565,0.40596917271614075,0.00017493963241577148
final,61,block30.W1,11,16,0.394087553024292,0.3953433632850647,0.001255810260772705
final,61,block30.W1,12,16,0.6688297390937805,0.6688618659973145,3.212690353393555e-05
final,61,block30.W1,13,16,0.48719537258148193,0.48710447549819946,9.08970832824707e-05
final,61,block30.W1,14,16,0.4926601052284241,0.4920583665370941,0.0006017386913299561
final,61,block30.W1,15,16,0.43212684988975525,0.4308646321296692,0.0012622177600860596
final,61,block30.W1,16,16,0.37914156913757324,0.37993112206459045,0.0007895529270172119
final,61,block30.W1,17,16,0.35210171341896057,0.3517334759235382,0.0003682374954223633
final,61,block30.W1,18,16,0.511528491973877,0.5117160081863403,0.0001875162124633789
final,61,block30.W1,19,16,0.475252628326416,0.4756847023963928,0.00043207406997680664
final,61,block30.W1,20,16,0.3783831000328064,0.37866824865341187,0.00028514862060546875
final,61,block30.W1,21,16,0.5147196650505066,0.5134740471839905,0.0012456178665161133
final,61,block30.W1,22,16,0.49228090047836304,0.49264711141586304,0.0003662109375
final,61,block30.W1,23,16,0.4360527992248535,0.4363294839859009,0.0002766847610473633
final,61,block30.W1,24,16,0.3826576769351959,0.3831995725631714,0.0005418956279754639
final,61,block30.W1,25,16,0.4875733256340027,0.4872826635837555,0.0002906620502471924
final,61,block30.W1,26,16,0.39765992760658264,0.3980947434902191,0.0004348158836364746
final,61,block30.W1,27,16,0.4657526910305023,0.46589529514312744,0.00014260411262512207
final,61,block30.W1,28,16,0.5159726738929749,0.5158028602600098,0.0001698136329650879
final,61,block30.W1,29,16,0.3813578188419342,0.3818817436695099,0.0005239248275756836
final,61,block30.W1,30,16,0.37485310435295105,0.3752903342247009,0.00043722987174987793
final,61,block30.W1,31,16,0.5883409976959229,0.5874632596969604,0.0008777379989624023
final,61,block30.W1,32,16,0.4741297662258148,0.47458016872406006,0.00045040249824523926
final,61,block30.W1,33,16,0.4760163128376007,0.47718220949172974,0.0011658966541290283
final,61,block30.W1,34,16,0.47528403997421265,0.4738529622554779,0.0014310777187347412
final,61,block30.W1,35,16,0.4279048442840576,0.4276523292064667,0.0002525150775909424
final,61,block30.W1,36,16,0.42721906304359436,0.42692822217941284,0.00029084086418151855
final,61,block30.W1,37,16,0.4728389084339142,0.47247737646102905,0.00036153197288513184
final,61,block30.W1,38,16,0.3494007885456085,0.34926822781562805,0.00013256072998046875
final,61,block30.W1,39,16,0.48017555475234985,0.48086875677108765,0.000693202018737793
final,61,block30.W1,40,16,0.41524738073349,0.41506847739219666,0.00017890334129333496
final,61,block30.W1,41,16,0.45535770058631897,0.45526689291000366,9.080767631530762e-05
final,61,block30.W1,42,16,0.46039000153541565,0.4595402777194977,0.0008497238159179688
final,61,block30.W1,43,16,0.39174947142601013,0.3933391273021698,0.001589655876159668
final,61,block30.W1,44,16,0.47346001863479614,0.4732569754123688,0.00020304322242736816
final,61,block30.W1,45,16,0.5540607571601868,0.5549803972244263,0.000919640064239502
final,61,block30.W1,46,16,0.5482375025749207,0.54803866147995,0.00019884109497070312
final,61,block30.W1,47,16,0.4834219217300415,0.48374971747398376,0.00032779574394226074
final,61,block30.W1,48,16,0.5594627261161804,0.5601015090942383,0.0006387829780578613
final,61,block30.W1,49,16,0.38839101791381836,0.3875825107097626,0.0008085072040557861
final,61,block30.W1,50,16,0.4489539861679077,0.4481658637523651,0.0007881224155426025
final,61,block30.W1,51,16,0.4385642111301422,0.43912121653556824,0.0005570054054260254
final,61,block30.W1,52,16,0.5139725208282471,0.5136966705322266,0.0002758502960205078
final,61,block30.W1,53,16,0.5767088532447815,0.5766989588737488,9.894371032714844e-06
final,61,block30.W1,54,16,0.5392867922782898,0.538765013217926,0.0005217790603637695
final,61,block30.W1,55,16,0.44216492772102356,0.4425824284553528,0.00041750073432922363
final,61,block30.W1,56,16,0.42718756198883057,0.4260672330856323,0.0011203289031982422
final,61,block30.W1,57,16,0.37398380041122437,0.3734937310218811,0.0004900693893432617
final,61,block30.W1,58,16,0.4750758111476898,0.47430291771888733,0.0007728934288024902
final,61,block30.W1,59,16,0.5969895124435425,0.5962740182876587,0.0007154941558837891
final,61,block30.W1,60,16,0.40997314453125,0.4105428457260132,0.0005697011947631836
final,61,block30.W1,61,16,0.5462943911552429,0.5463969111442566,0.00010251998901367188
final,61,block30.W1,62,16,0.4962993264198303,0.4956585168838501,0.0006408095359802246
final,61,block30.W1,63,16,0.5448341369628906,0.5455635190010071,0.0007293820381164551
final,62,block30.W2,0,16,0.6433432698249817,0.6427515149116516,0.0005917549133300781
final,62,block30.W2,1,16,0.4353630244731903,0.4350636303424835,0.0002993941307067871
final,62,block30.W2,2,16,0.48431333899497986,0.48405057191848755,0.00026276707649230957
final,62,block30.W2,3,16,0.4461863338947296,0.44485732913017273,0.0013290047645568848
final,62,block30.W2,4,16,0.4410882890224457,0.4405316412448883,0.000556647777557373
final,62,block30.W2,5,16,0.4395931363105774,0.4392956495285034,0.0002974867820739746
final,62,block30.W2,6,16,0.5194920897483826,0.5186164379119873,0.0008756518363952637
final,62,block30.W2,7,16,0.5070000290870667,0.5064170360565186,0.0005829930305480957
final,62,block30.W2,8,16,0.5211971402168274,0.5215644240379333,0.00036728382110595703
final,62,block30.W2,9,16,0.3877182602882385,0.38792717456817627,0.00020891427993774414
final,62,block30.W2,10,16,0.43674805760383606,0.4373793303966522,0.0006312727928161621
final,62,block30.W2,11,16,0.38267621397972107,0.38391783833503723,0.0012416243553161621
final,62,block30.W2,12,16,0.509769856929779,0.5085298418998718,0.0012400150299072266
final,62,block30.W2,13,16,0.6137472987174988,0.6150717735290527,0.001324474811553955
final,62,block30.W2,14,16,0.47285449504852295,0.4722309112548828,0.0006235837936401367
final,62,block30.W2,15,16,0.48128190636634827,0.4804178476333618,0.0008640587329864502
final,62,block30.W2,16,16,0.4460410475730896,0.44696223735809326,0.0009211897850036621
final,62,block30.W2,17,16,0.48984092473983765,0.4890044629573822,0.0008364617824554443
final,62,block30.W2,18,16,0.46867111325263977,0.46784326434135437,0.0008278489112854004
final,62,block30.W2,19,16,0.5018336176872253,0.5019394159317017,0.00010579824447631836
final,62,block30.W2,20,16,0.38874512910842896,0.39033928513526917,0.00159415602684021
final,62,block30.W2,21,16,0.47351348400115967,0.47408372163772583,0.0005702376365661621
final,62,block30.W2,22,16,0.43813610076904297,0.438062459230423,7.364153861999512e-05
final,62,block30.W2,23,16,0.39703086018562317,0.39684826135635376,0.00018259882926940918
final,62,block30.W2,24,16,0.4440526068210602,0.44370630383491516,0.00034630298614501953
final,62,block30.W2,25,16,0.5224617719650269,0.5223525166511536,0.00010925531387329102
final,62,block30.W2,26,16,0.49272772669792175,0.4930185377597809,0.00029081106185913086
final,62,block30.W2,27,16,0.43753454089164734,0.4367280900478363,0.0008064508438110352
final,62,block30.W2,28,16,0.4326268136501312,0.4323517680168152,0.00027504563331604004
final,62,block30.W2,29,16,0.5008209943771362,0.5009798407554626,0.00015884637832641602
final,62,block30.W2,30,16,0.40244585275650024,0.4032684564590454,0.000822603702545166
final,62,block30.W2,31,16,0.4805949032306671,0.4797629415988922,0.0008319616317749023
final,62,block30.W2,32,16,0.47533565759658813,0.4755813479423523,0.00024569034576416016
final,62,block30.W2,33,16,0.45275962352752686,0.4543609917163849,0.0016013681888580322
final,62,block30.W2,34,16,0.557694137096405,0.5585225224494934,0.0008283853530883789
final,62,block30.W2,35,16,0.47027212381362915,0.47027990221977234,7.778406143188477e-06
final,62,block30.W2,36,16,0.4097500145435333,0.40999189019203186,0.00024187564849853516
final,62,block30.W2,37,16,0.45961689949035645,0.4609178304672241,0.0013009309768676758
final,62,block30.W2,38,16,0.4133152961730957,0.41264304518699646,0.0006722509860992432
final,62,block30.W2,39,16,0.4068375527858734,0.40621379017829895,0.0006237626075744629
final,62,block30.W2,40,16,0.4857647716999054,0.48582008481025696,5.53131103515625e-05
final,62,block30.W2,41,16,0.4348738491535187,0.4348156452178955,5.8203935623168945e-05
final,62,block30.W2,42,16,0.4958621561527252,0.49520039558410645,0.0006617605686187744
final,62,block30.W2,43,16,0.4540042281150818,0.4537496566772461,0.00025457143783569336
final,62,block30.W2,44,16,0.5995644330978394,0.5963678359985352,0.0031965970993041992
final,62,block30.W2,45,16,0.5596434473991394,0.5595438480377197,9.959936141967773e-05
final,62,block30.W2,46,16,0.4170791804790497,0.41686511039733887,0.00021407008171081543
final,62,block30.W2,47,16,0.5432953834533691,0.5422261953353882,0.001069188117980957
final,62,block30.W2,48,16,0.460403710603714,0.4606083333492279,0.00020462274551391602
final,62,block30.W2,49,16,0.4951476752758026,0.49506860971450806,7.906556129455566e-05
final,62,block30.W2,50,16,0.5238201022148132,0.5235090851783752,0.0003110170364379883
final,62,block30.W2,51,16,0.5134724378585815,0.5124648809432983,0.0010075569152832031
final,62,block30.W2,52,16,0.5620381236076355,0.5622355937957764,0.00019747018814086914
final,62,block30.W2,53,16,0.5775873064994812,0.5782502293586731,0.0006629228591918945
final,62,block30.W2,54,16,0.39380982518196106,0.39444398880004883,0.0006341636180877686
final,62,block30.W2,55,16,0.4764726459980011,0.47745630145072937,0.0009836554527282715
final,62,block30.W2,56,16,0.5712034702301025,0.5714908838272095,0.0002874135971069336
final,62,block30.W2,57,16,0.4249170124530792,0.4263526201248169,0.001435607671737671
final,62,block30.W2,58,16,0.3984236717224121,0.398476779460907,5.310773849487305e-05
final,62,block30.W2,59,16,0.5333988666534424,0.5333324670791626,6.639957427978516e-05
final,62,block30.W2,60,16,0.5186179280281067,0.5190198421478271,0.000401914119720459
final,62,block30.W2,61,16,0.3468925356864929,0.3465099334716797,0.0003826022148132324
final,62,block30.W2,62,16,0.5062099695205688,0.5053240656852722,0.0008859038352966309
final,62,block30.W2,63,16,0.502173125743866,0.5020290017127991,0.00014412403106689453
final,63,block31.W1,0,16,0.488010436296463,0.4888369143009186,0.0008264780044555664
final,63,block31.W1,1,16,0.5347338318824768,0.5358259081840515,0.001092076301574707
final,63,block31.W1,2,16,0.4293917715549469,0.42953160405158997,0.0001398324966430664
final,63,block31.W1,3,16,0.39392319321632385,0.39245593547821045,0.0014672577381134033
final,63,block31.W1,4,16,0.42131492495536804,0.4209642708301544,0.00035065412521362305
final,63,block31.W1,5,16,0.5465890169143677,0.5448972582817078,0.0016917586326599121
final,63,block31.W1,6,16,0.4675276577472687,0.4676377475261688,0.00011008977890014648
final,63,block31.W1,7,16,0.3612399995326996,0.3625318109989166,0.001291811466217041
final,63,block31.W1,8,16,0.4521908760070801,0.4525187015533447,0.00032782554626464844
final,63,block31.W1,9,16,0.44716572761535645,0.4468444585800171,0.00032126903533935547
final,63,block31.W1,10,16,0.46259236335754395,0.46452832221984863,0.0019359588623046875
final,63,block31.W1,11,16,0.48266756534576416,0.482748419046402,8.085370063781738e-05
final,63,block31.W1,12,16,0.5348764657974243,0.5344028472900391,0.0004736185073852539
final,63,block31.W1,13,16,0.522487461566925,0.5232052803039551,0.0007178187370300293
final,63,block31.W1,14,16,0.4810926914215088,0.4805479943752289,0.0005446970462799072
final,63,block31.W1,15,16,0.4500720500946045,0.4508505165576935,0.0007784664630889893
final,63,block31.W1,16,16,0.553584635257721,0.5533832311630249,0.00020140409469604492
final,63,block31.W1,17,16,0.34043088555336,0.3397126793861389,0.0007182061672210693
final,63,block31.W1,18,16,0.395927757024765,0.3954675495624542,0.000460207462310791
final,63,block31.W1,19,16,0.40137577056884766,0.40213653445243835,0.0007607638835906982
final,63,block31.W1,20,16,0.6386163234710693,0.6391066312789917,0.0004903078079223633
final,63,block31.W1,21,16,0.5651678442955017,0.5654961466789246,0.00032830238342285156
final,63,block31.W1,22,16,0.43019211292266846,0.4309190809726715,0.0007269680500030518
final,63,block31.W1,23,16,0.4735835790634155,0.4741515517234802,0.0005679726600646973
final,63,block31.W1,24,16,0.6038362979888916,0.6048367023468018,0.0010004043579101562
final,63,block31.W1,25,16,0.4624551236629486,0.4627813398838043,0.0003262162208557129
final,63,block31.W1,26,16,0.49710461497306824,0.4953427314758301,0.0017618834972381592
final,63,block31.W1,27,16,0.5965726375579834,0.5943737030029297,0.002198934555053711
final,63,block31.W1,28,16,0.4044457972049713,0.404712438583374,0.00026664137840270996
final,63,block31.W1,29,16,0.44679370522499084,0.4459016025066376,0.0008921027183532715
final,63,block31.W1,30,16,0.46541520953178406,0.4650232493877411,0.00039196014404296875
final,63,block31.W1,31,16,0.6221639513969421,0.6223873496055603,0.00022339820861816406
final,63,block31.W1,32,16,0.4463469386100769,0.4461858868598938,0.00016105175018310547
final,63,block31.W1,33,16,0.5399935841560364,0.5410386919975281,0.0010451078414916992
final,63,block31.W1,34,16,0.4373385012149811,0.4371259808540344,0.00021252036094665527
final,63,block31.W1,35,16,0.4746361970901489,0.47320061922073364,0.0014355778694152832
final,63,block31.W1,36,16,0.5446094274520874,0.5454091429710388,0.000799715518951416
final,63,block31.W1,37,16,0.4687540829181671,0.46891045570373535,0.0001563727855682373
final,63,block31.W1,38,16,0.3926163613796234,0.3932781219482422,0.0006617605686187744
final,63,block31.W1,39,16,0.4662262201309204,0.46594753861427307,0.00027868151664733887
final,63,block31.W1,40,16,0.4153549075126648,0.41475817561149597,0.0005967319011688232
final,63,block31.W1,41,16,0.4552803933620453,0.4540629982948303,0.0012173950672149658
final,63,block31.W1,42,16,0.44785478711128235,0.4483696520328522,0.0005148649215698242
final,63,block31.W1,43,16,0.4029156267642975,0.40181684494018555,0.0010987818241119385
final,63,block31.W1,44,16,0.32247447967529297,0.32125988602638245,0.0012145936489105225
final,63,block31.W1,45,16,0.4312448501586914,0.4306403696537018,0.000604480504989624
final,63,block31.W1,46,16,0.3693608045578003,0.367938756942749,0.0014220476150512695
final,63,block31.W1,47,16,0.4484940767288208,0.44709137082099915,0.0014027059078216553
final,63,block31.W1,48,16,0.5145236253738403,0.5159661769866943,0.001442551612854004
final,63,block31.W1,49,16,0.5337074995040894,0.5332543849945068,0.00045311450958251953
final,63,block31.W1,50,16,0.5093866586685181,0.5099207758903503,0.0005341172218322754
final,63,block31.W1,51,16,0.5012027025222778,0.5002995133399963,0.0009031891822814941
final,63,block31.W1,52,16,0.3682193458080292,0.3678359389305115,0.0003834068775177002
final,63,block31.W1,53,16,0.5162410736083984,0.5170953273773193,0.0008542537689208984
final,63,block31.W1,54,16,0.5173279047012329,0.5163289308547974,0.0009989738464355469
final,63,block31.W1,55,16,0.4396972954273224,0.4411311745643616,0.0014338791370391846
final,63,block31.W1,56,16,0.4117737412452698,0.4118400812149048,6.633996963500977e-05
final,63,block31.W1,57,16,0.5081207752227783,0.5074275732040405,0.000693202018737793
final,63,block31.W1,58,16,0.5758490562438965,0.5736963152885437,0.002152740955352783
final,63,block31.W1,59,16,0.47564342617988586,0.47573545575141907,9.202957153320312e-05
final,63,block31.W1,60,16,0.5364949107170105,0.5353448390960693,0.0011500716209411621
final,63,block31.W1,61,16,0.4555569887161255,0.45514294505119324,0.000414043664932251
final,63,block31.W1,62,16,0.5130486488342285,0.5124435424804688,0.0006051063537597656
final,63,block31.W1,63,16,0.5422692894935608,0.5423662066459656,9.691715240478516e-05
final,64,block31.W2,0,16,0.3994261920452118,0.39797481894493103,0.0014513731002807617
final,64,block31.W2,1,16,0.5614041686058044,0.5612246990203857,0.00017946958541870117
final,64,block31.W2,2,16,0.6027208566665649,0.6055640578269958,0.002843201160430908
final,64,block31.W2,3,16,0.5056574940681458,0.5060765147209167,0.0004190206527709961
final,64,block31.W2,4,16,0.4606562852859497,0.4604305028915405,0.0002257823944091797
final,64,block31.W2,5,16,0.33260899782180786,0.3329622447490692,0.00035324692726135254
final,64,block31.W2,6,16,0.4824528992176056,0.48253458738327026,8.168816566467285e-05
final,64,block31.W2,7,16,0.539471447467804,0.5394307971000671,4.0650367736816406e-05
final,64,block31.W2,8,16,0.41055336594581604,0.40984484553337097,0.0007085204124450684
final,64,block31.W2,9,16,0.5299769639968872,0.5307597517967224,0.0007827877998352051
final,64,block31.W2,10,16,0.39345917105674744,0.3938179016113281,0.0003587305545806885
final,64,block31.W2,11,16,0.37084072828292847,0.37092098593711853,8.025765419006348e-05
final,64,block31.W2,12,16,0.5039508938789368,0.5038390159606934,0.0001118779182434082
final,64,block31.W2,13,16,0.43428289890289307,0.43533989787101746,0.0010569989681243896
final,64,block31.W2,14,16,0.4504864811897278,0.450726717710495,0.00024023652076721191
final,64,block31.W2,15,16,0.47542983293533325,0.47468170523643494,0.0007481276988983154
final,64,block31.W2,16,16,0.6127213835716248,0.6139922738075256,0.001270890235900879
final,64,block31.W2,17,16,0.546325147151947,0.5466482639312744,0.0003231167793273926
final,64,block31.W2,18,16,0.4709954559803009,0.4708153009414673,0.00018015503883361816
final,64,block31.W2,19,16,0.5604984164237976,0.5608989000320435,0.0004004836082458496
final,64,block31.W2,20,16,0.47647756338119507,0.477220356464386,0.000742793083190918
final,64,block31.W2,21,16,0.4576895833015442,0.4579775333404541,0.0002879500389099121
final,64,block31.W2,22,16,0.5385997295379639,0.5382207632064819,0.0003789663314819336
final,64,block31.W2,23,16,0.42851483821868896,0.42614755034446716,0.0023672878742218018
final,64,block31.W2,24,16,0.4611430764198303,0.46028396487236023,0.0008591115474700928
final,64,block31.W2,25,16,0.5197272300720215,0.5201846361160278,0.00045740604400634766
final,64,block31.W2,26,16,0.4908081889152527,0.4911992847919464,0.0003910958766937256
final,64,block31.W2,27,16,0.4966540038585663,0.4962247908115387,0.0004292130470275879
final,64,block31.W2,28,16,0.5980403423309326,0.5985908508300781,0.0005505084991455078
final,64,block31.W2,29,16,0.4453516900539398,0.4448205232620239,0.0005311667919158936
final,64,block31.W2,30,16,0.5028365254402161,0.5010344982147217,0.0018020272254943848
final,64,block31.W2,31,16,0.48852095007896423,0.4881751835346222,0.000345766544342041
final,64,block31.W2,32,16,0.5032968521118164,0.5041519999504089,0.0008551478385925293
final,64,block31.W2,33,16,0.5126945376396179,0.512032687664032,0.0006618499755859375
final,64,block31.W2,34,16,0.5180537104606628,0.5178625583648682,0.00019115209579467773
final,64,block31.W2,35,16,0.5406872630119324,0.5412065982818604,0.0005193352699279785
final,64,block31.W2,36,16,0.4580300450325012,0.45760485529899597,0.000425189733505249
final,64,block31.W2,37,16,0.3801175057888031,0.38021746277809143,9.995698928833008e-05
final,64,block31.W2,38,16,0.5562850832939148,0.5560288429260254,0.0002562403678894043
final,64,block31.W2,39,16,0.5093969106674194,0.5096736550331116,0.00027674436569213867
final,64,block31.W2,40,16,0.5486271381378174,0.5488635301589966,0.00023639202117919922
final,64,block31.W2,41,16,0.46646031737327576,0.46748167276382446,0.001021355390548706
final,64,block31.W2,42,16,0.45669829845428467,0.45805826783180237,0.0013599693775177002
final,64,block31.W2,43,16,0.4465625286102295,0.44672515988349915,0.00016263127326965332
final,64,block31.W2,44,16,0.4481850862503052,0.4470997750759125,0.0010853111743927002
final,64,block31.W2,45,16,0.4908450245857239,0.4904610514640808,0.0003839731216430664
final,64,block31.W2,46,16,0.5437211394309998,0.5452369451522827,0.001515805721282959
final,64,block31.W2,47,16,0.4246322512626648,0.4236828684806824,0.0009493827819824219
final,64,block31.W2,48,16,0.401888906955719,0.4024820327758789,0.0005931258201599121
final,64,block31.W2,49,16,0.5283706188201904,0.5302148461341858,0.0018442273139953613
final,64,block31.W2,50,16,0.4203379154205322,0.4199967086315155,0.00034120678901672363
final,64,block31.W2,51,16,0.5205846428871155,0.521489143371582,0.0009045004844665527
final,64,block31.W2,52,16,0.5378144383430481,0.5375981330871582,0.00021630525588989258
final,64,block31.W2,53,16,0.6376143097877502,0.6379991173744202,0.0003848075866699219
final,64,block31.W2,54,16,0.45101284980773926,0.45092153549194336,9.131431579589844e-05
final,64,block31.W2,55,16,0.558051347732544,0.5589468479156494,0.0008955001831054688
final,64,block31.W2,56,16,0.28795161843299866,0.28749313950538635,0.0004584789276123047
final,64,block31.W2,57,16,0.5444968938827515,0.5444541573524475,4.273653030395508e-05
final,64,block31.W2,58,16,0.39242395758628845,0.3926658034324646,0.00024184584617614746
final,64,block31.W2,59,16,0.48158469796180725,0.48057320713996887,0.001011490821838379
final,64,block31.W2,60,16,0.3674536347389221,0.36577263474464417,0.001680999994277954
final,64,block31.W2,61,16,0.42357271909713745,0.42341315746307373,0.0001595616340637207
final,64,block31.W2,62,16,0.3944258391857147,0.39468008279800415,0.0002542436122894287
final,64,block31.W2,63,16,0.46586188673973083,0.4658508896827698,1.099705696105957e-05
final,65,W_out,0,16,0.49730050563812256,0.5062807202339172,0.008980214595794678
final,65,W_out,1,16,0.40550023317337036,0.4079718291759491,0.0024715960025787354
final,65,W_out,2,16,0.43729883432388306,0.42290201783180237,0.014396816492080688
final,65,W_out,3,16,0.4219965636730194,0.4237147867679596,0.0017182230949401855
final,65,W_out,4,16,0.39797380566596985,0.4024624526500702,0.004488646984100342
final,65,W_out,5,16,0.4689668118953705,0.44767212867736816,0.02129468321800232
final,65,W_out,6,16,0.4398850202560425,0.4435538351535797,0.0036688148975372314
final,65,W_out,7,16,0.4804062247276306,0.48549777269363403,0.005091547966003418
final,65,W_out,8,16,0.47996580600738525,0.46952223777770996,0.010443568229675293
final,65,W_out,9,16,0.4980614185333252,0.5014622211456299,0.0034008026123046875
final,65,W_out,10,16,0.5196354389190674,0.5097200870513916,0.009915351867675781
final,65,W_out,11,16,0.4292701780796051,0.4249468147754669,0.004323363304138184
final,65,W_out,12,16,0.3850402534008026,0.3828137516975403,0.002226501703262329
final,65,W_out,13,16,0.45363011956214905,0.4442840814590454,0.009346038103103638
final,65,W_out,14,16,0.3989432454109192,0.3905804753303528,0.008362770080566406
final,65,W_out,15,16,0.4803166389465332,0.47375547885894775,0.006561160087585449
final,65,W_out,16,16,0.42314910888671875,0.4237287938594818,0.0005796849727630615
final,65,W_out,17,16,0.4303242266178131,0.4241330623626709,0.006191164255142212
final,65,W_out,18,16,0.3626653850078583,0.36517173051834106,0.002506345510482788
final,65,W_out,19,16,0.4021438956260681,0.3934198319911957,0.008724063634872437
final,65,W_out,20,16,0.4782957434654236,0.47433221340179443,0.00396353006362915
final,65,W_out,21,16,0.5860865116119385,0.5815865397453308,0.004499971866607666
final,65,W_out,22,16,0.4153718054294586,0.41354525089263916,0.001826554536819458
final,65,W_out,23,16,0.4623514413833618,0.46455395221710205,0.0022025108337402344
final,65,W_out,24,16,0.52083420753479,0.507493793964386,0.013340413570404053
final,65,W_out,25,16,0.49341556429862976,0.4910285174846649,0.0023870468139648438
final,65,W_out,26,16,0.3727746307849884,0.36123794317245483,0.01153668761253357
final,65,W_out,27,16,0.4799685776233673,0.4766174554824829,0.0033511221408843994
final,65,W_out,28,16,0.47756126523017883,0.4896979033946991,0.012136638164520264
final,65,W_out,29,16,0.5126599669456482,0.5195624828338623,0.006902515888214111
final,65,W_out,30,16,0.5175014734268188,0.524785578250885,0.007284104824066162
final,65,W_out,31,16,0.47347787022590637,0.4749215841293335,0.001443713903427124
final,65,W_out,32,16,0.4723376929759979,0.4722857177257538,5.1975250244140625e-05
final,65,W_out,33,16,0.6059142351150513,0.6139076948165894,0.007993459701538086
final,65,W_out,34,16,0.5092141032218933,0.5091211199760437,9.298324584960938e-05
final,65,W_out,35,16,0.5330873727798462,0.5233277082443237,0.009759664535522461
final,65,W_out,36,16,0.5412285923957825,0.5419718623161316,0.0007432699203491211
final,65,W_out,37,16,0.44978445768356323,0.44659021496772766,0.0031942427158355713
final,65,W_out,38,16,0.41605377197265625,0.4176029562950134,0.0015491843223571777
final,65,W_out,39,16,0.5021931529045105,0.49826741218566895,0.003925740718841553
final,65,W_out,40,16,0.435508131980896,0.4328441917896271,0.002663940191268921
final,65,W_out,41,16,0.35693758726119995,0.3673219382762909,0.010384351015090942
final,65,W_out,42,16,0.5145217180252075,0.5098357796669006,0.004685938358306885
final,65,W_out,43,16,0.5325648188591003,0.5413586497306824,0.008793830871582031
final,65,W_out,44,16,0.3551516830921173,0.34881842136383057,0.006333261728286743
final,65,W_out,45,16,0.4556015729904175,0.44870808720588684,0.00689348578453064
final,65,W_out,46,16,0.3652328550815582,0.36182278394699097,0.0034100711345672607
final,65,W_out,47,16,0.41723015904426575,0.42213353514671326,0.00490337610244751
final,65,W_out,48,16,0.4050273895263672,0.408216655254364,0.003189265727996826
final,65,W_out,49,16,0.46084511280059814,0.4618569314479828,0.0010118186473846436
final,65,W_out,50,16,0.5256143808364868,0.5259806513786316,0.0003662705421447754
final,65,W_out,51,16,0.45002540946006775,0.45049187541007996,0.00046646595001220703
final,65,W_out,52,16,0.38197728991508484,0.37743324041366577,0.004544049501419067
final,65,W_out,53,16,0.5106654167175293,0.5077719688415527,0.0028934478759765625
final,65,W_out,54,16,0.46101653575897217,0.45995742082595825,0.001059114933013916
final,65,W_out,55,16,0.5008039474487305,0.49685555696487427,0.003948390483856201
final,65,W_out,56,16,0.4981909692287445,0.49603256583213806,0.0021584033966064453
final,65,W_out,57,16,0.5009279847145081,0.4971771538257599,0.003750830888748169
final,65,W_out,58,16,0.41331812739372253,0.4188448190689087,0.005526691675186157
final,65,W_out,59,16,0.5116551518440247,0.5327765345573425,0.02112138271331787
final,65,W_out,60,16,0.44738084077835083,0.4465758800506592,0.0008049607276916504
final,65,W_out,61,16,0.5348249077796936,0.5217690467834473,0.013055860996246338
final,65,W_out,62,16,0.5220845341682434,0.5145954489707947,0.0074890851974487305
final,65,W_out,63,16,0.4547097682952881,0.4625338613986969,0.007824093103408813
