epoch,layer,matrix,latent_rms,alpha,effective_rms,negative_codes,zero_codes,positive_codes,parameters,representation
0,0,W_in,0.14925271272659302,0.11870813369750977,0.09874626249074936,2394,2107,2339,6840,active_W3
0,1,block0.W1,0.16400696337223053,0.13112539052963257,0.10956890136003494,2033,1743,2000,5776,active_W3
0,2,block0.W2,0.16361020505428314,0.1303548961877823,0.10796202719211578,1995,1814,1967,5776,active_W3
0,3,block1.W1,0.16412882506847382,0.13103362917900085,0.109478659927845,2027,1744,2005,5776,active_W3
0,4,block1.W2,0.16361254453659058,0.1315380185842514,0.10984554141759872,2021,1748,2007,5776,active_W3
0,5,block2.W1,0.15986284613609314,0.12737686932086945,0.10546892881393433,1989,1816,1971,5776,active_W3
0,6,block2.W2,0.16063839197158813,0.12797623872756958,0.10596522688865662,1985,1816,1975,5776,active_W3
0,7,block3.W1,0.16229380667209625,0.129583939909935,0.1079716607928276,2014,1766,1996,5776,active_W3
0,8,block3.W2,0.16338789463043213,0.13028421998023987,0.10805316269397736,1992,1803,1981,5776,active_W3
0,9,block4.W1,0.16269227862358093,0.12991268932819366,0.1079753041267395,2032,1786,1958,5776,active_W3
0,10,block4.W2,0.1614774465560913,0.1281282752752304,0.10567503422498703,1999,1847,1930,5776,active_W3
0,11,block5.W1,0.16091559827327728,0.1280977725982666,0.10625316947698593,1980,1802,1994,5776,active_W3
0,12,block5.W2,0.16123642027378082,0.12829074263572693,0.10645339637994766,2019,1799,1958,5776,active_W3
0,13,block6.W1,0.16276082396507263,0.1296708881855011,0.10786882787942886,1992,1779,2005,5776,active_W3
0,14,block6.W2,0.16165035963058472,0.12887871265411377,0.10757135599851608,2061,1752,1963,5776,active_W3
0,15,block7.W1,0.16200900077819824,0.12893103063106537,0.10682317614555359,2049,1811,1916,5776,active_W3
0,16,block7.W2,0.15908624231815338,0.12621083855628967,0.1040671095252037,1980,1849,1947,5776,active_W3
0,17,W_out,0.1152002140879631,0.09048525243997574,0.07397805154323578,255,252,253,760,active_W3
1,0,W_in,0.14971616864204407,0.11888659745454788,0.0987483337521553,2397,2121,2322,6840,active_W3
1,1,block0.W1,0.1647522747516632,0.1316201537847519,0.1096135601401329,2017,1770,1989,5776,active_W3
1,2,block0.W2,0.16400843858718872,0.13071846961975098,0.10875387489795685,2014,1778,1984,5776,active_W3
1,3,block1.W1,0.1646803617477417,0.131439670920372,0.10931286960840225,2001,1781,1994,5776,active_W3
1,4,block1.W2,0.1642317920923233,0.1320154070854187,0.11059943586587906,2042,1722,2012,5776,active_W3
1,5,block2.W1,0.1606806516647339,0.1279868334531784,0.10570605099201202,1973,1836,1967,5776,active_W3
1,6,block2.W2,0.161427840590477,0.12867556512355804,0.1067190021276474,1966,1803,2007,5776,active_W3
1,7,block3.W1,0.16323594748973846,0.13030517101287842,0.10842359066009521,1999,1777,2000,5776,active_W3
1,8,block3.W2,0.16467779874801636,0.13113656640052795,0.10874639451503754,1970,1804,2002,5776,active_W3
1,9,block4.W1,0.16373704373836517,0.13078069686889648,0.10915886610746384,2060,1752,1964,5776,active_W3
1,10,block4.W2,0.1627030074596405,0.1288154423236847,0.10675431787967682,1995,1809,1972,5776,active_W3
1,11,block5.W1,0.16240280866622925,0.12938746809959412,0.10753877460956573,1987,1786,2003,5776,active_W3
1,12,block5.W2,0.16256852447986603,0.1295132040977478,0.10746778547763824,2015,1799,1962,5776,active_W3
1,13,block6.W1,0.16411571204662323,0.1308448612689972,0.10903586447238922,2015,1765,1996,5776,active_W3
1,14,block6.W2,0.16313841938972473,0.13005082309246063,0.10838770866394043,2034,1764,1978,5776,active_W3
1,15,block7.W1,0.16336937248706818,0.12997031211853027,0.10723519325256348,2019,1844,1913,5776,active_W3
1,16,block7.W2,0.16081739962100983,0.12790869176387787,0.10553421080112457,1973,1844,1959,5776,active_W3
1,17,W_out,0.13144253194332123,0.10535925626754761,0.08781786262989044,264,232,264,760,active_W3
2,0,W_in,0.1499270349740982,0.11907075345516205,0.09893274307250977,2393,2118,2329,6840,active_W3
2,1,block0.W1,0.16514046490192413,0.13193009793758392,0.10958333313465118,2005,1791,1980,5776,active_W3
2,2,block0.W2,0.16438286006450653,0.13099747896194458,0.10897237807512283,2007,1779,1990,5776,active_W3
2,3,block1.W1,0.1651526391506195,0.13190890848636627,0.1097717434167862,2010,1776,1990,5776,active_W3
2,4,block1.W2,0.16483864188194275,0.13248644769191742,0.11036254465579987,2017,1768,1991,5776,active_W3
2,5,block2.W1,0.16103218495845795,0.12825173139572144,0.1058979406952858,1979,1838,1959,5776,active_W3
2,6,block2.W2,0.16173294186592102,0.1288890838623047,0.10707083344459534,1966,1790,2020,5776,active_W3
2,7,block3.W1,0.1640196144580841,0.13109050691127777,0.10895422846078873,1994,1786,1996,5776,active_W3
2,8,block3.W2,0.16558235883712769,0.13185915350914001,0.10933184623718262,1962,1805,2009,5776,active_W3
2,9,block4.W1,0.1645013391971588,0.13149237632751465,0.10957547277212143,2053,1765,1958,5776,active_W3
2,10,block4.W2,0.16334964334964752,0.12944065034389496,0.10736704617738724,1992,1802,1982,5776,active_W3
2,11,block5.W1,0.1632162481546402,0.12994717061519623,0.10822028666734695,2000,1770,2006,5776,active_W3
2,12,block5.W2,0.1632142961025238,0.13001717627048492,0.1077909767627716,2018,1806,1952,5776,active_W3
2,13,block6.W1,0.16469918191432953,0.1314021497964859,0.10944566130638123,2021,1769,1986,5776,active_W3
2,14,block6.W2,0.16395948827266693,0.13065634667873383,0.10870219022035599,2026,1778,1972,5776,active_W3
2,15,block7.W1,0.16434894502162933,0.1307390332221985,0.10771846026182175,2016,1855,1905,5776,active_W3
2,16,block7.W2,0.1617763489484787,0.12874527275562286,0.10627846419811249,1962,1840,1974,5776,active_W3
2,17,W_out,0.142135351896286,0.11539476364850998,0.0964554101228714,262,229,269,760,active_W3
3,0,W_in,0.15035881102085114,0.11947993189096451,0.09937778860330582,2411,2108,2321,6840,active_W3
3,1,block0.W1,0.16550980508327484,0.13220283389091492,0.10968578606843948,1994,1800,1982,5776,active_W3
3,2,block0.W2,0.16469040513038635,0.1312696486711502,0.1090894490480423,2004,1787,1985,5776,active_W3
3,3,block1.W1,0.16559536755084991,0.1322399228811264,0.10989577323198318,2002,1787,1987,5776,active_W3
3,4,block1.W2,0.16530832648277283,0.13274091482162476,0.11062967777252197,2019,1764,1993,5776,active_W3
3,5,block2.W1,0.16158318519592285,0.1286941021680832,0.1064923107624054,1977,1821,1978,5776,active_W3
3,6,block2.W2,0.16215454041957855,0.1292153298854828,0.10738223791122437,1959,1787,2030,5776,active_W3
3,7,block3.W1,0.16451628506183624,0.13157124817371368,0.10932638496160507,1996,1788,1992,5776,active_W3
3,8,block3.W2,0.16611330211162567,0.13228701055049896,0.1098935529589653,1971,1790,2015,5776,active_W3
3,9,block4.W1,0.16502101719379425,0.13194216787815094,0.10997768491506577,2061,1763,1952,5776,active_W3
3,10,block4.W2,0.16377823054790497,0.12975408136844635,0.10754575580358505,1997,1808,1971,5776,active_W3
3,11,block5.W1,0.1636526882648468,0.13027416169643402,0.10846550762653351,2000,1772,2004,5776,active_W3
3,12,block5.W2,0.16366322338581085,0.13040879368782043,0.10819730907678604,2018,1800,1958,5776,active_W3
3,13,block6.W1,0.16531608998775482,0.13187263906002045,0.10957682877779007,2011,1788,1977,5776,active_W3
3,14,block6.W2,0.16446511447429657,0.1310451477766037,0.10883460938930511,2017,1792,1967,5776,active_W3
3,15,block7.W1,0.16503018140792847,0.13126474618911743,0.10802740603685379,2014,1864,1898,5776,active_W3
3,16,block7.W2,0.1624133288860321,0.12930436432361603,0.10665860027074814,1963,1846,1967,5776,active_W3
3,17,W_out,0.14918898046016693,0.1220630556344986,0.10202925652265549,262,229,269,760,active_W3
4,0,W_in,0.15087006986141205,0.11995671689510345,0.09977434575557709,2406,2108,2326,6840,active_W3
4,1,block0.W1,0.16585497558116913,0.13248197734355927,0.11031752079725266,2014,1771,1991,5776,active_W3
4,2,block0.W2,0.16497349739074707,0.13153867423534393,0.109217070043087,1999,1794,1983,5776,active_W3
4,3,block1.W1,0.16607682406902313,0.1326405256986618,0.11015957593917847,1998,1792,1986,5776,active_W3
4,4,block1.W2,0.16583913564682007,0.1330421417951584,0.11082544922828674,2008,1768,2000,5776,active_W3
4,5,block2.W1,0.16209785640239716,0.12919220328330994,0.10685042291879654,1983,1825,1968,5776,active_W3
4,6,block2.W2,0.1625843048095703,0.1295476108789444,0.10777975618839264,1972,1778,2026,5776,active_W3
4,7,block3.W1,0.16504733264446259,0.13203829526901245,0.10976947098970413,1992,1784,2000,5776,active_W3
4,8,block3.W2,0.16656644642353058,0.13268864154815674,0.1103515774011612,1985,1781,2010,5776,active_W3
4,9,block4.W1,0.16553272306919098,0.1323031187057495,0.11023732274770737,2057,1766,1953,5776,active_W3
4,10,block4.W2,0.16423216462135315,0.130022332072258,0.10761860758066177,1988,1819,1969,5776,active_W3
4,11,block5.W1,0.16405710577964783,0.13064207136631012,0.10874467343091965,2011,1774,1991,5776,active_W3
4,12,block5.W2,0.16409136354923248,0.13083864748477936,0.10863582789897919,2015,1794,1967,5776,active_W3
4,13,block6.W1,0.16584362089633942,0.1322432905435562,0.10974694788455963,1997,1798,1981,5776,active_W3
4,14,block6.W2,0.1649775356054306,0.1314406841993332,0.10919051617383957,2013,1790,1973,5776,active_W3
4,15,block7.W1,0.16552996635437012,0.1317797601222992,0.10871429741382599,2021,1845,1910,5776,active_W3
4,16,block7.W2,0.16295400261878967,0.12980546057224274,0.10700380057096481,1970,1851,1955,5776,active_W3
4,17,W_out,0.15477165579795837,0.12722301483154297,0.10634233057498932,262,229,269,760,active_W3
5,0,W_in,0.15128731727600098,0.12031430006027222,0.10025135427713394,2418,2091,2331,6840,active_W3
5,1,block0.W1,0.16631977260112762,0.13298161327838898,0.1105121448636055,2005,1787,1984,5776,active_W3
5,2,block0.W2,0.16537441313266754,0.1318802684545517,0.10936308652162552,1999,1804,1973,5776,active_W3
5,3,block1.W1,0.16657669842243195,0.13295850157737732,0.11016003787517548,1996,1811,1969,5776,active_W3
5,4,block1.W2,0.16633109748363495,0.13332827389240265,0.11093902587890625,2001,1777,1998,5776,active_W3
5,5,block2.W1,0.16254399716854095,0.12961649894714355,0.10740463435649872,1985,1810,1981,5776,active_W3
5,6,block2.W2,0.1629425436258316,0.12981946766376495,0.1080329418182373,1970,1776,2030,5776,active_W3
5,7,block3.W1,0.16544722020626068,0.13234972953796387,0.11015233397483826,2002,1775,1999,5776,active_W3
5,8,block3.W2,0.16695648431777954,0.13309809565544128,0.11073365062475204,1987,1778,2011,5776,active_W3
5,9,block4.W1,0.1660599708557129,0.13272333145141602,0.11047708988189697,2055,1774,1947,5776,active_W3
5,10,block4.W2,0.1646968424320221,0.1302986443042755,0.10786094516515732,1988,1818,1970,5776,active_W3
5,11,block5.W1,0.1645163744688034,0.1309804916381836,0.10852120816707611,1982,1811,1983,5776,active_W3
5,12,block5.W2,0.16453103721141815,0.13122282922267914,0.10885901004076004,2004,1801,1971,5776,active_W3
5,13,block6.W1,0.16625599563121796,0.1325257420539856,0.11009188741445541,1994,1790,1992,5776,active_W3
5,14,block6.W2,0.16543015837669373,0.1317981481552124,0.10952863842248917,2017,1787,1972,5776,active_W3
5,15,block7.W1,0.16601870954036713,0.13224674761295319,0.10930748283863068,2033,1830,1913,5776,active_W3
5,16,block7.W2,0.16347336769104004,0.13024891912937164,0.10735567659139633,1966,1852,1958,5776,active_W3
5,17,W_out,0.1594318151473999,0.13164937496185303,0.11045589298009872,262,225,273,760,active_W3
6,0,W_in,0.1516636162996292,0.12060872465372086,0.10046494752168655,2420,2094,2326,6840,active_W3
6,1,block0.W1,0.16662903130054474,0.13329023122787476,0.1106574758887291,1998,1795,1983,5776,active_W3
6,2,block0.W2,0.16560819745063782,0.13204166293144226,0.10981352627277374,2003,1781,1992,5776,active_W3
6,3,block1.W1,0.16701854765415192,0.13330131769180298,0.11043015867471695,1995,1812,1969,5776,active_W3
6,4,block1.W2,0.16673120856285095,0.13358820974826813,0.11112751811742783,2000,1779,1997,5776,active_W3
6,5,block2.W1,0.1629025787115097,0.12992988526821136,0.10761001706123352,1987,1814,1975,5776,active_W3
6,6,block2.W2,0.16328340768814087,0.13009873032569885,0.10818410664796829,1968,1782,2026,5776,active_W3
6,7,block3.W1,0.1658039689064026,0.13264347612857819,0.11042441427707672,2009,1773,1994,5776,active_W3
6,8,block3.W2,0.16730362176895142,0.13339851796627045,0.11092805862426758,1981,1782,2013,5776,active_W3
6,9,block4.W1,0.1664765626192093,0.13303197920322418,0.11081700026988983,2049,1768,1959,5776,active_W3
6,10,block4.W2,0.16504088044166565,0.130547896027565,0.10802630335092545,1980,1821,1975,5776,active_W3
6,11,block5.W1,0.1648435890674591,0.13130810856819153,0.10910773277282715,1989,1788,1999,5776,active_W3
6,12,block5.W2,0.16485150158405304,0.1314791738986969,0.10903050750494003,2004,1804,1968,5776,active_W3
6,13,block6.W1,0.1666351854801178,0.13282927870750427,0.11041323095560074,1996,1785,1995,5776,active_W3
6,14,block6.W2,0.16582633554935455,0.13208645582199097,0.10942372679710388,2012,1812,1952,5776,active_W3
6,15,block7.W1,0.16650699079036713,0.1326179802417755,0.10948926210403442,2014,1839,1923,5776,active_W3
6,16,block7.W2,0.16396676003932953,0.1306450068950653,0.10779187083244324,1965,1844,1967,5776,active_W3
6,17,W_out,0.16373758018016815,0.13567067682743073,0.11425457149744034,264,221,275,760,active_W3
7,0,W_in,0.15214742720127106,0.12103347480297089,0.10051025450229645,2408,2123,2309,6840,active_W3
7,1,block0.W1,0.16703593730926514,0.13360582292079926,0.11107262969017029,2009,1784,1983,5776,active_W3
7,2,block0.W2,0.16596516966819763,0.13229073584079742,0.10973110795021057,1990,1802,1984,5776,active_W3
7,3,block1.W1,0.1674911230802536,0.1336544007062912,0.1104709804058075,1983,1830,1963,5776,active_W3
7,4,block1.W2,0.16720262169837952,0.13386355340480804,0.11149577796459198,2011,1769,1996,5776,active_W3
7,5,block2.W1,0.16334067285060883,0.13037356734275818,0.10789567977190018,1982,1820,1974,5776,active_W3
7,6,block2.W2,0.16355976462364197,0.13034459948539734,0.10838855803012848,1970,1782,2024,5776,active_W3
7,7,block3.W1,0.16623209416866302,0.13303419947624207,0.11092936247587204,2002,1760,2014,5776,active_W3
7,8,block3.W2,0.16761593520641327,0.1336538940668106,0.11100120097398758,1983,1792,2001,5776,active_W3
7,9,block4.W1,0.1668725311756134,0.13340288400650024,0.11097335815429688,2043,1779,1954,5776,active_W3
7,10,block4.W2,0.16538184881210327,0.13078805804252625,0.10786871612071991,1971,1847,1958,5776,active_W3
7,11,block5.W1,0.16534315049648285,0.13166211545467377,0.1093195453286171,1979,1794,2003,5776,active_W3
7,12,block5.W2,0.1652916967868805,0.13182777166366577,0.1093333438038826,2003,1803,1970,5776,active_W3
7,13,block6.W1,0.16698746383190155,0.13318529725074768,0.11066755652427673,1998,1788,1990,5776,active_W3
7,14,block6.W2,0.16620542109012604,0.13235285878181458,0.10947835445404053,2000,1824,1952,5776,active_W3
7,15,block7.W1,0.16690422594547272,0.13289262354373932,0.1097995862364769,2013,1833,1930,5776,active_W3
7,16,block7.W2,0.16436512768268585,0.13095705211162567,0.10810426622629166,1970,1840,1966,5776,active_W3
7,17,W_out,0.16719938814640045,0.1388600617647171,0.11704892665147781,265,220,275,760,active_W3
8,0,W_in,0.1525990217924118,0.12141681462526321,0.10101013630628586,2419,2106,2315,6840,active_W3
8,1,block0.W1,0.16736485064029694,0.13386400043964386,0.11139871180057526,2002,1776,1998,5776,active_W3
8,2,block0.W2,0.16618578135967255,0.13246433436870575,0.10994420200586319,1996,1797,1983,5776,active_W3
8,3,block1.W1,0.16794884204864502,0.1340218484401703,0.11108306795358658,1987,1808,1981,5776,active_W3
8,4,block1.W2,0.1675720065832138,0.1340988278388977,0.1114126518368721,2000,1789,1987,5776,active_W3
8,5,block2.W1,0.16376450657844543,0.1307394653558731,0.10817115008831024,1976,1822,1978,5776,active_W3
8,6,block2.W2,0.16388241946697235,0.1305970549583435,0.10844884812831879,1964,1793,2019,5776,active_W3
8,7,block3.W1,0.16665790975093842,0.1333876997232437,0.1111133024096489,2003,1768,2005,5776,active_W3
8,8,block3.W2,0.16795803606510162,0.13396961987018585,0.11117960512638092,1986,1798,1992,5776,active_W3
8,9,block4.W1,0.16731508076190948,0.13376940786838531,0.11119470000267029,2050,1785,1941,5776,active_W3
8,10,block4.W2,0.16583839058876038,0.13117237389087677,0.10847441852092743,1981,1826,1969,5776,active_W3
8,11,block5.W1,0.1657578945159912,0.13199323415756226,0.1094016581773758,1979,1808,1989,5776,active_W3
8,12,block5.W2,0.16576410830020905,0.13217578828334808,0.10964956134557724,2006,1801,1969,5776,active_W3
8,13,block6.W1,0.16737109422683716,0.13356955349445343,0.11102858185768127,1996,1785,1995,5776,active_W3
8,14,block6.W2,0.16652539372444153,0.13258491456508636,0.1098228171467781,2008,1813,1955,5776,active_W3
8,15,block7.W1,0.1673206388950348,0.13317465782165527,0.10989297181367874,2018,1843,1915,5776,active_W3
8,16,block7.W2,0.16477791965007782,0.1313292533159256,0.10820475220680237,1955,1855,1966,5776,active_W3
8,17,W_out,0.1705332100391388,0.14196647703647614,0.11955655366182327,265,221,274,760,active_W3
9,0,W_in,0.1531704068183899,0.12190703302621841,0.10134295374155045,2418,2113,2309,6840,active_W3
9,1,block0.W1,0.1677955836057663,0.13418671488761902,0.11156951636075974,1994,1783,1999,5776,active_W3
9,2,block0.W2,0.16654396057128906,0.13273172080516815,0.11019380390644073,1992,1795,1989,5776,active_W3
9,3,block1.W1,0.16837197542190552,0.13437379896640778,0.11114999651908875,1981,1824,1971,5776,active_W3
9,4,block1.W2,0.16791975498199463,0.134328693151474,0.1117435097694397,1996,1779,2001,5776,active_W3
9,5,block2.W1,0.16424685716629028,0.13116668164730072,0.10860692709684372,1975,1816,1985,5776,active_W3
9,6,block2.W2,0.16435657441616058,0.13097143173217773,0.10881432890892029,1961,1789,2026,5776,active_W3
9,7,block3.W1,0.16706083714962006,0.13373276591300964,0.11117815971374512,2002,1784,1990,5776,active_W3
9,8,block3.W2,0.16821753978729248,0.13417232036590576,0.11120779067277908,1966,1808,2002,5776,active_W3
9,9,block4.W1,0.16771410405635834,0.13417495787143707,0.11139199882745743,2046,1795,1935,5776,active_W3
9,10,block4.W2,0.16621728241443634,0.13144177198410034,0.10866967588663101,1979,1828,1969,5776,active_W3
9,11,block5.W1,0.1661389172077179,0.13229337334632874,0.10988505929708481,1988,1791,1997,5776,active_W3
9,12,block5.W2,0.16604512929916382,0.1324583739042282,0.11003591865301132,2016,1790,1970,5776,active_W3
9,13,block6.W1,0.16783295571804047,0.1339353621006012,0.11136052757501602,1999,1783,1994,5776,active_W3
9,14,block6.W2,0.16687318682670593,0.13289082050323486,0.1100761890411377,2003,1813,1960,5776,active_W3
9,15,block7.W1,0.16768421232700348,0.13344840705394745,0.11014687269926071,2009,1841,1926,5776,active_W3
9,16,block7.W2,0.16514341533184052,0.13163642585277557,0.10874786972999573,1960,1834,1982,5776,active_W3
9,17,W_out,0.17360274493694305,0.14473122358322144,0.12222359329462051,268,218,274,760,active_W3
10,0,W_in,0.1536855250597,0.1223239153623581,0.10154957324266434,2395,2126,2319,6840,active_W3
10,1,block0.W1,0.16824036836624146,0.13448986411094666,0.11203142255544662,2009,1768,1999,5776,active_W3
10,2,block0.W2,0.1669091135263443,0.13302896916866302,0.11056536436080933,1992,1786,1998,5776,active_W3
10,3,block1.W1,0.1688249409198761,0.13470298051834106,0.11129534244537354,1970,1833,1973,5776,active_W3
10,4,block1.W2,0.1682971715927124,0.13455526530742645,0.11191798001527786,2012,1780,1984,5776,active_W3
10,5,block2.W1,0.1646232157945633,0.13149221241474152,0.10902758687734604,1977,1805,1994,5776,active_W3
10,6,block2.W2,0.1646883636713028,0.13119129836559296,0.1087917685508728,1955,1804,2017,5776,active_W3
10,7,block3.W1,0.1674674153327942,0.13414955139160156,0.11152465641498566,2012,1784,1980,5776,active_W3
10,8,block3.W2,0.1684926599264145,0.13445700705051422,0.11162614822387695,1982,1795,1999,5776,active_W3
10,9,block4.W1,0.168105810880661,0.13448978960514069,0.11173746734857559,2050,1789,1937,5776,active_W3
10,10,block4.W2,0.16655530035495758,0.13166821002960205,0.10876034200191498,1973,1835,1968,5776,active_W3
10,11,block5.W1,0.16654959321022034,0.13266341388225555,0.1100817546248436,1975,1799,2002,5776,active_W3
10,12,block5.W2,0.16641594469547272,0.13276658952236176,0.11009810864925385,2006,1804,1966,5776,active_W3
10,13,block6.W1,0.16819193959236145,0.13416539132595062,0.11156576871871948,2003,1782,1991,5776,active_W3
10,14,block6.W2,0.16707301139831543,0.13303910195827484,0.11024072766304016,2005,1810,1961,5776,active_W3
10,15,block7.W1,0.16808897256851196,0.13379250466823578,0.11044492572546005,2012,1840,1924,5776,active_W3
10,16,block7.W2,0.16554634273052216,0.13196724653244019,0.10904883593320847,1962,1832,1982,5776,active_W3
10,17,W_out,0.17638415098190308,0.14738263189792633,0.12457744777202606,269,217,274,760,active_W3
11,0,W_in,0.15409687161445618,0.12266124039888382,0.10198070853948593,2403,2112,2325,6840,active_W3
11,1,block0.W1,0.16849921643733978,0.13470639288425446,0.11205770075321198,2001,1779,1996,5776,active_W3
11,2,block0.W2,0.16704070568084717,0.1330220103263855,0.1104486882686615,2003,1794,1979,5776,active_W3
11,3,block1.W1,0.16925548017024994,0.1350342035293579,0.11175277829170227,1985,1820,1971,5776,active_W3
11,4,block1.W2,0.16860568523406982,0.1347416639328003,0.11217113584280014,2021,1773,1982,5776,active_W3
11,5,block2.W1,0.16498450934886932,0.1318441778421402,0.10926435142755508,1968,1809,1999,5776,active_W3
11,6,block2.W2,0.16500011086463928,0.13142549991607666,0.10913680493831635,1965,1793,2018,5776,active_W3
11,7,block3.W1,0.1677960902452469,0.13437707722187042,0.11190953105688095,2012,1770,1994,5776,active_W3
11,8,block3.W2,0.16871070861816406,0.1346798986196518,0.11176905035972595,1975,1798,2003,5776,active_W3
11,9,block4.W1,0.1684754490852356,0.1347559690475464,0.11187434196472168,2040,1795,1941,5776,active_W3
11,10,block4.W2,0.1668592244386673,0.1318945437669754,0.10898874700069427,1977,1832,1967,5776,active_W3
11,11,block5.W1,0.1668824404478073,0.1329161375761032,0.11033306270837784,1978,1796,2002,5776,active_W3
11,12,block5.W2,0.16675926744937897,0.1330261528491974,0.11035500466823578,2006,1801,1969,5776,active_W3
11,13,block6.W1,0.1686045527458191,0.13449229300022125,0.11143084615468979,1987,1811,1978,5776,active_W3
11,14,block6.W2,0.16741716861724854,0.13332659006118774,0.1104789599776268,2015,1810,1951,5776,active_W3
11,15,block7.W1,0.16848066449165344,0.13410645723342896,0.11066189408302307,2006,1843,1927,5776,active_W3
11,16,block7.W2,0.16591621935367584,0.13230258226394653,0.10935364663600922,1964,1830,1982,5776,active_W3
11,17,W_out,0.17928959429264069,0.1500418484210968,0.12694191932678223,269,216,275,760,active_W3
12,0,W_in,0.1546383947134018,0.12311077117919922,0.10218112915754318,2400,2128,2312,6840,active_W3
12,1,block0.W1,0.16894210875034332,0.13502606749534607,0.112267404794693,1993,1783,2000,5776,active_W3
12,2,block0.W2,0.16736836731433868,0.13329526782035828,0.11061996221542358,1998,1798,1980,5776,active_W3
12,3,block1.W1,0.16977272927761078,0.13547153770923615,0.11224217712879181,1988,1811,1977,5776,active_W3
12,4,block1.W2,0.1689654439687729,0.13500545918941498,0.11226432770490646,2013,1782,1981,5776,active_W3
12,5,block2.W1,0.16538208723068237,0.1321866810321808,0.1098102256655693,1985,1790,2001,5776,active_W3
12,6,block2.W2,0.16523079574108124,0.13161347806453705,0.1092105507850647,1963,1799,2014,5776,active_W3
12,7,block3.W1,0.16812874376773834,0.13466660678386688,0.11223460733890533,2018,1764,1994,5776,active_W3
12,8,block3.W2,0.16892287135124207,0.13483111560344696,0.1120210513472557,1978,1789,2009,5776,active_W3
12,9,block4.W1,0.16883383691310883,0.13508106768131256,0.11204559355974197,2031,1802,1943,5776,active_W3
12,10,block4.W2,0.1671275794506073,0.1321590691804886,0.1090826764702797,1976,1841,1959,5776,active_W3
12,11,block5.W1,0.16718187928199768,0.13316978514194489,0.11047416180372238,1987,1801,1988,5776,active_W3
12,12,block5.W2,0.1669800877571106,0.1332332193851471,0.11059626191854477,1999,1796,1981,5776,active_W3
12,13,block6.W1,0.16901130974292755,0.13477356731891632,0.11187491565942764,1996,1796,1984,5776,active_W3
12,14,block6.W2,0.1678234189748764,0.13366591930389404,0.11084389686584473,2006,1804,1966,5776,active_W3
12,15,block7.W1,0.16877037286758423,0.13433882594108582,0.1110929474234581,2017,1826,1933,5776,active_W3
12,16,block7.W2,0.16618689894676208,0.13251115381717682,0.10956766456365585,1961,1827,1988,5776,active_W3
12,17,W_out,0.1814277321100235,0.15201634168624878,0.12849415838718414,269,217,274,760,active_W3
13,0,W_in,0.15523375570774078,0.12362784892320633,0.102632075548172,2396,2126,2318,6840,active_W3
13,1,block0.W1,0.16947141289710999,0.1353754997253418,0.1124027818441391,1992,1794,1990,5776,active_W3
13,2,block0.W2,0.16757769882678986,0.13348674774169922,0.11079280078411102,1999,1797,1980,5776,active_W3
13,3,block1.W1,0.17029082775115967,0.13587512075901031,0.11281763762235641,1991,1794,1991,5776,active_W3
13,4,block1.W2,0.16933013498783112,0.13520140945911407,0.11220184713602066,2008,1798,1970,5776,active_W3
13,5,block2.W1,0.16587521135807037,0.1326395720243454,0.11043494194746017,1989,1772,2015,5776,active_W3
13,6,block2.W2,0.1655866801738739,0.13193738460540771,0.10956187546253204,1965,1793,2018,5776,active_W3
13,7,block3.W1,0.16845585405826569,0.13489200174808502,0.11254848539829254,2018,1755,2003,5776,active_W3
13,8,block3.W2,0.16915369033813477,0.1349925845861435,0.1121973916888237,1988,1786,2002,5776,active_W3
13,9,block4.W1,0.16924002766609192,0.13543927669525146,0.11241337656974792,2036,1797,1943,5776,active_W3
13,10,block4.W2,0.16745392978191376,0.13243454694747925,0.10942109674215317,1972,1833,1971,5776,active_W3
13,11,block5.W1,0.16760779917240143,0.13348382711410522,0.11069287359714508,1992,1804,1980,5776,active_W3
13,12,block5.W2,0.16735070943832397,0.13351218402385712,0.11071638017892838,1999,1804,1973,5776,active_W3
13,13,block6.W1,0.16935212910175323,0.13507439196109772,0.11220909655094147,1991,1790,1995,5776,active_W3
13,14,block6.W2,0.16820482909679413,0.13396862149238586,0.11113684624433517,2007,1801,1968,5776,active_W3
13,15,block7.W1,0.1691247969865799,0.1346481442451477,0.1114192008972168,2021,1821,1934,5776,active_W3
13,16,block7.W2,0.16653026640415192,0.1328485906124115,0.1100134402513504,1968,1815,1993,5776,active_W3
13,17,W_out,0.18367069959640503,0.15404637157917023,0.1303299218416214,268,216,276,760,active_W3
14,0,W_in,0.15589158236980438,0.12415945529937744,0.1033136248588562,2398,2104,2338,6840,active_W3
14,1,block0.W1,0.1699795126914978,0.13579155504703522,0.11266327649354935,1984,1800,1992,5776,active_W3
14,2,block0.W2,0.16802015900611877,0.1337704360485077,0.11097243428230286,1992,1801,1983,5776,active_W3
14,3,block1.W1,0.17079958319664001,0.13623052835464478,0.1128283143043518,1984,1814,1978,5776,active_W3
14,4,block1.W2,0.16964153945446014,0.1354430913925171,0.11234590411186218,2013,1802,1961,5776,active_W3
14,5,block2.W1,0.16632066667079926,0.13294385373592377,0.11071594804525375,1989,1770,2017,5776,active_W3
14,6,block2.W2,0.1660013347864151,0.13226982951164246,0.10972756892442703,1963,1801,2012,5776,active_W3
14,7,block3.W1,0.16891266405582428,0.13525554537773132,0.11280971765518188,2022,1758,1996,5776,active_W3
14,8,block3.W2,0.16945597529411316,0.13526277244091034,0.1127174124121666,1994,1765,2017,5776,active_W3
14,9,block4.W1,0.16969622671604156,0.13578630983829498,0.1126447468996048,2033,1801,1942,5776,active_W3
14,10,block4.W2,0.16786067187786102,0.13279005885124207,0.10964525490999222,1973,1838,1965,5776,active_W3
14,11,block5.W1,0.1680019497871399,0.13377922773361206,0.11106345057487488,1990,1795,1991,5776,active_W3
14,12,block5.W2,0.1676911562681198,0.1337696760892868,0.11118099093437195,2002,1786,1988,5776,active_W3
14,13,block6.W1,0.16961373388767242,0.13529901206493378,0.11253659427165985,2000,1780,1996,5776,active_W3
14,14,block6.W2,0.16850771009922028,0.13417395949363708,0.11116709560155869,2000,1811,1965,5776,active_W3
14,15,block7.W1,0.16928733885288239,0.1347760558128357,0.11125683784484863,2014,1840,1922,5776,active_W3
14,16,block7.W2,0.16665934026241302,0.13294236361980438,0.10997987538576126,1970,1823,1983,5776,active_W3
14,17,W_out,0.18512849509716034,0.1555798351764679,0.13150626420974731,268,217,275,760,active_W3
15,0,W_in,0.15622520446777344,0.12445492297410965,0.10340630263090134,2394,2118,2328,6840,active_W3
15,1,block0.W1,0.17037586867809296,0.13603977859020233,0.11296853423118591,1999,1793,1984,5776,active_W3
15,2,block0.W2,0.16817718744277954,0.13385243713855743,0.11119398474693298,2004,1790,1982,5776,active_W3
15,3,block1.W1,0.17115937173366547,0.13651375472545624,0.11319123208522797,1989,1805,1982,5776,active_W3
15,4,block1.W2,0.17003554105758667,0.13572727143764496,0.11246823519468307,1991,1810,1975,5776,active_W3
15,5,block2.W1,0.1665789633989334,0.1331229954957962,0.11051864176988602,1978,1795,2003,5776,active_W3
15,6,block2.W2,0.16616883873939514,0.13236024975776672,0.10989922285079956,1965,1794,2017,5776,active_W3
15,7,block3.W1,0.16926833987236023,0.13549479842185974,0.1127135381102562,2010,1779,1987,5776,active_W3
15,8,block3.W2,0.1696951538324356,0.1354837864637375,0.11257743090391159,1979,1788,2009,5776,active_W3
15,9,block4.W1,0.1698976308107376,0.13599224388599396,0.1129857525229454,2037,1789,1950,5776,active_W3
15,10,block4.W2,0.16807304322719574,0.1329004019498825,0.1098756194114685,1982,1828,1966,5776,active_W3
15,11,block5.W1,0.16835300624370575,0.13410410284996033,0.11113723367452621,1983,1809,1984,5776,active_W3
15,12,block5.W2,0.16796699166297913,0.13400235772132874,0.1113743856549263,2004,1786,1986,5776,active_W3
15,13,block6.W1,0.1700119823217392,0.13555821776390076,0.11263927072286606,1990,1788,1998,5776,active_W3
15,14,block6.W2,0.1688770204782486,0.13445286452770233,0.11152452975511551,2009,1802,1965,5776,active_W3
15,15,block7.W1,0.16955141723155975,0.13500618934631348,0.11153171211481094,2020,1834,1922,5776,active_W3
15,16,block7.W2,0.16686829924583435,0.13310661911964417,0.11018537729978561,1971,1818,1987,5776,active_W3
15,17,W_out,0.18744595348834991,0.15766705572605133,0.1337604820728302,271,213,276,760,active_W3
16,0,W_in,0.15670345723628998,0.12487555295228958,0.10378875583410263,2400,2115,2325,6840,active_W3
16,1,block0.W1,0.17086336016654968,0.13638441264629364,0.11312668025493622,1985,1802,1989,5776,active_W3
16,2,block0.W2,0.16852512955665588,0.13410457968711853,0.1113055869936943,2002,1797,1977,5776,active_W3
16,3,block1.W1,0.1716172695159912,0.13682754337787628,0.11355135589838028,1994,1798,1984,5776,active_W3
16,4,block1.W2,0.17040060460567474,0.13595417141914368,0.11298243701457977,2002,1787,1987,5776,active_W3
16,5,block2.W1,0.1669609397649765,0.13346166908740997,0.11099446564912796,1981,1781,2014,5776,active_W3
16,6,block2.W2,0.16638316214084625,0.13255897164344788,0.11022994667291641,1966,1782,2028,5776,active_W3
16,7,block3.W1,0.16964612901210785,0.13579455018043518,0.1128639280796051,1998,1786,1992,5776,active_W3
16,8,block3.W2,0.16994066536426544,0.1357237547636032,0.11290399730205536,1985,1779,2012,5776,active_W3
16,9,block4.W1,0.17029987275600433,0.13628733158111572,0.11320250481367111,2033,1791,1952,5776,active_W3
16,10,block4.W2,0.16832731664180756,0.13306912779808044,0.10977798700332642,1968,1845,1963,5776,active_W3
16,11,block5.W1,0.16867132484912872,0.13429559767246246,0.11116961389780045,1976,1818,1982,5776,active_W3
16,12,block5.W2,0.16821657121181488,0.13422617316246033,0.11171407997608185,2018,1775,1983,5776,active_W3
16,13,block6.W1,0.17039379477500916,0.1358240842819214,0.1129874661564827,1988,1779,2009,5776,active_W3
16,14,block6.W2,0.1692112386226654,0.13472679257392883,0.1117376908659935,2010,1803,1963,5776,active_W3
16,15,block7.W1,0.1698359251022339,0.13528302311897278,0.11180294305086136,2022,1831,1923,5776,active_W3
16,16,block7.W2,0.1671813577413559,0.13340124487876892,0.11059653759002686,1980,1806,1990,5776,active_W3
16,17,W_out,0.18959808349609375,0.15961332619190216,0.13516387343406677,268,215,277,760,active_W3
17,0,W_in,0.15736332535743713,0.1254430115222931,0.10423831641674042,2390,2117,2333,6840,active_W3
17,1,block0.W1,0.17142824828624725,0.13679775595664978,0.11382589489221573,1989,1777,2010,5776,active_W3
17,2,block0.W2,0.16892626881599426,0.1344737708568573,0.11152783781290054,2006,1803,1967,5776,active_W3
17,3,block1.W1,0.17208357155323029,0.13723301887512207,0.1139594092965126,2004,1793,1979,5776,active_W3
17,4,block1.W2,0.17070357501506805,0.1362820714712143,0.11312711238861084,1993,1796,1987,5776,active_W3
17,5,block2.W1,0.1674586981534958,0.13390903174877167,0.11128285527229309,1975,1787,2014,5776,active_W3
17,6,block2.W2,0.16681957244873047,0.13290570676326752,0.1102689579129219,1957,1800,2019,5776,active_W3
17,7,block3.W1,0.17005735635757446,0.13623467087745667,0.11324393004179001,1985,1785,2006,5776,active_W3
17,8,block3.W2,0.17030861973762512,0.13596369326114655,0.1132308691740036,1989,1770,2017,5776,active_W3
17,9,block4.W1,0.17071405053138733,0.1366320550441742,0.11341763287782669,2040,1796,1940,5776,active_W3
17,10,block4.W2,0.16873317956924438,0.13343901932239532,0.11002709716558456,1973,1849,1954,5776,active_W3
17,11,block5.W1,0.16906920075416565,0.1345101296901703,0.1115860641002655,1982,1801,1993,5776,active_W3
17,12,block5.W2,0.16842004656791687,0.1344148963689804,0.11201085150241852,2019,1765,1992,5776,active_W3
17,13,block6.W1,0.17065982520580292,0.1360723078250885,0.11306644231081009,1998,1788,1990,5776,active_W3
17,14,block6.W2,0.16942615807056427,0.13488821685314178,0.11191379278898239,2012,1800,1964,5776,active_W3
17,15,block7.W1,0.17002548277378082,0.13549570739269257,0.11206384003162384,2024,1825,1927,5776,active_W3
17,16,block7.W2,0.1673736572265625,0.13351300358772278,0.11031215637922287,1960,1833,1983,5776,active_W3
17,17,W_out,0.1909409463405609,0.16068203747272491,0.13619364798069,270,214,276,760,active_W3
18,0,W_in,0.1578996628522873,0.1259569674730301,0.1047540158033371,2409,2109,2322,6840,active_W3
18,1,block0.W1,0.17192035913467407,0.13712890446186066,0.11404436081647873,1998,1781,1997,5776,active_W3
18,2,block0.W2,0.1692538559436798,0.13471801578998566,0.11184284090995789,2008,1795,1973,5776,active_W3
18,3,block1.W1,0.1724841594696045,0.13757231831550598,0.11439880728721619,2013,1782,1981,5776,active_W3
18,4,block1.W2,0.171076238155365,0.1365356296300888,0.11342297494411469,1998,1790,1988,5776,active_W3
18,5,block2.W1,0.16788741946220398,0.13421756029129028,0.11151130497455597,1983,1789,2004,5776,active_W3
18,6,block2.W2,0.16708365082740784,0.13315965235233307,0.1104518473148346,1967,1802,2007,5776,active_W3
18,7,block3.W1,0.17043234407901764,0.1364891678094864,0.1136259138584137,1988,1773,2015,5776,active_W3
18,8,block3.W2,0.1705930382013321,0.1362660974264145,0.11352519690990448,1998,1767,2011,5776,active_W3
18,9,block4.W1,0.1710929125547409,0.13692694902420044,0.11351953446865082,2037,1806,1933,5776,active_W3
18,10,block4.W2,0.16905748844146729,0.13372614979743958,0.11055828630924225,1976,1828,1972,5776,active_W3
18,11,block5.W1,0.1694144457578659,0.13481181859970093,0.11204716563224792,1992,1786,1998,5776,active_W3
18,12,block5.W2,0.16857600212097168,0.13464440405368805,0.1120341420173645,2009,1777,1990,5776,active_W3
18,13,block6.W1,0.17098365724086761,0.13638728857040405,0.11366865783929825,2007,1764,2005,5776,active_W3
18,14,block6.W2,0.16972623765468597,0.13516683876514435,0.11183426529169083,1998,1822,1956,5776,active_W3
18,15,block7.W1,0.17030073702335358,0.13569538295269012,0.1122431755065918,2017,1824,1935,5776,active_W3
18,16,block7.W2,0.1675892025232315,0.13365764915943146,0.11047366261482239,1966,1830,1980,5776,active_W3
18,17,W_out,0.1924416571855545,0.162134051322937,0.13767583668231964,272,212,276,760,active_W3
19,0,W_in,0.15846888720989227,0.12633176147937775,0.10519886016845703,2400,2097,2343,6840,active_W3
19,1,block0.W1,0.17238527536392212,0.13752715289592743,0.11430397629737854,1986,1786,2004,5776,active_W3
19,2,block0.W2,0.16957131028175354,0.1349988579750061,0.11204783618450165,2004,1797,1975,5776,active_W3
19,3,block1.W1,0.17292745411396027,0.1379256695508957,0.11473570019006729,2012,1779,1985,5776,active_W3
19,4,block1.W2,0.17141832411289215,0.13676534593105316,0.1136137992143631,1994,1790,1992,5776,active_W3
19,5,block2.W1,0.1682610660791397,0.1345124989748001,0.11178437620401382,1987,1787,2002,5776,active_W3
19,6,block2.W2,0.16729006171226501,0.13334611058235168,0.11057867109775543,1962,1804,2010,5776,active_W3
19,7,block3.W1,0.1708020269870758,0.13678528368473053,0.11390087008476257,1999,1771,2006,5776,active_W3
19,8,block3.W2,0.17091834545135498,0.13654616475105286,0.11398530006408691,2002,1751,2023,5776,active_W3
19,9,block4.W1,0.17152376472949982,0.1372191160917282,0.11424785107374191,2049,1772,1955,5776,active_W3
19,10,block4.W2,0.1693240851163864,0.13388867676258087,0.11051026731729507,1968,1841,1967,5776,active_W3
19,11,block5.W1,0.16979897022247314,0.13510438799858093,0.1123606488108635,1997,1781,1998,5776,active_W3
19,12,block5.W2,0.16891290247440338,0.13491003215312958,0.11219900846481323,2005,1781,1990,5776,active_W3
19,13,block6.W1,0.1713370382785797,0.136663019657135,0.11364267021417618,2001,1782,1993,5776,active_W3
19,14,block6.W2,0.17004655301570892,0.13546045124530792,0.11248744279146194,2008,1793,1975,5776,active_W3
19,15,block7.W1,0.17072777450084686,0.1361227035522461,0.11251114308834076,2012,1830,1934,5776,active_W3
19,16,block7.W2,0.167954221367836,0.1339481920003891,0.11074186116456985,1962,1828,1986,5776,active_W3
19,17,W_out,0.1941908299922943,0.16368067264556885,0.13911589980125427,273,211,276,760,active_W3
20,0,W_in,0.1589099019765854,0.1267273724079132,0.10558391362428665,2403,2092,2345,6840,active_W3
20,1,block0.W1,0.17277570068836212,0.13781072199344635,0.11468309164047241,2000,1776,2000,5776,active_W3
20,2,block0.W2,0.16986188292503357,0.13525530695915222,0.11220424622297287,2003,1801,1972,5776,active_W3
20,3,block1.W1,0.17324933409690857,0.13811610639095306,0.11523854732513428,2029,1755,1992,5776,active_W3
20,4,block1.W2,0.17164133489131927,0.13699296116828918,0.11354565620422363,1992,1808,1976,5776,active_W3
20,5,block2.W1,0.16852399706840515,0.13470512628555298,0.11197250336408615,1994,1785,1997,5776,active_W3
20,6,block2.W2,0.16744157671928406,0.13344188034534454,0.11067203432321548,1964,1803,2009,5776,active_W3
20,7,block3.W1,0.17110450565814972,0.1370796263217926,0.11401763558387756,1998,1780,1998,5776,active_W3
20,8,block3.W2,0.17115215957164764,0.13674844801425934,0.1143525168299675,2009,1737,2030,5776,active_W3
20,9,block4.W1,0.17195215821266174,0.1375901997089386,0.11431336402893066,2038,1789,1949,5776,active_W3
20,10,block4.W2,0.16967162489891052,0.1342536360025406,0.11109275370836258,1981,1821,1974,5776,active_W3
20,11,block5.W1,0.17009425163269043,0.13538111746311188,0.1123933345079422,1983,1795,1998,5776,active_W3
20,12,block5.W2,0.16917909681797028,0.13518476486206055,0.11234303563833237,2006,1787,1983,5776,active_W3
20,13,block6.W1,0.1715482622385025,0.13685184717178345,0.11372844874858856,1986,1787,2003,5776,active_W3
20,14,block6.W2,0.17033661901950836,0.13565832376480103,0.11268004029989243,2009,1791,1976,5776,active_W3
20,15,block7.W1,0.1709902435541153,0.13633882999420166,0.11278969049453735,2022,1823,1931,5776,active_W3
20,16,block7.W2,0.16821417212486267,0.13416127860546112,0.11090398579835892,1966,1829,1981,5776,active_W3
20,17,W_out,0.1962578445672989,0.1656305342912674,0.14102931320667267,274,209,277,760,active_W3
21,0,W_in,0.1590171456336975,0.12679840624332428,0.10549835860729218,2398,2105,2337,6840,active_W3
21,1,block0.W1,0.17287732660770416,0.1378619223833084,0.1147400438785553,1999,1775,2002,5776,active_W3
21,2,block0.W2,0.16991892457008362,0.13530391454696655,0.11207501590251923,1999,1813,1964,5776,active_W3
21,3,block1.W1,0.17335468530654907,0.13820834457874298,0.11505711078643799,2022,1773,1981,5776,active_W3
21,4,block1.W2,0.1717562973499298,0.13705210387706757,0.11363758891820908,1988,1805,1983,5776,active_W3
21,5,block2.W1,0.1686679720878601,0.13481421768665314,0.11209126561880112,1991,1783,2002,5776,active_W3
21,6,block2.W2,0.1675669550895691,0.13353663682937622,0.11080635339021683,1958,1799,2019,5776,active_W3
21,7,block3.W1,0.1712007075548172,0.13714954257011414,0.11401868611574173,1993,1784,1999,5776,active_W3
21,8,block3.W2,0.17125126719474792,0.13685116171836853,0.11435338854789734,2005,1743,2028,5776,active_W3
21,9,block4.W1,0.17204339802265167,0.1376585066318512,0.11452778428792953,2049,1778,1949,5776,active_W3
21,10,block4.W2,0.16971080005168915,0.13427859544754028,0.11123974621295929,1984,1812,1980,5776,active_W3
21,11,block5.W1,0.17022696137428284,0.13552376627922058,0.11263887584209442,1987,1786,2003,5776,active_W3
21,12,block5.W2,0.16931743919849396,0.13532617688179016,0.11246055364608765,2001,1787,1988,5776,active_W3
21,13,block6.W1,0.17172835767269135,0.1369636356830597,0.11387839913368225,1989,1783,2004,5776,active_W3
21,14,block6.W2,0.17049618065357208,0.1358078122138977,0.11283251643180847,2016,1789,1971,5776,active_W3
21,15,block7.W1,0.1711932122707367,0.13650965690612793,0.11298812925815582,2024,1819,1933,5776,active_W3
21,16,block7.W2,0.16841141879558563,0.13431957364082336,0.11109108477830887,1965,1825,1986,5776,active_W3
21,17,W_out,0.19762200117111206,0.16683226823806763,0.14179451763629913,272,211,277,760,active_W3
22,0,W_in,0.15909406542778015,0.1268608123064041,0.10546109825372696,2394,2113,2333,6840,active_W3
22,1,block0.W1,0.17295889556407928,0.1379006803035736,0.11467184871435165,1988,1782,2006,5776,active_W3
22,2,block0.W2,0.16997875273227692,0.13535815477371216,0.11223304271697998,2004,1805,1967,5776,active_W3
22,3,block1.W1,0.17342402040958405,0.13825014233589172,0.11494804918766022,2014,1783,1979,5776,active_W3
22,4,block1.W2,0.17179590463638306,0.1370868980884552,0.11369507759809494,1988,1803,1985,5776,active_W3
22,5,block2.W1,0.16868089139461517,0.13483786582946777,0.11201260983943939,1983,1790,2003,5776,active_W3
22,6,block2.W2,0.16758376359939575,0.13353420794010162,0.11086004227399826,1961,1795,2020,5776,active_W3
22,7,block3.W1,0.17125548422336578,0.13718372583389282,0.11416132748126984,2004,1776,1996,5776,active_W3
22,8,block3.W2,0.17131386697292328,0.13691484928131104,0.11433564126491547,2000,1748,2028,5776,active_W3
22,9,block4.W1,0.17209696769714355,0.13769906759262085,0.11461882293224335,2051,1774,1951,5776,active_W3
22,10,block4.W2,0.16977974772453308,0.1343391388654709,0.11121970415115356,1978,1817,1981,5776,active_W3
22,11,block5.W1,0.17034678161144257,0.13564999401569366,0.11261656135320663,1989,1795,1992,5776,active_W3
22,12,block5.W2,0.16942425072193146,0.13541631400585175,0.11256367713212967,2000,1785,1991,5776,active_W3
22,13,block6.W1,0.17183730006217957,0.13703836500644684,0.11375490576028824,1980,1796,2000,5776,active_W3
22,14,block6.W2,0.17062512040138245,0.1359274983406067,0.11301688849925995,2020,1783,1973,5776,active_W3
22,15,block7.W1,0.1713351160287857,0.13663773238658905,0.11310843378305435,2019,1818,1939,5776,active_W3
22,16,block7.W2,0.16856463253498077,0.13446591794490814,0.11125434190034866,1973,1822,1981,5776,active_W3
22,17,W_out,0.19880764186382294,0.16793178021907806,0.1425989717245102,272,212,276,760,active_W3
23,0,W_in,0.15921159088611603,0.12695589661598206,0.10556244850158691,2397,2111,2332,6840,active_W3
23,1,block0.W1,0.17305263876914978,0.1379803568124771,0.11475247144699097,2002,1781,1993,5776,active_W3
23,2,block0.W2,0.17004717886447906,0.13540488481521606,0.11221523582935333,2003,1809,1964,5776,active_W3
23,3,block1.W1,0.17352496087551117,0.13835658133029938,0.11480584740638733,2002,1799,1975,5776,active_W3
23,4,block1.W2,0.1718941181898117,0.13714097440242767,0.11381147056818008,1995,1798,1983,5776,active_W3
23,5,block2.W1,0.16873091459274292,0.13487131893634796,0.11205445230007172,1984,1789,2003,5776,active_W3
23,6,block2.W2,0.1676345020532608,0.13357728719711304,0.11096542328596115,1963,1790,2023,5776,active_W3
23,7,block3.W1,0.171306774020195,0.13722102344036102,0.11443477123975754,2010,1759,2007,5776,active_W3
23,8,block3.W2,0.17138630151748657,0.1369810700416565,0.11433413624763489,2005,1752,2019,5776,active_W3
23,9,block4.W1,0.17219004034996033,0.13777300715446472,0.11452265083789825,2052,1785,1939,5776,active_W3
23,10,block4.W2,0.16986583173274994,0.13441355526447296,0.11116882413625717,1979,1825,1972,5776,active_W3
23,11,block5.W1,0.1704672873020172,0.13575854897499084,0.11286228895187378,1994,1784,1998,5776,active_W3
23,12,block5.W2,0.1695861518383026,0.1355612725019455,0.11268416047096252,2003,1785,1988,5776,active_W3
23,13,block6.W1,0.1719689518213272,0.1371411830186844,0.11414019018411636,1998,1775,2003,5776,active_W3
23,14,block6.W2,0.1707896888256073,0.13607166707515717,0.11308009177446365,2019,1787,1970,5776,active_W3
23,15,block7.W1,0.17149412631988525,0.1367582082748413,0.11322245746850967,2019,1817,1940,5776,active_W3
23,16,block7.W2,0.16874447464942932,0.1346215158700943,0.11145348846912384,1977,1817,1982,5776,active_W3
23,17,W_out,0.19992195069789886,0.1689528375864029,0.1433350294828415,271,213,276,760,active_W3
24,0,W_in,0.159366637468338,0.12707920372486115,0.10554201155900955,2399,2122,2319,6840,active_W3
24,1,block0.W1,0.17317648231983185,0.1380876898765564,0.11479862034320831,1994,1784,1998,5776,active_W3
24,2,block0.W2,0.170144721865654,0.1354699432849884,0.11215589940547943,2003,1817,1956,5776,active_W3
24,3,block1.W1,0.17363899946212769,0.1384659707546234,0.11531476676464081,2013,1770,1993,5776,active_W3
24,4,block1.W2,0.17198961973190308,0.137179896235466,0.11368625611066818,1989,1809,1978,5776,active_W3
24,5,block2.W1,0.16881133615970612,0.13497322797775269,0.11230775713920593,1990,1777,2009,5776,active_W3
24,6,block2.W2,0.16769778728485107,0.133641317486763,0.1110464558005333,1967,1788,2021,5776,active_W3
24,7,block3.W1,0.17136278748512268,0.13724207878112793,0.11432404816150665,2007,1768,2001,5776,active_W3
24,8,block3.W2,0.17143882811069489,0.13702841103076935,0.11447310447692871,2007,1745,2024,5776,active_W3
24,9,block4.W1,0.17230907082557678,0.13785147666931152,0.11457353085279465,2041,1786,1949,5776,active_W3
24,10,block4.W2,0.17002640664577484,0.13454832136631012,0.11125211417675018,1976,1827,1973,5776,active_W3
24,11,block5.W1,0.17056035995483398,0.13581344485282898,0.11306338012218475,2002,1773,2001,5776,active_W3
24,12,block5.W2,0.16966436803340912,0.13564229011535645,0.11268086731433868,1995,1790,1991,5776,active_W3
24,13,block6.W1,0.1721130758523941,0.13726042211055756,0.11411085724830627,1992,1784,2000,5776,active_W3
24,14,block6.W2,0.17095892131328583,0.13622461259365082,0.11322137713432312,2018,1786,1972,5776,active_W3
24,15,block7.W1,0.1716592162847519,0.13690531253814697,0.11324400454759598,2019,1824,1933,5776,active_W3
24,16,block7.W2,0.16888637840747833,0.13473474979400635,0.11142037063837051,1970,1826,1980,5776,active_W3
24,17,W_out,0.2010038197040558,0.16992488503456116,0.1444229930639267,273,211,276,760,active_W3
25,0,W_in,0.15950419008731842,0.12719076871871948,0.10582482069730759,2407,2105,2328,6840,active_W3
25,1,block0.W1,0.17328396439552307,0.1381169557571411,0.11475101113319397,1987,1789,2000,5776,active_W3
25,2,block0.W2,0.17023013532161713,0.1355469673871994,0.11216296255588531,1991,1821,1964,5776,active_W3
25,3,block1.W1,0.17374791204929352,0.1385456770658493,0.11529470980167389,2011,1776,1989,5776,active_W3
25,4,block1.W2,0.1720404326915741,0.137213334441185,0.11378560960292816,1987,1804,1985,5776,active_W3
25,5,block2.W1,0.1689286231994629,0.13506071269512177,0.11216957867145538,1980,1792,2004,5776,active_W3
25,6,block2.W2,0.16774478554725647,0.1336846500635147,0.11104068905115128,1962,1791,2023,5776,active_W3
25,7,block3.W1,0.17142151296138763,0.1372947245836258,0.11451050639152527,2014,1758,2004,5776,active_W3
25,8,block3.W2,0.1714993268251419,0.1370745599269867,0.11444061249494553,2008,1750,2018,5776,active_W3
25,9,block4.W1,0.17235302925109863,0.13789798319339752,0.11461217701435089,2044,1786,1946,5776,active_W3
25,10,block4.W2,0.17005223035812378,0.13458529114723206,0.11139532923698425,1981,1819,1976,5776,active_W3
25,11,block5.W1,0.1706753969192505,0.13589690625667572,0.11297731101512909,1992,1784,2000,5776,active_W3
25,12,block5.W2,0.1697656810283661,0.13573752343654633,0.11278825998306274,2001,1788,1987,5776,active_W3
25,13,block6.W1,0.17222343385219574,0.13732752203941345,0.11418093740940094,1994,1783,1999,5776,active_W3
25,14,block6.W2,0.17104767262935638,0.1363094449043274,0.11330607533454895,2024,1785,1967,5776,active_W3
25,15,block7.W1,0.1718033105134964,0.137049600481987,0.11357827484607697,2025,1809,1942,5776,active_W3
25,16,block7.W2,0.16903631389141083,0.13488677144050598,0.11144720017910004,1963,1833,1980,5776,active_W3
25,17,W_out,0.20226871967315674,0.17110015451908112,0.1452893763780594,272,212,276,760,active_W3
26,0,W_in,0.159639373421669,0.12729208171367645,0.10603205859661102,2413,2094,2333,6840,active_W3
26,1,block0.W1,0.1733827292919159,0.13820640742778778,0.11482533067464828,1993,1789,1994,5776,active_W3
26,2,block0.W2,0.17031215131282806,0.13559477031230927,0.11241509765386581,2003,1806,1967,5776,active_W3
26,3,block1.W1,0.17386293411254883,0.1386452168226242,0.11547845602035522,2011,1769,1996,5776,active_W3
26,4,block1.W2,0.17216521501541138,0.13730044662952423,0.11387217789888382,1988,1803,1985,5776,active_W3
26,5,block2.W1,0.16899582743644714,0.13508440554141998,0.1121470183134079,1983,1795,1998,5776,active_W3
26,6,block2.W2,0.16772334277629852,0.13366098701953888,0.11109064519405365,1962,1786,2028,5776,active_W3
26,7,block3.W1,0.1714971661567688,0.13736556470394135,0.11421258002519608,1995,1783,1998,5776,active_W3
26,8,block3.W2,0.17156144976615906,0.1371128410100937,0.11460044234991074,2010,1741,2025,5776,active_W3
26,9,block4.W1,0.17246094346046448,0.13798031210899353,0.11462312191724777,2042,1790,1944,5776,active_W3
26,10,block4.W2,0.17012843489646912,0.1346466988325119,0.11143209040164948,1986,1820,1970,5776,active_W3
26,11,block5.W1,0.17083144187927246,0.1360437422990799,0.1131560355424881,1999,1780,1997,5776,active_W3
26,12,block5.W2,0.16991464793682098,0.13586941361427307,0.11294031143188477,1997,1785,1994,5776,active_W3
26,13,block6.W1,0.17238964140415192,0.1374562382698059,0.11424504220485687,1994,1786,1996,5776,active_W3
26,14,block6.W2,0.17120611667633057,0.13643530011177063,0.11333964020013809,2024,1790,1962,5776,active_W3
26,15,block7.W1,0.1719716489315033,0.1372278332710266,0.11374032497406006,2022,1808,1946,5776,active_W3
26,16,block7.W2,0.16920959949493408,0.1350594460964203,0.11163230240345001,1962,1830,1984,5776,active_W3
26,17,W_out,0.20329977571964264,0.17202818393707275,0.14634375274181366,274,210,276,760,active_W3
27,0,W_in,0.1598275899887085,0.12743069231510162,0.10593484342098236,2399,2113,2328,6840,active_W3
27,1,block0.W1,0.17355164885520935,0.13834387063980103,0.1150691956281662,1990,1780,2006,5776,active_W3
27,2,block0.W2,0.17048604786396027,0.13572315871715546,0.1126631498336792,2012,1796,1968,5776,active_W3
27,3,block1.W1,0.17397698760032654,0.1387072056531906,0.11514019221067429,2001,1796,1979,5776,active_W3
27,4,block1.W2,0.17222680151462555,0.13734430074691772,0.11385118961334229,1989,1807,1980,5776,active_W3
27,5,block2.W1,0.16916225850582123,0.1352420151233673,0.11224965751171112,1979,1797,2000,5776,active_W3
27,6,block2.W2,0.16790243983268738,0.1338067203760147,0.11119783669710159,1954,1787,2035,5776,active_W3
27,7,block3.W1,0.17158250510692596,0.13741563260555267,0.11428281664848328,2002,1781,1993,5776,active_W3
27,8,block3.W2,0.17163744568824768,0.13718180358409882,0.11470071971416473,2008,1738,2030,5776,active_W3
27,9,block4.W1,0.17260195314884186,0.13808442652225494,0.11488213390111923,2043,1778,1955,5776,active_W3
27,10,block4.W2,0.17027980089187622,0.13476459681987762,0.11150146275758743,1979,1822,1975,5776,active_W3
27,11,block5.W1,0.17095458507537842,0.1361272633075714,0.11302698403596878,1987,1794,1995,5776,active_W3
27,12,block5.W2,0.169986754655838,0.1359456181526184,0.11310271173715591,1997,1778,2001,5776,active_W3
27,13,block6.W1,0.17251016199588776,0.13754306733608246,0.11415950953960419,1990,1797,1989,5776,active_W3
27,14,block6.W2,0.17136318981647491,0.13654963672161102,0.11327798664569855,2016,1801,1959,5776,active_W3
27,15,block7.W1,0.17214028537273407,0.13736814260482788,0.11382792890071869,2022,1810,1944,5776,active_W3
27,16,block7.W2,0.16939477622509003,0.13518284261226654,0.11179091036319733,1964,1826,1986,5776,active_W3
27,17,W_out,0.2042035311460495,0.17281466722488403,0.14714638888835907,274,209,277,760,active_W3
28,0,W_in,0.15995460748672485,0.12754705548286438,0.1061212569475174,2405,2105,2330,6840,active_W3
28,1,block0.W1,0.17368052899837494,0.13845744729042053,0.11516366899013519,1992,1780,2004,5776,active_W3
28,2,block0.W2,0.17054083943367004,0.13576382398605347,0.11252687871456146,1996,1808,1972,5776,active_W3
28,3,block1.W1,0.17409361898899078,0.13883653283119202,0.11529098451137543,2001,1793,1982,5776,active_W3
28,4,block1.W2,0.17227819561958313,0.1373252272605896,0.11379235982894897,1986,1810,1980,5776,active_W3
28,5,block2.W1,0.16923648118972778,0.13530929386615753,0.11251697689294815,1982,1782,2012,5776,active_W3
28,6,block2.W2,0.16794826090335846,0.13381749391555786,0.111178919672966,1960,1789,2027,5776,active_W3
28,7,block3.W1,0.17175187170505524,0.1375475525856018,0.11457850784063339,2016,1768,1992,5776,active_W3
28,8,block3.W2,0.17178751528263092,0.13732963800430298,0.11481008678674698,2010,1739,2027,5776,active_W3
28,9,block4.W1,0.17272154986858368,0.13816606998443604,0.11476302146911621,2037,1791,1948,5776,active_W3
28,10,block4.W2,0.1703736037015915,0.13486827909946442,0.11157313734292984,1984,1823,1969,5776,active_W3
28,11,block5.W1,0.1710183173418045,0.13618305325508118,0.11311589181423187,1990,1791,1995,5776,active_W3
28,12,block5.W2,0.17006710171699524,0.13601332902908325,0.11313074082136154,1997,1780,1999,5776,active_W3
28,13,block6.W1,0.17270755767822266,0.13772591948509216,0.11433999985456467,1984,1795,1997,5776,active_W3
28,14,block6.W2,0.17154279351234436,0.13671740889549255,0.11350272595882416,2017,1795,1964,5776,active_W3
28,15,block7.W1,0.17230947315692902,0.13753095269203186,0.11389096826314926,2023,1815,1938,5776,active_W3
28,16,block7.W2,0.1695489138364792,0.13533417880535126,0.1119019016623497,1958,1827,1991,5776,active_W3
28,17,W_out,0.20534758269786835,0.1738758236169815,0.14845240116119385,276,206,278,760,active_W3
29,0,W_in,0.1601434350013733,0.12767909467220306,0.10606270283460617,2397,2120,2323,6840,active_W3
29,1,block0.W1,0.17380985617637634,0.13856202363967896,0.11510633677244186,1989,1790,1997,5776,active_W3
29,2,block0.W2,0.17062708735466003,0.13584886491298676,0.11258318275213242,1992,1809,1975,5776,active_W3
29,3,block1.W1,0.17424827814102173,0.13893358409404755,0.11547291278839111,2009,1786,1981,5776,active_W3
29,4,block1.W2,0.1723564714193344,0.1373707503080368,0.1138300821185112,1988,1810,1978,5776,active_W3
29,5,block2.W1,0.16935664415359497,0.135358989238739,0.11244551837444305,1975,1790,2011,5776,active_W3
29,6,block2.W2,0.16799569129943848,0.13386206328868866,0.11136925220489502,1971,1778,2027,5776,active_W3
29,7,block3.W1,0.1718595027923584,0.13761968910694122,0.11435221135616302,2005,1788,1983,5776,active_W3
29,8,block3.W2,0.17185549437999725,0.13737031817436218,0.11477296054363251,2001,1744,2031,5776,active_W3
29,9,block4.W1,0.1728442907333374,0.1383003443479538,0.11494658887386322,2039,1786,1951,5776,active_W3
29,10,block4.W2,0.17048650979995728,0.134947270154953,0.11151131987571716,1973,1832,1971,5776,active_W3
29,11,block5.W1,0.17116713523864746,0.1363176852464676,0.1132703348994255,1991,1788,1997,5776,active_W3
29,12,block5.W2,0.17022804915905,0.1361471712589264,0.1131570115685463,1993,1786,1997,5776,active_W3
29,13,block6.W1,0.17281408607959747,0.13777461647987366,0.11449529230594635,1989,1787,2000,5776,active_W3
29,14,block6.W2,0.17162437736988068,0.13677340745925903,0.11347788572311401,2016,1800,1960,5776,active_W3
29,15,block7.W1,0.17251841723918915,0.13768936693668365,0.11406531929969788,2027,1812,1937,5776,active_W3
29,16,block7.W2,0.16974402964115143,0.13550497591495514,0.11208567023277283,1964,1824,1988,5776,active_W3
29,17,W_out,0.20639753341674805,0.1748056262731552,0.14911150932312012,276,207,277,760,active_W3
30,0,W_in,0.160318061709404,0.1278381049633026,0.10632970929145813,2401,2108,2331,6840,active_W3
30,1,block0.W1,0.17390325665473938,0.1386185586452484,0.11515331268310547,1976,1790,2010,5776,active_W3
30,2,block0.W2,0.17066171765327454,0.13588136434555054,0.112496517598629,1997,1817,1962,5776,active_W3
30,3,block1.W1,0.1743878722190857,0.139060378074646,0.11534631997346878,2004,1802,1970,5776,active_W3
30,4,block1.W2,0.17245082557201385,0.13745374977588654,0.11414270848035812,1992,1793,1991,5776,active_W3
30,5,block2.W1,0.16947726905345917,0.1354529857635498,0.11239650100469589,1977,1799,2000,5776,active_W3
30,6,block2.W2,0.16806286573410034,0.1339535415172577,0.11148716509342194,1969,1775,2032,5776,active_W3
30,7,block3.W1,0.17196251451969147,0.13767796754837036,0.11444368213415146,2003,1785,1988,5776,active_W3
30,8,block3.W2,0.17192065715789795,0.13743722438812256,0.11497118324041367,2006,1734,2036,5776,active_W3
30,9,block4.W1,0.17295794188976288,0.1383747011423111,0.11513803154230118,2053,1777,1946,5776,active_W3
30,10,block4.W2,0.17055700719356537,0.1350257694721222,0.11178816109895706,1984,1817,1975,5776,active_W3
30,11,block5.W1,0.17131586372852325,0.1364450752735138,0.11319124698638916,1983,1801,1992,5776,active_W3
30,12,block5.W2,0.17037451267242432,0.13627925515174866,0.11329517513513565,2000,1784,1992,5776,active_W3
30,13,block6.W1,0.17291003465652466,0.13783763349056244,0.1144614890217781,1992,1793,1991,5776,active_W3
30,14,block6.W2,0.17175628244876862,0.13685695827007294,0.11343291401863098,2015,1808,1953,5776,active_W3
30,15,block7.W1,0.1726975440979004,0.13779495656490326,0.11397986114025116,2023,1824,1929,5776,active_W3
30,16,block7.W2,0.16991955041885376,0.13565993309020996,0.11231319606304169,1965,1817,1994,5776,active_W3
30,17,W_out,0.20744173228740692,0.1757843792438507,0.15021730959415436,276,205,279,760,active_W3
31,0,W_in,0.16047702729701996,0.1279737800359726,0.10631876438856125,2400,2119,2321,6840,active_W3
31,1,block0.W1,0.17399561405181885,0.13867342472076416,0.11528555303812027,1988,1784,2004,5776,active_W3
31,2,block0.W2,0.17072245478630066,0.1359245330095291,0.11256066709756851,1991,1815,1970,5776,active_W3
31,3,block1.W1,0.17450566589832306,0.13916388154029846,0.1155773177742958,1999,1792,1985,5776,active_W3
31,4,block1.W2,0.17251476645469666,0.1375121921300888,0.11420556902885437,1987,1792,1997,5776,active_W3
31,5,block2.W1,0.1695873737335205,0.13555854558944702,0.1123284175992012,1967,1810,1999,5776,active_W3
31,6,block2.W2,0.168118417263031,0.13398948311805725,0.11143343895673752,1969,1781,2026,5776,active_W3
31,7,block3.W1,0.1720786988735199,0.13774926960468292,0.1144455298781395,1996,1789,1991,5776,active_W3
31,8,block3.W2,0.1719990372657776,0.1374865025281906,0.11499816179275513,2008,1735,2033,5776,active_W3
31,9,block4.W1,0.17309574782848358,0.13848085701465607,0.11511103808879852,2045,1785,1946,5776,active_W3
31,10,block4.W2,0.17065834999084473,0.1351151317358017,0.11189039051532745,1987,1815,1974,5776,active_W3
31,11,block5.W1,0.17142124474048615,0.1365496963262558,0.11337774246931076,1991,1794,1991,5776,active_W3
31,12,block5.W2,0.1704711765050888,0.13636960089206696,0.1133134588599205,1999,1788,1989,5776,active_W3
31,13,block6.W1,0.1730390340089798,0.13792942464351654,0.11453770846128464,1986,1793,1997,5776,active_W3
31,14,block6.W2,0.17189761996269226,0.13698700070381165,0.11358360946178436,2017,1805,1954,5776,active_W3
31,15,block7.W1,0.17284463346004486,0.13792909681797028,0.11416298151016235,2022,1819,1935,5776,active_W3
31,16,block7.W2,0.1700717657804489,0.13579459488391876,0.11229681223630905,1965,1826,1985,5776,active_W3
31,17,W_out,0.20861025154590607,0.17685753107070923,0.15127046406269073,277,204,279,760,active_W3
32,0,W_in,0.1605338752269745,0.1280159205198288,0.1064213439822197,2404,2113,2323,6840,active_W3
32,1,block0.W1,0.17407502233982086,0.13873636722564697,0.11530900001525879,1990,1786,2000,5776,active_W3
32,2,block0.W2,0.17077451944351196,0.1359691619873047,0.11271128058433533,1992,1807,1977,5776,active_W3
32,3,block1.W1,0.1745404452085495,0.13918189704418182,0.11559227854013443,2001,1792,1983,5776,active_W3
32,4,block1.W2,0.17254845798015594,0.13755548000335693,0.11437048017978668,1994,1783,1999,5776,active_W3
32,5,block2.W1,0.16959956288337708,0.13555990159511566,0.11234370619058609,1969,1809,1998,5776,active_W3
32,6,block2.W2,0.16812096536159515,0.13399957120418549,0.11137205362319946,1968,1786,2022,5776,active_W3
32,7,block3.W1,0.17211684584617615,0.13778719305992126,0.1145201027393341,1995,1786,1995,5776,active_W3
32,8,block3.W2,0.17205137014389038,0.13753089308738708,0.11500681936740875,2008,1737,2031,5776,active_W3
32,9,block4.W1,0.17313341796398163,0.13852329552173615,0.1151607558131218,2040,1784,1952,5776,active_W3
32,10,block4.W2,0.17069922387599945,0.1351536363363266,0.11192227900028229,1988,1815,1973,5776,active_W3
32,11,block5.W1,0.17149005830287933,0.13657280802726746,0.11331145465373993,1988,1800,1988,5776,active_W3
32,12,block5.W2,0.17051012814044952,0.13639964163303375,0.11340946704149246,2002,1783,1991,5776,active_W3
32,13,block6.W1,0.17312277853488922,0.13799935579299927,0.11452382057905197,1980,1798,1998,5776,active_W3
32,14,block6.W2,0.17198152840137482,0.1370587944984436,0.11351430416107178,2012,1814,1950,5776,active_W3
32,15,block7.W1,0.1729295551776886,0.13796856999397278,0.11418122053146362,2021,1820,1935,5776,active_W3
32,16,block7.W2,0.17013439536094666,0.13585056364536285,0.11242838203907013,1967,1820,1989,5776,active_W3
32,17,W_out,0.20911528170108795,0.17729638516902924,0.15178214013576508,277,203,280,760,active_W3
33,0,W_in,0.16055424511432648,0.12802179157733917,0.10648249089717865,2400,2108,2332,6840,active_W3
33,1,block0.W1,0.17409594357013702,0.13875269889831543,0.11535147577524185,1997,1784,1995,5776,active_W3
33,2,block0.W2,0.17078466713428497,0.13597682118415833,0.1127176284790039,2002,1807,1967,5776,active_W3
33,3,block1.W1,0.17456789314746857,0.13921187818050385,0.11566068977117538,2002,1789,1985,5776,active_W3
33,4,block1.W2,0.17256928980350494,0.1375705450773239,0.11438301205635071,1994,1783,1999,5776,active_W3
33,5,block2.W1,0.16961699724197388,0.1355658620595932,0.11237697303295135,1975,1807,1994,5776,active_W3
33,6,block2.W2,0.16813066601753235,0.13400989770889282,0.11136668175458908,1969,1787,2020,5776,active_W3
33,7,block3.W1,0.17213332653045654,0.13780440390110016,0.11444824934005737,1996,1792,1988,5776,active_W3
33,8,block3.W2,0.17207032442092896,0.13755127787590027,0.11498115211725235,2004,1740,2032,5776,active_W3
33,9,block4.W1,0.1731543242931366,0.13853710889816284,0.11512894928455353,2040,1787,1949,5776,active_W3
33,10,block4.W2,0.1707303375005722,0.13517676293849945,0.11194143444299698,1992,1815,1969,5776,active_W3
33,11,block5.W1,0.17152361571788788,0.136603444814682,0.1133083701133728,1986,1802,1988,5776,active_W3
33,12,block5.W2,0.17055343091487885,0.13643543422222137,0.11343920975923538,2000,1783,1993,5776,active_W3
33,13,block6.W1,0.17318095266819,0.138040229678154,0.1145145446062088,1983,1801,1992,5776,active_W3
33,14,block6.W2,0.17202967405319214,0.13710461556911469,0.11359523236751556,2011,1811,1954,5776,active_W3
33,15,block7.W1,0.17300251126289368,0.13802294433116913,0.11424066126346588,2025,1819,1932,5776,active_W3
33,16,block7.W2,0.1702081710100174,0.13592110574245453,0.11244411021471024,1964,1823,1989,5776,active_W3
33,17,W_out,0.20964564383029938,0.17777733504772186,0.15219387412071228,278,203,279,760,active_W3
34,0,W_in,0.16056255996227264,0.12802794575691223,0.10655511170625687,2407,2102,2331,6840,active_W3
34,1,block0.W1,0.17410627007484436,0.13876037299633026,0.11532895267009735,1995,1786,1995,5776,active_W3
34,2,block0.W2,0.17079713940620422,0.13597138226032257,0.11269891262054443,1998,1808,1970,5776,active_W3
34,3,block1.W1,0.17458577454090118,0.1392214596271515,0.11547992378473282,1990,1802,1984,5776,active_W3
34,4,block1.W2,0.17259149253368378,0.13758528232574463,0.11443822085857391,2000,1780,1996,5776,active_W3
34,5,block2.W1,0.16963769495487213,0.1355876326560974,0.11243748664855957,1975,1804,1997,5776,active_W3
34,6,block2.W2,0.1681334525346756,0.13401839137077332,0.11135978996753693,1967,1788,2021,5776,active_W3
34,7,block3.W1,0.17215277254581451,0.13781756162643433,0.11451661586761475,1994,1788,1994,5776,active_W3
34,8,block3.W2,0.17208880186080933,0.13756781816482544,0.115037702023983,2007,1737,2032,5776,active_W3
34,9,block4.W1,0.17316466569900513,0.13854940235614777,0.11521131545305252,2042,1782,1952,5776,active_W3
34,10,block4.W2,0.17074169218540192,0.13518604636192322,0.11196324229240417,1993,1814,1969,5776,active_W3
34,11,block5.W1,0.17155255377292633,0.13663111627101898,0.11333131790161133,1986,1802,1988,5776,active_W3
34,12,block5.W2,0.170596644282341,0.13647037744522095,0.11345406621694565,2001,1784,1991,5776,active_W3
34,13,block6.W1,0.17323391139507294,0.1380794644355774,0.11450386047363281,1981,1804,1991,5776,active_W3
34,14,block6.W2,0.17209334671497345,0.1371602863073349,0.11367000639438629,2011,1809,1956,5776,active_W3
34,15,block7.W1,0.17307014763355255,0.1380779892206192,0.11432953923940659,2026,1816,1934,5776,active_W3
34,16,block7.W2,0.17027370631694794,0.13598057627677917,0.11245061457157135,1967,1826,1983,5776,active_W3
34,17,W_out,0.21019034087657928,0.1782684326171875,0.15275125205516815,279,202,279,760,active_W3
35,0,W_in,0.16058628261089325,0.12803776562213898,0.10638318210840225,2401,2118,2321,6840,active_W3
35,1,block0.W1,0.17412535846233368,0.13876479864120483,0.11527480185031891,1984,1790,2002,5776,active_W3
35,2,block0.W2,0.1708214282989502,0.1359870433807373,0.11269769072532654,2001,1809,1966,5776,active_W3
35,3,block1.W1,0.17461369931697845,0.13924524188041687,0.1156303733587265,1998,1793,1985,5776,active_W3
35,4,block1.W2,0.1726100742816925,0.1376064121723175,0.11439850926399231,1994,1784,1998,5776,active_W3
35,5,block2.W1,0.1696588546037674,0.1356169879436493,0.11247598379850388,1972,1803,2001,5776,active_W3
35,6,block2.W2,0.1681734025478363,0.13404694199562073,0.11143934726715088,1971,1784,2021,5776,active_W3
35,7,block3.W1,0.17217570543289185,0.1378353089094162,0.11444518715143204,1991,1794,1991,5776,active_W3
35,8,block3.W2,0.17210514843463898,0.13758151233196259,0.11510610580444336,2012,1733,2031,5776,active_W3
35,9,block4.W1,0.1731911450624466,0.1385769248008728,0.11520533263683319,2041,1784,1951,5776,active_W3
35,10,block4.W2,0.1707685887813568,0.13521383702754974,0.11208515614271164,1992,1807,1977,5776,active_W3
35,11,block5.W1,0.17159025371074677,0.13665854930877686,0.11335408687591553,1987,1802,1987,5776,active_W3
35,12,block5.W2,0.17063236236572266,0.13650743663311005,0.11344221979379654,1998,1787,1991,5776,active_W3
35,13,block6.W1,0.17329329252243042,0.13812290132045746,0.1144966185092926,1980,1807,1989,5776,active_W3
35,14,block6.W2,0.17215020954608917,0.13721613585948944,0.11373063176870346,2016,1808,1952,5776,active_W3
35,15,block7.W1,0.17315688729286194,0.13815532624721527,0.11440802365541458,2030,1815,1931,5776,active_W3
35,16,block7.W2,0.17037783563137054,0.136062890291214,0.11254717409610748,1969,1824,1983,5776,active_W3
35,17,W_out,0.21072061359882355,0.17874236404895782,0.15302003920078278,278,203,279,760,active_W3
36,0,W_in,0.16061905026435852,0.12806753814220428,0.10638538748025894,2398,2120,2322,6840,active_W3
36,1,block0.W1,0.1741577833890915,0.13878124952316284,0.1153029203414917,1987,1789,2000,5776,active_W3
36,2,block0.W2,0.17084001004695892,0.13599173724651337,0.11265897005796432,1997,1812,1967,5776,active_W3
36,3,block1.W1,0.17463557422161102,0.1392771452665329,0.11558424681425095,1996,1798,1982,5776,active_W3
36,4,block1.W2,0.17262950539588928,0.13762475550174713,0.11451401561498642,1995,1777,2004,5776,active_W3
36,5,block2.W1,0.16968517005443573,0.1356339454650879,0.11232004314661026,1963,1815,1998,5776,active_W3
36,6,block2.W2,0.1681813895702362,0.13406358659267426,0.11141131073236465,1973,1787,2016,5776,active_W3
36,7,block3.W1,0.17219209671020508,0.137851282954216,0.11438657343387604,1993,1799,1984,5776,active_W3
36,8,block3.W2,0.17213737964630127,0.1376095861196518,0.11511535197496414,2010,1734,2032,5776,active_W3
36,9,block4.W1,0.17319945991039276,0.13859784603118896,0.11535253375768661,2043,1775,1958,5776,active_W3
36,10,block4.W2,0.17077061533927917,0.13521134853363037,0.11202660202980042,1990,1811,1975,5776,active_W3
36,11,block5.W1,0.1716260462999344,0.13668610155582428,0.11333413422107697,1984,1805,1987,5776,active_W3
36,12,block5.W2,0.1706649214029312,0.1365370899438858,0.11348108947277069,1998,1786,1992,5776,active_W3
36,13,block6.W1,0.17334996163845062,0.13816329836845398,0.11445794254541397,1977,1812,1987,5776,active_W3
36,14,block6.W2,0.17220228910446167,0.13725918531417847,0.1138809323310852,2022,1800,1954,5776,active_W3
36,15,block7.W1,0.17323075234889984,0.13821280002593994,0.11438335478305817,2026,1820,1930,5776,active_W3
36,16,block7.W2,0.17045922577381134,0.1361304670572281,0.1126742735505104,1969,1819,1988,5776,active_W3
36,17,W_out,0.21124112606048584,0.17921170592308044,0.15342183411121368,278,203,279,760,active_W3
37,0,W_in,0.16072750091552734,0.1281684786081314,0.1064128428697586,2393,2125,2322,6840,active_W3
37,1,block0.W1,0.17420154809951782,0.13882476091384888,0.11520881205797195,1986,1798,1992,5776,active_W3
37,2,block0.W2,0.17092713713645935,0.13605189323425293,0.11270879954099655,1996,1812,1968,5776,active_W3
37,3,block1.W1,0.17470136284828186,0.13934437930583954,0.11545093357563019,1985,1811,1980,5776,active_W3
37,4,block1.W2,0.1726825088262558,0.13768690824508667,0.11446542292833328,1992,1784,2000,5776,active_W3
37,5,block2.W1,0.1697371006011963,0.13567514717578888,0.11255253106355667,1968,1801,2007,5776,active_W3
37,6,block2.W2,0.1682063788175583,0.13408634066581726,0.11154189705848694,1966,1779,2031,5776,active_W3
37,7,block3.W1,0.1722329556941986,0.1378900557756424,0.11467738449573517,1999,1781,1996,5776,active_W3
37,8,block3.W2,0.17221634089946747,0.1376718282699585,0.11491070687770844,1999,1752,2025,5776,active_W3
37,9,block4.W1,0.17319190502166748,0.1385938823223114,0.11520500481128693,2044,1785,1947,5776,active_W3
37,10,block4.W2,0.17073878645896912,0.13518095016479492,0.11208612471818924,2000,1805,1971,5776,active_W3
37,11,block5.W1,0.1716850996017456,0.13673923909664154,0.11349233984947205,1991,1797,1988,5776,active_W3
37,12,block5.W2,0.1707410365343094,0.13657566905021667,0.11357004195451736,1995,1782,1999,5776,active_W3
37,13,block6.W1,0.17342323064804077,0.13822992146015167,0.11451312899589539,1979,1812,1985,5776,active_W3
37,14,block6.W2,0.172276109457016,0.13731904327869415,0.11383026838302612,2014,1807,1955,5776,active_W3
37,15,block7.W1,0.17330880463123322,0.13827283680438995,0.11447643488645554,2025,1817,1934,5776,active_W3
37,16,block7.W2,0.17056876420974731,0.13621941208839417,0.11273364722728729,1966,1820,1990,5776,active_W3
37,17,W_out,0.21167820692062378,0.17959854006767273,0.1538909673690796,277,202,281,760,active_W3
38,0,W_in,0.16073401272296906,0.1281718909740448,0.106460802257061,2390,2121,2329,6840,active_W3
38,1,block0.W1,0.17421609163284302,0.13883574306964874,0.11518897116184235,1983,1800,1993,5776,active_W3
38,2,block0.W2,0.17093969881534576,0.13605976104736328,0.11274375021457672,1999,1810,1967,5776,active_W3
38,3,block1.W1,0.17470887303352356,0.13935436308383942,0.11544464528560638,1984,1812,1980,5776,active_W3
38,4,block1.W2,0.17268989980220795,0.1376945674419403,0.11447179317474365,1992,1784,2000,5776,active_W3
38,5,block2.W1,0.16974645853042603,0.13567963242530823,0.11254210025072098,1970,1802,2004,5776,active_W3
38,6,block2.W2,0.16820970177650452,0.13409028947353363,0.11161492019891739,1971,1774,2031,5776,active_W3
38,7,block3.W1,0.17223979532718658,0.13789990544319153,0.11464249342679977,1996,1784,1996,5776,active_W3
38,8,block3.W2,0.17221789062023163,0.13767218589782715,0.11491100490093231,1998,1752,2026,5776,active_W3
38,9,block4.W1,0.1732061803340912,0.1386081576347351,0.11528901755809784,2047,1780,1949,5776,active_W3
38,10,block4.W2,0.17075516283512115,0.13519757986068726,0.1119445413351059,1994,1816,1966,5776,active_W3
38,11,block5.W1,0.1717098504304886,0.13676178455352783,0.11343971639871597,1988,1802,1986,5776,active_W3
38,12,block5.W2,0.17077669501304626,0.13660681247711182,0.11359594017267227,1996,1782,1998,5776,active_W3
38,13,block6.W1,0.1734481006860733,0.1382477730512619,0.11452792584896088,1978,1812,1986,5776,active_W3
38,14,block6.W2,0.17230811715126038,0.13734418153762817,0.1139371246099472,2017,1801,1958,5776,active_W3
38,15,block7.W1,0.17334550619125366,0.1383070945739746,0.11451924592256546,2024,1816,1936,5776,active_W3
38,16,block7.W2,0.17060622572898865,0.136256605386734,0.1127786785364151,1968,1819,1989,5776,active_W3
38,17,W_out,0.2119554579257965,0.17984019219875336,0.15395987033843994,276,203,281,760,active_W3
39,0,W_in,0.16073723137378693,0.12817399203777313,0.1064399853348732,2395,2123,2322,6840,active_W3
39,1,block0.W1,0.17421914637088776,0.1388358473777771,0.11513110995292664,1986,1804,1986,5776,active_W3
39,2,block0.W2,0.17094288766384125,0.13606053590774536,0.11264485120773315,1992,1817,1967,5776,active_W3
39,3,block1.W1,0.17471550405025482,0.13935860991477966,0.11557914316654205,1986,1803,1987,5776,active_W3
39,4,block1.W2,0.17269648611545563,0.1377004235982895,0.11451967060565948,1992,1781,2003,5776,active_W3
39,5,block2.W1,0.16975216567516327,0.13568329811096191,0.11263005435466766,1969,1796,2011,5776,active_W3
39,6,block2.W2,0.16821539402008057,0.13409490883350372,0.11157692968845367,1970,1777,2029,5776,active_W3
39,7,block3.W1,0.17223940789699554,0.137905552983284,0.11451787501573563,1992,1793,1991,5776,active_W3
39,8,block3.W2,0.172215536236763,0.13766974210739136,0.11492323875427246,1997,1751,2028,5776,active_W3
39,9,block4.W1,0.17321299016475677,0.13862007856369019,0.11535663157701492,2047,1776,1953,5776,active_W3
39,10,block4.W2,0.17076528072357178,0.13520611822605133,0.1119798794388771,1995,1814,1967,5776,active_W3
39,11,block5.W1,0.17172138392925262,0.136770561337471,0.11351833492517471,1990,1797,1989,5776,active_W3
39,12,block5.W2,0.1707947552204132,0.13662779331207275,0.11349955201148987,1991,1790,1995,5776,active_W3
39,13,block6.W1,0.17346660792827606,0.13825957477092743,0.11447989195585251,1976,1816,1984,5776,active_W3
39,14,block6.W2,0.17233511805534363,0.13736577332019806,0.11398369818925858,2018,1799,1959,5776,active_W3
39,15,block7.W1,0.17337584495544434,0.13833047449588776,0.11452414095401764,2022,1817,1937,5776,active_W3
39,16,block7.W2,0.1706419587135315,0.13628853857517242,0.11277659237384796,1967,1821,1988,5776,active_W3
39,17,W_out,0.21220120787620544,0.18005713820457458,0.15414559841156006,276,203,281,760,active_W3
40,0,W_in,0.16074182093143463,0.128177210688591,0.10645392537117004,2395,2122,2323,6840,active_W3
40,1,block0.W1,0.17422568798065186,0.13883964717388153,0.11514873057603836,1985,1803,1988,5776,active_W3
40,2,block0.W2,0.170945405960083,0.13606052100658417,0.11267327517271042,1993,1815,1968,5776,active_W3
40,3,block1.W1,0.1747211217880249,0.1393655240535736,0.11562851816415787,1987,1800,1989,5776,active_W3
40,4,block1.W2,0.1727031022310257,0.13770300149917603,0.11449313908815384,1990,1783,2003,5776,active_W3
40,5,block2.W1,0.1697586625814438,0.13568662106990814,0.112604521214962,1970,1798,2008,5776,active_W3
40,6,block2.W2,0.1682184338569641,0.13409604132175446,0.11152205616235733,1969,1781,2026,5776,active_W3
40,7,block3.W1,0.17224273085594177,0.13790906965732574,0.11469318717718124,2002,1781,1993,5776,active_W3
40,8,block3.W2,0.1722164750099182,0.13767124712467194,0.11496730148792267,1999,1748,2029,5776,active_W3
40,9,block4.W1,0.17322245240211487,0.13862717151641846,0.115333691239357,2048,1778,1950,5776,active_W3
40,10,block4.W2,0.17077922821044922,0.135216623544693,0.11196029931306839,1994,1816,1966,5776,active_W3
40,11,block5.W1,0.17173652350902557,0.1367824822664261,0.11359953880310059,1993,1792,1991,5776,active_W3
40,12,block5.W2,0.17081139981746674,0.13664399087429047,0.11359839886426926,1994,1784,1998,5776,active_W3
40,13,block6.W1,0.17348210513591766,0.13827113807201385,0.11450392752885818,1977,1815,1984,5776,active_W3
40,14,block6.W2,0.1723601222038269,0.13738307356834412,0.11396938562393188,2021,1801,1954,5776,active_W3
40,15,block7.W1,0.173407182097435,0.1383562535047531,0.11451654136180878,2021,1819,1936,5776,active_W3
40,16,block7.W2,0.17068015038967133,0.13632413744926453,0.1128060519695282,1967,1821,1988,5776,active_W3
40,17,W_out,0.2124677300453186,0.18029654026031494,0.15462741255760193,278,201,281,760,active_W3
41,0,W_in,0.1607433557510376,0.12817731499671936,0.10649914294481277,2396,2118,2326,6840,active_W3
41,1,block0.W1,0.1742285192012787,0.13884329795837402,0.1151372641324997,1982,1804,1990,5776,active_W3
41,2,block0.W2,0.17094852030277252,0.13606145977973938,0.11264561861753464,1993,1817,1966,5776,active_W3
41,3,block1.W1,0.17472410202026367,0.13936881721019745,0.11558761447668076,1987,1803,1986,5776,active_W3
41,4,block1.W2,0.17271049320697784,0.1377076953649521,0.11442533880472183,1992,1788,1996,5776,active_W3
41,5,block2.W1,0.1697603017091751,0.13568824529647827,0.11256339401006699,1968,1801,2007,5776,active_W3
41,6,block2.W2,0.16821958124637604,0.13409702479839325,0.11157868057489395,1967,1777,2032,5776,active_W3
41,7,block3.W1,0.1722455620765686,0.1379152536392212,0.11466962099075317,2000,1783,1993,5776,active_W3
41,8,block3.W2,0.17221839725971222,0.13767220079898834,0.11512498557567596,2007,1737,2032,5776,active_W3
41,9,block4.W1,0.1732269525527954,0.13863028585910797,0.11536511778831482,2049,1776,1951,5776,active_W3
41,10,block4.W2,0.17078672349452972,0.1352221667766571,0.11196489632129669,1993,1816,1967,5776,active_W3
41,11,block5.W1,0.17175042629241943,0.13679589331150055,0.11356788873672485,1993,1795,1988,5776,active_W3
41,12,block5.W2,0.17082883417606354,0.1366608589887619,0.11352700740098953,1991,1790,1995,5776,active_W3
41,13,block6.W1,0.17350360751152039,0.13828663527965546,0.11454566568136215,1977,1813,1986,5776,active_W3
41,14,block6.W2,0.17238232493400574,0.13740262389183044,0.11402859538793564,2021,1798,1957,5776,active_W3
41,15,block7.W1,0.17343845963478088,0.13838237524032593,0.1145671010017395,2024,1817,1935,5776,active_W3
41,16,block7.W2,0.17071163654327393,0.13635234534740448,0.11280087381601334,1967,1823,1986,5776,active_W3
41,17,W_out,0.2127390056848526,0.180537149310112,0.15483377873897552,278,201,281,760,active_W3
42,0,W_in,0.16074904799461365,0.1281834840774536,0.10645914822816849,2394,2122,2324,6840,active_W3
42,1,block0.W1,0.17422659695148468,0.13884587585926056,0.11509592831134796,1980,1807,1989,5776,active_W3
42,2,block0.W2,0.17095105350017548,0.13605950772762299,0.11262976378202438,1994,1818,1964,5776,active_W3
42,3,block1.W1,0.17472496628761292,0.13937129080295563,0.11553145945072174,1986,1807,1983,5776,active_W3
42,4,block1.W2,0.17271965742111206,0.13771161437034607,0.11445727199316025,1992,1786,1998,5776,active_W3
42,5,block2.W1,0.1697651892900467,0.1356935352087021,0.11258194595575333,1968,1800,2008,5776,active_W3
42,6,block2.W2,0.16822898387908936,0.13410675525665283,0.11155889183282852,1968,1779,2029,5776,active_W3
42,7,block3.W1,0.17225009202957153,0.137920543551445,0.11457345634698868,1999,1790,1987,5776,active_W3
42,8,block3.W2,0.17221838235855103,0.13766884803771973,0.11505089700222015,2005,1742,2029,5776,active_W3
42,9,block4.W1,0.17323684692382812,0.13863444328308105,0.11535415053367615,2047,1777,1952,5776,active_W3
42,10,block4.W2,0.17079807817935944,0.13523012399673462,0.11198561638593674,1995,1815,1966,5776,active_W3
42,11,block5.W1,0.1717679351568222,0.13680985569953918,0.11359374225139618,1994,1794,1988,5776,active_W3
42,12,block5.W2,0.17084796726703644,0.1366787701845169,0.11351339519023895,1988,1792,1996,5776,active_W3
42,13,block6.W1,0.17352722585201263,0.13830532133579254,0.11451777815818787,1975,1816,1985,5776,active_W3
42,14,block6.W2,0.17241021990776062,0.13742579519748688,0.11407650262117386,2021,1796,1959,5776,active_W3
42,15,block7.W1,0.17346954345703125,0.13840723037719727,0.11461662501096725,2023,1815,1938,5776,active_W3
42,16,block7.W2,0.1707436740398407,0.136383056640625,0.11286907643079758,1966,1820,1990,5776,active_W3
42,17,W_out,0.21301546692848206,0.18078918755054474,0.15504993498325348,278,201,281,760,active_W3
43,0,W_in,0.1607544720172882,0.12818661332130432,0.10639403760433197,2392,2128,2320,6840,active_W3
43,1,block0.W1,0.17423193156719208,0.13885033130645752,0.11509962379932404,1977,1807,1992,5776,active_W3
43,2,block0.W2,0.17095577716827393,0.136060893535614,0.11267358809709549,1996,1815,1965,5776,active_W3
43,3,block1.W1,0.17472921311855316,0.13937439024448395,0.11546123027801514,1984,1812,1980,5776,active_W3
43,4,block1.W2,0.17272897064685822,0.13771922886371613,0.11446360498666763,1992,1786,1998,5776,active_W3
43,5,block2.W1,0.16976991295814514,0.13569940626621246,0.11257266998291016,1967,1801,2008,5776,active_W3
43,6,block2.W2,0.16823682188987732,0.13411232829093933,0.1115914136171341,1967,1777,2032,5776,active_W3
43,7,block3.W1,0.17225687205791473,0.13792702555656433,0.11462195217609406,1999,1787,1990,5776,active_W3
43,8,block3.W2,0.1722227931022644,0.1376706212759018,0.11502387374639511,2004,1744,2028,5776,active_W3
43,9,block4.W1,0.17324471473693848,0.13864311575889587,0.1154046505689621,2050,1774,1952,5776,active_W3
43,10,block4.W2,0.17080694437026978,0.13523954153060913,0.11203581839799881,1994,1812,1970,5776,active_W3
43,11,block5.W1,0.17178332805633545,0.13682547211647034,0.11354963481426239,1994,1798,1984,5776,active_W3
43,12,block5.W2,0.17086847126483917,0.1366969794034958,0.11350000649690628,1986,1794,1996,5776,active_W3
43,13,block6.W1,0.17354674637317657,0.13831984996795654,0.114471934735775,1973,1820,1983,5776,active_W3
43,14,block6.W2,0.17243528366088867,0.13744620978832245,0.11403609812259674,2018,1800,1958,5776,active_W3
43,15,block7.W1,0.17350412905216217,0.13843360543251038,0.11471079289913177,2026,1810,1940,5776,active_W3
43,16,block7.W2,0.17078158259391785,0.13641810417175293,0.11292660981416702,1967,1818,1991,5776,active_W3
43,17,W_out,0.2132919728755951,0.18104034662246704,0.15526531636714935,278,201,281,760,active_W3
44,0,W_in,0.16075970232486725,0.12819039821624756,0.10654383897781372,2398,2115,2327,6840,active_W3
44,1,block0.W1,0.1742354929447174,0.13885121047496796,0.11512933671474457,1977,1805,1994,5776,active_W3
44,2,block0.W2,0.17095786333084106,0.13606061041355133,0.11268757283687592,2000,1814,1962,5776,active_W3
44,3,block1.W1,0.17473550140857697,0.1393779218196869,0.11542044579982758,1984,1815,1977,5776,active_W3
44,4,block1.W2,0.17274034023284912,0.13772569596767426,0.11449766904115677,1992,1784,2000,5776,active_W3
44,5,block2.W1,0.16977447271347046,0.13570263981819153,0.11250452697277069,1968,1806,2002,5776,active_W3
44,6,block2.W2,0.16823799908161163,0.1341141164302826,0.111565001308918,1967,1779,2030,5776,active_W3
44,7,block3.W1,0.17225894331932068,0.13793009519577026,0.1146245151758194,2002,1787,1987,5776,active_W3
44,8,block3.W2,0.17223003506660461,0.1376761645078659,0.11508553475141525,2006,1740,2030,5776,active_W3
44,9,block4.W1,0.1732543259859085,0.1386503428220749,0.11538180708885193,2047,1776,1953,5776,active_W3
44,10,block4.W2,0.17082110047340393,0.13525061309337616,0.11203085631132126,1992,1813,1971,5776,active_W3
44,11,block5.W1,0.1718035340309143,0.1368432193994522,0.11350725591182709,1994,1802,1980,5776,active_W3
44,12,block5.W2,0.17088672518730164,0.1367148607969284,0.11350062489509583,1989,1795,1992,5776,active_W3
44,13,block6.W1,0.17356471717357635,0.13833172619342804,0.11452517658472061,1974,1817,1985,5776,active_W3
44,14,block6.W2,0.17246133089065552,0.1374664008617401,0.1140672042965889,2019,1799,1958,5776,active_W3
44,15,block7.W1,0.17353501915931702,0.13846103847026825,0.11461775749921799,2019,1818,1939,5776,active_W3
44,16,block7.W2,0.17081618309020996,0.13645105063915253,0.11289679259061813,1966,1822,1988,5776,active_W3
44,17,W_out,0.21356922388076782,0.18128655850887299,0.15561547875404358,279,200,281,760,active_W3
45,0,W_in,0.1607714146375656,0.12820248305797577,0.10654261708259583,2404,2116,2320,6840,active_W3
45,1,block0.W1,0.17424997687339783,0.13886629045009613,0.11515634506940842,1978,1804,1994,5776,active_W3
45,2,block0.W2,0.17096810042858124,0.13606885075569153,0.11272285133600235,2002,1812,1962,5776,active_W3
45,3,block1.W1,0.17473939061164856,0.13938172161579132,0.11555466800928116,1984,1806,1986,5776,active_W3
45,4,block1.W2,0.17274056375026703,0.13772572576999664,0.11461236327886581,1997,1776,2003,5776,active_W3
45,5,block2.W1,0.16978415846824646,0.13571056723594666,0.11244021356105804,1965,1811,2000,5776,active_W3
45,6,block2.W2,0.1682448834180832,0.1341206580400467,0.11154253035783768,1964,1781,2031,5776,active_W3
45,7,block3.W1,0.17226551473140717,0.13793756067752838,0.11464507132768631,2000,1786,1990,5776,active_W3
45,8,block3.W2,0.17223751544952393,0.13767585158348083,0.1151137724518776,2008,1738,2030,5776,active_W3
45,9,block4.W1,0.17326441407203674,0.13865618407726288,0.11530011147260666,2045,1782,1949,5776,active_W3
45,10,block4.W2,0.17083197832107544,0.13526055216789246,0.11205323785543442,1997,1812,1967,5776,active_W3
45,11,block5.W1,0.1718224734067917,0.13686496019363403,0.11355384439229965,1994,1800,1982,5776,active_W3
45,12,block5.W2,0.1709078550338745,0.1367313414812088,0.1135428175330162,1990,1793,1993,5776,active_W3
45,13,block6.W1,0.17358338832855225,0.13834220170974731,0.11453384906053543,1974,1817,1985,5776,active_W3
45,14,block6.W2,0.17247597873210907,0.13748104870319366,0.11402195692062378,2017,1803,1956,5776,active_W3
45,15,block7.W1,0.1735740303993225,0.1384890377521515,0.11464092135429382,2019,1818,1939,5776,active_W3
45,16,block7.W2,0.17085717618465424,0.13649050891399384,0.11300081759691238,1968,1817,1991,5776,active_W3
45,17,W_out,0.21383658051490784,0.1815330535173416,0.1559661477804184,279,199,282,760,active_W3
46,0,W_in,0.1607719361782074,0.12820178270339966,0.10648563504219055,2400,2121,2319,6840,active_W3
46,1,block0.W1,0.17425134778022766,0.13886858522891998,0.11515824496746063,1981,1804,1991,5776,active_W3
46,2,block0.W2,0.17097117006778717,0.13607296347618103,0.11272625625133514,2001,1812,1963,5776,active_W3
46,3,block1.W1,0.17474088072776794,0.13938504457473755,0.11549919843673706,1984,1810,1982,5776,active_W3
46,4,block1.W2,0.1727450042963028,0.13773195445537567,0.11464618146419525,1999,1774,2003,5776,active_W3
46,5,block2.W1,0.16978605091571808,0.1357131451368332,0.11239980161190033,1963,1814,1999,5776,active_W3
46,6,block2.W2,0.1682458221912384,0.13412204384803772,0.11161346733570099,1967,1776,2033,5776,active_W3
46,7,block3.W1,0.17226582765579224,0.13793827593326569,0.11466003209352493,2001,1785,1990,5776,active_W3
46,8,block3.W2,0.17224092781543732,0.13767863810062408,0.11505907773971558,2006,1742,2028,5776,active_W3
46,9,block4.W1,0.1732696145772934,0.13866055011749268,0.11537587642669678,2046,1777,1953,5776,active_W3
46,10,block4.W2,0.17083998024463654,0.13526712357997894,0.11203040182590485,1995,1814,1967,5776,active_W3
46,11,block5.W1,0.17182932794094086,0.136870339512825,0.1135154590010643,1994,1803,1979,5776,active_W3
46,12,block5.W2,0.1709180474281311,0.13673920929431915,0.11354935169219971,1989,1793,1994,5776,active_W3
46,13,block6.W1,0.1735958307981491,0.1383495032787323,0.11455434560775757,1975,1816,1985,5776,active_W3
46,14,block6.W2,0.17249304056167603,0.13749386370182037,0.11398954689502716,2015,1806,1955,5776,active_W3
46,15,block7.W1,0.17359016835689545,0.1385004222393036,0.11467932164669037,2019,1816,1941,5776,active_W3
46,16,block7.W2,0.17087359726428986,0.136506125330925,0.11301375180482864,1968,1817,1991,5776,active_W3
46,17,W_out,0.21397055685520172,0.18165168166160583,0.1560680866241455,279,199,282,760,active_W3
47,0,W_in,0.1607724130153656,0.128202885389328,0.10641881078481674,2395,2127,2318,6840,active_W3
47,1,block0.W1,0.17425188422203064,0.13886676728725433,0.11515673249959946,1981,1804,1991,5776,active_W3
47,2,block0.W2,0.17096911370754242,0.1360706090927124,0.11269587278366089,1999,1814,1963,5776,active_W3
47,3,block1.W1,0.1747419685125351,0.13938595354557037,0.11551450192928314,1985,1809,1982,5776,active_W3
47,4,block1.W2,0.17275045812129974,0.13773556053638458,0.1145632266998291,1994,1780,2002,5776,active_W3
47,5,block2.W1,0.16978766024112701,0.1357162743806839,0.1124165803194046,1962,1813,2001,5776,active_W3
47,6,block2.W2,0.16824674606323242,0.13412342965602875,0.11162856966257095,1967,1775,2034,5776,active_W3
47,7,block3.W1,0.17226755619049072,0.13793808221817017,0.11460240185260773,1997,1789,1990,5776,active_W3
47,8,block3.W2,0.1722433865070343,0.1376800686120987,0.11510303616523743,2006,1739,2031,5776,active_W3
47,9,block4.W1,0.17327368259429932,0.1386626958847046,0.11530550569295883,2043,1782,1951,5776,active_W3
47,10,block4.W2,0.17084245383739471,0.13526885211467743,0.11204597353935242,1995,1813,1968,5776,active_W3
47,11,block5.W1,0.17183732986450195,0.13687744736671448,0.11357849836349487,1996,1799,1981,5776,active_W3
47,12,block5.W2,0.17092813551425934,0.13674882054328918,0.11355731636285782,1990,1793,1993,5776,active_W3
47,13,block6.W1,0.17360647022724152,0.13835635781288147,0.1144876778125763,1973,1821,1982,5776,active_W3
47,14,block6.W2,0.1725049912929535,0.1375035047531128,0.11395445466041565,2012,1809,1955,5776,active_W3
47,15,block7.W1,0.17360751330852509,0.1385137289762497,0.11473376303911209,2021,1813,1942,5776,active_W3
47,16,block7.W2,0.17089131474494934,0.13652221858501434,0.11302707344293594,1969,1817,1990,5776,active_W3
47,17,W_out,0.21410810947418213,0.18177339434623718,0.15617263317108154,279,199,282,760,active_W3
48,0,W_in,0.16077342629432678,0.12820379436016083,0.10643088072538376,2396,2126,2318,6840,active_W3
48,1,block0.W1,0.17425309121608734,0.1388665735721588,0.11502602696418762,1974,1813,1989,5776,active_W3
48,2,block0.W2,0.17096909880638123,0.13607092201709747,0.11271034181118011,1997,1813,1966,5776,active_W3
48,3,block1.W1,0.17474420368671417,0.13938814401626587,0.1155163124203682,1985,1809,1982,5776,active_W3
48,4,block1.W2,0.17275507748126984,0.13773898780345917,0.11460907757282257,1995,1777,2004,5776,active_W3
48,5,block2.W1,0.1697901338338852,0.13572032749652863,0.11246249079704285,1963,1810,2003,5776,active_W3
48,6,block2.W2,0.16824959218502045,0.13412624597549438,0.11158903688192368,1966,1778,2032,5776,active_W3
48,7,block3.W1,0.17226797342300415,0.13793906569480896,0.11463195830583572,1998,1787,1991,5776,active_W3
48,8,block3.W2,0.17224641144275665,0.13768114149570465,0.11510396003723145,2006,1739,2031,5776,active_W3
48,9,block4.W1,0.17327657341957092,0.1386653184890747,0.11529324948787689,2043,1783,1950,5776,active_W3
48,10,block4.W2,0.17084771394729614,0.13527314364910126,0.11207779496908188,1996,1811,1969,5776,active_W3
48,11,block5.W1,0.1718442589044571,0.13688352704048157,0.11349783092737198,1994,1805,1977,5776,active_W3
48,12,block5.W2,0.1709338128566742,0.13675463199615479,0.11359065026044846,1992,1791,1993,5776,active_W3
48,13,block6.W1,0.17361781001091003,0.13836367428302765,0.11449374258518219,1971,1821,1984,5776,active_W3
48,14,block6.W2,0.17251931130886078,0.13751517236232758,0.1139497458934784,2012,1810,1954,5776,active_W3
48,15,block7.W1,0.17362378537654877,0.13852599263191223,0.11471497267484665,2019,1815,1942,5776,active_W3
48,16,block7.W2,0.17090904712677002,0.13653799891471863,0.11301159113645554,1967,1819,1990,5776,active_W3
48,17,W_out,0.21424371004104614,0.18189749121665955,0.15627926588058472,279,199,282,760,active_W3
49,0,W_in,0.16077443957328796,0.1282050460577011,0.1065334603190422,2400,2117,2323,6840,active_W3
49,1,block0.W1,0.17425434291362762,0.1388668715953827,0.11517132073640823,1983,1803,1990,5776,active_W3
49,2,block0.W2,0.17097081243991852,0.1360720992088318,0.11271131783723831,2002,1813,1961,5776,active_W3
49,3,block1.W1,0.17474524676799774,0.13938802480697632,0.11551621556282043,1986,1809,1981,5776,active_W3
49,4,block1.W2,0.1727588027715683,0.1377418041229248,0.11458274722099304,1995,1779,2002,5776,active_W3
49,5,block2.W1,0.1697908490896225,0.13572098314762115,0.11243467032909393,1963,1812,2001,5776,active_W3
49,6,block2.W2,0.16824865341186523,0.13412614166736603,0.11160291731357574,1968,1777,2031,5776,active_W3
49,7,block3.W1,0.1722680926322937,0.13793928921222687,0.11460340023040771,1999,1789,1988,5776,active_W3
49,8,block3.W2,0.17224621772766113,0.13768130540847778,0.11513260006904602,2008,1737,2031,5776,active_W3
49,9,block4.W1,0.17328214645385742,0.1386721432209015,0.11532780528068542,2045,1781,1950,5776,active_W3
49,10,block4.W2,0.17085592448711395,0.13527989387512207,0.11212578415870667,1997,1808,1971,5776,active_W3
49,11,block5.W1,0.17185001075267792,0.1368895322084427,0.11348851770162582,1992,1806,1978,5776,active_W3
49,12,block5.W2,0.17094111442565918,0.13676151633262634,0.11359637975692749,1992,1791,1993,5776,active_W3
49,13,block6.W1,0.173629492521286,0.13837191462516785,0.11455845087766647,1972,1817,1987,5776,active_W3
49,14,block6.W2,0.17253416776657104,0.13752715289592743,0.11401713639497757,2015,1806,1955,5776,active_W3
49,15,block7.W1,0.17364035546779633,0.1385393887758255,0.11469709128141403,2016,1817,1943,5776,active_W3
49,16,block7.W2,0.17092829942703247,0.1365562081336975,0.11299809068441391,1967,1821,1988,5776,active_W3
49,17,W_out,0.21438941359519958,0.18202811479568481,0.1563914716243744,279,199,282,760,active_W3
50,0,W_in,0.16077622771263123,0.12820664048194885,0.10657988488674164,2405,2113,2322,6840,active_W3
50,1,block0.W1,0.17425239086151123,0.13886530697345734,0.11514104157686234,1981,1805,1990,5776,active_W3
50,2,block0.W2,0.1709703952074051,0.136070117354393,0.1127665564417839,2003,1809,1964,5776,active_W3
50,3,block1.W1,0.17474722862243652,0.1393887996673584,0.1154877319931984,1983,1811,1982,5776,active_W3
50,4,block1.W2,0.17276433110237122,0.13774755597114563,0.11453019827604294,1997,1783,1996,5776,active_W3
50,5,block2.W1,0.16979433596134186,0.13572335243225098,0.11247917264699936,1963,1809,2004,5776,active_W3
50,6,block2.W2,0.16824987530708313,0.13412660360336304,0.11165910214185715,1969,1773,2034,5776,active_W3
50,7,block3.W1,0.17226794362068176,0.13793951272964478,0.11467542499303818,2002,1784,1990,5776,active_W3
50,8,block3.W2,0.17224861681461334,0.1376822143793106,0.11517611145973206,2009,1734,2033,5776,active_W3
50,9,block4.W1,0.1732863336801529,0.13867636024951935,0.11536018550395966,2047,1779,1950,5776,active_W3
50,10,block4.W2,0.17086191475391388,0.13528507947921753,0.11211594939231873,1997,1809,1970,5776,active_W3
50,11,block5.W1,0.171859472990036,0.13689737021923065,0.11353789269924164,1991,1803,1982,5776,active_W3
50,12,block5.W2,0.1709505170583725,0.13677072525024414,0.1135755181312561,1991,1793,1992,5776,active_W3
50,13,block6.W1,0.17363837361335754,0.13837771117687225,0.11450536549091339,1970,1821,1985,5776,active_W3
50,14,block6.W2,0.1725463718175888,0.13753733038902283,0.11399684846401215,2013,1808,1955,5776,active_W3
50,15,block7.W1,0.1736573427915573,0.13855253159999847,0.1147514283657074,2015,1814,1947,5776,active_W3
50,16,block7.W2,0.17094799876213074,0.13657408952713013,0.1130128875374794,1967,1821,1988,5776,active_W3
50,17,W_out,0.214534193277359,0.1821562498807907,0.15650156140327454,279,199,282,760,active_W3
51,0,W_in,0.1607799232006073,0.12821155786514282,0.1065952405333519,2401,2112,2327,6840,active_W3
51,1,block0.W1,0.17425371706485748,0.1388656049966812,0.11515577137470245,1982,1804,1990,5776,active_W3
51,2,block0.W2,0.17096933722496033,0.13606670498847961,0.11273530125617981,1998,1811,1967,5776,active_W3
51,3,block1.W1,0.17474466562271118,0.1393883377313614,0.11561834812164307,1987,1802,1987,5776,active_W3
51,4,block1.W2,0.17276254296302795,0.13774612545967102,0.11458634585142136,1996,1779,2001,5776,active_W3
51,5,block2.W1,0.16979604959487915,0.1357247233390808,0.1126502975821495,1968,1797,2011,5776,active_W3
51,6,block2.W2,0.16825073957443237,0.13412749767303467,0.1116458997130394,1968,1774,2034,5776,active_W3
51,7,block3.W1,0.17226967215538025,0.137941375374794,0.1146051362156868,1998,1789,1989,5776,active_W3
51,8,block3.W2,0.1722526103258133,0.13768398761749268,0.11510633677244186,2007,1739,2030,5776,active_W3
51,9,block4.W1,0.17329154908657074,0.13868023455142975,0.11533454060554504,2044,1781,1951,5776,active_W3
51,10,block4.W2,0.1708710789680481,0.1352916955947876,0.11212143301963806,1998,1809,1969,5776,active_W3
51,11,block5.W1,0.1718648225069046,0.13690155744552612,0.11354135721921921,1990,1803,1983,5776,active_W3
51,12,block5.W2,0.1709561049938202,0.13677549362182617,0.11353669315576553,1988,1796,1992,5776,active_W3
51,13,block6.W1,0.17364856600761414,0.1383846551179886,0.11446766555309296,1970,1824,1982,5776,active_W3
51,14,block6.W2,0.1725613921880722,0.13755059242248535,0.11402220278978348,2014,1807,1955,5776,active_W3
51,15,block7.W1,0.1736777424812317,0.1385672241449356,0.11474911868572235,2016,1815,1945,5776,active_W3
51,16,block7.W2,0.1709711253643036,0.13659444451332092,0.11308687180280685,1968,1817,1991,5776,active_W3
51,17,W_out,0.21469257771968842,0.18229931592941284,0.15662449598312378,279,199,282,760,active_W3
52,0,W_in,0.16078050434589386,0.1282113492488861,0.10654998570680618,2398,2116,2326,6840,active_W3
52,1,block0.W1,0.1742534190416336,0.13886544108390808,0.11511214077472687,1981,1807,1988,5776,active_W3
52,2,block0.W2,0.17096970975399017,0.13606655597686768,0.11272095888853073,2000,1812,1964,5776,active_W3
52,3,block1.W1,0.1747467815876007,0.13938982784748077,0.11559049040079117,1986,1804,1986,5776,active_W3
52,4,block1.W2,0.17276635766029358,0.13775087893009186,0.11466194689273834,1998,1774,2004,5776,active_W3
52,5,block2.W1,0.1697973757982254,0.13572640717029572,0.11260920763015747,1967,1800,2009,5776,active_W3
52,6,block2.W2,0.16825206577777863,0.1341276466846466,0.1116320863366127,1967,1775,2034,5776,active_W3
52,7,block3.W1,0.1722688525915146,0.13794082403182983,0.11466214805841446,2000,1785,1991,5776,active_W3
52,8,block3.W2,0.17225176095962524,0.13768428564071655,0.11510657519102097,2007,1739,2030,5776,active_W3
52,9,block4.W1,0.1732940822839737,0.138682559132576,0.11536533385515213,2044,1779,1953,5776,active_W3
52,10,block4.W2,0.17087315022945404,0.13529318571090698,0.11212266981601715,1998,1809,1969,5776,active_W3
52,11,block5.W1,0.1718704253435135,0.1369064450263977,0.11354541778564453,1990,1803,1983,5776,active_W3
52,12,block5.W2,0.17096200585365295,0.13678014278411865,0.11356908082962036,1989,1794,1993,5776,active_W3
52,13,block6.W1,0.17365562915802002,0.13838902115821838,0.11450023949146271,1970,1822,1984,5776,active_W3
52,14,block6.W2,0.17256911098957062,0.13755671679973602,0.11405600607395172,2015,1805,1956,5776,active_W3
52,15,block7.W1,0.17368845641613007,0.13857601583003998,0.11472741514444351,2016,1817,1943,5776,active_W3
52,16,block7.W2,0.17098243534564972,0.13660483062267303,0.11309546232223511,1969,1817,1990,5776,active_W3
52,17,W_out,0.21477292478084564,0.18237125873565674,0.15668629109859467,279,199,282,760,active_W3
53,0,W_in,0.16078056395053864,0.12821143865585327,0.10660642385482788,2403,2111,2326,6840,active_W3
53,1,block0.W1,0.17425279319286346,0.1388654261827469,0.11515562236309052,1980,1804,1992,5776,active_W3
53,2,block0.W2,0.1709694266319275,0.13606540858745575,0.11274843662977219,2002,1810,1964,5776,active_W3
53,3,block1.W1,0.1747484654188156,0.13939155638217926,0.11557737737894058,1985,1805,1986,5776,active_W3
53,4,block1.W2,0.1727687269449234,0.13775303959846497,0.11472104489803314,2001,1770,2005,5776,active_W3
53,5,block2.W1,0.16979849338531494,0.13572850823402405,0.11256846785545349,1966,1803,2007,5776,active_W3
53,6,block2.W2,0.16825467348098755,0.13412941992282867,0.1116335541009903,1968,1775,2033,5776,active_W3
53,7,block3.W1,0.17226934432983398,0.13794153928756714,0.11457652598619461,1996,1791,1989,5776,active_W3
53,8,block3.W2,0.17225304245948792,0.13768437504768372,0.11512091755867004,2009,1738,2029,5776,active_W3
53,9,block4.W1,0.17329707741737366,0.13868553936481476,0.11543995141983032,2046,1774,1956,5776,active_W3
53,10,block4.W2,0.1708768904209137,0.13529592752456665,0.11211080849170685,1998,1810,1968,5776,active_W3
53,11,block5.W1,0.17187389731407166,0.136909618973732,0.11350515484809875,1988,1806,1982,5776,active_W3
53,12,block5.W2,0.17096556723117828,0.13678348064422607,0.11357184499502182,1989,1794,1993,5776,active_W3
53,13,block6.W1,0.17366211116313934,0.13839392364025116,0.11451876908540726,1971,1821,1984,5776,active_W3
53,14,block6.W2,0.17257805168628693,0.13756392896175385,0.11407633870840073,2016,1804,1956,5776,active_W3
53,15,block7.W1,0.17369899153709412,0.13858439028263092,0.11474883556365967,2014,1816,1946,5776,active_W3
53,16,block7.W2,0.17099393904209137,0.13661564886569977,0.1131044253706932,1968,1817,1991,5776,active_W3
53,17,W_out,0.21485599875450134,0.18244735896587372,0.15675169229507446,279,199,282,760,active_W3
54,0,W_in,0.160781592130661,0.12821225821971893,0.10658454895019531,2401,2113,2326,6840,active_W3
54,1,block0.W1,0.17425251007080078,0.1388639211654663,0.11518337577581406,1981,1802,1993,5776,active_W3
54,2,block0.W2,0.17096871137619019,0.13606493175029755,0.11271960288286209,2000,1812,1964,5776,active_W3
54,3,block1.W1,0.17474985122680664,0.13939198851585388,0.1154903918504715,1984,1811,1981,5776,active_W3
54,4,block1.W2,0.17276856303215027,0.13775308430194855,0.11467810720205307,1997,1773,2006,5776,active_W3
54,5,block2.W1,0.16979795694351196,0.13572941720485687,0.11258339136838913,1965,1802,2009,5776,active_W3
54,6,block2.W2,0.1682545691728592,0.134129136800766,0.11164724826812744,1968,1774,2034,5776,active_W3
54,7,block3.W1,0.17227065563201904,0.1379421502351761,0.11449073255062103,1993,1797,1986,5776,active_W3
54,8,block3.W2,0.17225445806980133,0.13768479228019714,0.11514977365732193,2012,1736,2028,5776,active_W3
54,9,block4.W1,0.17330075800418854,0.13868944346904755,0.11539991199970245,2048,1777,1951,5776,active_W3
54,10,block4.W2,0.17088204622268677,0.13530071079730988,0.11212890595197678,1998,1809,1969,5776,active_W3
54,11,block5.W1,0.17187878489494324,0.1369134932756424,0.11347977817058563,1988,1808,1980,5776,active_W3
54,12,block5.W2,0.17097069323062897,0.13678716123104095,0.11357490718364716,1989,1794,1993,5776,active_W3
54,13,block6.W1,0.17366686463356018,0.13839712738990784,0.11459378898143768,1972,1816,1988,5776,active_W3
54,14,block6.W2,0.1725841611623764,0.13756853342056274,0.11402270197868347,2012,1808,1956,5776,active_W3
54,15,block7.W1,0.1737089902162552,0.1385917067527771,0.114783875644207,2015,1814,1947,5776,active_W3
54,16,block7.W2,0.1710047721862793,0.13662652671337128,0.11308485269546509,1968,1819,1989,5776,active_W3
54,17,W_out,0.2149365395307541,0.1825210303068161,0.15681497752666473,279,199,282,760,active_W3
55,0,W_in,0.16078299283981323,0.12821383774280548,0.10655203461647034,2401,2116,2323,6840,active_W3
55,1,block0.W1,0.17425282299518585,0.1388641744852066,0.11518358439207077,1980,1802,1994,5776,active_W3
55,2,block0.W2,0.17096857726573944,0.13606424629688263,0.11274746060371399,2001,1810,1965,5776,active_W3
55,3,block1.W1,0.17475225031375885,0.13939432799816132,0.11556512862443924,1986,1806,1984,5776,active_W3
55,4,block1.W2,0.1727697104215622,0.13775421679019928,0.11460740864276886,1997,1778,2001,5776,active_W3
55,5,block2.W1,0.16980040073394775,0.13573229312896729,0.1126282662153244,1961,1799,2016,5776,active_W3
55,6,block2.W2,0.16825728118419647,0.13413190841674805,0.11160771548748016,1969,1777,2030,5776,active_W3
55,7,block3.W1,0.17227217555046082,0.1379428207874298,0.11453445255756378,1996,1794,1986,5776,active_W3
55,8,block3.W2,0.1722564548254013,0.13768640160560608,0.11513686180114746,2010,1737,2029,5776,active_W3
55,9,block4.W1,0.17330411076545715,0.13869237899780273,0.11544565111398697,2048,1774,1954,5776,active_W3
55,10,block4.W2,0.17088590562343597,0.13530275225639343,0.11213059723377228,1999,1809,1968,5776,active_W3
55,11,block5.W1,0.1718820482492447,0.13691644370555878,0.11352511495351791,1988,1805,1983,5776,active_W3
55,12,block5.W2,0.17097347974777222,0.13679097592830658,0.11359234154224396,1990,1793,1993,5776,active_W3
55,13,block6.W1,0.1736733466386795,0.13840125501155853,0.1145537942647934,1971,1819,1986,5776,active_W3
55,14,block6.W2,0.17259110510349274,0.13757376372814178,0.11405577510595322,2013,1806,1957,5776,active_W3
55,15,block7.W1,0.17371846735477448,0.1385982185602188,0.11474581062793732,2012,1817,1947,5776,active_W3
55,16,block7.W2,0.1710149496793747,0.1366364061832428,0.11310733109712601,1968,1818,1990,5776,active_W3
55,17,W_out,0.21502041816711426,0.18259766697883606,0.15688082575798035,279,199,282,760,active_W3
56,0,W_in,0.16078293323516846,0.1282135248184204,0.1066645011305809,2401,2106,2333,6840,active_W3
56,1,block0.W1,0.17425361275672913,0.1388651728630066,0.11514091491699219,1978,1805,1993,5776,active_W3
56,2,block0.W2,0.17096976935863495,0.13606543838977814,0.11273424327373505,1998,1811,1967,5776,active_W3
56,3,block1.W1,0.1747533679008484,0.13939432799816132,0.11553601175546646,1985,1808,1983,5776,active_W3
56,4,block1.W2,0.17277222871780396,0.13775695860385895,0.1146240308880806,1996,1777,2003,5776,active_W3
56,5,block2.W1,0.16980025172233582,0.1357319951057434,0.112543024122715,1959,1805,2012,5776,active_W3
56,6,block2.W2,0.16825667023658752,0.134131520986557,0.11163529753684998,1970,1775,2031,5776,active_W3
56,7,block3.W1,0.17227303981781006,0.1379438042640686,0.11450649052858353,1994,1796,1986,5776,active_W3
56,8,block3.W2,0.17225781083106995,0.13768784701824188,0.11509530246257782,2010,1740,2026,5776,active_W3
56,9,block4.W1,0.17330655455589294,0.1386948525905609,0.11551979929208755,2051,1769,1956,5776,active_W3
56,10,block4.W2,0.17088904976844788,0.1353064924478531,0.11210542917251587,1998,1811,1967,5776,active_W3
56,11,block5.W1,0.17188555002212524,0.1369195282459259,0.11354196816682816,1989,1804,1983,5776,active_W3
56,12,block5.W2,0.17097660899162292,0.13679412007331848,0.11359492689371109,1990,1793,1993,5776,active_W3
56,13,block6.W1,0.1736786812543869,0.13840481638908386,0.11458568274974823,1971,1817,1988,5776,active_W3
56,14,block6.W2,0.1725979447364807,0.13757923245429993,0.11406031996011734,2014,1806,1956,5776,active_W3
56,15,block7.W1,0.17372728884220123,0.13860487937927246,0.11476580798625946,2012,1816,1948,5776,active_W3
56,16,block7.W2,0.1710251420736313,0.1366465538740158,0.11313001811504364,1968,1817,1991,5776,active_W3
56,17,W_out,0.21510283648967743,0.18267236649990082,0.15694500505924225,279,199,282,760,active_W3
57,0,W_in,0.16078336536884308,0.12821374833583832,0.10660834610462189,2402,2111,2327,6840,active_W3
57,1,block0.W1,0.17425324022769928,0.13886481523513794,0.11519860476255417,1984,1801,1991,5776,active_W3
57,2,block0.W2,0.17096920311450958,0.13606470823287964,0.11276206374168396,2002,1809,1965,5776,active_W3
57,3,block1.W1,0.17475470900535583,0.13939544558525085,0.11550780385732651,1981,1810,1985,5776,active_W3
57,4,block1.W2,0.172775000333786,0.13775905966758728,0.1146114394068718,1995,1778,2003,5776,active_W3
57,5,block2.W1,0.16980154812335968,0.13573341071605682,0.11267166584730148,1964,1796,2016,5776,active_W3
57,6,block2.W2,0.16825847327709198,0.13413293659687042,0.11159461736679077,1967,1778,2031,5776,active_W3
57,7,block3.W1,0.17227499186992645,0.13794541358947754,0.11456536501646042,1996,1792,1988,5776,active_W3
57,8,block3.W2,0.1722591370344162,0.13768820464611053,0.11506708711385727,2010,1742,2024,5776,active_W3
57,9,block4.W1,0.17330887913703918,0.13869649171829224,0.115463487803936,2047,1773,1956,5776,active_W3
57,10,block4.W2,0.17089134454727173,0.13530853390693665,0.11210712045431137,1997,1811,1968,5776,active_W3
57,11,block5.W1,0.1718894988298416,0.1369239240884781,0.11353131383657455,1990,1805,1981,5776,active_W3
57,12,block5.W2,0.17098088562488556,0.13679850101470947,0.11358430981636047,1989,1794,1993,5776,active_W3
57,13,block6.W1,0.17368574440479279,0.1384097784757614,0.11458978801965714,1972,1817,1987,5776,active_W3
57,14,block6.W2,0.1726062297821045,0.13758571445941925,0.11405130475759506,2012,1807,1957,5776,active_W3
57,15,block7.W1,0.17373700439929962,0.1386122703552246,0.11472844332456589,2012,1819,1945,5776,active_W3
57,16,block7.W2,0.17103546857833862,0.1366557776927948,0.11318051815032959,1971,1814,1991,5776,active_W3
57,17,W_out,0.2151910364627838,0.1827523112297058,0.1570136845111847,279,199,282,760,active_W3
58,0,W_in,0.16078346967697144,0.12821410596370697,0.1066424548625946,2403,2108,2329,6840,active_W3
58,1,block0.W1,0.1742539256811142,0.13886533677577972,0.1151990219950676,1984,1801,1991,5776,active_W3
58,2,block0.W2,0.1709696352481842,0.1360650360584259,0.11276233196258545,2001,1809,1966,5776,active_W3
58,3,block1.W1,0.1747552752494812,0.1393958181142807,0.11549355834722519,1980,1811,1985,5776,active_W3
58,4,block1.W2,0.17277581989765167,0.1377594769001007,0.11464045196771622,1997,1776,2003,5776,active_W3
58,5,block2.W1,0.1698015034198761,0.1357337385416031,0.11261530965566635,1961,1800,2015,5776,active_W3
58,6,block2.W2,0.16825850307941437,0.13413262367248535,0.111636221408844,1969,1775,2032,5776,active_W3
58,7,block3.W1,0.17227520048618317,0.13794547319412231,0.1145654246211052,1996,1792,1988,5776,active_W3
58,8,block3.W2,0.17225860059261322,0.1376880258321762,0.11506693065166473,2010,1742,2024,5776,active_W3
58,9,block4.W1,0.17330987751483917,0.13869671523571014,0.11546367406845093,2047,1773,1956,5776,active_W3
58,10,block4.W2,0.17089273035526276,0.13530953228473663,0.11210795491933823,1997,1811,1968,5776,active_W3
58,11,block5.W1,0.17189174890518188,0.13692571222782135,0.11353281140327454,1990,1805,1981,5776,active_W3
58,12,block5.W2,0.17098276317119598,0.13680028915405273,0.11362858861684799,1992,1791,1993,5776,active_W3
58,13,block6.W1,0.17368914186954498,0.13841187953948975,0.11459153890609741,1972,1817,1987,5776,active_W3
58,14,block6.W2,0.17261013388633728,0.13758909702301025,0.11403976380825043,2012,1808,1956,5776,active_W3
58,15,block7.W1,0.17374180257320404,0.13861604034900665,0.11474607139825821,2013,1818,1945,5776,active_W3
58,16,block7.W2,0.17104096710681915,0.13666096329689026,0.11315622925758362,1971,1816,1989,5776,active_W3
58,17,W_out,0.2152339071035385,0.1827908158302307,0.15704676508903503,279,199,282,760,active_W3
59,0,W_in,0.1607832908630371,0.12821389734745026,0.1065746396780014,2403,2114,2323,6840,active_W3
59,1,block0.W1,0.1742541342973709,0.13886532187461853,0.11518453061580658,1985,1802,1989,5776,active_W3
59,2,block0.W2,0.17096996307373047,0.13606487214565277,0.11279062181711197,2001,1807,1968,5776,active_W3
59,3,block1.W1,0.17475570738315582,0.13939616084098816,0.11545014381408691,1978,1814,1984,5776,active_W3
59,4,block1.W2,0.17277687788009644,0.13776032626628876,0.11464115977287292,1997,1776,2003,5776,active_W3
59,5,block2.W1,0.16980154812335968,0.1357337236404419,0.1126011312007904,1961,1801,2014,5776,active_W3
59,6,block2.W2,0.16825832426548004,0.13413214683532715,0.11163581907749176,1970,1775,2031,5776,active_W3
59,7,block3.W1,0.1722756326198578,0.1379459798336029,0.11462333798408508,1999,1788,1989,5776,active_W3
59,8,block3.W2,0.1722593754529953,0.13768860697746277,0.11503889411687851,2008,1744,2024,5776,active_W3
59,9,block4.W1,0.17331160604953766,0.13869845867156982,0.11546513438224792,2047,1773,1956,5776,active_W3
59,10,block4.W2,0.17089489102363586,0.1353113204240799,0.11209528893232346,1996,1812,1968,5776,active_W3
59,11,block5.W1,0.1718936413526535,0.1369272768497467,0.1135483905673027,1991,1804,1981,5776,active_W3
59,12,block5.W2,0.1709849089384079,0.13680215179920197,0.11363012343645096,1992,1791,1993,5776,active_W3
59,13,block6.W1,0.1736917644739151,0.1384132206439972,0.11459264159202576,1972,1817,1987,5776,active_W3
59,14,block6.W2,0.17261344194412231,0.13759157061576843,0.11404181271791458,2012,1808,1956,5776,active_W3
59,15,block7.W1,0.17374683916568756,0.13862012326717377,0.11477843672037125,2014,1816,1946,5776,active_W3
59,16,block7.W2,0.17104704678058624,0.13666658103466034,0.113175168633461,1972,1815,1989,5776,active_W3
59,17,W_out,0.21527718007564545,0.1828293651342392,0.15707990527153015,279,199,282,760,active_W3
