stage,layer,pair,perturbed_coordinates,loss_plus,loss_minus,abs_y
initial,0,0,16,2.6713967323303223,2.6822586059570312,0.010861873626708984
initial,0,1,16,2.650988817214966,2.6484591960906982,0.002529621124267578
initial,0,2,16,2.531449794769287,2.532569169998169,0.001119375228881836
initial,0,3,16,2.5983493328094482,2.612165927886963,0.013816595077514648
initial,0,4,16,2.6724178791046143,2.685412645339966,0.012994766235351562
initial,0,5,16,2.5843753814697266,2.582709312438965,0.0016660690307617188
initial,0,6,16,2.5372493267059326,2.5417468547821045,0.004497528076171875
initial,0,7,16,2.508216381072998,2.513972282409668,0.005755901336669922
initial,0,8,16,2.5106470584869385,2.5114693641662598,0.0008223056793212891
initial,0,9,16,2.6271355152130127,2.6171631813049316,0.009972333908081055
initial,0,10,16,2.5164709091186523,2.5127573013305664,0.0037136077880859375
initial,0,11,16,2.546394109725952,2.543800115585327,0.002593994140625
initial,0,12,16,2.588590621948242,2.5840444564819336,0.004546165466308594
initial,0,13,16,2.609999895095825,2.6113436222076416,0.0013437271118164062
initial,0,14,16,2.714695930480957,2.708003044128418,0.0066928863525390625
initial,0,15,16,2.6109886169433594,2.6055262088775635,0.0054624080657958984
initial,0,16,16,2.472933769226074,2.4653966426849365,0.007537126541137695
initial,0,17,16,2.613753318786621,2.618968963623047,0.005215644836425781
initial,0,18,16,2.550511360168457,2.556880474090576,0.006369113922119141
initial,0,19,16,2.5688652992248535,2.5689003467559814,3.504753112792969e-05
initial,0,20,16,2.6447064876556396,2.636361837387085,0.008344650268554688
initial,0,21,16,2.605565309524536,2.5944480895996094,0.011117219924926758
initial,0,22,16,2.578213691711426,2.5583038330078125,0.01990985870361328
initial,0,23,16,2.524535894393921,2.5241568088531494,0.0003790855407714844
initial,0,24,16,2.640949010848999,2.6442770957946777,0.003328084945678711
initial,0,25,16,2.6168978214263916,2.614962100982666,0.001935720443725586
initial,0,26,16,2.6323442459106445,2.6456432342529297,0.013298988342285156
initial,0,27,16,2.5796492099761963,2.564724922180176,0.014924287796020508
initial,0,28,16,2.638672113418579,2.632805824279785,0.005866289138793945
initial,0,29,16,2.686356782913208,2.6769957542419434,0.009361028671264648
initial,0,30,16,2.5760481357574463,2.5671768188476562,0.008871316909790039
initial,0,31,16,2.6027209758758545,2.60455584526062,0.001834869384765625
initial,0,32,16,2.6130831241607666,2.6293442249298096,0.01626110076904297
initial,0,33,16,2.6177871227264404,2.616401433944702,0.0013856887817382812
initial,0,34,16,2.5688562393188477,2.5804126262664795,0.011556386947631836
initial,0,35,16,2.5535316467285156,2.543008327484131,0.010523319244384766
initial,0,36,16,2.5451369285583496,2.540472984313965,0.004663944244384766
initial,0,37,16,2.505532741546631,2.5118870735168457,0.006354331970214844
initial,0,38,16,2.6303207874298096,2.618907928466797,0.011412858963012695
initial,0,39,16,2.6491804122924805,2.6698238849639893,0.02064347267150879
initial,0,40,16,2.5382213592529297,2.5368661880493164,0.0013551712036132812
initial,0,41,16,2.662954330444336,2.662092924118042,0.0008614063262939453
initial,0,42,16,2.530069589614868,2.5245354175567627,0.005534172058105469
initial,0,43,16,2.586831569671631,2.587566614151001,0.0007350444793701172
initial,0,44,16,2.639904260635376,2.672783374786377,0.03287911415100098
initial,0,45,16,2.594618797302246,2.5773797035217285,0.017239093780517578
initial,0,46,16,2.502375841140747,2.5087850093841553,0.006409168243408203
initial,0,47,16,2.5740389823913574,2.578716278076172,0.004677295684814453
initial,0,48,16,2.508781671524048,2.5145812034606934,0.005799531936645508
initial,0,49,16,2.623300552368164,2.6185920238494873,0.004708528518676758
initial,0,50,16,2.607853889465332,2.595808982849121,0.012044906616210938
initial,0,51,16,2.4996209144592285,2.493678092956543,0.005942821502685547
initial,0,52,16,2.6915392875671387,2.688119888305664,0.0034193992614746094
initial,0,53,16,2.5774052143096924,2.5743515491485596,0.0030536651611328125
initial,0,54,16,2.5395424365997314,2.548827886581421,0.009285449981689453
initial,0,55,16,2.5139129161834717,2.511359453201294,0.0025534629821777344
initial,0,56,16,2.5944414138793945,2.5868687629699707,0.007572650909423828
initial,0,57,16,2.6136975288391113,2.6120426654815674,0.0016548633575439453
initial,0,58,16,2.5522360801696777,2.556157350540161,0.0039212703704833984
initial,0,59,16,2.503464460372925,2.497591972351074,0.005872488021850586
initial,0,60,16,2.5679244995117188,2.5612199306488037,0.006704568862915039
initial,0,61,16,2.55778431892395,2.556657314300537,0.001127004623413086
initial,0,62,16,2.5854711532592773,2.597580909729004,0.012109756469726562
initial,0,63,16,2.6162588596343994,2.6227164268493652,0.00645756721496582
final,0,0,16,0.36900246143341064,0.37149643898010254,0.0024939775466918945
final,0,1,16,0.5164930820465088,0.5184604525566101,0.0019673705101013184
final,0,2,16,0.31097114086151123,0.3124654293060303,0.001494288444519043
final,0,3,16,0.5189899802207947,0.5157948136329651,0.00319516658782959
final,0,4,16,0.34016138315200806,0.34185829758644104,0.0016969144344329834
final,0,5,16,0.44624629616737366,0.44307082891464233,0.0031754672527313232
final,0,6,16,0.3266197741031647,0.3324614465236664,0.005841672420501709
final,0,7,16,0.3553900718688965,0.35210981965065,0.00328025221824646
final,0,8,16,0.3108157813549042,0.3075791597366333,0.003236621618270874
final,0,9,16,0.23875392973423004,0.23639656603336334,0.0023573637008666992
final,0,10,16,0.43080273270606995,0.43362492322921753,0.002822190523147583
final,0,11,16,0.5082979202270508,0.49999818205833435,0.00829973816871643
final,0,12,16,0.35031670331954956,0.3488544225692749,0.0014622807502746582
final,0,13,16,0.6926394701004028,0.7029148936271667,0.010275423526763916
final,0,14,16,0.44572171568870544,0.44250592589378357,0.003215789794921875
final,0,15,16,0.39188069105148315,0.3969598710536957,0.005079180002212524
final,0,16,16,0.460557222366333,0.4638100266456604,0.0032528042793273926
final,0,17,16,0.41573527455329895,0.4183041453361511,0.002568870782852173
final,0,18,16,0.3737277388572693,0.37567463517189026,0.0019468963146209717
final,0,19,16,0.4925568997859955,0.48220294713974,0.010353952646255493
final,0,20,16,0.4127315580844879,0.4156539738178253,0.0029224157333374023
final,0,21,16,0.531337559223175,0.5190517902374268,0.012285768985748291
final,0,22,16,0.33912527561187744,0.3345228135585785,0.00460246205329895
final,0,23,16,0.36511340737342834,0.35945987701416016,0.0056535303592681885
final,0,24,16,0.4423612356185913,0.44550004601478577,0.003138810396194458
final,0,25,16,0.24865783751010895,0.24749279022216797,0.001165047287940979
final,0,26,16,0.4713499844074249,0.4599076509475708,0.011442333459854126
final,0,27,16,0.42779409885406494,0.4282333552837372,0.0004392564296722412
final,0,28,16,0.3524634838104248,0.34430649876594543,0.00815698504447937
final,0,29,16,0.44874686002731323,0.4462396800518036,0.0025071799755096436
final,0,30,16,0.3388824462890625,0.34007251262664795,0.0011900663375854492
final,0,31,16,0.4208011031150818,0.4261263608932495,0.005325257778167725
final,0,32,16,0.3052345812320709,0.3129892945289612,0.007754713296890259
final,0,33,16,0.40892088413238525,0.40955784916877747,0.0006369650363922119
final,0,34,16,0.44553738832473755,0.44589194655418396,0.00035455822944641113
final,0,35,16,0.7296810746192932,0.724033534526825,0.005647540092468262
final,0,36,16,0.4831864535808563,0.4932074248790741,0.010020971298217773
final,0,37,16,0.5460511445999146,0.5408374667167664,0.005213677883148193
final,0,38,16,0.36893945932388306,0.3634328544139862,0.005506604909896851
final,0,39,16,0.3020140528678894,0.3033691942691803,0.0013551414012908936
final,0,40,16,0.422463059425354,0.43318721652030945,0.010724157094955444
final,0,41,16,0.39588046073913574,0.3984335660934448,0.002553105354309082
final,0,42,16,0.34271085262298584,0.35136157274246216,0.008650720119476318
final,0,43,16,0.6124695539474487,0.6099916100502014,0.0024779438972473145
final,0,44,16,0.32227960228919983,0.32567596435546875,0.003396362066268921
final,0,45,16,0.2918514013290405,0.2996775507926941,0.007826149463653564
final,0,46,16,0.2986486554145813,0.30311301350593567,0.00446435809135437
final,0,47,16,0.36767175793647766,0.37042656540870667,0.002754807472229004
final,0,48,16,0.48264291882514954,0.46631813049316406,0.016324788331985474
final,0,49,16,0.42681312561035156,0.4207863211631775,0.006026804447174072
final,0,50,16,0.3716531991958618,0.38380488753318787,0.01215168833732605
final,0,51,16,0.4600526690483093,0.4530750513076782,0.0069776177406311035
final,0,52,16,0.40269601345062256,0.4035208523273468,0.0008248388767242432
final,0,53,16,0.43376052379608154,0.4322790205478668,0.0014815032482147217
final,0,54,16,0.2659243047237396,0.26321521401405334,0.0027090907096862793
final,0,55,16,0.41104912757873535,0.4141026735305786,0.0030535459518432617
final,0,56,16,0.33502984046936035,0.32671433687210083,0.008315503597259521
final,0,57,16,0.3801502585411072,0.3823610842227936,0.0022108256816864014
final,0,58,16,0.5842519402503967,0.5900249481201172,0.005773007869720459
final,0,59,16,0.6238334774971008,0.6174276471138,0.006405830383300781
final,0,60,16,0.48407790064811707,0.48753201961517334,0.0034541189670562744
final,0,61,16,0.25321462750434875,0.24854768812656403,0.004666939377784729
final,0,62,16,0.364786297082901,0.35719579458236694,0.007590502500534058
final,0,63,16,0.4372996389865875,0.4384654462337494,0.0011658072471618652
initial,1,0,16,2.687791585922241,2.695805311203003,0.008013725280761719
initial,1,1,16,2.5694375038146973,2.5920217037200928,0.022584199905395508
initial,1,2,16,2.5864884853363037,2.5945470333099365,0.008058547973632812
initial,1,3,16,2.718127965927124,2.721548080444336,0.003420114517211914
initial,1,4,16,2.53932523727417,2.5494251251220703,0.01009988784790039
initial,1,5,16,2.6111273765563965,2.6061673164367676,0.004960060119628906
initial,1,6,16,2.4880828857421875,2.4907302856445312,0.00264739990234375
initial,1,7,16,2.5210280418395996,2.5263538360595703,0.005325794219970703
initial,1,8,16,2.633552074432373,2.639336585998535,0.005784511566162109
initial,1,9,16,2.5648181438446045,2.565861701965332,0.001043558120727539
initial,1,10,16,2.5103917121887207,2.506432294845581,0.0039594173431396484
initial,1,11,16,2.6560308933258057,2.6638875007629395,0.007856607437133789
initial,1,12,16,2.6555802822113037,2.6467232704162598,0.008857011795043945
initial,1,13,16,2.5799179077148438,2.5999419689178467,0.02002406120300293
initial,1,14,16,2.5646140575408936,2.562638521194458,0.001975536346435547
initial,1,15,16,2.6992950439453125,2.696335792541504,0.0029592514038085938
initial,1,16,16,2.520364999771118,2.5155105590820312,0.004854440689086914
initial,1,17,16,2.692899465560913,2.6874659061431885,0.005433559417724609
initial,1,18,16,2.6613595485687256,2.6532669067382812,0.008092641830444336
initial,1,19,16,2.6223764419555664,2.6107077598571777,0.011668682098388672
initial,1,20,16,2.6663453578948975,2.67645525932312,0.010109901428222656
initial,1,21,16,2.5245320796966553,2.531620740890503,0.007088661193847656
initial,1,22,16,2.4555442333221436,2.4409162998199463,0.014627933502197266
initial,1,23,16,2.494468927383423,2.4828603267669678,0.011608600616455078
initial,1,24,16,2.5620789527893066,2.569406509399414,0.007327556610107422
initial,1,25,16,2.72927188873291,2.72622013092041,0.0030517578125
initial,1,26,16,2.596115827560425,2.59543514251709,0.0006806850433349609
initial,1,27,16,2.5710597038269043,2.572288990020752,0.0012292861938476562
initial,1,28,16,2.5993740558624268,2.59836483001709,0.001009225845336914
initial,1,29,16,2.5900347232818604,2.5949838161468506,0.004949092864990234
initial,1,30,16,2.6108083724975586,2.607185125350952,0.0036232471466064453
initial,1,31,16,2.635558843612671,2.621366500854492,0.014192342758178711
initial,1,32,16,2.6250128746032715,2.613898754119873,0.011114120483398438
initial,1,33,16,2.6814966201782227,2.6977715492248535,0.01627492904663086
initial,1,34,16,2.6479814052581787,2.6271026134490967,0.02087879180908203
initial,1,35,16,2.5275049209594727,2.527684450149536,0.00017952919006347656
initial,1,36,16,2.481994390487671,2.484013080596924,0.0020186901092529297
initial,1,37,16,2.5185811519622803,2.527233839035034,0.008652687072753906
initial,1,38,16,2.5398247241973877,2.545172691345215,0.0053479671478271484
initial,1,39,16,2.6714797019958496,2.6672048568725586,0.004274845123291016
initial,1,40,16,2.5501530170440674,2.5470125675201416,0.0031404495239257812
initial,1,41,16,2.6124515533447266,2.6224427223205566,0.009991168975830078
initial,1,42,16,2.5774946212768555,2.5688321590423584,0.00866246223449707
initial,1,43,16,2.5904622077941895,2.5963857173919678,0.00592350959777832
initial,1,44,16,2.524696111679077,2.5278592109680176,0.0031630992889404297
initial,1,45,16,2.442859649658203,2.442772388458252,8.726119995117188e-05
initial,1,46,16,2.543480396270752,2.541585922241211,0.0018944740295410156
initial,1,47,16,2.5944929122924805,2.5931549072265625,0.0013380050659179688
initial,1,48,16,2.5885443687438965,2.588240385055542,0.0003039836883544922
initial,1,49,16,2.6142451763153076,2.617774724960327,0.0035295486450195312
initial,1,50,16,2.5841727256774902,2.5870063304901123,0.0028336048126220703
initial,1,51,16,2.469190835952759,2.4715168476104736,0.0023260116577148438
initial,1,52,16,2.5696654319763184,2.5700788497924805,0.0004134178161621094
initial,1,53,16,2.5206170082092285,2.5224170684814453,0.0018000602722167969
initial,1,54,16,2.5604400634765625,2.5688469409942627,0.008406877517700195
initial,1,55,16,2.6914186477661133,2.682598352432251,0.008820295333862305
initial,1,56,16,2.696404457092285,2.7017905712127686,0.0053861141204833984
initial,1,57,16,2.646162748336792,2.6677074432373047,0.021544694900512695
initial,1,58,16,2.656109571456909,2.660165786743164,0.004056215286254883
initial,1,59,16,2.573523998260498,2.577329635620117,0.0038056373596191406
initial,1,60,16,2.672559976577759,2.6762514114379883,0.003691434860229492
initial,1,61,16,2.4938559532165527,2.5090441703796387,0.015188217163085938
initial,1,62,16,2.5690672397613525,2.5563039779663086,0.012763261795043945
initial,1,63,16,2.478252410888672,2.4756686687469482,0.002583742141723633
final,1,0,16,0.4672752022743225,0.4667455554008484,0.0005296468734741211
final,1,1,16,0.458558052778244,0.46432924270629883,0.00577118992805481
final,1,2,16,0.3434176743030548,0.35555121302604675,0.012133538722991943
final,1,3,16,0.40387627482414246,0.40020787715911865,0.0036683976650238037
final,1,4,16,0.3258897066116333,0.3256785273551941,0.00021117925643920898
final,1,5,16,0.4072172939777374,0.4090957045555115,0.0018784105777740479
final,1,6,16,0.5709080696105957,0.5688650608062744,0.002043008804321289
final,1,7,16,0.27636978030204773,0.2733460068702698,0.003023773431777954
final,1,8,16,0.4206240475177765,0.41829022765159607,0.00233381986618042
final,1,9,16,0.4210752844810486,0.43165138363838196,0.010576099157333374
final,1,10,16,0.6062405705451965,0.6049188375473022,0.0013217329978942871
final,1,11,16,0.38771161437034607,0.3915107846260071,0.0037991702556610107
final,1,12,16,0.5374689698219299,0.5423032641410828,0.004834294319152832
final,1,13,16,0.4682299792766571,0.4636942744255066,0.004535704851150513
final,1,14,16,0.4483191967010498,0.4470091462135315,0.0013100504875183105
final,1,15,16,0.34804531931877136,0.3498975336551666,0.0018522143363952637
final,1,16,16,0.5812141299247742,0.58538419008255,0.004170060157775879
final,1,17,16,0.3333328664302826,0.3373139202594757,0.003981053829193115
final,1,18,16,0.4274125397205353,0.4309152662754059,0.0035027265548706055
final,1,19,16,0.5742065906524658,0.5717241764068604,0.0024824142456054688
final,1,20,16,0.3491276800632477,0.3462255299091339,0.0029021501541137695
final,1,21,16,0.3402530252933502,0.33361032605171204,0.006642699241638184
final,1,22,16,0.29241251945495605,0.291881263256073,0.0005312561988830566
final,1,23,16,0.3917466700077057,0.38123640418052673,0.010510265827178955
final,1,24,16,0.44632741808891296,0.4508898854255676,0.004562467336654663
final,1,25,16,0.457734614610672,0.4638826251029968,0.006148010492324829
final,1,26,16,0.4555474519729614,0.44667816162109375,0.008869290351867676
final,1,27,16,0.4454863667488098,0.44194936752319336,0.003536999225616455
final,1,28,16,0.35880663990974426,0.3748532831668854,0.016046643257141113
final,1,29,16,0.42022624611854553,0.41485467553138733,0.005371570587158203
final,1,30,16,0.4014856815338135,0.3985782563686371,0.0029074251651763916
final,1,31,16,0.4391484260559082,0.44339144229888916,0.004243016242980957
final,1,32,16,0.45896849036216736,0.4536276161670685,0.005340874195098877
final,1,33,16,0.37743809819221497,0.3699105381965637,0.007527559995651245
final,1,34,16,0.4324111342430115,0.4307810664176941,0.0016300678253173828
final,1,35,16,0.22721771895885468,0.22989614307880402,0.002678424119949341
final,1,36,16,0.3827785551548004,0.38650795817375183,0.003729403018951416
final,1,37,16,0.5064573884010315,0.49795058369636536,0.008506804704666138
final,1,38,16,0.42551082372665405,0.41403064131736755,0.011480182409286499
final,1,39,16,0.35375574231147766,0.34484705328941345,0.008908689022064209
final,1,40,16,0.3179354667663574,0.3283824622631073,0.010446995496749878
final,1,41,16,0.3816046416759491,0.3843545615673065,0.002749919891357422
final,1,42,16,0.4660133421421051,0.46421775221824646,0.0017955899238586426
final,1,43,16,0.3991168737411499,0.4054878354072571,0.006370961666107178
final,1,44,16,0.4246911108493805,0.4308870732784271,0.006195962429046631
final,1,45,16,0.37213045358657837,0.37002110481262207,0.002109348773956299
final,1,46,16,0.41912952065467834,0.41980308294296265,0.0006735622882843018
final,1,47,16,0.3704325258731842,0.3518826365470886,0.01854988932609558
final,1,48,16,0.5129258632659912,0.5184634327888489,0.005537569522857666
final,1,49,16,0.31259480118751526,0.3160884380340576,0.0034936368465423584
final,1,50,16,0.3277159035205841,0.340084046125412,0.01236814260482788
final,1,51,16,0.428912878036499,0.43303707242012024,0.004124194383621216
final,1,52,16,0.4336583614349365,0.4358099400997162,0.002151578664779663
final,1,53,16,0.39211714267730713,0.3937707841396332,0.0016536414623260498
final,1,54,16,0.35944071412086487,0.35546448826789856,0.003976225852966309
final,1,55,16,0.4676745533943176,0.4718797504901886,0.004205197095870972
final,1,56,16,0.43190324306488037,0.43367475271224976,0.0017715096473693848
final,1,57,16,0.3595415949821472,0.36819204688072205,0.008650451898574829
final,1,58,16,0.4035314619541168,0.4031493365764618,0.0003821253776550293
final,1,59,16,0.39115431904792786,0.39541858434677124,0.004264265298843384
final,1,60,16,0.37895795702934265,0.37774962186813354,0.0012083351612091064
final,1,61,16,0.552493691444397,0.5521142482757568,0.0003794431686401367
final,1,62,16,0.5226970911026001,0.5412451028823853,0.018548011779785156
final,1,63,16,0.4061335325241089,0.40733638405799866,0.0012028515338897705
initial,2,0,16,2.473823308944702,2.4766175746917725,0.0027942657470703125
initial,2,1,16,2.564842462539673,2.565511703491211,0.0006692409515380859
initial,2,2,16,2.622563123703003,2.612272024154663,0.010291099548339844
initial,2,3,16,2.55810809135437,2.5726559162139893,0.01454782485961914
initial,2,4,16,2.4785714149475098,2.4791719913482666,0.0006005764007568359
initial,2,5,16,2.5911407470703125,2.579307794570923,0.011832952499389648
initial,2,6,16,2.5704185962677,2.5747296810150146,0.004311084747314453
initial,2,7,16,2.4653565883636475,2.4716835021972656,0.006326913833618164
initial,2,8,16,2.568664073944092,2.57360577583313,0.004941701889038086
initial,2,9,16,2.5342628955841064,2.521303653717041,0.01295924186706543
initial,2,10,16,2.626013994216919,2.6199488639831543,0.0060651302337646484
initial,2,11,16,2.6365811824798584,2.632786512374878,0.0037946701049804688
initial,2,12,16,2.5783283710479736,2.589456081390381,0.011127710342407227
initial,2,13,16,2.5615994930267334,2.565945863723755,0.004346370697021484
initial,2,14,16,2.517857551574707,2.5091099739074707,0.008747577667236328
initial,2,15,16,2.719398021697998,2.7011771202087402,0.018220901489257812
initial,2,16,16,2.6527814865112305,2.64570951461792,0.007071971893310547
initial,2,17,16,2.6311612129211426,2.6228487491607666,0.008312463760375977
initial,2,18,16,2.6513309478759766,2.62971568107605,0.021615266799926758
initial,2,19,16,2.5705206394195557,2.5635769367218018,0.006943702697753906
initial,2,20,16,2.5458590984344482,2.544259786605835,0.0015993118286132812
initial,2,21,16,2.624967336654663,2.6204538345336914,0.00451350212097168
initial,2,22,16,2.5604052543640137,2.572918176651001,0.012512922286987305
initial,2,23,16,2.6541097164154053,2.667807102203369,0.013697385787963867
initial,2,24,16,2.6655375957489014,2.6599156856536865,0.005621910095214844
initial,2,25,16,2.714385986328125,2.7197165489196777,0.005330562591552734
initial,2,26,16,2.71610951423645,2.7218539714813232,0.005744457244873047
initial,2,27,16,2.6845178604125977,2.666419506072998,0.01809835433959961
initial,2,28,16,2.6000850200653076,2.592252731323242,0.00783228874206543
initial,2,29,16,2.456883668899536,2.450584650039673,0.006299018859863281
initial,2,30,16,2.6198534965515137,2.6179401874542236,0.001913309097290039
initial,2,31,16,2.5912437438964844,2.592811107635498,0.0015673637390136719
initial,2,32,16,2.566521644592285,2.563450813293457,0.003070831298828125
initial,2,33,16,2.642669677734375,2.634333372116089,0.008336305618286133
initial,2,34,16,2.671628952026367,2.6673309803009033,0.004297971725463867
initial,2,35,16,2.666532516479492,2.6723885536193848,0.005856037139892578
initial,2,36,16,2.6160271167755127,2.6216495037078857,0.005622386932373047
initial,2,37,16,2.670985221862793,2.662719249725342,0.008265972137451172
initial,2,38,16,2.592482328414917,2.5940966606140137,0.0016143321990966797
initial,2,39,16,2.46591854095459,2.4628775119781494,0.0030410289764404297
initial,2,40,16,2.689307689666748,2.69600510597229,0.006697416305541992
initial,2,41,16,2.658921957015991,2.635864019393921,0.023057937622070312
initial,2,42,16,2.65218448638916,2.6241281032562256,0.02805638313293457
initial,2,43,16,2.5825252532958984,2.5765647888183594,0.0059604644775390625
initial,2,44,16,2.6283977031707764,2.623169183731079,0.005228519439697266
initial,2,45,16,2.661972761154175,2.645366907119751,0.016605854034423828
initial,2,46,16,2.6336777210235596,2.6353914737701416,0.0017137527465820312
initial,2,47,16,2.525521755218506,2.538675546646118,0.013153791427612305
initial,2,48,16,2.4467549324035645,2.450674057006836,0.003919124603271484
initial,2,49,16,2.668626546859741,2.666100263595581,0.0025262832641601562
initial,2,50,16,2.5381178855895996,2.5474283695220947,0.009310483932495117
initial,2,51,16,2.641209125518799,2.636669158935547,0.004539966583251953
initial,2,52,16,2.583578586578369,2.5836377143859863,5.91278076171875e-05
initial,2,53,16,2.6344070434570312,2.6415231227874756,0.007116079330444336
initial,2,54,16,2.707911491394043,2.700164794921875,0.007746696472167969
initial,2,55,16,2.701948404312134,2.7025375366210938,0.0005891323089599609
initial,2,56,16,2.5308005809783936,2.546647310256958,0.015846729278564453
initial,2,57,16,2.456502914428711,2.4526166915893555,0.0038862228393554688
initial,2,58,16,2.582939386367798,2.580284357070923,0.002655029296875
initial,2,59,16,2.539321184158325,2.54616641998291,0.006845235824584961
initial,2,60,16,2.5253090858459473,2.5211048126220703,0.004204273223876953
initial,2,61,16,2.654745101928711,2.654170036315918,0.0005750656127929688
initial,2,62,16,2.6060616970062256,2.6110429763793945,0.004981279373168945
initial,2,63,16,2.5823562145233154,2.5747570991516113,0.0075991153717041016
final,2,0,16,0.5686624050140381,0.5665343999862671,0.002128005027770996
final,2,1,16,0.5815114378929138,0.5648859739303589,0.01662546396255493
final,2,2,16,0.5473322868347168,0.5511744618415833,0.003842175006866455
final,2,3,16,0.4872685372829437,0.48971226811408997,0.0024437308311462402
final,2,4,16,0.618509829044342,0.6175025701522827,0.0010072588920593262
final,2,5,16,0.41533300280570984,0.41733723878860474,0.0020042359828948975
final,2,6,16,0.46330687403678894,0.46329203248023987,1.4841556549072266e-05
final,2,7,16,0.3717851936817169,0.3757755160331726,0.0039903223514556885
final,2,8,16,0.4289713203907013,0.4286438524723053,0.0003274679183959961
final,2,9,16,0.3056950569152832,0.31276869773864746,0.007073640823364258
final,2,10,16,0.391012579202652,0.395927369594574,0.004914790391921997
final,2,11,16,0.47863835096359253,0.4906419515609741,0.012003600597381592
final,2,12,16,0.5386999249458313,0.541748046875,0.003048121929168701
final,2,13,16,0.4684184491634369,0.47627079486846924,0.007852345705032349
final,2,14,16,0.32192814350128174,0.32595211267471313,0.0040239691734313965
final,2,15,16,0.43079665303230286,0.4292948246002197,0.0015018284320831299
final,2,16,16,0.4487414062023163,0.44647860527038574,0.002262800931930542
final,2,17,16,0.4070523679256439,0.40785929560661316,0.0008069276809692383
final,2,18,16,0.4076802730560303,0.40583693981170654,0.0018433332443237305
final,2,19,16,0.49161574244499207,0.48947688937187195,0.002138853073120117
final,2,20,16,0.4481841027736664,0.4522724747657776,0.004088371992111206
final,2,21,16,0.45241379737854004,0.45008155703544617,0.002332240343093872
final,2,22,16,0.6101751923561096,0.6082726120948792,0.0019025802612304688
final,2,23,16,0.4511241018772125,0.4501020908355713,0.0010220110416412354
final,2,24,16,0.5125027298927307,0.5159873366355896,0.0034846067428588867
final,2,25,16,0.33692827820777893,0.34099650382995605,0.004068225622177124
final,2,26,16,0.45726555585861206,0.4556727707386017,0.001592785120010376
final,2,27,16,0.5088358521461487,0.5020144581794739,0.006821393966674805
final,2,28,16,0.46982941031455994,0.4800304174423218,0.01020100712776184
final,2,29,16,0.3251012861728668,0.3182598054409027,0.006841480731964111
final,2,30,16,0.41504213213920593,0.40965986251831055,0.005382269620895386
final,2,31,16,0.3983466923236847,0.4035147428512573,0.005168050527572632
final,2,32,16,0.4655846357345581,0.4664510488510132,0.0008664131164550781
final,2,33,16,0.40009456872940063,0.3996965289115906,0.0003980398178100586
final,2,34,16,0.3454904556274414,0.3452437222003937,0.0002467334270477295
final,2,35,16,0.3568466901779175,0.3626602292060852,0.005813539028167725
final,2,36,16,0.47688496112823486,0.47606563568115234,0.0008193254470825195
final,2,37,16,0.37649959325790405,0.37724876403808594,0.0007491707801818848
final,2,38,16,0.5328688621520996,0.5353186130523682,0.0024497509002685547
final,2,39,16,0.5356188416481018,0.5399208664894104,0.004302024841308594
final,2,40,16,0.4999190866947174,0.4930800795555115,0.006839007139205933
final,2,41,16,0.3727905750274658,0.37010836601257324,0.002682209014892578
final,2,42,16,0.3143536448478699,0.31537336111068726,0.0010197162628173828
final,2,43,16,0.41206762194633484,0.41155844926834106,0.0005091726779937744
final,2,44,16,0.46940934658050537,0.46792393922805786,0.0014854073524475098
final,2,45,16,0.471931129693985,0.4787006378173828,0.006769508123397827
final,2,46,16,0.4425937235355377,0.4364466369152069,0.0061470866203308105
final,2,47,16,0.34479665756225586,0.3462393581867218,0.0014427006244659424
final,2,48,16,0.35726115107536316,0.36431607604026794,0.007054924964904785
final,2,49,16,0.5301128029823303,0.533362627029419,0.003249824047088623
final,2,50,16,0.49104875326156616,0.49490028619766235,0.0038515329360961914
final,2,51,16,0.3832818567752838,0.37998420000076294,0.003297656774520874
final,2,52,16,0.3858991861343384,0.3856652081012726,0.0002339780330657959
final,2,53,16,0.37379881739616394,0.37457579374313354,0.0007769763469696045
final,2,54,16,0.4329988360404968,0.4311215281486511,0.0018773078918457031
final,2,55,16,0.43248116970062256,0.43738675117492676,0.004905581474304199
final,2,56,16,0.500248372554779,0.4910476803779602,0.009200692176818848
final,2,57,16,0.3796479105949402,0.38609668612480164,0.00644877552986145
final,2,58,16,0.5319640040397644,0.5359426736831665,0.0039786696434021
final,2,59,16,0.47460880875587463,0.4706244468688965,0.003984361886978149
final,2,60,16,0.552247941493988,0.5424046516418457,0.009843289852142334
final,2,61,16,0.2834545969963074,0.2858831286430359,0.0024285316467285156
final,2,62,16,0.4080298840999603,0.4027513861656189,0.005278497934341431
final,2,63,16,0.4698711037635803,0.4633224904537201,0.0065486133098602295
initial,3,0,16,2.454118013381958,2.4590249061584473,0.004906892776489258
initial,3,1,16,2.5881805419921875,2.597853660583496,0.009673118591308594
initial,3,2,16,2.5040645599365234,2.5057623386383057,0.0016977787017822266
initial,3,3,16,2.7130632400512695,2.711259126663208,0.0018041133880615234
initial,3,4,16,2.6744256019592285,2.670245409011841,0.004180192947387695
initial,3,5,16,2.6195590496063232,2.606873035430908,0.012686014175415039
initial,3,6,16,2.5144007205963135,2.519181489944458,0.004780769348144531
initial,3,7,16,2.5657846927642822,2.561250925064087,0.0045337677001953125
initial,3,8,16,2.5626118183135986,2.574577569961548,0.011965751647949219
initial,3,9,16,2.573064088821411,2.5691580772399902,0.0039060115814208984
initial,3,10,16,2.6025760173797607,2.6079344749450684,0.005358457565307617
initial,3,11,16,2.5453860759735107,2.5453035831451416,8.249282836914062e-05
initial,3,12,16,2.641242504119873,2.6478655338287354,0.006623029708862305
initial,3,13,16,2.5921807289123535,2.5931262969970703,0.0009455680847167969
initial,3,14,16,2.5708889961242676,2.5706207752227783,0.0002682209014892578
initial,3,15,16,2.5198936462402344,2.523876905441284,0.003983259201049805
initial,3,16,16,2.5260086059570312,2.535198211669922,0.009189605712890625
initial,3,17,16,2.5371696949005127,2.524873733520508,0.012295961380004883
initial,3,18,16,2.5528204441070557,2.549778938293457,0.003041505813598633
initial,3,19,16,2.451064348220825,2.4518020153045654,0.0007376670837402344
initial,3,20,16,2.518674850463867,2.5245563983917236,0.005881547927856445
initial,3,21,16,2.5763795375823975,2.573136806488037,0.0032427310943603516
initial,3,22,16,2.6288790702819824,2.623579263687134,0.005299806594848633
initial,3,23,16,2.484083414077759,2.4858791828155518,0.0017957687377929688
initial,3,24,16,2.485893964767456,2.4769911766052246,0.008902788162231445
initial,3,25,16,2.6313204765319824,2.630880832672119,0.00043964385986328125
initial,3,26,16,2.4462201595306396,2.4498815536499023,0.0036613941192626953
initial,3,27,16,2.6284449100494385,2.626821756362915,0.0016231536865234375
initial,3,28,16,2.494373321533203,2.4963440895080566,0.0019707679748535156
initial,3,29,16,2.6092000007629395,2.592971086502075,0.016228914260864258
initial,3,30,16,2.589339256286621,2.5909650325775146,0.0016257762908935547
initial,3,31,16,2.575953483581543,2.5828194618225098,0.006865978240966797
initial,3,32,16,2.617810010910034,2.613790988922119,0.004019021987915039
initial,3,33,16,2.5341999530792236,2.5513246059417725,0.017124652862548828
initial,3,34,16,2.6405234336853027,2.643552780151367,0.003029346466064453
initial,3,35,16,2.5671932697296143,2.5667495727539062,0.0004436969757080078
initial,3,36,16,2.520038366317749,2.508423328399658,0.01161503791809082
initial,3,37,16,2.5748119354248047,2.5802199840545654,0.005408048629760742
initial,3,38,16,2.5796971321105957,2.567354917526245,0.012342214584350586
initial,3,39,16,2.6292331218719482,2.6327619552612305,0.0035288333892822266
initial,3,40,16,2.552523374557495,2.5639078617095947,0.01138448715209961
initial,3,41,16,2.620731830596924,2.6098127365112305,0.01091909408569336
initial,3,42,16,2.6268649101257324,2.6178712844848633,0.00899362564086914
initial,3,43,16,2.5827927589416504,2.575659990310669,0.007132768630981445
initial,3,44,16,2.5591540336608887,2.5507614612579346,0.008392572402954102
initial,3,45,16,2.5583386421203613,2.5474231243133545,0.010915517807006836
initial,3,46,16,2.476198673248291,2.4800472259521484,0.003848552703857422
initial,3,47,16,2.7019293308258057,2.709815263748169,0.007885932922363281
initial,3,48,16,2.608851194381714,2.6132421493530273,0.0043909549713134766
initial,3,49,16,2.563300132751465,2.5917253494262695,0.028425216674804688
initial,3,50,16,2.6895174980163574,2.7002458572387695,0.01072835922241211
initial,3,51,16,2.6285464763641357,2.6169281005859375,0.011618375778198242
initial,3,52,16,2.6930952072143555,2.6845390796661377,0.008556127548217773
initial,3,53,16,2.6153125762939453,2.632171154022217,0.016858577728271484
initial,3,54,16,2.5886919498443604,2.585148811340332,0.0035431385040283203
initial,3,55,16,2.5621960163116455,2.5605194568634033,0.0016765594482421875
initial,3,56,16,2.682314157485962,2.678083658218384,0.004230499267578125
initial,3,57,16,2.5702226161956787,2.5758395195007324,0.005616903305053711
initial,3,58,16,2.626967668533325,2.6228930950164795,0.004074573516845703
initial,3,59,16,2.5691471099853516,2.562321424484253,0.006825685501098633
initial,3,60,16,2.6672439575195312,2.6705334186553955,0.003289461135864258
initial,3,61,16,2.5596158504486084,2.5473506450653076,0.012265205383300781
initial,3,62,16,2.581122398376465,2.586866855621338,0.005744457244873047
initial,3,63,16,2.541774034500122,2.5522706508636475,0.01049661636352539
final,3,0,16,0.3537692725658417,0.3550606667995453,0.0012913942337036133
final,3,1,16,0.47954320907592773,0.4797285199165344,0.00018531084060668945
final,3,2,16,0.38296762108802795,0.3803396224975586,0.0026279985904693604
final,3,3,16,0.41885775327682495,0.4166819155216217,0.002175837755203247
final,3,4,16,0.4005267322063446,0.39476120471954346,0.0057655274868011475
final,3,5,16,0.38598236441612244,0.37953081727027893,0.006451547145843506
final,3,6,16,0.36645007133483887,0.3637305200099945,0.0027195513248443604
final,3,7,16,0.426293283700943,0.4300461709499359,0.00375288724899292
final,3,8,16,0.4942713677883148,0.4867814779281616,0.007489889860153198
final,3,9,16,0.41619881987571716,0.413475900888443,0.00272291898727417
final,3,10,16,0.49816474318504333,0.4992215931415558,0.0010568499565124512
final,3,11,16,0.381689190864563,0.37997716665267944,0.001712024211883545
final,3,12,16,0.50118088722229,0.5002591013908386,0.000921785831451416
final,3,13,16,0.4629982113838196,0.4545634388923645,0.008434772491455078
final,3,14,16,0.480416864156723,0.48091980814933777,0.0005029439926147461
final,3,15,16,0.40022292733192444,0.39296165108680725,0.0072612762451171875
final,3,16,16,0.5769460201263428,0.5867264866828918,0.009780466556549072
final,3,17,16,0.4706742465496063,0.46524444222450256,0.00542980432510376
final,3,18,16,0.4894371032714844,0.491484671831131,0.0020475685596466064
final,3,19,16,0.4483083188533783,0.4495413303375244,0.0012330114841461182
final,3,20,16,0.3454025685787201,0.3440629839897156,0.0013395845890045166
final,3,21,16,0.3499462306499481,0.34912046790122986,0.0008257627487182617
final,3,22,16,0.45051446557044983,0.455324649810791,0.0048101842403411865
final,3,23,16,0.3883935809135437,0.38890084624290466,0.0005072653293609619
final,3,24,16,0.24408943951129913,0.24563030898571014,0.0015408694744110107
final,3,25,16,0.4228415787220001,0.4210380017757416,0.001803576946258545
final,3,26,16,0.5359693765640259,0.5375514626502991,0.0015820860862731934
final,3,27,16,0.29071733355522156,0.2818967401981354,0.008820593357086182
final,3,28,16,0.4396985173225403,0.4358822703361511,0.00381624698638916
final,3,29,16,0.4861699342727661,0.48762252926826477,0.0014525949954986572
final,3,30,16,0.4335678815841675,0.4351997673511505,0.0016318857669830322
final,3,31,16,0.31055474281311035,0.3029356896877289,0.00761905312538147
final,3,32,16,0.5568453669548035,0.5599151253700256,0.003069758415222168
final,3,33,16,0.4096233546733856,0.4121989607810974,0.002575606107711792
final,3,34,16,0.3638312816619873,0.367320716381073,0.0034894347190856934
final,3,35,16,0.39302465319633484,0.3951817452907562,0.0021570920944213867
final,3,36,16,0.3851906955242157,0.3772696256637573,0.007921069860458374
final,3,37,16,0.40076935291290283,0.3943878412246704,0.006381511688232422
final,3,38,16,0.3590940833091736,0.35847243666648865,0.0006216466426849365
final,3,39,16,0.41016677021980286,0.41292306780815125,0.0027562975883483887
final,3,40,16,0.2777734100818634,0.2786797285079956,0.0009063184261322021
final,3,41,16,0.38724416494369507,0.3995189368724823,0.012274771928787231
final,3,42,16,0.3348654508590698,0.3316308557987213,0.0032345950603485107
final,3,43,16,0.46247464418411255,0.4658554792404175,0.0033808350563049316
final,3,44,16,0.39233577251434326,0.39585208892822266,0.0035163164138793945
final,3,45,16,0.6285203099250793,0.6245189309120178,0.0040013790130615234
final,3,46,16,0.28260231018066406,0.2804676592350006,0.002134650945663452
final,3,47,16,0.39837491512298584,0.40259167551994324,0.0042167603969573975
final,3,48,16,0.41386955976486206,0.424185574054718,0.010316014289855957
final,3,49,16,0.31115853786468506,0.31387296319007874,0.0027144253253936768
final,3,50,16,0.4194931983947754,0.42112621665000916,0.0016330182552337646
final,3,51,16,0.38710519671440125,0.3852255344390869,0.001879662275314331
final,3,52,16,0.3671380579471588,0.3647587299346924,0.0023793280124664307
final,3,53,16,0.5295245051383972,0.5374032855033875,0.007878780364990234
final,3,54,16,0.4803222417831421,0.4853203296661377,0.0049980878829956055
final,3,55,16,0.4108729064464569,0.41546255350112915,0.004589647054672241
final,3,56,16,0.4223749339580536,0.4214347004890442,0.0009402334690093994
final,3,57,16,0.507297694683075,0.5034358501434326,0.003861844539642334
final,3,58,16,0.3242800831794739,0.32217928767204285,0.0021007955074310303
final,3,59,16,0.5165902972221375,0.5169295072555542,0.00033921003341674805
final,3,60,16,0.4615967571735382,0.4579418897628784,0.00365486741065979
final,3,61,16,0.3842880427837372,0.3875725269317627,0.0032844841480255127
final,3,62,16,0.45103585720062256,0.4649133086204529,0.013877451419830322
final,3,63,16,0.4062167704105377,0.4086759090423584,0.0024591386318206787
initial,4,0,16,2.584566354751587,2.579397201538086,0.0051691532135009766
initial,4,1,16,2.591264486312866,2.5861265659332275,0.005137920379638672
initial,4,2,16,2.5331132411956787,2.519566774368286,0.013546466827392578
initial,4,3,16,2.586550712585449,2.586179494857788,0.0003712177276611328
initial,4,4,16,2.553286075592041,2.548915386199951,0.004370689392089844
initial,4,5,16,2.4794228076934814,2.4673750400543213,0.012047767639160156
initial,4,6,16,2.6409969329833984,2.639627695083618,0.0013692378997802734
initial,4,7,16,2.6836373805999756,2.6884381771087646,0.0048007965087890625
initial,4,8,16,2.5381875038146973,2.5300464630126953,0.008141040802001953
initial,4,9,16,2.6805014610290527,2.6783735752105713,0.0021278858184814453
initial,4,10,16,2.5599329471588135,2.550874948501587,0.009057998657226562
initial,4,11,16,2.665327548980713,2.67822265625,0.01289510726928711
initial,4,12,16,2.43432354927063,2.441673994064331,0.007350444793701172
initial,4,13,16,2.5668954849243164,2.5735177993774414,0.006622314453125
initial,4,14,16,2.5873382091522217,2.602877140045166,0.015538930892944336
initial,4,15,16,2.534160614013672,2.5348334312438965,0.0006728172302246094
initial,4,16,16,2.562864303588867,2.566718816757202,0.003854513168334961
initial,4,17,16,2.572214365005493,2.573955774307251,0.0017414093017578125
initial,4,18,16,2.4580960273742676,2.466717004776001,0.008620977401733398
initial,4,19,16,2.6583642959594727,2.660727024078369,0.0023627281188964844
initial,4,20,16,2.5749406814575195,2.5770676136016846,0.002126932144165039
initial,4,21,16,2.5986483097076416,2.6147639751434326,0.016115665435791016
initial,4,22,16,2.6594510078430176,2.642763137817383,0.016687870025634766
initial,4,23,16,2.7767622470855713,2.773535966873169,0.0032262802124023438
initial,4,24,16,2.629526376724243,2.6384084224700928,0.00888204574584961
initial,4,25,16,2.5486645698547363,2.549672842025757,0.0010082721710205078
initial,4,26,16,2.5486743450164795,2.551267623901367,0.0025932788848876953
initial,4,27,16,2.698934316635132,2.6977734565734863,0.0011608600616455078
initial,4,28,16,2.5740256309509277,2.5586001873016357,0.015425443649291992
initial,4,29,16,2.609117031097412,2.604278326034546,0.004838705062866211
initial,4,30,16,2.6979382038116455,2.6892876625061035,0.008650541305541992
initial,4,31,16,2.6476664543151855,2.641348123550415,0.006318330764770508
initial,4,32,16,2.636688709259033,2.635754346847534,0.0009343624114990234
initial,4,33,16,2.5962846279144287,2.609057664871216,0.01277303695678711
initial,4,34,16,2.627859592437744,2.6227219104766846,0.00513768196105957
initial,4,35,16,2.555166006088257,2.57108736038208,0.015921354293823242
initial,4,36,16,2.7114903926849365,2.7133913040161133,0.0019009113311767578
initial,4,37,16,2.5296926498413086,2.536210536956787,0.006517887115478516
initial,4,38,16,2.587862730026245,2.5906920433044434,0.002829313278198242
initial,4,39,16,2.618234157562256,2.613607406616211,0.004626750946044922
initial,4,40,16,2.5289406776428223,2.521167278289795,0.007773399353027344
initial,4,41,16,2.531299352645874,2.5361247062683105,0.0048253536224365234
initial,4,42,16,2.639448642730713,2.6292545795440674,0.010194063186645508
initial,4,43,16,2.5458333492279053,2.535054922103882,0.010778427124023438
initial,4,44,16,2.63161563873291,2.6178245544433594,0.013791084289550781
initial,4,45,16,2.5676984786987305,2.574115514755249,0.006417036056518555
initial,4,46,16,2.554718017578125,2.5628163814544678,0.008098363876342773
initial,4,47,16,2.537790060043335,2.5269296169281006,0.010860443115234375
initial,4,48,16,2.649204730987549,2.6489996910095215,0.00020503997802734375
initial,4,49,16,2.6294918060302734,2.621675968170166,0.007815837860107422
initial,4,50,16,2.5645060539245605,2.5666232109069824,0.002117156982421875
initial,4,51,16,2.6031289100646973,2.614922046661377,0.011793136596679688
initial,4,52,16,2.4782514572143555,2.4822402000427246,0.003988742828369141
initial,4,53,16,2.5038652420043945,2.5015618801116943,0.0023033618927001953
initial,4,54,16,2.525657892227173,2.5309998989105225,0.005342006683349609
initial,4,55,16,2.5133423805236816,2.526737689971924,0.013395309448242188
initial,4,56,16,2.6556854248046875,2.6452698707580566,0.01041555404663086
initial,4,57,16,2.509202718734741,2.507783889770508,0.0014188289642333984
initial,4,58,16,2.624150276184082,2.6278178691864014,0.003667593002319336
initial,4,59,16,2.6797678470611572,2.681234359741211,0.001466512680053711
initial,4,60,16,2.6828839778900146,2.66930890083313,0.013575077056884766
initial,4,61,16,2.515627145767212,2.5141005516052246,0.0015265941619873047
initial,4,62,16,2.6709275245666504,2.6795907020568848,0.008663177490234375
initial,4,63,16,2.5991830825805664,2.5937998294830322,0.00538325309753418
final,4,0,16,0.4221969246864319,0.4207056164741516,0.0014913082122802734
final,4,1,16,0.4320090115070343,0.42659759521484375,0.005411416292190552
final,4,2,16,0.41945531964302063,0.41746219992637634,0.001993119716644287
final,4,3,16,0.3614181876182556,0.3614503741264343,3.218650817871094e-05
final,4,4,16,0.43861010670661926,0.43949946761131287,0.0008893609046936035
final,4,5,16,0.40302565693855286,0.39804577827453613,0.004979878664016724
final,4,6,16,0.6673188805580139,0.6854200959205627,0.018101215362548828
final,4,7,16,0.3432735204696655,0.3395659923553467,0.0037075281143188477
final,4,8,16,0.36959823966026306,0.3722533583641052,0.002655118703842163
final,4,9,16,0.5420865416526794,0.5403932332992554,0.0016933083534240723
final,4,10,16,0.4629802107810974,0.47215667366981506,0.009176462888717651
final,4,11,16,0.3248721957206726,0.33180612325668335,0.006933927536010742
final,4,12,16,0.6020129323005676,0.59969562292099,0.0023173093795776367
final,4,13,16,0.40383997559547424,0.4036315083503723,0.0002084672451019287
final,4,14,16,0.42287880182266235,0.4252728223800659,0.0023940205574035645
final,4,15,16,0.3985322117805481,0.4020010828971863,0.0034688711166381836
final,4,16,16,0.3687955439090729,0.3685513138771057,0.0002442300319671631
final,4,17,16,0.4408907890319824,0.4402068257331848,0.0006839632987976074
final,4,18,16,0.5110825896263123,0.5113665461540222,0.00028395652770996094
final,4,19,16,0.41400575637817383,0.4138607084751129,0.00014504790306091309
final,4,20,16,0.38168221712112427,0.37654557824134827,0.005136638879776001
final,4,21,16,0.2935202717781067,0.2940572202205658,0.0005369484424591064
final,4,22,16,0.30766332149505615,0.3060368299484253,0.0016264915466308594
final,4,23,16,0.2931360602378845,0.2886984050273895,0.004437655210494995
final,4,24,16,0.35396960377693176,0.35534757375717163,0.0013779699802398682
final,4,25,16,0.4279748797416687,0.4339863359928131,0.006011456251144409
final,4,26,16,0.5135402679443359,0.5088573694229126,0.00468289852142334
final,4,27,16,0.5500590205192566,0.5516420006752014,0.0015829801559448242
final,4,28,16,0.3934080898761749,0.3960690200328827,0.0026609301567077637
final,4,29,16,0.3023197650909424,0.3034995496273041,0.0011797845363616943
final,4,30,16,0.5288181304931641,0.5272729396820068,0.0015451908111572266
final,4,31,16,0.47134295105934143,0.4732447564601898,0.0019018054008483887
final,4,32,16,0.24777287244796753,0.2515154778957367,0.003742605447769165
final,4,33,16,0.4581211507320404,0.4681779444217682,0.010056793689727783
final,4,34,16,0.32562872767448425,0.32106444239616394,0.0045642852783203125
final,4,35,16,0.3832044005393982,0.3772285580635071,0.005975842475891113
final,4,36,16,0.28342878818511963,0.28033798933029175,0.003090798854827881
final,4,37,16,0.350761353969574,0.35170984268188477,0.000948488712310791
final,4,38,16,0.39657339453697205,0.40398460626602173,0.007411211729049683
final,4,39,16,0.2828468680381775,0.280457079410553,0.0023897886276245117
final,4,40,16,0.41911038756370544,0.4249361455440521,0.00582575798034668
final,4,41,16,0.4914151132106781,0.49018028378486633,0.0012348294258117676
final,4,42,16,0.3044971525669098,0.29592329263687134,0.008573859930038452
final,4,43,16,0.4753403067588806,0.4727019667625427,0.0026383399963378906
final,4,44,16,0.32507434487342834,0.30750057101249695,0.017573773860931396
final,4,45,16,0.4261605143547058,0.42882898449897766,0.0026684701442718506
final,4,46,16,0.4467392563819885,0.4458047151565552,0.0009345412254333496
final,4,47,16,0.44275933504104614,0.4260736107826233,0.01668572425842285
final,4,48,16,0.43194901943206787,0.4266406297683716,0.005308389663696289
final,4,49,16,0.4387871026992798,0.4347103238105774,0.004076778888702393
final,4,50,16,0.40106236934661865,0.4042034447193146,0.003141075372695923
final,4,51,16,0.4278967082500458,0.4314023554325104,0.0035056471824645996
final,4,52,16,0.4222497344017029,0.41625088453292847,0.005998849868774414
final,4,53,16,0.4298887252807617,0.4208737909793854,0.009014934301376343
final,4,54,16,0.45761096477508545,0.45873087644577026,0.0011199116706848145
final,4,55,16,0.38393619656562805,0.3789776563644409,0.004958540201187134
final,4,56,16,0.45635488629341125,0.4488694667816162,0.007485419511795044
final,4,57,16,0.4387054741382599,0.44148892164230347,0.002783447504043579
final,4,58,16,0.39567920565605164,0.3980606198310852,0.0023814141750335693
final,4,59,16,0.32159391045570374,0.32061150670051575,0.0009824037551879883
final,4,60,16,0.3968859612941742,0.38277268409729004,0.014113277196884155
final,4,61,16,0.3638765215873718,0.36181217432022095,0.002064347267150879
final,4,62,16,0.45834702253341675,0.4576317369937897,0.0007152855396270752
final,4,63,16,0.4165922701358795,0.41281309723854065,0.003779172897338867
initial,5,0,16,2.6026453971862793,2.6168837547302246,0.014238357543945312
initial,5,1,16,2.7553656101226807,2.7580926418304443,0.002727031707763672
initial,5,2,16,2.668123483657837,2.6723785400390625,0.004255056381225586
initial,5,3,16,2.5838050842285156,2.5850629806518555,0.0012578964233398438
initial,5,4,16,2.5189151763916016,2.5133416652679443,0.0055735111236572266
initial,5,5,16,2.6831414699554443,2.68794584274292,0.004804372787475586
initial,5,6,16,2.6290230751037598,2.632171154022217,0.0031480789184570312
initial,5,7,16,2.579373359680176,2.569395065307617,0.009978294372558594
initial,5,8,16,2.6351466178894043,2.640291213989258,0.005144596099853516
initial,5,9,16,2.4501006603240967,2.4566712379455566,0.006570577621459961
initial,5,10,16,2.632510185241699,2.624271869659424,0.00823831558227539
initial,5,11,16,2.568922519683838,2.5672051906585693,0.0017173290252685547
initial,5,12,16,2.617908477783203,2.6348655223846436,0.01695704460144043
initial,5,13,16,2.5710432529449463,2.574812173843384,0.0037689208984375
initial,5,14,16,2.562556743621826,2.566480875015259,0.003924131393432617
initial,5,15,16,2.5582423210144043,2.5509934425354004,0.007248878479003906
initial,5,16,16,2.571340322494507,2.5675406455993652,0.0037996768951416016
initial,5,17,16,2.531461477279663,2.5359957218170166,0.004534244537353516
initial,5,18,16,2.4386212825775146,2.4457831382751465,0.007161855697631836
initial,5,19,16,2.6686155796051025,2.662130355834961,0.0064852237701416016
initial,5,20,16,2.6383042335510254,2.6544840335845947,0.016179800033569336
initial,5,21,16,2.8100991249084473,2.8037521839141846,0.006346940994262695
initial,5,22,16,2.627797842025757,2.615363836288452,0.012434005737304688
initial,5,23,16,2.5679776668548584,2.557255983352661,0.010721683502197266
initial,5,24,16,2.5556640625,2.545048236846924,0.010615825653076172
initial,5,25,16,2.4554848670959473,2.464367389678955,0.008882522583007812
initial,5,26,16,2.484597682952881,2.489715814590454,0.005118131637573242
initial,5,27,16,2.6164398193359375,2.6235835552215576,0.007143735885620117
initial,5,28,16,2.5770585536956787,2.5821094512939453,0.0050508975982666016
initial,5,29,16,2.611625909805298,2.6095633506774902,0.002062559127807617
initial,5,30,16,2.481403112411499,2.482353448867798,0.0009503364562988281
initial,5,31,16,2.517465591430664,2.5186727046966553,0.001207113265991211
initial,5,32,16,2.621187925338745,2.63411545753479,0.012927532196044922
initial,5,33,16,2.6044631004333496,2.6013920307159424,0.0030710697174072266
initial,5,34,16,2.5538792610168457,2.5475826263427734,0.006296634674072266
initial,5,35,16,2.5305511951446533,2.5309534072875977,0.00040221214294433594
initial,5,36,16,2.5933821201324463,2.5882492065429688,0.005132913589477539
initial,5,37,16,2.570476770401001,2.5759847164154053,0.005507946014404297
initial,5,38,16,2.4799273014068604,2.4832797050476074,0.0033524036407470703
initial,5,39,16,2.5884947776794434,2.580857276916504,0.007637500762939453
initial,5,40,16,2.5826807022094727,2.5951263904571533,0.012445688247680664
initial,5,41,16,2.6841561794281006,2.676745653152466,0.007410526275634766
initial,5,42,16,2.5241761207580566,2.5222294330596924,0.0019466876983642578
initial,5,43,16,2.633070468902588,2.6385982036590576,0.0055277347564697266
initial,5,44,16,2.5360207557678223,2.5464839935302734,0.010463237762451172
initial,5,45,16,2.5630736351013184,2.5540003776550293,0.009073257446289062
initial,5,46,16,2.6380090713500977,2.630401134490967,0.007607936859130859
initial,5,47,16,2.5786800384521484,2.5845892429351807,0.0059092044830322266
initial,5,48,16,2.4478461742401123,2.4455461502075195,0.0023000240325927734
initial,5,49,16,2.6305978298187256,2.6426384449005127,0.01204061508178711
initial,5,50,16,2.6189963817596436,2.615701913833618,0.0032944679260253906
initial,5,51,16,2.672903537750244,2.6718080043792725,0.0010955333709716797
initial,5,52,16,2.655386209487915,2.660015106201172,0.004628896713256836
initial,5,53,16,2.537396192550659,2.5365023612976074,0.0008938312530517578
initial,5,54,16,2.6102778911590576,2.6156020164489746,0.005324125289916992
initial,5,55,16,2.6490001678466797,2.6630773544311523,0.014077186584472656
initial,5,56,16,2.655938148498535,2.657738447189331,0.0018002986907958984
initial,5,57,16,2.6572084426879883,2.66870379447937,0.011495351791381836
initial,5,58,16,2.5748558044433594,2.583214521408081,0.00835871696472168
initial,5,59,16,2.6106185913085938,2.613086700439453,0.002468109130859375
initial,5,60,16,2.6873648166656494,2.688288450241089,0.0009236335754394531
initial,5,61,16,2.566878080368042,2.564342737197876,0.0025353431701660156
initial,5,62,16,2.5671780109405518,2.566821575164795,0.00035643577575683594
initial,5,63,16,2.6179962158203125,2.613342523574829,0.0046536922454833984
final,5,0,16,0.5106828808784485,0.506195068359375,0.004487812519073486
final,5,1,16,0.4235790967941284,0.43436020612716675,0.01078110933303833
final,5,2,16,0.4705297648906708,0.47304248809814453,0.002512723207473755
final,5,3,16,0.3710266351699829,0.3723050355911255,0.0012784004211425781
final,5,4,16,0.4896538555622101,0.4887133538722992,0.0009405016899108887
final,5,5,16,0.45119908452033997,0.45374566316604614,0.0025465786457061768
final,5,6,16,0.37111857533454895,0.3714373707771301,0.00031879544258117676
final,5,7,16,0.5241420865058899,0.5196149945259094,0.004527091979980469
final,5,8,16,0.3931542932987213,0.3883083462715149,0.004845947027206421
final,5,9,16,0.46241965889930725,0.46554845571517944,0.0031287968158721924
final,5,10,16,0.6187500357627869,0.6205267906188965,0.0017767548561096191
final,5,11,16,0.472282350063324,0.47462138533592224,0.0023390352725982666
final,5,12,16,0.5256139636039734,0.527376115322113,0.0017621517181396484
final,5,13,16,0.41958582401275635,0.42098554968833923,0.0013997256755828857
final,5,14,16,0.5030879378318787,0.5129811763763428,0.009893238544464111
final,5,15,16,0.33230122923851013,0.3365785479545593,0.004277318716049194
final,5,16,16,0.40267032384872437,0.39938414096832275,0.0032861828804016113
final,5,17,16,0.5073032975196838,0.5072507858276367,5.251169204711914e-05
final,5,18,16,0.4494571089744568,0.4485994279384613,0.0008576810359954834
final,5,19,16,0.35073694586753845,0.3463747203350067,0.004362225532531738
final,5,20,16,0.38594889640808105,0.3925885558128357,0.006639659404754639
final,5,21,16,0.32211312651634216,0.3165077567100525,0.005605369806289673
final,5,22,16,0.558798611164093,0.5579430460929871,0.000855565071105957
final,5,23,16,0.369026243686676,0.38588279485702515,0.01685655117034912
final,5,24,16,0.5497133731842041,0.5427356362342834,0.006977736949920654
final,5,25,16,0.5842738151550293,0.5843678712844849,9.40561294555664e-05
final,5,26,16,0.6404038667678833,0.6343954801559448,0.0060083866119384766
final,5,27,16,0.3630519509315491,0.36264416575431824,0.00040778517723083496
final,5,28,16,0.34884876012802124,0.36159834265708923,0.012749582529067993
final,5,29,16,0.4183938503265381,0.41743528842926025,0.000958561897277832
final,5,30,16,0.5428962707519531,0.5404521822929382,0.0024440884590148926
final,5,31,16,0.6339569091796875,0.6186201572418213,0.015336751937866211
final,5,32,16,0.34054070711135864,0.3480182886123657,0.00747758150100708
final,5,33,16,0.3654147684574127,0.36803144216537476,0.002616673707962036
final,5,34,16,0.5345491170883179,0.5304737687110901,0.004075348377227783
final,5,35,16,0.3910708725452423,0.3907525837421417,0.00031828880310058594
final,5,36,16,0.43105047941207886,0.42353764176368713,0.007512837648391724
final,5,37,16,0.4285735487937927,0.428460031747818,0.00011351704597473145
final,5,38,16,0.3269892632961273,0.3215194344520569,0.005469828844070435
final,5,39,16,0.35496318340301514,0.359575092792511,0.00461190938949585
final,5,40,16,0.2413184940814972,0.2442043125629425,0.0028858184814453125
final,5,41,16,0.2906319797039032,0.2928389012813568,0.0022069215774536133
final,5,42,16,0.4086170494556427,0.406013160943985,0.002603888511657715
final,5,43,16,0.5161134004592896,0.5189980268478394,0.0028846263885498047
final,5,44,16,0.40229249000549316,0.40274372696876526,0.0004512369632720947
final,5,45,16,0.4351009726524353,0.44418638944625854,0.009085416793823242
final,5,46,16,0.43196725845336914,0.43642544746398926,0.004458189010620117
final,5,47,16,0.3328217566013336,0.33713215589523315,0.004310399293899536
final,5,48,16,0.39412549138069153,0.3868462145328522,0.0072792768478393555
final,5,49,16,0.352263480424881,0.34949788451194763,0.0027655959129333496
final,5,50,16,0.5390151143074036,0.5362703204154968,0.0027447938919067383
final,5,51,16,0.43487459421157837,0.4374575912952423,0.0025829970836639404
final,5,52,16,0.35720792412757874,0.36046352982521057,0.003255605697631836
final,5,53,16,0.4436488151550293,0.44188249111175537,0.0017663240432739258
final,5,54,16,0.4272412955760956,0.43217432498931885,0.004933029413223267
final,5,55,16,0.4424527883529663,0.44112759828567505,0.0013251900672912598
final,5,56,16,0.43990373611450195,0.4362114369869232,0.0036922991275787354
final,5,57,16,0.38342049717903137,0.3796611726284027,0.003759324550628662
final,5,58,16,0.43084314465522766,0.4314440190792084,0.0006008744239807129
final,5,59,16,0.42959749698638916,0.42126110196113586,0.008336395025253296
final,5,60,16,0.35929635167121887,0.36005160212516785,0.0007552504539489746
final,5,61,16,0.3816365599632263,0.3833934962749481,0.0017569363117218018
final,5,62,16,0.40828296542167664,0.4119724631309509,0.003689497709274292
final,5,63,16,0.3804578185081482,0.3878491520881653,0.00739133358001709
initial,6,0,16,2.59714937210083,2.6058294773101807,0.008680105209350586
initial,6,1,16,2.5997750759124756,2.615954637527466,0.016179561614990234
initial,6,2,16,2.5317375659942627,2.528122663497925,0.0036149024963378906
initial,6,3,16,2.5405120849609375,2.5462381839752197,0.0057260990142822266
initial,6,4,16,2.5298044681549072,2.529572010040283,0.00023245811462402344
initial,6,5,16,2.5233826637268066,2.5229601860046387,0.00042247772216796875
initial,6,6,16,2.6713244915008545,2.6452717781066895,0.02605271339416504
initial,6,7,16,2.5035369396209717,2.501007080078125,0.0025298595428466797
initial,6,8,16,2.5450758934020996,2.5441112518310547,0.0009646415710449219
initial,6,9,16,2.634699583053589,2.627528190612793,0.0071713924407958984
initial,6,10,16,2.483595371246338,2.496983051300049,0.013387680053710938
initial,6,11,16,2.6706998348236084,2.6621639728546143,0.00853586196899414
initial,6,12,16,2.480599880218506,2.480092763900757,0.0005071163177490234
initial,6,13,16,2.565643072128296,2.5639588832855225,0.0016841888427734375
initial,6,14,16,2.539235830307007,2.541292428970337,0.002056598663330078
initial,6,15,16,2.504121780395508,2.5072717666625977,0.0031499862670898438
initial,6,16,16,2.496039628982544,2.4935295581817627,0.00251007080078125
initial,6,17,16,2.60734224319458,2.6096458435058594,0.002303600311279297
initial,6,18,16,2.6141765117645264,2.6000094413757324,0.014167070388793945
initial,6,19,16,2.5575151443481445,2.569153308868408,0.011638164520263672
initial,6,20,16,2.5139222145080566,2.519709825515747,0.00578761100769043
initial,6,21,16,2.594434976577759,2.5961596965789795,0.0017247200012207031
initial,6,22,16,2.5933640003204346,2.5986926555633545,0.005328655242919922
initial,6,23,16,2.5593159198760986,2.5592448711395264,7.104873657226562e-05
initial,6,24,16,2.5877737998962402,2.5766263008117676,0.011147499084472656
initial,6,25,16,2.622056484222412,2.611173391342163,0.010883092880249023
initial,6,26,16,2.646152973175049,2.644415855407715,0.0017371177673339844
initial,6,27,16,2.539602518081665,2.5442609786987305,0.00465846061706543
initial,6,28,16,2.503187417984009,2.509749174118042,0.006561756134033203
initial,6,29,16,2.605123519897461,2.6161739826202393,0.01105046272277832
initial,6,30,16,2.594282865524292,2.6103122234344482,0.01602935791015625
initial,6,31,16,2.668428897857666,2.673403024673462,0.0049741268157958984
initial,6,32,16,2.4815568923950195,2.480638027191162,0.0009188652038574219
initial,6,33,16,2.616037130355835,2.60080623626709,0.015230894088745117
initial,6,34,16,2.5065906047821045,2.4893462657928467,0.017244338989257812
initial,6,35,16,2.607799530029297,2.6153881549835205,0.007588624954223633
initial,6,36,16,2.5670087337493896,2.5688467025756836,0.0018379688262939453
initial,6,37,16,2.5893781185150146,2.5938615798950195,0.004483461380004883
initial,6,38,16,2.663728713989258,2.6380021572113037,0.0257265567779541
initial,6,39,16,2.685471296310425,2.6864473819732666,0.0009760856628417969
initial,6,40,16,2.5127837657928467,2.520185708999634,0.007401943206787109
initial,6,41,16,2.4615960121154785,2.461782693862915,0.00018668174743652344
initial,6,42,16,2.5294289588928223,2.531874895095825,0.0024459362030029297
initial,6,43,16,2.527069091796875,2.5227043628692627,0.004364728927612305
initial,6,44,16,2.5645594596862793,2.562838554382324,0.0017209053039550781
initial,6,45,16,2.497429370880127,2.495762825012207,0.0016665458679199219
initial,6,46,16,2.472407579421997,2.464259624481201,0.008147954940795898
initial,6,47,16,2.4998626708984375,2.5094776153564453,0.009614944458007812
initial,6,48,16,2.57124662399292,2.570685625076294,0.0005609989166259766
initial,6,49,16,2.5627682209014893,2.564927577972412,0.0021593570709228516
initial,6,50,16,2.580664873123169,2.574916362762451,0.0057485103607177734
initial,6,51,16,2.6352407932281494,2.645200490951538,0.009959697723388672
initial,6,52,16,2.7079885005950928,2.714306116104126,0.006317615509033203
initial,6,53,16,2.593322515487671,2.596299171447754,0.002976655960083008
initial,6,54,16,2.6013970375061035,2.6041548252105713,0.0027577877044677734
initial,6,55,16,2.509519100189209,2.504295825958252,0.005223274230957031
initial,6,56,16,2.7130918502807617,2.7138516902923584,0.0007598400115966797
initial,6,57,16,2.572084426879883,2.5651135444641113,0.006970882415771484
initial,6,58,16,2.5927810668945312,2.595679759979248,0.002898693084716797
initial,6,59,16,2.7291808128356934,2.727510929107666,0.0016698837280273438
initial,6,60,16,2.5183558464050293,2.5200133323669434,0.0016574859619140625
initial,6,61,16,2.6218981742858887,2.6184616088867188,0.003436565399169922
initial,6,62,16,2.4558329582214355,2.4631471633911133,0.007314205169677734
initial,6,63,16,2.466245651245117,2.4721691608428955,0.00592350959777832
final,6,0,16,0.3322752118110657,0.3338053226470947,0.0015301108360290527
final,6,1,16,0.41367003321647644,0.4138360321521759,0.0001659989356994629
final,6,2,16,0.3211365342140198,0.3188593089580536,0.0022772252559661865
final,6,3,16,0.39939072728157043,0.39719077944755554,0.0021999478340148926
final,6,4,16,0.4117862582206726,0.4110228419303894,0.0007634162902832031
final,6,5,16,0.357020765542984,0.36151981353759766,0.0044990479946136475
final,6,6,16,0.4053571820259094,0.40480050444602966,0.0005566775798797607
final,6,7,16,0.4650774896144867,0.4688381254673004,0.0037606358528137207
final,6,8,16,0.41858845949172974,0.4219972789287567,0.0034088194370269775
final,6,9,16,0.42706337571144104,0.42906907200813293,0.0020056962966918945
final,6,10,16,0.3076706528663635,0.30404648184776306,0.003624171018600464
final,6,11,16,0.3657008707523346,0.36593756079673767,0.00023669004440307617
final,6,12,16,0.3155793845653534,0.3116017282009125,0.003977656364440918
final,6,13,16,0.4888232350349426,0.47808346152305603,0.010739773511886597
final,6,14,16,0.4287053942680359,0.4295804500579834,0.0008750557899475098
final,6,15,16,0.3763926923274994,0.37510964274406433,0.0012830495834350586
final,6,16,16,0.4338683784008026,0.43663376569747925,0.0027653872966766357
final,6,17,16,0.417364239692688,0.4218195378780365,0.004455298185348511
final,6,18,16,0.4491268992424011,0.4419853687286377,0.007141530513763428
final,6,19,16,0.44390225410461426,0.4488815367221832,0.00497928261756897
final,6,20,16,0.36097583174705505,0.35656318068504333,0.004412651062011719
final,6,21,16,0.3887094259262085,0.3916977345943451,0.0029883086681365967
final,6,22,16,0.46821701526641846,0.4756261110305786,0.007409095764160156
final,6,23,16,0.44557255506515503,0.4408044219017029,0.0047681331634521484
final,6,24,16,0.40815046429634094,0.4083295464515686,0.00017908215522766113
final,6,25,16,0.3289339542388916,0.3335418701171875,0.0046079158782958984
final,6,26,16,0.39232054352760315,0.39579689502716064,0.003476351499557495
final,6,27,16,0.5258564352989197,0.522571861743927,0.0032845735549926758
final,6,28,16,0.36009618639945984,0.3624548614025116,0.002358675003051758
final,6,29,16,0.3781355321407318,0.3774253726005554,0.0007101595401763916
final,6,30,16,0.3368013799190521,0.33217793703079224,0.004623442888259888
final,6,31,16,0.27927660942077637,0.2792603075504303,1.6301870346069336e-05
final,6,32,16,0.4954802989959717,0.5010040402412415,0.005523741245269775
final,6,33,16,0.4635333716869354,0.4580492675304413,0.005484104156494141
final,6,34,16,0.4869791567325592,0.48776623606681824,0.0007870793342590332
final,6,35,16,0.4560852348804474,0.4585285186767578,0.002443283796310425
final,6,36,16,0.40848034620285034,0.4069494605064392,0.0015308856964111328
final,6,37,16,0.44143277406692505,0.4455994963645935,0.004166722297668457
final,6,38,16,0.5129273533821106,0.5004333257675171,0.012494027614593506
final,6,39,16,0.34842705726623535,0.34752535820007324,0.0009016990661621094
final,6,40,16,0.5128364562988281,0.5222351551055908,0.009398698806762695
final,6,41,16,0.43650099635124207,0.43966004252433777,0.003159046173095703
final,6,42,16,0.35622674226760864,0.35935723781585693,0.003130495548248291
final,6,43,16,0.34945428371429443,0.3510963022708893,0.0016420185565948486
final,6,44,16,0.41008055210113525,0.4110731780529022,0.0009926259517669678
final,6,45,16,0.3908291757106781,0.39158710837364197,0.0007579326629638672
final,6,46,16,0.5630998611450195,0.56142258644104,0.0016772747039794922
final,6,47,16,0.42237389087677,0.42097875475883484,0.0013951361179351807
final,6,48,16,0.31726938486099243,0.3231394588947296,0.005870074033737183
final,6,49,16,0.4785774052143097,0.483756422996521,0.005179017782211304
final,6,50,16,0.26190823316574097,0.2595483362674713,0.0023598968982696533
final,6,51,16,0.39509281516075134,0.3944252133369446,0.0006676018238067627
final,6,52,16,0.35896894335746765,0.3566138744354248,0.0023550689220428467
final,6,53,16,0.40299102663993835,0.4046449661254883,0.0016539394855499268
final,6,54,16,0.27801066637039185,0.27682989835739136,0.0011807680130004883
final,6,55,16,0.48074576258659363,0.48188066482543945,0.0011349022388458252
final,6,56,16,0.36148762702941895,0.3544692099094391,0.007018417119979858
final,6,57,16,0.35881346464157104,0.3568260371685028,0.0019874274730682373
final,6,58,16,0.4058654010295868,0.40810853242874146,0.002243131399154663
final,6,59,16,0.4305598735809326,0.41954484581947327,0.01101502776145935
final,6,60,16,0.3628920018672943,0.36467114090919495,0.0017791390419006348
final,6,61,16,0.30438169836997986,0.3024286925792694,0.0019530057907104492
final,6,62,16,0.32217392325401306,0.3222489655017853,7.50422477722168e-05
final,6,63,16,0.4565356373786926,0.45172277092933655,0.004812866449356079
initial,7,0,16,2.542417526245117,2.554487466812134,0.012069940567016602
initial,7,1,16,2.696078300476074,2.696993112564087,0.0009148120880126953
initial,7,2,16,2.5385665893554688,2.5358681678771973,0.0026984214782714844
initial,7,3,16,2.692155599594116,2.700101613998413,0.007946014404296875
initial,7,4,16,2.5892040729522705,2.5931854248046875,0.003981351852416992
initial,7,5,16,2.59207820892334,2.599008560180664,0.006930351257324219
initial,7,6,16,2.5305256843566895,2.532794952392578,0.002269268035888672
initial,7,7,16,2.601470708847046,2.6108996868133545,0.009428977966308594
initial,7,8,16,2.5553669929504395,2.558537483215332,0.003170490264892578
initial,7,9,16,2.722038745880127,2.745919942855835,0.023881196975708008
initial,7,10,16,2.6177735328674316,2.625063896179199,0.007290363311767578
initial,7,11,16,2.587289571762085,2.5859005451202393,0.0013890266418457031
initial,7,12,16,2.5392086505889893,2.534579038619995,0.004629611968994141
initial,7,13,16,2.5968058109283447,2.5962369441986084,0.0005688667297363281
initial,7,14,16,2.7115442752838135,2.7212352752685547,0.009690999984741211
initial,7,15,16,2.482367992401123,2.4735403060913086,0.008827686309814453
initial,7,16,16,2.5493481159210205,2.536372423171997,0.012975692749023438
initial,7,17,16,2.4875471591949463,2.484140157699585,0.003407001495361328
initial,7,18,16,2.5096144676208496,2.51708984375,0.007475376129150391
initial,7,19,16,2.575228452682495,2.5685653686523438,0.006663084030151367
initial,7,20,16,2.612950086593628,2.608747720718384,0.004202365875244141
initial,7,21,16,2.667696475982666,2.6465518474578857,0.021144628524780273
initial,7,22,16,2.6000022888183594,2.603113889694214,0.003111600875854492
initial,7,23,16,2.5924675464630127,2.589190721511841,0.003276824951171875
initial,7,24,16,2.589503049850464,2.5851738452911377,0.004329204559326172
initial,7,25,16,2.549074649810791,2.552806854248047,0.0037322044372558594
initial,7,26,16,2.522902250289917,2.5189859867095947,0.003916263580322266
initial,7,27,16,2.6355412006378174,2.6487228870391846,0.013181686401367188
initial,7,28,16,2.656778335571289,2.6535775661468506,0.0032007694244384766
initial,7,29,16,2.6203243732452393,2.6199254989624023,0.00039887428283691406
initial,7,30,16,2.5462100505828857,2.5486273765563965,0.002417325973510742
initial,7,31,16,2.493072748184204,2.501298189163208,0.008225440979003906
initial,7,32,16,2.5216801166534424,2.5177254676818848,0.003954648971557617
initial,7,33,16,2.5636861324310303,2.565645933151245,0.0019598007202148438
initial,7,34,16,2.579864501953125,2.5727620124816895,0.007102489471435547
initial,7,35,16,2.5545856952667236,2.556352138519287,0.0017664432525634766
initial,7,36,16,2.6207141876220703,2.6100974082946777,0.010616779327392578
initial,7,37,16,2.5502591133117676,2.559452772140503,0.009193658828735352
initial,7,38,16,2.452793598175049,2.456610679626465,0.0038170814514160156
initial,7,39,16,2.567830801010132,2.568942070007324,0.0011112689971923828
initial,7,40,16,2.636120080947876,2.6432130336761475,0.007092952728271484
initial,7,41,16,2.5154874324798584,2.510542869567871,0.004944562911987305
initial,7,42,16,2.5754330158233643,2.5823209285736084,0.006887912750244141
initial,7,43,16,2.5780701637268066,2.576986789703369,0.0010833740234375
initial,7,44,16,2.4809818267822266,2.4652600288391113,0.015721797943115234
initial,7,45,16,2.5887320041656494,2.5810039043426514,0.007728099822998047
initial,7,46,16,2.5072267055511475,2.506019353866577,0.0012073516845703125
initial,7,47,16,2.516355276107788,2.5187652111053467,0.0024099349975585938
initial,7,48,16,2.594405174255371,2.593203544616699,0.001201629638671875
initial,7,49,16,2.586029052734375,2.5896522998809814,0.0036232471466064453
initial,7,50,16,2.636309862136841,2.6418204307556152,0.005510568618774414
initial,7,51,16,2.5956573486328125,2.602163076400757,0.006505727767944336
initial,7,52,16,2.5491247177124023,2.5390262603759766,0.010098457336425781
initial,7,53,16,2.5762405395507812,2.5748956203460693,0.001344919204711914
initial,7,54,16,2.4235434532165527,2.431229591369629,0.007686138153076172
initial,7,55,16,2.5329220294952393,2.5383505821228027,0.0054285526275634766
initial,7,56,16,2.515803098678589,2.5055174827575684,0.010285615921020508
initial,7,57,16,2.6194002628326416,2.612126350402832,0.00727391242980957
initial,7,58,16,2.611713171005249,2.6068029403686523,0.00491023063659668
initial,7,59,16,2.5830066204071045,2.5748467445373535,0.008159875869750977
initial,7,60,16,2.541802406311035,2.538790702819824,0.0030117034912109375
initial,7,61,16,2.633500576019287,2.6359636783599854,0.002463102340698242
initial,7,62,16,2.5960865020751953,2.5881431102752686,0.007943391799926758
initial,7,63,16,2.537307024002075,2.5510294437408447,0.013722419738769531
final,7,0,16,0.32428544759750366,0.32828018069267273,0.003994733095169067
final,7,1,16,0.27247172594070435,0.2714986205101013,0.0009731054306030273
final,7,2,16,0.6083205342292786,0.6025329828262329,0.005787551403045654
final,7,3,16,0.46832096576690674,0.4723972678184509,0.0040763020515441895
final,7,4,16,0.5144742131233215,0.5098488330841064,0.004625380039215088
final,7,5,16,0.2916032075881958,0.2919721007347107,0.0003688931465148926
final,7,6,16,0.34874746203422546,0.35016608238220215,0.0014186203479766846
final,7,7,16,0.4007718861103058,0.4028080105781555,0.0020361244678497314
final,7,8,16,0.4652228057384491,0.4637415111064911,0.0014812946319580078
final,7,9,16,0.3622894883155823,0.3574643135070801,0.004825174808502197
final,7,10,16,0.3646929860115051,0.3594423830509186,0.005250602960586548
final,7,11,16,0.3760967552661896,0.37549251317977905,0.0006042420864105225
final,7,12,16,0.516905665397644,0.5169771909713745,7.152557373046875e-05
final,7,13,16,0.40424200892448425,0.4051271378993988,0.0008851289749145508
final,7,14,16,0.3402588367462158,0.3415391743183136,0.0012803375720977783
final,7,15,16,0.5332372188568115,0.5223161578178406,0.010921061038970947
final,7,16,16,0.5581988096237183,0.5588473081588745,0.00064849853515625
final,7,17,16,0.5450685024261475,0.5470885038375854,0.0020200014114379883
final,7,18,16,0.3949328362941742,0.40098491311073303,0.006052076816558838
final,7,19,16,0.5282083749771118,0.532381534576416,0.004173159599304199
final,7,20,16,0.33739304542541504,0.3464016020298004,0.009008556604385376
final,7,21,16,0.4155665934085846,0.419964998960495,0.0043984055519104
final,7,22,16,0.5945936441421509,0.5935999155044556,0.0009937286376953125
final,7,23,16,0.41192108392715454,0.4117221236228943,0.0001989603042602539
final,7,24,16,0.4158404767513275,0.4117312431335449,0.004109233617782593
final,7,25,16,0.5242862105369568,0.527822732925415,0.003536522388458252
final,7,26,16,0.29362645745277405,0.2924254238605499,0.001201033592224121
final,7,27,16,0.4205872714519501,0.4199935793876648,0.0005936920642852783
final,7,28,16,0.43294093012809753,0.43825775384902954,0.005316823720932007
final,7,29,16,0.41505080461502075,0.4148727059364319,0.0001780986785888672
final,7,30,16,0.3611188232898712,0.3600008189678192,0.001118004322052002
final,7,31,16,0.45309776067733765,0.4530625641345978,3.5196542739868164e-05
final,7,32,16,0.4056532084941864,0.3966829776763916,0.0089702308177948
final,7,33,16,0.40200963616371155,0.40577444434165955,0.003764808177947998
final,7,34,16,0.4319370687007904,0.4388936460018158,0.006956577301025391
final,7,35,16,0.4219706356525421,0.4283306300640106,0.006359994411468506
final,7,36,16,0.4378456473350525,0.44856834411621094,0.010722696781158447
final,7,37,16,0.2526097595691681,0.25196096301078796,0.000648796558380127
final,7,38,16,0.3869014084339142,0.3855713903903961,0.0013300180435180664
final,7,39,16,0.6174501776695251,0.616508424282074,0.0009417533874511719
final,7,40,16,0.47996529936790466,0.47868484258651733,0.001280456781387329
final,7,41,16,0.426317036151886,0.42030176520347595,0.006015270948410034
final,7,42,16,0.5506676435470581,0.5487188696861267,0.0019487738609313965
final,7,43,16,0.538576602935791,0.5365960597991943,0.0019805431365966797
final,7,44,16,0.48591235280036926,0.48007139563560486,0.005840957164764404
final,7,45,16,0.33359065651893616,0.33366474509239197,7.408857345581055e-05
final,7,46,16,0.48964956402778625,0.4874803125858307,0.0021692514419555664
final,7,47,16,0.3625849783420563,0.3587726354598999,0.003812342882156372
final,7,48,16,0.4888720214366913,0.48885467648506165,1.7344951629638672e-05
final,7,49,16,0.5183599591255188,0.5191219449043274,0.0007619857788085938
final,7,50,16,0.421216756105423,0.423422634601593,0.002205878496170044
final,7,51,16,0.6160293221473694,0.6130467057228088,0.002982616424560547
final,7,52,16,0.4541763365268707,0.4533020555973053,0.0008742809295654297
final,7,53,16,0.5545997023582458,0.5554303526878357,0.0008306503295898438
final,7,54,16,0.4332584738731384,0.4295715391635895,0.00368693470954895
final,7,55,16,0.42897188663482666,0.42875200510025024,0.00021988153457641602
final,7,56,16,0.4108611047267914,0.4089353084564209,0.0019257962703704834
final,7,57,16,0.46446457505226135,0.4667728543281555,0.002308279275894165
final,7,58,16,0.43246594071388245,0.43012502789497375,0.0023409128189086914
final,7,59,16,0.40925049781799316,0.4104228913784027,0.001172393560409546
final,7,60,16,0.4589247703552246,0.4632282555103302,0.004303485155105591
final,7,61,16,0.4096066355705261,0.4118784964084625,0.0022718608379364014
final,7,62,16,0.44794508814811707,0.4470057189464569,0.0009393692016601562
final,7,63,16,0.36361849308013916,0.36435312032699585,0.0007346272468566895
initial,8,0,16,2.6054399013519287,2.585759401321411,0.019680500030517578
initial,8,1,16,2.6051814556121826,2.594834089279175,0.010347366333007812
initial,8,2,16,2.6277413368225098,2.617650032043457,0.010091304779052734
initial,8,3,16,2.5232253074645996,2.5201821327209473,0.0030431747436523438
initial,8,4,16,2.563309907913208,2.561969041824341,0.0013408660888671875
initial,8,5,16,2.627016067504883,2.614875555038452,0.012140512466430664
initial,8,6,16,2.6607532501220703,2.646588087081909,0.014165163040161133
initial,8,7,16,2.647284984588623,2.6521828174591064,0.0048978328704833984
initial,8,8,16,2.6744813919067383,2.692366123199463,0.01788473129272461
initial,8,9,16,2.4588828086853027,2.461308002471924,0.0024251937866210938
initial,8,10,16,2.538311004638672,2.536919355392456,0.0013916492462158203
initial,8,11,16,2.6219429969787598,2.6273276805877686,0.005384683609008789
initial,8,12,16,2.560868740081787,2.545322895050049,0.015545845031738281
initial,8,13,16,2.454132080078125,2.4579110145568848,0.0037789344787597656
initial,8,14,16,2.633091688156128,2.6523191928863525,0.01922750473022461
initial,8,15,16,2.657611608505249,2.6591830253601074,0.0015714168548583984
initial,8,16,16,2.671421766281128,2.6607649326324463,0.01065683364868164
initial,8,17,16,2.5702264308929443,2.548898458480835,0.021327972412109375
initial,8,18,16,2.5441534519195557,2.5311577320098877,0.012995719909667969
initial,8,19,16,2.4106383323669434,2.4052939414978027,0.005344390869140625
initial,8,20,16,2.6619062423706055,2.6547045707702637,0.007201671600341797
initial,8,21,16,2.613083600997925,2.616508722305298,0.003425121307373047
initial,8,22,16,2.4770429134368896,2.4743282794952393,0.0027146339416503906
initial,8,23,16,2.4674367904663086,2.4635727405548096,0.0038640499114990234
initial,8,24,16,2.6250970363616943,2.6273624897003174,0.002265453338623047
initial,8,25,16,2.6623032093048096,2.6735310554504395,0.011227846145629883
initial,8,26,16,2.6009790897369385,2.603041887283325,0.0020627975463867188
initial,8,27,16,2.5757346153259277,2.567235231399536,0.008499383926391602
initial,8,28,16,2.6978816986083984,2.6976795196533203,0.000202178955078125
initial,8,29,16,2.6571507453918457,2.6422109603881836,0.01493978500366211
initial,8,30,16,2.643839120864868,2.6522560119628906,0.008416891098022461
initial,8,31,16,2.5991580486297607,2.6049835681915283,0.005825519561767578
initial,8,32,16,2.5192370414733887,2.523491859436035,0.004254817962646484
initial,8,33,16,2.5320591926574707,2.52805233001709,0.004006862640380859
initial,8,34,16,2.6998023986816406,2.686152935028076,0.013649463653564453
initial,8,35,16,2.668614387512207,2.671729803085327,0.003115415573120117
initial,8,36,16,2.7364799976348877,2.7321760654449463,0.004303932189941406
initial,8,37,16,2.5285840034484863,2.514810800552368,0.013773202896118164
initial,8,38,16,2.6108977794647217,2.617126226425171,0.006228446960449219
initial,8,39,16,2.536597490310669,2.555751323699951,0.019153833389282227
initial,8,40,16,2.4608371257781982,2.475067615509033,0.014230489730834961
initial,8,41,16,2.61653470993042,2.620645046234131,0.0041103363037109375
initial,8,42,16,2.5687689781188965,2.5623416900634766,0.006427288055419922
initial,8,43,16,2.469326972961426,2.4733409881591797,0.004014015197753906
initial,8,44,16,2.644224166870117,2.6420562267303467,0.002167940139770508
initial,8,45,16,2.5785279273986816,2.5784811973571777,4.673004150390625e-05
initial,8,46,16,2.6057047843933105,2.6114084720611572,0.00570368766784668
initial,8,47,16,2.617645502090454,2.619211435317993,0.0015659332275390625
initial,8,48,16,2.523428201675415,2.539609909057617,0.01618170738220215
initial,8,49,16,2.6363768577575684,2.6369683742523193,0.0005915164947509766
initial,8,50,16,2.5591728687286377,2.571727991104126,0.012555122375488281
initial,8,51,16,2.6226937770843506,2.615190267562866,0.007503509521484375
initial,8,52,16,2.7021539211273193,2.6848113536834717,0.017342567443847656
initial,8,53,16,2.609814405441284,2.6170339584350586,0.007219552993774414
initial,8,54,16,2.5755417346954346,2.5767300128936768,0.0011882781982421875
initial,8,55,16,2.6250901222229004,2.641958713531494,0.01686859130859375
initial,8,56,16,2.4619181156158447,2.4596598148345947,0.00225830078125
initial,8,57,16,2.6567459106445312,2.658541679382324,0.0017957687377929688
initial,8,58,16,2.663283586502075,2.67576003074646,0.012476444244384766
initial,8,59,16,2.6461846828460693,2.6560633182525635,0.00987863540649414
initial,8,60,16,2.5802805423736572,2.5634257793426514,0.01685476303100586
initial,8,61,16,2.6443440914154053,2.6489946842193604,0.004650592803955078
initial,8,62,16,2.60404372215271,2.5980818271636963,0.005961894989013672
initial,8,63,16,2.591731071472168,2.589994192123413,0.0017368793487548828
final,8,0,16,0.5441444516181946,0.5456984043121338,0.001553952693939209
final,8,1,16,0.4609500467777252,0.46221500635147095,0.0012649595737457275
final,8,2,16,0.5013310313224792,0.5000472664833069,0.0012837648391723633
final,8,3,16,0.4534327983856201,0.45411550998687744,0.0006827116012573242
final,8,4,16,0.35077738761901855,0.3516356348991394,0.0008582472801208496
final,8,5,16,0.3503062129020691,0.3500724732875824,0.00023373961448669434
final,8,6,16,0.4037106931209564,0.40178313851356506,0.0019275546073913574
final,8,7,16,0.31981295347213745,0.3215438425540924,0.001730889081954956
final,8,8,16,0.5919225811958313,0.5925477147102356,0.0006251335144042969
final,8,9,16,0.38519003987312317,0.38741785287857056,0.0022278130054473877
final,8,10,16,0.5457295179367065,0.5467464923858643,0.0010169744491577148
final,8,11,16,0.4665423631668091,0.467521071434021,0.000978708267211914
final,8,12,16,0.5227087140083313,0.5119684338569641,0.010740280151367188
final,8,13,16,0.455794095993042,0.45303860306739807,0.002755492925643921
final,8,14,16,0.39360636472702026,0.39427778124809265,0.0006714165210723877
final,8,15,16,0.3184397220611572,0.3190823495388031,0.000642627477645874
final,8,16,16,0.4103623628616333,0.4081779420375824,0.0021844208240509033
final,8,17,16,0.31583234667778015,0.31538549065589905,0.0004468560218811035
final,8,18,16,0.29742738604545593,0.2947933077812195,0.00263407826423645
final,8,19,16,0.46910738945007324,0.4772810935974121,0.008173704147338867
final,8,20,16,0.2735363841056824,0.2714969515800476,0.0020394325256347656
final,8,21,16,0.4455965757369995,0.4451625645160675,0.00043401122093200684
final,8,22,16,0.4978920817375183,0.4935370981693268,0.004354983568191528
final,8,23,16,0.4679476320743561,0.46661099791526794,0.0013366341590881348
final,8,24,16,0.31824538111686707,0.31672707200050354,0.0015183091163635254
final,8,25,16,0.41732698678970337,0.42163655161857605,0.004309564828872681
final,8,26,16,0.4156406819820404,0.4178968667984009,0.0022561848163604736
final,8,27,16,0.4696041941642761,0.46650126576423645,0.003102928400039673
final,8,28,16,0.45625320076942444,0.45301374793052673,0.003239452838897705
final,8,29,16,0.40800198912620544,0.41157931089401245,0.003577321767807007
final,8,30,16,0.48287272453308105,0.47909173369407654,0.0037809908390045166
final,8,31,16,0.3898236155509949,0.3964959383010864,0.006672322750091553
final,8,32,16,0.4111519455909729,0.40981099009513855,0.0013409554958343506
final,8,33,16,0.4908035397529602,0.4931996762752533,0.002396136522293091
final,8,34,16,0.46763235330581665,0.47422781586647034,0.0065954625606536865
final,8,35,16,0.501757800579071,0.5023043751716614,0.000546574592590332
final,8,36,16,0.3616398274898529,0.3661312758922577,0.004491448402404785
final,8,37,16,0.5287361741065979,0.5234925150871277,0.005243659019470215
final,8,38,16,0.33480966091156006,0.33295223116874695,0.0018574297428131104
final,8,39,16,0.3394385874271393,0.33301594853401184,0.006422638893127441
final,8,40,16,0.5016888976097107,0.5030221343040466,0.0013332366943359375
final,8,41,16,0.5097801685333252,0.5136605501174927,0.0038803815841674805
final,8,42,16,0.45480188727378845,0.45688682794570923,0.0020849406719207764
final,8,43,16,0.39679154753685,0.3959618806838989,0.0008296668529510498
final,8,44,16,0.44222986698150635,0.44272562861442566,0.0004957616329193115
final,8,45,16,0.4570627212524414,0.46334391832351685,0.0062811970710754395
final,8,46,16,0.4312305748462677,0.4359321594238281,0.004701584577560425
final,8,47,16,0.4690278172492981,0.46447110176086426,0.004556715488433838
final,8,48,16,0.41900351643562317,0.41711723804473877,0.0018862783908843994
final,8,49,16,0.40316084027290344,0.40438759326934814,0.0012267529964447021
final,8,50,16,0.36581388115882874,0.36396870017051697,0.0018451809883117676
final,8,51,16,0.46783000230789185,0.4655490219593048,0.002280980348587036
final,8,52,16,0.33186519145965576,0.33131054043769836,0.0005546510219573975
final,8,53,16,0.449834942817688,0.4515564441680908,0.001721501350402832
final,8,54,16,0.6767053008079529,0.6698603630065918,0.006844937801361084
final,8,55,16,0.3427629768848419,0.3445008397102356,0.0017378628253936768
final,8,56,16,0.3561673164367676,0.3559809923171997,0.0001863241195678711
final,8,57,16,0.4910866916179657,0.49106743931770325,1.9252300262451172e-05
final,8,58,16,0.34265121817588806,0.34417277574539185,0.0015215575695037842
final,8,59,16,0.4154770076274872,0.4150806963443756,0.00039631128311157227
final,8,60,16,0.3509679138660431,0.35324034094810486,0.0022724270820617676
final,8,61,16,0.3993135690689087,0.4052334725856781,0.005919903516769409
final,8,62,16,0.39404386281967163,0.391060471534729,0.002983391284942627
final,8,63,16,0.4217928946018219,0.4201901853084564,0.0016027092933654785
initial,9,0,16,2.5821003913879395,2.577172040939331,0.0049283504486083984
initial,9,1,16,2.7173776626586914,2.7152984142303467,0.0020792484283447266
initial,9,2,16,2.5566070079803467,2.564810037612915,0.00820302963256836
initial,9,3,16,2.5931172370910645,2.5783443450927734,0.014772891998291016
initial,9,4,16,2.5487163066864014,2.5531628131866455,0.004446506500244141
initial,9,5,16,2.626399040222168,2.6165456771850586,0.009853363037109375
initial,9,6,16,2.454517364501953,2.4548592567443848,0.0003418922424316406
initial,9,7,16,2.6231093406677246,2.6113662719726562,0.01174306869506836
initial,9,8,16,2.7142891883850098,2.721369504928589,0.0070803165435791016
initial,9,9,16,2.536100387573242,2.540386915206909,0.004286527633666992
initial,9,10,16,2.4867708683013916,2.494621515274048,0.00785064697265625
initial,9,11,16,2.557583808898926,2.5720386505126953,0.014454841613769531
initial,9,12,16,2.538769483566284,2.5340704917907715,0.004698991775512695
initial,9,13,16,2.5933613777160645,2.5996005535125732,0.006239175796508789
initial,9,14,16,2.709181070327759,2.7258241176605225,0.016643047332763672
initial,9,15,16,2.5038414001464844,2.497995615005493,0.005845785140991211
initial,9,16,16,2.5497567653656006,2.571903705596924,0.022146940231323242
initial,9,17,16,2.716357946395874,2.7256760597229004,0.009318113327026367
initial,9,18,16,2.505830764770508,2.5134968757629395,0.007666110992431641
initial,9,19,16,2.5044353008270264,2.5032668113708496,0.0011684894561767578
initial,9,20,16,2.6121201515197754,2.611926555633545,0.00019359588623046875
initial,9,21,16,2.7257964611053467,2.717435836791992,0.008360624313354492
initial,9,22,16,2.648350477218628,2.664341688156128,0.0159912109375
initial,9,23,16,2.5232832431793213,2.514289140701294,0.008994102478027344
initial,9,24,16,2.5816502571105957,2.593151330947876,0.011501073837280273
initial,9,25,16,2.764129400253296,2.7651031017303467,0.0009737014770507812
initial,9,26,16,2.509535074234009,2.5014915466308594,0.008043527603149414
initial,9,27,16,2.6951043605804443,2.6885268688201904,0.006577491760253906
initial,9,28,16,2.5436508655548096,2.5613553524017334,0.017704486846923828
initial,9,29,16,2.627572774887085,2.608553409576416,0.019019365310668945
initial,9,30,16,2.5422089099884033,2.531057834625244,0.01115107536315918
initial,9,31,16,2.604285717010498,2.5986711978912354,0.005614519119262695
initial,9,32,16,2.486598253250122,2.492894411087036,0.0062961578369140625
initial,9,33,16,2.50726580619812,2.5028676986694336,0.0043981075286865234
initial,9,34,16,2.5666580200195312,2.578028678894043,0.011370658874511719
initial,9,35,16,2.502136707305908,2.491081953048706,0.011054754257202148
initial,9,36,16,2.5558552742004395,2.5492236614227295,0.006631612777709961
initial,9,37,16,2.6700847148895264,2.662597179412842,0.00748753547668457
initial,9,38,16,2.650418519973755,2.6282482147216797,0.022170305252075195
initial,9,39,16,2.386155843734741,2.383845806121826,0.002310037612915039
initial,9,40,16,2.5745205879211426,2.5663270950317383,0.008193492889404297
initial,9,41,16,2.5046494007110596,2.496722936630249,0.007926464080810547
initial,9,42,16,2.653219223022461,2.6492562294006348,0.003962993621826172
initial,9,43,16,2.5312113761901855,2.5270681381225586,0.004143238067626953
initial,9,44,16,2.609241008758545,2.60101318359375,0.008227825164794922
initial,9,45,16,2.593791961669922,2.5750908851623535,0.01870107650756836
initial,9,46,16,2.545945882797241,2.5594756603240967,0.013529777526855469
initial,9,47,16,2.5938572883605957,2.596724033355713,0.0028667449951171875
initial,9,48,16,2.660921335220337,2.64801025390625,0.012911081314086914
initial,9,49,16,2.57694673538208,2.585923194885254,0.008976459503173828
initial,9,50,16,2.652465343475342,2.6411333084106445,0.011332035064697266
initial,9,51,16,2.578054904937744,2.5687904357910156,0.009264469146728516
initial,9,52,16,2.6550042629241943,2.6424176692962646,0.012586593627929688
initial,9,53,16,2.5460660457611084,2.5387942790985107,0.007271766662597656
initial,9,54,16,2.657310962677002,2.6691644191741943,0.011853456497192383
initial,9,55,16,2.678361654281616,2.683537006378174,0.005175352096557617
initial,9,56,16,2.6223480701446533,2.6291897296905518,0.0068416595458984375
initial,9,57,16,2.660996913909912,2.655505418777466,0.005491495132446289
initial,9,58,16,2.500155210494995,2.5186307430267334,0.01847553253173828
initial,9,59,16,2.6200852394104004,2.6245107650756836,0.004425525665283203
initial,9,60,16,2.6289055347442627,2.628253698348999,0.0006518363952636719
initial,9,61,16,2.6798040866851807,2.6969709396362305,0.017166852951049805
initial,9,62,16,2.626054525375366,2.6259207725524902,0.00013375282287597656
initial,9,63,16,2.6092023849487305,2.6056859493255615,0.0035164356231689453
final,9,0,16,0.4680502116680145,0.47770944237709045,0.009659230709075928
final,9,1,16,0.42287999391555786,0.4184599220752716,0.004420071840286255
final,9,2,16,0.298390656709671,0.29895299673080444,0.0005623400211334229
final,9,3,16,0.3769596815109253,0.3795931339263916,0.0026334524154663086
final,9,4,16,0.3934183716773987,0.3963112533092499,0.0028928816318511963
final,9,5,16,0.41449135541915894,0.4158691167831421,0.0013777613639831543
final,9,6,16,0.5220750570297241,0.5138006806373596,0.008274376392364502
final,9,7,16,0.4213886559009552,0.41554689407348633,0.005841761827468872
final,9,8,16,0.22404251992702484,0.22846534848213196,0.004422828555107117
final,9,9,16,0.2598554491996765,0.2654784321784973,0.005622982978820801
final,9,10,16,0.5174336433410645,0.5124806761741638,0.004952967166900635
final,9,11,16,0.35263875126838684,0.3525160551071167,0.0001226961612701416
final,9,12,16,0.40924257040023804,0.40552273392677307,0.003719836473464966
final,9,13,16,0.435455858707428,0.4265577495098114,0.008898109197616577
final,9,14,16,0.38358649611473083,0.3912290334701538,0.007642537355422974
final,9,15,16,0.5713319778442383,0.5655481815338135,0.005783796310424805
final,9,16,16,0.4779821038246155,0.4715104401111603,0.0064716637134552
final,9,17,16,0.3872363567352295,0.3917326331138611,0.004496276378631592
final,9,18,16,0.48688146471977234,0.4780123233795166,0.008869141340255737
final,9,19,16,0.4655642509460449,0.46148523688316345,0.00407901406288147
final,9,20,16,0.5082045197486877,0.5080763101577759,0.00012820959091186523
final,9,21,16,0.4961531162261963,0.4938254952430725,0.0023276209831237793
final,9,22,16,0.3779483735561371,0.3746435344219208,0.0033048391342163086
final,9,23,16,0.44954195618629456,0.4551689922809601,0.005627036094665527
final,9,24,16,0.3826609253883362,0.3857424259185791,0.00308150053024292
final,9,25,16,0.30941644310951233,0.3110778331756592,0.0016613900661468506
final,9,26,16,0.4805479049682617,0.47726356983184814,0.0032843351364135742
final,9,27,16,0.4489891231060028,0.44786497950553894,0.0011241436004638672
final,9,28,16,0.3477856516838074,0.3547445237636566,0.006958872079849243
final,9,29,16,0.3307204842567444,0.3254742920398712,0.005246192216873169
final,9,30,16,0.5381550192832947,0.5374535322189331,0.0007014870643615723
final,9,31,16,0.5152265429496765,0.5128494501113892,0.0023770928382873535
final,9,32,16,0.4847985506057739,0.48592862486839294,0.0011300742626190186
final,9,33,16,0.5379417538642883,0.5382176637649536,0.0002759099006652832
final,9,34,16,0.24848121404647827,0.2505947947502136,0.0021135807037353516
final,9,35,16,0.4070919156074524,0.4086593687534332,0.001567453145980835
final,9,36,16,0.5294980406761169,0.5269800424575806,0.002517998218536377
final,9,37,16,0.34696531295776367,0.3505944013595581,0.0036290884017944336
final,9,38,16,0.37329035997390747,0.36707350611686707,0.006216853857040405
final,9,39,16,0.3377240300178528,0.3354615271091461,0.002262502908706665
final,9,40,16,0.5726880431175232,0.563032865524292,0.009655177593231201
final,9,41,16,0.5005282759666443,0.4993494749069214,0.0011788010597229004
final,9,42,16,0.4777633547782898,0.48365694284439087,0.005893588066101074
final,9,43,16,0.4296717643737793,0.4321880638599396,0.0025162994861602783
final,9,44,16,0.6645687222480774,0.6653850674629211,0.00081634521484375
final,9,45,16,0.35798949003219604,0.3590589165687561,0.0010694265365600586
final,9,46,16,0.5456708669662476,0.5452193021774292,0.0004515647888183594
final,9,47,16,0.43415960669517517,0.42489662766456604,0.00926297903060913
final,9,48,16,0.3873773515224457,0.3819945156574249,0.005382835865020752
final,9,49,16,0.3236013948917389,0.3247053027153015,0.001103907823562622
final,9,50,16,0.3886871635913849,0.3868103325366974,0.0018768310546875
final,9,51,16,0.44730818271636963,0.4516459107398987,0.004337728023529053
final,9,52,16,0.37010303139686584,0.3716692328453064,0.0015662014484405518
final,9,53,16,0.25812968611717224,0.2590712308883667,0.000941544771194458
final,9,54,16,0.3503209352493286,0.3531765043735504,0.0028555691242218018
final,9,55,16,0.4167029857635498,0.4192616939544678,0.0025587081909179688
final,9,56,16,0.27109894156455994,0.27717462182044983,0.006075680255889893
final,9,57,16,0.43286609649658203,0.4351371228694916,0.002271026372909546
final,9,58,16,0.4788263142108917,0.48207083344459534,0.0032445192337036133
final,9,59,16,0.3849424421787262,0.38386809825897217,0.0010743439197540283
final,9,60,16,0.4582673907279968,0.4633576571941376,0.005090266466140747
final,9,61,16,0.39382776618003845,0.3930412232875824,0.0007865428924560547
final,9,62,16,0.4313255250453949,0.433799684047699,0.002474159002304077
final,9,63,16,0.3436504900455475,0.34947481751441956,0.00582432746887207
initial,10,0,16,2.6134891510009766,2.6377182006835938,0.024229049682617188
initial,10,1,16,2.7331607341766357,2.7159605026245117,0.017200231552124023
initial,10,2,16,2.7048885822296143,2.708092212677002,0.0032036304473876953
initial,10,3,16,2.535465717315674,2.522298574447632,0.013167142868041992
initial,10,4,16,2.624842643737793,2.6480538845062256,0.023211240768432617
initial,10,5,16,2.601538896560669,2.6131973266601562,0.011658430099487305
initial,10,6,16,2.545029640197754,2.54017972946167,0.004849910736083984
initial,10,7,16,2.4631705284118652,2.4684760570526123,0.00530552864074707
initial,10,8,16,2.6490285396575928,2.6575005054473877,0.008471965789794922
initial,10,9,16,2.6020495891571045,2.5951197147369385,0.006929874420166016
initial,10,10,16,2.5912373065948486,2.609034776687622,0.017797470092773438
initial,10,11,16,2.5680625438690186,2.5593769550323486,0.008685588836669922
initial,10,12,16,2.457435369491577,2.453824758529663,0.0036106109619140625
initial,10,13,16,2.7156717777252197,2.6973533630371094,0.01831841468811035
initial,10,14,16,2.7016210556030273,2.6739253997802734,0.027695655822753906
initial,10,15,16,2.659817934036255,2.6569082736968994,0.0029096603393554688
initial,10,16,16,2.700040817260742,2.70699143409729,0.0069506168365478516
initial,10,17,16,2.6498119831085205,2.643012046813965,0.006799936294555664
initial,10,18,16,2.56252384185791,2.5484485626220703,0.014075279235839844
initial,10,19,16,2.7001705169677734,2.6944589614868164,0.005711555480957031
initial,10,20,16,2.686589002609253,2.6772122383117676,0.009376764297485352
initial,10,21,16,2.648442029953003,2.6674487590789795,0.019006729125976562
initial,10,22,16,2.6502506732940674,2.658841133117676,0.008590459823608398
initial,10,23,16,2.542395830154419,2.534759759902954,0.007636070251464844
initial,10,24,16,2.467522144317627,2.4564707279205322,0.011051416397094727
initial,10,25,16,2.6000194549560547,2.601536989212036,0.0015175342559814453
initial,10,26,16,2.645329236984253,2.662750482559204,0.017421245574951172
initial,10,27,16,2.519559144973755,2.5164616107940674,0.0030975341796875
initial,10,28,16,2.6249194145202637,2.6260955333709717,0.0011761188507080078
initial,10,29,16,2.5260324478149414,2.537999391555786,0.011966943740844727
initial,10,30,16,2.604217767715454,2.599621057510376,0.004596710205078125
initial,10,31,16,2.593998432159424,2.6062803268432617,0.01228189468383789
initial,10,32,16,2.660153865814209,2.6902518272399902,0.03009796142578125
initial,10,33,16,2.5564050674438477,2.5374207496643066,0.018984317779541016
initial,10,34,16,2.5025243759155273,2.500112533569336,0.0024118423461914062
initial,10,35,16,2.571044683456421,2.5652666091918945,0.005778074264526367
initial,10,36,16,2.533608913421631,2.526567220687866,0.0070416927337646484
initial,10,37,16,2.6912591457366943,2.688474178314209,0.0027849674224853516
initial,10,38,16,2.564406633377075,2.5616540908813477,0.002752542495727539
initial,10,39,16,2.6959431171417236,2.7017691135406494,0.005825996398925781
initial,10,40,16,2.645540952682495,2.6324682235717773,0.013072729110717773
initial,10,41,16,2.614527702331543,2.60630202293396,0.008225679397583008
initial,10,42,16,2.5730090141296387,2.5588927268981934,0.014116287231445312
initial,10,43,16,2.6115076541900635,2.6200244426727295,0.008516788482666016
initial,10,44,16,2.661101818084717,2.6595637798309326,0.0015380382537841797
initial,10,45,16,2.5361483097076416,2.5425660610198975,0.006417751312255859
initial,10,46,16,2.589428663253784,2.5966501235961914,0.0072214603424072266
initial,10,47,16,2.620551109313965,2.6238486766815186,0.003297567367553711
initial,10,48,16,2.591252565383911,2.5836732387542725,0.007579326629638672
initial,10,49,16,2.5531675815582275,2.553865671157837,0.000698089599609375
initial,10,50,16,2.574414014816284,2.5769340991973877,0.0025200843811035156
initial,10,51,16,2.5800223350524902,2.575434446334839,0.004587888717651367
initial,10,52,16,2.61217999458313,2.618025779724121,0.005845785140991211
initial,10,53,16,2.567965269088745,2.5725350379943848,0.0045697689056396484
initial,10,54,16,2.5189685821533203,2.517199993133545,0.0017685890197753906
initial,10,55,16,2.6452560424804688,2.65317440032959,0.007918357849121094
initial,10,56,16,2.578420639038086,2.575563907623291,0.002856731414794922
initial,10,57,16,2.5354061126708984,2.5366952419281006,0.0012891292572021484
initial,10,58,16,2.5061612129211426,2.511821985244751,0.0056607723236083984
initial,10,59,16,2.687282085418701,2.6878762245178223,0.0005941390991210938
initial,10,60,16,2.4765539169311523,2.4703660011291504,0.006187915802001953
initial,10,61,16,2.5909762382507324,2.597496509552002,0.006520271301269531
initial,10,62,16,2.5639779567718506,2.566819906234741,0.002841949462890625
initial,10,63,16,2.574138641357422,2.5795674324035645,0.005428791046142578
final,10,0,16,0.23771469295024872,0.24040456116199493,0.002689868211746216
final,10,1,16,0.32007187604904175,0.3134413957595825,0.0066304802894592285
final,10,2,16,0.34359210729599,0.3439205288887024,0.00032842159271240234
final,10,3,16,0.3875570595264435,0.38728585839271545,0.00027120113372802734
final,10,4,16,0.3413981795310974,0.34339579939842224,0.001997619867324829
final,10,5,16,0.5201979279518127,0.5237067937850952,0.0035088658332824707
final,10,6,16,0.26834118366241455,0.2718270421028137,0.00348585844039917
final,10,7,16,0.39386096596717834,0.3941590189933777,0.0002980530261993408
final,10,8,16,0.3106800317764282,0.31479811668395996,0.004118084907531738
final,10,9,16,0.4350901246070862,0.4308740794658661,0.004216045141220093
final,10,10,16,0.53251713514328,0.546047568321228,0.013530433177947998
final,10,11,16,0.39667630195617676,0.39763882756233215,0.0009625256061553955
final,10,12,16,0.5129431486129761,0.5126924514770508,0.00025069713592529297
final,10,13,16,0.48356717824935913,0.47572338581085205,0.00784379243850708
final,10,14,16,0.5475986003875732,0.5421704053878784,0.005428194999694824
final,10,15,16,0.2405039221048355,0.24228104948997498,0.0017771273851394653
final,10,16,16,0.45047834515571594,0.44694069027900696,0.0035376548767089844
final,10,17,16,0.4091967046260834,0.4105173945426941,0.0013206899166107178
final,10,18,16,0.41565993428230286,0.42792782187461853,0.012267887592315674
final,10,19,16,0.3415587246417999,0.3399963676929474,0.001562356948852539
final,10,20,16,0.5383545160293579,0.5422952175140381,0.003940701484680176
final,10,21,16,0.49591919779777527,0.49743178486824036,0.0015125870704650879
final,10,22,16,0.42448800802230835,0.4185045063495636,0.005983501672744751
final,10,23,16,0.35331258177757263,0.35567569732666016,0.0023631155490875244
final,10,24,16,0.4459160268306732,0.4521976411342621,0.006281614303588867
final,10,25,16,0.6189855933189392,0.6191543340682983,0.00016874074935913086
final,10,26,16,0.3395466208457947,0.33819037675857544,0.0013562440872192383
final,10,27,16,0.5243468284606934,0.520992636680603,0.003354191780090332
final,10,28,16,0.3760775029659271,0.368160605430603,0.007916897535324097
final,10,29,16,0.3397297263145447,0.3387938439846039,0.0009358823299407959
final,10,30,16,0.37240564823150635,0.3762780725955963,0.003872424364089966
final,10,31,16,0.4700794517993927,0.4715048372745514,0.0014253854751586914
final,10,32,16,0.4790194034576416,0.48270314931869507,0.003683745861053467
final,10,33,16,0.48431989550590515,0.48541200160980225,0.0010921061038970947
final,10,34,16,0.634331226348877,0.6352795362472534,0.0009483098983764648
final,10,35,16,0.3141446113586426,0.31345874071121216,0.0006858706474304199
final,10,36,16,0.4727083146572113,0.46701303124427795,0.00569528341293335
final,10,37,16,0.5066838264465332,0.509425699710846,0.002741873264312744
final,10,38,16,0.3211444616317749,0.32616740465164185,0.005022943019866943
final,10,39,16,0.31328409910202026,0.3107697367668152,0.002514362335205078
final,10,40,16,0.5616647601127625,0.5572015047073364,0.004463255405426025
final,10,41,16,0.52753084897995,0.5342957973480225,0.00676494836807251
final,10,42,16,0.43756094574928284,0.4470777213573456,0.009516775608062744
final,10,43,16,0.5180427432060242,0.5115904808044434,0.0064522624015808105
final,10,44,16,0.33947455883026123,0.345479279756546,0.00600472092628479
final,10,45,16,0.38927122950553894,0.38555312156677246,0.0037181079387664795
final,10,46,16,0.3447406589984894,0.3392614424228668,0.005479216575622559
final,10,47,16,0.5071489810943604,0.5069878101348877,0.00016117095947265625
final,10,48,16,0.6493515968322754,0.6608728170394897,0.011521220207214355
final,10,49,16,0.2876800298690796,0.28480371832847595,0.0028763115406036377
final,10,50,16,0.2325328290462494,0.22961115837097168,0.00292167067527771
final,10,51,16,0.5253242254257202,0.526020884513855,0.0006966590881347656
final,10,52,16,0.37160709500312805,0.3747737407684326,0.0031666457653045654
final,10,53,16,0.5647537112236023,0.566518247127533,0.001764535903930664
final,10,54,16,0.4672043025493622,0.4715198874473572,0.004315584897994995
final,10,55,16,0.3811829090118408,0.38450750708580017,0.0033245980739593506
final,10,56,16,0.3628706932067871,0.3629913926124573,0.00012069940567016602
final,10,57,16,0.31998056173324585,0.32794398069381714,0.007963418960571289
final,10,58,16,0.43253371119499207,0.4419672191143036,0.009433507919311523
final,10,59,16,0.2542680501937866,0.25922977924346924,0.004961729049682617
final,10,60,16,0.5203839540481567,0.5231784582138062,0.002794504165649414
final,10,61,16,0.4753763675689697,0.4788244068622589,0.0034480392932891846
final,10,62,16,0.29983577132225037,0.291860431432724,0.007975339889526367
final,10,63,16,0.5591718554496765,0.5502716898918152,0.008900165557861328
initial,11,0,16,2.5100769996643066,2.518942356109619,0.0088653564453125
initial,11,1,16,2.643645763397217,2.6601402759552,0.0164945125579834
initial,11,2,16,2.5661814212799072,2.567789077758789,0.001607656478881836
initial,11,3,16,2.610893726348877,2.6114466190338135,0.0005528926849365234
initial,11,4,16,2.557490825653076,2.559088945388794,0.0015981197357177734
initial,11,5,16,2.6541192531585693,2.6344571113586426,0.019662141799926758
initial,11,6,16,2.73211407661438,2.7271740436553955,0.004940032958984375
initial,11,7,16,2.560411214828491,2.5684826374053955,0.008071422576904297
initial,11,8,16,2.6593430042266846,2.640636920928955,0.018706083297729492
initial,11,9,16,2.4039273262023926,2.404341697692871,0.0004143714904785156
initial,11,10,16,2.5767455101013184,2.5814642906188965,0.004718780517578125
initial,11,11,16,2.64695143699646,2.655255079269409,0.008303642272949219
initial,11,12,16,2.4631505012512207,2.452432632446289,0.01071786880493164
initial,11,13,16,2.6546413898468018,2.652794122695923,0.0018472671508789062
initial,11,14,16,2.5915896892547607,2.591625452041626,3.5762786865234375e-05
initial,11,15,16,2.5492892265319824,2.5571377277374268,0.007848501205444336
initial,11,16,16,2.679556131362915,2.692283868789673,0.012727737426757812
initial,11,17,16,2.552963972091675,2.55412220954895,0.0011582374572753906
initial,11,18,16,2.590425729751587,2.603898763656616,0.013473033905029297
initial,11,19,16,2.658954381942749,2.6549408435821533,0.004013538360595703
initial,11,20,16,2.6088294982910156,2.6019303798675537,0.006899118423461914
initial,11,21,16,2.634742021560669,2.640071153640747,0.005329132080078125
initial,11,22,16,2.5624144077301025,2.5478718280792236,0.014542579650878906
initial,11,23,16,2.572000026702881,2.5847911834716797,0.012791156768798828
initial,11,24,16,2.6506290435791016,2.6465067863464355,0.004122257232666016
initial,11,25,16,2.57193922996521,2.5791094303131104,0.007170200347900391
initial,11,26,16,2.5396156311035156,2.5522804260253906,0.012664794921875
initial,11,27,16,2.495363473892212,2.498675584793091,0.0033121109008789062
initial,11,28,16,2.6687920093536377,2.673813819885254,0.005021810531616211
initial,11,29,16,2.6339290142059326,2.6506259441375732,0.016696929931640625
initial,11,30,16,2.5485622882843018,2.5460801124572754,0.002482175827026367
initial,11,31,16,2.607801914215088,2.594846725463867,0.012955188751220703
initial,11,32,16,2.5295770168304443,2.5270023345947266,0.0025746822357177734
initial,11,33,16,2.5989811420440674,2.597543954849243,0.0014371871948242188
initial,11,34,16,2.582812786102295,2.5679311752319336,0.014881610870361328
initial,11,35,16,2.5947623252868652,2.594392776489258,0.0003695487976074219
initial,11,36,16,2.587723731994629,2.5847959518432617,0.0029277801513671875
initial,11,37,16,2.5731852054595947,2.561032295227051,0.012152910232543945
initial,11,38,16,2.7981958389282227,2.8012595176696777,0.003063678741455078
initial,11,39,16,2.5816521644592285,2.5992183685302734,0.017566204071044922
initial,11,40,16,2.6452012062072754,2.6312308311462402,0.013970375061035156
initial,11,41,16,2.6027910709381104,2.61352801322937,0.010736942291259766
initial,11,42,16,2.686587333679199,2.6886017322540283,0.0020143985748291016
initial,11,43,16,2.539205551147461,2.5448410511016846,0.005635499954223633
initial,11,44,16,2.655684471130371,2.6521809101104736,0.003503561019897461
initial,11,45,16,2.4865076541900635,2.481065034866333,0.005442619323730469
initial,11,46,16,2.521547794342041,2.524628162384033,0.0030803680419921875
initial,11,47,16,2.6433169841766357,2.6373798847198486,0.005937099456787109
initial,11,48,16,2.648254156112671,2.6415839195251465,0.006670236587524414
initial,11,49,16,2.5759735107421875,2.572108745574951,0.003864765167236328
initial,11,50,16,2.638864755630493,2.6236231327056885,0.015241622924804688
initial,11,51,16,2.5043563842773438,2.5107321739196777,0.006375789642333984
initial,11,52,16,2.4695565700531006,2.4602322578430176,0.009324312210083008
initial,11,53,16,2.644599676132202,2.6457180976867676,0.0011184215545654297
initial,11,54,16,2.5791757106781006,2.5573034286499023,0.021872282028198242
initial,11,55,16,2.5614967346191406,2.56350040435791,0.0020036697387695312
initial,11,56,16,2.6361374855041504,2.6313090324401855,0.004828453063964844
initial,11,57,16,2.5867843627929688,2.56697154045105,0.019812822341918945
initial,11,58,16,2.5641400814056396,2.5678458213806152,0.003705739974975586
initial,11,59,16,2.7428441047668457,2.7287819385528564,0.014062166213989258
initial,11,60,16,2.532437801361084,2.5268871784210205,0.0055506229400634766
initial,11,61,16,2.606926918029785,2.610764503479004,0.00383758544921875
initial,11,62,16,2.666179656982422,2.6763792037963867,0.010199546813964844
initial,11,63,16,2.5662784576416016,2.5663957595825195,0.00011730194091796875
final,11,0,16,0.39592573046684265,0.39840295910835266,0.0024772286415100098
final,11,1,16,0.4504419267177582,0.45005732774734497,0.000384598970413208
final,11,2,16,0.37241223454475403,0.3743342459201813,0.001922011375427246
final,11,3,16,0.3327874541282654,0.3314785361289978,0.0013089179992675781
final,11,4,16,0.3326239585876465,0.33113521337509155,0.0014887452125549316
final,11,5,16,0.4457966685295105,0.45199060440063477,0.006193935871124268
final,11,6,16,0.2958880364894867,0.2965856194496155,0.0006975829601287842
final,11,7,16,0.3940475285053253,0.38907790184020996,0.0049696266651153564
final,11,8,16,0.38208386301994324,0.3827134966850281,0.0006296336650848389
final,11,9,16,0.46494629979133606,0.47299861907958984,0.008052319288253784
final,11,10,16,0.3562573790550232,0.35661837458610535,0.0003609955310821533
final,11,11,16,0.35380375385284424,0.3495543897151947,0.004249364137649536
final,11,12,16,0.37846365571022034,0.38140395283699036,0.0029402971267700195
final,11,13,16,0.36130234599113464,0.3610069155693054,0.00029543042182922363
final,11,14,16,0.38655897974967957,0.385528028011322,0.001030951738357544
final,11,15,16,0.30967891216278076,0.3093569874763489,0.00032192468643188477
final,11,16,16,0.31082454323768616,0.31008973717689514,0.0007348060607910156
final,11,17,16,0.6409196257591248,0.6402044296264648,0.0007151961326599121
final,11,18,16,0.3339335322380066,0.33856695890426636,0.004633426666259766
final,11,19,16,0.39864692091941833,0.3889034390449524,0.009743481874465942
final,11,20,16,0.45671331882476807,0.4533754885196686,0.0033378303050994873
final,11,21,16,0.3091419041156769,0.3103192150592804,0.0011773109436035156
final,11,22,16,0.5903992056846619,0.5881462097167969,0.0022529959678649902
final,11,23,16,0.3577798902988434,0.35728153586387634,0.000498354434967041
final,11,24,16,0.556722104549408,0.5519999265670776,0.004722177982330322
final,11,25,16,0.470196932554245,0.46791017055511475,0.002286761999130249
final,11,26,16,0.3484105169773102,0.35075733065605164,0.002346813678741455
final,11,27,16,0.3588147759437561,0.3603772222995758,0.0015624463558197021
final,11,28,16,0.31073352694511414,0.30953118205070496,0.0012023448944091797
final,11,29,16,0.6489350199699402,0.6542707085609436,0.005335688591003418
final,11,30,16,0.347809761762619,0.34439921379089355,0.003410547971725464
final,11,31,16,0.40040063858032227,0.40735557675361633,0.006954938173294067
final,11,32,16,0.42500418424606323,0.42421194911003113,0.0007922351360321045
final,11,33,16,0.4236195981502533,0.4283289909362793,0.004709392786026001
final,11,34,16,0.47030332684516907,0.4654293954372406,0.004873931407928467
final,11,35,16,0.3582278788089752,0.3617594540119171,0.0035315752029418945
final,11,36,16,0.46015453338623047,0.45770910382270813,0.002445429563522339
final,11,37,16,0.4834330081939697,0.4861241579055786,0.0026911497116088867
final,11,38,16,0.48243483901023865,0.4852730333805084,0.0028381943702697754
final,11,39,16,0.42491453886032104,0.4331371784210205,0.008222639560699463
final,11,40,16,0.5605528950691223,0.5576178431510925,0.002935051918029785
final,11,41,16,0.2706471383571625,0.2701290249824524,0.000518113374710083
final,11,42,16,0.5053667426109314,0.5093136429786682,0.003946900367736816
final,11,43,16,0.4217873811721802,0.4209335744380951,0.000853806734085083
final,11,44,16,0.5067648887634277,0.5107382535934448,0.00397336483001709
final,11,45,16,0.5169394016265869,0.5211296081542969,0.004190206527709961
final,11,46,16,0.3807368874549866,0.3782453238964081,0.002491563558578491
final,11,47,16,0.40158772468566895,0.40012550354003906,0.0014622211456298828
final,11,48,16,0.348544716835022,0.34952303767204285,0.000978320837020874
final,11,49,16,0.6083871722221375,0.6091668009757996,0.0007796287536621094
final,11,50,16,0.313960462808609,0.3143327832221985,0.00037232041358947754
final,11,51,16,0.4812060594558716,0.48282870650291443,0.0016226470470428467
final,11,52,16,0.6046406030654907,0.5997973084449768,0.004843294620513916
final,11,53,16,0.3250400424003601,0.3196023404598236,0.005437701940536499
final,11,54,16,0.4758537709712982,0.4739694893360138,0.0018842816352844238
final,11,55,16,0.3599517047405243,0.3606003522872925,0.0006486475467681885
final,11,56,16,0.3698156476020813,0.37005895376205444,0.00024330615997314453
final,11,57,16,0.40844935178756714,0.40831291675567627,0.00013643503189086914
final,11,58,16,0.35276302695274353,0.3466311991214752,0.0061318278312683105
final,11,59,16,0.4026499390602112,0.3991906940937042,0.003459244966506958
final,11,60,16,0.494962602853775,0.49498340487480164,2.0802021026611328e-05
final,11,61,16,0.36841779947280884,0.35990986227989197,0.00850793719291687
final,11,62,16,0.49514150619506836,0.49664464592933655,0.0015031397342681885
final,11,63,16,0.2719396948814392,0.2735852003097534,0.001645505428314209
initial,12,0,16,2.6557888984680176,2.6554925441741943,0.0002963542938232422
initial,12,1,16,2.581859827041626,2.5795352458953857,0.0023245811462402344
initial,12,2,16,2.6106812953948975,2.6169557571411133,0.00627446174621582
initial,12,3,16,2.489328384399414,2.4893035888671875,2.47955322265625e-05
initial,12,4,16,2.4847288131713867,2.4765777587890625,0.008151054382324219
initial,12,5,16,2.621764898300171,2.6155343055725098,0.006230592727661133
initial,12,6,16,2.6199278831481934,2.6288952827453613,0.008967399597167969
initial,12,7,16,2.655010938644409,2.661165952682495,0.0061550140380859375
initial,12,8,16,2.563939094543457,2.56188702583313,0.0020520687103271484
initial,12,9,16,2.62856388092041,2.6263251304626465,0.002238750457763672
initial,12,10,16,2.616785764694214,2.6154911518096924,0.0012946128845214844
initial,12,11,16,2.521624803543091,2.529085636138916,0.007460832595825195
initial,12,12,16,2.50602388381958,2.5079498291015625,0.0019259452819824219
initial,12,13,16,2.5931835174560547,2.5950186252593994,0.0018351078033447266
initial,12,14,16,2.6025075912475586,2.5966298580169678,0.00587773323059082
initial,12,15,16,2.670715808868408,2.6513917446136475,0.019324064254760742
initial,12,16,16,2.6137030124664307,2.619755506515503,0.006052494049072266
initial,12,17,16,2.555607318878174,2.570260524749756,0.014653205871582031
initial,12,18,16,2.6049931049346924,2.609879732131958,0.004886627197265625
initial,12,19,16,2.651177406311035,2.648920774459839,0.002256631851196289
initial,12,20,16,2.622260332107544,2.61244797706604,0.009812355041503906
initial,12,21,16,2.6243321895599365,2.629636764526367,0.005304574966430664
initial,12,22,16,2.605701446533203,2.604478359222412,0.0012230873107910156
initial,12,23,16,2.60876727104187,2.593276262283325,0.015491008758544922
initial,12,24,16,2.7179415225982666,2.714885711669922,0.0030558109283447266
initial,12,25,16,2.710205078125,2.713355541229248,0.003150463104248047
initial,12,26,16,2.544184923171997,2.5413858890533447,0.0027990341186523438
initial,12,27,16,2.575171947479248,2.567566156387329,0.007605791091918945
initial,12,28,16,2.4739463329315186,2.4668684005737305,0.007077932357788086
initial,12,29,16,2.458045721054077,2.455857038497925,0.0021886825561523438
initial,12,30,16,2.58284592628479,2.59323787689209,0.010391950607299805
initial,12,31,16,2.6740951538085938,2.674501657485962,0.00040650367736816406
initial,12,32,16,2.5653676986694336,2.5649516582489014,0.00041604042053222656
initial,12,33,16,2.6124427318573,2.615715742111206,0.00327301025390625
initial,12,34,16,2.614269733428955,2.623807191848755,0.009537458419799805
initial,12,35,16,2.5748095512390137,2.5865378379821777,0.011728286743164062
initial,12,36,16,2.591815233230591,2.6099395751953125,0.01812434196472168
initial,12,37,16,2.6273584365844727,2.6401689052581787,0.012810468673706055
initial,12,38,16,2.6638922691345215,2.677704334259033,0.013812065124511719
initial,12,39,16,2.473463773727417,2.4691948890686035,0.0042688846588134766
initial,12,40,16,2.6306378841400146,2.644778251647949,0.01414036750793457
initial,12,41,16,2.642740488052368,2.623762845993042,0.018977642059326172
initial,12,42,16,2.5594065189361572,2.5498392581939697,0.0095672607421875
initial,12,43,16,2.5576303005218506,2.555666923522949,0.001963376998901367
initial,12,44,16,2.5791208744049072,2.5787343978881836,0.0003864765167236328
initial,12,45,16,2.675581932067871,2.6574487686157227,0.018133163452148438
initial,12,46,16,2.6929872035980225,2.6963181495666504,0.0033309459686279297
initial,12,47,16,2.558333396911621,2.5551676750183105,0.003165721893310547
initial,12,48,16,2.5787806510925293,2.5779013633728027,0.0008792877197265625
initial,12,49,16,2.6346020698547363,2.6308069229125977,0.003795146942138672
initial,12,50,16,2.483261823654175,2.4988815784454346,0.015619754791259766
initial,12,51,16,2.5698375701904297,2.554215669631958,0.01562190055847168
initial,12,52,16,2.616398811340332,2.6243979930877686,0.007999181747436523
initial,12,53,16,2.5981953144073486,2.6204028129577637,0.02220749855041504
initial,12,54,16,2.572869300842285,2.573214530944824,0.0003452301025390625
initial,12,55,16,2.510998249053955,2.4967775344848633,0.014220714569091797
initial,12,56,16,2.7088491916656494,2.7059695720672607,0.002879619598388672
initial,12,57,16,2.6571457386016846,2.6630990505218506,0.005953311920166016
initial,12,58,16,2.546497106552124,2.5482897758483887,0.0017926692962646484
initial,12,59,16,2.5691490173339844,2.5688610076904297,0.0002880096435546875
initial,12,60,16,2.7727231979370117,2.7633025646209717,0.009420633316040039
initial,12,61,16,2.508960485458374,2.5046510696411133,0.004309415817260742
initial,12,62,16,2.5876381397247314,2.592262029647827,0.004623889923095703
initial,12,63,16,2.6238651275634766,2.6219208240509033,0.0019443035125732422
final,12,0,16,0.3823343813419342,0.38794517517089844,0.005610793828964233
final,12,1,16,0.3829684257507324,0.38748857378959656,0.004520148038864136
final,12,2,16,0.5879911780357361,0.5928725004196167,0.004881322383880615
final,12,3,16,0.6847848892211914,0.679983377456665,0.004801511764526367
final,12,4,16,0.35176292061805725,0.3524639904499054,0.0007010698318481445
final,12,5,16,0.4433213174343109,0.4431166648864746,0.0002046525478363037
final,12,6,16,0.44498875737190247,0.4493066370487213,0.004317879676818848
final,12,7,16,0.45662254095077515,0.4579010307788849,0.0012784898281097412
final,12,8,16,0.3728910982608795,0.3731125295162201,0.00022143125534057617
final,12,9,16,0.3515605628490448,0.35370996594429016,0.0021494030952453613
final,12,10,16,0.47817865014076233,0.47705304622650146,0.0011256039142608643
final,12,11,16,0.335178405046463,0.33950692415237427,0.004328519105911255
final,12,12,16,0.47958052158355713,0.47695401310920715,0.0026265084743499756
final,12,13,16,0.41063717007637024,0.4093032479286194,0.0013339221477508545
final,12,14,16,0.39086103439331055,0.391681432723999,0.0008203983306884766
final,12,15,16,0.2871745526790619,0.2834914028644562,0.003683149814605713
final,12,16,16,0.365354061126709,0.3675134778022766,0.002159416675567627
final,12,17,16,0.3710525631904602,0.3688849210739136,0.002167642116546631
final,12,18,16,0.4688631296157837,0.46555382013320923,0.003309309482574463
final,12,19,16,0.47852566838264465,0.4781734049320221,0.0003522634506225586
final,12,20,16,0.47896644473075867,0.4804985523223877,0.0015321075916290283
final,12,21,16,0.35014429688453674,0.35080742835998535,0.0006631314754486084
final,12,22,16,0.5567569732666016,0.5636165142059326,0.006859540939331055
final,12,23,16,0.392868310213089,0.39614760875701904,0.0032792985439300537
final,12,24,16,0.32274171710014343,0.321571409702301,0.0011703073978424072
final,12,25,16,0.3853362798690796,0.37847304344177246,0.006863236427307129
final,12,26,16,0.4453844130039215,0.449775367975235,0.0043909549713134766
final,12,27,16,0.4184255301952362,0.4146853983402252,0.0037401318550109863
final,12,28,16,0.3318037986755371,0.33306029438972473,0.001256495714187622
final,12,29,16,0.5035594701766968,0.511080265045166,0.007520794868469238
final,12,30,16,0.35557788610458374,0.3476267457008362,0.007951140403747559
final,12,31,16,0.3128582835197449,0.31439071893692017,0.001532435417175293
final,12,32,16,0.4168756306171417,0.4149894416332245,0.0018861889839172363
final,12,33,16,0.42700132727622986,0.43592411279678345,0.008922785520553589
final,12,34,16,0.4395095705986023,0.4350517988204956,0.0044577717781066895
final,12,35,16,0.31441932916641235,0.3115955889225006,0.002823740243911743
final,12,36,16,0.4808472990989685,0.4761750102043152,0.00467228889465332
final,12,37,16,0.39383915066719055,0.39548346400260925,0.0016443133354187012
final,12,38,16,0.39573460817337036,0.3864707946777344,0.009263813495635986
final,12,39,16,0.49942025542259216,0.4884756803512573,0.010944575071334839
final,12,40,16,0.3325485289096832,0.3270301818847656,0.0055183470249176025
final,12,41,16,0.5498978495597839,0.5538972020149231,0.00399935245513916
final,12,42,16,0.4565775394439697,0.4570524990558624,0.0004749596118927002
final,12,43,16,0.4607461094856262,0.45810726284980774,0.0026388466358184814
final,12,44,16,0.4552552103996277,0.4546066224575043,0.0006485879421234131
final,12,45,16,0.31577229499816895,0.30969053506851196,0.006081759929656982
final,12,46,16,0.34172946214675903,0.34077614545822144,0.0009533166885375977
final,12,47,16,0.46754544973373413,0.4611050486564636,0.006440401077270508
final,12,48,16,0.4695671796798706,0.4581376910209656,0.01142948865890503
final,12,49,16,0.5507557988166809,0.5521876215934753,0.0014318227767944336
final,12,50,16,0.4624232351779938,0.46228256821632385,0.00014066696166992188
final,12,51,16,0.3581393361091614,0.35722142457962036,0.0009179115295410156
final,12,52,16,0.45643872022628784,0.4601748287677765,0.0037361085414886475
final,12,53,16,0.44069981575012207,0.45203372836112976,0.01133391261100769
final,12,54,16,0.5534483194351196,0.5543177127838135,0.0008693933486938477
final,12,55,16,0.4809954762458801,0.48050427436828613,0.0004912018775939941
final,12,56,16,0.5325533151626587,0.5277083516120911,0.004844963550567627
final,12,57,16,0.3897251784801483,0.39683640003204346,0.007111221551895142
final,12,58,16,0.4937087893486023,0.4942634105682373,0.0005546212196350098
final,12,59,16,0.611331045627594,0.6182416677474976,0.0069106221199035645
final,12,60,16,0.3308682441711426,0.32997819781303406,0.0008900463581085205
final,12,61,16,0.5143941044807434,0.5092857480049133,0.005108356475830078
final,12,62,16,0.5442783236503601,0.5350921154022217,0.009186208248138428
final,12,63,16,0.40009257197380066,0.40249356627464294,0.002400994300842285
initial,13,0,16,2.6453816890716553,2.631915330886841,0.013466358184814453
initial,13,1,16,2.6398887634277344,2.639892101287842,3.337860107421875e-06
initial,13,2,16,2.710995674133301,2.6993300914764404,0.011665582656860352
initial,13,3,16,2.5824644565582275,2.5947787761688232,0.012314319610595703
initial,13,4,16,2.5666966438293457,2.5636632442474365,0.0030333995819091797
initial,13,5,16,2.696427345275879,2.701524257659912,0.005096912384033203
initial,13,6,16,2.6679956912994385,2.6700973510742188,0.0021016597747802734
initial,13,7,16,2.617069959640503,2.6045725345611572,0.012497425079345703
initial,13,8,16,2.6552114486694336,2.660144567489624,0.00493311882019043
initial,13,9,16,2.5649454593658447,2.5490124225616455,0.01593303680419922
initial,13,10,16,2.5590903759002686,2.5575931072235107,0.0014972686767578125
initial,13,11,16,2.610410213470459,2.6018130779266357,0.008597135543823242
initial,13,12,16,2.5318188667297363,2.5412116050720215,0.009392738342285156
initial,13,13,16,2.593066692352295,2.583308696746826,0.00975799560546875
initial,13,14,16,2.709381341934204,2.7030012607574463,0.0063800811767578125
initial,13,15,16,2.6533520221710205,2.6502842903137207,0.0030677318572998047
initial,13,16,16,2.6293392181396484,2.614891529083252,0.014447689056396484
initial,13,17,16,2.5391876697540283,2.5541787147521973,0.014991044998168945
initial,13,18,16,2.577925682067871,2.580651044845581,0.002725362777709961
initial,13,19,16,2.617123603820801,2.619354486465454,0.0022308826446533203
initial,13,20,16,2.654646158218384,2.648383140563965,0.006263017654418945
initial,13,21,16,2.598140001296997,2.6012425422668457,0.003102540969848633
initial,13,22,16,2.420454263687134,2.4154739379882812,0.004980325698852539
initial,13,23,16,2.562619209289551,2.577564239501953,0.014945030212402344
initial,13,24,16,2.5719995498657227,2.560481309890747,0.011518239974975586
initial,13,25,16,2.4982151985168457,2.4948740005493164,0.003341197967529297
initial,13,26,16,2.528996467590332,2.52864670753479,0.0003497600555419922
initial,13,27,16,2.407362461090088,2.409259796142578,0.0018973350524902344
initial,13,28,16,2.6205358505249023,2.635061025619507,0.014525175094604492
initial,13,29,16,2.6092936992645264,2.5980732440948486,0.011220455169677734
initial,13,30,16,2.663261890411377,2.6548354625701904,0.008426427841186523
initial,13,31,16,2.6528494358062744,2.6528642177581787,1.4781951904296875e-05
initial,13,32,16,2.4995596408843994,2.492709159851074,0.006850481033325195
initial,13,33,16,2.630296468734741,2.642697811126709,0.012401342391967773
initial,13,34,16,2.590106725692749,2.585775375366211,0.004331350326538086
initial,13,35,16,2.60730242729187,2.588848829269409,0.018453598022460938
initial,13,36,16,2.653489828109741,2.6572279930114746,0.0037381649017333984
initial,13,37,16,2.485137701034546,2.4782955646514893,0.006842136383056641
initial,13,38,16,2.5776031017303467,2.5892765522003174,0.011673450469970703
initial,13,39,16,2.522218942642212,2.5333731174468994,0.0111541748046875
initial,13,40,16,2.6293575763702393,2.6288013458251953,0.0005562305450439453
initial,13,41,16,2.5528857707977295,2.556884527206421,0.003998756408691406
initial,13,42,16,2.5716054439544678,2.5830671787261963,0.011461734771728516
initial,13,43,16,2.6874003410339355,2.6774792671203613,0.009921073913574219
initial,13,44,16,2.649730682373047,2.6723592281341553,0.0226285457611084
initial,13,45,16,2.5749549865722656,2.5846588611602783,0.009703874588012695
initial,13,46,16,2.566960573196411,2.5631113052368164,0.0038492679595947266
initial,13,47,16,2.7554819583892822,2.760265827178955,0.0047838687896728516
initial,13,48,16,2.678004026412964,2.658952474594116,0.019051551818847656
initial,13,49,16,2.548030138015747,2.5512523651123047,0.003222227096557617
initial,13,50,16,2.586423397064209,2.598026990890503,0.011603593826293945
initial,13,51,16,2.579176902770996,2.5826120376586914,0.0034351348876953125
initial,13,52,16,2.5709187984466553,2.575882911682129,0.004964113235473633
initial,13,53,16,2.675856351852417,2.665489435195923,0.01036691665649414
initial,13,54,16,2.5715384483337402,2.5745325088500977,0.002994060516357422
initial,13,55,16,2.681408643722534,2.679006576538086,0.002402067184448242
initial,13,56,16,2.65057373046875,2.6462924480438232,0.004281282424926758
initial,13,57,16,2.6022355556488037,2.5993287563323975,0.00290679931640625
initial,13,58,16,2.69439435005188,2.685776472091675,0.008617877960205078
initial,13,59,16,2.5283143520355225,2.5397794246673584,0.011465072631835938
initial,13,60,16,2.5492827892303467,2.536865711212158,0.012417078018188477
initial,13,61,16,2.4846858978271484,2.475616693496704,0.009069204330444336
initial,13,62,16,2.6289939880371094,2.609706401824951,0.019287586212158203
initial,13,63,16,2.5779147148132324,2.5748839378356934,0.0030307769775390625
final,13,0,16,0.6427001357078552,0.6374058723449707,0.0052942633628845215
final,13,1,16,0.45064660906791687,0.4539389908313751,0.003292381763458252
final,13,2,16,0.3391854465007782,0.3367505669593811,0.0024348795413970947
final,13,3,16,0.401283323764801,0.39922693371772766,0.0020563900470733643
final,13,4,16,0.4797842502593994,0.4797944128513336,1.0162591934204102e-05
final,13,5,16,0.3016080856323242,0.30284541845321655,0.001237332820892334
final,13,6,16,0.5171477198600769,0.5109076499938965,0.00624006986618042
final,13,7,16,0.5553743839263916,0.559032142162323,0.0036577582359313965
final,13,8,16,0.31746289134025574,0.3250464200973511,0.007583528757095337
final,13,9,16,0.4979451894760132,0.49439725279808044,0.0035479366779327393
final,13,10,16,0.49758338928222656,0.49832403659820557,0.0007406473159790039
final,13,11,16,0.44688665866851807,0.4477322995662689,0.0008456408977508545
final,13,12,16,0.38840198516845703,0.39178797602653503,0.003385990858078003
final,13,13,16,0.47367948293685913,0.4695937931537628,0.0040856897830963135
final,13,14,16,0.290676087141037,0.29876598715782166,0.008089900016784668
final,13,15,16,0.5276313424110413,0.5305465459823608,0.00291520357131958
final,13,16,16,0.25639280676841736,0.2593630850315094,0.002970278263092041
final,13,17,16,0.4795139729976654,0.47345486283302307,0.006059110164642334
final,13,18,16,0.5279719233512878,0.5255235433578491,0.0024483799934387207
final,13,19,16,0.36395007371902466,0.36432939767837524,0.00037932395935058594
final,13,20,16,0.4530220925807953,0.44309720396995544,0.009924888610839844
final,13,21,16,0.42286959290504456,0.4207969009876251,0.0020726919174194336
final,13,22,16,0.4073024392127991,0.41444462537765503,0.007142186164855957
final,13,23,16,0.5348936319351196,0.5427730679512024,0.007879436016082764
final,13,24,16,0.3871259093284607,0.38338184356689453,0.003744065761566162
final,13,25,16,0.4664962589740753,0.46264854073524475,0.0038477182388305664
final,13,26,16,0.5838928818702698,0.5776865482330322,0.006206333637237549
final,13,27,16,0.5649597644805908,0.5641348958015442,0.0008248686790466309
final,13,28,16,0.3742922246456146,0.3659941554069519,0.00829806923866272
final,13,29,16,0.41758811473846436,0.41722458600997925,0.0003635287284851074
final,13,30,16,0.4289775490760803,0.4231463074684143,0.005831241607666016
final,13,31,16,0.40515729784965515,0.4052703380584717,0.00011304020881652832
final,13,32,16,0.5026207566261292,0.5046039819717407,0.0019832253456115723
final,13,33,16,0.37599924206733704,0.37350475788116455,0.0024944841861724854
final,13,34,16,0.36205580830574036,0.3644787669181824,0.0024229586124420166
final,13,35,16,0.32754042744636536,0.328684002161026,0.0011435747146606445
final,13,36,16,0.5300926566123962,0.5223866105079651,0.007706046104431152
final,13,37,16,0.5417909622192383,0.5465378761291504,0.004746913909912109
final,13,38,16,0.4502052664756775,0.45950424671173096,0.009298980236053467
final,13,39,16,0.29250842332839966,0.28654715418815613,0.00596126914024353
final,13,40,16,0.4311847686767578,0.425179660320282,0.00600510835647583
final,13,41,16,0.4887268543243408,0.49398213624954224,0.005255281925201416
final,13,42,16,0.4898241460323334,0.4919454753398895,0.0021213293075561523
final,13,43,16,0.30724331736564636,0.3136272132396698,0.0063838958740234375
final,13,44,16,0.41401880979537964,0.4173637330532074,0.003344923257827759
final,13,45,16,0.3888823986053467,0.39460644125938416,0.005724042654037476
final,13,46,16,0.45916667580604553,0.4579061269760132,0.0012605488300323486
final,13,47,16,0.31767091155052185,0.313879132270813,0.0037917792797088623
final,13,48,16,0.3765634596347809,0.37038692831993103,0.0061765313148498535
final,13,49,16,0.5703408122062683,0.5703244209289551,1.6391277313232422e-05
final,13,50,16,0.40780434012413025,0.40763670206069946,0.00016763806343078613
final,13,51,16,0.43735161423683167,0.4333745539188385,0.003977060317993164
final,13,52,16,0.5329437255859375,0.5369275212287903,0.003983795642852783
final,13,53,16,0.29319629073143005,0.30298104882240295,0.0097847580909729
final,13,54,16,0.2553784251213074,0.2576480507850647,0.0022696256637573242
final,13,55,16,0.3369571566581726,0.3338387906551361,0.003118366003036499
final,13,56,16,0.3418687582015991,0.3458416163921356,0.003972858190536499
final,13,57,16,0.360411673784256,0.35875314474105835,0.0016585290431976318
final,13,58,16,0.4299989640712738,0.4348127245903015,0.00481376051902771
final,13,59,16,0.4254332184791565,0.42610496282577515,0.0006717443466186523
final,13,60,16,0.5109703540802002,0.5050472617149353,0.005923092365264893
final,13,61,16,0.4874573051929474,0.4924065172672272,0.004949212074279785
final,13,62,16,0.4395003318786621,0.4304996430873871,0.009000688791275024
final,13,63,16,0.4160154461860657,0.4209192097187042,0.00490376353263855
initial,14,0,16,2.4825634956359863,2.4813873767852783,0.0011761188507080078
initial,14,1,16,2.6209592819213867,2.6172404289245605,0.003718852996826172
initial,14,2,16,2.417180299758911,2.413796901702881,0.0033833980560302734
initial,14,3,16,2.5504071712493896,2.546217203140259,0.004189968109130859
initial,14,4,16,2.611072063446045,2.6087775230407715,0.0022945404052734375
initial,14,5,16,2.5589957237243652,2.555291175842285,0.003704547882080078
initial,14,6,16,2.6527597904205322,2.6637535095214844,0.010993719100952148
initial,14,7,16,2.6440911293029785,2.6655635833740234,0.021472454071044922
initial,14,8,16,2.6205198764801025,2.638252019882202,0.01773214340209961
initial,14,9,16,2.7642393112182617,2.760646104812622,0.0035932064056396484
initial,14,10,16,2.629056453704834,2.625387191772461,0.003669261932373047
initial,14,11,16,2.606320381164551,2.59696626663208,0.009354114532470703
initial,14,12,16,2.5253796577453613,2.533830404281616,0.008450746536254883
initial,14,13,16,2.4713613986968994,2.4765758514404297,0.0052144527435302734
initial,14,14,16,2.6257824897766113,2.6226303577423096,0.003152132034301758
initial,14,15,16,2.5170631408691406,2.523284673690796,0.0062215328216552734
initial,14,16,16,2.6073505878448486,2.6112709045410156,0.003920316696166992
initial,14,17,16,2.5541534423828125,2.566516637802124,0.012363195419311523
initial,14,18,16,2.6379551887512207,2.6330246925354004,0.0049304962158203125
initial,14,19,16,2.653062582015991,2.667694330215454,0.01463174819946289
initial,14,20,16,2.6856651306152344,2.6882519721984863,0.002586841583251953
initial,14,21,16,2.4506397247314453,2.4521543979644775,0.0015146732330322266
initial,14,22,16,2.5914788246154785,2.6049559116363525,0.013477087020874023
initial,14,23,16,2.494415044784546,2.4795172214508057,0.014897823333740234
initial,14,24,16,2.5694315433502197,2.569596290588379,0.0001647472381591797
initial,14,25,16,2.6870675086975098,2.6740663051605225,0.013001203536987305
initial,14,26,16,2.6036224365234375,2.6135873794555664,0.009964942932128906
initial,14,27,16,2.6981327533721924,2.696702718734741,0.0014300346374511719
initial,14,28,16,2.6205368041992188,2.608537435531616,0.011999368667602539
initial,14,29,16,2.652479410171509,2.648526430130005,0.003952980041503906
initial,14,30,16,2.813432455062866,2.8207476139068604,0.007315158843994141
initial,14,31,16,2.619148015975952,2.6012449264526367,0.01790308952331543
initial,14,32,16,2.5856592655181885,2.5660240650177,0.01963520050048828
initial,14,33,16,2.537485122680664,2.5317249298095703,0.00576019287109375
initial,14,34,16,2.6685402393341064,2.661146879196167,0.007393360137939453
initial,14,35,16,2.6427669525146484,2.6415774822235107,0.0011894702911376953
initial,14,36,16,2.6542983055114746,2.6592180728912354,0.004919767379760742
initial,14,37,16,2.547726631164551,2.5309159755706787,0.01681065559387207
initial,14,38,16,2.5922586917877197,2.5791854858398438,0.013073205947875977
initial,14,39,16,2.514188766479492,2.518127202987671,0.003938436508178711
initial,14,40,16,2.7259328365325928,2.710897445678711,0.015035390853881836
initial,14,41,16,2.6485207080841064,2.664127826690674,0.015607118606567383
initial,14,42,16,2.473891258239746,2.482161521911621,0.008270263671875
initial,14,43,16,2.557234525680542,2.5687193870544434,0.011484861373901367
initial,14,44,16,2.562788248062134,2.566960334777832,0.004172086715698242
initial,14,45,16,2.490211248397827,2.489046335220337,0.0011649131774902344
initial,14,46,16,2.634127378463745,2.640625238418579,0.006497859954833984
initial,14,47,16,2.723712921142578,2.711104154586792,0.012608766555786133
initial,14,48,16,2.4460275173187256,2.463444471359253,0.017416954040527344
initial,14,49,16,2.7582345008850098,2.764300584793091,0.006066083908081055
initial,14,50,16,2.5916457176208496,2.5854978561401367,0.006147861480712891
initial,14,51,16,2.6382744312286377,2.6361680030822754,0.0021064281463623047
initial,14,52,16,2.5937514305114746,2.579458713531494,0.014292716979980469
initial,14,53,16,2.5329132080078125,2.5295603275299072,0.0033528804779052734
initial,14,54,16,2.6097872257232666,2.607848644256592,0.0019385814666748047
initial,14,55,16,2.6757962703704834,2.676974058151245,0.0011777877807617188
initial,14,56,16,2.6326730251312256,2.644653797149658,0.011980772018432617
initial,14,57,16,2.623530864715576,2.6283979415893555,0.004867076873779297
initial,14,58,16,2.5865318775177,2.5782711505889893,0.008260726928710938
initial,14,59,16,2.596449613571167,2.595632791519165,0.0008168220520019531
initial,14,60,16,2.5087008476257324,2.5072989463806152,0.0014019012451171875
initial,14,61,16,2.4602088928222656,2.4654195308685303,0.0052106380462646484
initial,14,62,16,2.5501437187194824,2.5466811656951904,0.003462553024291992
initial,14,63,16,2.5626060962677,2.570831775665283,0.008225679397583008
final,14,0,16,0.36196231842041016,0.3666289150714874,0.0046665966510772705
final,14,1,16,0.2931956946849823,0.2986586391925812,0.005462944507598877
final,14,2,16,0.5185592174530029,0.5269150137901306,0.008355796337127686
final,14,3,16,0.5586829781532288,0.5549649596214294,0.0037180185317993164
final,14,4,16,0.3933592736721039,0.39559388160705566,0.0022346079349517822
final,14,5,16,0.3317008912563324,0.3291625380516052,0.002538353204727173
final,14,6,16,0.45583218336105347,0.454974502325058,0.0008576810359954834
final,14,7,16,0.5212212800979614,0.5236754417419434,0.0024541616439819336
final,14,8,16,0.3542926609516144,0.3607676327228546,0.006474971771240234
final,14,9,16,0.402126669883728,0.39791589975357056,0.004210770130157471
final,14,10,16,0.4774151146411896,0.4712733030319214,0.0061418116092681885
final,14,11,16,0.5046524405479431,0.49946415424346924,0.005188286304473877
final,14,12,16,0.39701318740844727,0.39291414618492126,0.004099041223526001
final,14,13,16,0.3772445321083069,0.3856358230113983,0.00839129090309143
final,14,14,16,0.39587658643722534,0.3881341516971588,0.007742434740066528
final,14,15,16,0.3907657861709595,0.38611912727355957,0.004646658897399902
final,14,16,16,0.47086217999458313,0.4673188626766205,0.0035433173179626465
final,14,17,16,0.392424613237381,0.38409531116485596,0.008329302072525024
final,14,18,16,0.38998645544052124,0.38896897435188293,0.0010174810886383057
final,14,19,16,0.4442104399204254,0.4441142678260803,9.617209434509277e-05
final,14,20,16,0.3660653531551361,0.3715956509113312,0.005530297756195068
final,14,21,16,0.5278807878494263,0.531511127948761,0.003630340099334717
final,14,22,16,0.33136096596717834,0.32077863812446594,0.010582327842712402
final,14,23,16,0.504591166973114,0.5132670402526855,0.008675873279571533
final,14,24,16,0.48616036772727966,0.4908432066440582,0.0046828389167785645
final,14,25,16,0.3514501750469208,0.34974074363708496,0.0017094314098358154
final,14,26,16,0.3003202974796295,0.31193041801452637,0.01161012053489685
final,14,27,16,0.4060744643211365,0.4071230888366699,0.0010486245155334473
final,14,28,16,0.4996351897716522,0.5007874369621277,0.0011522471904754639
final,14,29,16,0.43506765365600586,0.43639224767684937,0.0013245940208435059
final,14,30,16,0.2981490194797516,0.29769793152809143,0.00045108795166015625
final,14,31,16,0.5593395233154297,0.5574220418930054,0.0019174814224243164
final,14,32,16,0.4958809018135071,0.4975374639034271,0.001656562089920044
final,14,33,16,0.45098236203193665,0.4528447389602661,0.0018623769283294678
final,14,34,16,0.6132887601852417,0.6004546880722046,0.01283407211303711
final,14,35,16,0.4685804843902588,0.46042031049728394,0.008160173892974854
final,14,36,16,0.5452537536621094,0.5443681478500366,0.0008856058120727539
final,14,37,16,0.2621420621871948,0.2738279700279236,0.01168590784072876
final,14,38,16,0.4492339491844177,0.43628206849098206,0.012951880693435669
final,14,39,16,0.46505028009414673,0.46406078338623047,0.0009894967079162598
final,14,40,16,0.4729567766189575,0.46709007024765015,0.005866706371307373
final,14,41,16,0.4079739451408386,0.4031163454055786,0.00485759973526001
final,14,42,16,0.4195843040943146,0.42564114928245544,0.006056845188140869
final,14,43,16,0.4329999089241028,0.4260917603969574,0.006908148527145386
final,14,44,16,0.5540934205055237,0.5527663230895996,0.0013270974159240723
final,14,45,16,0.6317023038864136,0.6303147077560425,0.0013875961303710938
final,14,46,16,0.43824177980422974,0.4496588408946991,0.01141706109046936
final,14,47,16,0.3265056908130646,0.32098188996315,0.005523800849914551
final,14,48,16,0.4361819326877594,0.43708306550979614,0.0009011328220367432
final,14,49,16,0.47566109895706177,0.47572967410087585,6.857514381408691e-05
final,14,50,16,0.5465658903121948,0.552884042263031,0.006318151950836182
final,14,51,16,0.32516735792160034,0.32977890968322754,0.004611551761627197
final,14,52,16,0.4203575551509857,0.4206219017505646,0.0002643465995788574
final,14,53,16,0.3949793577194214,0.4003407657146454,0.005361407995223999
final,14,54,16,0.3903825581073761,0.38186386227607727,0.008518695831298828
final,14,55,16,0.32098668813705444,0.31937333941459656,0.0016133487224578857
final,14,56,16,0.4807339310646057,0.48372313380241394,0.0029892027378082275
final,14,57,16,0.3638836741447449,0.36322903633117676,0.0006546378135681152
final,14,58,16,0.4191150665283203,0.4191741645336151,5.9098005294799805e-05
final,14,59,16,0.5244375467300415,0.529231071472168,0.004793524742126465
final,14,60,16,0.40660080313682556,0.4120886027812958,0.005487799644470215
final,14,61,16,0.5314367413520813,0.5375086665153503,0.006071925163269043
final,14,62,16,0.5259345769882202,0.5327198505401611,0.006785273551940918
final,14,63,16,0.35505199432373047,0.3602423369884491,0.005190342664718628
initial,15,0,16,2.550755023956299,2.5707590579986572,0.0200040340423584
initial,15,1,16,2.70662522315979,2.635152578353882,0.0714726448059082
initial,15,2,16,2.6787517070770264,2.698840618133545,0.020088911056518555
initial,15,3,16,2.655158519744873,2.6196277141571045,0.035530805587768555
initial,15,4,16,2.5681889057159424,2.6102566719055176,0.042067766189575195
initial,15,5,16,2.550922155380249,2.5932695865631104,0.04234743118286133
initial,15,6,16,2.622619390487671,2.6494741439819336,0.026854753494262695
initial,15,7,16,2.7846784591674805,2.7015540599823,0.08312439918518066
initial,15,8,16,2.5227558612823486,2.532959222793579,0.010203361511230469
initial,15,9,16,2.650832176208496,2.6082136631011963,0.042618513107299805
initial,15,10,16,2.479640007019043,2.482342481613159,0.002702474594116211
initial,15,11,16,2.4610495567321777,2.474226474761963,0.013176918029785156
initial,15,12,16,2.7743241786956787,2.7409238815307617,0.03340029716491699
initial,15,13,16,2.5980262756347656,2.5819993019104004,0.016026973724365234
initial,15,14,16,2.5436086654663086,2.5615909099578857,0.01798224449157715
initial,15,15,16,2.6521196365356445,2.6048054695129395,0.04731416702270508
initial,15,16,16,2.707202434539795,2.685673713684082,0.02152872085571289
initial,15,17,16,2.6096949577331543,2.6386616230010986,0.028966665267944336
initial,15,18,16,2.595571517944336,2.5871386528015137,0.008432865142822266
initial,15,19,16,2.672985553741455,2.615813732147217,0.05717182159423828
initial,15,20,16,2.6819801330566406,2.6166930198669434,0.06528711318969727
initial,15,21,16,2.5753536224365234,2.612032175064087,0.03667855262756348
initial,15,22,16,2.512166976928711,2.4611432552337646,0.05102372169494629
initial,15,23,16,2.587104558944702,2.599153757095337,0.012049198150634766
initial,15,24,16,2.6840920448303223,2.7333664894104004,0.049274444580078125
initial,15,25,16,2.4772064685821533,2.4682822227478027,0.008924245834350586
initial,15,26,16,2.6401026248931885,2.605194330215454,0.034908294677734375
initial,15,27,16,2.4193003177642822,2.4084267616271973,0.010873556137084961
initial,15,28,16,2.4831087589263916,2.500091075897217,0.016982316970825195
initial,15,29,16,2.69820499420166,2.6658730506896973,0.03233194351196289
initial,15,30,16,2.5958850383758545,2.571697235107422,0.024187803268432617
initial,15,31,16,2.5140395164489746,2.5392086505889893,0.02516913414001465
initial,15,32,16,2.5660431385040283,2.575439214706421,0.009396076202392578
initial,15,33,16,2.626464366912842,2.5837883949279785,0.04267597198486328
initial,15,34,16,2.5540542602539062,2.5059280395507812,0.048126220703125
initial,15,35,16,2.4961583614349365,2.4817376136779785,0.014420747756958008
initial,15,36,16,2.6186509132385254,2.5120773315429688,0.10657358169555664
initial,15,37,16,2.4970505237579346,2.536547899246216,0.03949737548828125
initial,15,38,16,2.453526735305786,2.4622457027435303,0.00871896743774414
initial,15,39,16,2.5622446537017822,2.56054425239563,0.0017004013061523438
initial,15,40,16,2.587467670440674,2.615351915359497,0.027884244918823242
initial,15,41,16,2.6386325359344482,2.644357919692993,0.005725383758544922
initial,15,42,16,2.7280123233795166,2.6830294132232666,0.04498291015625
initial,15,43,16,2.7492170333862305,2.757408618927002,0.008191585540771484
initial,15,44,16,2.616814136505127,2.657120943069458,0.040306806564331055
initial,15,45,16,2.6624722480773926,2.6049842834472656,0.05748796463012695
initial,15,46,16,2.621330976486206,2.5506372451782227,0.0706937313079834
initial,15,47,16,2.687070846557617,2.6429941654205322,0.04407668113708496
initial,15,48,16,2.6151556968688965,2.6144230365753174,0.0007326602935791016
initial,15,49,16,2.5767157077789307,2.538771629333496,0.03794407844543457
initial,15,50,16,2.678121566772461,2.6547183990478516,0.023403167724609375
initial,15,51,16,2.550734519958496,2.5487561225891113,0.0019783973693847656
initial,15,52,16,2.567298412322998,2.5923428535461426,0.02504444122314453
initial,15,53,16,2.699492931365967,2.7318942546844482,0.032401323318481445
initial,15,54,16,2.519294500350952,2.5544486045837402,0.035154104232788086
initial,15,55,16,2.515625238418579,2.573575973510742,0.057950735092163086
initial,15,56,16,2.6933138370513916,2.683635711669922,0.009678125381469727
initial,15,57,16,2.6538214683532715,2.6674814224243164,0.013659954071044922
initial,15,58,16,2.4814906120300293,2.497603416442871,0.016112804412841797
initial,15,59,16,2.5993776321411133,2.5996830463409424,0.00030541419982910156
initial,15,60,16,2.5472846031188965,2.5875308513641357,0.04024624824523926
initial,15,61,16,2.540663242340088,2.529142379760742,0.011520862579345703
initial,15,62,16,2.5690433979034424,2.5794081687927246,0.010364770889282227
initial,15,63,16,2.542832374572754,2.5360636711120605,0.006768703460693359
final,15,0,16,0.5194336771965027,0.5015400052070618,0.017893671989440918
final,15,1,16,0.4437643885612488,0.40586018562316895,0.037904202938079834
final,15,2,16,0.4081992506980896,0.408873587846756,0.0006743371486663818
final,15,3,16,0.46363410353660583,0.4594968855381012,0.004137217998504639
final,15,4,16,0.45855993032455444,0.4686846435070038,0.01012471318244934
final,15,5,16,0.40717408061027527,0.3831566870212555,0.024017393589019775
final,15,6,16,0.40095359086990356,0.41249075531959534,0.011537164449691772
final,15,7,16,0.42541688680648804,0.4137057363986969,0.011711150407791138
final,15,8,16,0.4592519700527191,0.4438304007053375,0.015421569347381592
final,15,9,16,0.5334051847457886,0.5569452047348022,0.023540019989013672
final,15,10,16,0.47432899475097656,0.4915173649787903,0.01718837022781372
final,15,11,16,0.3148760497570038,0.32279661297798157,0.007920563220977783
final,15,12,16,0.4551129639148712,0.4514888823032379,0.0036240816116333008
final,15,13,16,0.3766879141330719,0.4015583097934723,0.02487039566040039
final,15,14,16,0.343575119972229,0.3221633732318878,0.021411746740341187
final,15,15,16,0.49154046177864075,0.4784947335720062,0.013045728206634521
final,15,16,16,0.3734569847583771,0.365168958902359,0.008288025856018066
final,15,17,16,0.5294519066810608,0.5092450976371765,0.020206809043884277
final,15,18,16,0.4587215185165405,0.4440210461616516,0.014700472354888916
final,15,19,16,0.34851697087287903,0.3295060992240906,0.019010871648788452
final,15,20,16,0.28811115026474,0.2947419285774231,0.0066307783126831055
final,15,21,16,0.5175102949142456,0.5118783712387085,0.005631923675537109
final,15,22,16,0.45500296354293823,0.4266626536846161,0.028340309858322144
final,15,23,16,0.30719658732414246,0.3147745430469513,0.007577955722808838
final,15,24,16,0.3359931409358978,0.35117554664611816,0.015182405710220337
final,15,25,16,0.49502408504486084,0.5448594689369202,0.049835383892059326
final,15,26,16,0.3583528995513916,0.3784634470939636,0.02011054754257202
final,15,27,16,0.4339841604232788,0.4401116967201233,0.006127536296844482
final,15,28,16,0.4207471013069153,0.3922247588634491,0.028522342443466187
final,15,29,16,0.2594296932220459,0.255357950925827,0.004071742296218872
final,15,30,16,0.5161794424057007,0.5148533582687378,0.0013260841369628906
final,15,31,16,0.5444105863571167,0.552436351776123,0.008025765419006348
final,15,32,16,0.3536515235900879,0.3596250116825104,0.005973488092422485
final,15,33,16,0.4004402458667755,0.39678242802619934,0.003657817840576172
final,15,34,16,0.423578679561615,0.37763386964797974,0.045944809913635254
final,15,35,16,0.421970933675766,0.42113444209098816,0.000836491584777832
final,15,36,16,0.41468101739883423,0.42078104615211487,0.00610002875328064
final,15,37,16,0.4140801429748535,0.39482882618904114,0.019251316785812378
final,15,38,16,0.5455449223518372,0.48660215735435486,0.0589427649974823
final,15,39,16,0.4521288275718689,0.45435649156570435,0.0022276639938354492
final,15,40,16,0.5291343927383423,0.5136194825172424,0.015514910221099854
final,15,41,16,0.376054048538208,0.36055049300193787,0.015503555536270142
final,15,42,16,0.2768635153770447,0.2825164496898651,0.005652934312820435
final,15,43,16,0.48165613412857056,0.5194147229194641,0.037758588790893555
final,15,44,16,0.5355182886123657,0.5194184184074402,0.016099870204925537
final,15,45,16,0.3907870054244995,0.3812961280345917,0.009490877389907837
final,15,46,16,0.5451414585113525,0.5588812828063965,0.013739824295043945
final,15,47,16,0.27833232283592224,0.28540483117103577,0.007072508335113525
final,15,48,16,0.4797047972679138,0.46734651923179626,0.012358278036117554
final,15,49,16,0.4066274166107178,0.39547449350357056,0.011152923107147217
final,15,50,16,0.4508123993873596,0.46032291650772095,0.009510517120361328
final,15,51,16,0.5030440092086792,0.5036661624908447,0.0006221532821655273
final,15,52,16,0.46717578172683716,0.48868414759635925,0.021508365869522095
final,15,53,16,0.44826918840408325,0.4734651744365692,0.025195986032485962
final,15,54,16,0.5064404606819153,0.49948033690452576,0.006960123777389526
final,15,55,16,0.3947492241859436,0.3953399360179901,0.0005907118320465088
final,15,56,16,0.4945348799228668,0.4377606213092804,0.056774258613586426
final,15,57,16,0.5542620420455933,0.5534822344779968,0.0007798075675964355
final,15,58,16,0.49758315086364746,0.5127750039100647,0.015191853046417236
final,15,59,16,0.4384203553199768,0.442941814661026,0.004521459341049194
final,15,60,16,0.44257915019989014,0.4403374195098877,0.0022417306900024414
final,15,61,16,0.7023147344589233,0.6918889284133911,0.010425806045532227
final,15,62,16,0.4418409466743469,0.45794254541397095,0.016101598739624023
final,15,63,16,0.3825531601905823,0.3598611652851105,0.022691994905471802
