stage,layer,pair,perturbed_coordinates,loss_plus,loss_minus,abs_y
initial,0,0,16,2.411858320236206,2.326852560043335,0.0850057601928711
initial,0,1,16,2.4720358848571777,2.4335131645202637,0.03852272033691406
initial,0,2,16,2.4390196800231934,2.442722797393799,0.0037031173706054688
initial,0,3,16,2.4202373027801514,2.3955166339874268,0.02472066879272461
initial,0,4,16,2.37915301322937,2.4471752643585205,0.06802225112915039
initial,0,5,16,2.470975637435913,2.4690585136413574,0.001917123794555664
initial,0,6,16,2.515080213546753,2.504070997238159,0.01100921630859375
initial,0,7,16,2.4100775718688965,2.4280343055725098,0.01795673370361328
initial,0,8,16,2.4214768409729004,2.3904058933258057,0.031070947647094727
initial,0,9,16,2.386503219604492,2.3852837085723877,0.0012195110321044922
initial,0,10,16,2.4146313667297363,2.456045389175415,0.04141402244567871
initial,0,11,16,2.359386682510376,2.3375535011291504,0.021833181381225586
initial,0,12,16,2.5051422119140625,2.4510252475738525,0.05411696434020996
initial,0,13,16,2.399672031402588,2.430454730987549,0.030782699584960938
initial,0,14,16,2.4808616638183594,2.46331787109375,0.017543792724609375
initial,0,15,16,2.4071502685546875,2.40928316116333,0.002132892608642578
initial,0,16,16,2.378134250640869,2.443950653076172,0.06581640243530273
initial,0,17,16,2.4929986000061035,2.507575511932373,0.014576911926269531
initial,0,18,16,2.4014649391174316,2.375997304916382,0.025467634201049805
initial,0,19,16,2.421837568283081,2.4310171604156494,0.00917959213256836
initial,0,20,16,2.3016703128814697,2.3018438816070557,0.0001735687255859375
initial,0,21,16,2.431826114654541,2.414099931716919,0.01772618293762207
initial,0,22,16,2.4398295879364014,2.4005866050720215,0.03924298286437988
initial,0,23,16,2.4140877723693848,2.379805088043213,0.034282684326171875
initial,0,24,16,2.3785765171051025,2.397632122039795,0.019055604934692383
initial,0,25,16,2.4311001300811768,2.4256231784820557,0.005476951599121094
initial,0,26,16,2.3446044921875,2.3546152114868164,0.010010719299316406
initial,0,27,16,2.3190572261810303,2.320805549621582,0.0017483234405517578
initial,0,28,16,2.4128270149230957,2.443467617034912,0.030640602111816406
initial,0,29,16,2.4904685020446777,2.4770195484161377,0.013448953628540039
initial,0,30,16,2.475376605987549,2.403836250305176,0.07154035568237305
initial,0,31,16,2.367969274520874,2.3507182598114014,0.017251014709472656
initial,0,32,16,2.4905436038970947,2.4716637134552,0.01887989044189453
initial,0,33,16,2.5045597553253174,2.4308037757873535,0.07375597953796387
initial,0,34,16,2.43135929107666,2.3840267658233643,0.0473325252532959
initial,0,35,16,2.414541006088257,2.3548851013183594,0.05965590476989746
initial,0,36,16,2.5412917137145996,2.486571788787842,0.05471992492675781
initial,0,37,16,2.437032461166382,2.4041788578033447,0.03285360336303711
initial,0,38,16,2.449800491333008,2.4572348594665527,0.007434368133544922
initial,0,39,16,2.3995110988616943,2.388432025909424,0.011079072952270508
initial,0,40,16,2.3957090377807617,2.413304090499878,0.01759505271911621
initial,0,41,16,2.4832582473754883,2.467015504837036,0.01624274253845215
initial,0,42,16,2.3728995323181152,2.40226411819458,0.029364585876464844
initial,0,43,16,2.403320789337158,2.4420857429504395,0.03876495361328125
initial,0,44,16,2.473593235015869,2.4858293533325195,0.01223611831665039
initial,0,45,16,2.3642005920410156,2.363028049468994,0.0011725425720214844
initial,0,46,16,2.39017391204834,2.4328455924987793,0.04267168045043945
initial,0,47,16,2.4013051986694336,2.4173202514648438,0.016015052795410156
initial,0,48,16,2.3863141536712646,2.3484368324279785,0.03787732124328613
initial,0,49,16,2.3472230434417725,2.3902995586395264,0.043076515197753906
initial,0,50,16,2.4490749835968018,2.4405064582824707,0.008568525314331055
initial,0,51,16,2.4285788536071777,2.4461610317230225,0.017582178115844727
initial,0,52,16,2.4805374145507812,2.4365293979644775,0.04400801658630371
initial,0,53,16,2.411943197250366,2.3867814540863037,0.0251617431640625
initial,0,54,16,2.364525079727173,2.3202173709869385,0.044307708740234375
initial,0,55,16,2.432738780975342,2.431793689727783,0.0009450912475585938
initial,0,56,16,2.451385498046875,2.4212758541107178,0.030109643936157227
initial,0,57,16,2.4962544441223145,2.474475622177124,0.02177882194519043
initial,0,58,16,2.377639055252075,2.3592112064361572,0.01842784881591797
initial,0,59,16,2.498946189880371,2.4930801391601562,0.005866050720214844
initial,0,60,16,2.494051456451416,2.5052030086517334,0.011151552200317383
initial,0,61,16,2.4103736877441406,2.431800603866577,0.021426916122436523
initial,0,62,16,2.583484649658203,2.5038506984710693,0.07963395118713379
initial,0,63,16,2.439944267272949,2.427377223968506,0.01256704330444336
final,0,0,16,0.9994238018989563,0.9672500491142273,0.032173752784729004
final,0,1,16,0.919651448726654,0.9606813192367554,0.04102987051010132
final,0,2,16,1.0697005987167358,1.0438209772109985,0.025879621505737305
final,0,3,16,1.0632551908493042,1.0496644973754883,0.013590693473815918
final,0,4,16,1.0946217775344849,1.0294909477233887,0.06513082981109619
final,0,5,16,1.0246723890304565,0.9700013995170593,0.05467098951339722
final,0,6,16,1.110077142715454,1.1386237144470215,0.028546571731567383
final,0,7,16,0.8890408277511597,0.8846378922462463,0.00440293550491333
final,0,8,16,0.9519052505493164,0.9184805750846863,0.03342467546463013
final,0,9,16,0.8969339728355408,0.9024221301078796,0.005488157272338867
final,0,10,16,0.9165580868721008,0.946053147315979,0.029495060443878174
final,0,11,16,0.9720700979232788,0.9732544422149658,0.0011843442916870117
final,0,12,16,1.016591191291809,1.010040521621704,0.0065506696701049805
final,0,13,16,0.9203008413314819,0.9418281316757202,0.02152729034423828
final,0,14,16,0.9670926928520203,0.9348796606063843,0.032213032245635986
final,0,15,16,0.9586076140403748,0.9418677091598511,0.01673990488052368
final,0,16,16,1.045019268989563,1.0701870918273926,0.02516782283782959
final,0,17,16,0.9853156805038452,0.9708791971206665,0.014436483383178711
final,0,18,16,0.9384526610374451,0.969866931438446,0.03141427040100098
final,0,19,16,0.8864699006080627,0.9568274021148682,0.07035750150680542
final,0,20,16,0.9853203892707825,0.9935945868492126,0.008274197578430176
final,0,21,16,0.8314750790596008,0.8269720673561096,0.004503011703491211
final,0,22,16,0.9669514298439026,1.028517484664917,0.061566054821014404
final,0,23,16,1.0913026332855225,1.1245132684707642,0.0332106351852417
final,0,24,16,0.8355792164802551,0.8970241546630859,0.06144493818283081
final,0,25,16,1.0202356576919556,1.046900987625122,0.026665329933166504
final,0,26,16,1.0124647617340088,1.065568447113037,0.05310368537902832
final,0,27,16,1.0008139610290527,1.0027259588241577,0.0019119977951049805
final,0,28,16,1.0521957874298096,1.069617748260498,0.017421960830688477
final,0,29,16,1.0251708030700684,1.0277562141418457,0.0025854110717773438
final,0,30,16,1.0033987760543823,1.0207147598266602,0.017315983772277832
final,0,31,16,1.0861479043960571,1.093582272529602,0.007434368133544922
final,0,32,16,0.7901492714881897,0.8096184730529785,0.01946920156478882
final,0,33,16,1.0449180603027344,1.0043641328811646,0.040553927421569824
final,0,34,16,1.0533889532089233,1.0756030082702637,0.022214055061340332
final,0,35,16,0.9081830382347107,0.8940831422805786,0.01409989595413208
final,0,36,16,1.1056607961654663,1.0772039890289307,0.028456807136535645
final,0,37,16,1.0191863775253296,1.0194071531295776,0.00022077560424804688
final,0,38,16,1.0485329627990723,1.0742073059082031,0.02567434310913086
final,0,39,16,1.0369303226470947,1.0386239290237427,0.0016936063766479492
final,0,40,16,1.0063912868499756,0.9272138476371765,0.07917743921279907
final,0,41,16,0.9429663419723511,0.9755536913871765,0.03258734941482544
final,0,42,16,1.0047693252563477,1.0135114192962646,0.008742094039916992
final,0,43,16,1.005810022354126,1.0178539752960205,0.012043952941894531
final,0,44,16,0.8688657879829407,0.9298000931739807,0.06093430519104004
final,0,45,16,0.9246023297309875,0.9239029884338379,0.0006993412971496582
final,0,46,16,1.0042011737823486,0.9873706698417664,0.016830503940582275
final,0,47,16,0.956717312335968,0.888250470161438,0.06846684217453003
final,0,48,16,0.9414991736412048,0.8720917701721191,0.0694074034690857
final,0,49,16,0.9315080046653748,0.939167857170105,0.007659852504730225
final,0,50,16,1.0328450202941895,0.9766129851341248,0.0562320351600647
final,0,51,16,1.0347065925598145,1.0199347734451294,0.014771819114685059
final,0,52,16,0.9900891780853271,1.0389997959136963,0.04891061782836914
final,0,53,16,0.8873091340065002,0.8929179906845093,0.005608856678009033
final,0,54,16,0.896169126033783,0.8853676319122314,0.010801494121551514
final,0,55,16,0.9423169493675232,0.9257456660270691,0.0165712833404541
final,0,56,16,0.9801961779594421,1.0049439668655396,0.024747788906097412
final,0,57,16,0.8921589851379395,0.9174875020980835,0.025328516960144043
final,0,58,16,0.9418752193450928,1.0040230751037598,0.06214785575866699
final,0,59,16,0.9496815204620361,0.9449479579925537,0.004733562469482422
final,0,60,16,1.1015111207962036,1.1243913173675537,0.022880196571350098
final,0,61,16,0.9168355464935303,0.9267992973327637,0.009963750839233398
final,0,62,16,1.0103687047958374,1.0265769958496094,0.016208291053771973
final,0,63,16,1.0398814678192139,1.1066182851791382,0.06673681735992432
initial,1,0,16,2.4473414421081543,2.4602913856506348,0.012949943542480469
initial,1,1,16,2.4079504013061523,2.4155335426330566,0.007583141326904297
initial,1,2,16,2.400059938430786,2.4036977291107178,0.0036377906799316406
initial,1,3,16,2.4477620124816895,2.425940990447998,0.021821022033691406
initial,1,4,16,2.495457410812378,2.4847090244293213,0.01074838638305664
initial,1,5,16,2.425924062728882,2.400845766067505,0.025078296661376953
initial,1,6,16,2.420621871948242,2.430168628692627,0.009546756744384766
initial,1,7,16,2.427168369293213,2.424914598464966,0.0022537708282470703
initial,1,8,16,2.3146448135375977,2.337313175201416,0.02266836166381836
initial,1,9,16,2.471342086791992,2.463871479034424,0.007470607757568359
initial,1,10,16,2.4787747859954834,2.4666221141815186,0.012152671813964844
initial,1,11,16,2.4217607975006104,2.4558634757995605,0.034102678298950195
initial,1,12,16,2.4395217895507812,2.4836063385009766,0.04408454895019531
initial,1,13,16,2.388143301010132,2.386462926864624,0.0016803741455078125
initial,1,14,16,2.4098153114318848,2.4267449378967285,0.01692962646484375
initial,1,15,16,2.4036970138549805,2.3684732913970947,0.03522372245788574
initial,1,16,16,2.418302536010742,2.3940467834472656,0.024255752563476562
initial,1,17,16,2.4485340118408203,2.44844913482666,8.487701416015625e-05
initial,1,18,16,2.4777791500091553,2.498837471008301,0.021058320999145508
initial,1,19,16,2.4242751598358154,2.424912691116333,0.0006375312805175781
initial,1,20,16,2.4350993633270264,2.4315176010131836,0.0035817623138427734
initial,1,21,16,2.4798359870910645,2.4095890522003174,0.07024693489074707
initial,1,22,16,2.383683204650879,2.433656692504883,0.049973487854003906
initial,1,23,16,2.4126968383789062,2.378175973892212,0.034520864486694336
initial,1,24,16,2.3193185329437256,2.332397699356079,0.013079166412353516
initial,1,25,16,2.3913638591766357,2.461766242980957,0.07040238380432129
initial,1,26,16,2.4020276069641113,2.43438720703125,0.03235960006713867
initial,1,27,16,2.453490972518921,2.4473507404327393,0.006140232086181641
initial,1,28,16,2.3839712142944336,2.442939281463623,0.05896806716918945
initial,1,29,16,2.480661153793335,2.4541683197021484,0.026492834091186523
initial,1,30,16,2.3975465297698975,2.4334113597869873,0.035864830017089844
initial,1,31,16,2.3846628665924072,2.38103985786438,0.0036230087280273438
initial,1,32,16,2.4649009704589844,2.4154231548309326,0.04947781562805176
initial,1,33,16,2.400799036026001,2.412571668624878,0.011772632598876953
initial,1,34,16,2.4392879009246826,2.360849380493164,0.07843852043151855
initial,1,35,16,2.420781135559082,2.392658233642578,0.028122901916503906
initial,1,36,16,2.3870272636413574,2.427062511444092,0.040035247802734375
initial,1,37,16,2.374375581741333,2.3864152431488037,0.012039661407470703
initial,1,38,16,2.434020519256592,2.4111227989196777,0.022897720336914062
initial,1,39,16,2.455406665802002,2.4282798767089844,0.027126789093017578
initial,1,40,16,2.427537679672241,2.453310012817383,0.0257723331451416
initial,1,41,16,2.4381673336029053,2.4316675662994385,0.006499767303466797
initial,1,42,16,2.361668109893799,2.3769826889038086,0.015314579010009766
initial,1,43,16,2.450996160507202,2.4662106037139893,0.01521444320678711
initial,1,44,16,2.464665651321411,2.496192693710327,0.031527042388916016
initial,1,45,16,2.3730967044830322,2.377941131591797,0.0048444271087646484
initial,1,46,16,2.4348373413085938,2.373760461807251,0.06107687950134277
initial,1,47,16,2.4455983638763428,2.4577691555023193,0.012170791625976562
initial,1,48,16,2.387913465499878,2.3976340293884277,0.009720563888549805
initial,1,49,16,2.404717445373535,2.3486976623535156,0.05601978302001953
initial,1,50,16,2.3734209537506104,2.3794140815734863,0.0059931278228759766
initial,1,51,16,2.4834752082824707,2.4514646530151367,0.032010555267333984
initial,1,52,16,2.4544870853424072,2.455129384994507,0.0006422996520996094
initial,1,53,16,2.493058919906616,2.478341579437256,0.014717340469360352
initial,1,54,16,2.426806926727295,2.397311210632324,0.029495716094970703
initial,1,55,16,2.3884894847869873,2.373914957046509,0.014574527740478516
initial,1,56,16,2.3935046195983887,2.3648340702056885,0.028670549392700195
initial,1,57,16,2.44619083404541,2.4224658012390137,0.023725032806396484
initial,1,58,16,2.4346258640289307,2.442317008972168,0.007691144943237305
initial,1,59,16,2.4339022636413574,2.4910178184509277,0.05711555480957031
initial,1,60,16,2.43729305267334,2.4152872562408447,0.022005796432495117
initial,1,61,16,2.390406608581543,2.3713090419769287,0.019097566604614258
initial,1,62,16,2.4188249111175537,2.433234214782715,0.014409303665161133
initial,1,63,16,2.4447379112243652,2.4183638095855713,0.026374101638793945
final,1,0,16,1.162886619567871,1.193831205368042,0.0309445858001709
final,1,1,16,0.9240564107894897,0.9026854038238525,0.021371006965637207
final,1,2,16,1.035418152809143,1.0685341358184814,0.03311598300933838
final,1,3,16,0.956832766532898,0.9721060991287231,0.015273332595825195
final,1,4,16,1.0587420463562012,1.020501732826233,0.03824031352996826
final,1,5,16,0.9516119956970215,0.9818982481956482,0.03028625249862671
final,1,6,16,0.9737964272499084,0.9688719511032104,0.004924476146697998
final,1,7,16,1.032829761505127,1.032090187072754,0.0007395744323730469
final,1,8,16,1.074889063835144,1.1155718564987183,0.04068279266357422
final,1,9,16,0.9653785228729248,0.9600271582603455,0.005351364612579346
final,1,10,16,0.8847571015357971,0.9126669764518738,0.02790987491607666
final,1,11,16,0.9511050581932068,0.9480292201042175,0.003075838088989258
final,1,12,16,1.0942771434783936,1.0766857862472534,0.017591357231140137
final,1,13,16,1.0036064386367798,0.9833029508590698,0.02030348777770996
final,1,14,16,0.9782333374023438,0.9960001111030579,0.01776677370071411
final,1,15,16,0.9887638092041016,0.9957388043403625,0.006974995136260986
final,1,16,16,0.9698641896247864,0.9493901133537292,0.02047407627105713
final,1,17,16,0.8260962963104248,0.842913806438446,0.01681751012802124
final,1,18,16,0.9627420902252197,0.9908515810966492,0.028109490871429443
final,1,19,16,1.0287114381790161,1.0334888696670532,0.004777431488037109
final,1,20,16,0.9260414838790894,0.9424591064453125,0.016417622566223145
final,1,21,16,1.0754714012145996,1.0184231996536255,0.05704820156097412
final,1,22,16,0.9372341632843018,0.9396565556526184,0.0024223923683166504
final,1,23,16,0.870891809463501,0.8922419548034668,0.02135014533996582
final,1,24,16,0.9290796518325806,0.9654477834701538,0.03636813163757324
final,1,25,16,0.9315474033355713,0.9375912547111511,0.006043851375579834
final,1,26,16,0.9466176629066467,0.9368798732757568,0.009737789630889893
final,1,27,16,0.9808732867240906,1.03387451171875,0.053001224994659424
final,1,28,16,0.9827431440353394,0.9551444053649902,0.02759873867034912
final,1,29,16,0.9989035129547119,1.0076570510864258,0.008753538131713867
final,1,30,16,1.0911921262741089,1.080784559249878,0.010407567024230957
final,1,31,16,1.0637270212173462,1.0098083019256592,0.05391871929168701
final,1,32,16,1.0106194019317627,1.0454027652740479,0.034783363342285156
final,1,33,16,0.920640766620636,0.9296756386756897,0.009034872055053711
final,1,34,16,1.0990710258483887,1.153791904449463,0.05472087860107422
final,1,35,16,0.9318233728408813,0.8622487783432007,0.06957459449768066
final,1,36,16,0.9395965933799744,0.9558275938034058,0.016231000423431396
final,1,37,16,0.9327579736709595,0.9654731750488281,0.03271520137786865
final,1,38,16,0.9375411868095398,0.89594966173172,0.041591525077819824
final,1,39,16,0.9190231561660767,0.9291372299194336,0.010114073753356934
final,1,40,16,0.9720379114151001,0.9714791774749756,0.0005587339401245117
final,1,41,16,1.0437158346176147,0.9867931604385376,0.05692267417907715
final,1,42,16,1.0301892757415771,0.9947399497032166,0.035449326038360596
final,1,43,16,1.0202417373657227,1.0305557250976562,0.010313987731933594
final,1,44,16,0.8967401385307312,0.9937908053398132,0.09705066680908203
final,1,45,16,0.8713680505752563,0.8933172225952148,0.021949172019958496
final,1,46,16,0.9555923342704773,0.9204978942871094,0.03509443998336792
final,1,47,16,0.9926456809043884,1.0006088018417358,0.007963120937347412
final,1,48,16,1.048218011856079,1.0557551383972168,0.007537126541137695
final,1,49,16,0.947861909866333,0.9061437845230103,0.041718125343322754
final,1,50,16,1.076280951499939,0.9509664177894592,0.12531453371047974
final,1,51,16,0.9899323582649231,0.976712703704834,0.013219654560089111
final,1,52,16,1.0032905340194702,1.0145806074142456,0.01129007339477539
final,1,53,16,0.8965539932250977,0.9326592683792114,0.03610527515411377
final,1,54,16,0.8326644897460938,0.8591920733451843,0.026527583599090576
final,1,55,16,1.1266815662384033,1.144274353981018,0.017592787742614746
final,1,56,16,0.9592222571372986,0.9990191459655762,0.03979688882827759
final,1,57,16,1.025384783744812,1.0086945295333862,0.01669025421142578
final,1,58,16,0.8378727436065674,0.8604823350906372,0.022609591484069824
final,1,59,16,0.8677554726600647,0.8934423923492432,0.025686919689178467
final,1,60,16,0.9277889728546143,0.8855172395706177,0.04227173328399658
final,1,61,16,0.8601182699203491,0.8718023896217346,0.011684119701385498
final,1,62,16,0.8867999315261841,0.8763879537582397,0.010411977767944336
final,1,63,16,0.9706776142120361,0.926918089389801,0.04375952482223511
initial,2,0,16,2.39552640914917,2.3435754776000977,0.051950931549072266
initial,2,1,16,2.3312675952911377,2.4014368057250977,0.07016921043395996
initial,2,2,16,2.4471395015716553,2.42006778717041,0.027071714401245117
initial,2,3,16,2.4310543537139893,2.4081501960754395,0.022904157638549805
initial,2,4,16,2.5025405883789062,2.492645502090454,0.009895086288452148
initial,2,5,16,2.402273178100586,2.444732666015625,0.04245948791503906
initial,2,6,16,2.4096734523773193,2.4368014335632324,0.027127981185913086
initial,2,7,16,2.4578254222869873,2.5018343925476074,0.04400897026062012
initial,2,8,16,2.370295763015747,2.374109983444214,0.003814220428466797
initial,2,9,16,2.4754769802093506,2.5398619174957275,0.06438493728637695
initial,2,10,16,2.454484701156616,2.450042963027954,0.004441738128662109
initial,2,11,16,2.4926395416259766,2.4552395343780518,0.037400007247924805
initial,2,12,16,2.501310348510742,2.479820728302002,0.021489620208740234
initial,2,13,16,2.3593876361846924,2.3692753314971924,0.0098876953125
initial,2,14,16,2.3399605751037598,2.3201334476470947,0.01982712745666504
initial,2,15,16,2.4078750610351562,2.4517040252685547,0.04382896423339844
initial,2,16,16,2.4695961475372314,2.4637887477874756,0.005807399749755859
initial,2,17,16,2.3867881298065186,2.3995916843414307,0.01280355453491211
initial,2,18,16,2.411468744277954,2.3561058044433594,0.05536293983459473
initial,2,19,16,2.439927101135254,2.441962480545044,0.002035379409790039
initial,2,20,16,2.4988253116607666,2.496445417404175,0.002379894256591797
initial,2,21,16,2.370696544647217,2.406663417816162,0.03596687316894531
initial,2,22,16,2.4627723693847656,2.432753562927246,0.03001880645751953
initial,2,23,16,2.4103806018829346,2.391883373260498,0.018497228622436523
initial,2,24,16,2.4517548084259033,2.462679862976074,0.010925054550170898
initial,2,25,16,2.4326159954071045,2.4784085750579834,0.045792579650878906
initial,2,26,16,2.510279417037964,2.4988739490509033,0.011405467987060547
initial,2,27,16,2.434121608734131,2.441256523132324,0.007134914398193359
initial,2,28,16,2.3146820068359375,2.3398780822753906,0.025196075439453125
initial,2,29,16,2.3711981773376465,2.3999266624450684,0.028728485107421875
initial,2,30,16,2.4218955039978027,2.37646222114563,0.04543328285217285
initial,2,31,16,2.477884531021118,2.44698429107666,0.030900239944458008
initial,2,32,16,2.4386179447174072,2.3831875324249268,0.05543041229248047
initial,2,33,16,2.4330809116363525,2.425598621368408,0.007482290267944336
initial,2,34,16,2.3414947986602783,2.398423194885254,0.056928396224975586
initial,2,35,16,2.303607225418091,2.356466054916382,0.052858829498291016
initial,2,36,16,2.4073915481567383,2.4398913383483887,0.03249979019165039
initial,2,37,16,2.5119166374206543,2.4659481048583984,0.04596853256225586
initial,2,38,16,2.4841725826263428,2.514294385910034,0.030121803283691406
initial,2,39,16,2.353776216506958,2.302670955657959,0.05110526084899902
initial,2,40,16,2.401299238204956,2.3760933876037598,0.02520585060119629
initial,2,41,16,2.427659749984741,2.4229676723480225,0.00469207763671875
initial,2,42,16,2.4718103408813477,2.4386539459228516,0.033156394958496094
initial,2,43,16,2.4418606758117676,2.4621152877807617,0.02025461196899414
initial,2,44,16,2.3820247650146484,2.3728437423706055,0.009181022644042969
initial,2,45,16,2.4657962322235107,2.490795135498047,0.024998903274536133
initial,2,46,16,2.4828686714172363,2.451507091522217,0.03136157989501953
initial,2,47,16,2.3951425552368164,2.372251272201538,0.02289128303527832
initial,2,48,16,2.3799171447753906,2.3759307861328125,0.003986358642578125
initial,2,49,16,2.430166482925415,2.435567617416382,0.005401134490966797
initial,2,50,16,2.5625803470611572,2.5631637573242188,0.0005834102630615234
initial,2,51,16,2.425896406173706,2.431891441345215,0.005995035171508789
initial,2,52,16,2.4538769721984863,2.436917304992676,0.016959667205810547
initial,2,53,16,2.4280970096588135,2.451428174972534,0.023331165313720703
initial,2,54,16,2.3357155323028564,2.335926055908203,0.0002105236053466797
initial,2,55,16,2.3940823078155518,2.4313433170318604,0.037261009216308594
initial,2,56,16,2.457265615463257,2.4752135276794434,0.017947912216186523
initial,2,57,16,2.4444234371185303,2.466036081314087,0.02161264419555664
initial,2,58,16,2.485180377960205,2.4298410415649414,0.05533933639526367
initial,2,59,16,2.463343620300293,2.4544198513031006,0.008923768997192383
initial,2,60,16,2.4581716060638428,2.457334280014038,0.0008373260498046875
initial,2,61,16,2.2835726737976074,2.34246826171875,0.05889558792114258
initial,2,62,16,2.4187748432159424,2.423623561859131,0.0048487186431884766
initial,2,63,16,2.382103681564331,2.3798582553863525,0.0022454261779785156
final,2,0,16,1.0920727252960205,1.1201133728027344,0.028040647506713867
final,2,1,16,1.0827397108078003,1.0834397077560425,0.0006999969482421875
final,2,2,16,0.9711582660675049,0.9199994206428528,0.0511588454246521
final,2,3,16,0.8908013105392456,0.8858596086502075,0.004941701889038086
final,2,4,16,1.0386468172073364,1.0187064409255981,0.01994037628173828
final,2,5,16,0.8867395520210266,0.8867844343185425,4.488229751586914e-05
final,2,6,16,1.132325530052185,1.112489104270935,0.01983642578125
final,2,7,16,1.0519658327102661,1.071942925453186,0.019977092742919922
final,2,8,16,0.9669225215911865,0.9660402536392212,0.000882267951965332
final,2,9,16,0.8948484063148499,0.8890625238418579,0.005785882472991943
final,2,10,16,1.0439032316207886,1.060634732246399,0.01673150062561035
final,2,11,16,1.063785195350647,0.9922198057174683,0.07156538963317871
final,2,12,16,1.0724788904190063,1.1803535223007202,0.10787463188171387
final,2,13,16,0.8679794073104858,0.8583988547325134,0.009580552577972412
final,2,14,16,0.8566884994506836,0.8519805073738098,0.004707992076873779
final,2,15,16,0.9761149883270264,0.9918567538261414,0.01574176549911499
final,2,16,16,1.1132144927978516,1.0670546293258667,0.04615986347198486
final,2,17,16,0.9810008406639099,0.9884076118469238,0.007406771183013916
final,2,18,16,0.9103440642356873,0.9435238838195801,0.03317981958389282
final,2,19,16,1.1473145484924316,1.0805426836013794,0.06677186489105225
final,2,20,16,1.0420405864715576,1.0499454736709595,0.007904887199401855
final,2,21,16,1.1027408838272095,1.1649013757705688,0.062160491943359375
final,2,22,16,1.082998514175415,1.0885132551193237,0.005514740943908691
final,2,23,16,0.9929037094116211,0.9992130994796753,0.006309390068054199
final,2,24,16,0.8654924035072327,0.8756561279296875,0.010163724422454834
final,2,25,16,0.9029719233512878,0.8630744814872742,0.03989744186401367
final,2,26,16,0.9868998527526855,0.9318969249725342,0.05500292778015137
final,2,27,16,0.9149029850959778,0.9436756372451782,0.02877265214920044
final,2,28,16,0.9711789488792419,1.005089282989502,0.03391033411026001
final,2,29,16,0.9762847423553467,0.9522305130958557,0.024054229259490967
final,2,30,16,0.7903464436531067,0.8653229475021362,0.07497650384902954
final,2,31,16,0.8078939914703369,0.7849008440971375,0.022993147373199463
final,2,32,16,0.9054160714149475,0.8707209825515747,0.0346950888633728
final,2,33,16,1.058099627494812,1.0430691242218018,0.015030503273010254
final,2,34,16,1.1717865467071533,1.172139286994934,0.0003527402877807617
final,2,35,16,0.9446712732315063,0.954439103603363,0.00976783037185669
final,2,36,16,1.056617259979248,1.0020322799682617,0.05458498001098633
final,2,37,16,0.9437933564186096,0.9754092693328857,0.03161591291427612
final,2,38,16,0.9216873049736023,1.0125013589859009,0.09081405401229858
final,2,39,16,1.1339927911758423,1.1320735216140747,0.0019192695617675781
final,2,40,16,1.019844651222229,0.9810143113136292,0.038830339908599854
final,2,41,16,0.9232365489006042,0.9027898907661438,0.02044665813446045
final,2,42,16,1.1135085821151733,1.0894540548324585,0.024054527282714844
final,2,43,16,1.0795649290084839,1.069353699684143,0.01021122932434082
final,2,44,16,1.082399845123291,1.0207149982452393,0.06168484687805176
final,2,45,16,0.9612849950790405,1.0057377815246582,0.044452786445617676
final,2,46,16,1.0922155380249023,1.0937440395355225,0.0015285015106201172
final,2,47,16,1.0642107725143433,1.0897663831710815,0.02555561065673828
final,2,48,16,1.0198200941085815,1.0790823698043823,0.05926227569580078
final,2,49,16,1.0423643589019775,0.9947316646575928,0.047632694244384766
final,2,50,16,0.9780199527740479,0.9281310439109802,0.04988890886306763
final,2,51,16,1.0686932802200317,1.0575299263000488,0.01116335391998291
final,2,52,16,0.9328685402870178,0.8781484961509705,0.05472004413604736
final,2,53,16,1.0213336944580078,1.030669093132019,0.00933539867401123
final,2,54,16,1.0487618446350098,0.9913925528526306,0.05736929178237915
final,2,55,16,1.023576259613037,0.9991160035133362,0.024460256099700928
final,2,56,16,1.0258307456970215,0.9426935315132141,0.08313721418380737
final,2,57,16,0.8981541991233826,0.9488704204559326,0.05071622133255005
final,2,58,16,1.0474790334701538,1.0106568336486816,0.03682219982147217
final,2,59,16,0.9857573509216309,1.0176734924316406,0.031916141510009766
final,2,60,16,0.9551874399185181,0.9312090277671814,0.02397841215133667
final,2,61,16,0.9244000911712646,0.914156436920166,0.010243654251098633
final,2,62,16,1.2368658781051636,1.1481884717941284,0.08867740631103516
final,2,63,16,0.9036784768104553,0.8798852562904358,0.02379322052001953
initial,3,0,16,2.301663398742676,2.2812819480895996,0.020381450653076172
initial,3,1,16,2.4009850025177,2.414581537246704,0.013596534729003906
initial,3,2,16,2.4287948608398438,2.4549436569213867,0.02614879608154297
initial,3,3,16,2.3973734378814697,2.3775436878204346,0.019829750061035156
initial,3,4,16,2.459444522857666,2.4335291385650635,0.02591538429260254
initial,3,5,16,2.3993897438049316,2.3507578372955322,0.048631906509399414
initial,3,6,16,2.4536447525024414,2.4969584941864014,0.04331374168395996
initial,3,7,16,2.4847095012664795,2.507460355758667,0.0227508544921875
initial,3,8,16,2.428950309753418,2.4125022888183594,0.016448020935058594
initial,3,9,16,2.3845200538635254,2.423502206802368,0.03898215293884277
initial,3,10,16,2.4228005409240723,2.466681480407715,0.04388093948364258
initial,3,11,16,2.4467177391052246,2.4391818046569824,0.0075359344482421875
initial,3,12,16,2.4438629150390625,2.496035099029541,0.052172183990478516
initial,3,13,16,2.44236159324646,2.407395839691162,0.03496575355529785
initial,3,14,16,2.444998264312744,2.4197113513946533,0.02528691291809082
initial,3,15,16,2.4297313690185547,2.404060125350952,0.02567124366760254
initial,3,16,16,2.395907402038574,2.4274866580963135,0.03157925605773926
initial,3,17,16,2.467623472213745,2.447270631790161,0.020352840423583984
initial,3,18,16,2.4683115482330322,2.4371726512908936,0.031138896942138672
initial,3,19,16,2.378814697265625,2.3570804595947266,0.021734237670898438
initial,3,20,16,2.362532138824463,2.374943733215332,0.01241159439086914
initial,3,21,16,2.4257149696350098,2.441342353820801,0.015627384185791016
initial,3,22,16,2.4177839756011963,2.3982648849487305,0.01951909065246582
initial,3,23,16,2.4337620735168457,2.421630620956421,0.012131452560424805
initial,3,24,16,2.423058271408081,2.4519505500793457,0.02889227867126465
initial,3,25,16,2.452599287033081,2.4321298599243164,0.02046942710876465
initial,3,26,16,2.53912091255188,2.572288990020752,0.03316807746887207
initial,3,27,16,2.3807926177978516,2.3908393383026123,0.010046720504760742
initial,3,28,16,2.445986747741699,2.426572561264038,0.019414186477661133
initial,3,29,16,2.4083566665649414,2.3776848316192627,0.03067183494567871
initial,3,30,16,2.5611536502838135,2.5205230712890625,0.04063057899475098
initial,3,31,16,2.3604350090026855,2.3644068241119385,0.00397181510925293
initial,3,32,16,2.4407474994659424,2.4388012886047363,0.0019462108612060547
initial,3,33,16,2.4087061882019043,2.376661777496338,0.032044410705566406
initial,3,34,16,2.4688050746917725,2.420245409011841,0.04855966567993164
initial,3,35,16,2.3963828086853027,2.4065966606140137,0.010213851928710938
initial,3,36,16,2.3412086963653564,2.3279643058776855,0.013244390487670898
initial,3,37,16,2.3625712394714355,2.3788182735443115,0.016247034072875977
initial,3,38,16,2.344660520553589,2.3871498107910156,0.04248929023742676
initial,3,39,16,2.44295597076416,2.4177184104919434,0.025237560272216797
initial,3,40,16,2.399736166000366,2.3709962368011475,0.02873992919921875
initial,3,41,16,2.3912601470947266,2.396477460861206,0.005217313766479492
initial,3,42,16,2.420301914215088,2.3897464275360107,0.03055548667907715
initial,3,43,16,2.3821208477020264,2.3955085277557373,0.013387680053710938
initial,3,44,16,2.4783129692077637,2.4686639308929443,0.009649038314819336
initial,3,45,16,2.4309802055358887,2.3980002403259277,0.03297996520996094
initial,3,46,16,2.396850347518921,2.4120166301727295,0.015166282653808594
initial,3,47,16,2.4981937408447266,2.5080184936523438,0.009824752807617188
initial,3,48,16,2.4619529247283936,2.4851036071777344,0.02315068244934082
initial,3,49,16,2.3100576400756836,2.3258869647979736,0.01582932472229004
initial,3,50,16,2.452694892883301,2.469318151473999,0.016623258590698242
initial,3,51,16,2.387371301651001,2.410173177719116,0.022801876068115234
initial,3,52,16,2.389857530593872,2.4394185543060303,0.0495610237121582
initial,3,53,16,2.3846538066864014,2.353430986404419,0.031222820281982422
initial,3,54,16,2.3722941875457764,2.3751089572906494,0.002814769744873047
initial,3,55,16,2.433309316635132,2.443756103515625,0.010446786880493164
initial,3,56,16,2.4143290519714355,2.38649320602417,0.027835845947265625
initial,3,57,16,2.3836746215820312,2.4157204627990723,0.032045841217041016
initial,3,58,16,2.450012445449829,2.4537014961242676,0.0036890506744384766
initial,3,59,16,2.5144224166870117,2.45918345451355,0.055238962173461914
initial,3,60,16,2.489227294921875,2.475961685180664,0.013265609741210938
initial,3,61,16,2.399052381515503,2.4226009845733643,0.023548603057861328
initial,3,62,16,2.473768949508667,2.4559106826782227,0.017858266830444336
initial,3,63,16,2.392434597015381,2.3286798000335693,0.06375479698181152
final,3,0,16,1.053551197052002,1.0038524866104126,0.049698710441589355
final,3,1,16,0.7849592566490173,0.7161606550216675,0.06879860162734985
final,3,2,16,0.854767918586731,0.8686235547065735,0.01385563611984253
final,3,3,16,1.0871955156326294,0.9510543942451477,0.1361411213874817
final,3,4,16,0.9072871208190918,0.9338312149047852,0.02654409408569336
final,3,5,16,0.9512234926223755,0.9231212735176086,0.028102219104766846
final,3,6,16,0.961178719997406,0.9889858365058899,0.027807116508483887
final,3,7,16,0.9765649437904358,1.0374654531478882,0.06090050935745239
final,3,8,16,0.9757109880447388,1.0450170040130615,0.06930601596832275
final,3,9,16,1.004453182220459,1.0257437229156494,0.02129054069519043
final,3,10,16,1.0273798704147339,0.9909793138504028,0.036400556564331055
final,3,11,16,0.8996275067329407,0.8908558487892151,0.008771657943725586
final,3,12,16,1.2156383991241455,1.1895827054977417,0.02605569362640381
final,3,13,16,1.113462209701538,1.0990434885025024,0.014418721199035645
final,3,14,16,0.9201907515525818,0.9463773965835571,0.026186645030975342
final,3,15,16,1.0477375984191895,1.1047106981277466,0.05697309970855713
final,3,16,16,0.9516615271568298,0.8855298757553101,0.06613165140151978
final,3,17,16,0.9269389510154724,0.9368517398834229,0.00991278886795044
final,3,18,16,0.898547351360321,0.8993633985519409,0.000816047191619873
final,3,19,16,0.8520448803901672,0.8912528157234192,0.03920793533325195
final,3,20,16,0.9079685211181641,0.9206660985946655,0.012697577476501465
final,3,21,16,0.8555658459663391,0.9323703646659851,0.076804518699646
final,3,22,16,1.0379934310913086,1.0491201877593994,0.01112675666809082
final,3,23,16,1.028026819229126,1.0250996351242065,0.0029271841049194336
final,3,24,16,1.0515975952148438,1.0006979703903198,0.050899624824523926
final,3,25,16,1.020614743232727,1.0715885162353516,0.05097377300262451
final,3,26,16,1.0665887594223022,1.146815299987793,0.08022654056549072
final,3,27,16,1.0763009786605835,0.9970965385437012,0.07920444011688232
final,3,28,16,0.930955708026886,0.9367482662200928,0.005792558193206787
final,3,29,16,0.8672934174537659,0.8872547149658203,0.019961297512054443
final,3,30,16,1.1411421298980713,1.1293271780014038,0.01181495189666748
final,3,31,16,1.0188626050949097,1.044907808303833,0.02604520320892334
final,3,32,16,0.9907253384590149,0.9676593542098999,0.02306598424911499
final,3,33,16,1.0894689559936523,1.1459108591079712,0.05644190311431885
final,3,34,16,0.9506298303604126,0.9967579245567322,0.04612809419631958
final,3,35,16,0.9007164835929871,0.8914964199066162,0.00922006368637085
final,3,36,16,1.0444945096969604,1.023293375968933,0.021201133728027344
final,3,37,16,0.8962203860282898,0.8930038809776306,0.0032165050506591797
final,3,38,16,0.9334353804588318,0.9615403413772583,0.028104960918426514
final,3,39,16,1.0262984037399292,0.968245804309845,0.05805259943008423
final,3,40,16,1.0630673170089722,0.9912658333778381,0.07180148363113403
final,3,41,16,1.008636713027954,1.020895004272461,0.012258291244506836
final,3,42,16,0.9878946542739868,0.9616767764091492,0.026217877864837646
final,3,43,16,0.8953710794448853,0.8303925395011902,0.06497853994369507
final,3,44,16,1.0003807544708252,1.0079996585845947,0.007618904113769531
final,3,45,16,0.8600447177886963,0.8761330246925354,0.01608830690383911
final,3,46,16,0.8770370483398438,0.8550158143043518,0.022021234035491943
final,3,47,16,0.9018784165382385,0.8631042242050171,0.038774192333221436
final,3,48,16,0.9625563621520996,0.9502770304679871,0.012279331684112549
final,3,49,16,0.95448237657547,1.0066461563110352,0.052163779735565186
final,3,50,16,0.8984228372573853,0.9413113594055176,0.042888522148132324
final,3,51,16,1.0725548267364502,1.041272521018982,0.03128230571746826
final,3,52,16,0.9375016689300537,0.901431143283844,0.03607052564620972
final,3,53,16,1.0922311544418335,1.035089373588562,0.057141780853271484
final,3,54,16,0.9533530473709106,1.0156835317611694,0.06233048439025879
final,3,55,16,1.0608112812042236,1.0058976411819458,0.05491364002227783
final,3,56,16,0.9818349480628967,1.0195882320404053,0.037753283977508545
final,3,57,16,0.9305832982063293,0.9084107279777527,0.02217257022857666
final,3,58,16,0.888866126537323,0.9739101529121399,0.0850440263748169
final,3,59,16,1.013280987739563,0.9985277652740479,0.014753222465515137
final,3,60,16,0.9178321361541748,0.9713958501815796,0.053563714027404785
final,3,61,16,0.8215150237083435,0.8450849056243896,0.023569881916046143
final,3,62,16,1.0486841201782227,0.9670515060424805,0.08163261413574219
final,3,63,16,1.101929783821106,1.068090558052063,0.03383922576904297
initial,4,0,16,2.477865219116211,2.4343364238739014,0.04352879524230957
initial,4,1,16,2.379810094833374,2.374706506729126,0.005103588104248047
initial,4,2,16,2.4515132904052734,2.468334197998047,0.016820907592773438
initial,4,3,16,2.3033323287963867,2.325552463531494,0.022220134735107422
initial,4,4,16,2.414313793182373,2.4645533561706543,0.05023956298828125
initial,4,5,16,2.4214115142822266,2.4559133052825928,0.03450179100036621
initial,4,6,16,2.4119112491607666,2.42745041847229,0.015539169311523438
initial,4,7,16,2.437739133834839,2.465909004211426,0.028169870376586914
initial,4,8,16,2.390381336212158,2.3823375701904297,0.008043766021728516
initial,4,9,16,2.3776612281799316,2.378164291381836,0.0005030632019042969
initial,4,10,16,2.393110752105713,2.4007070064544678,0.007596254348754883
initial,4,11,16,2.401430368423462,2.3963513374328613,0.005079030990600586
initial,4,12,16,2.3701560497283936,2.3646833896636963,0.005472660064697266
initial,4,13,16,2.460833787918091,2.4464540481567383,0.014379739761352539
initial,4,14,16,2.3291351795196533,2.3501205444335938,0.02098536491394043
initial,4,15,16,2.388759136199951,2.3569960594177246,0.03176307678222656
initial,4,16,16,2.431198835372925,2.445962429046631,0.014763593673706055
initial,4,17,16,2.3831305503845215,2.3807566165924072,0.002373933792114258
initial,4,18,16,2.432082414627075,2.446815013885498,0.014732599258422852
initial,4,19,16,2.4305291175842285,2.4399423599243164,0.00941324234008789
initial,4,20,16,2.4870352745056152,2.4623358249664307,0.02469944953918457
initial,4,21,16,2.3925139904022217,2.3994522094726562,0.00693821907043457
initial,4,22,16,2.364053726196289,2.4176714420318604,0.05361771583557129
initial,4,23,16,2.3799986839294434,2.342372417449951,0.03762626647949219
initial,4,24,16,2.3939931392669678,2.437751054763794,0.04375791549682617
initial,4,25,16,2.5054616928100586,2.4829349517822266,0.02252674102783203
initial,4,26,16,2.4569075107574463,2.434784412384033,0.022123098373413086
initial,4,27,16,2.441155433654785,2.4736714363098145,0.0325160026550293
initial,4,28,16,2.4478418827056885,2.4531261920928955,0.005284309387207031
initial,4,29,16,2.4086334705352783,2.402040481567383,0.006592988967895508
initial,4,30,16,2.458620071411133,2.450246572494507,0.008373498916625977
initial,4,31,16,2.4287776947021484,2.4159231185913086,0.012854576110839844
initial,4,32,16,2.4643747806549072,2.4452924728393555,0.019082307815551758
initial,4,33,16,2.4313836097717285,2.4638381004333496,0.032454490661621094
initial,4,34,16,2.435385227203369,2.4474782943725586,0.012093067169189453
initial,4,35,16,2.4231107234954834,2.388308525085449,0.03480219841003418
initial,4,36,16,2.4549498558044434,2.4516332149505615,0.003316640853881836
initial,4,37,16,2.4558358192443848,2.4368624687194824,0.018973350524902344
initial,4,38,16,2.3830931186676025,2.3922154903411865,0.009122371673583984
initial,4,39,16,2.4854185581207275,2.4776132106781006,0.007805347442626953
initial,4,40,16,2.3672194480895996,2.353231430053711,0.013988018035888672
initial,4,41,16,2.4145476818084717,2.4342992305755615,0.019751548767089844
initial,4,42,16,2.4850122928619385,2.4599015712738037,0.025110721588134766
initial,4,43,16,2.4162373542785645,2.4176127910614014,0.001375436782836914
initial,4,44,16,2.3596324920654297,2.393357753753662,0.03372526168823242
initial,4,45,16,2.444554090499878,2.449061155319214,0.0045070648193359375
initial,4,46,16,2.437758684158325,2.4719603061676025,0.034201622009277344
initial,4,47,16,2.387830972671509,2.3801372051239014,0.007693767547607422
initial,4,48,16,2.4180829524993896,2.4141945838928223,0.003888368606567383
initial,4,49,16,2.4529807567596436,2.4476521015167236,0.005328655242919922
initial,4,50,16,2.467031717300415,2.475562572479248,0.008530855178833008
initial,4,51,16,2.4477694034576416,2.45879864692688,0.011029243469238281
initial,4,52,16,2.3798828125,2.406076192855835,0.02619338035583496
initial,4,53,16,2.3850371837615967,2.409127712249756,0.02409052848815918
initial,4,54,16,2.354539155960083,2.3871569633483887,0.032617807388305664
initial,4,55,16,2.4165399074554443,2.4202308654785156,0.003690958023071289
initial,4,56,16,2.406965494155884,2.372068405151367,0.0348970890045166
initial,4,57,16,2.479400157928467,2.4593820571899414,0.02001810073852539
initial,4,58,16,2.3934953212738037,2.3848376274108887,0.008657693862915039
initial,4,59,16,2.415877342224121,2.4413599967956543,0.025482654571533203
initial,4,60,16,2.518165111541748,2.5307528972625732,0.012587785720825195
initial,4,61,16,2.3773202896118164,2.3760011196136475,0.0013191699981689453
initial,4,62,16,2.468532085418701,2.4687323570251465,0.0002002716064453125
initial,4,63,16,2.3592283725738525,2.379868745803833,0.02064037322998047
final,4,0,16,0.998516857624054,0.9643924236297607,0.03412443399429321
final,4,1,16,0.9263737201690674,0.9497634768486023,0.023389756679534912
final,4,2,16,1.01455819606781,1.033333420753479,0.018775224685668945
final,4,3,16,0.9312260746955872,0.9507831931114197,0.01955711841583252
final,4,4,16,0.9642897844314575,0.9705383777618408,0.006248593330383301
final,4,5,16,0.8124299645423889,0.872793972492218,0.0603640079498291
final,4,6,16,1.0529413223266602,1.0199708938598633,0.032970428466796875
final,4,7,16,0.8734833002090454,0.9275993704795837,0.05411607027053833
final,4,8,16,0.9166399240493774,0.8800140023231506,0.03662592172622681
final,4,9,16,1.003280758857727,0.9924355745315552,0.010845184326171875
final,4,10,16,0.9932040572166443,1.0062061548233032,0.013002097606658936
final,4,11,16,0.9309748411178589,0.9169394969940186,0.014035344123840332
final,4,12,16,1.165547490119934,1.1447380781173706,0.020809412002563477
final,4,13,16,1.0217750072479248,1.0575988292694092,0.035823822021484375
final,4,14,16,1.1554844379425049,1.1509853601455688,0.004499077796936035
final,4,15,16,0.9917274117469788,1.0018672943115234,0.010139882564544678
final,4,16,16,1.0646997690200806,1.026088833808899,0.03861093521118164
final,4,17,16,0.8872225284576416,0.9305196404457092,0.04329711198806763
final,4,18,16,1.0439882278442383,1.0690323114395142,0.02504408359527588
final,4,19,16,1.0470893383026123,1.0158803462982178,0.03120899200439453
final,4,20,16,0.8544507026672363,0.8758714199066162,0.021420717239379883
final,4,21,16,1.0492916107177734,0.9735015630722046,0.07579004764556885
final,4,22,16,0.9734177589416504,0.9554795622825623,0.017938196659088135
final,4,23,16,1.1098982095718384,1.0923701524734497,0.017528057098388672
final,4,24,16,1.0225746631622314,0.9731847643852234,0.04938989877700806
final,4,25,16,0.881331741809845,0.8306584358215332,0.05067330598831177
final,4,26,16,0.8808792233467102,0.9010692834854126,0.020190060138702393
final,4,27,16,1.0612434148788452,1.0265620946884155,0.03468132019042969
final,4,28,16,1.1167820692062378,1.15204656124115,0.03526449203491211
final,4,29,16,1.1064963340759277,1.047157883644104,0.05933845043182373
final,4,30,16,0.9893075227737427,1.0096635818481445,0.020356059074401855
final,4,31,16,0.918100893497467,0.9052155017852783,0.01288539171218872
final,4,32,16,0.9461190700531006,0.9431264996528625,0.002992570400238037
final,4,33,16,1.0737941265106201,1.0781532526016235,0.004359126091003418
final,4,34,16,0.998908281326294,0.9964410662651062,0.002467215061187744
final,4,35,16,0.9849556088447571,1.0126416683197021,0.02768605947494507
final,4,36,16,0.9896998405456543,0.9768955707550049,0.012804269790649414
final,4,37,16,1.0002689361572266,0.9897869825363159,0.010481953620910645
final,4,38,16,1.0180450677871704,1.0400232076644897,0.021978139877319336
final,4,39,16,0.9636085033416748,0.9484503865242004,0.015158116817474365
final,4,40,16,1.0746455192565918,1.0831106901168823,0.008465170860290527
final,4,41,16,0.8551599383354187,0.8506444692611694,0.004515469074249268
final,4,42,16,1.068779706954956,1.0534929037094116,0.015286803245544434
final,4,43,16,0.9469316005706787,0.9900367259979248,0.043105125427246094
final,4,44,16,1.0171191692352295,1.0158746242523193,0.0012445449829101562
final,4,45,16,1.0411309003829956,1.0194324254989624,0.021698474884033203
final,4,46,16,1.0077985525131226,1.0002217292785645,0.0075768232345581055
final,4,47,16,0.9156770706176758,0.9244652390480042,0.00878816843032837
final,4,48,16,0.8756720423698425,0.8745826482772827,0.0010893940925598145
final,4,49,16,1.1895794868469238,1.1748634576797485,0.014716029167175293
final,4,50,16,0.9664570093154907,0.9871599078178406,0.020702898502349854
final,4,51,16,0.9989577531814575,1.0642659664154053,0.06530821323394775
final,4,52,16,0.9831451177597046,1.065595269203186,0.08245015144348145
final,4,53,16,0.8766238689422607,0.8743783831596375,0.002245485782623291
final,4,54,16,0.9117094278335571,0.9525311589241028,0.040821731090545654
final,4,55,16,1.081871747970581,1.0835022926330566,0.001630544662475586
final,4,56,16,0.9558217525482178,0.9728294610977173,0.01700770854949951
final,4,57,16,1.1850131750106812,1.2080488204956055,0.023035645484924316
final,4,58,16,0.9228582978248596,0.8956987857818604,0.027159512042999268
final,4,59,16,0.8711040616035461,0.8963289856910706,0.025224924087524414
final,4,60,16,1.1265214681625366,1.189264178276062,0.06274271011352539
final,4,61,16,0.9572324156761169,0.8969308733940125,0.06030154228210449
final,4,62,16,1.1183228492736816,1.1599870920181274,0.0416642427444458
final,4,63,16,1.0380942821502686,1.0229909420013428,0.015103340148925781
initial,5,0,16,2.4194869995117188,2.401393175125122,0.01809382438659668
initial,5,1,16,2.4460668563842773,2.4637060165405273,0.01763916015625
initial,5,2,16,2.4417824745178223,2.452040433883667,0.010257959365844727
initial,5,3,16,2.5114173889160156,2.5500071048736572,0.0385897159576416
initial,5,4,16,2.377014398574829,2.363290309906006,0.013724088668823242
initial,5,5,16,2.393505573272705,2.4068057537078857,0.013300180435180664
initial,5,6,16,2.4160783290863037,2.4134881496429443,0.002590179443359375
initial,5,7,16,2.4700803756713867,2.4189531803131104,0.05112719535827637
initial,5,8,16,2.40895938873291,2.405514717102051,0.003444671630859375
initial,5,9,16,2.3780412673950195,2.4305193424224854,0.05247807502746582
initial,5,10,16,2.4219470024108887,2.446988821029663,0.025041818618774414
initial,5,11,16,2.392958402633667,2.350217580795288,0.042740821838378906
initial,5,12,16,2.3543643951416016,2.4123966693878174,0.05803227424621582
initial,5,13,16,2.436840534210205,2.4074435234069824,0.029397010803222656
initial,5,14,16,2.4159984588623047,2.4144792556762695,0.0015192031860351562
initial,5,15,16,2.3216326236724854,2.3118951320648193,0.009737491607666016
initial,5,16,16,2.48734712600708,2.5020577907562256,0.014710664749145508
initial,5,17,16,2.4528989791870117,2.4142861366271973,0.03861284255981445
initial,5,18,16,2.435731887817383,2.4376349449157715,0.0019030570983886719
initial,5,19,16,2.4477181434631348,2.4643828868865967,0.016664743423461914
initial,5,20,16,2.3574931621551514,2.3749845027923584,0.01749134063720703
initial,5,21,16,2.3953795433044434,2.3850550651550293,0.010324478149414062
initial,5,22,16,2.405214309692383,2.3595433235168457,0.04567098617553711
initial,5,23,16,2.4233858585357666,2.4300308227539062,0.0066449642181396484
initial,5,24,16,2.4753220081329346,2.445648670196533,0.029673337936401367
initial,5,25,16,2.319962739944458,2.3093740940093994,0.010588645935058594
initial,5,26,16,2.4215099811553955,2.4364233016967773,0.014913320541381836
initial,5,27,16,2.37807297706604,2.3806216716766357,0.002548694610595703
initial,5,28,16,2.497849702835083,2.470538377761841,0.027311325073242188
initial,5,29,16,2.4612982273101807,2.4540534019470215,0.00724482536315918
initial,5,30,16,2.4591007232666016,2.4421744346618652,0.016926288604736328
initial,5,31,16,2.362980604171753,2.357996702194214,0.0049839019775390625
initial,5,32,16,2.328061580657959,2.3392210006713867,0.011159420013427734
initial,5,33,16,2.466703414916992,2.4280667304992676,0.03863668441772461
initial,5,34,16,2.3550422191619873,2.400604009628296,0.045561790466308594
initial,5,35,16,2.417734146118164,2.4343557357788086,0.01662158966064453
initial,5,36,16,2.4149608612060547,2.43544340133667,0.020482540130615234
initial,5,37,16,2.3972408771514893,2.413142681121826,0.015901803970336914
initial,5,38,16,2.4407620429992676,2.4548943042755127,0.014132261276245117
initial,5,39,16,2.424440860748291,2.419903039932251,0.004537820816040039
initial,5,40,16,2.433147668838501,2.4115524291992188,0.021595239639282227
initial,5,41,16,2.41255784034729,2.3880398273468018,0.02451801300048828
initial,5,42,16,2.3709254264831543,2.381852149963379,0.01092672348022461
initial,5,43,16,2.3527755737304688,2.345372200012207,0.007403373718261719
initial,5,44,16,2.330793619155884,2.3328521251678467,0.0020585060119628906
initial,5,45,16,2.423269748687744,2.423811435699463,0.00054168701171875
initial,5,46,16,2.332028865814209,2.3718976974487305,0.039868831634521484
initial,5,47,16,2.383352041244507,2.3713603019714355,0.011991739273071289
initial,5,48,16,2.4587063789367676,2.396939992904663,0.06176638603210449
initial,5,49,16,2.410618782043457,2.3967032432556152,0.013915538787841797
initial,5,50,16,2.3849401473999023,2.371640920639038,0.013299226760864258
initial,5,51,16,2.355426788330078,2.389763116836548,0.03433632850646973
initial,5,52,16,2.32881760597229,2.36423921585083,0.03542160987854004
initial,5,53,16,2.3868987560272217,2.3901560306549072,0.003257274627685547
initial,5,54,16,2.3188862800598145,2.3407480716705322,0.021861791610717773
initial,5,55,16,2.4298291206359863,2.4413092136383057,0.011480093002319336
initial,5,56,16,2.384582757949829,2.398655652999878,0.014072895050048828
initial,5,57,16,2.4288039207458496,2.3725578784942627,0.056246042251586914
initial,5,58,16,2.4202022552490234,2.417268991470337,0.0029332637786865234
initial,5,59,16,2.443906784057617,2.4355931282043457,0.008313655853271484
initial,5,60,16,2.3742778301239014,2.4032793045043945,0.029001474380493164
initial,5,61,16,2.3349428176879883,2.3796279430389404,0.04468512535095215
initial,5,62,16,2.487804412841797,2.46883225440979,0.018972158432006836
initial,5,63,16,2.4060919284820557,2.3955674171447754,0.010524511337280273
final,5,0,16,0.9508647918701172,0.9374323487281799,0.013432443141937256
final,5,1,16,0.9662994146347046,0.9556794166564941,0.01061999797821045
final,5,2,16,0.978804886341095,1.0668087005615234,0.08800381422042847
final,5,3,16,0.9649934768676758,1.0119261741638184,0.04693269729614258
final,5,4,16,0.9178887009620667,0.9237405061721802,0.005851805210113525
final,5,5,16,1.134429693222046,1.1131601333618164,0.021269559860229492
final,5,6,16,0.9210336804389954,0.9930419325828552,0.07200825214385986
final,5,7,16,1.1048810482025146,1.0863198041915894,0.018561244010925293
final,5,8,16,1.0087735652923584,1.0177589654922485,0.008985400199890137
final,5,9,16,0.8495895266532898,0.8950232267379761,0.04543370008468628
final,5,10,16,0.9828175902366638,1.0038102865219116,0.020992696285247803
final,5,11,16,1.0740219354629517,1.0884451866149902,0.014423251152038574
final,5,12,16,1.1075210571289062,1.0988550186157227,0.008666038513183594
final,5,13,16,1.1179239749908447,1.1039783954620361,0.013945579528808594
final,5,14,16,1.0824965238571167,1.1113507747650146,0.02885425090789795
final,5,15,16,0.9840129613876343,0.9876871705055237,0.0036742091178894043
final,5,16,16,0.9046677350997925,0.8919299840927124,0.012737751007080078
final,5,17,16,0.9522200226783752,0.960873544216156,0.008653521537780762
final,5,18,16,0.9032330513000488,0.8760664463043213,0.02716660499572754
final,5,19,16,1.091698169708252,1.1481916904449463,0.056493520736694336
final,5,20,16,0.928340494632721,0.879442036151886,0.04889845848083496
final,5,21,16,0.9276806712150574,0.9258828163146973,0.0017978549003601074
final,5,22,16,0.8821677565574646,0.8791465163230896,0.003021240234375
final,5,23,16,0.9891703724861145,0.9866160154342651,0.0025543570518493652
final,5,24,16,0.9704280495643616,0.9562057852745056,0.014222264289855957
final,5,25,16,1.0012565851211548,0.9755497574806213,0.025706827640533447
final,5,26,16,0.9373227953910828,0.9519287943840027,0.014605998992919922
final,5,27,16,1.1689754724502563,1.185815691947937,0.016840219497680664
final,5,28,16,0.9919077157974243,0.9923092722892761,0.00040155649185180664
final,5,29,16,0.9548817873001099,0.9254166483879089,0.029465138912200928
final,5,30,16,0.9618638753890991,0.9349331259727478,0.02693074941635132
final,5,31,16,1.1244488954544067,1.091737985610962,0.032710909843444824
final,5,32,16,0.9775552153587341,0.9379228949546814,0.039632320404052734
final,5,33,16,1.063197135925293,1.018145203590393,0.0450519323348999
final,5,34,16,0.962699294090271,0.879766583442688,0.08293271064758301
final,5,35,16,0.9724563360214233,0.9563742876052856,0.016082048416137695
final,5,36,16,0.9457658529281616,0.9410614967346191,0.0047043561935424805
final,5,37,16,1.0005950927734375,0.996642529964447,0.0039525628089904785
final,5,38,16,1.0749346017837524,1.0157904624938965,0.05914413928985596
final,5,39,16,1.0087274312973022,1.0005050897598267,0.008222341537475586
final,5,40,16,0.9400577545166016,0.907297670841217,0.03276008367538452
final,5,41,16,0.9408581852912903,0.9514816999435425,0.010623514652252197
final,5,42,16,1.063270926475525,1.0700559616088867,0.006785035133361816
final,5,43,16,1.0095531940460205,0.9835962653160095,0.025956928730010986
final,5,44,16,1.0248056650161743,1.0012717247009277,0.023533940315246582
final,5,45,16,1.157418131828308,1.1888734102249146,0.031455278396606445
final,5,46,16,1.0041100978851318,1.0143440961837769,0.01023399829864502
final,5,47,16,0.9546614289283752,0.9457423090934753,0.008919119834899902
final,5,48,16,1.0274720191955566,1.0684188604354858,0.0409468412399292
final,5,49,16,0.8119744062423706,0.8590109944343567,0.047036588191986084
final,5,50,16,0.9102960228919983,0.8732470870018005,0.037048935890197754
final,5,51,16,1.0284017324447632,0.9387956857681274,0.08960604667663574
final,5,52,16,0.8736165165901184,0.8695993423461914,0.004017174243927002
final,5,53,16,0.9336755275726318,1.0066028833389282,0.07292735576629639
final,5,54,16,0.9507943391799927,0.9033616185188293,0.04743272066116333
final,5,55,16,0.8074939846992493,0.8386747241020203,0.031180739402770996
final,5,56,16,0.9860155582427979,0.9876731038093567,0.0016575455665588379
final,5,57,16,0.9436839818954468,0.9528815746307373,0.009197592735290527
final,5,58,16,1.0416886806488037,1.0441535711288452,0.002464890480041504
final,5,59,16,1.0459744930267334,0.9933586716651917,0.05261582136154175
final,5,60,16,0.9734880328178406,0.9911667704582214,0.01767873764038086
final,5,61,16,0.9570448398590088,0.9892903566360474,0.032245516777038574
final,5,62,16,1.0126612186431885,0.9942219257354736,0.018439292907714844
final,5,63,16,1.113179326057434,1.1351083517074585,0.021929025650024414
initial,6,0,16,2.455904006958008,2.480905771255493,0.02500176429748535
initial,6,1,16,2.442333936691284,2.4318253993988037,0.010508537292480469
initial,6,2,16,2.370878219604492,2.3791112899780273,0.008233070373535156
initial,6,3,16,2.429703950881958,2.4204726219177246,0.009231328964233398
initial,6,4,16,2.426378011703491,2.405123233795166,0.021254777908325195
initial,6,5,16,2.506899833679199,2.5131747722625732,0.0062749385833740234
initial,6,6,16,2.4038286209106445,2.4043750762939453,0.0005464553833007812
initial,6,7,16,2.4135313034057617,2.432603597640991,0.019072294235229492
initial,6,8,16,2.4331114292144775,2.4789838790893555,0.04587244987487793
initial,6,9,16,2.496222496032715,2.4736673831939697,0.022555112838745117
initial,6,10,16,2.5241799354553223,2.531836748123169,0.00765681266784668
initial,6,11,16,2.410426616668701,2.4636502265930176,0.053223609924316406
initial,6,12,16,2.4131784439086914,2.420943021774292,0.007764577865600586
initial,6,13,16,2.413907289505005,2.448981523513794,0.03507423400878906
initial,6,14,16,2.3237404823303223,2.310401678085327,0.013338804244995117
initial,6,15,16,2.489076852798462,2.474548101425171,0.014528751373291016
initial,6,16,16,2.4513261318206787,2.3981027603149414,0.053223371505737305
initial,6,17,16,2.4372634887695312,2.371276378631592,0.06598711013793945
initial,6,18,16,2.3716328144073486,2.3821237087249756,0.010490894317626953
initial,6,19,16,2.332780122756958,2.3397581577301025,0.006978034973144531
initial,6,20,16,2.3960392475128174,2.4296984672546387,0.03365921974182129
initial,6,21,16,2.4385364055633545,2.4262237548828125,0.012312650680541992
initial,6,22,16,2.4115331172943115,2.423854112625122,0.012320995330810547
initial,6,23,16,2.3993022441864014,2.4395108222961426,0.04020857810974121
initial,6,24,16,2.46345591545105,2.446885347366333,0.016570568084716797
initial,6,25,16,2.449460506439209,2.458996534347534,0.009536027908325195
initial,6,26,16,2.354288339614868,2.365266799926758,0.010978460311889648
initial,6,27,16,2.380117893218994,2.393836736679077,0.013718843460083008
initial,6,28,16,2.4476089477539062,2.4261391162872314,0.021469831466674805
initial,6,29,16,2.413137435913086,2.419675350189209,0.006537914276123047
initial,6,30,16,2.387343168258667,2.4025180339813232,0.01517486572265625
initial,6,31,16,2.4350197315216064,2.4390838146209717,0.004064083099365234
initial,6,32,16,2.422657012939453,2.4103505611419678,0.012306451797485352
initial,6,33,16,2.3800783157348633,2.3922555446624756,0.012177228927612305
initial,6,34,16,2.402510404586792,2.4091851711273193,0.006674766540527344
initial,6,35,16,2.420010566711426,2.4423129558563232,0.02230238914489746
initial,6,36,16,2.468052625656128,2.44390869140625,0.02414393424987793
initial,6,37,16,2.3405227661132812,2.333308219909668,0.007214546203613281
initial,6,38,16,2.376011848449707,2.3850958347320557,0.009083986282348633
initial,6,39,16,2.368217945098877,2.390909433364868,0.02269148826599121
initial,6,40,16,2.405198812484741,2.4032468795776367,0.0019519329071044922
initial,6,41,16,2.4054203033447266,2.418161392211914,0.0127410888671875
initial,6,42,16,2.4498963356018066,2.427013874053955,0.022882461547851562
initial,6,43,16,2.4202589988708496,2.3964486122131348,0.023810386657714844
initial,6,44,16,2.4256742000579834,2.3930678367614746,0.03260636329650879
initial,6,45,16,2.4242024421691895,2.4362988471984863,0.012096405029296875
initial,6,46,16,2.3877787590026855,2.3665807247161865,0.021198034286499023
initial,6,47,16,2.4509928226470947,2.503352403640747,0.052359580993652344
initial,6,48,16,2.3694851398468018,2.404916524887085,0.0354313850402832
initial,6,49,16,2.3970630168914795,2.4343366622924805,0.03727364540100098
initial,6,50,16,2.4412107467651367,2.4570999145507812,0.01588916778564453
initial,6,51,16,2.4122092723846436,2.3591926097869873,0.05301666259765625
initial,6,52,16,2.3465628623962402,2.358311176300049,0.011748313903808594
initial,6,53,16,2.3602209091186523,2.3955109119415283,0.03529000282287598
initial,6,54,16,2.4393727779388428,2.4697744846343994,0.03040170669555664
initial,6,55,16,2.4614148139953613,2.4430487155914307,0.018366098403930664
initial,6,56,16,2.426997661590576,2.4194176197052,0.0075800418853759766
initial,6,57,16,2.4629318714141846,2.4509801864624023,0.011951684951782227
initial,6,58,16,2.338010311126709,2.3704609870910645,0.03245067596435547
initial,6,59,16,2.5155234336853027,2.527837038040161,0.012313604354858398
initial,6,60,16,2.3521242141723633,2.379232883453369,0.02710866928100586
initial,6,61,16,2.4095370769500732,2.395615577697754,0.013921499252319336
initial,6,62,16,2.4548604488372803,2.4741945266723633,0.019334077835083008
initial,6,63,16,2.4138991832733154,2.3792166709899902,0.034682512283325195
final,6,0,16,0.9358373880386353,0.9992309808731079,0.06339359283447266
final,6,1,16,1.0357427597045898,1.0262866020202637,0.009456157684326172
final,6,2,16,0.9761562943458557,0.9299946427345276,0.046161651611328125
final,6,3,16,1.09796142578125,1.0989279747009277,0.0009665489196777344
final,6,4,16,1.0678590536117554,1.0708141326904297,0.0029550790786743164
final,6,5,16,0.9878273010253906,0.9611982703208923,0.02662903070449829
final,6,6,16,0.9235618114471436,0.9623972773551941,0.03883546590805054
final,6,7,16,0.9741747975349426,0.9671706557273865,0.007004141807556152
final,6,8,16,1.1474872827529907,1.139333724975586,0.008153557777404785
final,6,9,16,1.1376105546951294,1.1763358116149902,0.03872525691986084
final,6,10,16,1.0823869705200195,1.0623466968536377,0.020040273666381836
final,6,11,16,1.0574517250061035,1.0674644708633423,0.01001274585723877
final,6,12,16,1.0081965923309326,1.0126583576202393,0.004461765289306641
final,6,13,16,0.9345164895057678,0.9479543566703796,0.013437867164611816
final,6,14,16,0.9757774472236633,0.9692071676254272,0.006570279598236084
final,6,15,16,0.9578617811203003,0.9472879767417908,0.010573804378509521
final,6,16,16,1.092750906944275,1.0666518211364746,0.026099085807800293
final,6,17,16,0.852989912033081,0.8489806652069092,0.004009246826171875
final,6,18,16,0.9901047945022583,0.960198700428009,0.029906094074249268
final,6,19,16,0.9511935114860535,1.0051113367080688,0.05391782522201538
final,6,20,16,0.88929682970047,0.9083957076072693,0.019098877906799316
final,6,21,16,1.0571422576904297,1.0962046384811401,0.03906238079071045
final,6,22,16,0.9948491454124451,0.9811283349990845,0.013720810413360596
final,6,23,16,0.8834997415542603,0.8924112915992737,0.008911550045013428
final,6,24,16,0.996919572353363,0.9878371953964233,0.009082376956939697
final,6,25,16,0.9675995111465454,1.0163476467132568,0.048748135566711426
final,6,26,16,0.9709009528160095,0.9171232581138611,0.05377769470214844
final,6,27,16,0.939460813999176,1.01167893409729,0.07221812009811401
final,6,28,16,1.0301536321640015,0.994459331035614,0.03569430112838745
final,6,29,16,0.9455274939537048,1.0067448616027832,0.06121736764907837
final,6,30,16,0.9315395355224609,0.9179095029830933,0.013630032539367676
final,6,31,16,0.9818041324615479,0.9788457155227661,0.0029584169387817383
final,6,32,16,0.8504384756088257,0.868378221988678,0.017939746379852295
final,6,33,16,0.9331180453300476,0.9132241606712341,0.019893884658813477
final,6,34,16,1.0919451713562012,1.14116632938385,0.049221158027648926
final,6,35,16,1.0302108526229858,1.0542000532150269,0.023989200592041016
final,6,36,16,0.8992718458175659,0.8655948042869568,0.03367704153060913
final,6,37,16,0.8637407422065735,0.9049717783927917,0.04123103618621826
final,6,38,16,0.9238225221633911,0.9406900405883789,0.016867518424987793
final,6,39,16,0.9788147211074829,0.9761733412742615,0.0026413798332214355
final,6,40,16,0.9007084965705872,0.9459913969039917,0.04528290033340454
final,6,41,16,0.9845842123031616,0.958200216293335,0.02638399600982666
final,6,42,16,1.0836869478225708,1.024245262145996,0.05944168567657471
final,6,43,16,0.8921112418174744,0.9073037505149841,0.015192508697509766
final,6,44,16,1.0486449003219604,0.9485126733779907,0.10013222694396973
final,6,45,16,1.0285606384277344,1.0186471939086914,0.009913444519042969
final,6,46,16,1.1372989416122437,1.1324610710144043,0.0048378705978393555
final,6,47,16,1.0308244228363037,1.0950897932052612,0.06426537036895752
final,6,48,16,0.9327400326728821,0.9350439310073853,0.002303898334503174
final,6,49,16,0.9441604614257812,0.9441689848899841,8.52346420288086e-06
final,6,50,16,1.1154783964157104,1.1274940967559814,0.012015700340270996
final,6,51,16,1.0344189405441284,1.053661584854126,0.01924264430999756
final,6,52,16,0.9081597328186035,0.8920603394508362,0.016099393367767334
final,6,53,16,0.8845723271369934,0.8811540603637695,0.003418266773223877
final,6,54,16,0.9121884107589722,0.9225581288337708,0.010369718074798584
final,6,55,16,1.0145468711853027,0.9638987183570862,0.05064815282821655
final,6,56,16,0.9243528842926025,0.9270986914634705,0.00274580717086792
final,6,57,16,1.0373233556747437,1.0220175981521606,0.015305757522583008
final,6,58,16,0.7833610773086548,0.7760595083236694,0.0073015689849853516
final,6,59,16,0.8458088636398315,0.8382657170295715,0.00754314661026001
final,6,60,16,1.1891131401062012,1.0991179943084717,0.08999514579772949
final,6,61,16,1.0983649492263794,1.095418930053711,0.002946019172668457
final,6,62,16,0.9767422080039978,0.9030632972717285,0.07367891073226929
final,6,63,16,0.9588422179222107,0.9425336122512817,0.016308605670928955
initial,7,0,16,2.4669911861419678,2.457397699356079,0.009593486785888672
initial,7,1,16,2.3984694480895996,2.386768102645874,0.011701345443725586
initial,7,2,16,2.3399064540863037,2.3549225330352783,0.01501607894897461
initial,7,3,16,2.4275600910186768,2.4152019023895264,0.01235818862915039
initial,7,4,16,2.4431350231170654,2.4564945697784424,0.013359546661376953
initial,7,5,16,2.4078402519226074,2.4142396450042725,0.006399393081665039
initial,7,6,16,2.3999979496002197,2.4337217807769775,0.03372383117675781
initial,7,7,16,2.4484472274780273,2.4477622509002686,0.0006849765777587891
initial,7,8,16,2.366595983505249,2.366058111190796,0.000537872314453125
initial,7,9,16,2.487428665161133,2.488098382949829,0.0006697177886962891
initial,7,10,16,2.388978958129883,2.3926846981048584,0.003705739974975586
initial,7,11,16,2.4140636920928955,2.4364664554595947,0.02240276336669922
initial,7,12,16,2.4197123050689697,2.4222254753112793,0.0025131702423095703
initial,7,13,16,2.434551477432251,2.448676109313965,0.014124631881713867
initial,7,14,16,2.3196489810943604,2.3158395290374756,0.0038094520568847656
initial,7,15,16,2.3739943504333496,2.3841488361358643,0.010154485702514648
initial,7,16,16,2.51104998588562,2.5037126541137695,0.007337331771850586
initial,7,17,16,2.4284515380859375,2.4178144931793213,0.010637044906616211
initial,7,18,16,2.4163177013397217,2.4204416275024414,0.0041239261627197266
initial,7,19,16,2.449218988418579,2.473670482635498,0.024451494216918945
initial,7,20,16,2.361846446990967,2.3649277687072754,0.0030813217163085938
initial,7,21,16,2.3568410873413086,2.4033889770507812,0.046547889709472656
initial,7,22,16,2.3832430839538574,2.3765695095062256,0.006673574447631836
initial,7,23,16,2.4270384311676025,2.4059274196624756,0.021111011505126953
initial,7,24,16,2.5332353115081787,2.5399951934814453,0.0067598819732666016
initial,7,25,16,2.3855175971984863,2.4532456398010254,0.06772804260253906
initial,7,26,16,2.4314374923706055,2.4193975925445557,0.012039899826049805
initial,7,27,16,2.436894416809082,2.4673197269439697,0.030425310134887695
initial,7,28,16,2.4276111125946045,2.437446355819702,0.009835243225097656
initial,7,29,16,2.4698102474212646,2.4348068237304688,0.0350034236907959
initial,7,30,16,2.4622721672058105,2.487078905105591,0.024806737899780273
initial,7,31,16,2.448606014251709,2.418459892272949,0.030146121978759766
initial,7,32,16,2.3632144927978516,2.3558509349823,0.007363557815551758
initial,7,33,16,2.4472451210021973,2.478137731552124,0.030892610549926758
initial,7,34,16,2.378612756729126,2.3832216262817383,0.004608869552612305
initial,7,35,16,2.424034595489502,2.4301235675811768,0.006088972091674805
initial,7,36,16,2.344184398651123,2.3671987056732178,0.023014307022094727
initial,7,37,16,2.332080364227295,2.3365654945373535,0.004485130310058594
initial,7,38,16,2.42763352394104,2.4471497535705566,0.0195162296295166
initial,7,39,16,2.4305057525634766,2.414478063583374,0.01602768898010254
initial,7,40,16,2.4391462802886963,2.395771026611328,0.043375253677368164
initial,7,41,16,2.4133665561676025,2.450549364089966,0.03718280792236328
initial,7,42,16,2.4296181201934814,2.469064950942993,0.03944683074951172
initial,7,43,16,2.432152032852173,2.431762456893921,0.0003895759582519531
initial,7,44,16,2.3872880935668945,2.382641077041626,0.004647016525268555
initial,7,45,16,2.3802742958068848,2.44049334526062,0.06021904945373535
initial,7,46,16,2.3891165256500244,2.39335560798645,0.004239082336425781
initial,7,47,16,2.3696815967559814,2.3677496910095215,0.001931905746459961
initial,7,48,16,2.388916015625,2.3686468601226807,0.020269155502319336
initial,7,49,16,2.365429162979126,2.3774337768554688,0.012004613876342773
initial,7,50,16,2.373521089553833,2.359530210494995,0.01399087905883789
initial,7,51,16,2.4834210872650146,2.5031917095184326,0.01977062225341797
initial,7,52,16,2.4645423889160156,2.441279649734497,0.023262739181518555
initial,7,53,16,2.475757122039795,2.4712162017822266,0.004540920257568359
initial,7,54,16,2.396622896194458,2.4045801162719727,0.007957220077514648
initial,7,55,16,2.378218173980713,2.3953676223754883,0.01714944839477539
initial,7,56,16,2.420170307159424,2.419727325439453,0.0004429817199707031
initial,7,57,16,2.411834955215454,2.384024143218994,0.02781081199645996
initial,7,58,16,2.4837255477905273,2.511636972427368,0.02791142463684082
initial,7,59,16,2.519205093383789,2.477954149246216,0.04125094413757324
initial,7,60,16,2.3720109462738037,2.3401036262512207,0.03190732002258301
initial,7,61,16,2.4409961700439453,2.4096181392669678,0.03137803077697754
initial,7,62,16,2.3509531021118164,2.38558292388916,0.03462982177734375
initial,7,63,16,2.390468120574951,2.3715527057647705,0.018915414810180664
final,7,0,16,1.0440105199813843,0.9610651731491089,0.08294534683227539
final,7,1,16,0.8702179193496704,0.8921628594398499,0.021944940090179443
final,7,2,16,1.0761518478393555,0.9851568341255188,0.09099501371383667
final,7,3,16,0.8779348731040955,0.8586525321006775,0.01928234100341797
final,7,4,16,0.9248244762420654,0.9315658211708069,0.006741344928741455
final,7,5,16,0.85673588514328,0.8756635189056396,0.01892763376235962
final,7,6,16,1.0345737934112549,1.0267596244812012,0.007814168930053711
final,7,7,16,0.9738723635673523,0.9629417657852173,0.01093059778213501
final,7,8,16,0.916019082069397,0.9449187517166138,0.028899669647216797
final,7,9,16,1.1133781671524048,1.153623342514038,0.0402451753616333
final,7,10,16,1.0409537553787231,1.0619399547576904,0.020986199378967285
final,7,11,16,0.8443098068237305,0.8507667183876038,0.006456911563873291
final,7,12,16,1.1336402893066406,1.0835089683532715,0.05013132095336914
final,7,13,16,0.9032567143440247,0.8758366703987122,0.0274200439453125
final,7,14,16,0.8676740527153015,0.9155498743057251,0.047875821590423584
final,7,15,16,0.9551708698272705,0.9708374738693237,0.015666604042053223
final,7,16,16,0.9050711989402771,0.8959384560585022,0.009132742881774902
final,7,17,16,1.0011889934539795,1.0716325044631958,0.07044351100921631
final,7,18,16,0.9702659249305725,0.9720134139060974,0.0017474889755249023
final,7,19,16,1.0432913303375244,1.1007297039031982,0.05743837356567383
final,7,20,16,0.967473566532135,1.025626301765442,0.058152735233306885
final,7,21,16,1.1932313442230225,1.163357138633728,0.029874205589294434
final,7,22,16,0.956218957901001,0.9843316674232483,0.028112709522247314
final,7,23,16,1.0743967294692993,1.0543538331985474,0.020042896270751953
final,7,24,16,0.979155421257019,1.0318665504455566,0.0527111291885376
final,7,25,16,0.9408760070800781,0.9499267935752869,0.00905078649520874
final,7,26,16,1.0452208518981934,1.083534836769104,0.038313984870910645
final,7,27,16,0.8439167737960815,0.8947620987892151,0.050845324993133545
final,7,28,16,0.9929845929145813,1.0337138175964355,0.04072922468185425
final,7,29,16,0.9574610590934753,0.910113513469696,0.0473475456237793
final,7,30,16,1.0488193035125732,0.9500617384910583,0.09875756502151489
final,7,31,16,0.9305328726768494,0.9567489624023438,0.026216089725494385
final,7,32,16,1.1521142721176147,1.0622141361236572,0.08990013599395752
final,7,33,16,0.9376958608627319,0.9257086515426636,0.01198720932006836
final,7,34,16,1.0937950611114502,1.0931779146194458,0.0006171464920043945
final,7,35,16,1.0960499048233032,1.0950489044189453,0.0010010004043579102
final,7,36,16,0.9873520135879517,0.9691207408905029,0.01823127269744873
final,7,37,16,1.03627610206604,1.0271716117858887,0.009104490280151367
final,7,38,16,1.008116364479065,1.0166754722595215,0.008559107780456543
final,7,39,16,0.9917681217193604,0.9819368720054626,0.009831249713897705
final,7,40,16,0.991649866104126,0.9971802830696106,0.005530416965484619
final,7,41,16,0.9854410886764526,0.9001883864402771,0.08525270223617554
final,7,42,16,1.0431731939315796,1.0325167179107666,0.010656476020812988
final,7,43,16,1.1226874589920044,1.116134524345398,0.006552934646606445
final,7,44,16,1.1140549182891846,1.0837458372116089,0.030309081077575684
final,7,45,16,1.1769685745239258,1.148656964302063,0.028311610221862793
final,7,46,16,0.9042688608169556,0.9497296214103699,0.04546076059341431
final,7,47,16,1.1492383480072021,1.0783947706222534,0.07084357738494873
final,7,48,16,1.0628530979156494,0.993932843208313,0.06892025470733643
final,7,49,16,1.1350500583648682,1.134568214416504,0.0004818439483642578
final,7,50,16,0.9881956577301025,0.9591358304023743,0.02905982732772827
final,7,51,16,1.0865693092346191,1.0648869276046753,0.021682381629943848
final,7,52,16,1.056197166442871,1.0583118200302124,0.0021146535873413086
final,7,53,16,0.9426299333572388,0.8839799165725708,0.05865001678466797
final,7,54,16,1.166236162185669,1.1311744451522827,0.03506171703338623
final,7,55,16,1.0609004497528076,1.055099368095398,0.005801081657409668
final,7,56,16,0.8224563002586365,0.8346382975578308,0.012181997299194336
final,7,57,16,1.0214741230010986,0.9630782008171082,0.05839592218399048
final,7,58,16,1.1080528497695923,1.0625500679016113,0.04550278186798096
final,7,59,16,1.0439932346343994,1.0070834159851074,0.03690981864929199
final,7,60,16,0.9759800434112549,0.9929867386817932,0.01700669527053833
final,7,61,16,0.9253424406051636,0.8929793238639832,0.03236311674118042
final,7,62,16,1.157876968383789,1.1651971340179443,0.0073201656341552734
final,7,63,16,1.038812518119812,1.0673553943634033,0.02854287624359131
initial,8,0,16,2.4743564128875732,2.5062460899353027,0.03188967704772949
initial,8,1,16,2.427706241607666,2.416001319885254,0.01170492172241211
initial,8,2,16,2.4565470218658447,2.4404184818267822,0.0161285400390625
initial,8,3,16,2.4527368545532227,2.4430510997772217,0.009685754776000977
initial,8,4,16,2.4688799381256104,2.41337513923645,0.055504798889160156
initial,8,5,16,2.438016414642334,2.4686524868011475,0.030636072158813477
initial,8,6,16,2.3845269680023193,2.382981061935425,0.0015459060668945312
initial,8,7,16,2.409127950668335,2.3992044925689697,0.009923458099365234
initial,8,8,16,2.4192066192626953,2.4409501552581787,0.0217435359954834
initial,8,9,16,2.4432802200317383,2.4013569355010986,0.04192328453063965
initial,8,10,16,2.412658452987671,2.408635377883911,0.004023075103759766
initial,8,11,16,2.420773983001709,2.3989453315734863,0.021828651428222656
initial,8,12,16,2.4442851543426514,2.429877281188965,0.014407873153686523
initial,8,13,16,2.400871753692627,2.40613055229187,0.005258798599243164
initial,8,14,16,2.492492914199829,2.5161290168762207,0.0236361026763916
initial,8,15,16,2.4315671920776367,2.41683030128479,0.01473689079284668
initial,8,16,16,2.480306386947632,2.5293469429016113,0.04904055595397949
initial,8,17,16,2.403970956802368,2.431701421737671,0.027730464935302734
initial,8,18,16,2.3548460006713867,2.381270170211792,0.026424169540405273
initial,8,19,16,2.4427976608276367,2.469266176223755,0.026468515396118164
initial,8,20,16,2.4466702938079834,2.456456422805786,0.009786128997802734
initial,8,21,16,2.3871428966522217,2.3740763664245605,0.013066530227661133
initial,8,22,16,2.412893533706665,2.4200658798217773,0.007172346115112305
initial,8,23,16,2.4602112770080566,2.432826280593872,0.02738499641418457
initial,8,24,16,2.3084945678710938,2.329129695892334,0.020635128021240234
initial,8,25,16,2.38142991065979,2.367769241333008,0.013660669326782227
initial,8,26,16,2.418896198272705,2.42010760307312,0.001211404800415039
initial,8,27,16,2.3688273429870605,2.362196922302246,0.006630420684814453
initial,8,28,16,2.3847124576568604,2.3914499282836914,0.006737470626831055
initial,8,29,16,2.4465372562408447,2.429736614227295,0.016800642013549805
initial,8,30,16,2.4519872665405273,2.433140993118286,0.01884627342224121
initial,8,31,16,2.4174675941467285,2.4074597358703613,0.010007858276367188
initial,8,32,16,2.356271505355835,2.364725351333618,0.008453845977783203
initial,8,33,16,2.4305760860443115,2.434715986251831,0.004139900207519531
initial,8,34,16,2.365041494369507,2.3805675506591797,0.015526056289672852
initial,8,35,16,2.403470754623413,2.3742377758026123,0.02923297882080078
initial,8,36,16,2.5008819103240967,2.512178897857666,0.011296987533569336
initial,8,37,16,2.484591245651245,2.476046085357666,0.008545160293579102
initial,8,38,16,2.390016794204712,2.3927624225616455,0.0027456283569335938
initial,8,39,16,2.474216938018799,2.4271411895751953,0.047075748443603516
initial,8,40,16,2.4259986877441406,2.4005672931671143,0.025431394577026367
initial,8,41,16,2.566415548324585,2.5713980197906494,0.004982471466064453
initial,8,42,16,2.3841495513916016,2.3712425231933594,0.012907028198242188
initial,8,43,16,2.374049425125122,2.4023990631103516,0.028349637985229492
initial,8,44,16,2.4186577796936035,2.4281435012817383,0.009485721588134766
initial,8,45,16,2.437502384185791,2.444359302520752,0.0068569183349609375
initial,8,46,16,2.3742825984954834,2.3742923736572266,9.775161743164062e-06
initial,8,47,16,2.4711461067199707,2.472317695617676,0.0011715888977050781
initial,8,48,16,2.378291606903076,2.3776650428771973,0.0006265640258789062
initial,8,49,16,2.506948232650757,2.509103298187256,0.0021550655364990234
initial,8,50,16,2.4844350814819336,2.4649810791015625,0.019454002380371094
initial,8,51,16,2.504101514816284,2.4819693565368652,0.022132158279418945
initial,8,52,16,2.439007043838501,2.468266010284424,0.02925896644592285
initial,8,53,16,2.4419968128204346,2.398667097091675,0.043329715728759766
initial,8,54,16,2.3820009231567383,2.3810338973999023,0.0009670257568359375
initial,8,55,16,2.488276243209839,2.5051522254943848,0.0168759822845459
initial,8,56,16,2.392357349395752,2.41403865814209,0.02168130874633789
initial,8,57,16,2.356173038482666,2.3638603687286377,0.00768733024597168
initial,8,58,16,2.467634916305542,2.4751791954040527,0.007544279098510742
initial,8,59,16,2.3657338619232178,2.3874471187591553,0.0217132568359375
initial,8,60,16,2.486555814743042,2.454909086227417,0.031646728515625
initial,8,61,16,2.3214666843414307,2.3511273860931396,0.029660701751708984
initial,8,62,16,2.4642367362976074,2.4626941680908203,0.0015425682067871094
initial,8,63,16,2.425560474395752,2.3956332206726074,0.02992725372314453
final,8,0,16,0.8870155215263367,0.891202449798584,0.0041869282722473145
final,8,1,16,1.0131367444992065,1.0386748313903809,0.025538086891174316
final,8,2,16,0.9378038048744202,0.8793842792510986,0.05841952562332153
final,8,3,16,1.1731863021850586,1.1822556257247925,0.009069323539733887
final,8,4,16,1.0156768560409546,1.0045548677444458,0.011121988296508789
final,8,5,16,0.908608078956604,0.8957276940345764,0.012880384922027588
final,8,6,16,0.8795057535171509,0.8821244835853577,0.002618730068206787
final,8,7,16,1.068515658378601,1.0271131992340088,0.041402459144592285
final,8,8,16,1.0900408029556274,1.0734045505523682,0.016636252403259277
final,8,9,16,1.0749226808547974,1.0467655658721924,0.02815711498260498
final,8,10,16,0.8671208620071411,0.8500295281410217,0.017091333866119385
final,8,11,16,0.9358075261116028,0.9546170830726624,0.01880955696105957
final,8,12,16,1.0225245952606201,0.9978979229927063,0.02462667226791382
final,8,13,16,1.045103907585144,1.037374496459961,0.0077294111251831055
final,8,14,16,0.9340673089027405,0.9232586026191711,0.010808706283569336
final,8,15,16,1.0299779176712036,1.003963828086853,0.026014089584350586
final,8,16,16,1.0146054029464722,1.0369764566421509,0.02237105369567871
final,8,17,16,0.9324600696563721,0.9238442778587341,0.00861579179763794
final,8,18,16,0.9866948127746582,0.9617168307304382,0.02497798204421997
final,8,19,16,0.9672566056251526,0.9440050721168518,0.02325153350830078
final,8,20,16,0.971907913684845,1.0102884769439697,0.038380563259124756
final,8,21,16,1.0904803276062012,1.060052752494812,0.03042757511138916
final,8,22,16,0.934740424156189,0.9162271618843079,0.018513262271881104
final,8,23,16,1.08639395236969,1.0435060262680054,0.04288792610168457
final,8,24,16,0.9934126734733582,1.0251625776290894,0.0317499041557312
final,8,25,16,0.7945621013641357,0.8085112571716309,0.013949155807495117
final,8,26,16,0.989475667476654,0.9686253070831299,0.02085036039352417
final,8,27,16,0.8970313668251038,0.8446034789085388,0.05242788791656494
final,8,28,16,1.019639492034912,1.064351201057434,0.04471170902252197
final,8,29,16,1.021916151046753,1.034871220588684,0.012955069541931152
final,8,30,16,1.0224509239196777,1.049521565437317,0.02707064151763916
final,8,31,16,1.007636308670044,1.0097044706344604,0.002068161964416504
final,8,32,16,0.912594735622406,0.9382044076919556,0.02560967206954956
final,8,33,16,1.0561140775680542,1.0398494005203247,0.016264677047729492
final,8,34,16,1.031295657157898,1.0623528957366943,0.031057238578796387
final,8,35,16,1.0092387199401855,1.008872151374817,0.00036656856536865234
final,8,36,16,0.9455873966217041,0.9482250809669495,0.0026376843452453613
final,8,37,16,0.9516353607177734,0.9333016276359558,0.018333733081817627
final,8,38,16,1.053254246711731,1.0402706861495972,0.012983560562133789
final,8,39,16,0.9204550385475159,0.9266890287399292,0.00623399019241333
final,8,40,16,0.9326901435852051,0.9212440848350525,0.011446058750152588
final,8,41,16,0.9465978741645813,0.9122794270515442,0.03431844711303711
final,8,42,16,0.9265912175178528,0.9376665353775024,0.011075317859649658
final,8,43,16,0.9513488411903381,0.9937676191329956,0.04241877794265747
final,8,44,16,1.1068851947784424,1.1108074188232422,0.003922224044799805
final,8,45,16,1.0854568481445312,1.0522136688232422,0.03324317932128906
final,8,46,16,0.9689465761184692,0.9761928915977478,0.0072463154792785645
final,8,47,16,0.9532864093780518,0.9482033848762512,0.005083024501800537
final,8,48,16,1.1810427904129028,1.1512527465820312,0.029790043830871582
final,8,49,16,0.913335382938385,0.9348573684692383,0.02152198553085327
final,8,50,16,0.9193021655082703,0.947245717048645,0.027943551540374756
final,8,51,16,1.0724503993988037,1.084416151046753,0.011965751647949219
final,8,52,16,1.0031219720840454,1.0305027961730957,0.027380824089050293
final,8,53,16,0.9546988010406494,0.9720606803894043,0.017361879348754883
final,8,54,16,1.1220314502716064,1.131518006324768,0.009486556053161621
final,8,55,16,0.9533306956291199,0.957709550857544,0.004378855228424072
final,8,56,16,0.9164525866508484,0.8986383676528931,0.017814218997955322
final,8,57,16,1.020608901977539,1.0218188762664795,0.0012099742889404297
final,8,58,16,0.9936746954917908,0.9767149686813354,0.016959726810455322
final,8,59,16,1.0627995729446411,1.0751277208328247,0.012328147888183594
final,8,60,16,0.9953750967979431,1.0190701484680176,0.023695051670074463
final,8,61,16,1.1433148384094238,1.1914517879486084,0.04813694953918457
final,8,62,16,1.0293916463851929,1.0637649297714233,0.03437328338623047
final,8,63,16,1.0208330154418945,1.002953290939331,0.017879724502563477
initial,9,0,16,2.492493152618408,2.472257614135742,0.020235538482666016
initial,9,1,16,2.420253276824951,2.404741048812866,0.015512228012084961
initial,9,2,16,2.3800907135009766,2.360938549041748,0.019152164459228516
initial,9,3,16,2.449314594268799,2.4764416217803955,0.02712702751159668
initial,9,4,16,2.4416706562042236,2.463282346725464,0.021611690521240234
initial,9,5,16,2.4283835887908936,2.4497997760772705,0.021416187286376953
initial,9,6,16,2.4848344326019287,2.469640016555786,0.015194416046142578
initial,9,7,16,2.3689932823181152,2.3735246658325195,0.004531383514404297
initial,9,8,16,2.394324779510498,2.4000680446624756,0.005743265151977539
initial,9,9,16,2.3963818550109863,2.384697198867798,0.011684656143188477
initial,9,10,16,2.3546268939971924,2.3788340091705322,0.024207115173339844
initial,9,11,16,2.383291006088257,2.386234760284424,0.002943754196166992
initial,9,12,16,2.4910378456115723,2.486715793609619,0.004322052001953125
initial,9,13,16,2.4444949626922607,2.435189723968506,0.009305238723754883
initial,9,14,16,2.2961878776550293,2.3193583488464355,0.02317047119140625
initial,9,15,16,2.4681174755096436,2.4976308345794678,0.02951335906982422
initial,9,16,16,2.353193759918213,2.3417208194732666,0.011472940444946289
initial,9,17,16,2.4055655002593994,2.3900063037872314,0.015559196472167969
initial,9,18,16,2.413576602935791,2.4210050106048584,0.007428407669067383
initial,9,19,16,2.42012357711792,2.441868543624878,0.021744966506958008
initial,9,20,16,2.42459774017334,2.4309022426605225,0.006304502487182617
initial,9,21,16,2.4507999420166016,2.4394285678863525,0.011371374130249023
initial,9,22,16,2.4598629474639893,2.4493069648742676,0.01055598258972168
initial,9,23,16,2.493607759475708,2.4777462482452393,0.01586151123046875
initial,9,24,16,2.466841220855713,2.487959861755371,0.021118640899658203
initial,9,25,16,2.3728599548339844,2.3585569858551025,0.014302968978881836
initial,9,26,16,2.437387704849243,2.4755282402038574,0.03814053535461426
initial,9,27,16,2.391310691833496,2.4197025299072266,0.02839183807373047
initial,9,28,16,2.364809274673462,2.3543529510498047,0.010456323623657227
initial,9,29,16,2.3507182598114014,2.378993034362793,0.0282747745513916
initial,9,30,16,2.462919235229492,2.4406936168670654,0.022225618362426758
initial,9,31,16,2.433659315109253,2.434131622314453,0.0004723072052001953
initial,9,32,16,2.38931941986084,2.3927414417266846,0.0034220218658447266
initial,9,33,16,2.4944982528686523,2.5049290657043457,0.01043081283569336
initial,9,34,16,2.4068822860717773,2.422767162322998,0.015884876251220703
initial,9,35,16,2.39705228805542,2.415377140045166,0.018324851989746094
initial,9,36,16,2.3847432136535645,2.35947847366333,0.025264739990234375
initial,9,37,16,2.3934364318847656,2.398926019668579,0.0054895877838134766
initial,9,38,16,2.329789638519287,2.342893362045288,0.013103723526000977
initial,9,39,16,2.441887617111206,2.410953998565674,0.030933618545532227
initial,9,40,16,2.439103603363037,2.4540228843688965,0.014919281005859375
initial,9,41,16,2.4428141117095947,2.4222769737243652,0.020537137985229492
initial,9,42,16,2.4235854148864746,2.4234814643859863,0.00010395050048828125
initial,9,43,16,2.485218048095703,2.4655890464782715,0.01962900161743164
initial,9,44,16,2.4377646446228027,2.4360406398773193,0.0017240047454833984
initial,9,45,16,2.386831045150757,2.3677923679351807,0.019038677215576172
initial,9,46,16,2.4739608764648438,2.4597785472869873,0.014182329177856445
initial,9,47,16,2.439753532409668,2.459897994995117,0.02014446258544922
initial,9,48,16,2.4035849571228027,2.4310548305511475,0.027469873428344727
initial,9,49,16,2.3520026206970215,2.4000518321990967,0.048049211502075195
initial,9,50,16,2.4449462890625,2.4573886394500732,0.012442350387573242
initial,9,51,16,2.4011638164520264,2.3973965644836426,0.003767251968383789
initial,9,52,16,2.3328423500061035,2.3438210487365723,0.01097869873046875
initial,9,53,16,2.4922735691070557,2.4966490268707275,0.004375457763671875
initial,9,54,16,2.3799190521240234,2.37434720993042,0.005571842193603516
initial,9,55,16,2.4035279750823975,2.416931390762329,0.01340341567993164
initial,9,56,16,2.4436216354370117,2.449058771133423,0.005437135696411133
initial,9,57,16,2.4632318019866943,2.4735066890716553,0.010274887084960938
initial,9,58,16,2.3734285831451416,2.35935378074646,0.01407480239868164
initial,9,59,16,2.398430824279785,2.3880960941314697,0.01033473014831543
initial,9,60,16,2.3807992935180664,2.390712261199951,0.009912967681884766
initial,9,61,16,2.4995644092559814,2.4977571964263916,0.0018072128295898438
initial,9,62,16,2.4317686557769775,2.4344053268432617,0.0026366710662841797
initial,9,63,16,2.4596259593963623,2.4780139923095703,0.018388032913208008
final,9,0,16,0.9121652841567993,0.9376793503761292,0.025514066219329834
final,9,1,16,0.9554495215415955,0.995004415512085,0.0395548939704895
final,9,2,16,1.0927971601486206,1.0510796308517456,0.041717529296875
final,9,3,16,0.9732702374458313,0.972084105014801,0.0011861324310302734
final,9,4,16,0.9999358654022217,0.9680705666542053,0.03186529874801636
final,9,5,16,0.9711017608642578,1.024003505706787,0.0529017448425293
final,9,6,16,1.1319552659988403,1.132405400276184,0.00045013427734375
final,9,7,16,1.0663901567459106,1.005321741104126,0.06106841564178467
final,9,8,16,1.0862336158752441,1.1184966564178467,0.03226304054260254
final,9,9,16,0.8814642429351807,0.8800642490386963,0.001399993896484375
final,9,10,16,0.9358451962471008,0.9652336835861206,0.029388487339019775
final,9,11,16,0.9689316749572754,0.9282243251800537,0.04070734977722168
final,9,12,16,0.946533739566803,0.9119299054145813,0.03460383415222168
final,9,13,16,0.9648720622062683,0.9676533937454224,0.0027813315391540527
final,9,14,16,0.9968786835670471,0.9950777888298035,0.0018008947372436523
final,9,15,16,0.9014731645584106,0.8676266670227051,0.033846497535705566
final,9,16,16,1.1328670978546143,1.1077969074249268,0.0250701904296875
final,9,17,16,0.8831000924110413,0.9197953939437866,0.03669530153274536
final,9,18,16,1.052211880683899,1.1007965803146362,0.048584699630737305
final,9,19,16,1.015394926071167,0.9841392040252686,0.03125572204589844
final,9,20,16,0.8086514472961426,0.8206618428230286,0.012010395526885986
final,9,21,16,0.9152929782867432,0.9247866868972778,0.009493708610534668
final,9,22,16,0.9101423025131226,0.9347874522209167,0.02464514970779419
final,9,23,16,0.9928416013717651,1.041811227798462,0.04896962642669678
final,9,24,16,1.019413709640503,1.0138919353485107,0.0055217742919921875
final,9,25,16,0.9260976314544678,0.9629300236701965,0.03683239221572876
final,9,26,16,0.964934766292572,0.9823498129844666,0.01741504669189453
final,9,27,16,0.9053115248680115,0.8942413330078125,0.011070191860198975
final,9,28,16,1.0077767372131348,1.0199482440948486,0.012171506881713867
final,9,29,16,1.053715705871582,1.0611239671707153,0.007408261299133301
final,9,30,16,0.9003717303276062,0.8953167200088501,0.0050550103187561035
final,9,31,16,0.9314930438995361,0.9632837772369385,0.031790733337402344
final,9,32,16,0.8850129246711731,0.9073793292045593,0.02236640453338623
final,9,33,16,0.969275712966919,0.8994147181510925,0.06986099481582642
final,9,34,16,1.045163631439209,1.059053897857666,0.013890266418457031
final,9,35,16,1.117442011833191,1.131325125694275,0.013883113861083984
final,9,36,16,1.065334677696228,1.051905632019043,0.013429045677185059
final,9,37,16,1.0006356239318848,1.0043306350708008,0.0036950111389160156
final,9,38,16,0.980296790599823,0.9923309683799744,0.012034177780151367
final,9,39,16,1.000455379486084,1.0185657739639282,0.01811039447784424
final,9,40,16,1.0293442010879517,1.0156996250152588,0.013644576072692871
final,9,41,16,1.0088797807693481,0.9417834281921387,0.06709635257720947
final,9,42,16,1.0945570468902588,1.0600824356079102,0.03447461128234863
final,9,43,16,1.1151694059371948,1.116365671157837,0.0011962652206420898
final,9,44,16,0.9707028865814209,0.9346216320991516,0.03608125448226929
final,9,45,16,1.0641533136367798,1.0952223539352417,0.031069040298461914
final,9,46,16,1.0014090538024902,1.0143156051635742,0.012906551361083984
final,9,47,16,0.8323366045951843,0.8412817120552063,0.008945107460021973
final,9,48,16,1.009594440460205,1.0434914827346802,0.0338970422744751
final,9,49,16,0.9771748185157776,0.9531800150871277,0.023994803428649902
final,9,50,16,0.9115849137306213,0.8818438053131104,0.029741108417510986
final,9,51,16,0.9921767711639404,0.9937847852706909,0.0016080141067504883
final,9,52,16,0.9544578790664673,0.9199368953704834,0.03452098369598389
final,9,53,16,0.9023402333259583,0.9131864309310913,0.010846197605133057
final,9,54,16,0.928032398223877,0.9209919571876526,0.007040441036224365
final,9,55,16,0.9709210395812988,0.9893601536750793,0.018439114093780518
final,9,56,16,0.9883884787559509,1.0042370557785034,0.01584857702255249
final,9,57,16,0.9863288402557373,0.9967858791351318,0.010457038879394531
final,9,58,16,0.8897844552993774,0.875287652015686,0.014496803283691406
final,9,59,16,0.8769968748092651,0.8820709586143494,0.0050740838050842285
final,9,60,16,1.0350546836853027,1.044111967086792,0.009057283401489258
final,9,61,16,1.0851190090179443,1.1035114526748657,0.018392443656921387
final,9,62,16,0.947396993637085,0.9478501677513123,0.0004531741142272949
final,9,63,16,1.0772794485092163,1.0235035419464111,0.053775906562805176
initial,10,0,16,2.3955893516540527,2.3927745819091797,0.002814769744873047
initial,10,1,16,2.3598408699035645,2.3633508682250977,0.003509998321533203
initial,10,2,16,2.4494619369506836,2.4278767108917236,0.02158522605895996
initial,10,3,16,2.4637749195098877,2.470290184020996,0.0065152645111083984
initial,10,4,16,2.4640614986419678,2.489957809448242,0.025896310806274414
initial,10,5,16,2.374845027923584,2.377981662750244,0.0031366348266601562
initial,10,6,16,2.493037223815918,2.489360809326172,0.0036764144897460938
initial,10,7,16,2.3729937076568604,2.384976863861084,0.011983156204223633
initial,10,8,16,2.496148109436035,2.497692108154297,0.0015439987182617188
initial,10,9,16,2.3750061988830566,2.388051986694336,0.013045787811279297
initial,10,10,16,2.4495553970336914,2.46112060546875,0.011565208435058594
initial,10,11,16,2.478759765625,2.4457006454467773,0.033059120178222656
initial,10,12,16,2.435914993286133,2.4394516944885254,0.003536701202392578
initial,10,13,16,2.4341022968292236,2.442885160446167,0.00878286361694336
initial,10,14,16,2.449056386947632,2.4353902339935303,0.013666152954101562
initial,10,15,16,2.3857827186584473,2.369969129562378,0.015813589096069336
initial,10,16,16,2.537870168685913,2.5480751991271973,0.01020503044128418
initial,10,17,16,2.401956558227539,2.39050555229187,0.011451005935668945
initial,10,18,16,2.4459826946258545,2.487104892730713,0.0411221981048584
initial,10,19,16,2.4115755558013916,2.4135637283325195,0.0019881725311279297
initial,10,20,16,2.364997386932373,2.3812503814697266,0.016252994537353516
initial,10,21,16,2.48917818069458,2.4940712451934814,0.004893064498901367
initial,10,22,16,2.424412727355957,2.3845527172088623,0.03986001014709473
initial,10,23,16,2.3693063259124756,2.350796937942505,0.018509387969970703
initial,10,24,16,2.4645497798919678,2.4575726985931396,0.006977081298828125
initial,10,25,16,2.5296287536621094,2.5331954956054688,0.003566741943359375
initial,10,26,16,2.4103777408599854,2.443439483642578,0.03306174278259277
initial,10,27,16,2.379577159881592,2.3976502418518066,0.018073081970214844
initial,10,28,16,2.4408059120178223,2.4515812397003174,0.010775327682495117
initial,10,29,16,2.4043328762054443,2.4157779216766357,0.011445045471191406
initial,10,30,16,2.549592971801758,2.5326995849609375,0.016893386840820312
initial,10,31,16,2.461900234222412,2.4759888648986816,0.014088630676269531
initial,10,32,16,2.459713935852051,2.4895994663238525,0.029885530471801758
initial,10,33,16,2.41050386428833,2.4055404663085938,0.004963397979736328
initial,10,34,16,2.436039447784424,2.436795711517334,0.0007562637329101562
initial,10,35,16,2.5285303592681885,2.5421335697174072,0.01360321044921875
initial,10,36,16,2.390970230102539,2.347156524658203,0.04381370544433594
initial,10,37,16,2.4474124908447266,2.4374146461486816,0.009997844696044922
initial,10,38,16,2.477233409881592,2.4435768127441406,0.03365659713745117
initial,10,39,16,2.397651195526123,2.399364471435547,0.0017132759094238281
initial,10,40,16,2.385551691055298,2.409311294555664,0.02375960350036621
initial,10,41,16,2.4775774478912354,2.4705801010131836,0.006997346878051758
initial,10,42,16,2.3926589488983154,2.3767333030700684,0.01592564582824707
initial,10,43,16,2.3997254371643066,2.4075779914855957,0.007852554321289062
initial,10,44,16,2.426521062850952,2.428809881210327,0.002288818359375
initial,10,45,16,2.423651695251465,2.4572794437408447,0.03362774848937988
initial,10,46,16,2.4756734371185303,2.489130735397339,0.013457298278808594
initial,10,47,16,2.3617050647735596,2.3593673706054688,0.0023376941680908203
initial,10,48,16,2.4252407550811768,2.4123969078063965,0.012843847274780273
initial,10,49,16,2.352071523666382,2.3747735023498535,0.02270197868347168
initial,10,50,16,2.443693161010742,2.4453742504119873,0.0016810894012451172
initial,10,51,16,2.3097004890441895,2.3241448402404785,0.014444351196289062
initial,10,52,16,2.432265043258667,2.4354116916656494,0.003146648406982422
initial,10,53,16,2.3649423122406006,2.381504535675049,0.016562223434448242
initial,10,54,16,2.4654078483581543,2.493391513824463,0.027983665466308594
initial,10,55,16,2.487184762954712,2.485023021697998,0.002161741256713867
initial,10,56,16,2.449739694595337,2.4368250370025635,0.012914657592773438
initial,10,57,16,2.459266185760498,2.4389278888702393,0.02033829689025879
initial,10,58,16,2.40082049369812,2.3734145164489746,0.027405977249145508
initial,10,59,16,2.3413572311401367,2.3551886081695557,0.013831377029418945
initial,10,60,16,2.473283290863037,2.4701881408691406,0.0030951499938964844
initial,10,61,16,2.385159969329834,2.4225716590881348,0.03741168975830078
initial,10,62,16,2.4096741676330566,2.4368326663970947,0.027158498764038086
initial,10,63,16,2.450866937637329,2.5122179985046387,0.06135106086730957
final,10,0,16,0.9129967093467712,0.9228152632713318,0.009818553924560547
final,10,1,16,1.1123532056808472,1.1653211116790771,0.05296790599822998
final,10,2,16,0.9480021595954895,0.933498203754425,0.014503955841064453
final,10,3,16,1.082379698753357,1.0877138376235962,0.005334138870239258
final,10,4,16,0.8373914361000061,0.8182728886604309,0.019118547439575195
final,10,5,16,1.1035345792770386,1.1008049249649048,0.002729654312133789
final,10,6,16,0.9680635333061218,0.9465839266777039,0.02147960662841797
final,10,7,16,1.0050069093704224,0.9781236052513123,0.026883304119110107
final,10,8,16,1.0300636291503906,1.0651882886886597,0.03512465953826904
final,10,9,16,1.0370279550552368,1.0838221311569214,0.04679417610168457
final,10,10,16,0.9181829690933228,0.935703456401825,0.017520487308502197
final,10,11,16,0.9804159998893738,0.994214653968811,0.013798654079437256
final,10,12,16,0.9049113392829895,0.8910328149795532,0.01387852430343628
final,10,13,16,1.1890052556991577,1.193070411682129,0.004065155982971191
final,10,14,16,0.9446112513542175,0.9590370655059814,0.014425814151763916
final,10,15,16,0.9926881790161133,0.9944886565208435,0.0018004775047302246
final,10,16,16,1.017170786857605,0.9915159344673157,0.025654852390289307
final,10,17,16,0.986227810382843,0.9952124953269958,0.008984684944152832
final,10,18,16,0.9742584824562073,0.9557366371154785,0.01852184534072876
final,10,19,16,0.9124132394790649,0.9209831953048706,0.008569955825805664
final,10,20,16,1.1138502359390259,1.1248667240142822,0.011016488075256348
final,10,21,16,0.9033985733985901,0.9743971824645996,0.07099860906600952
final,10,22,16,1.0026131868362427,0.9435303211212158,0.059082865715026855
final,10,23,16,0.9096364378929138,0.8811357021331787,0.028500735759735107
final,10,24,16,1.0943517684936523,1.052587628364563,0.041764140129089355
final,10,25,16,0.995788037776947,0.9843620657920837,0.011425971984863281
final,10,26,16,0.7680376768112183,0.7446513175964355,0.023386359214782715
final,10,27,16,0.9209223389625549,0.9284489154815674,0.007526576519012451
final,10,28,16,0.840178906917572,0.8995514512062073,0.059372544288635254
final,10,29,16,0.9739733338356018,0.9736013412475586,0.0003719925880432129
final,10,30,16,0.9694666862487793,0.898553192615509,0.07091349363327026
final,10,31,16,1.006594181060791,0.9896324872970581,0.01696169376373291
final,10,32,16,1.0424734354019165,1.0512479543685913,0.008774518966674805
final,10,33,16,1.0880475044250488,1.0369148254394531,0.0511326789855957
final,10,34,16,0.8522531390190125,0.8943421244621277,0.042088985443115234
final,10,35,16,1.0690057277679443,1.0622494220733643,0.006756305694580078
final,10,36,16,1.0041894912719727,1.0081981420516968,0.004008650779724121
final,10,37,16,0.9684571623802185,0.987856924533844,0.01939976215362549
final,10,38,16,1.143886685371399,1.1310443878173828,0.012842297554016113
final,10,39,16,1.1353543996810913,1.1040629148483276,0.03129148483276367
final,10,40,16,1.0360805988311768,1.0110105276107788,0.02507007122039795
final,10,41,16,1.0082679986953735,0.9914632439613342,0.016804754734039307
final,10,42,16,0.9218345284461975,0.952897846698761,0.031063318252563477
final,10,43,16,0.9704887270927429,0.9600052833557129,0.01048344373703003
final,10,44,16,1.0168007612228394,0.9848043918609619,0.03199636936187744
final,10,45,16,0.8227428793907166,0.8792564868927002,0.05651360750198364
final,10,46,16,1.1582914590835571,1.1213825941085815,0.036908864974975586
final,10,47,16,0.9711441993713379,0.9720981121063232,0.0009539127349853516
final,10,48,16,0.9800407290458679,0.9942296743392944,0.014188945293426514
final,10,49,16,0.9194492697715759,0.9320694804191589,0.012620210647583008
final,10,50,16,0.9946485757827759,0.9965187311172485,0.0018701553344726562
final,10,51,16,0.9155240654945374,0.9326120018959045,0.017087936401367188
final,10,52,16,1.0444566011428833,1.053700566291809,0.009243965148925781
final,10,53,16,0.8169707655906677,0.8128548264503479,0.004115939140319824
final,10,54,16,0.9285001754760742,0.9511017799377441,0.022601604461669922
final,10,55,16,1.1072912216186523,1.080836296081543,0.026454925537109375
final,10,56,16,1.0067306756973267,1.0064260959625244,0.0003045797348022461
final,10,57,16,0.9274500608444214,0.9527127742767334,0.02526271343231201
final,10,58,16,0.9511715769767761,0.9350006580352783,0.016170918941497803
final,10,59,16,1.012406826019287,1.0023715496063232,0.010035276412963867
final,10,60,16,0.9474839568138123,0.9470451474189758,0.0004388093948364258
final,10,61,16,0.9926118850708008,0.9669760465621948,0.025635838508605957
final,10,62,16,1.0212401151657104,1.0575882196426392,0.03634810447692871
final,10,63,16,1.0257748365402222,1.0312007665634155,0.005425930023193359
initial,11,0,16,2.378993034362793,2.3890910148620605,0.010097980499267578
initial,11,1,16,2.451409339904785,2.4645609855651855,0.01315164566040039
initial,11,2,16,2.4023985862731934,2.4210402965545654,0.01864171028137207
initial,11,3,16,2.3930394649505615,2.3994638919830322,0.006424427032470703
initial,11,4,16,2.505615472793579,2.490778923034668,0.014836549758911133
initial,11,5,16,2.4931154251098633,2.4674627780914307,0.025652647018432617
initial,11,6,16,2.4109342098236084,2.4067940711975098,0.004140138626098633
initial,11,7,16,2.3530423641204834,2.3663699626922607,0.013327598571777344
initial,11,8,16,2.410872220993042,2.4014265537261963,0.009445667266845703
initial,11,9,16,2.412125825881958,2.390338182449341,0.021787643432617188
initial,11,10,16,2.425373077392578,2.43876576423645,0.01339268684387207
initial,11,11,16,2.3468616008758545,2.37235689163208,0.025495290756225586
initial,11,12,16,2.3911383152008057,2.4120357036590576,0.020897388458251953
initial,11,13,16,2.448192596435547,2.450685501098633,0.0024929046630859375
initial,11,14,16,2.4194273948669434,2.3992645740509033,0.02016282081604004
initial,11,15,16,2.4577083587646484,2.4812941551208496,0.023585796356201172
initial,11,16,16,2.4441349506378174,2.468076467514038,0.023941516876220703
initial,11,17,16,2.4248528480529785,2.447415590286255,0.022562742233276367
initial,11,18,16,2.4386417865753174,2.439103841781616,0.0004620552062988281
initial,11,19,16,2.5093438625335693,2.4974281787872314,0.01191568374633789
initial,11,20,16,2.458439350128174,2.445244550704956,0.013194799423217773
initial,11,21,16,2.4569199085235596,2.460777997970581,0.0038580894470214844
initial,11,22,16,2.4402787685394287,2.4320952892303467,0.008183479309082031
initial,11,23,16,2.5222129821777344,2.5120153427124023,0.010197639465332031
initial,11,24,16,2.428584337234497,2.4460291862487793,0.017444849014282227
initial,11,25,16,2.49216890335083,2.5043375492095947,0.012168645858764648
initial,11,26,16,2.468505382537842,2.4447667598724365,0.023738622665405273
initial,11,27,16,2.465125560760498,2.4749300479888916,0.009804487228393555
initial,11,28,16,2.4313294887542725,2.4149417877197266,0.0163877010345459
initial,11,29,16,2.391996383666992,2.3814697265625,0.010526657104492188
initial,11,30,16,2.436598777770996,2.437333106994629,0.0007343292236328125
initial,11,31,16,2.4340620040893555,2.446497678756714,0.012435674667358398
initial,11,32,16,2.3941524028778076,2.37062406539917,0.023528337478637695
initial,11,33,16,2.434269666671753,2.4452383518218994,0.010968685150146484
initial,11,34,16,2.394327163696289,2.4193570613861084,0.025029897689819336
initial,11,35,16,2.35659122467041,2.3811330795288086,0.024541854858398438
initial,11,36,16,2.4163830280303955,2.431697368621826,0.015314340591430664
initial,11,37,16,2.418410301208496,2.4198336601257324,0.0014233589172363281
initial,11,38,16,2.324697494506836,2.3411924839019775,0.0164949893951416
initial,11,39,16,2.444256067276001,2.4806480407714844,0.0363919734954834
initial,11,40,16,2.4359633922576904,2.432027816772461,0.003935575485229492
initial,11,41,16,2.3526644706726074,2.377354860305786,0.02469038963317871
initial,11,42,16,2.4124975204467773,2.438082456588745,0.025584936141967773
initial,11,43,16,2.420682191848755,2.4236555099487305,0.002973318099975586
initial,11,44,16,2.4010534286499023,2.404266357421875,0.0032129287719726562
initial,11,45,16,2.3369972705841064,2.335894823074341,0.001102447509765625
initial,11,46,16,2.4778261184692383,2.4863579273223877,0.008531808853149414
initial,11,47,16,2.4844651222229004,2.4632370471954346,0.02122807502746582
initial,11,48,16,2.382054567337036,2.3611197471618652,0.0209348201751709
initial,11,49,16,2.438295841217041,2.431581497192383,0.006714344024658203
initial,11,50,16,2.3278205394744873,2.346900224685669,0.01907968521118164
initial,11,51,16,2.403999090194702,2.3999722003936768,0.004026889801025391
initial,11,52,16,2.363018274307251,2.3717246055603027,0.008706331253051758
initial,11,53,16,2.3948285579681396,2.3740732669830322,0.020755290985107422
initial,11,54,16,2.407158374786377,2.4153828620910645,0.0082244873046875
initial,11,55,16,2.406630039215088,2.4009974002838135,0.005632638931274414
initial,11,56,16,2.3825862407684326,2.3855228424072266,0.0029366016387939453
initial,11,57,16,2.423515558242798,2.416300058364868,0.0072154998779296875
initial,11,58,16,2.5072882175445557,2.4854087829589844,0.02187943458557129
initial,11,59,16,2.410107135772705,2.43953800201416,0.029430866241455078
initial,11,60,16,2.429520845413208,2.4263155460357666,0.0032052993774414062
initial,11,61,16,2.4013655185699463,2.402104139328003,0.0007386207580566406
initial,11,62,16,2.4480457305908203,2.4578497409820557,0.009804010391235352
initial,11,63,16,2.441067934036255,2.422510862350464,0.018557071685791016
final,11,0,16,1.0147900581359863,1.008047342300415,0.006742715835571289
final,11,1,16,0.7904276251792908,0.8153447508811951,0.024917125701904297
final,11,2,16,0.9355371594429016,0.946889340877533,0.011352181434631348
final,11,3,16,0.977200448513031,0.942869246006012,0.03433120250701904
final,11,4,16,0.9224653840065002,0.9390663504600525,0.016600966453552246
final,11,5,16,0.9255518317222595,0.9607727527618408,0.0352209210395813
final,11,6,16,1.0371770858764648,1.0156381130218506,0.021538972854614258
final,11,7,16,0.8990317583084106,0.9282709956169128,0.029239237308502197
final,11,8,16,0.90166836977005,0.8830848932266235,0.018583476543426514
final,11,9,16,0.9681407809257507,0.9561176896095276,0.012023091316223145
final,11,10,16,0.9881613850593567,0.9570916891098022,0.031069695949554443
final,11,11,16,0.9814091920852661,1.0258913040161133,0.04448211193084717
final,11,12,16,1.0642372369766235,1.0086404085159302,0.05559682846069336
final,11,13,16,1.072805643081665,1.0460253953933716,0.026780247688293457
final,11,14,16,0.8813161253929138,0.9008980989456177,0.019581973552703857
final,11,15,16,0.9947171211242676,0.958892822265625,0.03582429885864258
final,11,16,16,0.9161129593849182,0.9183498620986938,0.0022369027137756348
final,11,17,16,1.0856308937072754,1.085004448890686,0.0006264448165893555
final,11,18,16,0.9522695541381836,0.958576500415802,0.006306946277618408
final,11,19,16,0.6950249671936035,0.7049920558929443,0.00996708869934082
final,11,20,16,0.8278676271438599,0.8601968288421631,0.03232920169830322
final,11,21,16,1.168339490890503,1.1902503967285156,0.021910905838012695
final,11,22,16,0.887107789516449,0.8437776565551758,0.04333013296127319
final,11,23,16,0.9917680621147156,1.0029691457748413,0.011201083660125732
final,11,24,16,0.8989378809928894,0.9122345447540283,0.013296663761138916
final,11,25,16,0.9820748567581177,0.9802494049072266,0.0018254518508911133
final,11,26,16,1.131287693977356,1.1324522495269775,0.001164555549621582
final,11,27,16,1.0378830432891846,1.0397483110427856,0.0018652677536010742
final,11,28,16,1.0313405990600586,1.0692014694213867,0.037860870361328125
final,11,29,16,1.0321553945541382,1.0968753099441528,0.06471991539001465
final,11,30,16,1.034521222114563,1.0527727603912354,0.018251538276672363
final,11,31,16,1.0473939180374146,1.0850892066955566,0.03769528865814209
final,11,32,16,0.9863395690917969,0.9819777607917786,0.0043618083000183105
final,11,33,16,1.0724271535873413,1.0190004110336304,0.05342674255371094
final,11,34,16,1.1409486532211304,1.1184219121932983,0.02252674102783203
final,11,35,16,1.0339890718460083,1.0508136749267578,0.01682460308074951
final,11,36,16,1.0827665328979492,1.0784507989883423,0.004315733909606934
final,11,37,16,1.1098395586013794,1.1261212825775146,0.016281723976135254
final,11,38,16,1.0492603778839111,1.0211811065673828,0.02807927131652832
final,11,39,16,1.0006142854690552,0.9825863838195801,0.018027901649475098
final,11,40,16,1.0083986520767212,1.0101401805877686,0.0017415285110473633
final,11,41,16,1.0057252645492554,0.9832183718681335,0.022506892681121826
final,11,42,16,0.9640074372291565,0.9775848388671875,0.013577401638031006
final,11,43,16,0.9315106272697449,0.9323668479919434,0.0008562207221984863
final,11,44,16,0.9835801124572754,0.9907940626144409,0.007213950157165527
final,11,45,16,0.9218431115150452,0.9340075254440308,0.012164413928985596
final,11,46,16,0.970212996006012,0.9368442296981812,0.03336876630783081
final,11,47,16,0.8921837210655212,0.8816956281661987,0.01048809289932251
final,11,48,16,1.0431439876556396,1.044460415840149,0.0013164281845092773
final,11,49,16,1.0770357847213745,1.1304837465286255,0.05344796180725098
final,11,50,16,1.0435813665390015,1.039759635925293,0.003821730613708496
final,11,51,16,1.0903959274291992,1.066353678703308,0.024042248725891113
final,11,52,16,1.0397334098815918,0.9982659816741943,0.04146742820739746
final,11,53,16,1.1473501920700073,1.1591153144836426,0.011765122413635254
final,11,54,16,1.0264146327972412,1.0552654266357422,0.028850793838500977
final,11,55,16,1.0522847175598145,1.0853084325790405,0.033023715019226074
final,11,56,16,0.8989173769950867,0.920983612537384,0.022066235542297363
final,11,57,16,0.9975099563598633,0.9644026160240173,0.03310734033584595
final,11,58,16,0.951583743095398,0.9816642999649048,0.030080556869506836
final,11,59,16,0.9915705323219299,1.0508487224578857,0.05927819013595581
final,11,60,16,0.8272480368614197,0.8869490027427673,0.059700965881347656
final,11,61,16,0.858989417552948,0.8911334276199341,0.032144010066986084
final,11,62,16,1.0715070962905884,1.0838361978530884,0.0123291015625
final,11,63,16,1.1713132858276367,1.1334365606307983,0.03787672519683838
initial,12,0,16,2.3209142684936523,2.3353352546691895,0.01442098617553711
initial,12,1,16,2.4729137420654297,2.4577603340148926,0.01515340805053711
initial,12,2,16,2.4526307582855225,2.4592466354370117,0.006615877151489258
initial,12,3,16,2.3856070041656494,2.3818235397338867,0.0037834644317626953
initial,12,4,16,2.368007183074951,2.3496956825256348,0.018311500549316406
initial,12,5,16,2.392592668533325,2.3765881061553955,0.016004562377929688
initial,12,6,16,2.4703357219696045,2.4570863246917725,0.013249397277832031
initial,12,7,16,2.448190927505493,2.450404167175293,0.0022132396697998047
initial,12,8,16,2.3856515884399414,2.3742504119873047,0.011401176452636719
initial,12,9,16,2.4385077953338623,2.447636365890503,0.009128570556640625
initial,12,10,16,2.365957260131836,2.370147466659546,0.004190206527709961
initial,12,11,16,2.416901111602783,2.4228508472442627,0.005949735641479492
initial,12,12,16,2.3742613792419434,2.391901731491089,0.017640352249145508
initial,12,13,16,2.482395887374878,2.4705231189727783,0.01187276840209961
initial,12,14,16,2.3863606452941895,2.3926656246185303,0.00630497932434082
initial,12,15,16,2.445026397705078,2.4522716999053955,0.007245302200317383
initial,12,16,16,2.4560141563415527,2.4431192874908447,0.012894868850708008
initial,12,17,16,2.5145933628082275,2.5204925537109375,0.005899190902709961
initial,12,18,16,2.300560235977173,2.324690103530884,0.024129867553710938
initial,12,19,16,2.437605857849121,2.435565233230591,0.0020406246185302734
initial,12,20,16,2.3973913192749023,2.401672840118408,0.004281520843505859
initial,12,21,16,2.454962968826294,2.441377878189087,0.013585090637207031
initial,12,22,16,2.4721720218658447,2.4719223976135254,0.00024962425231933594
initial,12,23,16,2.3505208492279053,2.3507072925567627,0.00018644332885742188
initial,12,24,16,2.382918357849121,2.396141290664673,0.013222932815551758
initial,12,25,16,2.543978691101074,2.536215305328369,0.007763385772705078
initial,12,26,16,2.494987964630127,2.488568067550659,0.0064198970794677734
initial,12,27,16,2.453047752380371,2.4375557899475098,0.015491962432861328
initial,12,28,16,2.461916208267212,2.4692156314849854,0.0072994232177734375
initial,12,29,16,2.3996341228485107,2.397127628326416,0.0025064945220947266
initial,12,30,16,2.4302799701690674,2.4505951404571533,0.020315170288085938
initial,12,31,16,2.371290922164917,2.367820978164673,0.0034699440002441406
initial,12,32,16,2.355074405670166,2.3892014026641846,0.034126996994018555
initial,12,33,16,2.4442598819732666,2.446117401123047,0.0018575191497802734
initial,12,34,16,2.3949344158172607,2.3973920345306396,0.0024576187133789062
initial,12,35,16,2.39587664604187,2.3943307399749756,0.0015459060668945312
initial,12,36,16,2.3714547157287598,2.3693766593933105,0.0020780563354492188
initial,12,37,16,2.4057669639587402,2.4233815670013428,0.01761460304260254
initial,12,38,16,2.409688949584961,2.411897659301758,0.002208709716796875
initial,12,39,16,2.4623124599456787,2.4617106914520264,0.0006017684936523438
initial,12,40,16,2.356163740158081,2.3556020259857178,0.0005617141723632812
initial,12,41,16,2.4677796363830566,2.4711415767669678,0.003361940383911133
initial,12,42,16,2.457124948501587,2.4430153369903564,0.014109611511230469
initial,12,43,16,2.4465553760528564,2.4457132816314697,0.0008420944213867188
initial,12,44,16,2.4678919315338135,2.460545063018799,0.0073468685150146484
initial,12,45,16,2.435554027557373,2.4393563270568848,0.0038022994995117188
initial,12,46,16,2.480501413345337,2.4728963375091553,0.007605075836181641
initial,12,47,16,2.395557403564453,2.3811190128326416,0.014438390731811523
initial,12,48,16,2.3649299144744873,2.3702287673950195,0.0052988529205322266
initial,12,49,16,2.4031052589416504,2.4066033363342285,0.003498077392578125
initial,12,50,16,2.4658455848693848,2.464113235473633,0.0017323493957519531
initial,12,51,16,2.4120514392852783,2.4183120727539062,0.00626063346862793
initial,12,52,16,2.3502795696258545,2.3645734786987305,0.014293909072875977
initial,12,53,16,2.453347682952881,2.439833879470825,0.013513803482055664
initial,12,54,16,2.4525303840637207,2.424708604812622,0.027821779251098633
initial,12,55,16,2.464555501937866,2.5000364780426025,0.03548097610473633
initial,12,56,16,2.427635431289673,2.412604808807373,0.015030622482299805
initial,12,57,16,2.2972073554992676,2.2873220443725586,0.009885311126708984
initial,12,58,16,2.436394453048706,2.4306492805480957,0.0057451725006103516
initial,12,59,16,2.3602335453033447,2.359880208969116,0.0003533363342285156
initial,12,60,16,2.4649546146392822,2.4765818119049072,0.011627197265625
initial,12,61,16,2.4651575088500977,2.43757963180542,0.027577877044677734
initial,12,62,16,2.4085662364959717,2.415133237838745,0.0065670013427734375
initial,12,63,16,2.383486032485962,2.3811309337615967,0.0023550987243652344
final,12,0,16,1.0211600065231323,0.9893152713775635,0.03184473514556885
final,12,1,16,0.924037516117096,0.9163565635681152,0.007680952548980713
final,12,2,16,1.1599284410476685,1.1759785413742065,0.016050100326538086
final,12,3,16,0.974824845790863,0.9512922763824463,0.023532569408416748
final,12,4,16,1.0092530250549316,0.9794319868087769,0.029821038246154785
final,12,5,16,0.9322901368141174,0.9252917766571045,0.0069983601570129395
final,12,6,16,1.1011667251586914,1.1200571060180664,0.018890380859375
final,12,7,16,1.0601119995117188,1.059658408164978,0.00045359134674072266
final,12,8,16,0.8868762850761414,0.8805556297302246,0.006320655345916748
final,12,9,16,1.0633031129837036,1.0965861082077026,0.03328299522399902
final,12,10,16,1.0322880744934082,1.024815320968628,0.0074727535247802734
final,12,11,16,1.0082658529281616,1.0226439237594604,0.014378070831298828
final,12,12,16,1.0299367904663086,0.9792277812957764,0.05070900917053223
final,12,13,16,0.9902077913284302,1.0268433094024658,0.036635518074035645
final,12,14,16,1.0023330450057983,0.9888584017753601,0.013474643230438232
final,12,15,16,1.2375867366790771,1.265407919883728,0.02782118320465088
final,12,16,16,1.152970314025879,1.1537485122680664,0.0007781982421875
final,12,17,16,1.0536086559295654,1.1088145971298218,0.05520594120025635
final,12,18,16,0.9824402928352356,0.9934254884719849,0.010985195636749268
final,12,19,16,1.1914360523223877,1.1927489042282104,0.001312851905822754
final,12,20,16,0.7652307152748108,0.7915787100791931,0.026347994804382324
final,12,21,16,0.9670762419700623,0.9588830471038818,0.00819319486618042
final,12,22,16,1.0844385623931885,1.0698055028915405,0.01463305950164795
final,12,23,16,1.0203776359558105,0.9812996983528137,0.039077937602996826
final,12,24,16,1.2080105543136597,1.1958075761795044,0.012202978134155273
final,12,25,16,0.8900468945503235,0.921556830406189,0.03150993585586548
final,12,26,16,0.9688991904258728,0.9689438343048096,4.464387893676758e-05
final,12,27,16,0.9865896701812744,0.9924836158752441,0.0058939456939697266
final,12,28,16,0.9139925837516785,0.932043731212616,0.0180511474609375
final,12,29,16,0.9665058851242065,0.920136570930481,0.046369314193725586
final,12,30,16,1.0160022974014282,1.0480653047561646,0.03206300735473633
final,12,31,16,1.0086742639541626,1.0056819915771484,0.00299227237701416
final,12,32,16,0.9936143755912781,0.9679980278015137,0.025616347789764404
final,12,33,16,1.0178956985473633,1.0014766454696655,0.016419053077697754
final,12,34,16,1.00006103515625,0.9991630911827087,0.0008979439735412598
final,12,35,16,1.0156508684158325,1.0229851007461548,0.007334232330322266
final,12,36,16,0.9091914892196655,0.932844340801239,0.023652851581573486
final,12,37,16,0.9976778030395508,1.0192242860794067,0.021546483039855957
final,12,38,16,0.9485811591148376,0.9644456505775452,0.01586449146270752
final,12,39,16,1.069907784461975,1.0786758661270142,0.008768081665039062
final,12,40,16,1.072238802909851,1.0868353843688965,0.01459658145904541
final,12,41,16,1.0919891595840454,1.08673894405365,0.005250215530395508
final,12,42,16,0.9310948848724365,0.9267045855522156,0.004390299320220947
final,12,43,16,1.0277000665664673,1.0330851078033447,0.005385041236877441
final,12,44,16,0.9794041514396667,0.9599674344062805,0.01943671703338623
final,12,45,16,0.9487778544425964,0.9563438296318054,0.007565975189208984
final,12,46,16,0.9364122748374939,0.9549031257629395,0.018490850925445557
final,12,47,16,1.0489646196365356,1.015710711479187,0.03325390815734863
final,12,48,16,1.177803635597229,1.1906254291534424,0.012821793556213379
final,12,49,16,1.163896083831787,1.1505653858184814,0.013330698013305664
final,12,50,16,0.9362072944641113,0.9244720339775085,0.011735260486602783
final,12,51,16,0.9693305492401123,0.9538391828536987,0.015491366386413574
final,12,52,16,1.063873529434204,1.0268341302871704,0.03703939914703369
final,12,53,16,1.095744252204895,1.1022768020629883,0.006532549858093262
final,12,54,16,1.057334303855896,1.0361080169677734,0.02122628688812256
final,12,55,16,1.013007402420044,1.0136827230453491,0.0006753206253051758
final,12,56,16,0.9876433610916138,0.9727573990821838,0.014885962009429932
final,12,57,16,0.9478416442871094,0.8908146619796753,0.05702698230743408
final,12,58,16,1.0486689805984497,1.0381770133972168,0.01049196720123291
final,12,59,16,0.9189122319221497,0.9255860447883606,0.0066738128662109375
final,12,60,16,0.953363835811615,0.9883031249046326,0.03493928909301758
final,12,61,16,1.082326054573059,1.073814868927002,0.008511185646057129
final,12,62,16,0.9526652097702026,0.9620766043663025,0.009411394596099854
final,12,63,16,0.9187043309211731,0.9309178590774536,0.012213528156280518
initial,13,0,16,2.428492546081543,2.440873384475708,0.012380838394165039
initial,13,1,16,2.3003320693969727,2.309297561645508,0.008965492248535156
initial,13,2,16,2.3719217777252197,2.380815267562866,0.008893489837646484
initial,13,3,16,2.41739559173584,2.4277114868164062,0.010315895080566406
initial,13,4,16,2.488630771636963,2.495926856994629,0.007296085357666016
initial,13,5,16,2.3354897499084473,2.3448586463928223,0.009368896484375
initial,13,6,16,2.383859157562256,2.3879380226135254,0.004078865051269531
initial,13,7,16,2.3624660968780518,2.363999605178833,0.00153350830078125
initial,13,8,16,2.4220387935638428,2.4260330200195312,0.0039942264556884766
initial,13,9,16,2.457925319671631,2.464589834213257,0.0066645145416259766
initial,13,10,16,2.5229909420013428,2.5303432941436768,0.007352352142333984
initial,13,11,16,2.378014087677002,2.3654558658599854,0.012558221817016602
initial,13,12,16,2.4555883407592773,2.4582438468933105,0.002655506134033203
initial,13,13,16,2.4140138626098633,2.4073667526245117,0.0066471099853515625
initial,13,14,16,2.359062910079956,2.358685255050659,0.000377655029296875
initial,13,15,16,2.46114182472229,2.4648964405059814,0.0037546157836914062
initial,13,16,16,2.3771419525146484,2.3793299198150635,0.002187967300415039
initial,13,17,16,2.449164628982544,2.476579427719116,0.027414798736572266
initial,13,18,16,2.5149123668670654,2.497119903564453,0.017792463302612305
initial,13,19,16,2.4168646335601807,2.422778606414795,0.005913972854614258
initial,13,20,16,2.5027921199798584,2.5095252990722656,0.0067331790924072266
initial,13,21,16,2.5001111030578613,2.4942095279693604,0.0059015750885009766
initial,13,22,16,2.371922492980957,2.3916616439819336,0.019739151000976562
initial,13,23,16,2.441957473754883,2.4319660663604736,0.00999140739440918
initial,13,24,16,2.412916421890259,2.41170334815979,0.00121307373046875
initial,13,25,16,2.535832166671753,2.5451269149780273,0.009294748306274414
initial,13,26,16,2.4653613567352295,2.4437854290008545,0.021575927734375
initial,13,27,16,2.4094231128692627,2.402660369873047,0.00676274299621582
initial,13,28,16,2.414201021194458,2.4273648262023926,0.01316380500793457
initial,13,29,16,2.458069086074829,2.467681407928467,0.009612321853637695
initial,13,30,16,2.4738314151763916,2.4739835262298584,0.00015211105346679688
initial,13,31,16,2.4315950870513916,2.4271867275238037,0.004408359527587891
initial,13,32,16,2.4282608032226562,2.4258313179016113,0.002429485321044922
initial,13,33,16,2.4353411197662354,2.4428460597991943,0.007504940032958984
initial,13,34,16,2.3461480140686035,2.374088764190674,0.027940750122070312
initial,13,35,16,2.3512942790985107,2.3489627838134766,0.0023314952850341797
initial,13,36,16,2.3750014305114746,2.3759210109710693,0.0009195804595947266
initial,13,37,16,2.551342010498047,2.541372776031494,0.009969234466552734
initial,13,38,16,2.4532253742218018,2.464564800262451,0.011339426040649414
initial,13,39,16,2.3989057540893555,2.404691219329834,0.005785465240478516
initial,13,40,16,2.3242392539978027,2.3439159393310547,0.019676685333251953
initial,13,41,16,2.4124715328216553,2.421476125717163,0.009004592895507812
initial,13,42,16,2.4337663650512695,2.4404609203338623,0.0066945552825927734
initial,13,43,16,2.4281458854675293,2.430724859237671,0.0025789737701416016
initial,13,44,16,2.466992139816284,2.4601244926452637,0.006867647171020508
initial,13,45,16,2.4343998432159424,2.427206039428711,0.007193803787231445
initial,13,46,16,2.4501466751098633,2.4612839221954346,0.011137247085571289
initial,13,47,16,2.422532320022583,2.426068067550659,0.003535747528076172
initial,13,48,16,2.3665547370910645,2.386246919631958,0.019692182540893555
initial,13,49,16,2.3993403911590576,2.3955349922180176,0.003805398941040039
initial,13,50,16,2.4226627349853516,2.4241623878479004,0.0014996528625488281
initial,13,51,16,2.419343948364258,2.3996222019195557,0.01972174644470215
initial,13,52,16,2.4253904819488525,2.424856662750244,0.0005338191986083984
initial,13,53,16,2.400742292404175,2.3963065147399902,0.00443577766418457
initial,13,54,16,2.3631160259246826,2.354440212249756,0.008675813674926758
initial,13,55,16,2.3807427883148193,2.3989357948303223,0.01819300651550293
initial,13,56,16,2.4636857509613037,2.463252067565918,0.0004336833953857422
initial,13,57,16,2.420419931411743,2.4337384700775146,0.013318538665771484
initial,13,58,16,2.364657402038574,2.3653905391693115,0.0007331371307373047
initial,13,59,16,2.3941006660461426,2.4038474559783936,0.009746789932250977
initial,13,60,16,2.3726184368133545,2.361041784286499,0.011576652526855469
initial,13,61,16,2.437045097351074,2.445535659790039,0.008490562438964844
initial,13,62,16,2.4483730792999268,2.444852352142334,0.0035207271575927734
initial,13,63,16,2.4029953479766846,2.3789427280426025,0.02405261993408203
final,13,0,16,1.0450774431228638,1.0449609756469727,0.00011646747589111328
final,13,1,16,1.0013092756271362,1.0267930030822754,0.02548372745513916
final,13,2,16,0.9091679453849792,0.895618200302124,0.013549745082855225
final,13,3,16,0.9155998826026917,0.9310677647590637,0.01546788215637207
final,13,4,16,1.0631405115127563,1.0635937452316284,0.0004532337188720703
final,13,5,16,0.9451090097427368,0.9442450404167175,0.0008639693260192871
final,13,6,16,1.0126303434371948,0.99320387840271,0.019426465034484863
final,13,7,16,1.010391116142273,1.020067572593689,0.009676456451416016
final,13,8,16,0.8699254989624023,0.8822200298309326,0.012294530868530273
final,13,9,16,0.936159074306488,0.9438125491142273,0.007653474807739258
final,13,10,16,1.0253205299377441,0.9959582090377808,0.02936232089996338
final,13,11,16,1.0086448192596436,1.015695571899414,0.007050752639770508
final,13,12,16,1.0369608402252197,1.0536333322525024,0.016672492027282715
final,13,13,16,1.026126742362976,1.0144121646881104,0.011714577674865723
final,13,14,16,0.8332383036613464,0.8323056697845459,0.0009326338768005371
final,13,15,16,1.0397474765777588,1.0316054821014404,0.00814199447631836
final,13,16,16,0.940349280834198,0.9385523796081543,0.0017969012260437012
final,13,17,16,1.1557793617248535,1.1297492980957031,0.02603006362915039
final,13,18,16,0.9659653306007385,0.985945463180542,0.019980132579803467
final,13,19,16,0.9462522864341736,0.9549304842948914,0.008678197860717773
final,13,20,16,0.8598070740699768,0.8769456744194031,0.01713860034942627
final,13,21,16,0.9968797564506531,1.0098762512207031,0.012996494770050049
final,13,22,16,0.9591975212097168,0.9556708931922913,0.003526628017425537
final,13,23,16,1.0077944993972778,1.0240219831466675,0.01622748374938965
final,13,24,16,0.8783593773841858,0.8714204430580139,0.006938934326171875
final,13,25,16,0.9589802026748657,0.9549182057380676,0.004061996936798096
final,13,26,16,0.8501619100570679,0.8365665078163147,0.013595402240753174
final,13,27,16,1.004086971282959,0.9901240468025208,0.013962924480438232
final,13,28,16,1.0055183172225952,1.0032594203948975,0.002258896827697754
final,13,29,16,0.9215534329414368,0.9437127113342285,0.022159278392791748
final,13,30,16,1.0157816410064697,1.0068529844284058,0.008928656578063965
final,13,31,16,1.0509567260742188,1.032037615776062,0.01891911029815674
final,13,32,16,1.027236819267273,1.0406891107559204,0.013452291488647461
final,13,33,16,0.8935343027114868,0.8948996663093567,0.001365363597869873
final,13,34,16,1.1059291362762451,1.1080236434936523,0.0020945072174072266
final,13,35,16,0.8707637786865234,0.8850529789924622,0.01428920030593872
final,13,36,16,1.124127745628357,1.1277103424072266,0.003582596778869629
final,13,37,16,0.995582103729248,0.9806814193725586,0.014900684356689453
final,13,38,16,0.9370537996292114,0.9346585869789124,0.0023952126502990723
final,13,39,16,0.9799229502677917,0.9912067651748657,0.011283814907073975
final,13,40,16,0.9445934295654297,0.9450551867485046,0.00046175718307495117
final,13,41,16,1.0105520486831665,0.9985107779502869,0.012041270732879639
final,13,42,16,1.0051894187927246,1.0125302076339722,0.007340788841247559
final,13,43,16,1.0118921995162964,1.0386983156204224,0.026806116104125977
final,13,44,16,0.9484691619873047,0.9620470404624939,0.013577878475189209
final,13,45,16,1.108222246170044,1.1465367078781128,0.03831446170806885
final,13,46,16,1.0245170593261719,1.03340744972229,0.008890390396118164
final,13,47,16,0.9819284677505493,1.0281484127044678,0.04621994495391846
final,13,48,16,1.03531813621521,1.0508339405059814,0.015515804290771484
final,13,49,16,1.0097407102584839,1.0017400979995728,0.008000612258911133
final,13,50,16,0.9892105460166931,0.9866352081298828,0.0025753378868103027
final,13,51,16,1.0066982507705688,0.991887092590332,0.014811158180236816
final,13,52,16,1.0421218872070312,1.0405158996582031,0.001605987548828125
final,13,53,16,1.0076864957809448,1.025648593902588,0.017962098121643066
final,13,54,16,1.0076613426208496,1.0050891637802124,0.002572178840637207
final,13,55,16,1.1527868509292603,1.125928282737732,0.02685856819152832
final,13,56,16,0.978447437286377,0.9760755896568298,0.002371847629547119
final,13,57,16,0.9509862661361694,0.9432814121246338,0.0077048540115356445
final,13,58,16,0.992460310459137,1.0263899564743042,0.033929646015167236
final,13,59,16,1.020068645477295,0.9961961507797241,0.0238724946975708
final,13,60,16,0.9183576107025146,0.9096955060958862,0.008662104606628418
final,13,61,16,0.9242531657218933,0.9187564253807068,0.0054967403411865234
final,13,62,16,0.9522148966789246,0.9395561814308167,0.01265871524810791
final,13,63,16,0.8829196691513062,0.8892294764518738,0.006309807300567627
initial,14,0,16,2.4770054817199707,2.482908010482788,0.005902528762817383
initial,14,1,16,2.3686435222625732,2.358572244644165,0.010071277618408203
initial,14,2,16,2.456704616546631,2.465458393096924,0.008753776550292969
initial,14,3,16,2.38055157661438,2.389906167984009,0.009354591369628906
initial,14,4,16,2.4345703125,2.4284019470214844,0.006168365478515625
initial,14,5,16,2.4835045337677,2.488826274871826,0.0053217411041259766
initial,14,6,16,2.428905725479126,2.4268901348114014,0.0020155906677246094
initial,14,7,16,2.4674596786499023,2.4686219692230225,0.0011622905731201172
initial,14,8,16,2.438277244567871,2.440617322921753,0.002340078353881836
initial,14,9,16,2.4497170448303223,2.4536149501800537,0.0038979053497314453
initial,14,10,16,2.436319351196289,2.4377660751342773,0.0014467239379882812
initial,14,11,16,2.4982781410217285,2.5149495601654053,0.016671419143676758
initial,14,12,16,2.359877824783325,2.36421799659729,0.004340171813964844
initial,14,13,16,2.4884889125823975,2.4928576946258545,0.004368782043457031
initial,14,14,16,2.4520046710968018,2.4609408378601074,0.008936166763305664
initial,14,15,16,2.3298604488372803,2.3319921493530273,0.0021317005157470703
initial,14,16,16,2.398965835571289,2.398362874984741,0.0006029605865478516
initial,14,17,16,2.4623966217041016,2.4676589965820312,0.0052623748779296875
initial,14,18,16,2.462380886077881,2.4658024311065674,0.0034215450286865234
initial,14,19,16,2.3647401332855225,2.3631553649902344,0.001584768295288086
initial,14,20,16,2.4336047172546387,2.4249887466430664,0.008615970611572266
initial,14,21,16,2.4416582584381104,2.4397342205047607,0.0019240379333496094
initial,14,22,16,2.4037487506866455,2.397653579711914,0.006095170974731445
initial,14,23,16,2.4226274490356445,2.427887439727783,0.005259990692138672
initial,14,24,16,2.469252586364746,2.4771034717559814,0.007850885391235352
initial,14,25,16,2.476672410964966,2.4745893478393555,0.0020830631256103516
initial,14,26,16,2.472414016723633,2.484300374984741,0.011886358261108398
initial,14,27,16,2.332104206085205,2.3327317237854004,0.0006275177001953125
initial,14,28,16,2.4249439239501953,2.4259161949157715,0.0009722709655761719
initial,14,29,16,2.471827745437622,2.470438241958618,0.0013895034790039062
initial,14,30,16,2.4611241817474365,2.446431875228882,0.014692306518554688
initial,14,31,16,2.4748375415802,2.478060007095337,0.0032224655151367188
initial,14,32,16,2.527540683746338,2.524623394012451,0.0029172897338867188
initial,14,33,16,2.374192237854004,2.3720595836639404,0.0021326541900634766
initial,14,34,16,2.4253106117248535,2.4371252059936523,0.011814594268798828
initial,14,35,16,2.374981641769409,2.361520528793335,0.013461112976074219
initial,14,36,16,2.359711170196533,2.35347056388855,0.0062406063079833984
initial,14,37,16,2.5059573650360107,2.508925676345825,0.002968311309814453
initial,14,38,16,2.2975146770477295,2.2893669605255127,0.008147716522216797
initial,14,39,16,2.5295073986053467,2.5335028171539307,0.003995418548583984
initial,14,40,16,2.404348850250244,2.394792079925537,0.009556770324707031
initial,14,41,16,2.45276141166687,2.461541175842285,0.008779764175415039
initial,14,42,16,2.407658100128174,2.3888213634490967,0.01883673667907715
initial,14,43,16,2.414250373840332,2.414476156234741,0.0002257823944091797
initial,14,44,16,2.5107598304748535,2.506098508834839,0.0046613216400146484
initial,14,45,16,2.3958942890167236,2.392894983291626,0.0029993057250976562
initial,14,46,16,2.4879448413848877,2.490549325942993,0.0026044845581054688
initial,14,47,16,2.5009195804595947,2.51684832572937,0.01592874526977539
initial,14,48,16,2.3753998279571533,2.379300832748413,0.0039010047912597656
initial,14,49,16,2.447356700897217,2.4439964294433594,0.003360271453857422
initial,14,50,16,2.3667869567871094,2.361330270767212,0.005456686019897461
initial,14,51,16,2.442559242248535,2.435485363006592,0.007073879241943359
initial,14,52,16,2.4554951190948486,2.4562160968780518,0.000720977783203125
initial,14,53,16,2.4568593502044678,2.463998556137085,0.0071392059326171875
initial,14,54,16,2.469560384750366,2.462594985961914,0.0069653987884521484
initial,14,55,16,2.401630163192749,2.4165332317352295,0.014903068542480469
initial,14,56,16,2.38566255569458,2.389313220977783,0.003650665283203125
initial,14,57,16,2.473634719848633,2.468456268310547,0.0051784515380859375
initial,14,58,16,2.399221181869507,2.40231990814209,0.003098726272583008
initial,14,59,16,2.5001020431518555,2.5068397521972656,0.006737709045410156
initial,14,60,16,2.4804446697235107,2.476534128189087,0.003910541534423828
initial,14,61,16,2.419877290725708,2.4273078441619873,0.007430553436279297
initial,14,62,16,2.3189756870269775,2.3159730434417725,0.003002643585205078
initial,14,63,16,2.3878660202026367,2.389329671859741,0.0014636516571044922
final,14,0,16,0.9510586261749268,0.9395385384559631,0.011520087718963623
final,14,1,16,0.7943835258483887,0.8072357177734375,0.012852191925048828
final,14,2,16,0.8789770603179932,0.8745760321617126,0.004401028156280518
final,14,3,16,1.0101388692855835,1.0203609466552734,0.010222077369689941
final,14,4,16,0.8894668221473694,0.873516321182251,0.015950500965118408
final,14,5,16,0.8342452645301819,0.8489152789115906,0.014670014381408691
final,14,6,16,1.054693341255188,1.0528689622879028,0.0018243789672851562
final,14,7,16,1.0809184312820435,1.096577763557434,0.015659332275390625
final,14,8,16,1.0043936967849731,1.0165627002716064,0.0121690034866333
final,14,9,16,1.1071571111679077,1.1193345785140991,0.012177467346191406
final,14,10,16,0.9410455226898193,0.9444292187690735,0.0033836960792541504
final,14,11,16,0.9820947647094727,0.9780437350273132,0.004051029682159424
final,14,12,16,1.0897414684295654,1.0882248878479004,0.001516580581665039
final,14,13,16,1.0350723266601562,1.0370728969573975,0.002000570297241211
final,14,14,16,0.9002654552459717,0.9092028141021729,0.008937358856201172
final,14,15,16,1.0722451210021973,1.0587655305862427,0.01347959041595459
final,14,16,16,1.0332506895065308,1.0284254550933838,0.004825234413146973
final,14,17,16,0.9862321615219116,0.9883739352226257,0.0021417737007141113
final,14,18,16,1.0761960744857788,1.0786666870117188,0.0024706125259399414
final,14,19,16,1.0140272378921509,1.0115456581115723,0.0024815797805786133
final,14,20,16,0.9543940424919128,0.946292519569397,0.00810152292251587
final,14,21,16,1.0123041868209839,1.011705756187439,0.0005984306335449219
final,14,22,16,1.0799295902252197,1.088596224784851,0.008666634559631348
final,14,23,16,0.9526512026786804,0.9453290700912476,0.007322132587432861
final,14,24,16,1.1726967096328735,1.1671485900878906,0.00554811954498291
final,14,25,16,0.8179870247840881,0.8259158730506897,0.007928848266601562
final,14,26,16,0.9777364730834961,0.9800434112548828,0.0023069381713867188
final,14,27,16,0.9822232723236084,0.9869384765625,0.0047152042388916016
final,14,28,16,0.9744679927825928,0.975184977054596,0.0007169842720031738
final,14,29,16,1.0413720607757568,1.0344974994659424,0.006874561309814453
final,14,30,16,0.9589348435401917,0.9659302830696106,0.006995439529418945
final,14,31,16,0.9370869398117065,0.9385415315628052,0.0014545917510986328
final,14,32,16,1.096501111984253,1.089603304862976,0.0068978071212768555
final,14,33,16,0.9950324296951294,0.9852697849273682,0.00976264476776123
final,14,34,16,1.0300273895263672,1.0237412452697754,0.006286144256591797
final,14,35,16,0.9801193475723267,0.9921615719795227,0.012042224407196045
final,14,36,16,0.9630264639854431,0.9794307947158813,0.016404330730438232
final,14,37,16,0.9984930753707886,1.0033540725708008,0.004860997200012207
final,14,38,16,1.1136021614074707,1.1139661073684692,0.00036394596099853516
final,14,39,16,0.9483428001403809,0.9484597444534302,0.0001169443130493164
final,14,40,16,1.0322251319885254,1.038954734802246,0.006729602813720703
final,14,41,16,1.042069911956787,1.0397332906723022,0.0023366212844848633
final,14,42,16,0.8496189117431641,0.8509409427642822,0.001322031021118164
final,14,43,16,1.0995289087295532,1.0808827877044678,0.01864612102508545
final,14,44,16,1.0817115306854248,1.0843627452850342,0.002651214599609375
final,14,45,16,1.1995896100997925,1.2097116708755493,0.010122060775756836
final,14,46,16,0.8828240036964417,0.8781089782714844,0.004715025424957275
final,14,47,16,1.0304111242294312,1.0269038677215576,0.003507256507873535
final,14,48,16,0.9288496971130371,0.9359829425811768,0.0071332454681396484
final,14,49,16,0.9266473054885864,0.917118489742279,0.009528815746307373
final,14,50,16,1.1637524366378784,1.17989182472229,0.01613938808441162
final,14,51,16,1.1198301315307617,1.1283888816833496,0.00855875015258789
final,14,52,16,1.0459274053573608,1.0556323528289795,0.009704947471618652
final,14,53,16,0.9400531053543091,0.9322514533996582,0.007801651954650879
final,14,54,16,0.9517112970352173,0.9529588222503662,0.0012475252151489258
final,14,55,16,1.0783560276031494,1.081045150756836,0.0026891231536865234
final,14,56,16,1.0445971488952637,1.042497158050537,0.0020999908447265625
final,14,57,16,0.9771124720573425,0.974454939365387,0.0026575326919555664
final,14,58,16,0.9600143432617188,0.9607216715812683,0.0007073283195495605
final,14,59,16,1.0218080282211304,1.024132490158081,0.0023244619369506836
final,14,60,16,1.0168812274932861,0.9995517134666443,0.017329514026641846
final,14,61,16,0.9666329026222229,0.9660558700561523,0.0005770325660705566
final,14,62,16,0.93341064453125,0.9311184883117676,0.002292156219482422
final,14,63,16,1.079328179359436,1.0788670778274536,0.0004611015319824219
initial,15,0,16,2.429779291152954,2.456857204437256,0.027077913284301758
initial,15,1,16,2.4549224376678467,2.4827187061309814,0.027796268463134766
initial,15,2,16,2.4239373207092285,2.3981189727783203,0.025818347930908203
initial,15,3,16,2.436434030532837,2.450552225112915,0.014118194580078125
initial,15,4,16,2.4299843311309814,2.443422317504883,0.013437986373901367
initial,15,5,16,2.4104344844818115,2.404540777206421,0.005893707275390625
initial,15,6,16,2.4391393661499023,2.448786735534668,0.009647369384765625
initial,15,7,16,2.4449052810668945,2.456660270690918,0.011754989624023438
initial,15,8,16,2.3307135105133057,2.325897216796875,0.004816293716430664
initial,15,9,16,2.4257612228393555,2.421257257461548,0.004503965377807617
initial,15,10,16,2.4074065685272217,2.4289417266845703,0.021535158157348633
initial,15,11,16,2.354621171951294,2.342320442199707,0.012300729751586914
initial,15,12,16,2.419206142425537,2.419309139251709,0.000102996826171875
initial,15,13,16,2.5055413246154785,2.477917194366455,0.027624130249023438
initial,15,14,16,2.361171245574951,2.3737823963165283,0.012611150741577148
initial,15,15,16,2.490671157836914,2.459716320037842,0.030954837799072266
initial,15,16,16,2.382277011871338,2.3855655193328857,0.0032885074615478516
initial,15,17,16,2.3942630290985107,2.3959171772003174,0.0016541481018066406
initial,15,18,16,2.2875404357910156,2.2649807929992676,0.022559642791748047
initial,15,19,16,2.3585205078125,2.367379665374756,0.00885915756225586
initial,15,20,16,2.452000617980957,2.4574532508850098,0.005452632904052734
initial,15,21,16,2.444579839706421,2.458566188812256,0.013986349105834961
initial,15,22,16,2.3935837745666504,2.409461736679077,0.015877962112426758
initial,15,23,16,2.413858413696289,2.389409303665161,0.02444911003112793
initial,15,24,16,2.3738112449645996,2.365225076675415,0.00858616828918457
initial,15,25,16,2.5635931491851807,2.5260684490203857,0.03752470016479492
initial,15,26,16,2.368238925933838,2.3784141540527344,0.010175228118896484
initial,15,27,16,2.4129228591918945,2.423527956008911,0.010605096817016602
initial,15,28,16,2.365321397781372,2.3860509395599365,0.020729541778564453
initial,15,29,16,2.445413112640381,2.452786445617676,0.007373332977294922
initial,15,30,16,2.3959240913391113,2.39411997795105,0.0018041133880615234
initial,15,31,16,2.3639278411865234,2.3709635734558105,0.007035732269287109
initial,15,32,16,2.456761360168457,2.4787375926971436,0.021976232528686523
initial,15,33,16,2.4133288860321045,2.3762567043304443,0.037072181701660156
initial,15,34,16,2.3487703800201416,2.369081974029541,0.020311594009399414
initial,15,35,16,2.417603015899658,2.4062793254852295,0.011323690414428711
initial,15,36,16,2.4466922283172607,2.4284329414367676,0.018259286880493164
initial,15,37,16,2.4105188846588135,2.403355836868286,0.007163047790527344
initial,15,38,16,2.431988477706909,2.459489583969116,0.02750110626220703
initial,15,39,16,2.4348654747009277,2.4257233142852783,0.009142160415649414
initial,15,40,16,2.52994441986084,2.5089828968048096,0.020961523056030273
initial,15,41,16,2.3907320499420166,2.3958160877227783,0.005084037780761719
initial,15,42,16,2.458747386932373,2.463503837585449,0.004756450653076172
initial,15,43,16,2.394787549972534,2.3997020721435547,0.004914522171020508
initial,15,44,16,2.390087604522705,2.396984100341797,0.006896495819091797
initial,15,45,16,2.445664882659912,2.4615116119384766,0.015846729278564453
initial,15,46,16,2.3724536895751953,2.363821506500244,0.008632183074951172
initial,15,47,16,2.4481289386749268,2.4574759006500244,0.009346961975097656
initial,15,48,16,2.602262258529663,2.5965888500213623,0.005673408508300781
initial,15,49,16,2.4098684787750244,2.381877899169922,0.02799057960510254
initial,15,50,16,2.4196438789367676,2.4202232360839844,0.0005793571472167969
initial,15,51,16,2.454362154006958,2.4489383697509766,0.005423784255981445
initial,15,52,16,2.4165499210357666,2.3915624618530273,0.024987459182739258
initial,15,53,16,2.5095620155334473,2.4765710830688477,0.03299093246459961
initial,15,54,16,2.4105188846588135,2.4174728393554688,0.0069539546966552734
initial,15,55,16,2.360280990600586,2.372729539871216,0.012448549270629883
initial,15,56,16,2.4644598960876465,2.4645016193389893,4.172325134277344e-05
initial,15,57,16,2.4529755115509033,2.4483485221862793,0.0046269893646240234
initial,15,58,16,2.466216564178467,2.471013069152832,0.004796504974365234
initial,15,59,16,2.4356842041015625,2.4412848949432373,0.005600690841674805
initial,15,60,16,2.5329761505126953,2.524533748626709,0.008442401885986328
initial,15,61,16,2.4457578659057617,2.444068670272827,0.0016891956329345703
initial,15,62,16,2.4257266521453857,2.4555318355560303,0.02980518341064453
initial,15,63,16,2.342156410217285,2.330428123474121,0.011728286743164062
final,15,0,16,0.8761819005012512,0.8787463307380676,0.0025644302368164062
final,15,1,16,0.9692695140838623,0.9823415875434875,0.013072073459625244
final,15,2,16,1.022318959236145,0.9980483055114746,0.02427065372467041
final,15,3,16,1.0162200927734375,1.024088740348816,0.007868647575378418
final,15,4,16,0.8758824467658997,0.8880318403244019,0.012149393558502197
final,15,5,16,0.9122013449668884,0.9275357127189636,0.015334367752075195
final,15,6,16,1.0142966508865356,1.0353046655654907,0.021008014678955078
final,15,7,16,1.0541385412216187,1.0695195198059082,0.01538097858428955
final,15,8,16,1.0647319555282593,1.07899808883667,0.014266133308410645
final,15,9,16,0.9788076877593994,0.9914126992225647,0.012605011463165283
final,15,10,16,0.9134703874588013,0.9301718473434448,0.016701459884643555
final,15,11,16,0.9310919642448425,0.9713926911354065,0.040300726890563965
final,15,12,16,0.9133272171020508,0.8995280861854553,0.013799130916595459
final,15,13,16,1.0182974338531494,0.982861340045929,0.03543609380722046
final,15,14,16,1.0026576519012451,1.0441311597824097,0.04147350788116455
final,15,15,16,1.0262658596038818,1.0565756559371948,0.03030979633331299
final,15,16,16,1.1605749130249023,1.1351118087768555,0.025463104248046875
final,15,17,16,0.7853304147720337,0.8310047388076782,0.04567432403564453
final,15,18,16,0.9768986701965332,0.9319438338279724,0.04495483636856079
final,15,19,16,1.0348308086395264,1.0224238634109497,0.01240694522857666
final,15,20,16,0.9043530225753784,0.9035586714744568,0.0007943511009216309
final,15,21,16,1.0312674045562744,1.0266705751419067,0.004596829414367676
final,15,22,16,0.813348650932312,0.8383513689041138,0.025002717971801758
final,15,23,16,0.9898883104324341,0.9846687316894531,0.005219578742980957
final,15,24,16,0.9832990169525146,0.9688838720321655,0.014415144920349121
final,15,25,16,0.9190018177032471,0.9058070778846741,0.013194739818572998
final,15,26,16,0.8464415073394775,0.8537203073501587,0.007278800010681152
final,15,27,16,0.9869433045387268,0.9954439401626587,0.008500635623931885
final,15,28,16,1.004243016242981,0.9892985820770264,0.01494443416595459
final,15,29,16,0.9565168023109436,0.9583768844604492,0.0018600821495056152
final,15,30,16,1.1662960052490234,1.1482934951782227,0.01800251007080078
final,15,31,16,1.0257205963134766,1.0141206979751587,0.011599898338317871
final,15,32,16,1.058754324913025,1.0391132831573486,0.01964104175567627
final,15,33,16,0.946064829826355,0.9663291573524475,0.02026432752609253
final,15,34,16,1.122910976409912,1.1065319776535034,0.01637899875640869
final,15,35,16,0.9174044728279114,0.9297323822975159,0.012327909469604492
final,15,36,16,1.1221916675567627,1.138146162033081,0.01595449447631836
final,15,37,16,0.9032455086708069,0.8994451761245728,0.003800332546234131
final,15,38,16,0.9413686990737915,0.9492789506912231,0.00791025161743164
final,15,39,16,1.1400411128997803,1.1314600706100464,0.008581042289733887
final,15,40,16,1.029109001159668,1.046447515487671,0.01733851432800293
final,15,41,16,0.9328420758247375,0.9301257729530334,0.0027163028717041016
final,15,42,16,0.892291247844696,0.9149105548858643,0.022619307041168213
final,15,43,16,0.9293563961982727,0.9473677277565002,0.01801133155822754
final,15,44,16,0.9169566035270691,0.9195148944854736,0.002558290958404541
final,15,45,16,0.9872857332229614,0.9612923264503479,0.025993406772613525
final,15,46,16,1.1316338777542114,1.1015639305114746,0.030069947242736816
final,15,47,16,1.1040093898773193,1.091725468635559,0.012283921241760254
final,15,48,16,0.895470917224884,0.9174394607543945,0.021968543529510498
final,15,49,16,1.1054937839508057,1.1220741271972656,0.01658034324645996
final,15,50,16,1.158768892288208,1.1495448350906372,0.0092240571975708
final,15,51,16,0.9782718420028687,0.978849470615387,0.0005776286125183105
final,15,52,16,0.9919816255569458,1.012466311454773,0.02048468589782715
final,15,53,16,0.9085434079170227,0.8655387759208679,0.043004631996154785
final,15,54,16,1.0520985126495361,1.0596559047698975,0.007557392120361328
final,15,55,16,0.9005215167999268,0.914283037185669,0.013761520385742188
final,15,56,16,0.9968393445014954,1.0357248783111572,0.038885533809661865
final,15,57,16,0.990481436252594,1.0181527137756348,0.02767127752304077
final,15,58,16,1.0883569717407227,1.1292648315429688,0.040907859802246094
final,15,59,16,0.911984384059906,0.885301411151886,0.02668297290802002
final,15,60,16,1.070865273475647,1.0837233066558838,0.012858033180236816
final,15,61,16,1.0170944929122925,1.042342185974121,0.025247693061828613
final,15,62,16,0.9924401044845581,1.0053025484085083,0.012862443923950195
final,15,63,16,1.0572644472122192,1.0629254579544067,0.0056610107421875
