stage,layer,matrix,pair,perturbed_coordinates,loss_plus,loss_minus,abs_y
initial,0,W_in,0,16,2.74000883102417,2.746701717376709,0.0066928863525390625
initial,0,W_in,1,16,2.6985647678375244,2.699512004852295,0.0009472370147705078
initial,0,W_in,2,16,2.6604645252227783,2.6672515869140625,0.00678706169128418
initial,0,W_in,3,16,2.7753512859344482,2.754117965698242,0.021233320236206055
initial,0,W_in,4,16,2.805290699005127,2.7732815742492676,0.032009124755859375
initial,0,W_in,5,16,2.8029732704162598,2.805359125137329,0.002385854721069336
initial,0,W_in,6,16,2.871335744857788,2.861644983291626,0.00969076156616211
initial,0,W_in,7,16,2.7221312522888184,2.7474443912506104,0.025313138961791992
initial,0,W_in,8,16,2.8278563022613525,2.8379323482513428,0.010076045989990234
initial,0,W_in,9,16,2.68658185005188,2.68304705619812,0.0035347938537597656
initial,0,W_in,10,16,2.708160638809204,2.716883659362793,0.008723020553588867
initial,0,W_in,11,16,2.6954424381256104,2.702688694000244,0.007246255874633789
initial,0,W_in,12,16,2.6195950508117676,2.630505084991455,0.0109100341796875
initial,0,W_in,13,16,2.65547251701355,2.646942138671875,0.008530378341674805
initial,0,W_in,14,16,2.683847665786743,2.697500228881836,0.013652563095092773
initial,0,W_in,15,16,2.643320322036743,2.656205654144287,0.012885332107543945
initial,0,W_in,16,16,2.7637665271759033,2.7546355724334717,0.00913095474243164
initial,0,W_in,17,16,2.7448887825012207,2.752082109451294,0.007193326950073242
initial,0,W_in,18,16,2.5181024074554443,2.529149055480957,0.011046648025512695
initial,0,W_in,19,16,2.7469868659973145,2.7200684547424316,0.026918411254882812
initial,0,W_in,20,16,2.755634307861328,2.739664077758789,0.015970230102539062
initial,0,W_in,21,16,2.767338514328003,2.7790257930755615,0.011687278747558594
initial,0,W_in,22,16,2.714543342590332,2.7054965496063232,0.009046792984008789
initial,0,W_in,23,16,2.6186113357543945,2.6307520866394043,0.012140750885009766
initial,0,W_in,24,16,2.674879789352417,2.679232597351074,0.0043528079986572266
initial,0,W_in,25,16,2.695817470550537,2.698991298675537,0.003173828125
initial,0,W_in,26,16,2.6277263164520264,2.6289188861846924,0.0011925697326660156
initial,0,W_in,27,16,2.8191542625427246,2.8218746185302734,0.002720355987548828
initial,0,W_in,28,16,2.8016698360443115,2.81391978263855,0.012249946594238281
initial,0,W_in,29,16,2.7753918170928955,2.768861770629883,0.006530046463012695
initial,0,W_in,30,16,2.6952977180480957,2.6982312202453613,0.002933502197265625
initial,0,W_in,31,16,2.7698254585266113,2.775008201599121,0.005182743072509766
initial,0,W_in,32,16,2.7671446800231934,2.7738730907440186,0.006728410720825195
initial,0,W_in,33,16,2.8310177326202393,2.838878870010376,0.007861137390136719
initial,0,W_in,34,16,2.77736759185791,2.7931816577911377,0.01581406593322754
initial,0,W_in,35,16,2.6949949264526367,2.7075798511505127,0.012584924697875977
initial,0,W_in,36,16,2.8070878982543945,2.798314332962036,0.008773565292358398
initial,0,W_in,37,16,2.661571979522705,2.658355951309204,0.0032160282135009766
initial,0,W_in,38,16,2.6629014015197754,2.656531810760498,0.006369590759277344
initial,0,W_in,39,16,2.6404733657836914,2.636990547180176,0.003482818603515625
initial,0,W_in,40,16,2.8402557373046875,2.8520336151123047,0.011777877807617188
initial,0,W_in,41,16,2.8095016479492188,2.8081250190734863,0.0013766288757324219
initial,0,W_in,42,16,2.7690961360931396,2.792839765548706,0.023743629455566406
initial,0,W_in,43,16,2.705479621887207,2.7076187133789062,0.0021390914916992188
initial,0,W_in,44,16,2.6772353649139404,2.6814446449279785,0.004209280014038086
initial,0,W_in,45,16,2.7819180488586426,2.7845890522003174,0.0026710033416748047
initial,0,W_in,46,16,2.673335075378418,2.6846723556518555,0.0113372802734375
initial,0,W_in,47,16,2.8142271041870117,2.8107919692993164,0.0034351348876953125
initial,0,W_in,48,16,2.664283275604248,2.669660806655884,0.005377531051635742
initial,0,W_in,49,16,2.6575300693511963,2.662802219390869,0.0052721500396728516
initial,0,W_in,50,16,2.7862160205841064,2.7745468616485596,0.011669158935546875
initial,0,W_in,51,16,2.7401316165924072,2.729012966156006,0.011118650436401367
initial,0,W_in,52,16,2.676048755645752,2.6685163974761963,0.007532358169555664
initial,0,W_in,53,16,2.678032398223877,2.6698827743530273,0.00814962387084961
initial,0,W_in,54,16,2.7902371883392334,2.7964513301849365,0.006214141845703125
initial,0,W_in,55,16,2.7326104640960693,2.7346091270446777,0.0019986629486083984
initial,0,W_in,56,16,2.7358927726745605,2.7386252880096436,0.002732515335083008
initial,0,W_in,57,16,2.7422797679901123,2.725735902786255,0.016543865203857422
initial,0,W_in,58,16,2.7727458477020264,2.754945993423462,0.017799854278564453
initial,0,W_in,59,16,2.714625835418701,2.7190773487091064,0.0044515132904052734
initial,0,W_in,60,16,2.820174217224121,2.8240199089050293,0.003845691680908203
initial,0,W_in,61,16,2.8032472133636475,2.7949373722076416,0.00830984115600586
initial,0,W_in,62,16,2.6522703170776367,2.651543617248535,0.0007266998291015625
initial,0,W_in,63,16,2.7653465270996094,2.777554988861084,0.01220846176147461
initial,1,block0.W1,0,16,2.7504210472106934,2.737267017364502,0.013154029846191406
initial,1,block0.W1,1,16,2.784116744995117,2.7570810317993164,0.02703571319580078
initial,1,block0.W1,2,16,2.884281635284424,2.893693685531616,0.009412050247192383
initial,1,block0.W1,3,16,2.757117986679077,2.757981538772583,0.0008635520935058594
initial,1,block0.W1,4,16,2.765072822570801,2.7462551593780518,0.018817663192749023
initial,1,block0.W1,5,16,2.736407518386841,2.730958938598633,0.005448579788208008
initial,1,block0.W1,6,16,2.7366764545440674,2.734039545059204,0.0026369094848632812
initial,1,block0.W1,7,16,2.7286415100097656,2.7101128101348877,0.01852869987487793
initial,1,block0.W1,8,16,2.77449893951416,2.7603251934051514,0.014173746109008789
initial,1,block0.W1,9,16,2.751127243041992,2.7396860122680664,0.011441230773925781
initial,1,block0.W1,10,16,2.63611102104187,2.6567962169647217,0.020685195922851562
initial,1,block0.W1,11,16,2.7246532440185547,2.7318034172058105,0.007150173187255859
initial,1,block0.W1,12,16,2.5712873935699463,2.5821382999420166,0.010850906372070312
initial,1,block0.W1,13,16,2.701077699661255,2.7057247161865234,0.004647016525268555
initial,1,block0.W1,14,16,2.7772228717803955,2.7879638671875,0.010740995407104492
initial,1,block0.W1,15,16,2.648087501525879,2.655402421951294,0.007314920425415039
initial,1,block0.W1,16,16,2.6950290203094482,2.695448875427246,0.00041985511779785156
initial,1,block0.W1,17,16,2.7000579833984375,2.7092039585113525,0.009145975112915039
initial,1,block0.W1,18,16,2.810957670211792,2.8050100803375244,0.005947589874267578
initial,1,block0.W1,19,16,2.754242420196533,2.7670302391052246,0.012787818908691406
initial,1,block0.W1,20,16,2.6642403602600098,2.6659603118896484,0.0017199516296386719
initial,1,block0.W1,21,16,2.738417863845825,2.730546712875366,0.007871150970458984
initial,1,block0.W1,22,16,2.583198070526123,2.5906546115875244,0.007456541061401367
initial,1,block0.W1,23,16,2.7147717475891113,2.705228328704834,0.009543418884277344
initial,1,block0.W1,24,16,2.842355251312256,2.8439104557037354,0.0015552043914794922
initial,1,block0.W1,25,16,2.7051103115081787,2.712759017944336,0.0076487064361572266
initial,1,block0.W1,26,16,2.7872812747955322,2.778684139251709,0.008597135543823242
initial,1,block0.W1,27,16,2.77189302444458,2.768873929977417,0.003019094467163086
initial,1,block0.W1,28,16,2.7393698692321777,2.7318971157073975,0.0074727535247802734
initial,1,block0.W1,29,16,2.556443929672241,2.566070318222046,0.009626388549804688
initial,1,block0.W1,30,16,2.803800582885742,2.812323808670044,0.008523225784301758
initial,1,block0.W1,31,16,2.688596248626709,2.687979221343994,0.0006170272827148438
initial,1,block0.W1,32,16,2.763327121734619,2.77777361869812,0.014446496963500977
initial,1,block0.W1,33,16,2.951446056365967,2.961193561553955,0.009747505187988281
initial,1,block0.W1,34,16,2.814850091934204,2.7954020500183105,0.019448041915893555
initial,1,block0.W1,35,16,2.7527360916137695,2.7590274810791016,0.006291389465332031
initial,1,block0.W1,36,16,2.688711166381836,2.70041823387146,0.011707067489624023
initial,1,block0.W1,37,16,2.8174943923950195,2.815453290939331,0.0020411014556884766
initial,1,block0.W1,38,16,2.7459356784820557,2.7427420616149902,0.0031936168670654297
initial,1,block0.W1,39,16,2.698319911956787,2.690054178237915,0.00826573371887207
initial,1,block0.W1,40,16,2.7449533939361572,2.737579107284546,0.007374286651611328
initial,1,block0.W1,41,16,2.6754817962646484,2.6685850620269775,0.0068967342376708984
initial,1,block0.W1,42,16,2.5981969833374023,2.6218464374542236,0.02364945411682129
initial,1,block0.W1,43,16,2.786393880844116,2.7780089378356934,0.008384943008422852
initial,1,block0.W1,44,16,2.7343342304229736,2.7415411472320557,0.007206916809082031
initial,1,block0.W1,45,16,2.8461754322052,2.837552785873413,0.00862264633178711
initial,1,block0.W1,46,16,2.7021195888519287,2.702901601791382,0.000782012939453125
initial,1,block0.W1,47,16,2.59834623336792,2.5957257747650146,0.0026204586029052734
initial,1,block0.W1,48,16,2.7695939540863037,2.754338264465332,0.01525568962097168
initial,1,block0.W1,49,16,2.767542600631714,2.7632503509521484,0.00429224967956543
initial,1,block0.W1,50,16,2.7361083030700684,2.720659017562866,0.015449285507202148
initial,1,block0.W1,51,16,2.77034854888916,2.7517428398132324,0.018605709075927734
initial,1,block0.W1,52,16,2.6772992610931396,2.6949853897094727,0.017686128616333008
initial,1,block0.W1,53,16,2.6789469718933105,2.6872048377990723,0.008257865905761719
initial,1,block0.W1,54,16,2.822549819946289,2.8355376720428467,0.012987852096557617
initial,1,block0.W1,55,16,2.7440574169158936,2.7435574531555176,0.0004999637603759766
initial,1,block0.W1,56,16,2.716907262802124,2.7103123664855957,0.00659489631652832
initial,1,block0.W1,57,16,2.792811155319214,2.787445306777954,0.005365848541259766
initial,1,block0.W1,58,16,2.5784690380096436,2.590385913848877,0.011916875839233398
initial,1,block0.W1,59,16,2.7306764125823975,2.729863166809082,0.0008132457733154297
initial,1,block0.W1,60,16,2.7116634845733643,2.7106175422668457,0.0010459423065185547
initial,1,block0.W1,61,16,2.621840476989746,2.6162185668945312,0.005621910095214844
initial,1,block0.W1,62,16,2.6536192893981934,2.647587537765503,0.00603175163269043
initial,1,block0.W1,63,16,2.763988971710205,2.7812726497650146,0.01728367805480957
initial,2,block0.W2,0,16,2.8779852390289307,2.8884732723236084,0.010488033294677734
initial,2,block0.W2,1,16,2.7861924171447754,2.789400339126587,0.0032079219818115234
initial,2,block0.W2,2,16,2.8042237758636475,2.8130970001220703,0.008873224258422852
initial,2,block0.W2,3,16,2.7374794483184814,2.7420549392700195,0.004575490951538086
initial,2,block0.W2,4,16,2.7578914165496826,2.7509074211120605,0.00698399543762207
initial,2,block0.W2,5,16,2.678018093109131,2.6871373653411865,0.009119272232055664
initial,2,block0.W2,6,16,2.761737823486328,2.755919933319092,0.005817890167236328
initial,2,block0.W2,7,16,2.5515236854553223,2.553833246231079,0.002309560775756836
initial,2,block0.W2,8,16,2.7051470279693604,2.7056519985198975,0.0005049705505371094
initial,2,block0.W2,9,16,2.738006591796875,2.7466542720794678,0.008647680282592773
initial,2,block0.W2,10,16,2.7353405952453613,2.7374675273895264,0.002126932144165039
initial,2,block0.W2,11,16,2.707331895828247,2.6925201416015625,0.01481175422668457
initial,2,block0.W2,12,16,2.721635580062866,2.714693546295166,0.006942033767700195
initial,2,block0.W2,13,16,2.860752582550049,2.836742877960205,0.02400970458984375
initial,2,block0.W2,14,16,2.7153637409210205,2.719550848007202,0.004187107086181641
initial,2,block0.W2,15,16,2.802074909210205,2.808359384536743,0.006284475326538086
initial,2,block0.W2,16,16,2.612227201461792,2.614365339279175,0.0021381378173828125
initial,2,block0.W2,17,16,2.5944998264312744,2.5978033542633057,0.00330352783203125
initial,2,block0.W2,18,16,2.7968618869781494,2.8123679161071777,0.01550602912902832
initial,2,block0.W2,19,16,2.724215507507324,2.72013258934021,0.004082918167114258
initial,2,block0.W2,20,16,2.728524684906006,2.7312703132629395,0.0027456283569335938
initial,2,block0.W2,21,16,2.7031822204589844,2.708688735961914,0.0055065155029296875
initial,2,block0.W2,22,16,2.5945615768432617,2.599161148071289,0.004599571228027344
initial,2,block0.W2,23,16,2.8128578662872314,2.804476022720337,0.008381843566894531
initial,2,block0.W2,24,16,2.7343626022338867,2.7429823875427246,0.00861978530883789
initial,2,block0.W2,25,16,2.764033555984497,2.761749029159546,0.002284526824951172
initial,2,block0.W2,26,16,2.71230411529541,2.7027087211608887,0.009595394134521484
initial,2,block0.W2,27,16,2.7238659858703613,2.7286362648010254,0.0047702789306640625
initial,2,block0.W2,28,16,2.6871962547302246,2.681364059448242,0.005832195281982422
initial,2,block0.W2,29,16,2.626692771911621,2.6331584453582764,0.0064656734466552734
initial,2,block0.W2,30,16,2.684866189956665,2.6740450859069824,0.010821104049682617
initial,2,block0.W2,31,16,2.7734155654907227,2.77791690826416,0.0045013427734375
initial,2,block0.W2,32,16,2.6449851989746094,2.63437819480896,0.010607004165649414
initial,2,block0.W2,33,16,2.7413880825042725,2.751978874206543,0.010590791702270508
initial,2,block0.W2,34,16,2.7677247524261475,2.7694272994995117,0.0017025470733642578
initial,2,block0.W2,35,16,2.7501912117004395,2.752108573913574,0.0019173622131347656
initial,2,block0.W2,36,16,2.636972665786743,2.635333776473999,0.0016388893127441406
initial,2,block0.W2,37,16,2.7673423290252686,2.7707536220550537,0.0034112930297851562
initial,2,block0.W2,38,16,2.7479639053344727,2.7793173789978027,0.03135347366333008
initial,2,block0.W2,39,16,2.797368288040161,2.796032428741455,0.0013358592987060547
initial,2,block0.W2,40,16,2.7794928550720215,2.791428327560425,0.01193547248840332
initial,2,block0.W2,41,16,2.7680649757385254,2.7725954055786133,0.004530429840087891
initial,2,block0.W2,42,16,2.8057637214660645,2.8035523891448975,0.002211332321166992
initial,2,block0.W2,43,16,2.8554115295410156,2.868422031402588,0.013010501861572266
initial,2,block0.W2,44,16,2.674123525619507,2.6834657192230225,0.009342193603515625
initial,2,block0.W2,45,16,2.669083595275879,2.659820318222046,0.009263277053833008
initial,2,block0.W2,46,16,2.7951934337615967,2.794168472290039,0.0010249614715576172
initial,2,block0.W2,47,16,2.7119829654693604,2.7174391746520996,0.005456209182739258
initial,2,block0.W2,48,16,2.652859926223755,2.6500349044799805,0.002825021743774414
initial,2,block0.W2,49,16,2.703843355178833,2.706763505935669,0.0029201507568359375
initial,2,block0.W2,50,16,2.7691848278045654,2.759376049041748,0.009808778762817383
initial,2,block0.W2,51,16,2.753847360610962,2.7428388595581055,0.011008501052856445
initial,2,block0.W2,52,16,2.7061996459960938,2.705812454223633,0.0003871917724609375
initial,2,block0.W2,53,16,2.7558555603027344,2.7661657333374023,0.010310173034667969
initial,2,block0.W2,54,16,2.7396581172943115,2.7514491081237793,0.011790990829467773
initial,2,block0.W2,55,16,2.6930124759674072,2.683558940887451,0.009453535079956055
initial,2,block0.W2,56,16,2.807058095932007,2.799403429031372,0.007654666900634766
initial,2,block0.W2,57,16,2.744401454925537,2.748863697052002,0.004462242126464844
initial,2,block0.W2,58,16,2.6500802040100098,2.6454219818115234,0.004658222198486328
initial,2,block0.W2,59,16,2.7498674392700195,2.744631290435791,0.005236148834228516
initial,2,block0.W2,60,16,2.7884933948516846,2.7971255779266357,0.008632183074951172
initial,2,block0.W2,61,16,2.6670455932617188,2.693311929702759,0.02626633644104004
initial,2,block0.W2,62,16,2.7493736743927,2.7540273666381836,0.0046536922454833984
initial,2,block0.W2,63,16,2.7250781059265137,2.722456932067871,0.002621173858642578
initial,3,block1.W1,0,16,2.5686893463134766,2.5743749141693115,0.005685567855834961
initial,3,block1.W1,1,16,2.68109393119812,2.694913148880005,0.013819217681884766
initial,3,block1.W1,2,16,2.7995529174804688,2.8026740550994873,0.0031211376190185547
initial,3,block1.W1,3,16,2.7153162956237793,2.7097980976104736,0.005518198013305664
initial,3,block1.W1,4,16,2.7573153972625732,2.7615795135498047,0.004264116287231445
initial,3,block1.W1,5,16,2.5710511207580566,2.571279764175415,0.00022864341735839844
initial,3,block1.W1,6,16,2.6456737518310547,2.6365644931793213,0.009109258651733398
initial,3,block1.W1,7,16,2.762589931488037,2.757220506668091,0.005369424819946289
initial,3,block1.W1,8,16,2.869572877883911,2.8611552715301514,0.008417606353759766
initial,3,block1.W1,9,16,2.715557813644409,2.7139387130737305,0.001619100570678711
initial,3,block1.W1,10,16,2.703716516494751,2.717302083969116,0.013585567474365234
initial,3,block1.W1,11,16,2.8259334564208984,2.8309426307678223,0.005009174346923828
initial,3,block1.W1,12,16,2.760979413986206,2.757594585418701,0.003384828567504883
initial,3,block1.W1,13,16,2.725428819656372,2.7266504764556885,0.0012216567993164062
initial,3,block1.W1,14,16,2.554360866546631,2.5549378395080566,0.0005769729614257812
initial,3,block1.W1,15,16,2.6398770809173584,2.6417319774627686,0.0018548965454101562
initial,3,block1.W1,16,16,2.670578718185425,2.6604323387145996,0.010146379470825195
initial,3,block1.W1,17,16,2.7421135902404785,2.7437591552734375,0.0016455650329589844
initial,3,block1.W1,18,16,2.6963882446289062,2.6765666007995605,0.019821643829345703
initial,3,block1.W1,19,16,2.739283561706543,2.742051124572754,0.0027675628662109375
initial,3,block1.W1,20,16,2.718492269515991,2.73275089263916,0.014258623123168945
initial,3,block1.W1,21,16,2.6515753269195557,2.6447594165802,0.006815910339355469
initial,3,block1.W1,22,16,2.7807419300079346,2.777925491333008,0.002816438674926758
initial,3,block1.W1,23,16,2.6367130279541016,2.6509344577789307,0.014221429824829102
initial,3,block1.W1,24,16,2.715085506439209,2.713716506958008,0.0013689994812011719
initial,3,block1.W1,25,16,2.734450340270996,2.729158401489258,0.005291938781738281
initial,3,block1.W1,26,16,2.8410890102386475,2.8453471660614014,0.004258155822753906
initial,3,block1.W1,27,16,2.69282865524292,2.687539577484131,0.0052890777587890625
initial,3,block1.W1,28,16,2.7572457790374756,2.7479758262634277,0.009269952774047852
initial,3,block1.W1,29,16,2.777524709701538,2.7848665714263916,0.007341861724853516
initial,3,block1.W1,30,16,2.7606618404388428,2.7774972915649414,0.016835451126098633
initial,3,block1.W1,31,16,2.7256691455841064,2.7187230587005615,0.006946086883544922
initial,3,block1.W1,32,16,2.783099889755249,2.759599208831787,0.023500680923461914
initial,3,block1.W1,33,16,2.6822471618652344,2.6533706188201904,0.028876543045043945
initial,3,block1.W1,34,16,2.6634366512298584,2.6647183895111084,0.00128173828125
initial,3,block1.W1,35,16,2.7225236892700195,2.7084908485412598,0.014032840728759766
initial,3,block1.W1,36,16,2.6363039016723633,2.635047674179077,0.0012562274932861328
initial,3,block1.W1,37,16,2.855523109436035,2.8532445430755615,0.002278566360473633
initial,3,block1.W1,38,16,2.660883665084839,2.6642472743988037,0.0033636093139648438
initial,3,block1.W1,39,16,2.7138450145721436,2.7000818252563477,0.013763189315795898
initial,3,block1.W1,40,16,2.568124294281006,2.579698085784912,0.01157379150390625
initial,3,block1.W1,41,16,2.672823667526245,2.674880027770996,0.0020563602447509766
initial,3,block1.W1,42,16,2.799988269805908,2.7905030250549316,0.009485244750976562
initial,3,block1.W1,43,16,2.8251311779022217,2.8172764778137207,0.007854700088500977
initial,3,block1.W1,44,16,2.7277097702026367,2.72567081451416,0.0020389556884765625
initial,3,block1.W1,45,16,2.674372434616089,2.6677331924438477,0.006639242172241211
initial,3,block1.W1,46,16,2.695613384246826,2.6963295936584473,0.0007162094116210938
initial,3,block1.W1,47,16,2.6189332008361816,2.621563673019409,0.002630472183227539
initial,3,block1.W1,48,16,2.7401328086853027,2.737597703933716,0.002535104751586914
initial,3,block1.W1,49,16,2.6166961193084717,2.6246252059936523,0.007929086685180664
initial,3,block1.W1,50,16,2.7134578227996826,2.721890926361084,0.008433103561401367
initial,3,block1.W1,51,16,2.7666192054748535,2.7525734901428223,0.01404571533203125
initial,3,block1.W1,52,16,2.793625831604004,2.7966580390930176,0.003032207489013672
initial,3,block1.W1,53,16,2.784806966781616,2.7860195636749268,0.0012125968933105469
initial,3,block1.W1,54,16,2.728269100189209,2.721003770828247,0.007265329360961914
initial,3,block1.W1,55,16,2.6942622661590576,2.7099742889404297,0.01571202278137207
initial,3,block1.W1,56,16,2.751286268234253,2.739952325820923,0.011333942413330078
initial,3,block1.W1,57,16,2.729506492614746,2.7285120487213135,0.0009944438934326172
initial,3,block1.W1,58,16,2.788087844848633,2.790306568145752,0.0022187232971191406
initial,3,block1.W1,59,16,2.58367657661438,2.571031332015991,0.012645244598388672
initial,3,block1.W1,60,16,2.693371057510376,2.720567226409912,0.027196168899536133
initial,3,block1.W1,61,16,2.675445318222046,2.675712823867798,0.0002675056457519531
initial,3,block1.W1,62,16,2.7415084838867188,2.7525522708892822,0.011043787002563477
initial,3,block1.W1,63,16,2.82535457611084,2.8195242881774902,0.005830287933349609
initial,4,block1.W2,0,16,2.5915088653564453,2.5923962593078613,0.0008873939514160156
initial,4,block1.W2,1,16,2.6398215293884277,2.654428005218506,0.014606475830078125
initial,4,block1.W2,2,16,2.7488129138946533,2.745591163635254,0.003221750259399414
initial,4,block1.W2,3,16,2.6832313537597656,2.6891958713531494,0.005964517593383789
initial,4,block1.W2,4,16,2.7484304904937744,2.764558792114258,0.0161283016204834
initial,4,block1.W2,5,16,2.683234453201294,2.688695192337036,0.0054607391357421875
initial,4,block1.W2,6,16,2.6393649578094482,2.6578989028930664,0.018533945083618164
initial,4,block1.W2,7,16,2.7885539531707764,2.7816550731658936,0.0068988800048828125
initial,4,block1.W2,8,16,2.695826292037964,2.6980199813842773,0.0021936893463134766
initial,4,block1.W2,9,16,2.7579705715179443,2.7608067989349365,0.0028362274169921875
initial,4,block1.W2,10,16,2.67627215385437,2.6794116497039795,0.003139495849609375
initial,4,block1.W2,11,16,2.613076686859131,2.6138908863067627,0.0008141994476318359
initial,4,block1.W2,12,16,2.7124037742614746,2.720885992050171,0.008482217788696289
initial,4,block1.W2,13,16,2.6798529624938965,2.687121868133545,0.0072689056396484375
initial,4,block1.W2,14,16,2.833845615386963,2.8328959941864014,0.0009496212005615234
initial,4,block1.W2,15,16,2.763132333755493,2.7656896114349365,0.0025572776794433594
initial,4,block1.W2,16,16,2.6663167476654053,2.6705269813537598,0.004210233688354492
initial,4,block1.W2,17,16,2.754279136657715,2.7548539638519287,0.0005748271942138672
initial,4,block1.W2,18,16,2.61850643157959,2.6105172634124756,0.007989168167114258
initial,4,block1.W2,19,16,2.7223165035247803,2.7185256481170654,0.0037908554077148438
initial,4,block1.W2,20,16,2.773674488067627,2.761654853820801,0.012019634246826172
initial,4,block1.W2,21,16,2.736320972442627,2.734074115753174,0.002246856689453125
initial,4,block1.W2,22,16,2.813343048095703,2.828528642654419,0.01518559455871582
initial,4,block1.W2,23,16,2.642958402633667,2.643794536590576,0.0008361339569091797
initial,4,block1.W2,24,16,2.7126519680023193,2.710130453109741,0.002521514892578125
initial,4,block1.W2,25,16,2.710817575454712,2.7139530181884766,0.0031354427337646484
initial,4,block1.W2,26,16,2.7356534004211426,2.7363383769989014,0.0006849765777587891
initial,4,block1.W2,27,16,2.599341869354248,2.5903680324554443,0.008973836898803711
initial,4,block1.W2,28,16,2.6834218502044678,2.6939713954925537,0.010549545288085938
initial,4,block1.W2,29,16,2.6904101371765137,2.7103073596954346,0.0198972225189209
initial,4,block1.W2,30,16,2.69264554977417,2.68464994430542,0.00799560546875
initial,4,block1.W2,31,16,2.829113006591797,2.826169967651367,0.0029430389404296875
initial,4,block1.W2,32,16,2.5771255493164062,2.5737226009368896,0.0034029483795166016
initial,4,block1.W2,33,16,2.7152342796325684,2.6979305744171143,0.0173037052154541
initial,4,block1.W2,34,16,2.7651829719543457,2.7531652450561523,0.01201772689819336
initial,4,block1.W2,35,16,2.7409965991973877,2.741422653198242,0.0004260540008544922
initial,4,block1.W2,36,16,2.7014248371124268,2.6900925636291504,0.011332273483276367
initial,4,block1.W2,37,16,2.758986711502075,2.7655892372131348,0.00660252571105957
initial,4,block1.W2,38,16,2.7092783451080322,2.714362382888794,0.005084037780761719
initial,4,block1.W2,39,16,2.6088829040527344,2.610292434692383,0.0014095306396484375
initial,4,block1.W2,40,16,2.746006488800049,2.7488558292388916,0.0028493404388427734
initial,4,block1.W2,41,16,2.683820962905884,2.686328172683716,0.0025072097778320312
initial,4,block1.W2,42,16,2.6909754276275635,2.685699701309204,0.005275726318359375
initial,4,block1.W2,43,16,2.7609379291534424,2.749629020690918,0.011308908462524414
initial,4,block1.W2,44,16,2.6829833984375,2.686694860458374,0.0037114620208740234
initial,4,block1.W2,45,16,2.756321430206299,2.7433717250823975,0.012949705123901367
initial,4,block1.W2,46,16,2.755281925201416,2.742551803588867,0.012730121612548828
initial,4,block1.W2,47,16,2.8003745079040527,2.809987783432007,0.009613275527954102
initial,4,block1.W2,48,16,2.6988677978515625,2.6999313831329346,0.0010635852813720703
initial,4,block1.W2,49,16,2.7733681201934814,2.7647547721862793,0.008613348007202148
initial,4,block1.W2,50,16,2.7745413780212402,2.7648017406463623,0.00973963737487793
initial,4,block1.W2,51,16,2.6259500980377197,2.617342710494995,0.00860738754272461
initial,4,block1.W2,52,16,2.7139365673065186,2.728731393814087,0.01479482650756836
initial,4,block1.W2,53,16,2.774590492248535,2.7683522701263428,0.006238222122192383
initial,4,block1.W2,54,16,2.711423397064209,2.72088885307312,0.009465456008911133
initial,4,block1.W2,55,16,2.8130784034729004,2.8189504146575928,0.005872011184692383
initial,4,block1.W2,56,16,2.6405158042907715,2.6414315700531006,0.0009157657623291016
initial,4,block1.W2,57,16,2.7005200386047363,2.7135891914367676,0.01306915283203125
initial,4,block1.W2,58,16,2.676725149154663,2.6793930530548096,0.0026679039001464844
initial,4,block1.W2,59,16,2.815757989883423,2.823004961013794,0.007246971130371094
initial,4,block1.W2,60,16,2.7237398624420166,2.7261741161346436,0.002434253692626953
initial,4,block1.W2,61,16,2.7367475032806396,2.719745635986328,0.017001867294311523
initial,4,block1.W2,62,16,2.686797857284546,2.6822729110717773,0.004524946212768555
initial,4,block1.W2,63,16,2.6320059299468994,2.6325857639312744,0.000579833984375
initial,5,block2.W1,0,16,2.766479969024658,2.7726752758026123,0.0061953067779541016
initial,5,block2.W1,1,16,2.7455263137817383,2.7319698333740234,0.013556480407714844
initial,5,block2.W1,2,16,2.6941099166870117,2.693002939224243,0.0011069774627685547
initial,5,block2.W1,3,16,2.646932601928711,2.6451425552368164,0.0017900466918945312
initial,5,block2.W1,4,16,2.634671688079834,2.6302762031555176,0.004395484924316406
initial,5,block2.W1,5,16,2.771662950515747,2.776604175567627,0.004941225051879883
initial,5,block2.W1,6,16,2.781524181365967,2.7757248878479004,0.005799293518066406
initial,5,block2.W1,7,16,2.82230806350708,2.8273987770080566,0.0050907135009765625
initial,5,block2.W1,8,16,2.740647077560425,2.73353910446167,0.007107973098754883
initial,5,block2.W1,9,16,2.77138352394104,2.7762444019317627,0.004860877990722656
initial,5,block2.W1,10,16,2.7912116050720215,2.795048236846924,0.0038366317749023438
initial,5,block2.W1,11,16,2.655745506286621,2.6434831619262695,0.012262344360351562
initial,5,block2.W1,12,16,2.848587989807129,2.8429501056671143,0.0056378841400146484
initial,5,block2.W1,13,16,2.6019551753997803,2.5937788486480713,0.008176326751708984
initial,5,block2.W1,14,16,2.6700284481048584,2.674609899520874,0.004581451416015625
initial,5,block2.W1,15,16,2.7655832767486572,2.7484493255615234,0.01713395118713379
initial,5,block2.W1,16,16,2.6591694355010986,2.6507670879364014,0.008402347564697266
initial,5,block2.W1,17,16,2.693303108215332,2.6956613063812256,0.0023581981658935547
initial,5,block2.W1,18,16,2.7362008094787598,2.7416598796844482,0.0054590702056884766
initial,5,block2.W1,19,16,2.7612054347991943,2.7685301303863525,0.007324695587158203
initial,5,block2.W1,20,16,2.7341861724853516,2.7302327156066895,0.003953456878662109
initial,5,block2.W1,21,16,2.6158242225646973,2.6121816635131836,0.003642559051513672
initial,5,block2.W1,22,16,2.6383750438690186,2.6340408325195312,0.004334211349487305
initial,5,block2.W1,23,16,2.685650587081909,2.680635452270508,0.005015134811401367
initial,5,block2.W1,24,16,2.7382664680480957,2.7374298572540283,0.0008366107940673828
initial,5,block2.W1,25,16,2.723707437515259,2.720073699951172,0.003633737564086914
initial,5,block2.W1,26,16,2.7903947830200195,2.7886595726013184,0.0017352104187011719
initial,5,block2.W1,27,16,2.7021660804748535,2.6905131340026855,0.011652946472167969
initial,5,block2.W1,28,16,2.7111055850982666,2.706406593322754,0.004698991775512695
initial,5,block2.W1,29,16,2.673128366470337,2.6721649169921875,0.0009634494781494141
initial,5,block2.W1,30,16,2.68367600440979,2.688662052154541,0.0049860477447509766
initial,5,block2.W1,31,16,2.6032705307006836,2.606152057647705,0.0028815269470214844
initial,5,block2.W1,32,16,2.6292691230773926,2.6345396041870117,0.005270481109619141
initial,5,block2.W1,33,16,2.6862783432006836,2.682988166809082,0.0032901763916015625
initial,5,block2.W1,34,16,2.794480323791504,2.780907154083252,0.013573169708251953
initial,5,block2.W1,35,16,2.691133499145508,2.684325695037842,0.006807804107666016
initial,5,block2.W1,36,16,2.7802462577819824,2.7712550163269043,0.008991241455078125
initial,5,block2.W1,37,16,2.803086042404175,2.8057026863098145,0.0026166439056396484
initial,5,block2.W1,38,16,2.680190324783325,2.6778573989868164,0.002332925796508789
initial,5,block2.W1,39,16,2.7150166034698486,2.7070603370666504,0.007956266403198242
initial,5,block2.W1,40,16,2.686127185821533,2.686300277709961,0.00017309188842773438
initial,5,block2.W1,41,16,2.7025375366210938,2.708265542984009,0.005728006362915039
initial,5,block2.W1,42,16,2.639940023422241,2.6319491863250732,0.007990837097167969
initial,5,block2.W1,43,16,2.6068692207336426,2.611686944961548,0.0048177242279052734
initial,5,block2.W1,44,16,2.663602352142334,2.6742262840270996,0.010623931884765625
initial,5,block2.W1,45,16,2.7530479431152344,2.7487924098968506,0.004255533218383789
initial,5,block2.W1,46,16,2.7265827655792236,2.7367148399353027,0.010132074356079102
initial,5,block2.W1,47,16,2.7561986446380615,2.7646450996398926,0.008446455001831055
initial,5,block2.W1,48,16,2.795682907104492,2.8058369159698486,0.010154008865356445
initial,5,block2.W1,49,16,2.763819694519043,2.7517850399017334,0.01203465461730957
initial,5,block2.W1,50,16,2.749159336090088,2.7450594902038574,0.004099845886230469
initial,5,block2.W1,51,16,2.661363124847412,2.6612563133239746,0.0001068115234375
initial,5,block2.W1,52,16,2.610471725463867,2.605999231338501,0.004472494125366211
initial,5,block2.W1,53,16,2.7503557205200195,2.7512803077697754,0.0009245872497558594
initial,5,block2.W1,54,16,2.678231716156006,2.6599068641662598,0.018324851989746094
initial,5,block2.W1,55,16,2.747067928314209,2.755695343017578,0.00862741470336914
initial,5,block2.W1,56,16,2.8186163902282715,2.823361396789551,0.004745006561279297
initial,5,block2.W1,57,16,2.737814426422119,2.731715440750122,0.00609898567199707
initial,5,block2.W1,58,16,2.780866861343384,2.793520927429199,0.01265406608581543
initial,5,block2.W1,59,16,2.6798431873321533,2.680634021759033,0.0007908344268798828
initial,5,block2.W1,60,16,2.6932945251464844,2.698592185974121,0.005297660827636719
initial,5,block2.W1,61,16,2.6884968280792236,2.6843531131744385,0.004143714904785156
initial,5,block2.W1,62,16,2.7056009769439697,2.7075510025024414,0.0019500255584716797
initial,5,block2.W1,63,16,2.864474296569824,2.8639755249023438,0.0004987716674804688
initial,6,block2.W2,0,16,2.796119451522827,2.7975878715515137,0.0014684200286865234
initial,6,block2.W2,1,16,2.758864641189575,2.7560598850250244,0.0028047561645507812
initial,6,block2.W2,2,16,2.6679859161376953,2.675232410430908,0.007246494293212891
initial,6,block2.W2,3,16,2.6609930992126465,2.6740381717681885,0.013045072555541992
initial,6,block2.W2,4,16,2.761141300201416,2.7587194442749023,0.002421855926513672
initial,6,block2.W2,5,16,2.6466760635375977,2.6452386379241943,0.0014374256134033203
initial,6,block2.W2,6,16,2.750277280807495,2.7475955486297607,0.002681732177734375
initial,6,block2.W2,7,16,2.7293810844421387,2.7250428199768066,0.004338264465332031
initial,6,block2.W2,8,16,2.9694199562072754,2.9687442779541016,0.0006756782531738281
initial,6,block2.W2,9,16,2.8956496715545654,2.8880276679992676,0.0076220035552978516
initial,6,block2.W2,10,16,2.6917991638183594,2.6941967010498047,0.0023975372314453125
initial,6,block2.W2,11,16,2.8169405460357666,2.813645362854004,0.0032951831817626953
initial,6,block2.W2,12,16,2.603062629699707,2.6146910190582275,0.011628389358520508
initial,6,block2.W2,13,16,2.634833574295044,2.635321617126465,0.00048804283142089844
initial,6,block2.W2,14,16,2.6784214973449707,2.6757776737213135,0.0026438236236572266
initial,6,block2.W2,15,16,2.7065842151641846,2.713628053665161,0.0070438385009765625
initial,6,block2.W2,16,16,2.5644431114196777,2.563394546508789,0.0010485649108886719
initial,6,block2.W2,17,16,2.6908493041992188,2.7002410888671875,0.00939178466796875
initial,6,block2.W2,18,16,2.6719353199005127,2.667745590209961,0.004189729690551758
initial,6,block2.W2,19,16,2.7786083221435547,2.7739017009735107,0.004706621170043945
initial,6,block2.W2,20,16,2.743318796157837,2.747990608215332,0.004671812057495117
initial,6,block2.W2,21,16,2.7587976455688477,2.7442243099212646,0.014573335647583008
initial,6,block2.W2,22,16,2.66115665435791,2.6612846851348877,0.00012803077697753906
initial,6,block2.W2,23,16,2.6944308280944824,2.693124294281006,0.0013065338134765625
initial,6,block2.W2,24,16,2.75649356842041,2.745267868041992,0.011225700378417969
initial,6,block2.W2,25,16,2.7489101886749268,2.756610631942749,0.007700443267822266
initial,6,block2.W2,26,16,2.7400333881378174,2.748711347579956,0.008677959442138672
initial,6,block2.W2,27,16,2.782966375350952,2.8024206161499023,0.019454240798950195
initial,6,block2.W2,28,16,2.6962544918060303,2.694106101989746,0.0021483898162841797
initial,6,block2.W2,29,16,2.8603219985961914,2.864337682723999,0.004015684127807617
initial,6,block2.W2,30,16,2.6809356212615967,2.682924747467041,0.001989126205444336
initial,6,block2.W2,31,16,2.7392497062683105,2.734287738800049,0.004961967468261719
initial,6,block2.W2,32,16,2.8120670318603516,2.814171075820923,0.002104043960571289
initial,6,block2.W2,33,16,2.6690473556518555,2.6631810665130615,0.005866289138793945
initial,6,block2.W2,34,16,2.6138229370117188,2.618894338607788,0.005071401596069336
initial,6,block2.W2,35,16,2.7165937423706055,2.7021968364715576,0.014396905899047852
initial,6,block2.W2,36,16,2.75437331199646,2.761678695678711,0.0073053836822509766
initial,6,block2.W2,37,16,2.630589008331299,2.6266322135925293,0.003956794738769531
initial,6,block2.W2,38,16,2.561492681503296,2.566912889480591,0.005420207977294922
initial,6,block2.W2,39,16,2.6745965480804443,2.691938638687134,0.017342090606689453
initial,6,block2.W2,40,16,2.759192705154419,2.748328447341919,0.0108642578125
initial,6,block2.W2,41,16,2.8227243423461914,2.812087059020996,0.010637283325195312
initial,6,block2.W2,42,16,2.5359809398651123,2.5415399074554443,0.005558967590332031
initial,6,block2.W2,43,16,2.6631712913513184,2.671872615814209,0.008701324462890625
initial,6,block2.W2,44,16,2.8701982498168945,2.8835880756378174,0.013389825820922852
initial,6,block2.W2,45,16,2.80147647857666,2.821291446685791,0.01981496810913086
initial,6,block2.W2,46,16,2.746811866760254,2.740852117538452,0.005959749221801758
initial,6,block2.W2,47,16,2.767177104949951,2.7573273181915283,0.009849786758422852
initial,6,block2.W2,48,16,2.827014684677124,2.8084604740142822,0.018554210662841797
initial,6,block2.W2,49,16,2.770930528640747,2.7641489505767822,0.006781578063964844
initial,6,block2.W2,50,16,2.7187955379486084,2.7111217975616455,0.007673740386962891
initial,6,block2.W2,51,16,2.7100961208343506,2.7198293209075928,0.009733200073242188
initial,6,block2.W2,52,16,2.546670913696289,2.5401387214660645,0.006532192230224609
initial,6,block2.W2,53,16,2.786095142364502,2.8045709133148193,0.018475770950317383
initial,6,block2.W2,54,16,2.8959474563598633,2.8923990726470947,0.0035483837127685547
initial,6,block2.W2,55,16,2.7161922454833984,2.71716046333313,0.0009682178497314453
initial,6,block2.W2,56,16,2.8097219467163086,2.8151235580444336,0.005401611328125
initial,6,block2.W2,57,16,2.6928162574768066,2.684833526611328,0.007982730865478516
initial,6,block2.W2,58,16,2.7822532653808594,2.769698143005371,0.012555122375488281
initial,6,block2.W2,59,16,2.827157497406006,2.8145744800567627,0.012583017349243164
initial,6,block2.W2,60,16,2.7803308963775635,2.783750534057617,0.003419637680053711
initial,6,block2.W2,61,16,2.729681968688965,2.722047805786133,0.007634162902832031
initial,6,block2.W2,62,16,2.6888904571533203,2.6877799034118652,0.0011105537414550781
initial,6,block2.W2,63,16,2.691823720932007,2.6943235397338867,0.002499818801879883
initial,7,block3.W1,0,16,2.7649528980255127,2.7580490112304688,0.006903886795043945
initial,7,block3.W1,1,16,2.766984224319458,2.7699358463287354,0.0029516220092773438
initial,7,block3.W1,2,16,2.6661388874053955,2.6658244132995605,0.00031447410583496094
initial,7,block3.W1,3,16,2.7733681201934814,2.7784583568573,0.005090236663818359
initial,7,block3.W1,4,16,2.683140754699707,2.690350294113159,0.0072095394134521484
initial,7,block3.W1,5,16,2.743211507797241,2.7419798374176025,0.0012316703796386719
initial,7,block3.W1,6,16,2.8443610668182373,2.838024139404297,0.00633692741394043
initial,7,block3.W1,7,16,2.8081791400909424,2.8026974201202393,0.005481719970703125
initial,7,block3.W1,8,16,2.6581857204437256,2.6646485328674316,0.006462812423706055
initial,7,block3.W1,9,16,2.661494255065918,2.659651756286621,0.001842498779296875
initial,7,block3.W1,10,16,2.629274606704712,2.630488157272339,0.0012135505676269531
initial,7,block3.W1,11,16,2.710127592086792,2.699613094329834,0.010514497756958008
initial,7,block3.W1,12,16,2.6810717582702637,2.683276891708374,0.0022051334381103516
initial,7,block3.W1,13,16,2.8054466247558594,2.8056108951568604,0.00016427040100097656
initial,7,block3.W1,14,16,2.5844547748565674,2.584071397781372,0.0003833770751953125
initial,7,block3.W1,15,16,2.6236727237701416,2.6220717430114746,0.0016009807586669922
initial,7,block3.W1,16,16,2.6072421073913574,2.608506679534912,0.0012645721435546875
initial,7,block3.W1,17,16,2.690880060195923,2.672269105911255,0.01861095428466797
initial,7,block3.W1,18,16,2.7060225009918213,2.714078426361084,0.008055925369262695
initial,7,block3.W1,19,16,2.566957950592041,2.5809903144836426,0.014032363891601562
initial,7,block3.W1,20,16,2.645463705062866,2.6451451778411865,0.0003185272216796875
initial,7,block3.W1,21,16,2.846914291381836,2.8515734672546387,0.004659175872802734
initial,7,block3.W1,22,16,2.6221327781677246,2.62353777885437,0.0014050006866455078
initial,7,block3.W1,23,16,2.7215676307678223,2.716078758239746,0.005488872528076172
initial,7,block3.W1,24,16,2.600287437438965,2.601773977279663,0.0014865398406982422
initial,7,block3.W1,25,16,2.7689404487609863,2.7587461471557617,0.01019430160522461
initial,7,block3.W1,26,16,2.8085904121398926,2.8217523097991943,0.013161897659301758
initial,7,block3.W1,27,16,2.6952149868011475,2.694143056869507,0.001071929931640625
initial,7,block3.W1,28,16,2.6379270553588867,2.647094964981079,0.009167909622192383
initial,7,block3.W1,29,16,2.723226547241211,2.7233664989471436,0.0001399517059326172
initial,7,block3.W1,30,16,2.6274361610412598,2.6343841552734375,0.006947994232177734
initial,7,block3.W1,31,16,2.6336655616760254,2.643531560897827,0.009865999221801758
initial,7,block3.W1,32,16,2.805332899093628,2.798945188522339,0.0063877105712890625
initial,7,block3.W1,33,16,2.759039878845215,2.769090414047241,0.010050535202026367
initial,7,block3.W1,34,16,2.6780426502227783,2.6845226287841797,0.006479978561401367
initial,7,block3.W1,35,16,2.7593576908111572,2.7475082874298096,0.011849403381347656
initial,7,block3.W1,36,16,2.682032823562622,2.6835837364196777,0.001550912857055664
initial,7,block3.W1,37,16,2.7159512042999268,2.7154452800750732,0.0005059242248535156
initial,7,block3.W1,38,16,2.752375364303589,2.7558674812316895,0.003492116928100586
initial,7,block3.W1,39,16,2.7433059215545654,2.7490382194519043,0.005732297897338867
initial,7,block3.W1,40,16,2.7047159671783447,2.7035937309265137,0.0011222362518310547
initial,7,block3.W1,41,16,2.7008626461029053,2.6993603706359863,0.0015022754669189453
initial,7,block3.W1,42,16,2.7700605392456055,2.7690303325653076,0.0010302066802978516
initial,7,block3.W1,43,16,2.6507387161254883,2.64632511138916,0.004413604736328125
initial,7,block3.W1,44,16,2.7034201622009277,2.6947104930877686,0.00870966911315918
initial,7,block3.W1,45,16,2.704651117324829,2.7108731269836426,0.0062220096588134766
initial,7,block3.W1,46,16,2.6860554218292236,2.6942830085754395,0.00822758674621582
initial,7,block3.W1,47,16,2.6638998985290527,2.6620640754699707,0.0018358230590820312
initial,7,block3.W1,48,16,2.6975021362304688,2.6976723670959473,0.00017023086547851562
initial,7,block3.W1,49,16,2.7040822505950928,2.6993823051452637,0.0046999454498291016
initial,7,block3.W1,50,16,2.606550693511963,2.606019973754883,0.0005307197570800781
initial,7,block3.W1,51,16,2.731333017349243,2.7286770343780518,0.0026559829711914062
initial,7,block3.W1,52,16,2.6556687355041504,2.6573705673217773,0.0017018318176269531
initial,7,block3.W1,53,16,2.7391562461853027,2.7325451374053955,0.0066111087799072266
initial,7,block3.W1,54,16,2.7594549655914307,2.751744508743286,0.007710456848144531
initial,7,block3.W1,55,16,2.5714938640594482,2.585940361022949,0.014446496963500977
initial,7,block3.W1,56,16,2.7968602180480957,2.79849910736084,0.0016388893127441406
initial,7,block3.W1,57,16,2.767104387283325,2.768709897994995,0.0016055107116699219
initial,7,block3.W1,58,16,2.6834425926208496,2.6746580600738525,0.00878453254699707
initial,7,block3.W1,59,16,2.754826545715332,2.7456209659576416,0.00920557975769043
initial,7,block3.W1,60,16,2.8001303672790527,2.7985355854034424,0.0015947818756103516
initial,7,block3.W1,61,16,2.7501754760742188,2.758500576019287,0.00832509994506836
initial,7,block3.W1,62,16,2.7240023612976074,2.722060441970825,0.0019419193267822266
initial,7,block3.W1,63,16,2.650808095932007,2.65828013420105,0.007472038269042969
initial,8,block3.W2,0,16,2.581515312194824,2.589238166809082,0.0077228546142578125
initial,8,block3.W2,1,16,2.6736857891082764,2.6766815185546875,0.002995729446411133
initial,8,block3.W2,2,16,2.6764707565307617,2.6950087547302246,0.01853799819946289
initial,8,block3.W2,3,16,2.7263259887695312,2.727886438369751,0.0015604496002197266
initial,8,block3.W2,4,16,2.8018059730529785,2.8154661655426025,0.013660192489624023
initial,8,block3.W2,5,16,2.723092555999756,2.7155041694641113,0.007588386535644531
initial,8,block3.W2,6,16,2.7254509925842285,2.7280211448669434,0.0025701522827148438
initial,8,block3.W2,7,16,2.7557811737060547,2.7451436519622803,0.010637521743774414
initial,8,block3.W2,8,16,2.8301029205322266,2.8319857120513916,0.001882791519165039
initial,8,block3.W2,9,16,2.8023877143859863,2.7928366661071777,0.009551048278808594
initial,8,block3.W2,10,16,2.8046975135803223,2.8131136894226074,0.008416175842285156
initial,8,block3.W2,11,16,2.6925418376922607,2.69207501411438,0.0004668235778808594
initial,8,block3.W2,12,16,2.731844425201416,2.7246179580688477,0.007226467132568359
initial,8,block3.W2,13,16,2.744300365447998,2.74229097366333,0.0020093917846679688
initial,8,block3.W2,14,16,2.726834535598755,2.7316548824310303,0.004820346832275391
initial,8,block3.W2,15,16,2.7966856956481934,2.792757987976074,0.003927707672119141
initial,8,block3.W2,16,16,2.7199084758758545,2.7170042991638184,0.002904176712036133
initial,8,block3.W2,17,16,2.6852149963378906,2.6864399909973145,0.0012249946594238281
initial,8,block3.W2,18,16,2.7858452796936035,2.7947208881378174,0.008875608444213867
initial,8,block3.W2,19,16,2.6623451709747314,2.6642134189605713,0.0018682479858398438
initial,8,block3.W2,20,16,2.613767623901367,2.602897882461548,0.010869741439819336
initial,8,block3.W2,21,16,2.7704074382781982,2.7648162841796875,0.005591154098510742
initial,8,block3.W2,22,16,2.7793936729431152,2.77890944480896,0.00048422813415527344
initial,8,block3.W2,23,16,2.8492417335510254,2.8398845195770264,0.009357213973999023
initial,8,block3.W2,24,16,2.734753370285034,2.731294631958008,0.003458738327026367
initial,8,block3.W2,25,16,2.6494579315185547,2.648230791091919,0.0012271404266357422
initial,8,block3.W2,26,16,2.849060535430908,2.8446977138519287,0.004362821578979492
initial,8,block3.W2,27,16,2.7249815464019775,2.725757122039795,0.0007755756378173828
initial,8,block3.W2,28,16,2.6572346687316895,2.652787923812866,0.004446744918823242
initial,8,block3.W2,29,16,2.769817590713501,2.770294666290283,0.00047707557678222656
initial,8,block3.W2,30,16,2.8354244232177734,2.826306104660034,0.009118318557739258
initial,8,block3.W2,31,16,2.7071197032928467,2.7098026275634766,0.002682924270629883
initial,8,block3.W2,32,16,2.701781749725342,2.6942386627197266,0.007543087005615234
initial,8,block3.W2,33,16,2.713158369064331,2.7268519401550293,0.013693571090698242
initial,8,block3.W2,34,16,2.7548954486846924,2.763658285140991,0.008762836456298828
initial,8,block3.W2,35,16,2.8015635013580322,2.801999092102051,0.0004355907440185547
initial,8,block3.W2,36,16,2.6794817447662354,2.6807000637054443,0.0012183189392089844
initial,8,block3.W2,37,16,2.669752597808838,2.6598548889160156,0.009897708892822266
initial,8,block3.W2,38,16,2.7878880500793457,2.780658483505249,0.00722956657409668
initial,8,block3.W2,39,16,2.7040185928344727,2.710275411605835,0.006256818771362305
initial,8,block3.W2,40,16,2.811079502105713,2.8120458126068115,0.0009663105010986328
initial,8,block3.W2,41,16,2.8357694149017334,2.8398969173431396,0.00412750244140625
initial,8,block3.W2,42,16,2.7312510013580322,2.7362687587738037,0.005017757415771484
initial,8,block3.W2,43,16,2.6076390743255615,2.600524425506592,0.0071146488189697266
initial,8,block3.W2,44,16,2.6614625453948975,2.6615395545959473,7.700920104980469e-05
initial,8,block3.W2,45,16,2.63740611076355,2.6281630992889404,0.009243011474609375
initial,8,block3.W2,46,16,2.6889312267303467,2.6903750896453857,0.0014438629150390625
initial,8,block3.W2,47,16,2.7251055240631104,2.726917028427124,0.0018115043640136719
initial,8,block3.W2,48,16,2.7763760089874268,2.7761805057525635,0.00019550323486328125
initial,8,block3.W2,49,16,2.6848628520965576,2.6856884956359863,0.0008256435394287109
initial,8,block3.W2,50,16,2.7219014167785645,2.7266149520874023,0.004713535308837891
initial,8,block3.W2,51,16,2.732938051223755,2.7322351932525635,0.0007028579711914062
initial,8,block3.W2,52,16,2.77333402633667,2.771824359893799,0.0015096664428710938
initial,8,block3.W2,53,16,2.7861244678497314,2.791640520095825,0.00551605224609375
initial,8,block3.W2,54,16,2.7829902172088623,2.7897915840148926,0.0068013668060302734
initial,8,block3.W2,55,16,2.6961255073547363,2.707062005996704,0.010936498641967773
initial,8,block3.W2,56,16,2.7833786010742188,2.780747413635254,0.0026311874389648438
initial,8,block3.W2,57,16,2.729809522628784,2.7350027561187744,0.005193233489990234
initial,8,block3.W2,58,16,2.7372004985809326,2.7405526638031006,0.0033521652221679688
initial,8,block3.W2,59,16,2.7871251106262207,2.7770140171051025,0.010111093521118164
initial,8,block3.W2,60,16,2.576958179473877,2.579028367996216,0.002070188522338867
initial,8,block3.W2,61,16,2.6947245597839355,2.6997809410095215,0.0050563812255859375
initial,8,block3.W2,62,16,2.6158013343811035,2.614459276199341,0.0013420581817626953
initial,8,block3.W2,63,16,2.646027088165283,2.6443042755126953,0.0017228126525878906
initial,9,block4.W1,0,16,2.7829160690307617,2.792012929916382,0.009096860885620117
initial,9,block4.W1,1,16,2.7757632732391357,2.7681422233581543,0.007621049880981445
initial,9,block4.W1,2,16,2.577092170715332,2.5806725025177,0.003580331802368164
initial,9,block4.W1,3,16,2.741119146347046,2.739001989364624,0.002117156982421875
initial,9,block4.W1,4,16,2.7623960971832275,2.764350175857544,0.0019540786743164062
initial,9,block4.W1,5,16,2.6817989349365234,2.689939498901367,0.00814056396484375
initial,9,block4.W1,6,16,2.8103723526000977,2.8184823989868164,0.00811004638671875
initial,9,block4.W1,7,16,2.6915321350097656,2.701230049133301,0.009697914123535156
initial,9,block4.W1,8,16,2.7777774333953857,2.7848665714263916,0.007089138031005859
initial,9,block4.W1,9,16,2.8174476623535156,2.8107831478118896,0.0066645145416259766
initial,9,block4.W1,10,16,2.792922258377075,2.7864418029785156,0.00648045539855957
initial,9,block4.W1,11,16,2.5601966381073,2.5648996829986572,0.004703044891357422
initial,9,block4.W1,12,16,2.7916581630706787,2.787372589111328,0.004285573959350586
initial,9,block4.W1,13,16,2.6175105571746826,2.624767541885376,0.007256984710693359
initial,9,block4.W1,14,16,2.7156121730804443,2.718010663986206,0.0023984909057617188
initial,9,block4.W1,15,16,2.7099218368530273,2.719419479370117,0.009497642517089844
initial,9,block4.W1,16,16,2.8696815967559814,2.87428879737854,0.004607200622558594
initial,9,block4.W1,17,16,2.810788154602051,2.8136260509490967,0.0028378963470458984
initial,9,block4.W1,18,16,2.6703543663024902,2.6658260822296143,0.0045282840728759766
initial,9,block4.W1,19,16,2.7768311500549316,2.773460865020752,0.0033702850341796875
initial,9,block4.W1,20,16,2.830317974090576,2.830718517303467,0.000400543212890625
initial,9,block4.W1,21,16,2.6416378021240234,2.6482863426208496,0.006648540496826172
initial,9,block4.W1,22,16,2.907292366027832,2.9027504920959473,0.004541873931884766
initial,9,block4.W1,23,16,2.755105972290039,2.7495815753936768,0.005524396896362305
initial,9,block4.W1,24,16,2.5948173999786377,2.6020078659057617,0.0071904659271240234
initial,9,block4.W1,25,16,2.635342836380005,2.6382060050964355,0.002863168716430664
initial,9,block4.W1,26,16,2.7622241973876953,2.770798683166504,0.008574485778808594
initial,9,block4.W1,27,16,2.530712127685547,2.527897357940674,0.002814769744873047
initial,9,block4.W1,28,16,2.6145381927490234,2.6121392250061035,0.002398967742919922
initial,9,block4.W1,29,16,2.8084094524383545,2.805464267730713,0.0029451847076416016
initial,9,block4.W1,30,16,2.7561025619506836,2.762115955352783,0.006013393402099609
initial,9,block4.W1,31,16,2.6578116416931152,2.6670353412628174,0.009223699569702148
initial,9,block4.W1,32,16,2.6437621116638184,2.6387405395507812,0.005021572113037109
initial,9,block4.W1,33,16,2.7873573303222656,2.80033016204834,0.012972831726074219
initial,9,block4.W1,34,16,2.6704633235931396,2.6760592460632324,0.0055959224700927734
initial,9,block4.W1,35,16,2.7533295154571533,2.750026226043701,0.0033032894134521484
initial,9,block4.W1,36,16,2.751836061477661,2.7440989017486572,0.007737159729003906
initial,9,block4.W1,37,16,2.7193830013275146,2.7228503227233887,0.0034673213958740234
initial,9,block4.W1,38,16,2.721703290939331,2.7186174392700195,0.0030858516693115234
initial,9,block4.W1,39,16,2.59004545211792,2.587343454360962,0.002701997756958008
initial,9,block4.W1,40,16,2.7000763416290283,2.699022054672241,0.0010542869567871094
initial,9,block4.W1,41,16,2.804011583328247,2.8014776706695557,0.0025339126586914062
initial,9,block4.W1,42,16,2.716355800628662,2.718693733215332,0.002337932586669922
initial,9,block4.W1,43,16,2.711850643157959,2.7008485794067383,0.011002063751220703
initial,9,block4.W1,44,16,2.5842485427856445,2.589630126953125,0.005381584167480469
initial,9,block4.W1,45,16,2.6796185970306396,2.6783690452575684,0.001249551773071289
initial,9,block4.W1,46,16,2.7597429752349854,2.7528302669525146,0.006912708282470703
initial,9,block4.W1,47,16,2.5738487243652344,2.574577808380127,0.0007290840148925781
initial,9,block4.W1,48,16,2.6188392639160156,2.618377923965454,0.00046133995056152344
initial,9,block4.W1,49,16,2.604322671890259,2.603778123855591,0.0005445480346679688
initial,9,block4.W1,50,16,2.6023101806640625,2.594627857208252,0.007682323455810547
initial,9,block4.W1,51,16,2.7038257122039795,2.706676483154297,0.002850770950317383
initial,9,block4.W1,52,16,2.6705548763275146,2.6601524353027344,0.010402441024780273
initial,9,block4.W1,53,16,2.645014524459839,2.6531362533569336,0.008121728897094727
initial,9,block4.W1,54,16,2.7331185340881348,2.730034828186035,0.0030837059020996094
initial,9,block4.W1,55,16,2.7065765857696533,2.7065205574035645,5.602836608886719e-05
initial,9,block4.W1,56,16,2.829916000366211,2.8130223751068115,0.016893625259399414
initial,9,block4.W1,57,16,2.712247371673584,2.714858293533325,0.002610921859741211
initial,9,block4.W1,58,16,2.673088788986206,2.6685352325439453,0.004553556442260742
initial,9,block4.W1,59,16,2.774409294128418,2.775153636932373,0.0007443428039550781
initial,9,block4.W1,60,16,2.8919897079467773,2.88484263420105,0.007147073745727539
initial,9,block4.W1,61,16,2.821526288986206,2.8235225677490234,0.001996278762817383
initial,9,block4.W1,62,16,2.532968521118164,2.5359151363372803,0.002946615219116211
initial,9,block4.W1,63,16,2.723764419555664,2.7297093868255615,0.005944967269897461
initial,10,block4.W2,0,16,2.5939958095550537,2.586240530014038,0.007755279541015625
initial,10,block4.W2,1,16,2.7382547855377197,2.7356607913970947,0.002593994140625
initial,10,block4.W2,2,16,2.575214385986328,2.575612783432007,0.00039839744567871094
initial,10,block4.W2,3,16,2.71010160446167,2.7122769355773926,0.0021753311157226562
initial,10,block4.W2,4,16,2.6185872554779053,2.61729097366333,0.0012962818145751953
initial,10,block4.W2,5,16,2.7239990234375,2.720486640930176,0.0035123825073242188
initial,10,block4.W2,6,16,2.7067556381225586,2.699247360229492,0.007508277893066406
initial,10,block4.W2,7,16,2.715754270553589,2.7150990962982178,0.0006551742553710938
initial,10,block4.W2,8,16,2.6554980278015137,2.661285161972046,0.0057871341705322266
initial,10,block4.W2,9,16,2.6599578857421875,2.664231538772583,0.004273653030395508
initial,10,block4.W2,10,16,2.6319844722747803,2.6357414722442627,0.003756999969482422
initial,10,block4.W2,11,16,2.75864577293396,2.7634782791137695,0.00483250617980957
initial,10,block4.W2,12,16,2.658573627471924,2.656080484390259,0.002493143081665039
initial,10,block4.W2,13,16,2.607856035232544,2.6063549518585205,0.0015010833740234375
initial,10,block4.W2,14,16,2.6473424434661865,2.6499552726745605,0.0026128292083740234
initial,10,block4.W2,15,16,2.827770233154297,2.8244030475616455,0.003367185592651367
initial,10,block4.W2,16,16,2.7365458011627197,2.740990400314331,0.004444599151611328
initial,10,block4.W2,17,16,2.829293727874756,2.8317058086395264,0.002412080764770508
initial,10,block4.W2,18,16,2.683223247528076,2.683837652206421,0.0006144046783447266
initial,10,block4.W2,19,16,2.7801871299743652,2.7883145809173584,0.008127450942993164
initial,10,block4.W2,20,16,2.771653175354004,2.770737648010254,0.00091552734375
initial,10,block4.W2,21,16,2.7951560020446777,2.798233985900879,0.003077983856201172
initial,10,block4.W2,22,16,2.683917999267578,2.6800944805145264,0.003823518753051758
initial,10,block4.W2,23,16,2.6301393508911133,2.62931227684021,0.0008270740509033203
initial,10,block4.W2,24,16,2.724734306335449,2.715778350830078,0.008955955505371094
initial,10,block4.W2,25,16,2.6509993076324463,2.643057107925415,0.00794219970703125
initial,10,block4.W2,26,16,2.5728988647460938,2.5727367401123047,0.0001621246337890625
initial,10,block4.W2,27,16,2.716362237930298,2.72202467918396,0.005662441253662109
initial,10,block4.W2,28,16,2.7375693321228027,2.72104811668396,0.016521215438842773
initial,10,block4.W2,29,16,2.71993350982666,2.7165110111236572,0.0034224987030029297
initial,10,block4.W2,30,16,2.739898443222046,2.7279839515686035,0.011914491653442383
initial,10,block4.W2,31,16,2.7007224559783936,2.6931512355804443,0.007571220397949219
initial,10,block4.W2,32,16,2.6178395748138428,2.6249489784240723,0.007109403610229492
initial,10,block4.W2,33,16,2.7219669818878174,2.7243826389312744,0.0024156570434570312
initial,10,block4.W2,34,16,2.8158493041992188,2.815833330154419,1.5974044799804688e-05
initial,10,block4.W2,35,16,2.7755393981933594,2.778249979019165,0.002710580825805664
initial,10,block4.W2,36,16,2.7318313121795654,2.7347910404205322,0.002959728240966797
initial,10,block4.W2,37,16,2.812541961669922,2.824090003967285,0.011548042297363281
initial,10,block4.W2,38,16,2.669907331466675,2.6660308837890625,0.0038764476776123047
initial,10,block4.W2,39,16,2.806260585784912,2.796558380126953,0.009702205657958984
initial,10,block4.W2,40,16,2.7554192543029785,2.7606616020202637,0.005242347717285156
initial,10,block4.W2,41,16,2.7174465656280518,2.7249956130981445,0.0075490474700927734
initial,10,block4.W2,42,16,2.6813125610351562,2.6900827884674072,0.008770227432250977
initial,10,block4.W2,43,16,2.748469114303589,2.746093273162842,0.0023758411407470703
initial,10,block4.W2,44,16,2.753432273864746,2.75752592086792,0.004093647003173828
initial,10,block4.W2,45,16,2.7622642517089844,2.7629754543304443,0.0007112026214599609
initial,10,block4.W2,46,16,2.7680766582489014,2.760711431503296,0.007365226745605469
initial,10,block4.W2,47,16,2.8061349391937256,2.802701950073242,0.0034329891204833984
initial,10,block4.W2,48,16,2.667745351791382,2.6624648571014404,0.005280494689941406
initial,10,block4.W2,49,16,2.730590581893921,2.7313144207000732,0.0007238388061523438
initial,10,block4.W2,50,16,2.617464303970337,2.6165385246276855,0.0009257793426513672
initial,10,block4.W2,51,16,2.7750489711761475,2.782888412475586,0.007839441299438477
initial,10,block4.W2,52,16,2.6422743797302246,2.6455023288726807,0.0032279491424560547
initial,10,block4.W2,53,16,2.6373651027679443,2.6465635299682617,0.009198427200317383
initial,10,block4.W2,54,16,2.547537088394165,2.5490334033966064,0.0014963150024414062
initial,10,block4.W2,55,16,2.713799476623535,2.71942138671875,0.005621910095214844
initial,10,block4.W2,56,16,2.622694492340088,2.6248538494110107,0.0021593570709228516
initial,10,block4.W2,57,16,2.770740270614624,2.7708191871643066,7.891654968261719e-05
initial,10,block4.W2,58,16,2.7446541786193848,2.746419906616211,0.0017657279968261719
initial,10,block4.W2,59,16,2.738903045654297,2.734105110168457,0.004797935485839844
initial,10,block4.W2,60,16,2.7458600997924805,2.7366011142730713,0.00925898551940918
initial,10,block4.W2,61,16,2.683737277984619,2.679680824279785,0.004056453704833984
initial,10,block4.W2,62,16,2.8945302963256836,2.899751663208008,0.005221366882324219
initial,10,block4.W2,63,16,2.7014505863189697,2.700083017349243,0.0013675689697265625
initial,11,block5.W1,0,16,2.5699105262756348,2.5654280185699463,0.0044825077056884766
initial,11,block5.W1,1,16,2.8527779579162598,2.855116128921509,0.0023381710052490234
initial,11,block5.W1,2,16,2.7499351501464844,2.7487595081329346,0.0011756420135498047
initial,11,block5.W1,3,16,2.814051866531372,2.8118202686309814,0.002231597900390625
initial,11,block5.W1,4,16,2.7216129302978516,2.7159934043884277,0.005619525909423828
initial,11,block5.W1,5,16,2.6587064266204834,2.6602039337158203,0.001497507095336914
initial,11,block5.W1,6,16,2.7381389141082764,2.7350656986236572,0.0030732154846191406
initial,11,block5.W1,7,16,2.693341016769409,2.695911407470703,0.0025703907012939453
initial,11,block5.W1,8,16,2.6065657138824463,2.612610101699829,0.0060443878173828125
initial,11,block5.W1,9,16,2.7459938526153564,2.7432241439819336,0.0027697086334228516
initial,11,block5.W1,10,16,2.692767381668091,2.7006020545959473,0.007834672927856445
initial,11,block5.W1,11,16,2.7284481525421143,2.739905834197998,0.011457681655883789
initial,11,block5.W1,12,16,2.687734365463257,2.68855881690979,0.0008244514465332031
initial,11,block5.W1,13,16,2.6652326583862305,2.67669415473938,0.011461496353149414
initial,11,block5.W1,14,16,2.8346757888793945,2.8413591384887695,0.006683349609375
initial,11,block5.W1,15,16,2.819707155227661,2.82179856300354,0.0020914077758789062
initial,11,block5.W1,16,16,2.648878335952759,2.6558644771575928,0.006986141204833984
initial,11,block5.W1,17,16,2.7170565128326416,2.7160840034484863,0.0009725093841552734
initial,11,block5.W1,18,16,2.7494232654571533,2.739611864089966,0.0098114013671875
initial,11,block5.W1,19,16,2.664113759994507,2.673319101333618,0.009205341339111328
initial,11,block5.W1,20,16,2.800485372543335,2.7940847873687744,0.006400585174560547
initial,11,block5.W1,21,16,2.7149393558502197,2.7116124629974365,0.003326892852783203
initial,11,block5.W1,22,16,2.859607696533203,2.8572890758514404,0.0023186206817626953
initial,11,block5.W1,23,16,2.6959266662597656,2.692535877227783,0.003390789031982422
initial,11,block5.W1,24,16,2.7921535968780518,2.799316167831421,0.007162570953369141
initial,11,block5.W1,25,16,2.7488200664520264,2.748866081237793,4.601478576660156e-05
initial,11,block5.W1,26,16,2.6683900356292725,2.6631691455841064,0.005220890045166016
initial,11,block5.W1,27,16,2.6783461570739746,2.6773343086242676,0.0010118484497070312
initial,11,block5.W1,28,16,2.7845304012298584,2.775714874267578,0.008815526962280273
initial,11,block5.W1,29,16,2.6711642742156982,2.669461488723755,0.0017027854919433594
initial,11,block5.W1,30,16,2.712162971496582,2.708528518676758,0.0036344528198242188
initial,11,block5.W1,31,16,2.8445887565612793,2.8411004543304443,0.003488302230834961
initial,11,block5.W1,32,16,2.676568031311035,2.6792922019958496,0.002724170684814453
initial,11,block5.W1,33,16,2.5853734016418457,2.5846657752990723,0.0007076263427734375
initial,11,block5.W1,34,16,2.742797374725342,2.739375114440918,0.003422260284423828
initial,11,block5.W1,35,16,2.740679979324341,2.7305946350097656,0.010085344314575195
initial,11,block5.W1,36,16,2.7225232124328613,2.722839593887329,0.00031638145446777344
initial,11,block5.W1,37,16,2.678478717803955,2.682098627090454,0.0036199092864990234
initial,11,block5.W1,38,16,2.855128049850464,2.8599143028259277,0.004786252975463867
initial,11,block5.W1,39,16,2.7037534713745117,2.6950325965881348,0.008720874786376953
initial,11,block5.W1,40,16,2.608571767807007,2.607269048690796,0.0013027191162109375
initial,11,block5.W1,41,16,2.775014638900757,2.763744592666626,0.01127004623413086
initial,11,block5.W1,42,16,2.741913318634033,2.7478065490722656,0.005893230438232422
initial,11,block5.W1,43,16,2.7550342082977295,2.763486623764038,0.008452415466308594
initial,11,block5.W1,44,16,2.711533784866333,2.712794780731201,0.001260995864868164
initial,11,block5.W1,45,16,2.561105728149414,2.567023515701294,0.005917787551879883
initial,11,block5.W1,46,16,2.560084342956543,2.556683301925659,0.003401041030883789
initial,11,block5.W1,47,16,2.7555911540985107,2.7586121559143066,0.0030210018157958984
initial,11,block5.W1,48,16,2.71547269821167,2.7152132987976074,0.0002593994140625
initial,11,block5.W1,49,16,2.643439531326294,2.6421568393707275,0.0012826919555664062
initial,11,block5.W1,50,16,2.700230360031128,2.6987805366516113,0.0014498233795166016
initial,11,block5.W1,51,16,2.780282974243164,2.7755565643310547,0.004726409912109375
initial,11,block5.W1,52,16,2.6345369815826416,2.6319222450256348,0.002614736557006836
initial,11,block5.W1,53,16,2.6882996559143066,2.6827940940856934,0.005505561828613281
initial,11,block5.W1,54,16,2.686795949935913,2.6857874393463135,0.0010085105895996094
initial,11,block5.W1,55,16,2.7284011840820312,2.72438645362854,0.004014730453491211
initial,11,block5.W1,56,16,2.7163426876068115,2.714447259902954,0.0018954277038574219
initial,11,block5.W1,57,16,2.7281272411346436,2.7198572158813477,0.008270025253295898
initial,11,block5.W1,58,16,2.7709767818450928,2.7768032550811768,0.005826473236083984
initial,11,block5.W1,59,16,2.749763011932373,2.758976697921753,0.009213685989379883
initial,11,block5.W1,60,16,2.7869396209716797,2.785283327102661,0.0016562938690185547
initial,11,block5.W1,61,16,2.6672170162200928,2.68072509765625,0.013508081436157227
initial,11,block5.W1,62,16,2.7183761596679688,2.723113536834717,0.004737377166748047
initial,11,block5.W1,63,16,2.7838001251220703,2.7698962688446045,0.01390385627746582
initial,12,block5.W2,0,16,2.647350311279297,2.651038646697998,0.003688335418701172
initial,12,block5.W2,1,16,2.7322871685028076,2.723475933074951,0.008811235427856445
initial,12,block5.W2,2,16,2.7463908195495605,2.731642484664917,0.014748334884643555
initial,12,block5.W2,3,16,2.796701431274414,2.7952113151550293,0.0014901161193847656
initial,12,block5.W2,4,16,2.633639097213745,2.6272225379943848,0.0064165592193603516
initial,12,block5.W2,5,16,2.7014074325561523,2.698000192642212,0.0034072399139404297
initial,12,block5.W2,6,16,2.707449436187744,2.7302184104919434,0.02276897430419922
initial,12,block5.W2,7,16,2.8523027896881104,2.8627636432647705,0.010460853576660156
initial,12,block5.W2,8,16,2.6315126419067383,2.626722574234009,0.004790067672729492
initial,12,block5.W2,9,16,2.6706008911132812,2.6740431785583496,0.0034422874450683594
initial,12,block5.W2,10,16,2.648239850997925,2.652409076690674,0.0041692256927490234
initial,12,block5.W2,11,16,2.722057342529297,2.7174813747406006,0.004575967788696289
initial,12,block5.W2,12,16,2.8657784461975098,2.8646585941314697,0.001119852066040039
initial,12,block5.W2,13,16,2.6372172832489014,2.6387698650360107,0.001552581787109375
initial,12,block5.W2,14,16,2.862128734588623,2.848327398300171,0.013801336288452148
initial,12,block5.W2,15,16,2.7656688690185547,2.767096757888794,0.0014278888702392578
initial,12,block5.W2,16,16,2.6291775703430176,2.627892255783081,0.0012853145599365234
initial,12,block5.W2,17,16,2.782081365585327,2.7923450469970703,0.010263681411743164
initial,12,block5.W2,18,16,2.8449599742889404,2.838728904724121,0.006231069564819336
initial,12,block5.W2,19,16,2.7146646976470947,2.7157294750213623,0.0010647773742675781
initial,12,block5.W2,20,16,2.6772961616516113,2.683547019958496,0.006250858306884766
initial,12,block5.W2,21,16,2.7992308139801025,2.7939441204071045,0.005286693572998047
initial,12,block5.W2,22,16,2.778712511062622,2.785938262939453,0.007225751876831055
initial,12,block5.W2,23,16,2.6911306381225586,2.694714069366455,0.0035834312438964844
initial,12,block5.W2,24,16,2.804097890853882,2.794921398162842,0.009176492691040039
initial,12,block5.W2,25,16,2.637415647506714,2.629444122314453,0.007971525192260742
initial,12,block5.W2,26,16,2.759270429611206,2.768963098526001,0.009692668914794922
initial,12,block5.W2,27,16,2.668553590774536,2.6756367683410645,0.00708317756652832
initial,12,block5.W2,28,16,2.719444990158081,2.7129180431365967,0.006526947021484375
initial,12,block5.W2,29,16,2.7076427936553955,2.7104859352111816,0.002843141555786133
initial,12,block5.W2,30,16,2.7471399307250977,2.741495370864868,0.005644559860229492
initial,12,block5.W2,31,16,2.6704351902008057,2.6583566665649414,0.012078523635864258
initial,12,block5.W2,32,16,2.6656994819641113,2.666977643966675,0.0012781620025634766
initial,12,block5.W2,33,16,2.7283501625061035,2.730231285095215,0.0018811225891113281
initial,12,block5.W2,34,16,2.691812515258789,2.6865150928497314,0.005297422409057617
initial,12,block5.W2,35,16,2.661691904067993,2.6589229106903076,0.002768993377685547
initial,12,block5.W2,36,16,2.7024619579315186,2.706981897354126,0.004519939422607422
initial,12,block5.W2,37,16,2.7288663387298584,2.7235257625579834,0.005340576171875
initial,12,block5.W2,38,16,2.767009973526001,2.7611775398254395,0.0058324337005615234
initial,12,block5.W2,39,16,2.8546435832977295,2.8561136722564697,0.0014700889587402344
initial,12,block5.W2,40,16,2.7389955520629883,2.7376201152801514,0.001375436782836914
initial,12,block5.W2,41,16,2.8156604766845703,2.820394277572632,0.0047338008880615234
initial,12,block5.W2,42,16,2.667945146560669,2.6727089881896973,0.00476384162902832
initial,12,block5.W2,43,16,2.842128038406372,2.8290205001831055,0.013107538223266602
initial,12,block5.W2,44,16,2.7199835777282715,2.7219109535217285,0.0019273757934570312
initial,12,block5.W2,45,16,2.831575870513916,2.8311781883239746,0.00039768218994140625
initial,12,block5.W2,46,16,2.6482675075531006,2.6388418674468994,0.009425640106201172
initial,12,block5.W2,47,16,2.7271859645843506,2.7256813049316406,0.001504659652709961
initial,12,block5.W2,48,16,2.7244930267333984,2.717196464538574,0.007296562194824219
initial,12,block5.W2,49,16,2.825075149536133,2.8197455406188965,0.005329608917236328
initial,12,block5.W2,50,16,2.7297346591949463,2.731652021408081,0.0019173622131347656
initial,12,block5.W2,51,16,2.688544273376465,2.6843369007110596,0.0042073726654052734
initial,12,block5.W2,52,16,2.670675754547119,2.6601312160491943,0.010544538497924805
initial,12,block5.W2,53,16,2.6464791297912598,2.647688865661621,0.0012097358703613281
initial,12,block5.W2,54,16,2.6505095958709717,2.6541872024536133,0.0036776065826416016
initial,12,block5.W2,55,16,2.819533348083496,2.8233225345611572,0.003789186477661133
initial,12,block5.W2,56,16,2.6910438537597656,2.6871817111968994,0.003862142562866211
initial,12,block5.W2,57,16,2.6315488815307617,2.6340184211730957,0.0024695396423339844
initial,12,block5.W2,58,16,2.742988109588623,2.7530808448791504,0.010092735290527344
initial,12,block5.W2,59,16,2.6991453170776367,2.6914138793945312,0.007731437683105469
initial,12,block5.W2,60,16,2.6738576889038086,2.6617045402526855,0.012153148651123047
initial,12,block5.W2,61,16,2.910813093185425,2.9110193252563477,0.00020623207092285156
initial,12,block5.W2,62,16,2.7959063053131104,2.796398401260376,0.000492095947265625
initial,12,block5.W2,63,16,2.7289047241210938,2.7220420837402344,0.006862640380859375
initial,13,block6.W1,0,16,2.633084297180176,2.6355154514312744,0.002431154251098633
initial,13,block6.W1,1,16,2.667457103729248,2.676964044570923,0.009506940841674805
initial,13,block6.W1,2,16,2.6946017742156982,2.694610834121704,9.059906005859375e-06
initial,13,block6.W1,3,16,2.6083052158355713,2.611201286315918,0.0028960704803466797
initial,13,block6.W1,4,16,2.7040951251983643,2.702371835708618,0.0017232894897460938
initial,13,block6.W1,5,16,2.6512746810913086,2.6502628326416016,0.0010118484497070312
initial,13,block6.W1,6,16,2.850135087966919,2.852243185043335,0.0021080970764160156
initial,13,block6.W1,7,16,2.789856433868408,2.800830602645874,0.01097416877746582
initial,13,block6.W1,8,16,2.702594041824341,2.7060742378234863,0.003480195999145508
initial,13,block6.W1,9,16,2.7107112407684326,2.7092835903167725,0.0014276504516601562
initial,13,block6.W1,10,16,2.767887592315674,2.7548446655273438,0.013042926788330078
initial,13,block6.W1,11,16,2.7437899112701416,2.742263078689575,0.0015268325805664062
initial,13,block6.W1,12,16,2.560626745223999,2.5646355152130127,0.004008769989013672
initial,13,block6.W1,13,16,2.7409462928771973,2.7429721355438232,0.0020258426666259766
initial,13,block6.W1,14,16,2.574932813644409,2.5744194984436035,0.0005133152008056641
initial,13,block6.W1,15,16,2.621422529220581,2.6292803287506104,0.007857799530029297
initial,13,block6.W1,16,16,2.727606773376465,2.7254202365875244,0.0021865367889404297
initial,13,block6.W1,17,16,2.7406527996063232,2.741119861602783,0.00046706199645996094
initial,13,block6.W1,18,16,2.675334930419922,2.6803534030914307,0.005018472671508789
initial,13,block6.W1,19,16,2.7206802368164062,2.7192158699035645,0.0014643669128417969
initial,13,block6.W1,20,16,2.748429298400879,2.7574265003204346,0.008997201919555664
initial,13,block6.W1,21,16,2.6571507453918457,2.659909725189209,0.0027589797973632812
initial,13,block6.W1,22,16,2.753387928009033,2.751847982406616,0.0015399456024169922
initial,13,block6.W1,23,16,2.7714216709136963,2.7764370441436768,0.005015373229980469
initial,13,block6.W1,24,16,2.6733810901641846,2.6811635494232178,0.007782459259033203
initial,13,block6.W1,25,16,2.71037220954895,2.7127320766448975,0.0023598670959472656
initial,13,block6.W1,26,16,2.7119929790496826,2.714939832687378,0.0029468536376953125
initial,13,block6.W1,27,16,2.803560972213745,2.8113396167755127,0.007778644561767578
initial,13,block6.W1,28,16,2.6390767097473145,2.64104962348938,0.0019729137420654297
initial,13,block6.W1,29,16,2.812507390975952,2.8094441890716553,0.003063201904296875
initial,13,block6.W1,30,16,2.7386209964752197,2.7443740367889404,0.005753040313720703
initial,13,block6.W1,31,16,2.723763942718506,2.719512939453125,0.004251003265380859
initial,13,block6.W1,32,16,2.7528531551361084,2.7598137855529785,0.006960630416870117
initial,13,block6.W1,33,16,2.6947579383850098,2.694767713546753,9.775161743164062e-06
initial,13,block6.W1,34,16,2.648989677429199,2.6577136516571045,0.008723974227905273
initial,13,block6.W1,35,16,2.6830828189849854,2.6850507259368896,0.001967906951904297
initial,13,block6.W1,36,16,2.6649720668792725,2.6662795543670654,0.0013074874877929688
initial,13,block6.W1,37,16,2.601886034011841,2.607872247695923,0.005986213684082031
initial,13,block6.W1,38,16,2.763382911682129,2.7636115550994873,0.00022864341735839844
initial,13,block6.W1,39,16,2.7385659217834473,2.736008405685425,0.002557516098022461
initial,13,block6.W1,40,16,2.7020299434661865,2.699007511138916,0.003022432327270508
initial,13,block6.W1,41,16,2.688514471054077,2.6908528804779053,0.002338409423828125
initial,13,block6.W1,42,16,2.767629623413086,2.762845754623413,0.0047838687896728516
initial,13,block6.W1,43,16,2.7696239948272705,2.775984525680542,0.006360530853271484
initial,13,block6.W1,44,16,2.629667043685913,2.633408546447754,0.0037415027618408203
initial,13,block6.W1,45,16,2.6335387229919434,2.6282694339752197,0.005269289016723633
initial,13,block6.W1,46,16,2.7044079303741455,2.7110676765441895,0.006659746170043945
initial,13,block6.W1,47,16,2.675307273864746,2.671117067337036,0.004190206527709961
initial,13,block6.W1,48,16,2.86599063873291,2.866481304168701,0.0004906654357910156
initial,13,block6.W1,49,16,2.6886720657348633,2.6843509674072266,0.004321098327636719
initial,13,block6.W1,50,16,2.7101964950561523,2.701446533203125,0.008749961853027344
initial,13,block6.W1,51,16,2.6784024238586426,2.6771936416625977,0.0012087821960449219
initial,13,block6.W1,52,16,2.7002203464508057,2.698529005050659,0.0016913414001464844
initial,13,block6.W1,53,16,2.683030366897583,2.6763155460357666,0.006714820861816406
initial,13,block6.W1,54,16,2.7483832836151123,2.7511210441589355,0.002737760543823242
initial,13,block6.W1,55,16,2.67691707611084,2.67398738861084,0.0029296875
initial,13,block6.W1,56,16,2.6995046138763428,2.698075294494629,0.0014293193817138672
initial,13,block6.W1,57,16,2.6177663803100586,2.6259660720825195,0.008199691772460938
initial,13,block6.W1,58,16,2.760094165802002,2.7632691860198975,0.003175020217895508
initial,13,block6.W1,59,16,2.579282283782959,2.5844690799713135,0.005186796188354492
initial,13,block6.W1,60,16,2.739945650100708,2.7451930046081543,0.005247354507446289
initial,13,block6.W1,61,16,2.707019805908203,2.703815221786499,0.0032045841217041016
initial,13,block6.W1,62,16,2.638556480407715,2.6325669288635254,0.005989551544189453
initial,13,block6.W1,63,16,2.6223623752593994,2.6258020401000977,0.003439664840698242
initial,14,block6.W2,0,16,2.715965509414673,2.716318368911743,0.0003528594970703125
initial,14,block6.W2,1,16,2.7955422401428223,2.79575514793396,0.0002129077911376953
initial,14,block6.W2,2,16,2.7306928634643555,2.736948251724243,0.006255388259887695
initial,14,block6.W2,3,16,2.741410493850708,2.7411487102508545,0.0002617835998535156
initial,14,block6.W2,4,16,2.6685056686401367,2.6668529510498047,0.0016527175903320312
initial,14,block6.W2,5,16,2.7715847492218018,2.766862392425537,0.0047223567962646484
initial,14,block6.W2,6,16,2.724559783935547,2.7182793617248535,0.006280422210693359
initial,14,block6.W2,7,16,2.7176828384399414,2.7170732021331787,0.0006096363067626953
initial,14,block6.W2,8,16,2.8084728717803955,2.807554244995117,0.0009186267852783203
initial,14,block6.W2,9,16,2.739058494567871,2.738274097442627,0.0007843971252441406
initial,14,block6.W2,10,16,2.6558611392974854,2.6605045795440674,0.004643440246582031
initial,14,block6.W2,11,16,2.71746563911438,2.708221912384033,0.00924372673034668
initial,14,block6.W2,12,16,2.620094060897827,2.614248275756836,0.005845785140991211
initial,14,block6.W2,13,16,2.8120462894439697,2.8206822872161865,0.008635997772216797
initial,14,block6.W2,14,16,2.705235242843628,2.7006516456604004,0.004583597183227539
initial,14,block6.W2,15,16,2.679250955581665,2.682904005050659,0.0036530494689941406
initial,14,block6.W2,16,16,2.6516761779785156,2.651920795440674,0.0002446174621582031
initial,14,block6.W2,17,16,2.599480390548706,2.6081912517547607,0.008710861206054688
initial,14,block6.W2,18,16,2.6935460567474365,2.699460506439209,0.005914449691772461
initial,14,block6.W2,19,16,2.7572906017303467,2.7609310150146484,0.003640413284301758
initial,14,block6.W2,20,16,2.78155517578125,2.786186933517456,0.004631757736206055
initial,14,block6.W2,21,16,2.6929402351379395,2.692847728729248,9.250640869140625e-05
initial,14,block6.W2,22,16,2.7390284538269043,2.735252857208252,0.0037755966186523438
initial,14,block6.W2,23,16,2.720586061477661,2.7180016040802,0.0025844573974609375
initial,14,block6.W2,24,16,2.729755163192749,2.7297375202178955,1.7642974853515625e-05
initial,14,block6.W2,25,16,2.6691770553588867,2.673121929168701,0.003944873809814453
initial,14,block6.W2,26,16,2.61262845993042,2.6154022216796875,0.002773761749267578
initial,14,block6.W2,27,16,2.7370810508728027,2.7404468059539795,0.003365755081176758
initial,14,block6.W2,28,16,2.526855945587158,2.528292179107666,0.0014362335205078125
initial,14,block6.W2,29,16,2.7386441230773926,2.7322399616241455,0.00640416145324707
initial,14,block6.W2,30,16,2.732128381729126,2.729785919189453,0.0023424625396728516
initial,14,block6.W2,31,16,2.875969886779785,2.88248610496521,0.006516218185424805
initial,14,block6.W2,32,16,2.733772039413452,2.733457326889038,0.0003147125244140625
initial,14,block6.W2,33,16,2.734118938446045,2.7312121391296387,0.00290679931640625
initial,14,block6.W2,34,16,2.8106729984283447,2.8071160316467285,0.003556966781616211
initial,14,block6.W2,35,16,2.8171801567077637,2.8179426193237305,0.0007624626159667969
initial,14,block6.W2,36,16,2.7808890342712402,2.782817840576172,0.0019288063049316406
initial,14,block6.W2,37,16,2.7457401752471924,2.7430977821350098,0.002642393112182617
initial,14,block6.W2,38,16,2.7229764461517334,2.722337245941162,0.0006392002105712891
initial,14,block6.W2,39,16,2.6810503005981445,2.6865322589874268,0.0054819583892822266
initial,14,block6.W2,40,16,2.717991590499878,2.715240478515625,0.0027511119842529297
initial,14,block6.W2,41,16,2.692713737487793,2.6940083503723145,0.0012946128845214844
initial,14,block6.W2,42,16,2.744412422180176,2.7491016387939453,0.004689216613769531
initial,14,block6.W2,43,16,2.8178694248199463,2.831054925918579,0.013185501098632812
initial,14,block6.W2,44,16,2.6923108100891113,2.6883444786071777,0.003966331481933594
initial,14,block6.W2,45,16,2.636514902114868,2.6330718994140625,0.003443002700805664
initial,14,block6.W2,46,16,2.7632689476013184,2.7595949172973633,0.003674030303955078
initial,14,block6.W2,47,16,2.8066511154174805,2.8136379718780518,0.006986856460571289
initial,14,block6.W2,48,16,2.7529356479644775,2.7546465396881104,0.0017108917236328125
initial,14,block6.W2,49,16,2.7432520389556885,2.734485149383545,0.008766889572143555
initial,14,block6.W2,50,16,2.7199110984802246,2.7241370677948,0.004225969314575195
initial,14,block6.W2,51,16,2.6824586391448975,2.687603235244751,0.005144596099853516
initial,14,block6.W2,52,16,2.6753220558166504,2.6768152713775635,0.001493215560913086
initial,14,block6.W2,53,16,2.7844598293304443,2.783730983734131,0.0007288455963134766
initial,14,block6.W2,54,16,2.781827688217163,2.7839279174804688,0.002100229263305664
initial,14,block6.W2,55,16,2.7330856323242188,2.7379462718963623,0.004860639572143555
initial,14,block6.W2,56,16,2.6328227519989014,2.6287341117858887,0.004088640213012695
initial,14,block6.W2,57,16,2.6977691650390625,2.697934150695801,0.00016498565673828125
initial,14,block6.W2,58,16,2.735104560852051,2.745332717895508,0.010228157043457031
initial,14,block6.W2,59,16,2.7609148025512695,2.759106159210205,0.0018086433410644531
initial,14,block6.W2,60,16,2.843820333480835,2.8332066535949707,0.010613679885864258
initial,14,block6.W2,61,16,2.7375574111938477,2.729052782058716,0.008504629135131836
initial,14,block6.W2,62,16,2.6018152236938477,2.601783037185669,3.218650817871094e-05
initial,14,block6.W2,63,16,2.688189744949341,2.684344530105591,0.00384521484375
initial,15,block7.W1,0,16,2.703847646713257,2.708081007003784,0.004233360290527344
initial,15,block7.W1,1,16,2.706231117248535,2.7036068439483643,0.0026242733001708984
initial,15,block7.W1,2,16,2.6111814975738525,2.6073107719421387,0.003870725631713867
initial,15,block7.W1,3,16,2.717247724533081,2.7236950397491455,0.006447315216064453
initial,15,block7.W1,4,16,2.6800284385681152,2.679650068283081,0.0003783702850341797
initial,15,block7.W1,5,16,2.589141845703125,2.5954930782318115,0.0063512325286865234
initial,15,block7.W1,6,16,2.6345713138580322,2.6366684436798096,0.0020971298217773438
initial,15,block7.W1,7,16,2.690613031387329,2.6931025981903076,0.0024895668029785156
initial,15,block7.W1,8,16,2.7982208728790283,2.7981369495391846,8.392333984375e-05
initial,15,block7.W1,9,16,2.822272300720215,2.8270483016967773,0.0047760009765625
initial,15,block7.W1,10,16,2.743673801422119,2.7400269508361816,0.0036468505859375
initial,15,block7.W1,11,16,2.730417251586914,2.7258567810058594,0.0045604705810546875
initial,15,block7.W1,12,16,2.684267997741699,2.686310052871704,0.002042055130004883
initial,15,block7.W1,13,16,2.6384730339050293,2.6398861408233643,0.001413106918334961
initial,15,block7.W1,14,16,2.6486330032348633,2.650402069091797,0.0017690658569335938
initial,15,block7.W1,15,16,2.6177618503570557,2.622836112976074,0.005074262619018555
initial,15,block7.W1,16,16,2.712834358215332,2.7099480628967285,0.0028862953186035156
initial,15,block7.W1,17,16,2.724853515625,2.725926637649536,0.0010731220245361328
initial,15,block7.W1,18,16,2.7914726734161377,2.7869534492492676,0.004519224166870117
initial,15,block7.W1,19,16,2.8423447608947754,2.839682102203369,0.00266265869140625
initial,15,block7.W1,20,16,2.7639646530151367,2.769158363342285,0.0051937103271484375
initial,15,block7.W1,21,16,2.9067776203155518,2.911633253097534,0.004855632781982422
initial,15,block7.W1,22,16,2.793212652206421,2.790159225463867,0.003053426742553711
initial,15,block7.W1,23,16,2.5868148803710938,2.5800108909606934,0.006803989410400391
initial,15,block7.W1,24,16,2.83739972114563,2.8356499671936035,0.0017497539520263672
initial,15,block7.W1,25,16,2.736050844192505,2.7359726428985596,7.82012939453125e-05
initial,15,block7.W1,26,16,2.7340409755706787,2.725454092025757,0.008586883544921875
initial,15,block7.W1,27,16,2.6258015632629395,2.6225497722625732,0.003251791000366211
initial,15,block7.W1,28,16,2.6961259841918945,2.6990835666656494,0.002957582473754883
initial,15,block7.W1,29,16,2.747352123260498,2.7455601692199707,0.0017919540405273438
initial,15,block7.W1,30,16,2.7673988342285156,2.7749063968658447,0.0075075626373291016
initial,15,block7.W1,31,16,2.686682939529419,2.6928770542144775,0.006194114685058594
initial,15,block7.W1,32,16,2.751272678375244,2.751668930053711,0.0003962516784667969
initial,15,block7.W1,33,16,2.750763177871704,2.751641273498535,0.0008780956268310547
initial,15,block7.W1,34,16,2.6775457859039307,2.6725497245788574,0.004996061325073242
initial,15,block7.W1,35,16,2.669102430343628,2.6747310161590576,0.0056285858154296875
initial,15,block7.W1,36,16,2.6934120655059814,2.6933815479278564,3.0517578125e-05
initial,15,block7.W1,37,16,2.6962010860443115,2.7032206058502197,0.007019519805908203
initial,15,block7.W1,38,16,2.6395225524902344,2.637932538986206,0.0015900135040283203
initial,15,block7.W1,39,16,2.736809492111206,2.738504409790039,0.0016949176788330078
initial,15,block7.W1,40,16,2.7420647144317627,2.7462258338928223,0.00416111946105957
initial,15,block7.W1,41,16,2.749217987060547,2.7491931915283203,2.47955322265625e-05
initial,15,block7.W1,42,16,2.780797243118286,2.7847673892974854,0.003970146179199219
initial,15,block7.W1,43,16,2.596292018890381,2.5938737392425537,0.0024182796478271484
initial,15,block7.W1,44,16,2.581498384475708,2.587278366088867,0.00577998161315918
initial,15,block7.W1,45,16,2.766498327255249,2.7740478515625,0.0075495243072509766
initial,15,block7.W1,46,16,2.736844539642334,2.7423698902130127,0.005525350570678711
initial,15,block7.W1,47,16,2.6739301681518555,2.675447463989258,0.0015172958374023438
initial,15,block7.W1,48,16,2.64573073387146,2.6470813751220703,0.0013506412506103516
initial,15,block7.W1,49,16,2.6959786415100098,2.696571111679077,0.0005924701690673828
initial,15,block7.W1,50,16,2.6499454975128174,2.6501142978668213,0.00016880035400390625
initial,15,block7.W1,51,16,2.7872109413146973,2.78513765335083,0.0020732879638671875
initial,15,block7.W1,52,16,2.763360023498535,2.7661726474761963,0.002812623977661133
initial,15,block7.W1,53,16,2.6429970264434814,2.638528823852539,0.004468202590942383
initial,15,block7.W1,54,16,2.7631940841674805,2.7632551193237305,6.103515625e-05
initial,15,block7.W1,55,16,2.7581534385681152,2.751838207244873,0.0063152313232421875
initial,15,block7.W1,56,16,2.7012853622436523,2.694556951522827,0.006728410720825195
initial,15,block7.W1,57,16,2.784416675567627,2.7856807708740234,0.0012640953063964844
initial,15,block7.W1,58,16,2.834331512451172,2.8326609134674072,0.0016705989837646484
initial,15,block7.W1,59,16,2.635242223739624,2.6373443603515625,0.0021021366119384766
initial,15,block7.W1,60,16,2.635915756225586,2.638305902481079,0.002390146255493164
initial,15,block7.W1,61,16,2.705453872680664,2.702194929122925,0.003258943557739258
initial,15,block7.W1,62,16,2.8379335403442383,2.8367319107055664,0.001201629638671875
initial,15,block7.W1,63,16,2.652235746383667,2.6517930030822754,0.00044274330139160156
initial,16,block7.W2,0,16,2.7277073860168457,2.724249839782715,0.0034575462341308594
initial,16,block7.W2,1,16,2.6614620685577393,2.660299062728882,0.0011630058288574219
initial,16,block7.W2,2,16,2.8033416271209717,2.8027806282043457,0.0005609989166259766
initial,16,block7.W2,3,16,2.7024574279785156,2.706047534942627,0.003590106964111328
initial,16,block7.W2,4,16,2.55879545211792,2.561894416809082,0.0030989646911621094
initial,16,block7.W2,5,16,2.735219717025757,2.7226884365081787,0.012531280517578125
initial,16,block7.W2,6,16,2.8212027549743652,2.820932149887085,0.00027060508728027344
initial,16,block7.W2,7,16,2.6677050590515137,2.659336566925049,0.008368492126464844
initial,16,block7.W2,8,16,2.721403121948242,2.7256546020507812,0.0042514801025390625
initial,16,block7.W2,9,16,2.7736756801605225,2.7715630531311035,0.0021126270294189453
initial,16,block7.W2,10,16,2.7279908657073975,2.7318592071533203,0.0038683414459228516
initial,16,block7.W2,11,16,2.694694995880127,2.6918087005615234,0.0028862953186035156
initial,16,block7.W2,12,16,2.7239294052124023,2.7267305850982666,0.002801179885864258
initial,16,block7.W2,13,16,2.751072645187378,2.7566850185394287,0.005612373352050781
initial,16,block7.W2,14,16,2.7635555267333984,2.761303186416626,0.002252340316772461
initial,16,block7.W2,15,16,2.5766403675079346,2.582163095474243,0.005522727966308594
initial,16,block7.W2,16,16,2.720249891281128,2.711216688156128,0.009033203125
initial,16,block7.W2,17,16,2.6551339626312256,2.6590311527252197,0.0038971900939941406
initial,16,block7.W2,18,16,2.7517354488372803,2.747837543487549,0.0038979053497314453
initial,16,block7.W2,19,16,2.680781126022339,2.6757450103759766,0.005036115646362305
initial,16,block7.W2,20,16,2.5301969051361084,2.536081552505493,0.005884647369384766
initial,16,block7.W2,21,16,2.671369791030884,2.6734559535980225,0.002086162567138672
initial,16,block7.W2,22,16,2.7303342819213867,2.72977352142334,0.000560760498046875
initial,16,block7.W2,23,16,2.677192211151123,2.676745653152466,0.00044655799865722656
initial,16,block7.W2,24,16,2.749267816543579,2.7533717155456543,0.004103899002075195
initial,16,block7.W2,25,16,2.788766622543335,2.7799265384674072,0.008840084075927734
initial,16,block7.W2,26,16,2.7357401847839355,2.7323966026306152,0.0033435821533203125
initial,16,block7.W2,27,16,2.5609078407287598,2.5634851455688477,0.0025773048400878906
initial,16,block7.W2,28,16,2.762028455734253,2.7625062465667725,0.00047779083251953125
initial,16,block7.W2,29,16,2.722700357437134,2.7231013774871826,0.0004010200500488281
initial,16,block7.W2,30,16,2.672919511795044,2.6760127544403076,0.003093242645263672
initial,16,block7.W2,31,16,2.7339229583740234,2.727389097213745,0.00653386116027832
initial,16,block7.W2,32,16,2.667654275894165,2.662459373474121,0.005194902420043945
initial,16,block7.W2,33,16,2.884418487548828,2.88988995552063,0.005471467971801758
initial,16,block7.W2,34,16,2.67862868309021,2.6763298511505127,0.0022988319396972656
initial,16,block7.W2,35,16,2.7532248497009277,2.743635416030884,0.009589433670043945
initial,16,block7.W2,36,16,2.6760926246643066,2.678053855895996,0.001961231231689453
initial,16,block7.W2,37,16,2.6879231929779053,2.6834208965301514,0.004502296447753906
initial,16,block7.W2,38,16,2.667546272277832,2.664386749267578,0.0031595230102539062
initial,16,block7.W2,39,16,2.716146230697632,2.7096683979034424,0.006477832794189453
initial,16,block7.W2,40,16,2.8001701831817627,2.8137850761413574,0.013614892959594727
initial,16,block7.W2,41,16,2.777547597885132,2.7774434089660645,0.00010418891906738281
initial,16,block7.W2,42,16,2.650876998901367,2.656254529953003,0.005377531051635742
initial,16,block7.W2,43,16,2.79864764213562,2.798877477645874,0.00022983551025390625
initial,16,block7.W2,44,16,2.718052625656128,2.716273784637451,0.0017788410186767578
initial,16,block7.W2,45,16,2.748575448989868,2.7467808723449707,0.001794576644897461
initial,16,block7.W2,46,16,2.7339634895324707,2.739710569381714,0.005747079849243164
initial,16,block7.W2,47,16,2.643174648284912,2.645064115524292,0.0018894672393798828
initial,16,block7.W2,48,16,2.589128017425537,2.5864651203155518,0.0026628971099853516
initial,16,block7.W2,49,16,2.5678579807281494,2.5686681270599365,0.0008101463317871094
initial,16,block7.W2,50,16,2.7743937969207764,2.7748236656188965,0.0004298686981201172
initial,16,block7.W2,51,16,2.6616835594177246,2.6579127311706543,0.0037708282470703125
initial,16,block7.W2,52,16,2.8048746585845947,2.8115785121917725,0.006703853607177734
initial,16,block7.W2,53,16,2.777568817138672,2.7734451293945312,0.004123687744140625
initial,16,block7.W2,54,16,2.841791868209839,2.8393664360046387,0.0024254322052001953
initial,16,block7.W2,55,16,2.751600980758667,2.754504680633545,0.0029036998748779297
initial,16,block7.W2,56,16,2.7571167945861816,2.758352518081665,0.0012357234954833984
initial,16,block7.W2,57,16,2.755625009536743,2.7503440380096436,0.005280971527099609
initial,16,block7.W2,58,16,2.7059144973754883,2.707841157913208,0.0019266605377197266
initial,16,block7.W2,59,16,2.7057435512542725,2.7004425525665283,0.005300998687744141
initial,16,block7.W2,60,16,2.7785403728485107,2.7746217250823975,0.003918647766113281
initial,16,block7.W2,61,16,2.823237180709839,2.830146312713623,0.00690913200378418
initial,16,block7.W2,62,16,2.741417646408081,2.7327704429626465,0.00864720344543457
initial,16,block7.W2,63,16,2.793008804321289,2.796149969100952,0.003141164779663086
initial,17,W_out,0,16,2.6901426315307617,2.69250226020813,0.002359628677368164
initial,17,W_out,1,16,2.5867929458618164,2.540879487991333,0.0459134578704834
initial,17,W_out,2,16,2.7116880416870117,2.700443983078003,0.011244058609008789
initial,17,W_out,3,16,2.668606996536255,2.6940155029296875,0.025408506393432617
initial,17,W_out,4,16,2.7812466621398926,2.749894857406616,0.03135180473327637
initial,17,W_out,5,16,2.6811106204986572,2.6303412914276123,0.05076932907104492
initial,17,W_out,6,16,2.696420907974243,2.809528112411499,0.11310720443725586
initial,17,W_out,7,16,2.708907127380371,2.719250440597534,0.010343313217163086
initial,17,W_out,8,16,2.7869672775268555,2.796834945678711,0.009867668151855469
initial,17,W_out,9,16,2.777824640274048,2.751892328262329,0.02593231201171875
initial,17,W_out,10,16,2.64813232421875,2.6232903003692627,0.024842023849487305
initial,17,W_out,11,16,2.807892084121704,2.796444892883301,0.01144719123840332
initial,17,W_out,12,16,2.846688747406006,2.785407543182373,0.06128120422363281
initial,17,W_out,13,16,2.6147444248199463,2.625875473022461,0.011131048202514648
initial,17,W_out,14,16,2.7651689052581787,2.786965847015381,0.02179694175720215
initial,17,W_out,15,16,2.7324674129486084,2.7114198207855225,0.021047592163085938
initial,17,W_out,16,16,2.6599361896514893,2.670529365539551,0.010593175888061523
initial,17,W_out,17,16,2.832019567489624,2.7733306884765625,0.05868887901306152
initial,17,W_out,18,16,2.707503080368042,2.7011775970458984,0.006325483322143555
initial,17,W_out,19,16,2.6571898460388184,2.6534085273742676,0.0037813186645507812
initial,17,W_out,20,16,2.6817667484283447,2.668184518814087,0.013582229614257812
initial,17,W_out,21,16,2.736910104751587,2.801224708557129,0.06431460380554199
initial,17,W_out,22,16,2.775632858276367,2.7794580459594727,0.0038251876831054688
initial,17,W_out,23,16,2.732893705368042,2.7180898189544678,0.014803886413574219
initial,17,W_out,24,16,2.6523096561431885,2.7292468547821045,0.07693719863891602
initial,17,W_out,25,16,2.6714868545532227,2.6427905559539795,0.028696298599243164
initial,17,W_out,26,16,2.830497980117798,2.8593902587890625,0.02889227867126465
initial,17,W_out,27,16,2.8677785396575928,2.8239641189575195,0.04381442070007324
initial,17,W_out,28,16,2.792853832244873,2.7742133140563965,0.018640518188476562
initial,17,W_out,29,16,2.690722703933716,2.683168411254883,0.007554292678833008
initial,17,W_out,30,16,2.671321392059326,2.6730809211730957,0.0017595291137695312
initial,17,W_out,31,16,2.7422850131988525,2.7773683071136475,0.03508329391479492
initial,17,W_out,32,16,2.701920986175537,2.7483069896698,0.046386003494262695
initial,17,W_out,33,16,2.781162977218628,2.7603206634521484,0.020842313766479492
initial,17,W_out,34,16,2.7395689487457275,2.6183419227600098,0.12122702598571777
initial,17,W_out,35,16,2.7129149436950684,2.7142586708068848,0.0013437271118164062
initial,17,W_out,36,16,2.8329503536224365,2.815004587173462,0.01794576644897461
initial,17,W_out,37,16,2.64502215385437,2.6372008323669434,0.007821321487426758
initial,17,W_out,38,16,2.617640972137451,2.718289852142334,0.10064888000488281
initial,17,W_out,39,16,2.568803548812866,2.567319631576538,0.001483917236328125
initial,17,W_out,40,16,2.671478748321533,2.673513889312744,0.0020351409912109375
initial,17,W_out,41,16,2.638636589050293,2.6717753410339355,0.03313875198364258
initial,17,W_out,42,16,2.6444547176361084,2.6905672550201416,0.0461125373840332
initial,17,W_out,43,16,2.7938499450683594,2.815215587615967,0.021365642547607422
initial,17,W_out,44,16,2.7071521282196045,2.7725777626037598,0.06542563438415527
initial,17,W_out,45,16,2.780158758163452,2.802917718887329,0.022758960723876953
initial,17,W_out,46,16,2.7098312377929688,2.738341808319092,0.028510570526123047
initial,17,W_out,47,16,2.6912410259246826,2.6482176780700684,0.04302334785461426
initial,17,W_out,48,16,2.6953320503234863,2.7570619583129883,0.06172990798950195
initial,17,W_out,49,16,2.7409894466400146,2.727811574935913,0.013177871704101562
initial,17,W_out,50,16,2.8443944454193115,2.8971400260925293,0.05274558067321777
initial,17,W_out,51,16,2.7357256412506104,2.671508312225342,0.06421732902526855
initial,17,W_out,52,16,2.626349449157715,2.644782304763794,0.0184328556060791
initial,17,W_out,53,16,2.79058837890625,2.8427634239196777,0.052175045013427734
initial,17,W_out,54,16,2.8010201454162598,2.839751958847046,0.03873181343078613
initial,17,W_out,55,16,2.6752769947052,2.7137491703033447,0.03847217559814453
initial,17,W_out,56,16,2.687413454055786,2.6324148178100586,0.05499863624572754
initial,17,W_out,57,16,2.9144086837768555,2.8892412185668945,0.025167465209960938
initial,17,W_out,58,16,2.8267550468444824,2.802438259124756,0.024316787719726562
initial,17,W_out,59,16,2.8787267208099365,2.8610241413116455,0.017702579498291016
initial,17,W_out,60,16,2.743154525756836,2.72088360786438,0.022270917892456055
initial,17,W_out,61,16,2.856060028076172,2.8080389499664307,0.04802107810974121
initial,17,W_out,62,16,2.698215961456299,2.7141900062561035,0.015974044799804688
initial,17,W_out,63,16,2.8661251068115234,2.8099682331085205,0.05615687370300293
final,0,W_in,0,16,0.3780921995639801,0.37834492325782776,0.00025272369384765625
final,0,W_in,1,16,0.3831399083137512,0.3851132094860077,0.0019733011722564697
final,0,W_in,2,16,0.35328784584999084,0.34842950105667114,0.004858344793319702
final,0,W_in,3,16,0.37710312008857727,0.3649055063724518,0.012197613716125488
final,0,W_in,4,16,0.34130609035491943,0.34458476305007935,0.003278672695159912
final,0,W_in,5,16,0.3468439280986786,0.3561924695968628,0.009348541498184204
final,0,W_in,6,16,0.549987256526947,0.5636056661605835,0.013618409633636475
final,0,W_in,7,16,0.3944081664085388,0.39049360156059265,0.003914564847946167
final,0,W_in,8,16,0.34612393379211426,0.34725505113601685,0.0011311173439025879
final,0,W_in,9,16,0.4572836458683014,0.455715149641037,0.0015684962272644043
final,0,W_in,10,16,0.49144384264945984,0.48960742354393005,0.0018364191055297852
final,0,W_in,11,16,0.3997078239917755,0.39927026629447937,0.0004375576972961426
final,0,W_in,12,16,0.46474647521972656,0.4719037115573883,0.007157236337661743
final,0,W_in,13,16,0.397251695394516,0.38688257336616516,0.01036912202835083
final,0,W_in,14,16,0.37916216254234314,0.3743515610694885,0.004810601472854614
final,0,W_in,15,16,0.4614872336387634,0.4671977460384369,0.005710512399673462
final,0,W_in,16,16,0.40181246399879456,0.3982444703578949,0.003567993640899658
final,0,W_in,17,16,0.3096555471420288,0.31819048523902893,0.008534938097000122
final,0,W_in,18,16,0.4566396474838257,0.454413503408432,0.0022261440753936768
final,0,W_in,19,16,0.49314042925834656,0.4850391149520874,0.008101314306259155
final,0,W_in,20,16,0.4271247982978821,0.42521756887435913,0.0019072294235229492
final,0,W_in,21,16,0.42591390013694763,0.4254312813282013,0.0004826188087463379
final,0,W_in,22,16,0.5042880177497864,0.5005441308021545,0.003743886947631836
final,0,W_in,23,16,0.38935795426368713,0.3944427967071533,0.0050848424434661865
final,0,W_in,24,16,0.5496544241905212,0.536945104598999,0.012709319591522217
final,0,W_in,25,16,0.38199350237846375,0.3895873427391052,0.0075938403606414795
final,0,W_in,26,16,0.3864709734916687,0.3942134380340576,0.007742464542388916
final,0,W_in,27,16,0.5172134041786194,0.5139296650886536,0.0032837390899658203
final,0,W_in,28,16,0.3965112864971161,0.39854705333709717,0.002035766839981079
final,0,W_in,29,16,0.38978278636932373,0.3825865089893341,0.007196277379989624
final,0,W_in,30,16,0.2943946123123169,0.29649338126182556,0.002098768949508667
final,0,W_in,31,16,0.4953612685203552,0.5083523988723755,0.012991130352020264
final,0,W_in,32,16,0.42362844944000244,0.4245569407939911,0.0009284913539886475
final,0,W_in,33,16,0.4171806573867798,0.41536659002304077,0.0018140673637390137
final,0,W_in,34,16,0.34341883659362793,0.3403762876987457,0.003042548894882202
final,0,W_in,35,16,0.4538600444793701,0.46069371700286865,0.006833672523498535
final,0,W_in,36,16,0.3644503355026245,0.3534972369670868,0.01095309853553772
final,0,W_in,37,16,0.5512208938598633,0.5571087002754211,0.005887806415557861
final,0,W_in,38,16,0.47272929549217224,0.45986372232437134,0.012865573167800903
final,0,W_in,39,16,0.5017350316047668,0.5144595503807068,0.012724518775939941
final,0,W_in,40,16,0.4580722749233246,0.4364143908023834,0.021657884120941162
final,0,W_in,41,16,0.3905734419822693,0.3908224105834961,0.00024896860122680664
final,0,W_in,42,16,0.544701099395752,0.5411847233772278,0.00351637601852417
final,0,W_in,43,16,0.40913450717926025,0.4109744727611542,0.001839965581893921
final,0,W_in,44,16,0.3486621081829071,0.3540913164615631,0.005429208278656006
final,0,W_in,45,16,0.45424097776412964,0.4722661077976227,0.018025130033493042
final,0,W_in,46,16,0.37985342741012573,0.37804511189460754,0.0018083155155181885
final,0,W_in,47,16,0.4482751488685608,0.4534701704978943,0.005195021629333496
final,0,W_in,48,16,0.44777676463127136,0.4489770531654358,0.0012002885341644287
final,0,W_in,49,16,0.4853242039680481,0.48319146037101746,0.0021327435970306396
final,0,W_in,50,16,0.36011216044425964,0.35014086961746216,0.009971290826797485
final,0,W_in,51,16,0.44067832827568054,0.4334440231323242,0.007234305143356323
final,0,W_in,52,16,0.47606128454208374,0.48020869493484497,0.0041474103927612305
final,0,W_in,53,16,0.41980499029159546,0.41323211789131165,0.0065728724002838135
final,0,W_in,54,16,0.4796784818172455,0.49248743057250977,0.012808948755264282
final,0,W_in,55,16,0.37565651535987854,0.3806287348270416,0.004972219467163086
final,0,W_in,56,16,0.3740358054637909,0.3758528232574463,0.0018170177936553955
final,0,W_in,57,16,0.4522276818752289,0.4503021240234375,0.0019255578517913818
final,0,W_in,58,16,0.36165109276771545,0.35746467113494873,0.004186421632766724
final,0,W_in,59,16,0.40885260701179504,0.41531065106391907,0.0064580440521240234
final,0,W_in,60,16,0.39927777647972107,0.38300612568855286,0.016271650791168213
final,0,W_in,61,16,0.41909363865852356,0.424473375082016,0.005379736423492432
final,0,W_in,62,16,0.4900970757007599,0.4939471185207367,0.0038500428199768066
final,0,W_in,63,16,0.4944983422756195,0.4883822798728943,0.00611606240272522
final,1,block0.W1,0,16,0.6031727194786072,0.5955779552459717,0.007594764232635498
final,1,block0.W1,1,16,0.48522278666496277,0.4812578558921814,0.003964930772781372
final,1,block0.W1,2,16,0.3282434642314911,0.3338627517223358,0.0056192874908447266
final,1,block0.W1,3,16,0.40455836057662964,0.41259291768074036,0.008034557104110718
final,1,block0.W1,4,16,0.32304906845092773,0.32233723998069763,0.0007118284702301025
final,1,block0.W1,5,16,0.40109768509864807,0.40236249566078186,0.001264810562133789
final,1,block0.W1,6,16,0.4350786507129669,0.43600329756736755,0.0009246468544006348
final,1,block0.W1,7,16,0.4539254903793335,0.44728100299835205,0.006644487380981445
final,1,block0.W1,8,16,0.4421653747558594,0.44781842827796936,0.005653053522109985
final,1,block0.W1,9,16,0.4408329725265503,0.4508594274520874,0.01002645492553711
final,1,block0.W1,10,16,0.4517578184604645,0.4557853043079376,0.0040274858474731445
final,1,block0.W1,11,16,0.39364826679229736,0.411947101354599,0.018298834562301636
final,1,block0.W1,12,16,0.5030794143676758,0.5092548131942749,0.006175398826599121
final,1,block0.W1,13,16,0.5559836626052856,0.5511939525604248,0.00478971004486084
final,1,block0.W1,14,16,0.43729880452156067,0.42701807618141174,0.010280728340148926
final,1,block0.W1,15,16,0.3943106532096863,0.3915228843688965,0.002787768840789795
final,1,block0.W1,16,16,0.3933551609516144,0.39572346210479736,0.0023683011531829834
final,1,block0.W1,17,16,0.4318687319755554,0.43447017669677734,0.002601444721221924
final,1,block0.W1,18,16,0.3510335683822632,0.3304304778575897,0.020603090524673462
final,1,block0.W1,19,16,0.3882487714290619,0.39408549666404724,0.0058367252349853516
final,1,block0.W1,20,16,0.38256147503852844,0.3780321180820465,0.004529356956481934
final,1,block0.W1,21,16,0.4637470245361328,0.4599590003490448,0.0037880241870880127
final,1,block0.W1,22,16,0.43460360169410706,0.436100572347641,0.0014969706535339355
final,1,block0.W1,23,16,0.440239280462265,0.44368836283683777,0.003449082374572754
final,1,block0.W1,24,16,0.47576504945755005,0.5004028081893921,0.02463775873184204
final,1,block0.W1,25,16,0.5019824504852295,0.487233430147171,0.014749020338058472
final,1,block0.W1,26,16,0.4493313133716583,0.4465031027793884,0.0028282105922698975
final,1,block0.W1,27,16,0.43491536378860474,0.43240979313850403,0.002505570650100708
final,1,block0.W1,28,16,0.3759523928165436,0.3697039484977722,0.006248444318771362
final,1,block0.W1,29,16,0.44564783573150635,0.44126078486442566,0.0043870508670806885
final,1,block0.W1,30,16,0.36114978790283203,0.3625762164592743,0.0014264285564422607
final,1,block0.W1,31,16,0.3497084677219391,0.35421159863471985,0.004503130912780762
final,1,block0.W1,32,16,0.46451327204704285,0.4635494351387024,0.0009638369083404541
final,1,block0.W1,33,16,0.3735082447528839,0.37495526671409607,0.0014470219612121582
final,1,block0.W1,34,16,0.3908388912677765,0.4022687077522278,0.011429816484451294
final,1,block0.W1,35,16,0.3911855220794678,0.3893042504787445,0.0018812716007232666
final,1,block0.W1,36,16,0.4540101885795593,0.4556865692138672,0.0016763806343078613
final,1,block0.W1,37,16,0.4472567141056061,0.44585078954696655,0.0014059245586395264
final,1,block0.W1,38,16,0.31528612971305847,0.3177317976951599,0.0024456679821014404
final,1,block0.W1,39,16,0.3547542989253998,0.3572463393211365,0.0024920403957366943
final,1,block0.W1,40,16,0.42233461141586304,0.43567103147506714,0.013336420059204102
final,1,block0.W1,41,16,0.4413169324398041,0.4424668252468109,0.001149892807006836
final,1,block0.W1,42,16,0.4470248818397522,0.4464358687400818,0.0005890130996704102
final,1,block0.W1,43,16,0.4080135226249695,0.41429170966148376,0.006278187036514282
final,1,block0.W1,44,16,0.4112032949924469,0.41057878732681274,0.0006245076656341553
final,1,block0.W1,45,16,0.326048880815506,0.32349956035614014,0.0025493204593658447
final,1,block0.W1,46,16,0.41166916489601135,0.40097519755363464,0.010693967342376709
final,1,block0.W1,47,16,0.4031369090080261,0.3908182382583618,0.012318670749664307
final,1,block0.W1,48,16,0.3735009431838989,0.36709657311439514,0.006404370069503784
final,1,block0.W1,49,16,0.4262735843658447,0.4240173101425171,0.0022562742233276367
final,1,block0.W1,50,16,0.38890811800956726,0.382813036441803,0.006095081567764282
final,1,block0.W1,51,16,0.39472076296806335,0.396193265914917,0.0014725029468536377
final,1,block0.W1,52,16,0.41755127906799316,0.42145973443984985,0.0039084553718566895
final,1,block0.W1,53,16,0.45122280716896057,0.45074784755706787,0.0004749596118927002
final,1,block0.W1,54,16,0.4017893373966217,0.40457475185394287,0.002785414457321167
final,1,block0.W1,55,16,0.544702410697937,0.5442692041397095,0.00043320655822753906
final,1,block0.W1,56,16,0.3070307672023773,0.3107093572616577,0.0036785900592803955
final,1,block0.W1,57,16,0.4364509880542755,0.4281235337257385,0.008327454328536987
final,1,block0.W1,58,16,0.4901732802391052,0.49210894107818604,0.0019356608390808105
final,1,block0.W1,59,16,0.4864824116230011,0.4807117283344269,0.005770683288574219
final,1,block0.W1,60,16,0.3667990267276764,0.3676329255104065,0.0008338987827301025
final,1,block0.W1,61,16,0.5508311986923218,0.5457980632781982,0.005033135414123535
final,1,block0.W1,62,16,0.40161511301994324,0.40369608998298645,0.002080976963043213
final,1,block0.W1,63,16,0.3421393930912018,0.3502136170864105,0.00807422399520874
final,2,block0.W2,0,16,0.4039364159107208,0.40622076392173767,0.0022843480110168457
final,2,block0.W2,1,16,0.41372665762901306,0.4194207787513733,0.0056941211223602295
final,2,block0.W2,2,16,0.40474560856819153,0.4068310260772705,0.0020854175090789795
final,2,block0.W2,3,16,0.41316598653793335,0.41595274209976196,0.0027867555618286133
final,2,block0.W2,4,16,0.5440307855606079,0.539537787437439,0.004492998123168945
final,2,block0.W2,5,16,0.30264174938201904,0.3000319004058838,0.002609848976135254
final,2,block0.W2,6,16,0.35203325748443604,0.35758131742477417,0.005548059940338135
final,2,block0.W2,7,16,0.48767343163490295,0.4823251962661743,0.005348235368728638
final,2,block0.W2,8,16,0.3818117678165436,0.383711040019989,0.0018992722034454346
final,2,block0.W2,9,16,0.377168744802475,0.37942788004875183,0.0022591352462768555
final,2,block0.W2,10,16,0.3794548511505127,0.3731556832790375,0.00629916787147522
final,2,block0.W2,11,16,0.39823514223098755,0.4001609981060028,0.0019258558750152588
final,2,block0.W2,12,16,0.41893091797828674,0.42201560735702515,0.0030846893787384033
final,2,block0.W2,13,16,0.4832818806171417,0.4906136393547058,0.007331758737564087
final,2,block0.W2,14,16,0.43848222494125366,0.4447786509990692,0.006296426057815552
final,2,block0.W2,15,16,0.43576231598854065,0.42750751972198486,0.008254796266555786
final,2,block0.W2,16,16,0.34569820761680603,0.34785985946655273,0.002161651849746704
final,2,block0.W2,17,16,0.36062994599342346,0.3613651394844055,0.0007351934909820557
final,2,block0.W2,18,16,0.4036194682121277,0.41251036524772644,0.008890897035598755
final,2,block0.W2,19,16,0.39057230949401855,0.39495769143104553,0.0043853819370269775
final,2,block0.W2,20,16,0.42331627011299133,0.43083256483078003,0.007516294717788696
final,2,block0.W2,21,16,0.45137786865234375,0.4457879066467285,0.005589962005615234
final,2,block0.W2,22,16,0.3241272270679474,0.32177963852882385,0.002347588539123535
final,2,block0.W2,23,16,0.5109303593635559,0.5096026659011841,0.0013276934623718262
final,2,block0.W2,24,16,0.3163282871246338,0.3127654194831848,0.0035628676414489746
final,2,block0.W2,25,16,0.42712417244911194,0.42845091223716736,0.00132673978805542
final,2,block0.W2,26,16,0.5215950012207031,0.524207353591919,0.0026123523712158203
final,2,block0.W2,27,16,0.4156564474105835,0.4202646315097809,0.004608184099197388
final,2,block0.W2,28,16,0.5352339148521423,0.5344572067260742,0.0007767081260681152
final,2,block0.W2,29,16,0.3378433883190155,0.33447927236557007,0.0033641159534454346
final,2,block0.W2,30,16,0.4234652519226074,0.41461479663848877,0.008850455284118652
final,2,block0.W2,31,16,0.5640259385108948,0.5745488405227661,0.010522902011871338
final,2,block0.W2,32,16,0.37513449788093567,0.3737229108810425,0.0014115869998931885
final,2,block0.W2,33,16,0.38724997639656067,0.38563016057014465,0.0016198158264160156
final,2,block0.W2,34,16,0.4336455166339874,0.4402271807193756,0.006581664085388184
final,2,block0.W2,35,16,0.4169471263885498,0.40964600443840027,0.007301121950149536
final,2,block0.W2,36,16,0.5338302254676819,0.5340633392333984,0.00023311376571655273
final,2,block0.W2,37,16,0.32848799228668213,0.32751625776290894,0.0009717345237731934
final,2,block0.W2,38,16,0.38092076778411865,0.3810817003250122,0.0001609325408935547
final,2,block0.W2,39,16,0.3759481608867645,0.38808587193489075,0.01213771104812622
final,2,block0.W2,40,16,0.4138117730617523,0.4011881947517395,0.012623578310012817
final,2,block0.W2,41,16,0.3592763841152191,0.3612740635871887,0.0019976794719696045
final,2,block0.W2,42,16,0.3644759953022003,0.3569871187210083,0.007488876581192017
final,2,block0.W2,43,16,0.4447464942932129,0.4372522234916687,0.0074942708015441895
final,2,block0.W2,44,16,0.44111841917037964,0.4400983452796936,0.0010200738906860352
final,2,block0.W2,45,16,0.42121317982673645,0.4202125370502472,0.0010006427764892578
final,2,block0.W2,46,16,0.35175928473472595,0.3526190221309662,0.0008597373962402344
final,2,block0.W2,47,16,0.40420395135879517,0.39569059014320374,0.00851336121559143
final,2,block0.W2,48,16,0.3493953347206116,0.34755006432533264,0.0018452703952789307
final,2,block0.W2,49,16,0.34922367334365845,0.34759077429771423,0.0016328990459442139
final,2,block0.W2,50,16,0.4315677881240845,0.43487709760665894,0.003309309482574463
final,2,block0.W2,51,16,0.3816393315792084,0.3852662146091461,0.003626883029937744
final,2,block0.W2,52,16,0.40837618708610535,0.4049893319606781,0.003386855125427246
final,2,block0.W2,53,16,0.38005495071411133,0.3888999819755554,0.008845031261444092
final,2,block0.W2,54,16,0.5274975299835205,0.5416618585586548,0.014164328575134277
final,2,block0.W2,55,16,0.3704182207584381,0.37020403146743774,0.0002141892910003662
final,2,block0.W2,56,16,0.3831823170185089,0.3792118430137634,0.003970474004745483
final,2,block0.W2,57,16,0.3926417827606201,0.3860113024711609,0.0066304802894592285
final,2,block0.W2,58,16,0.4795149564743042,0.4792540371417999,0.00026091933250427246
final,2,block0.W2,59,16,0.44684258103370667,0.43851351737976074,0.008329063653945923
final,2,block0.W2,60,16,0.4165169894695282,0.4227532148361206,0.006236225366592407
final,2,block0.W2,61,16,0.3263721168041229,0.3256435990333557,0.0007285177707672119
final,2,block0.W2,62,16,0.4429532587528229,0.43665701150894165,0.006296247243881226
final,2,block0.W2,63,16,0.41870373487472534,0.4216911196708679,0.002987384796142578
final,3,block1.W1,0,16,0.40229082107543945,0.4000495374202728,0.002241283655166626
final,3,block1.W1,1,16,0.4021742343902588,0.4023487865924835,0.00017455220222473145
final,3,block1.W1,2,16,0.42204681038856506,0.4187297224998474,0.0033170878887176514
final,3,block1.W1,3,16,0.41778111457824707,0.41683682799339294,0.000944286584854126
final,3,block1.W1,4,16,0.4507763087749481,0.45314809679985046,0.0023717880249023438
final,3,block1.W1,5,16,0.456847608089447,0.4630378186702728,0.006190210580825806
final,3,block1.W1,6,16,0.375828355550766,0.3721844553947449,0.003643900156021118
final,3,block1.W1,7,16,0.3052673637866974,0.30726155638694763,0.001994192600250244
final,3,block1.W1,8,16,0.44619837403297424,0.44243913888931274,0.003759235143661499
final,3,block1.W1,9,16,0.5126177072525024,0.5196315050125122,0.007013797760009766
final,3,block1.W1,10,16,0.44370460510253906,0.44266077876091003,0.0010438263416290283
final,3,block1.W1,11,16,0.5129674077033997,0.5162664651870728,0.0032990574836730957
final,3,block1.W1,12,16,0.4515104591846466,0.45343345403671265,0.00192299485206604
final,3,block1.W1,13,16,0.4833139479160309,0.48472023010253906,0.0014062821865081787
final,3,block1.W1,14,16,0.39258626103401184,0.3903091549873352,0.0022771060466766357
final,3,block1.W1,15,16,0.39265748858451843,0.39532458782196045,0.0026670992374420166
final,3,block1.W1,16,16,0.4161362946033478,0.415551096200943,0.0005851984024047852
final,3,block1.W1,17,16,0.465977281332016,0.4659067988395691,7.048249244689941e-05
final,3,block1.W1,18,16,0.34436509013175964,0.34398096799850464,0.0003841221332550049
final,3,block1.W1,19,16,0.4083207845687866,0.4119349420070648,0.0036141574382781982
final,3,block1.W1,20,16,0.40646371245384216,0.40780267119407654,0.001338958740234375
final,3,block1.W1,21,16,0.4052872061729431,0.39822065830230713,0.007066547870635986
final,3,block1.W1,22,16,0.41548237204551697,0.41330233216285706,0.002180039882659912
final,3,block1.W1,23,16,0.27271485328674316,0.27413681149482727,0.0014219582080841064
final,3,block1.W1,24,16,0.48636120557785034,0.4918041527271271,0.005442947149276733
final,3,block1.W1,25,16,0.3954044282436371,0.39090240001678467,0.004502028226852417
final,3,block1.W1,26,16,0.4522678852081299,0.4526144862174988,0.0003466010093688965
final,3,block1.W1,27,16,0.38987302780151367,0.3888265788555145,0.0010464489459991455
final,3,block1.W1,28,16,0.3738887310028076,0.37284624576568604,0.001042485237121582
final,3,block1.W1,29,16,0.42993399500846863,0.42625364661216736,0.0036803483963012695
final,3,block1.W1,30,16,0.4341495633125305,0.4290868043899536,0.005062758922576904
final,3,block1.W1,31,16,0.44398748874664307,0.44424453377723694,0.00025704503059387207
final,3,block1.W1,32,16,0.5086372494697571,0.49882006645202637,0.009817183017730713
final,3,block1.W1,33,16,0.347190797328949,0.3466455638408661,0.0005452334880828857
final,3,block1.W1,34,16,0.3944651186466217,0.39265263080596924,0.0018124878406524658
final,3,block1.W1,35,16,0.3510834872722626,0.3435162305831909,0.007567256689071655
final,3,block1.W1,36,16,0.44753745198249817,0.4486117959022522,0.0010743439197540283
final,3,block1.W1,37,16,0.3906061351299286,0.3932631015777588,0.0026569664478302
final,3,block1.W1,38,16,0.3519122004508972,0.35563185811042786,0.0037196576595306396
final,3,block1.W1,39,16,0.3929709792137146,0.3860599994659424,0.006910979747772217
final,3,block1.W1,40,16,0.3313905596733093,0.3289247751235962,0.0024657845497131348
final,3,block1.W1,41,16,0.4927794635295868,0.4982842206954956,0.0055047571659088135
final,3,block1.W1,42,16,0.3330402374267578,0.33401498198509216,0.0009747445583343506
final,3,block1.W1,43,16,0.3875129818916321,0.392258882522583,0.004745900630950928
final,3,block1.W1,44,16,0.33752667903900146,0.3420143127441406,0.00448763370513916
final,3,block1.W1,45,16,0.41251006722450256,0.4127693772315979,0.0002593100070953369
final,3,block1.W1,46,16,0.38549768924713135,0.3863660395145416,0.0008683502674102783
final,3,block1.W1,47,16,0.39547592401504517,0.39934754371643066,0.003871619701385498
final,3,block1.W1,48,16,0.36221346259117126,0.35810089111328125,0.004112571477890015
final,3,block1.W1,49,16,0.4322497844696045,0.4366694688796997,0.004419684410095215
final,3,block1.W1,50,16,0.39370667934417725,0.39379915595054626,9.247660636901855e-05
final,3,block1.W1,51,16,0.41411739587783813,0.40991315245628357,0.004204243421554565
final,3,block1.W1,52,16,0.5229358077049255,0.5299587845802307,0.007022976875305176
final,3,block1.W1,53,16,0.3764870762825012,0.37291577458381653,0.0035713016986846924
final,3,block1.W1,54,16,0.29738107323646545,0.2968333661556244,0.0005477070808410645
final,3,block1.W1,55,16,0.42626672983169556,0.42789313197135925,0.0016264021396636963
final,3,block1.W1,56,16,0.41303229331970215,0.41344279050827026,0.00041049718856811523
final,3,block1.W1,57,16,0.39222267270088196,0.3848320543766022,0.007390618324279785
final,3,block1.W1,58,16,0.439557820558548,0.43740221858024597,0.002155601978302002
final,3,block1.W1,59,16,0.40762007236480713,0.40355384349823,0.0040662288665771484
final,3,block1.W1,60,16,0.32593271136283875,0.3230407238006592,0.0028919875621795654
final,3,block1.W1,61,16,0.33597615361213684,0.3349287807941437,0.001047372817993164
final,3,block1.W1,62,16,0.44873401522636414,0.4575180113315582,0.008783996105194092
final,3,block1.W1,63,16,0.4013412892818451,0.40175697207450867,0.0004156827926635742
final,4,block1.W2,0,16,0.4915522336959839,0.4919697046279907,0.00041747093200683594
final,4,block1.W2,1,16,0.39105257391929626,0.3948916792869568,0.0038391053676605225
final,4,block1.W2,2,16,0.5611786842346191,0.553006649017334,0.008172035217285156
final,4,block1.W2,3,16,0.34425193071365356,0.35289058089256287,0.008638650178909302
final,4,block1.W2,4,16,0.3545248508453369,0.35759034752845764,0.0030654966831207275
final,4,block1.W2,5,16,0.42374536395072937,0.4286267161369324,0.004881352186203003
final,4,block1.W2,6,16,0.3268930912017822,0.3269970118999481,0.00010392069816589355
final,4,block1.W2,7,16,0.4604892134666443,0.4656149744987488,0.005125761032104492
final,4,block1.W2,8,16,0.4611241817474365,0.46391811966896057,0.002793937921524048
final,4,block1.W2,9,16,0.34094688296318054,0.3397609293460846,0.0011859536170959473
final,4,block1.W2,10,16,0.33812379837036133,0.34109294414520264,0.0029691457748413086
final,4,block1.W2,11,16,0.40318214893341064,0.4064731001853943,0.0032909512519836426
final,4,block1.W2,12,16,0.4965372681617737,0.48779720067977905,0.008740067481994629
final,4,block1.W2,13,16,0.44635188579559326,0.44884809851646423,0.0024962127208709717
final,4,block1.W2,14,16,0.39671289920806885,0.3982434868812561,0.0015305876731872559
final,4,block1.W2,15,16,0.32297784090042114,0.32644233107566833,0.0034644901752471924
final,4,block1.W2,16,16,0.3907688856124878,0.3917328119277954,0.0009639263153076172
final,4,block1.W2,17,16,0.3767300546169281,0.3735673427581787,0.0031627118587493896
final,4,block1.W2,18,16,0.3571966588497162,0.35452282428741455,0.0026738345623016357
final,4,block1.W2,19,16,0.4292301833629608,0.42592954635620117,0.0033006370067596436
final,4,block1.W2,20,16,0.41022881865501404,0.41710200905799866,0.006873190402984619
final,4,block1.W2,21,16,0.38278061151504517,0.38531258702278137,0.002531975507736206
final,4,block1.W2,22,16,0.35269132256507874,0.3491245210170746,0.0035668015480041504
final,4,block1.W2,23,16,0.428900808095932,0.42674052715301514,0.00216028094291687
final,4,block1.W2,24,16,0.4830142855644226,0.48647934198379517,0.0034650564193725586
final,4,block1.W2,25,16,0.3734077513217926,0.3737427294254303,0.0003349781036376953
final,4,block1.W2,26,16,0.42248213291168213,0.4231009781360626,0.0006188452243804932
final,4,block1.W2,27,16,0.3989410400390625,0.396065354347229,0.002875685691833496
final,4,block1.W2,28,16,0.3381385803222656,0.3376884460449219,0.00045013427734375
final,4,block1.W2,29,16,0.4043063521385193,0.40913817286491394,0.004831820726394653
final,4,block1.W2,30,16,0.3557949364185333,0.35198211669921875,0.003812819719314575
final,4,block1.W2,31,16,0.31579333543777466,0.3158434331417084,5.009770393371582e-05
final,4,block1.W2,32,16,0.3930779695510864,0.39210349321365356,0.0009744763374328613
final,4,block1.W2,33,16,0.3454316556453705,0.3483009934425354,0.002869337797164917
final,4,block1.W2,34,16,0.35453104972839355,0.3567190170288086,0.002187967300415039
final,4,block1.W2,35,16,0.3362993001937866,0.3363158404827118,1.65402889251709e-05
final,4,block1.W2,36,16,0.3807995021343231,0.3833891451358795,0.0025896430015563965
final,4,block1.W2,37,16,0.43077579140663147,0.43263065814971924,0.0018548667430877686
final,4,block1.W2,38,16,0.4135717451572418,0.41932493448257446,0.005753189325332642
final,4,block1.W2,39,16,0.3003157079219818,0.3008894622325897,0.0005737543106079102
final,4,block1.W2,40,16,0.425897479057312,0.4324662685394287,0.006568789482116699
final,4,block1.W2,41,16,0.36015135049819946,0.3607972264289856,0.0006458759307861328
final,4,block1.W2,42,16,0.39210718870162964,0.39389315247535706,0.001785963773727417
final,4,block1.W2,43,16,0.297812283039093,0.2987513542175293,0.0009390711784362793
final,4,block1.W2,44,16,0.4108884334564209,0.4140559136867523,0.003167480230331421
final,4,block1.W2,45,16,0.4917730987071991,0.47573623061180115,0.01603686809539795
final,4,block1.W2,46,16,0.41358035802841187,0.41046062111854553,0.003119736909866333
final,4,block1.W2,47,16,0.4933777153491974,0.5031994581222534,0.00982174277305603
final,4,block1.W2,48,16,0.3809841275215149,0.37633445858955383,0.00464966893196106
final,4,block1.W2,49,16,0.3846166729927063,0.38814106583595276,0.00352439284324646
final,4,block1.W2,50,16,0.42479726672172546,0.4244210124015808,0.0003762543201446533
final,4,block1.W2,51,16,0.42480453848838806,0.4285328984260559,0.0037283599376678467
final,4,block1.W2,52,16,0.5533885955810547,0.552685022354126,0.0007035732269287109
final,4,block1.W2,53,16,0.43915289640426636,0.43076103925704956,0.008391857147216797
final,4,block1.W2,54,16,0.46586766839027405,0.47021690011024475,0.004349231719970703
final,4,block1.W2,55,16,0.3685919940471649,0.3662002980709076,0.0023916959762573242
final,4,block1.W2,56,16,0.39815977215766907,0.39840608835220337,0.00024631619453430176
final,4,block1.W2,57,16,0.47176727652549744,0.47524410486221313,0.0034768283367156982
final,4,block1.W2,58,16,0.48273932933807373,0.48037075996398926,0.0023685693740844727
final,4,block1.W2,59,16,0.3125266134738922,0.31335631012916565,0.0008296966552734375
final,4,block1.W2,60,16,0.35808607935905457,0.3550933301448822,0.0029927492141723633
final,4,block1.W2,61,16,0.4358980059623718,0.43159249424934387,0.004305511713027954
final,4,block1.W2,62,16,0.4387146830558777,0.43499642610549927,0.003718256950378418
final,4,block1.W2,63,16,0.3749859631061554,0.37356510758399963,0.0014208555221557617
final,5,block2.W1,0,16,0.4788235127925873,0.47563737630844116,0.003186136484146118
final,5,block2.W1,1,16,0.364199697971344,0.36289075016975403,0.0013089478015899658
final,5,block2.W1,2,16,0.41790902614593506,0.4167481064796448,0.0011609196662902832
final,5,block2.W1,3,16,0.3488219082355499,0.34743747115135193,0.001384437084197998
final,5,block2.W1,4,16,0.40876805782318115,0.40596655011177063,0.0028015077114105225
final,5,block2.W1,5,16,0.3280000686645508,0.3290207087993622,0.0010206401348114014
final,5,block2.W1,6,16,0.4776650369167328,0.4764655828475952,0.0011994540691375732
final,5,block2.W1,7,16,0.4167860746383667,0.41550320386886597,0.0012828707695007324
final,5,block2.W1,8,16,0.4235653579235077,0.4234335422515869,0.00013181567192077637
final,5,block2.W1,9,16,0.41483965516090393,0.41583251953125,0.0009928643703460693
final,5,block2.W1,10,16,0.46294933557510376,0.46607762575149536,0.0031282901763916016
final,5,block2.W1,11,16,0.40331530570983887,0.40154537558555603,0.001769930124282837
final,5,block2.W1,12,16,0.4536568820476532,0.4545576870441437,0.0009008049964904785
final,5,block2.W1,13,16,0.391063392162323,0.3914608657360077,0.0003974735736846924
final,5,block2.W1,14,16,0.3961283266544342,0.39968687295913696,0.003558546304702759
final,5,block2.W1,15,16,0.44970548152923584,0.4470110833644867,0.0026943981647491455
final,5,block2.W1,16,16,0.4282749593257904,0.4249061346054077,0.0033688247203826904
final,5,block2.W1,17,16,0.4179844260215759,0.41348394751548767,0.004500478506088257
final,5,block2.W1,18,16,0.49722519516944885,0.49759405851364136,0.0003688633441925049
final,5,block2.W1,19,16,0.5331332683563232,0.5236144065856934,0.009518861770629883
final,5,block2.W1,20,16,0.4677138328552246,0.46687453985214233,0.0008392930030822754
final,5,block2.W1,21,16,0.3080090880393982,0.30906790494918823,0.001058816909790039
final,5,block2.W1,22,16,0.3088420033454895,0.3081974983215332,0.0006445050239562988
final,5,block2.W1,23,16,0.4890574514865875,0.4879169166088104,0.0011405348777770996
final,5,block2.W1,24,16,0.475664347410202,0.4689517617225647,0.006712585687637329
final,5,block2.W1,25,16,0.40313920378685,0.40491560101509094,0.0017763972282409668
final,5,block2.W1,26,16,0.5052265524864197,0.5023257732391357,0.0029007792472839355
final,5,block2.W1,27,16,0.43212881684303284,0.42787718772888184,0.004251629114151001
final,5,block2.W1,28,16,0.47952160239219666,0.48252683877944946,0.0030052363872528076
final,5,block2.W1,29,16,0.3488411009311676,0.34340980648994446,0.0054312944412231445
final,5,block2.W1,30,16,0.35326892137527466,0.3525998592376709,0.0006690621376037598
final,5,block2.W1,31,16,0.5178024172782898,0.5187440514564514,0.0009416341781616211
final,5,block2.W1,32,16,0.3858826458454132,0.3839613199234009,0.001921325922012329
final,5,block2.W1,33,16,0.32891762256622314,0.32941344380378723,0.0004958212375640869
final,5,block2.W1,34,16,0.35475730895996094,0.35280749201774597,0.0019498169422149658
final,5,block2.W1,35,16,0.41144344210624695,0.4118722677230835,0.00042882561683654785
final,5,block2.W1,36,16,0.39717137813568115,0.39652910828590393,0.0006422698497772217
final,5,block2.W1,37,16,0.39617720246315,0.39197826385498047,0.004198938608169556
final,5,block2.W1,38,16,0.37155696749687195,0.3727162182331085,0.0011592507362365723
final,5,block2.W1,39,16,0.4342830777168274,0.4325287640094757,0.0017543137073516846
final,5,block2.W1,40,16,0.3177507519721985,0.3169640004634857,0.0007867515087127686
final,5,block2.W1,41,16,0.3344746232032776,0.33414050936698914,0.00033411383628845215
final,5,block2.W1,42,16,0.3941359519958496,0.39519622921943665,0.0010602772235870361
final,5,block2.W1,43,16,0.31357505917549133,0.31596115231513977,0.0023860931396484375
final,5,block2.W1,44,16,0.3711816370487213,0.3736294209957123,0.002447783946990967
final,5,block2.W1,45,16,0.3764798939228058,0.37818098068237305,0.0017010867595672607
final,5,block2.W1,46,16,0.4784175157546997,0.476902037858963,0.0015154778957366943
final,5,block2.W1,47,16,0.3862265646457672,0.38758793473243713,0.0013613700866699219
final,5,block2.W1,48,16,0.38552606105804443,0.384555459022522,0.0009706020355224609
final,5,block2.W1,49,16,0.427566796541214,0.4314601421356201,0.003893345594406128
final,5,block2.W1,50,16,0.43021151423454285,0.4315315783023834,0.0013200640678405762
final,5,block2.W1,51,16,0.4509134888648987,0.45172998309135437,0.0008164942264556885
final,5,block2.W1,52,16,0.35150396823883057,0.3505869507789612,0.0009170174598693848
final,5,block2.W1,53,16,0.42179080843925476,0.42456114292144775,0.002770334482192993
final,5,block2.W1,54,16,0.3247915506362915,0.3237183392047882,0.001073211431503296
final,5,block2.W1,55,16,0.4130067527294159,0.4127052426338196,0.0003015100955963135
final,5,block2.W1,56,16,0.4512609839439392,0.4524812400341034,0.0012202560901641846
final,5,block2.W1,57,16,0.362194299697876,0.36128389835357666,0.0009104013442993164
final,5,block2.W1,58,16,0.45933210849761963,0.4616391956806183,0.0023070871829986572
final,5,block2.W1,59,16,0.43001052737236023,0.42913299798965454,0.0008775293827056885
final,5,block2.W1,60,16,0.4012310206890106,0.40059852600097656,0.0006324946880340576
final,5,block2.W1,61,16,0.33511123061180115,0.3345322012901306,0.0005790293216705322
final,5,block2.W1,62,16,0.4351489841938019,0.433906614780426,0.0012423694133758545
final,5,block2.W1,63,16,0.2515692710876465,0.2496347576379776,0.0019345134496688843
final,6,block2.W2,0,16,0.5361226201057434,0.5362744927406311,0.0001518726348876953
final,6,block2.W2,1,16,0.41655683517456055,0.4105374813079834,0.0060193538665771484
final,6,block2.W2,2,16,0.35657429695129395,0.3567031919956207,0.00012889504432678223
final,6,block2.W2,3,16,0.4348348081111908,0.4315861463546753,0.003248661756515503
final,6,block2.W2,4,16,0.4794495105743408,0.48275265097618103,0.00330314040184021
final,6,block2.W2,5,16,0.4198271930217743,0.4195992946624756,0.00022789835929870605
final,6,block2.W2,6,16,0.39579835534095764,0.39351338148117065,0.0022849738597869873
final,6,block2.W2,7,16,0.4053279757499695,0.4078772962093353,0.0025493204593658447
final,6,block2.W2,8,16,0.32930007576942444,0.3325974643230438,0.0032973885536193848
final,6,block2.W2,9,16,0.45970651507377625,0.4589399993419647,0.0007665157318115234
final,6,block2.W2,10,16,0.37294721603393555,0.36963990330696106,0.0033073127269744873
final,6,block2.W2,11,16,0.40391650795936584,0.39964553713798523,0.004270970821380615
final,6,block2.W2,12,16,0.4267174303531647,0.4285740554332733,0.0018566250801086426
final,6,block2.W2,13,16,0.4482419788837433,0.44730591773986816,0.0009360611438751221
final,6,block2.W2,14,16,0.3033232092857361,0.299283504486084,0.0040397047996521
final,6,block2.W2,15,16,0.3574018180370331,0.36498239636421204,0.007580578327178955
final,6,block2.W2,16,16,0.5387561321258545,0.5399074554443359,0.0011513233184814453
final,6,block2.W2,17,16,0.4029702842235565,0.4042428731918335,0.0012725889682769775
final,6,block2.W2,18,16,0.40527403354644775,0.40698060393333435,0.0017065703868865967
final,6,block2.W2,19,16,0.6144887208938599,0.6136643290519714,0.0008243918418884277
final,6,block2.W2,20,16,0.46584412455558777,0.4701502323150635,0.004306107759475708
final,6,block2.W2,21,16,0.38522574305534363,0.38372790813446045,0.0014978349208831787
final,6,block2.W2,22,16,0.3513031303882599,0.3521954417228699,0.0008923113346099854
final,6,block2.W2,23,16,0.41368597745895386,0.415738970041275,0.002052992582321167
final,6,block2.W2,24,16,0.2692216634750366,0.27215635776519775,0.002934694290161133
final,6,block2.W2,25,16,0.3928714394569397,0.3897036612033844,0.003167778253555298
final,6,block2.W2,26,16,0.41393378376960754,0.41426029801368713,0.00032651424407958984
final,6,block2.W2,27,16,0.4187988340854645,0.423794686794281,0.004995852708816528
final,6,block2.W2,28,16,0.4146564304828644,0.4134828448295593,0.0011735856533050537
final,6,block2.W2,29,16,0.4484262764453888,0.4498988091945648,0.0014725327491760254
final,6,block2.W2,30,16,0.4577435255050659,0.4591536521911621,0.0014101266860961914
final,6,block2.W2,31,16,0.4568225145339966,0.45513713359832764,0.0016853809356689453
final,6,block2.W2,32,16,0.6107614040374756,0.6173909902572632,0.006629586219787598
final,6,block2.W2,33,16,0.4029412865638733,0.402388334274292,0.0005529522895812988
final,6,block2.W2,34,16,0.3843453824520111,0.38027551770210266,0.004069864749908447
final,6,block2.W2,35,16,0.4546593129634857,0.45652344822883606,0.0018641352653503418
final,6,block2.W2,36,16,0.3713358938694,0.3708208203315735,0.0005150735378265381
final,6,block2.W2,37,16,0.31270653009414673,0.3101217746734619,0.0025847554206848145
final,6,block2.W2,38,16,0.3714207112789154,0.3708687424659729,0.0005519688129425049
final,6,block2.W2,39,16,0.37336334586143494,0.37360504269599915,0.00024169683456420898
final,6,block2.W2,40,16,0.4281737208366394,0.4286317527294159,0.00045803189277648926
final,6,block2.W2,41,16,0.37688156962394714,0.37866511940956116,0.0017835497856140137
final,6,block2.W2,42,16,0.33749303221702576,0.3377891778945923,0.0002961456775665283
final,6,block2.W2,43,16,0.4112744629383087,0.4118111729621887,0.0005367100238800049
final,6,block2.W2,44,16,0.44200167059898376,0.44219738245010376,0.00019571185111999512
final,6,block2.W2,45,16,0.39175212383270264,0.3912597894668579,0.0004923343658447266
final,6,block2.W2,46,16,0.3350283205509186,0.3370383381843567,0.0020100176334381104
final,6,block2.W2,47,16,0.3660829961299896,0.3685092628002167,0.0024262666702270508
final,6,block2.W2,48,16,0.28666558861732483,0.28250616788864136,0.004159420728683472
final,6,block2.W2,49,16,0.38442376255989075,0.3900958001613617,0.005672037601470947
final,6,block2.W2,50,16,0.4885481595993042,0.49095582962036133,0.002407670021057129
final,6,block2.W2,51,16,0.4010683298110962,0.4037064015865326,0.0026380717754364014
final,6,block2.W2,52,16,0.4111550748348236,0.4134593605995178,0.002304285764694214
final,6,block2.W2,53,16,0.3988373577594757,0.40043410658836365,0.0015967488288879395
final,6,block2.W2,54,16,0.3970169723033905,0.39206448197364807,0.004952490329742432
final,6,block2.W2,55,16,0.3858044743537903,0.39115047454833984,0.0053460001945495605
final,6,block2.W2,56,16,0.5505473613739014,0.5489732027053833,0.0015741586685180664
final,6,block2.W2,57,16,0.3774002492427826,0.38047266006469727,0.003072410821914673
final,6,block2.W2,58,16,0.4295908510684967,0.4317302107810974,0.002139359712600708
final,6,block2.W2,59,16,0.4295378029346466,0.42772915959358215,0.0018086433410644531
final,6,block2.W2,60,16,0.38011473417282104,0.38030675053596497,0.0001920163631439209
final,6,block2.W2,61,16,0.44295617938041687,0.44072258472442627,0.0022335946559906006
final,6,block2.W2,62,16,0.3226702809333801,0.3264169692993164,0.0037466883659362793
final,6,block2.W2,63,16,0.33459973335266113,0.33174923062324524,0.0028505027294158936
final,7,block3.W1,0,16,0.3859187960624695,0.3832032382488251,0.002715557813644409
final,7,block3.W1,1,16,0.3346659243106842,0.3307977616786957,0.0038681626319885254
final,7,block3.W1,2,16,0.37386882305145264,0.3766569197177887,0.0027880966663360596
final,7,block3.W1,3,16,0.35422760248184204,0.3514162003993988,0.0028114020824432373
final,7,block3.W1,4,16,0.4250766336917877,0.42823725938796997,0.003160625696182251
final,7,block3.W1,5,16,0.35972166061401367,0.35823875665664673,0.0014829039573669434
final,7,block3.W1,6,16,0.4305265545845032,0.4299558699131012,0.0005706846714019775
final,7,block3.W1,7,16,0.39866024255752563,0.39672985672950745,0.0019303858280181885
final,7,block3.W1,8,16,0.4143557846546173,0.4124554693698883,0.001900315284729004
final,7,block3.W1,9,16,0.5465367436408997,0.5480054616928101,0.0014687180519104004
final,7,block3.W1,10,16,0.41732776165008545,0.4213199019432068,0.003992140293121338
final,7,block3.W1,11,16,0.3551718592643738,0.35627564787864685,0.0011037886142730713
final,7,block3.W1,12,16,0.4929821491241455,0.49277451634407043,0.00020763278007507324
final,7,block3.W1,13,16,0.4137045443058014,0.4133971333503723,0.00030741095542907715
final,7,block3.W1,14,16,0.3777567148208618,0.3784619867801666,0.0007052719593048096
final,7,block3.W1,15,16,0.3036034405231476,0.30608367919921875,0.002480238676071167
final,7,block3.W1,16,16,0.45784416794776917,0.4535919427871704,0.004252225160598755
final,7,block3.W1,17,16,0.45419183373451233,0.45483091473579407,0.0006390810012817383
final,7,block3.W1,18,16,0.4631516635417938,0.4624517560005188,0.0006999075412750244
final,7,block3.W1,19,16,0.3609754741191864,0.3587976396083832,0.0021778345108032227
final,7,block3.W1,20,16,0.3581806421279907,0.357185035943985,0.0009956061840057373
final,7,block3.W1,21,16,0.36355510354042053,0.36740222573280334,0.0038471221923828125
final,7,block3.W1,22,16,0.425918847322464,0.4231477379798889,0.0027711093425750732
final,7,block3.W1,23,16,0.3581010103225708,0.3572324812412262,0.0008685290813446045
final,7,block3.W1,24,16,0.4464628994464874,0.4498478174209595,0.003384917974472046
final,7,block3.W1,25,16,0.5824623107910156,0.5836635828018188,0.0012012720108032227
final,7,block3.W1,26,16,0.5060791969299316,0.5093154311180115,0.003236234188079834
final,7,block3.W1,27,16,0.4065047800540924,0.4076818525791168,0.001177072525024414
final,7,block3.W1,28,16,0.3580482006072998,0.35959455370903015,0.0015463531017303467
final,7,block3.W1,29,16,0.4095260500907898,0.40841835737228394,0.0011076927185058594
final,7,block3.W1,30,16,0.33210885524749756,0.3348974883556366,0.002788633108139038
final,7,block3.W1,31,16,0.47336047887802124,0.474957138299942,0.0015966594219207764
final,7,block3.W1,32,16,0.5032585859298706,0.5025690197944641,0.0006895661354064941
final,7,block3.W1,33,16,0.4433668553829193,0.44049420952796936,0.002872645854949951
final,7,block3.W1,34,16,0.3545818328857422,0.353447288274765,0.0011345446109771729
final,7,block3.W1,35,16,0.3641199469566345,0.36269617080688477,0.0014237761497497559
final,7,block3.W1,36,16,0.4203120768070221,0.4235096275806427,0.0031975507736206055
final,7,block3.W1,37,16,0.3499709963798523,0.3498920202255249,7.897615432739258e-05
final,7,block3.W1,38,16,0.4076063930988312,0.40457531809806824,0.0030310750007629395
final,7,block3.W1,39,16,0.39609694480895996,0.39548051357269287,0.0006164312362670898
final,7,block3.W1,40,16,0.4191826283931732,0.41422587633132935,0.004956752061843872
final,7,block3.W1,41,16,0.32960107922554016,0.3303438723087311,0.000742793083190918
final,7,block3.W1,42,16,0.3847533166408539,0.38730350136756897,0.002550184726715088
final,7,block3.W1,43,16,0.40257030725479126,0.3971630036830902,0.00540730357170105
final,7,block3.W1,44,16,0.35934194922447205,0.3602909743785858,0.0009490251541137695
final,7,block3.W1,45,16,0.3792570233345032,0.37764978408813477,0.0016072392463684082
final,7,block3.W1,46,16,0.28947150707244873,0.2886158227920532,0.0008556842803955078
final,7,block3.W1,47,16,0.3674907386302948,0.365052729845047,0.0024380087852478027
final,7,block3.W1,48,16,0.6521695256233215,0.6563248038291931,0.004155278205871582
final,7,block3.W1,49,16,0.4020269215106964,0.4009334146976471,0.0010935068130493164
final,7,block3.W1,50,16,0.3145499527454376,0.31293004751205444,0.0016199052333831787
final,7,block3.W1,51,16,0.4621356427669525,0.4617593586444855,0.000376284122467041
final,7,block3.W1,52,16,0.47400349378585815,0.47501638531684875,0.0010128915309906006
final,7,block3.W1,53,16,0.42872777581214905,0.4274342954158783,0.001293480396270752
final,7,block3.W1,54,16,0.37640607357025146,0.3771333694458008,0.0007272958755493164
final,7,block3.W1,55,16,0.4598282277584076,0.4617791473865509,0.0019509196281433105
final,7,block3.W1,56,16,0.43387696146965027,0.43295004963874817,0.0009269118309020996
final,7,block3.W1,57,16,0.412700891494751,0.4132428467273712,0.0005419552326202393
final,7,block3.W1,58,16,0.4441080391407013,0.4456407129764557,0.0015326738357543945
final,7,block3.W1,59,16,0.4068446755409241,0.40669742226600647,0.00014725327491760254
final,7,block3.W1,60,16,0.3205009698867798,0.32166409492492676,0.0011631250381469727
final,7,block3.W1,61,16,0.3991580605506897,0.4017387628555298,0.002580702304840088
final,7,block3.W1,62,16,0.5267871022224426,0.5253459215164185,0.00144118070602417
final,7,block3.W1,63,16,0.34657859802246094,0.3443596065044403,0.00221899151802063
final,8,block3.W2,0,16,0.40250444412231445,0.4017886221408844,0.0007158219814300537
final,8,block3.W2,1,16,0.3844013214111328,0.3857097029685974,0.0013083815574645996
final,8,block3.W2,2,16,0.3773611783981323,0.3770208954811096,0.0003402829170227051
final,8,block3.W2,3,16,0.3873128294944763,0.3845371603965759,0.0027756690979003906
final,8,block3.W2,4,16,0.4453907608985901,0.4474513828754425,0.002060621976852417
final,8,block3.W2,5,16,0.4277234971523285,0.4265056550502777,0.0012178421020507812
final,8,block3.W2,6,16,0.4456197917461395,0.4440736472606659,0.0015461444854736328
final,8,block3.W2,7,16,0.376252144575119,0.37805280089378357,0.0018006563186645508
final,8,block3.W2,8,16,0.4365549385547638,0.4379333257675171,0.001378387212753296
final,8,block3.W2,9,16,0.4256274998188019,0.4227684438228607,0.002859055995941162
final,8,block3.W2,10,16,0.4106893837451935,0.4131772816181183,0.0024878978729248047
final,8,block3.W2,11,16,0.3869875967502594,0.38641029596328735,0.0005773007869720459
final,8,block3.W2,12,16,0.3708852529525757,0.37124109268188477,0.00035583972930908203
final,8,block3.W2,13,16,0.3302344083786011,0.3316204249858856,0.001386016607284546
final,8,block3.W2,14,16,0.4876646101474762,0.48837506771087646,0.0007104575634002686
final,8,block3.W2,15,16,0.4247693717479706,0.4268137216567993,0.0020443499088287354
final,8,block3.W2,16,16,0.36638566851615906,0.36536023020744324,0.0010254383087158203
final,8,block3.W2,17,16,0.40793874859809875,0.40711113810539246,0.0008276104927062988
final,8,block3.W2,18,16,0.4354698956012726,0.4395085275173187,0.004038631916046143
final,8,block3.W2,19,16,0.4648687541484833,0.46542423963546753,0.0005554854869842529
final,8,block3.W2,20,16,0.45081621408462524,0.4528755843639374,0.002059370279312134
final,8,block3.W2,21,16,0.4946429133415222,0.4942658543586731,0.0003770589828491211
final,8,block3.W2,22,16,0.4133913218975067,0.4107288420200348,0.002662479877471924
final,8,block3.W2,23,16,0.31408700346946716,0.3132074773311615,0.0008795261383056641
final,8,block3.W2,24,16,0.47433021664619446,0.4741241931915283,0.0002060234546661377
final,8,block3.W2,25,16,0.49565017223358154,0.4960923492908478,0.00044217705726623535
final,8,block3.W2,26,16,0.42470887303352356,0.42362770438194275,0.0010811686515808105
final,8,block3.W2,27,16,0.35404980182647705,0.35255834460258484,0.001491457223892212
final,8,block3.W2,28,16,0.4013533890247345,0.40391427278518677,0.0025608837604522705
final,8,block3.W2,29,16,0.3573310375213623,0.3559478223323822,0.0013832151889801025
final,8,block3.W2,30,16,0.38411274552345276,0.38558658957481384,0.001473844051361084
final,8,block3.W2,31,16,0.3939184844493866,0.3968100845813751,0.0028916001319885254
final,8,block3.W2,32,16,0.4336642920970917,0.4340425729751587,0.0003782808780670166
final,8,block3.W2,33,16,0.3629111051559448,0.362538605928421,0.0003724992275238037
final,8,block3.W2,34,16,0.3474251329898834,0.3453824520111084,0.0020426809787750244
final,8,block3.W2,35,16,0.40757110714912415,0.40706053376197815,0.0005105733871459961
final,8,block3.W2,36,16,0.40668267011642456,0.4098683297634125,0.003185659646987915
final,8,block3.W2,37,16,0.4261917471885681,0.42730727791786194,0.0011155307292938232
final,8,block3.W2,38,16,0.43882760405540466,0.4394441545009613,0.0006165504455566406
final,8,block3.W2,39,16,0.35952895879745483,0.3621729612350464,0.0026440024375915527
final,8,block3.W2,40,16,0.5384694337844849,0.5385461449623108,7.671117782592773e-05
final,8,block3.W2,41,16,0.4826360046863556,0.47944289445877075,0.003193110227584839
final,8,block3.W2,42,16,0.4579865336418152,0.4563886523246765,0.0015978813171386719
final,8,block3.W2,43,16,0.26776042580604553,0.268017441034317,0.0002570152282714844
final,8,block3.W2,44,16,0.26720893383026123,0.26796165108680725,0.0007527172565460205
final,8,block3.W2,45,16,0.3782554864883423,0.3788597881793976,0.0006043016910552979
final,8,block3.W2,46,16,0.4460974633693695,0.4455927908420563,0.0005046725273132324
final,8,block3.W2,47,16,0.3562408685684204,0.35503634810447693,0.0012045204639434814
final,8,block3.W2,48,16,0.3895665407180786,0.3898770213127136,0.00031048059463500977
final,8,block3.W2,49,16,0.30897724628448486,0.3073453903198242,0.0016318559646606445
final,8,block3.W2,50,16,0.43416616320610046,0.43309086561203003,0.0010752975940704346
final,8,block3.W2,51,16,0.4184045195579529,0.4166484773159027,0.001756042242050171
final,8,block3.W2,52,16,0.5470820665359497,0.5447039008140564,0.0023781657218933105
final,8,block3.W2,53,16,0.49453145265579224,0.4967357814311981,0.002204328775405884
final,8,block3.W2,54,16,0.3448867201805115,0.34711235761642456,0.002225637435913086
final,8,block3.W2,55,16,0.37290725111961365,0.3748195469379425,0.0019122958183288574
final,8,block3.W2,56,16,0.4907922148704529,0.487649530172348,0.0031426846981048584
final,8,block3.W2,57,16,0.4512637257575989,0.45112287998199463,0.00014084577560424805
final,8,block3.W2,58,16,0.43299853801727295,0.4331739544868469,0.0001754164695739746
final,8,block3.W2,59,16,0.5331874489784241,0.535770833492279,0.0025833845138549805
final,8,block3.W2,60,16,0.3500226140022278,0.3495056927204132,0.0005169212818145752
final,8,block3.W2,61,16,0.41402575373649597,0.41147953271865845,0.0025462210178375244
final,8,block3.W2,62,16,0.40240421891212463,0.4046143889427185,0.002210170030593872
final,8,block3.W2,63,16,0.44494083523750305,0.44583001732826233,0.0008891820907592773
final,9,block4.W1,0,16,0.43667885661125183,0.4375588893890381,0.0008800327777862549
final,9,block4.W1,1,16,0.2998444736003876,0.29921889305114746,0.0006255805492401123
final,9,block4.W1,2,16,0.35430315136909485,0.3552151620388031,0.000912010669708252
final,9,block4.W1,3,16,0.35043439269065857,0.35336750745773315,0.002933114767074585
final,9,block4.W1,4,16,0.4474416971206665,0.44702744483947754,0.00041425228118896484
final,9,block4.W1,5,16,0.3595189154148102,0.35908767580986023,0.00043123960494995117
final,9,block4.W1,6,16,0.449318528175354,0.4474593698978424,0.0018591582775115967
final,9,block4.W1,7,16,0.3351656496524811,0.33781561255455017,0.002649962902069092
final,9,block4.W1,8,16,0.4232909381389618,0.42108839750289917,0.002202540636062622
final,9,block4.W1,9,16,0.4575214087963104,0.4526638984680176,0.004857510328292847
final,9,block4.W1,10,16,0.3241475224494934,0.3223499357700348,0.0017975866794586182
final,9,block4.W1,11,16,0.404784232378006,0.4045822322368622,0.00020200014114379883
final,9,block4.W1,12,16,0.4096950888633728,0.4100542664527893,0.0003591775894165039
final,9,block4.W1,13,16,0.45997482538223267,0.45917871594429016,0.0007961094379425049
final,9,block4.W1,14,16,0.3720792233943939,0.37524956464767456,0.0031703412532806396
final,9,block4.W1,15,16,0.3736150562763214,0.37188780307769775,0.0017272531986236572
final,9,block4.W1,16,16,0.35730040073394775,0.35839003324508667,0.001089632511138916
final,9,block4.W1,17,16,0.5092639923095703,0.5133957862854004,0.004131793975830078
final,9,block4.W1,18,16,0.36785775423049927,0.36866462230682373,0.0008068680763244629
final,9,block4.W1,19,16,0.4767422676086426,0.4752326011657715,0.0015096664428710938
final,9,block4.W1,20,16,0.37140169739723206,0.37193000316619873,0.0005283057689666748
final,9,block4.W1,21,16,0.37712371349334717,0.3760509192943573,0.0010727941989898682
final,9,block4.W1,22,16,0.4762677550315857,0.4748445451259613,0.0014232099056243896
final,9,block4.W1,23,16,0.35488080978393555,0.35566338896751404,0.0007825791835784912
final,9,block4.W1,24,16,0.4018220603466034,0.4017190933227539,0.0001029670238494873
final,9,block4.W1,25,16,0.4413755536079407,0.4420884847640991,0.0007129311561584473
final,9,block4.W1,26,16,0.3185194432735443,0.31658482551574707,0.0019346177577972412
final,9,block4.W1,27,16,0.42692211270332336,0.42751580476760864,0.0005936920642852783
final,9,block4.W1,28,16,0.41149261593818665,0.4127742052078247,0.0012815892696380615
final,9,block4.W1,29,16,0.3905799686908722,0.3911457061767578,0.0005657374858856201
final,9,block4.W1,30,16,0.402055561542511,0.4012722969055176,0.0007832646369934082
final,9,block4.W1,31,16,0.34871673583984375,0.3464994728565216,0.0022172629833221436
final,9,block4.W1,32,16,0.3641985058784485,0.36474549770355225,0.0005469918251037598
final,9,block4.W1,33,16,0.4679701328277588,0.4648146331310272,0.0031554996967315674
final,9,block4.W1,34,16,0.49146249890327454,0.493929922580719,0.002467423677444458
final,9,block4.W1,35,16,0.4477749168872833,0.4481264352798462,0.0003515183925628662
final,9,block4.W1,36,16,0.3821338415145874,0.3835553824901581,0.0014215409755706787
final,9,block4.W1,37,16,0.4347480833530426,0.43037137389183044,0.004376709461212158
final,9,block4.W1,38,16,0.36653098464012146,0.3653280735015869,0.001202911138534546
final,9,block4.W1,39,16,0.46295201778411865,0.4639964699745178,0.00104445219039917
final,9,block4.W1,40,16,0.43284428119659424,0.42984601855278015,0.002998262643814087
final,9,block4.W1,41,16,0.43549463152885437,0.4364411234855652,0.0009464919567108154
final,9,block4.W1,42,16,0.3769315481185913,0.3779449760913849,0.001013427972793579
final,9,block4.W1,43,16,0.27524352073669434,0.27410581707954407,0.0011377036571502686
final,9,block4.W1,44,16,0.4024278521537781,0.403583824634552,0.0011559724807739258
final,9,block4.W1,45,16,0.3759904205799103,0.37678664922714233,0.0007962286472320557
final,9,block4.W1,46,16,0.4057675898075104,0.4098294675350189,0.004061877727508545
final,9,block4.W1,47,16,0.5290923118591309,0.5271897912025452,0.0019025206565856934
final,9,block4.W1,48,16,0.4099906086921692,0.4086143374443054,0.0013762712478637695
final,9,block4.W1,49,16,0.4435957372188568,0.4449118673801422,0.0013161301612854004
final,9,block4.W1,50,16,0.37598517537117004,0.37580281496047974,0.00018236041069030762
final,9,block4.W1,51,16,0.4047354757785797,0.4043257534503937,0.00040972232818603516
final,9,block4.W1,52,16,0.3900529444217682,0.39006751775741577,1.4573335647583008e-05
final,9,block4.W1,53,16,0.3045511245727539,0.30429786443710327,0.00025326013565063477
final,9,block4.W1,54,16,0.28356948494911194,0.28249141573905945,0.0010780692100524902
final,9,block4.W1,55,16,0.35970982909202576,0.3578261137008667,0.0018837153911590576
final,9,block4.W1,56,16,0.4373050034046173,0.43546369671821594,0.0018413066864013672
final,9,block4.W1,57,16,0.5592597126960754,0.556984543800354,0.0022751688957214355
final,9,block4.W1,58,16,0.4390004575252533,0.43672510981559753,0.0022753477096557617
final,9,block4.W1,59,16,0.44949689507484436,0.4504987299442291,0.0010018348693847656
final,9,block4.W1,60,16,0.49692609906196594,0.4957975149154663,0.0011285841464996338
final,9,block4.W1,61,16,0.5247631669044495,0.5210978984832764,0.0036652684211730957
final,9,block4.W1,62,16,0.33863675594329834,0.3376493453979492,0.000987410545349121
final,9,block4.W1,63,16,0.3764391839504242,0.37650638818740845,6.720423698425293e-05
final,10,block4.W2,0,16,0.5454186201095581,0.5462802052497864,0.0008615851402282715
final,10,block4.W2,1,16,0.4323524832725525,0.43582433462142944,0.003471851348876953
final,10,block4.W2,2,16,0.4127424359321594,0.4097560942173004,0.002986341714859009
final,10,block4.W2,3,16,0.34418386220932007,0.34034115076065063,0.0038427114486694336
final,10,block4.W2,4,16,0.30874383449554443,0.30880558490753174,6.175041198730469e-05
final,10,block4.W2,5,16,0.42646324634552,0.42576488852500916,0.0006983578205108643
final,10,block4.W2,6,16,0.4676365852355957,0.4669921100139618,0.0006444752216339111
final,10,block4.W2,7,16,0.2945932447910309,0.2950480282306671,0.00045478343963623047
final,10,block4.W2,8,16,0.2960141897201538,0.2963119149208069,0.00029772520065307617
final,10,block4.W2,9,16,0.3662002682685852,0.3656652569770813,0.0005350112915039062
final,10,block4.W2,10,16,0.31579065322875977,0.3160862922668457,0.0002956390380859375
final,10,block4.W2,11,16,0.42072951793670654,0.4237843155860901,0.003054797649383545
final,10,block4.W2,12,16,0.40192699432373047,0.401446133852005,0.00048086047172546387
final,10,block4.W2,13,16,0.4665526747703552,0.4663248062133789,0.00022786855697631836
final,10,block4.W2,14,16,0.40110546350479126,0.40230441093444824,0.0011989474296569824
final,10,block4.W2,15,16,0.3545856773853302,0.3542623817920685,0.00032329559326171875
final,10,block4.W2,16,16,0.2742696702480316,0.27454957365989685,0.0002799034118652344
final,10,block4.W2,17,16,0.4425693452358246,0.4415486752986908,0.001020669937133789
final,10,block4.W2,18,16,0.4580310881137848,0.459160715341568,0.0011296272277832031
final,10,block4.W2,19,16,0.397014856338501,0.3953755795955658,0.0016392767429351807
final,10,block4.W2,20,16,0.4675073027610779,0.46749019622802734,1.710653305053711e-05
final,10,block4.W2,21,16,0.5343607664108276,0.5335659980773926,0.0007947683334350586
final,10,block4.W2,22,16,0.4281170964241028,0.4264470934867859,0.0016700029373168945
final,10,block4.W2,23,16,0.35959625244140625,0.358919233083725,0.0006770193576812744
final,10,block4.W2,24,16,0.49120354652404785,0.4954693019390106,0.0042657554149627686
final,10,block4.W2,25,16,0.5578839778900146,0.5581345558166504,0.0002505779266357422
final,10,block4.W2,26,16,0.35316455364227295,0.3502666652202606,0.002897888422012329
final,10,block4.W2,27,16,0.46607980132102966,0.4692317545413971,0.0031519532203674316
final,10,block4.W2,28,16,0.40629589557647705,0.4061737060546875,0.00012218952178955078
final,10,block4.W2,29,16,0.3961583971977234,0.3953907787799835,0.0007676184177398682
final,10,block4.W2,30,16,0.35476309061050415,0.3567766845226288,0.002013593912124634
final,10,block4.W2,31,16,0.320618212223053,0.32263514399528503,0.0020169317722320557
final,10,block4.W2,32,16,0.433534175157547,0.4352570176124573,0.0017228424549102783
final,10,block4.W2,33,16,0.2691158354282379,0.269588440656662,0.00047260522842407227
final,10,block4.W2,34,16,0.5042025446891785,0.5026252865791321,0.0015772581100463867
final,10,block4.W2,35,16,0.32406356930732727,0.3255648612976074,0.0015012919902801514
final,10,block4.W2,36,16,0.3543377220630646,0.35654589533805847,0.0022081732749938965
final,10,block4.W2,37,16,0.3655548393726349,0.3656778931617737,0.00012305378913879395
final,10,block4.W2,38,16,0.3956066071987152,0.3950687050819397,0.0005379021167755127
final,10,block4.W2,39,16,0.5348662734031677,0.533536434173584,0.0013298392295837402
final,10,block4.W2,40,16,0.45976370573043823,0.4609519839286804,0.0011882781982421875
final,10,block4.W2,41,16,0.4716973900794983,0.4732423424720764,0.001544952392578125
final,10,block4.W2,42,16,0.3498995006084442,0.35382628440856934,0.003926783800125122
final,10,block4.W2,43,16,0.47535377740859985,0.47848811745643616,0.0031343400478363037
final,10,block4.W2,44,16,0.40712499618530273,0.4087775945663452,0.0016525983810424805
final,10,block4.W2,45,16,0.3798425793647766,0.37872326374053955,0.0011193156242370605
final,10,block4.W2,46,16,0.46279677748680115,0.4603627622127533,0.0024340152740478516
final,10,block4.W2,47,16,0.4403644800186157,0.4392862319946289,0.0010782480239868164
final,10,block4.W2,48,16,0.387586772441864,0.38883620500564575,0.0012494325637817383
final,10,block4.W2,49,16,0.352949321269989,0.3543020486831665,0.0013527274131774902
final,10,block4.W2,50,16,0.2490140199661255,0.24741360545158386,0.001600414514541626
final,10,block4.W2,51,16,0.2882344424724579,0.28746795654296875,0.0007664859294891357
final,10,block4.W2,52,16,0.383881539106369,0.384361207485199,0.00047966837882995605
final,10,block4.W2,53,16,0.5042248964309692,0.5050280094146729,0.0008031129837036133
final,10,block4.W2,54,16,0.2688654363155365,0.26769596338272095,0.0011694729328155518
final,10,block4.W2,55,16,0.46421679854393005,0.4620912969112396,0.0021255016326904297
final,10,block4.W2,56,16,0.36647582054138184,0.36513885855674744,0.0013369619846343994
final,10,block4.W2,57,16,0.3347519636154175,0.336349755525589,0.0015977919101715088
final,10,block4.W2,58,16,0.44969800114631653,0.4494970142841339,0.0002009868621826172
final,10,block4.W2,59,16,0.4330597519874573,0.4327775239944458,0.0002822279930114746
final,10,block4.W2,60,16,0.3865080177783966,0.3875899016857147,0.0010818839073181152
final,10,block4.W2,61,16,0.33306849002838135,0.3322693109512329,0.0007991790771484375
final,10,block4.W2,62,16,0.2822413742542267,0.28218284249305725,5.8531761169433594e-05
final,10,block4.W2,63,16,0.44955939054489136,0.4466218948364258,0.002937495708465576
final,11,block5.W1,0,16,0.37741678953170776,0.3758372366428375,0.0015795528888702393
final,11,block5.W1,1,16,0.4610256850719452,0.4618535041809082,0.0008278191089630127
final,11,block5.W1,2,16,0.3531292676925659,0.35188397765159607,0.0012452900409698486
final,11,block5.W1,3,16,0.3987468183040619,0.3979068994522095,0.000839918851852417
final,11,block5.W1,4,16,0.4186876714229584,0.4186530113220215,3.466010093688965e-05
final,11,block5.W1,5,16,0.4712911546230316,0.47200635075569153,0.0007151961326599121
final,11,block5.W1,6,16,0.4556519687175751,0.45436882972717285,0.0012831389904022217
final,11,block5.W1,7,16,0.3200336992740631,0.32192206382751465,0.001888364553451538
final,11,block5.W1,8,16,0.39421430230140686,0.3935035765171051,0.0007107257843017578
final,11,block5.W1,9,16,0.47562655806541443,0.47543972730636597,0.00018683075904846191
final,11,block5.W1,10,16,0.39283284544944763,0.39312484860420227,0.00029200315475463867
final,11,block5.W1,11,16,0.3694537878036499,0.3680466115474701,0.0014071762561798096
final,11,block5.W1,12,16,0.4716329574584961,0.47376975417137146,0.002136796712875366
final,11,block5.W1,13,16,0.43315503001213074,0.4346926808357239,0.0015376508235931396
final,11,block5.W1,14,16,0.4463537633419037,0.44667255878448486,0.00031879544258117676
final,11,block5.W1,15,16,0.433584064245224,0.4352323114871979,0.001648247241973877
final,11,block5.W1,16,16,0.39902037382125854,0.3974078595638275,0.0016125142574310303
final,11,block5.W1,17,16,0.42386138439178467,0.42220816016197205,0.001653224229812622
final,11,block5.W1,18,16,0.40286433696746826,0.4020366966724396,0.0008276402950286865
final,11,block5.W1,19,16,0.3402083218097687,0.3417598009109497,0.0015514791011810303
final,11,block5.W1,20,16,0.3913027346134186,0.39382943511009216,0.002526700496673584
final,11,block5.W1,21,16,0.3709939122200012,0.37063923478126526,0.0003546774387359619
final,11,block5.W1,22,16,0.38791120052337646,0.387577623128891,0.00033357739448547363
final,11,block5.W1,23,16,0.4062228798866272,0.4066844880580902,0.0004616081714630127
final,11,block5.W1,24,16,0.35009562969207764,0.3511093556880951,0.001013725996017456
final,11,block5.W1,25,16,0.4752081036567688,0.47296828031539917,0.002239823341369629
final,11,block5.W1,26,16,0.34301868081092834,0.3440992832183838,0.0010806024074554443
final,11,block5.W1,27,16,0.2893718183040619,0.28854086995124817,0.0008309483528137207
final,11,block5.W1,28,16,0.22853444516658783,0.23078608512878418,0.00225163996219635
final,11,block5.W1,29,16,0.3743242025375366,0.37381041049957275,0.0005137920379638672
final,11,block5.W1,30,16,0.3980858325958252,0.40066421031951904,0.0025783777236938477
final,11,block5.W1,31,16,0.42150136828422546,0.42316994071006775,0.0016685724258422852
final,11,block5.W1,32,16,0.39824384450912476,0.4005569815635681,0.0023131370544433594
final,11,block5.W1,33,16,0.509627640247345,0.5108546614646912,0.0012270212173461914
final,11,block5.W1,34,16,0.4881303608417511,0.48916003108024597,0.001029670238494873
final,11,block5.W1,35,16,0.4408142864704132,0.43915659189224243,0.0016576945781707764
final,11,block5.W1,36,16,0.40630725026130676,0.4082791209220886,0.0019718706607818604
final,11,block5.W1,37,16,0.37394979596138,0.3746982514858246,0.0007484555244445801
final,11,block5.W1,38,16,0.474427193403244,0.47382912039756775,0.0005980730056762695
final,11,block5.W1,39,16,0.424249529838562,0.42395657300949097,0.0002929568290710449
final,11,block5.W1,40,16,0.39703240990638733,0.3971068561077118,7.444620132446289e-05
final,11,block5.W1,41,16,0.4161563217639923,0.4189010560512543,0.002744734287261963
final,11,block5.W1,42,16,0.4120387136936188,0.41287824511528015,0.000839531421661377
final,11,block5.W1,43,16,0.34561610221862793,0.34433868527412415,0.0012774169445037842
final,11,block5.W1,44,16,0.3853582441806793,0.3853149712085724,4.3272972106933594e-05
final,11,block5.W1,45,16,0.465411514043808,0.46406394243240356,0.001347571611404419
final,11,block5.W1,46,16,0.40715694427490234,0.40577012300491333,0.0013868212699890137
final,11,block5.W1,47,16,0.34335511922836304,0.34422212839126587,0.000867009162902832
final,11,block5.W1,48,16,0.5025147795677185,0.5039830803871155,0.0014683008193969727
final,11,block5.W1,49,16,0.36590102314949036,0.36477386951446533,0.0011271536350250244
final,11,block5.W1,50,16,0.35491183400154114,0.35586005449295044,0.0009482204914093018
final,11,block5.W1,51,16,0.3485810160636902,0.35026195645332336,0.0016809403896331787
final,11,block5.W1,52,16,0.38661664724349976,0.38811981678009033,0.0015031695365905762
final,11,block5.W1,53,16,0.4197727143764496,0.4199918806552887,0.00021916627883911133
final,11,block5.W1,54,16,0.3267163932323456,0.3275313079357147,0.0008149147033691406
final,11,block5.W1,55,16,0.28451570868492126,0.2841348350048065,0.0003808736801147461
final,11,block5.W1,56,16,0.3635009527206421,0.36094337701797485,0.0025575757026672363
final,11,block5.W1,57,16,0.3946176767349243,0.3939402997493744,0.0006773769855499268
final,11,block5.W1,58,16,0.44617706537246704,0.448895126581192,0.0027180612087249756
final,11,block5.W1,59,16,0.3570147752761841,0.35682669281959534,0.00018808245658874512
final,11,block5.W1,60,16,0.31826522946357727,0.31947481632232666,0.0012095868587493896
final,11,block5.W1,61,16,0.4857178330421448,0.4879087507724762,0.002190917730331421
final,11,block5.W1,62,16,0.4614485800266266,0.4619044065475464,0.0004558265209197998
final,11,block5.W1,63,16,0.4710834324359894,0.47213590145111084,0.00105246901512146
final,12,block5.W2,0,16,0.4346586763858795,0.43938148021698,0.004722803831100464
final,12,block5.W2,1,16,0.5448426604270935,0.5462016463279724,0.0013589859008789062
final,12,block5.W2,2,16,0.36777156591415405,0.36632201075553894,0.0014495551586151123
final,12,block5.W2,3,16,0.4440096616744995,0.44256338477134705,0.0014462769031524658
final,12,block5.W2,4,16,0.3630591630935669,0.36381903290748596,0.0007598698139190674
final,12,block5.W2,5,16,0.42330437898635864,0.4235217273235321,0.00021734833717346191
final,12,block5.W2,6,16,0.34810999035835266,0.34943923354148865,0.0013292431831359863
final,12,block5.W2,7,16,0.40919044613838196,0.4094719886779785,0.0002815425395965576
final,12,block5.W2,8,16,0.443993479013443,0.44188228249549866,0.002111196517944336
final,12,block5.W2,9,16,0.45799049735069275,0.458130806684494,0.00014030933380126953
final,12,block5.W2,10,16,0.4424600303173065,0.4430578649044037,0.000597834587097168
final,12,block5.W2,11,16,0.36613261699676514,0.3655901849269867,0.0005424320697784424
final,12,block5.W2,12,16,0.4000559449195862,0.4008985161781311,0.0008425712585449219
final,12,block5.W2,13,16,0.43736618757247925,0.43793898820877075,0.0005728006362915039
final,12,block5.W2,14,16,0.4604354500770569,0.4598827064037323,0.000552743673324585
final,12,block5.W2,15,16,0.343351811170578,0.3431357443332672,0.00021606683731079102
final,12,block5.W2,16,16,0.40383100509643555,0.40398159623146057,0.00015059113502502441
final,12,block5.W2,17,16,0.43705201148986816,0.43831366300582886,0.0012616515159606934
final,12,block5.W2,18,16,0.4201754629611969,0.4225683808326721,0.0023929178714752197
final,12,block5.W2,19,16,0.36340510845184326,0.36361679434776306,0.0002116858959197998
final,12,block5.W2,20,16,0.33115801215171814,0.3306211233139038,0.0005368888378143311
final,12,block5.W2,21,16,0.4400550127029419,0.4383491277694702,0.0017058849334716797
final,12,block5.W2,22,16,0.42523446679115295,0.4239517152309418,0.0012827515602111816
final,12,block5.W2,23,16,0.45745980739593506,0.4605124890804291,0.0030526816844940186
final,12,block5.W2,24,16,0.36038681864738464,0.36034372448921204,4.309415817260742e-05
final,12,block5.W2,25,16,0.4223865866661072,0.4202437698841095,0.0021428167819976807
final,12,block5.W2,26,16,0.3984176814556122,0.3993716835975647,0.0009540021419525146
final,12,block5.W2,27,16,0.44701454043388367,0.4481281340122223,0.001113593578338623
final,12,block5.W2,28,16,0.39957502484321594,0.399376779794693,0.00019824504852294922
final,12,block5.W2,29,16,0.3718090057373047,0.3741709291934967,0.0023619234561920166
final,12,block5.W2,30,16,0.5220078825950623,0.5231688618659973,0.0011609792709350586
final,12,block5.W2,31,16,0.36807310581207275,0.3684215843677521,0.0003484785556793213
final,12,block5.W2,32,16,0.3936837911605835,0.39306697249412537,0.0006168186664581299
final,12,block5.W2,33,16,0.34157419204711914,0.34334009885787964,0.001765906810760498
final,12,block5.W2,34,16,0.3839801251888275,0.3853878676891327,0.0014077425003051758
final,12,block5.W2,35,16,0.41575613617897034,0.4152955114841461,0.00046062469482421875
final,12,block5.W2,36,16,0.3987940847873688,0.40007585287094116,0.0012817680835723877
final,12,block5.W2,37,16,0.33616676926612854,0.3357347548007965,0.00043201446533203125
final,12,block5.W2,38,16,0.47118520736694336,0.46823903918266296,0.0029461681842803955
final,12,block5.W2,39,16,0.3516618311405182,0.35528695583343506,0.00362512469291687
final,12,block5.W2,40,16,0.41443532705307007,0.41507670283317566,0.0006413757801055908
final,12,block5.W2,41,16,0.45353978872299194,0.45350614190101624,3.364682197570801e-05
final,12,block5.W2,42,16,0.389650821685791,0.39018940925598145,0.0005385875701904297
final,12,block5.W2,43,16,0.33764803409576416,0.3371392786502838,0.0005087554454803467
final,12,block5.W2,44,16,0.4235198199748993,0.4224155843257904,0.0011042356491088867
final,12,block5.W2,45,16,0.33812621235847473,0.33871859312057495,0.0005923807621002197
final,12,block5.W2,46,16,0.2864623963832855,0.28503695130348206,0.0014254450798034668
final,12,block5.W2,47,16,0.37068915367126465,0.36958760023117065,0.0011015534400939941
final,12,block5.W2,48,16,0.4419648349285126,0.443027526140213,0.0010626912117004395
final,12,block5.W2,49,16,0.4407966434955597,0.442964643239975,0.002167999744415283
final,12,block5.W2,50,16,0.46077319979667664,0.45881322026252747,0.00195997953414917
final,12,block5.W2,51,16,0.3544294536113739,0.3543650507926941,6.440281867980957e-05
final,12,block5.W2,52,16,0.40434587001800537,0.4043436646461487,2.205371856689453e-06
final,12,block5.W2,53,16,0.3568551242351532,0.35731807351112366,0.000462949275970459
final,12,block5.W2,54,16,0.5476306676864624,0.5468040704727173,0.0008265972137451172
final,12,block5.W2,55,16,0.4527536630630493,0.45206305384635925,0.0006906092166900635
final,12,block5.W2,56,16,0.28794682025909424,0.28913262486457825,0.0011858046054840088
final,12,block5.W2,57,16,0.3098367750644684,0.3109167814254761,0.0010800063610076904
final,12,block5.W2,58,16,0.4437004625797272,0.4449187219142914,0.001218259334564209
final,12,block5.W2,59,16,0.4532356560230255,0.4519173204898834,0.0013183355331420898
final,12,block5.W2,60,16,0.41474011540412903,0.4154999554157257,0.0007598400115966797
final,12,block5.W2,61,16,0.3857755661010742,0.3861073851585388,0.0003318190574645996
final,12,block5.W2,62,16,0.48190030455589294,0.48208898305892944,0.00018867850303649902
final,12,block5.W2,63,16,0.37525224685668945,0.3737699091434479,0.0014823377132415771
final,13,block6.W1,0,16,0.48529118299484253,0.4862012267112732,0.0009100437164306641
final,13,block6.W1,1,16,0.43298739194869995,0.4326593577861786,0.0003280341625213623
final,13,block6.W1,2,16,0.3465879559516907,0.34521034359931946,0.0013776123523712158
final,13,block6.W1,3,16,0.42504045367240906,0.42397934198379517,0.0010611116886138916
final,13,block6.W1,4,16,0.49853670597076416,0.4999280571937561,0.0013913512229919434
final,13,block6.W1,5,16,0.5234091877937317,0.5228090882301331,0.0006000995635986328
final,13,block6.W1,6,16,0.49960198998451233,0.49901601672172546,0.0005859732627868652
final,13,block6.W1,7,16,0.3809208273887634,0.38026049733161926,0.000660330057144165
final,13,block6.W1,8,16,0.49001607298851013,0.4915989935398102,0.0015829205513000488
final,13,block6.W1,9,16,0.35015663504600525,0.3500184714794159,0.00013816356658935547
final,13,block6.W1,10,16,0.4736410677433014,0.47469326853752136,0.0010522007942199707
final,13,block6.W1,11,16,0.425725519657135,0.4250473380088806,0.0006781816482543945
final,13,block6.W1,12,16,0.386087566614151,0.38741153478622437,0.0013239681720733643
final,13,block6.W1,13,16,0.43710586428642273,0.4357414245605469,0.0013644397258758545
final,13,block6.W1,14,16,0.2905128598213196,0.28960534930229187,0.00090751051902771
final,13,block6.W1,15,16,0.5409796237945557,0.5412238240242004,0.0002442002296447754
final,13,block6.W1,16,16,0.42336031794548035,0.4233745336532593,1.4215707778930664e-05
final,13,block6.W1,17,16,0.371998131275177,0.3728320598602295,0.0008339285850524902
final,13,block6.W1,18,16,0.32445260882377625,0.3251758813858032,0.0007232725620269775
final,13,block6.W1,19,16,0.43821412324905396,0.43898704648017883,0.0007729232311248779
final,13,block6.W1,20,16,0.48254162073135376,0.4847523868083954,0.002210766077041626
final,13,block6.W1,21,16,0.38295963406562805,0.37968647480010986,0.0032731592655181885
final,13,block6.W1,22,16,0.4295303225517273,0.43069714307785034,0.0011668205261230469
final,13,block6.W1,23,16,0.40445321798324585,0.4034826159477234,0.0009706020355224609
final,13,block6.W1,24,16,0.4153686463832855,0.4157570004463196,0.0003883540630340576
final,13,block6.W1,25,16,0.42930305004119873,0.42724236845970154,0.0020606815814971924
final,13,block6.W1,26,16,0.40044423937797546,0.4000181555747986,0.0004260838031768799
final,13,block6.W1,27,16,0.34471869468688965,0.34395113587379456,0.0007675588130950928
final,13,block6.W1,28,16,0.4534608721733093,0.4553886651992798,0.001927793025970459
final,13,block6.W1,29,16,0.3403721749782562,0.3396451473236084,0.0007270276546478271
final,13,block6.W1,30,16,0.3476124107837677,0.3477420508861542,0.0001296401023864746
final,13,block6.W1,31,16,0.42390185594558716,0.4228281080722809,0.0010737478733062744
final,13,block6.W1,32,16,0.3762839436531067,0.37751802802085876,0.0012340843677520752
final,13,block6.W1,33,16,0.3615219295024872,0.3623286783695221,0.0008067488670349121
final,13,block6.W1,34,16,0.37220001220703125,0.3698374629020691,0.002362549304962158
final,13,block6.W1,35,16,0.36178261041641235,0.3608853816986084,0.0008972287178039551
final,13,block6.W1,36,16,0.46566441655158997,0.4649755656719208,0.0006888508796691895
final,13,block6.W1,37,16,0.41926515102386475,0.4201410412788391,0.0008758902549743652
final,13,block6.W1,38,16,0.49770599603652954,0.49810880422592163,0.00040280818939208984
final,13,block6.W1,39,16,0.43608328700065613,0.43536412715911865,0.0007191598415374756
final,13,block6.W1,40,16,0.38035592436790466,0.3807395398616791,0.00038361549377441406
final,13,block6.W1,41,16,0.39973342418670654,0.40043801069259644,0.0007045865058898926
final,13,block6.W1,42,16,0.4451444149017334,0.44490647315979004,0.00023794174194335938
final,13,block6.W1,43,16,0.2897220849990845,0.28794893622398376,0.001773148775100708
final,13,block6.W1,44,16,0.3974801003932953,0.3962057828903198,0.0012743175029754639
final,13,block6.W1,45,16,0.3612020015716553,0.36160531640052795,0.00040331482887268066
final,13,block6.W1,46,16,0.39497965574264526,0.39421218633651733,0.0007674694061279297
final,13,block6.W1,47,16,0.38935714960098267,0.39005526900291443,0.0006981194019317627
final,13,block6.W1,48,16,0.41895759105682373,0.420156329870224,0.0011987388134002686
final,13,block6.W1,49,16,0.4802369177341461,0.48006919026374817,0.00016772747039794922
final,13,block6.W1,50,16,0.38837042450904846,0.3877306580543518,0.0006397664546966553
final,13,block6.W1,51,16,0.4967876076698303,0.4970889687538147,0.000301361083984375
final,13,block6.W1,52,16,0.5037887096405029,0.503960371017456,0.000171661376953125
final,13,block6.W1,53,16,0.34199967980384827,0.34081539511680603,0.0011842846870422363
final,13,block6.W1,54,16,0.48082834482192993,0.4815756380558014,0.00074729323387146
final,13,block6.W1,55,16,0.4022386074066162,0.40196382999420166,0.0002747774124145508
final,13,block6.W1,56,16,0.3996199667453766,0.4000512361526489,0.00043126940727233887
final,13,block6.W1,57,16,0.5051537752151489,0.5066081881523132,0.0014544129371643066
final,13,block6.W1,58,16,0.46465030312538147,0.46422815322875977,0.0004221498966217041
final,13,block6.W1,59,16,0.4115631580352783,0.41235461831092834,0.0007914602756500244
final,13,block6.W1,60,16,0.4168809950351715,0.41798698902130127,0.0011059939861297607
final,13,block6.W1,61,16,0.40541934967041016,0.4049692749977112,0.0004500746726989746
final,13,block6.W1,62,16,0.41402944922447205,0.4141206443309784,9.119510650634766e-05
final,13,block6.W1,63,16,0.48150163888931274,0.48339101672172546,0.0018893778324127197
final,14,block6.W2,0,16,0.3713613450527191,0.37267741560935974,0.001316070556640625
final,14,block6.W2,1,16,0.47896629571914673,0.4777695834636688,0.0011967122554779053
final,14,block6.W2,2,16,0.35028591752052307,0.34985819458961487,0.0004277229309082031
final,14,block6.W2,3,16,0.4642718434333801,0.46367332339286804,0.000598520040512085
final,14,block6.W2,4,16,0.5232019424438477,0.5236797332763672,0.00047779083251953125
final,14,block6.W2,5,16,0.3360459804534912,0.33607855439186096,3.2573938369750977e-05
final,14,block6.W2,6,16,0.47381606698036194,0.4746360778808594,0.0008200109004974365
final,14,block6.W2,7,16,0.354189395904541,0.354289710521698,0.00010031461715698242
final,14,block6.W2,8,16,0.25846052169799805,0.2578766345977783,0.0005838871002197266
final,14,block6.W2,9,16,0.32639703154563904,0.3267754912376404,0.0003784596920013428
final,14,block6.W2,10,16,0.3835516571998596,0.3839293122291565,0.000377655029296875
final,14,block6.W2,11,16,0.3401549160480499,0.3393084406852722,0.00084647536277771
final,14,block6.W2,12,16,0.5651569366455078,0.5673754811286926,0.0022185444831848145
final,14,block6.W2,13,16,0.4668416678905487,0.46776700019836426,0.0009253323078155518
final,14,block6.W2,14,16,0.38561007380485535,0.38629308342933655,0.0006830096244812012
final,14,block6.W2,15,16,0.36665621399879456,0.36859118938446045,0.0019349753856658936
final,14,block6.W2,16,16,0.5018067359924316,0.5021716952323914,0.0003649592399597168
final,14,block6.W2,17,16,0.459870308637619,0.4613606929779053,0.0014903843402862549
final,14,block6.W2,18,16,0.4174354672431946,0.41783103346824646,0.0003955662250518799
final,14,block6.W2,19,16,0.3727032542228699,0.3727474510669708,4.419684410095215e-05
final,14,block6.W2,20,16,0.3601324260234833,0.35942602157592773,0.000706404447555542
final,14,block6.W2,21,16,0.4403981566429138,0.4421038031578064,0.0017056465148925781
final,14,block6.W2,22,16,0.4094007611274719,0.40944892168045044,4.8160552978515625e-05
final,14,block6.W2,23,16,0.3509300649166107,0.351484090089798,0.0005540251731872559
final,14,block6.W2,24,16,0.6568596363067627,0.6587499976158142,0.0018903613090515137
final,14,block6.W2,25,16,0.33127129077911377,0.3316188454627991,0.00034755468368530273
final,14,block6.W2,26,16,0.3562582731246948,0.3551352024078369,0.0011230707168579102
final,14,block6.W2,27,16,0.4972113072872162,0.4981916844844818,0.000980377197265625
final,14,block6.W2,28,16,0.3663102984428406,0.3676649332046509,0.0013546347618103027
final,14,block6.W2,29,16,0.41392070055007935,0.4138009250164032,0.00011977553367614746
final,14,block6.W2,30,16,0.3858788311481476,0.38338804244995117,0.002490788698196411
final,14,block6.W2,31,16,0.369179904460907,0.36958009004592896,0.00040018558502197266
final,14,block6.W2,32,16,0.3283544182777405,0.32804417610168457,0.0003102421760559082
final,14,block6.W2,33,16,0.5160076022148132,0.5148336887359619,0.0011739134788513184
final,14,block6.W2,34,16,0.3784900903701782,0.3792896568775177,0.0007995665073394775
final,14,block6.W2,35,16,0.4063490927219391,0.4051734507083893,0.0011756420135498047
final,14,block6.W2,36,16,0.4719831943511963,0.4724964201450348,0.000513225793838501
final,14,block6.W2,37,16,0.5938054323196411,0.5937290191650391,7.641315460205078e-05
final,14,block6.W2,38,16,0.4855079650878906,0.48557648062705994,6.851553916931152e-05
final,14,block6.W2,39,16,0.5200634002685547,0.5190309882164001,0.001032412052154541
final,14,block6.W2,40,16,0.38084062933921814,0.37990128993988037,0.0009393393993377686
final,14,block6.W2,41,16,0.43357011675834656,0.4337705075740814,0.00020039081573486328
final,14,block6.W2,42,16,0.34392794966697693,0.3431704044342041,0.0007575452327728271
final,14,block6.W2,43,16,0.3626014292240143,0.36333075165748596,0.0007293224334716797
final,14,block6.W2,44,16,0.38303112983703613,0.38404420018196106,0.0010130703449249268
final,14,block6.W2,45,16,0.4265502095222473,0.4257039427757263,0.0008462667465209961
final,14,block6.W2,46,16,0.4238084554672241,0.4239445924758911,0.0001361370086669922
final,14,block6.W2,47,16,0.3399554193019867,0.3401022255420685,0.0001468062400817871
final,14,block6.W2,48,16,0.33841946721076965,0.3379981517791748,0.00042131543159484863
final,14,block6.W2,49,16,0.34143975377082825,0.34050464630126953,0.0009351074695587158
final,14,block6.W2,50,16,0.41304707527160645,0.413760244846344,0.0007131695747375488
final,14,block6.W2,51,16,0.3730311691761017,0.37209197878837585,0.0009391903877258301
final,14,block6.W2,52,16,0.46847838163375854,0.4697128236293793,0.0012344419956207275
final,14,block6.W2,53,16,0.42068538069725037,0.4237309694290161,0.003045588731765747
final,14,block6.W2,54,16,0.37860551476478577,0.3786284029483795,2.288818359375e-05
final,14,block6.W2,55,16,0.31014513969421387,0.31094083189964294,0.0007956922054290771
final,14,block6.W2,56,16,0.39043357968330383,0.38994649052619934,0.0004870891571044922
final,14,block6.W2,57,16,0.5235283374786377,0.5223063230514526,0.0012220144271850586
final,14,block6.W2,58,16,0.5428416728973389,0.5435754060745239,0.0007337331771850586
final,14,block6.W2,59,16,0.42235857248306274,0.42149853706359863,0.0008600354194641113
final,14,block6.W2,60,16,0.30059346556663513,0.2999281883239746,0.0006652772426605225
final,14,block6.W2,61,16,0.3860087990760803,0.3874483108520508,0.001439511775970459
final,14,block6.W2,62,16,0.348875492811203,0.3489949107170105,0.00011941790580749512
final,14,block6.W2,63,16,0.5102341175079346,0.511945366859436,0.0017112493515014648
final,15,block7.W1,0,16,0.5242680311203003,0.5228280425071716,0.0014399886131286621
final,15,block7.W1,1,16,0.29161232709884644,0.2918771505355835,0.00026482343673706055
final,15,block7.W1,2,16,0.48188942670822144,0.48072636127471924,0.0011630654335021973
final,15,block7.W1,3,16,0.42561841011047363,0.4273588955402374,0.001740485429763794
final,15,block7.W1,4,16,0.26239967346191406,0.26342931389808655,0.0010296404361724854
final,15,block7.W1,5,16,0.34586942195892334,0.34725818037986755,0.0013887584209442139
final,15,block7.W1,6,16,0.44867002964019775,0.44818589091300964,0.00048413872718811035
final,15,block7.W1,7,16,0.3472866415977478,0.347469687461853,0.0001830458641052246
final,15,block7.W1,8,16,0.4923362135887146,0.49114739894866943,0.001188814640045166
final,15,block7.W1,9,16,0.3508107662200928,0.34921470284461975,0.0015960633754730225
final,15,block7.W1,10,16,0.3604834973812103,0.35960152745246887,0.0008819699287414551
final,15,block7.W1,11,16,0.38808149099349976,0.38873356580734253,0.0006520748138427734
final,15,block7.W1,12,16,0.41764020919799805,0.4157978296279907,0.0018423795700073242
final,15,block7.W1,13,16,0.38641172647476196,0.38710740208625793,0.0006956756114959717
final,15,block7.W1,14,16,0.4054742753505707,0.40575510263442993,0.00028082728385925293
final,15,block7.W1,15,16,0.3597901463508606,0.3590976297855377,0.000692516565322876
final,15,block7.W1,16,16,0.3952268362045288,0.3952506184577942,2.378225326538086e-05
final,15,block7.W1,17,16,0.3086765706539154,0.30830273032188416,0.00037384033203125
final,15,block7.W1,18,16,0.44653376936912537,0.44506216049194336,0.0014716088771820068
final,15,block7.W1,19,16,0.3960825204849243,0.3963744640350342,0.0002919435501098633
final,15,block7.W1,20,16,0.5029985904693604,0.5009926557540894,0.002005934715270996
final,15,block7.W1,21,16,0.40458351373672485,0.4033680558204651,0.0012154579162597656
final,15,block7.W1,22,16,0.4141779839992523,0.41378146409988403,0.00039651989936828613
final,15,block7.W1,23,16,0.44478654861450195,0.4462326467037201,0.0014460980892181396
final,15,block7.W1,24,16,0.30816057324409485,0.3084532916545868,0.00029271841049194336
final,15,block7.W1,25,16,0.3847493529319763,0.38697221875190735,0.0022228658199310303
final,15,block7.W1,26,16,0.29174041748046875,0.2917645573616028,2.4139881134033203e-05
final,15,block7.W1,27,16,0.4328422546386719,0.4318690896034241,0.0009731650352478027
final,15,block7.W1,28,16,0.38731998205184937,0.3865307569503784,0.0007892251014709473
final,15,block7.W1,29,16,0.35476845502853394,0.3536290228366852,0.0011394321918487549
final,15,block7.W1,30,16,0.4393536448478699,0.4386640191078186,0.0006896257400512695
final,15,block7.W1,31,16,0.35565894842147827,0.35864678025245667,0.0029878318309783936
final,15,block7.W1,32,16,0.5265429615974426,0.5261277556419373,0.0004152059555053711
final,15,block7.W1,33,16,0.32343512773513794,0.32338207960128784,5.3048133850097656e-05
final,15,block7.W1,34,16,0.4414898157119751,0.4402628540992737,0.001226961612701416
final,15,block7.W1,35,16,0.3806656301021576,0.38071349263191223,4.786252975463867e-05
final,15,block7.W1,36,16,0.3809978663921356,0.379912406206131,0.0010854601860046387
final,15,block7.W1,37,16,0.31399255990982056,0.31549984216690063,0.0015072822570800781
final,15,block7.W1,38,16,0.48086240887641907,0.4798752963542938,0.0009871125221252441
final,15,block7.W1,39,16,0.31678858399391174,0.31709665060043335,0.00030806660652160645
final,15,block7.W1,40,16,0.5516173243522644,0.551959753036499,0.00034242868423461914
final,15,block7.W1,41,16,0.3564563989639282,0.3569622039794922,0.0005058050155639648
final,15,block7.W1,42,16,0.5013797879219055,0.5015352964401245,0.00015550851821899414
final,15,block7.W1,43,16,0.44309863448143005,0.4432431161403656,0.00014448165893554688
final,15,block7.W1,44,16,0.41063550114631653,0.4114988446235657,0.0008633434772491455
final,15,block7.W1,45,16,0.3502364158630371,0.34857359528541565,0.00166282057762146
final,15,block7.W1,46,16,0.39370375871658325,0.3946412205696106,0.0009374618530273438
final,15,block7.W1,47,16,0.3233310878276825,0.32263419032096863,0.0006968975067138672
final,15,block7.W1,48,16,0.28109362721443176,0.2795109450817108,0.0015826821327209473
final,15,block7.W1,49,16,0.38966304063796997,0.389865905046463,0.000202864408493042
final,15,block7.W1,50,16,0.3697970509529114,0.370816707611084,0.0010196566581726074
final,15,block7.W1,51,16,0.3875334560871124,0.3854193091392517,0.0021141469478607178
final,15,block7.W1,52,16,0.42276838421821594,0.4227259159088135,4.246830940246582e-05
final,15,block7.W1,53,16,0.41833367943763733,0.4167852997779846,0.00154837965965271
final,15,block7.W1,54,16,0.3962143063545227,0.3957037925720215,0.0005105137825012207
final,15,block7.W1,55,16,0.4028175175189972,0.4038061499595642,0.0009886324405670166
final,15,block7.W1,56,16,0.40435129404067993,0.40297311544418335,0.001378178596496582
final,15,block7.W1,57,16,0.4843749701976776,0.4821382462978363,0.0022367238998413086
final,15,block7.W1,58,16,0.3504394292831421,0.3492136597633362,0.0012257695198059082
final,15,block7.W1,59,16,0.34293535351753235,0.34252843260765076,0.0004069209098815918
final,15,block7.W1,60,16,0.3552526831626892,0.35575056076049805,0.0004978775978088379
final,15,block7.W1,61,16,0.44222292304039,0.44355833530426025,0.0013354122638702393
final,15,block7.W1,62,16,0.3571617901325226,0.35692790150642395,0.0002338886260986328
final,15,block7.W1,63,16,0.32555723190307617,0.3260997533798218,0.0005425214767456055
final,16,block7.W2,0,16,0.43342411518096924,0.43467751145362854,0.0012533962726593018
final,16,block7.W2,1,16,0.465974897146225,0.46532344818115234,0.0006514489650726318
final,16,block7.W2,2,16,0.40948885679244995,0.4103269875049591,0.0008381307125091553
final,16,block7.W2,3,16,0.28498131036758423,0.2854595184326172,0.000478208065032959
final,16,block7.W2,4,16,0.40176963806152344,0.40322962403297424,0.0014599859714508057
final,16,block7.W2,5,16,0.3828560411930084,0.3830018937587738,0.00014585256576538086
final,16,block7.W2,6,16,0.32001352310180664,0.32116270065307617,0.0011491775512695312
final,16,block7.W2,7,16,0.4271051287651062,0.42768704891204834,0.0005819201469421387
final,16,block7.W2,8,16,0.3950405716896057,0.3953135013580322,0.00027292966842651367
final,16,block7.W2,9,16,0.5021005272865295,0.5034438967704773,0.001343369483947754
final,16,block7.W2,10,16,0.3627953827381134,0.3625553846359253,0.00023999810218811035
final,16,block7.W2,11,16,0.4606846868991852,0.4618970453739166,0.0012123584747314453
final,16,block7.W2,12,16,0.3828165531158447,0.3831055462360382,0.00028899312019348145
final,16,block7.W2,13,16,0.45723453164100647,0.4579348564147949,0.0007003247737884521
final,16,block7.W2,14,16,0.41843876242637634,0.4182422459125519,0.0001965165138244629
final,16,block7.W2,15,16,0.3889094293117523,0.38898977637290955,8.034706115722656e-05
final,16,block7.W2,16,16,0.40027594566345215,0.4004043936729431,0.0001284480094909668
final,16,block7.W2,17,16,0.46695172786712646,0.4670693874359131,0.0001176595687866211
final,16,block7.W2,18,16,0.5604180097579956,0.5598024725914001,0.000615537166595459
final,16,block7.W2,19,16,0.39705854654312134,0.39563873410224915,0.0014198124408721924
final,16,block7.W2,20,16,0.2955659031867981,0.2953336536884308,0.00023224949836730957
final,16,block7.W2,21,16,0.44797614216804504,0.4479844272136688,8.285045623779297e-06
final,16,block7.W2,22,16,0.36237284541130066,0.36200037598609924,0.000372469425201416
final,16,block7.W2,23,16,0.3729121685028076,0.37422773241996765,0.0013155639171600342
final,16,block7.W2,24,16,0.34297117590904236,0.3437317907810211,0.0007606148719787598
final,16,block7.W2,25,16,0.33259186148643494,0.3330402076244354,0.0004483461380004883
final,16,block7.W2,26,16,0.38327157497406006,0.38477852940559387,0.0015069544315338135
final,16,block7.W2,27,16,0.33270689845085144,0.3320166766643524,0.0006902217864990234
final,16,block7.W2,28,16,0.3468884527683258,0.3467867374420166,0.0001017153263092041
final,16,block7.W2,29,16,0.44091615080833435,0.4411117434501648,0.00019559264183044434
final,16,block7.W2,30,16,0.40785735845565796,0.40795329213142395,9.593367576599121e-05
final,16,block7.W2,31,16,0.3669545352458954,0.3678662180900574,0.0009116828441619873
final,16,block7.W2,32,16,0.5156751275062561,0.5157431364059448,6.80088996887207e-05
final,16,block7.W2,33,16,0.40954825282096863,0.40898677706718445,0.0005614757537841797
final,16,block7.W2,34,16,0.31100767850875854,0.3100970387458801,0.000910639762878418
final,16,block7.W2,35,16,0.3794657588005066,0.3794787526130676,1.2993812561035156e-05
final,16,block7.W2,36,16,0.46834370493888855,0.46905386447906494,0.0007101595401763916
final,16,block7.W2,37,16,0.5123522877693176,0.5125368237495422,0.00018453598022460938
final,16,block7.W2,38,16,0.39289581775665283,0.39194440841674805,0.0009514093399047852
final,16,block7.W2,39,16,0.4228515923023224,0.4237942397594452,0.0009426474571228027
final,16,block7.W2,40,16,0.3904286324977875,0.3905588984489441,0.0001302659511566162
final,16,block7.W2,41,16,0.5145668983459473,0.5154374241828918,0.0008705258369445801
final,16,block7.W2,42,16,0.3464899957180023,0.34645259380340576,3.740191459655762e-05
final,16,block7.W2,43,16,0.4111033082008362,0.4100983738899231,0.001004934310913086
final,16,block7.W2,44,16,0.4024166762828827,0.4037863612174988,0.0013696849346160889
final,16,block7.W2,45,16,0.5221340656280518,0.5218445658683777,0.00028949975967407227
final,16,block7.W2,46,16,0.35760754346847534,0.3566586971282959,0.0009488463401794434
final,16,block7.W2,47,16,0.42626431584358215,0.42676517367362976,0.0005008578300476074
final,16,block7.W2,48,16,0.3508366644382477,0.3516522943973541,0.0008156299591064453
final,16,block7.W2,49,16,0.4656023681163788,0.46527427434921265,0.0003280937671661377
final,16,block7.W2,50,16,0.5045310854911804,0.5052202343940735,0.0006891489028930664
final,16,block7.W2,51,16,0.4400813579559326,0.4394867718219757,0.0005945861339569092
final,16,block7.W2,52,16,0.5574276447296143,0.5578709244728088,0.0004432797431945801
final,16,block7.W2,53,16,0.34021973609924316,0.34090742468833923,0.0006876885890960693
final,16,block7.W2,54,16,0.36624234914779663,0.36608827114105225,0.00015407800674438477
final,16,block7.W2,55,16,0.3172735869884491,0.31539854407310486,0.0018750429153442383
final,16,block7.W2,56,16,0.3156573474407196,0.3166671693325043,0.001009821891784668
final,16,block7.W2,57,16,0.4067656397819519,0.40728315711021423,0.0005175173282623291
final,16,block7.W2,58,16,0.38662680983543396,0.38767102360725403,0.0010442137718200684
final,16,block7.W2,59,16,0.48002585768699646,0.4787334203720093,0.0012924373149871826
final,16,block7.W2,60,16,0.40484726428985596,0.4040384888648987,0.0008087754249572754
final,16,block7.W2,61,16,0.4416564106941223,0.4409371614456177,0.0007192492485046387
final,16,block7.W2,62,16,0.40510663390159607,0.40505489706993103,5.173683166503906e-05
final,16,block7.W2,63,16,0.3616011440753937,0.36094531416893005,0.000655829906463623
final,17,W_out,0,16,0.4426868259906769,0.440287709236145,0.0023991167545318604
final,17,W_out,1,16,0.42744943499565125,0.4158596396446228,0.011589795351028442
final,17,W_out,2,16,0.3867262303829193,0.39798834919929504,0.011262118816375732
final,17,W_out,3,16,0.28196224570274353,0.27193671464920044,0.01002553105354309
final,17,W_out,4,16,0.44019654393196106,0.44368410110473633,0.0034875571727752686
final,17,W_out,5,16,0.3306959271430969,0.32985225319862366,0.0008436739444732666
final,17,W_out,6,16,0.32150548696517944,0.32783544063568115,0.006329953670501709
final,17,W_out,7,16,0.3542701005935669,0.3523772954940796,0.0018928050994873047
final,17,W_out,8,16,0.4488930404186249,0.43796485662460327,0.010928183794021606
final,17,W_out,9,16,0.45522409677505493,0.46257373690605164,0.007349640130996704
final,17,W_out,10,16,0.3874143064022064,0.3946142792701721,0.007199972867965698
final,17,W_out,11,16,0.37895292043685913,0.386609822511673,0.007656902074813843
final,17,W_out,12,16,0.30695125460624695,0.2954203188419342,0.011530935764312744
final,17,W_out,13,16,0.48599323630332947,0.4907777011394501,0.0047844648361206055
final,17,W_out,14,16,0.3682551681995392,0.3781954050064087,0.009940236806869507
final,17,W_out,15,16,0.3919679522514343,0.40083760023117065,0.008869647979736328
final,17,W_out,16,16,0.3796601891517639,0.38814982771873474,0.008489638566970825
final,17,W_out,17,16,0.43689608573913574,0.4358632266521454,0.0010328590869903564
final,17,W_out,18,16,0.35424649715423584,0.3495101034641266,0.004736393690109253
final,17,W_out,19,16,0.3435102105140686,0.3455435335636139,0.002033323049545288
final,17,W_out,20,16,0.3650197982788086,0.36126598715782166,0.0037538111209869385
final,17,W_out,21,16,0.40223228931427,0.4059846103191376,0.0037523210048675537
final,17,W_out,22,16,0.4013005793094635,0.392510324716568,0.008790254592895508
final,17,W_out,23,16,0.39052900671958923,0.3963667154312134,0.0058377087116241455
final,17,W_out,24,16,0.4274553954601288,0.4185914993286133,0.008863896131515503
final,17,W_out,25,16,0.38775017857551575,0.3795517086982727,0.008198469877243042
final,17,W_out,26,16,0.49760717153549194,0.505670964717865,0.008063793182373047
final,17,W_out,27,16,0.4154280424118042,0.40374255180358887,0.011685490608215332
final,17,W_out,28,16,0.4804688096046448,0.47579479217529297,0.004674017429351807
final,17,W_out,29,16,0.4298678934574127,0.4262627065181732,0.003605186939239502
final,17,W_out,30,16,0.2956888973712921,0.3098706305027008,0.014181733131408691
final,17,W_out,31,16,0.3257189393043518,0.3188701272010803,0.006848812103271484
final,17,W_out,32,16,0.4414219260215759,0.44587448239326477,0.004452556371688843
final,17,W_out,33,16,0.4081133008003235,0.40980249643325806,0.0016891956329345703
final,17,W_out,34,16,0.47469401359558105,0.4811149537563324,0.006420940160751343
final,17,W_out,35,16,0.3105579912662506,0.3154199421405792,0.004861950874328613
final,17,W_out,36,16,0.5236706733703613,0.5174327492713928,0.006237924098968506
final,17,W_out,37,16,0.48408806324005127,0.46454668045043945,0.019541382789611816
final,17,W_out,38,16,0.37795063853263855,0.380558580160141,0.0026079416275024414
final,17,W_out,39,16,0.3313711881637573,0.3436984419822693,0.012327253818511963
final,17,W_out,40,16,0.3596743941307068,0.3601738214492798,0.000499427318572998
final,17,W_out,41,16,0.38966453075408936,0.3845531940460205,0.005111336708068848
final,17,W_out,42,16,0.43658414483070374,0.4257652461528778,0.010818898677825928
final,17,W_out,43,16,0.34625592827796936,0.3565206527709961,0.010264724493026733
final,17,W_out,44,16,0.3543127477169037,0.34712088108062744,0.007191866636276245
final,17,W_out,45,16,0.44442152976989746,0.4362699091434479,0.008151620626449585
final,17,W_out,46,16,0.43621063232421875,0.43816763162612915,0.0019569993019104004
final,17,W_out,47,16,0.28753960132598877,0.282640665769577,0.004898935556411743
final,17,W_out,48,16,0.45942607522010803,0.46755167841911316,0.008125603199005127
final,17,W_out,49,16,0.3377487063407898,0.336765319108963,0.0009833872318267822
final,17,W_out,50,16,0.4505159258842468,0.43386828899383545,0.016647636890411377
final,17,W_out,51,16,0.4325510263442993,0.4259580373764038,0.006592988967895508
final,17,W_out,52,16,0.39780667424201965,0.3898547291755676,0.007951945066452026
final,17,W_out,53,16,0.5011695623397827,0.4931901693344116,0.007979393005371094
final,17,W_out,54,16,0.4461117088794708,0.44857895374298096,0.002467244863510132
final,17,W_out,55,16,0.3957154154777527,0.40000128746032715,0.004285871982574463
final,17,W_out,56,16,0.41518646478652954,0.4102698862552643,0.004916578531265259
final,17,W_out,57,16,0.3965663015842438,0.39888685941696167,0.0023205578327178955
final,17,W_out,58,16,0.46718496084213257,0.46259358525276184,0.0045913755893707275
final,17,W_out,59,16,0.398094117641449,0.4016727805137634,0.003578662872314453
final,17,W_out,60,16,0.36361637711524963,0.36231985688209534,0.0012965202331542969
final,17,W_out,61,16,0.4204731583595276,0.4185340106487274,0.001939147710800171
final,17,W_out,62,16,0.38550588488578796,0.3907431364059448,0.00523725152015686
final,17,W_out,63,16,0.40230634808540344,0.40303242206573486,0.0007260739803314209
