condition,seed,checkpoint_stage,layer,stage,values,examples,features,mean,std,rms,zero_fraction,negative_fraction,max_abs,nonfinite_count,dead_features,dead_feature_fraction
residual,0,initial,0,input,90000,1000,90,-0.24865594502025182,0.5706528477563928,0.6224744586297459,0.11097777777777777,0.6533777777777777,1.9996788501739502,0,0,0.0
residual,0,initial,0,output,79000,1000,79,-0.028095396617204407,0.6438380603776636,0.6444507733736923,0.0,0.5186962025316456,3.760883092880249,0,0,0.0
residual,0,initial,0,pre_activation,79000,1000,79,-0.028095396617204407,0.6438380603776636,0.6444507733736923,0.0,0.5186962025316456,3.760883092880249,0,0,0.0
residual,0,initial,0,pre_quantization,90000,1000,90,0.018114338403025208,0.7685564910431445,0.7687699325418043,0.0,0.7199444444444445,2.821486711502075,0,0,0.0
residual,0,initial,1,branch_shortcut_rms_ratio,1000,1000,1,0.8808254730701447,0.05859950120381235,0.8827725729487634,0.0,0.0,1.0562560558319092,0,0,0.0
residual,0,initial,1,input,79000,1000,79,-0.025980684464113623,0.5706943169435416,0.5712853922138036,0.3139367088607595,0.36063291139240505,1.1842705011367798,0,0,0.0
residual,0,initial,1,output,82000,1000,82,-0.03924953980782113,0.8008723567882474,0.8018335601873293,0.0,0.5151341463414634,5.005279064178467,0,0,0.0
residual,0,initial,1,pre_activation,82000,1000,82,-0.03924953980782113,0.8008723567882474,0.8018335601873293,0.0,0.5151341463414634,5.005279064178467,0,0,0.0
residual,0,initial,1,pre_quantization,79000,1000,79,-0.028095396617204407,0.6438380603776636,0.6444507733736923,0.0,0.5186962025316456,3.760883092880249,0,0,0.0
residual,0,initial,1,residual_branch,82000,1000,82,-0.012182023488715709,0.5597733659179387,0.5599059053871267,0.0,0.5078658536585365,3.4677584171295166,0,0,0.0
residual,0,initial,1,shortcut,82000,1000,82,-0.027067516253160343,0.6319728093978432,0.6325521972567305,0.036585365853658534,0.49971951219512195,3.760883092880249,0,3,0.036585365853658534
residual,0,initial,2,branch_shortcut_rms_ratio,1000,1000,1,0.9073369771242141,0.06627096618000083,0.90975393981853,0.0,0.0,1.0894358158111572,0,0,0.0
residual,0,initial,2,input,82000,1000,82,-0.029157446382249274,0.7147657373152994,0.7153602001225796,0.30473170731707316,0.3626951219512195,1.683687686920166,0,0,0.0
residual,0,initial,2,output,80000,1000,80,-0.0657786500524045,1.0823945359278917,1.0843914248136015,0.0,0.5198625,6.473938465118408,0,0,0.0
residual,0,initial,2,pre_activation,80000,1000,80,-0.0657786500524045,1.0823945359278917,1.0843914248136015,0.0,0.5198625,6.473938465118408,0,0,0.0
residual,0,initial,2,pre_quantization,82000,1000,82,-0.03924953980782113,0.8008723567882474,0.8018335601873293,0.0,0.5151341463414634,5.005279064178467,0,0,0.0
residual,0,initial,2,residual_branch,80000,1000,80,-0.026081404744176865,0.732540954628849,0.7330051090422052,0.0,0.518625,4.782109260559082,0,0,0.0
residual,0,initial,2,shortcut,80000,1000,80,-0.03969724540782906,0.8066519857753123,0.8076281925788772,0.0,0.5150125,5.005279064178467,0,0,0.0
residual,0,initial,3,branch_shortcut_rms_ratio,1000,1000,1,0.8903947142958641,0.06696417859041542,0.8929092610452097,0.0,0.0,1.094813585281372,0,0,0.0
residual,0,initial,3,input,80000,1000,80,-0.044457134462147954,0.9687938480807377,0.9698133618813822,0.3018625,0.36725,2.4526562690734863,0,0,0.0
residual,0,initial,3,output,82000,1000,82,-0.06259122913942353,1.3810370731963084,1.3824547224078658,0.0,0.5108780487804878,8.932695388793945,0,0,0.0
residual,0,initial,3,pre_activation,82000,1000,82,-0.06259122913942353,1.3810370731963084,1.3824547224078658,0.0,0.5108780487804878,8.932695388793945,0,0,0.0
residual,0,initial,3,pre_quantization,80000,1000,80,-0.0657786500524045,1.0823945359278917,1.0843914248136015,0.0,0.5198625,6.473938465118408,0,0,0.0
residual,0,initial,3,residual_branch,82000,1000,82,0.0015830635401102202,0.9539096814217682,0.9539109950096767,0.0,0.507060975609756,5.709345817565918,0,0,0.0
residual,0,initial,3,shortcut,82000,1000,82,-0.06417429273405316,1.0691612686611094,1.0710855046414123,0.024390243902439025,0.5071829268292682,6.473938465118408,0,2,0.024390243902439025
residual,0,initial,4,branch_shortcut_rms_ratio,1000,1000,1,0.864408293902874,0.05857998108648069,0.8663909699161054,0.0,0.0,1.056921124458313,0,0,0.0
residual,0,initial,4,input,82000,1000,82,-0.03430218720799539,1.2296366210400869,1.2301149783049283,0.3083658536585366,0.3575853658536585,3.1965582370758057,0,0,0.0
residual,0,initial,4,output,80000,1000,80,-0.0010853878020498087,1.8622714520777919,1.8622717683760897,0.0,0.5052,13.419639587402344,0,0,0.0
residual,0,initial,4,pre_activation,80000,1000,80,-0.0010853878020498087,1.8622714520777919,1.8622717683760897,0.0,0.5052,13.419639587402344,0,0,0.0
residual,0,initial,4,pre_quantization,82000,1000,82,-0.06259122913942353,1.3810370731963084,1.3824547224078658,0.0,0.5108780487804878,8.932695388793945,0,0,0.0
residual,0,initial,4,residual_branch,80000,1000,80,0.07447141081399955,1.200548128854143,1.2028556857428125,0.0,0.469975,7.997638702392578,0,0,0.0
residual,0,initial,4,shortcut,80000,1000,80,-0.07555679843923271,1.384516208474044,1.3865763452899844,0.0,0.5144,8.932695388793945,0,0,0.0
residual,0,initial,5,branch_shortcut_rms_ratio,1000,1000,1,0.8493107909560204,0.06173873105666884,0.8515518131897957,0.0,0.0,1.048170566558838,0,0,0.0
residual,0,initial,5,input,80000,1000,80,-0.02043169317394495,1.654684786598072,1.6548109248748213,0.3077875,0.350775,4.5040411949157715,0,0,0.0
residual,0,initial,5,output,82000,1000,82,0.008182211986482626,2.484061022240811,2.4840744978379887,0.0,0.49971951219512195,15.951911926269531,0,0,0.0
residual,0,initial,5,pre_activation,82000,1000,82,0.008182211986482626,2.484061022240811,2.4840744978379887,0.0,0.49971951219512195,15.951911926269531,0,0,0.0
residual,0,initial,5,pre_quantization,80000,1000,80,-0.0010853878020498087,1.8622714520777919,1.8622717683760897,0.0,0.5052,13.419639587402344,0,0,0.0
residual,0,initial,5,residual_branch,82000,1000,82,0.009241126862411603,1.57029552856681,1.57032272016379,0.0,0.4908170731707317,12.311089515686035,0,0,0.0
residual,0,initial,5,shortcut,82000,1000,82,-0.0010589149288290816,1.8394206378327749,1.839420942630033,0.024390243902439025,0.4928780487804878,13.419639587402344,0,2,0.024390243902439025
residual,0,initial,6,branch_shortcut_rms_ratio,1000,1000,1,0.902709367275238,0.07626572272019201,0.9059253072016995,0.0,0.0,1.1201518774032593,0,0,0.0
residual,0,initial,6,input,82000,1000,82,-0.0047045843165095256,2.213441397324469,2.2134463970250757,0.3050731707317073,0.3478414634146341,5.8121256828308105,0,0,0.0
residual,0,initial,6,output,81000,1000,81,-0.018785705442280694,3.3432809424682577,3.343333719956835,0.0,0.5015802469135803,22.991558074951172,0,0,0.0
residual,0,initial,6,pre_activation,81000,1000,81,-0.018785705442280694,3.3432809424682577,3.343333719956835,0.0,0.5015802469135803,22.991558074951172,0,0,0.0
residual,0,initial,6,pre_quantization,82000,1000,82,0.008182211986482626,2.484061022240811,2.4840744978379887,0.0,0.49971951219512195,15.951911926269531,0,0,0.0
residual,0,initial,6,residual_branch,81000,1000,81,-0.03164643708242001,2.267170022007745,2.2673908806534904,0.0,0.5082345679012346,14.14966869354248,0,0,0.0
residual,0,initial,6,shortcut,81000,1000,81,0.012860731606074089,2.494010071851714,2.494043230763099,0.0,0.4982469135802469,15.951911926269531,0,0,0.0
residual,0,initial,7,branch_shortcut_rms_ratio,1000,1000,1,0.9133685023784638,0.06969380681790552,0.9160236065985687,0.0,0.0,1.1407617330551147,0,0,0.0
residual,0,initial,7,input,81000,1000,81,-0.010411288028881874,2.9731582952053586,2.9731765240676267,0.3068395061728395,0.3487654320987654,7.389529705047607,0,0,0.0
residual,0,initial,7,output,81000,1000,81,-0.229821325473095,4.488479710141958,4.4943595706171795,0.0,0.519753086419753,35.4959716796875,0,0,0.0
residual,0,initial,7,pre_activation,81000,1000,81,-0.229821325473095,4.488479710141958,4.4943595706171795,0.0,0.519753086419753,35.4959716796875,0,0,0.0
residual,0,initial,7,pre_quantization,81000,1000,81,-0.018785705442280694,3.3432809424682577,3.343333719956835,0.0,0.5015802469135803,22.991558074951172,0,0,0.0
residual,0,initial,7,residual_branch,81000,1000,81,-0.2110356199305687,3.0611867098657717,3.0684523958403376,0.0,0.5264074074074074,26.145288467407227,0,0,0.0
residual,0,initial,7,shortcut,81000,1000,81,-0.018785705442280694,3.3432809424682577,3.343333719956835,0.0,0.5015802469135803,22.991558074951172,0,0,0.0
residual,0,initial,8,branch_shortcut_rms_ratio,1000,1000,1,0.9123991701006889,0.06836832142928692,0.9149570880513928,0.0,0.0,1.117522954940796,0,0,0.0
residual,0,initial,8,input,81000,1000,81,-0.17349295246159588,3.986282065541223,3.990055702695069,0.31135802469135804,0.36401234567901236,11.15345573425293,0,0,0.0
residual,0,initial,8,output,81000,1000,81,-0.5422337678815066,6.154454537599321,6.178294919669006,0.0,0.5405061728395062,42.426063537597656,0,0,0.0
residual,0,initial,8,pre_activation,81000,1000,81,-0.5422337678815066,6.154454537599321,6.178294919669006,0.0,0.5405061728395062,42.426063537597656,0,0,0.0
residual,0,initial,8,pre_quantization,81000,1000,81,-0.229821325473095,4.488479710141958,4.4943595706171795,0.0,0.519753086419753,35.4959716796875,0,0,0.0
residual,0,initial,8,residual_branch,81000,1000,81,-0.3124124422149078,4.1167464186617355,4.128583608165748,0.0,0.5343827160493827,33.305965423583984,0,0,0.0
residual,0,initial,8,shortcut,81000,1000,81,-0.229821325473095,4.488479710141958,4.4943595706171795,0.0,0.519753086419753,35.4959716796875,0,0,0.0
residual,0,initial,9,branch_shortcut_rms_ratio,1000,1000,1,0.8949426596164703,0.06431504473007232,0.8972506834659044,0.0,0.0,1.1495505571365356,0,0,0.0
residual,0,initial,9,input,81000,1000,81,-0.47056229798882093,5.465512550433738,5.485732067394217,0.3079876543209877,0.3835802469135802,15.284124374389648,0,0,0.0
residual,0,initial,9,output,81000,1000,81,-0.4601036704895144,8.57057741935537,8.582918657936942,0.0,0.525283950617284,66.47404479980469,0,0,0.0
residual,0,initial,9,pre_activation,81000,1000,81,-0.4601036704895144,8.57057741935537,8.582918657936942,0.0,0.525283950617284,66.47404479980469,0,0,0.0
residual,0,initial,9,pre_quantization,81000,1000,81,-0.5422337678815066,6.154454537599321,6.178294919669006,0.0,0.5405061728395062,42.426063537597656,0,0,0.0
residual,0,initial,9,residual_branch,81000,1000,81,0.08213009716808922,5.558657102593648,5.55926381250932,0.0,0.4906543209876543,39.68052673339844,0,0,0.0
residual,0,initial,9,shortcut,81000,1000,81,-0.5422337678815066,6.154454537599321,6.178294919669006,0.0,0.5405061728395062,42.426063537597656,0,0,0.0
residual,0,initial,10,branch_shortcut_rms_ratio,1000,1000,1,0.8960145865678787,0.06700525996975161,0.8985164685224309,0.0,0.0,1.1170597076416016,0,0,0.0
residual,0,initial,10,input,81000,1000,81,-0.40159716247629235,7.629194732997967,7.639757362306275,0.30576543209876544,0.36965432098765433,21.3179988861084,0,0,0.0
residual,0,initial,10,output,81000,1000,81,-0.8384750046596796,11.605082103490684,11.635332868560264,0.0,0.5315802469135803,79.14537048339844,0,0,0.0
residual,0,initial,10,pre_activation,81000,1000,81,-0.8384750046596796,11.605082103490684,11.635332868560264,0.0,0.5315802469135803,79.14537048339844,0,0,0.0
residual,0,initial,10,pre_quantization,81000,1000,81,-0.4601036704895144,8.57057741935537,8.582918657936942,0.0,0.525283950617284,66.47404479980469,0,0,0.0
residual,0,initial,10,residual_branch,81000,1000,81,-0.37837133226692626,7.718660837182292,7.727929217101635,0.0,0.5176049382716049,58.02024841308594,0,0,0.0
residual,0,initial,10,shortcut,81000,1000,81,-0.4601036704895144,8.57057741935537,8.582918657936942,0.0,0.525283950617284,66.47404479980469,0,0,0.0
residual,0,initial,11,branch_shortcut_rms_ratio,1000,1000,1,0.9071214101314544,0.07319238306677506,0.9100694356244867,0.0,0.0,1.1289353370666504,0,0,0.0
residual,0,initial,11,input,81000,1000,81,-0.6846691931147634,10.319935542473797,10.342622564166902,0.30739506172839504,0.37444444444444447,32.0474739074707,0,0,0.0
residual,0,initial,11,output,82000,1000,82,-1.1348538014447975,15.667077782666047,15.708125903453976,0.0,0.5251951219512195,112.19564056396484,0,0,0.0
residual,0,initial,11,pre_activation,82000,1000,82,-1.1348538014447975,15.667077782666047,15.708125903453976,0.0,0.5251951219512195,112.19564056396484,0,0,0.0
residual,0,initial,11,pre_quantization,81000,1000,81,-0.8384750046596796,11.605082103490684,11.635332868560264,0.0,0.5315802469135803,79.14537048339844,0,0,0.0
residual,0,initial,11,residual_branch,82000,1000,82,-0.3066041035709989,10.46492303203729,10.46941355295468,0.0,0.5104146341463415,74.13885498046875,0,0,0.0
residual,0,initial,11,shortcut,82000,1000,82,-0.8282496997248054,11.53446946965252,11.564168085575385,0.012195121951219513,0.5250975609756098,79.14537048339844,0,1,0.012195121951219513
residual,0,initial,12,branch_shortcut_rms_ratio,1000,1000,1,0.8572251541018486,0.06513655206570085,0.8596963040748435,0.0,0.0,1.05711829662323,0,0,0.0
residual,0,initial,12,input,82000,1000,82,-0.7998470043321935,13.872058949914269,13.895098946759457,0.3139390243902439,0.3667439024390244,45.302799224853516,0,0,0.0
residual,0,initial,12,output,81000,1000,81,-1.1439906142890715,20.751348389394852,20.782857707823094,0.0,0.5214074074074074,140.24114990234375,0,0,0.0
residual,0,initial,12,pre_activation,81000,1000,81,-1.1439906142890715,20.751348389394852,20.782857707823094,0.0,0.5214074074074074,140.24114990234375,0,0,0.0
residual,0,initial,12,pre_quantization,82000,1000,82,-1.1348538014447975,15.667077782666047,15.708125903453976,0.0,0.5251951219512195,112.19564056396484,0,0,0.0
residual,0,initial,12,residual_branch,81000,1000,81,0.01814172644779203,13.508195739880506,13.508207922191765,0.0,0.49950617283950616,93.52204895019531,0,0,0.0
residual,0,initial,12,shortcut,81000,1000,81,-1.1621323425538757,15.741168236725388,15.784008649215256,0.0,0.5262098765432098,112.19564056396484,0,0,0.0
residual,0,initial,13,branch_shortcut_rms_ratio,1000,1000,1,0.8972022686004638,0.0684296247357826,0.8998080485988659,0.0,0.0,1.1047314405441284,0,0,0.0
residual,0,initial,13,input,81000,1000,81,-0.8638146105636785,18.452095330343692,18.47230353154459,0.30858024691358027,0.36518518518518517,58.86491012573242,0,0,0.0
residual,0,initial,13,output,82000,1000,82,-0.5257708054169343,27.454362017254848,27.459396000537126,0.0,0.5023536585365853,185.12884521484375,0,0,0.0
residual,0,initial,13,pre_activation,82000,1000,82,-0.5257708054169343,27.454362017254848,27.459396000537126,0.0,0.5023536585365853,185.12884521484375,0,0,0.0
residual,0,initial,13,pre_quantization,81000,1000,81,-1.1439906142890715,20.751348389394852,20.782857707823094,0.0,0.5214074074074074,140.24114990234375,0,0,0.0
residual,0,initial,13,residual_branch,82000,1000,82,0.6042687037630952,18.588795077905445,18.598614010584477,0.0,0.48704878048780487,128.16798400878906,0,0,0.0
residual,0,initial,13,shortcut,82000,1000,82,-1.1300395092367657,20.62480983291891,20.655744235841624,0.012195121951219513,0.5150487804878049,140.24114990234375,0,1,0.012195121951219513
residual,0,initial,14,branch_shortcut_rms_ratio,1000,1000,1,0.864050435423851,0.07757263704854032,0.8675256013368199,0.0,0.0,1.1336784362792969,0,0,0.0
residual,0,initial,14,input,82000,1000,82,-0.3082321153384883,24.491686532938743,24.49362603341243,0.30471951219512194,0.3518780487804878,84.18401336669922,0,0,0.0
residual,0,initial,14,output,80000,1000,80,-1.150015286952212,36.91501057484963,36.93291947438605,0.0,0.5084,316.38812255859375,0,0,0.0
residual,0,initial,14,pre_activation,80000,1000,80,-1.150015286952212,36.91501057484963,36.93291947438605,0.0,0.5084,316.38812255859375,0,0,0.0
residual,0,initial,14,pre_quantization,82000,1000,82,-0.5257708054169343,27.454362017254848,27.459396000537126,0.0,0.5023536585365853,185.12884521484375,0,0,0.0
residual,0,initial,14,residual_branch,80000,1000,80,-0.4943384588990564,23.73276565529254,23.73791347530317,0.0,0.509225,193.5607452392578,0,0,0.0
residual,0,initial,14,shortcut,80000,1000,80,-0.6556768293444926,27.452376561660383,27.460205588956168,0.0,0.504975,185.12884521484375,0,0,0.0
residual,0,initial,15,input,80000,1000,80,-0.7309035784244537,32.89559052200141,32.90370945398319,0.3076375,0.3538,129.582275390625,0,0,0.0
residual,0,initial,15,output,10000,1000,10,-0.3428365867733955,34.0572434066436,34.05896894188959,0.0343,0.4915,247.54725646972656,0,0,0.0
residual,0,initial,15,pre_activation,10000,1000,10,-0.3428365867733955,34.0572434066436,34.05896894188959,0.0343,0.4915,247.54725646972656,0,0,0.0
residual,0,initial,15,pre_quantization,80000,1000,80,-1.150015286952212,36.91501057484963,36.93291947438605,0.0,0.5084,316.38812255859375,0,0,0.0
residual,0,final,0,input,90000,1000,90,-0.24865594502025182,0.5706528477563928,0.6224744586297459,0.11097777777777777,0.6533777777777777,1.9996788501739502,0,0,0.0
residual,0,final,0,output,79000,1000,79,-0.04937554883365909,0.6370425071368063,0.6389531287361954,0.0,0.537379746835443,3.3619160652160645,0,0,0.0
residual,0,final,0,pre_activation,79000,1000,79,-0.04937554883365909,0.6370425071368063,0.6389531287361954,0.0,0.537379746835443,3.3619160652160645,0,0,0.0
residual,0,final,0,pre_quantization,90000,1000,90,0.018114338403025208,0.7685564910431445,0.7687699325418043,0.0,0.7199444444444445,2.821486711502075,0,0,0.0
residual,0,final,1,branch_shortcut_rms_ratio,1000,1000,1,0.8412485300898552,0.05367586411436385,0.8429591851132329,0.0,0.0,1.0237038135528564,0,0,0.0
residual,0,final,1,input,79000,1000,79,-0.044493074229623696,0.5654541591598053,0.5672019391411892,0.3032405063291139,0.37950632911392407,1.3459974527359009,0,0,0.0
residual,0,final,1,output,82000,1000,82,-0.06557002048479497,0.75175878191846,0.7546129430230462,0.0,0.5413048780487805,4.427380561828613,0,0,0.0
residual,0,final,1,pre_activation,82000,1000,82,-0.06557002048479497,0.75175878191846,0.7546129430230462,0.0,0.5413048780487805,4.427380561828613,0,0,0.0
residual,0,final,1,pre_quantization,79000,1000,79,-0.04937554883365909,0.6370425071368063,0.6389531287361954,0.0,0.537379746835443,3.3619160652160645,0,0,0.0
residual,0,final,1,residual_branch,82000,1000,82,-0.018000894151762748,0.5299274782945527,0.530233122731772,0.0,0.5094634146341463,3.536935329437256,0,0,0.0
residual,0,final,1,shortcut,82000,1000,82,-0.04756912631535448,0.6253494200921941,0.6271560563273304,0.036585365853658534,0.5177195121951219,3.3619160652160645,0,3,0.036585365853658534
residual,0,final,2,branch_shortcut_rms_ratio,1000,1000,1,0.8367795618772507,0.06509091964474399,0.8393073709885325,0.0,0.0,1.0685964822769165,0,0,0.0
residual,0,final,2,input,82000,1000,82,-0.06326513504836617,0.6692030902272637,0.672186918410651,0.3098170731707317,0.38232926829268293,1.9391931295394897,0,0,0.0
residual,0,final,2,output,80000,1000,80,-0.05348569593257377,0.9510106043129355,0.952513458794702,0.0,0.514125,6.479021072387695,0,0,0.0
residual,0,final,2,pre_activation,80000,1000,80,-0.05348569593257377,0.9510106043129355,0.952513458794702,0.0,0.514125,6.479021072387695,0,0,0.0
residual,0,final,2,pre_quantization,82000,1000,82,-0.06557002048479497,0.75175878191846,0.7546129430230462,0.0,0.5413048780487805,4.427380561828613,0,0,0.0
residual,0,final,2,residual_branch,80000,1000,80,0.011134819447202966,0.6397476101647525,0.6398445037004177,0.0,0.490425,5.90402364730835,0,0,0.0
residual,0,final,2,shortcut,80000,1000,80,-0.06462051524277172,0.7580992725934552,0.76084841992145,0.0,0.5403,4.427380561828613,0,0,0.0
residual,0,final,3,branch_shortcut_rms_ratio,1000,1000,1,0.9089859529733658,0.08479085538100047,0.9129320631126611,0.0,0.0,1.1588561534881592,0,0,0.0
residual,0,final,3,input,80000,1000,80,-0.03044892953187227,0.8476576293904519,0.8482043350357729,0.3056375,0.360975,2.5435049533843994,0,0,0.0
residual,0,final,3,output,82000,1000,82,-0.05393989537942906,1.2265004193943294,1.2276859496988672,0.0,0.5125731707317073,8.924600601196289,0,0,0.0
residual,0,final,3,pre_activation,82000,1000,82,-0.05393989537942906,1.2265004193943294,1.2276859496988672,0.0,0.5125731707317073,8.924600601196289,0,0,0.0
residual,0,final,3,pre_quantization,80000,1000,80,-0.05348569593257377,0.9510106043129355,0.952513458794702,0.0,0.514125,6.479021072387695,0,0,0.0
residual,0,final,3,residual_branch,82000,1000,82,-0.0017587286429237513,0.8567025097242497,0.8567043149735314,0.0,0.5011219512195122,7.027232646942139,0,0,0.0
residual,0,final,3,shortcut,82000,1000,82,-0.0521811667634866,0.9393775537315966,0.9408257344585964,0.024390243902439025,0.5015853658536585,6.479021072387695,0,2,0.024390243902439025
residual,0,final,4,branch_shortcut_rms_ratio,1000,1000,1,0.8798371989130974,0.06709258544745506,0.8823915863228011,0.0,0.0,1.105446696281433,0,0,0.0
residual,0,final,4,input,82000,1000,82,-0.031589904762622786,1.093479827262905,1.0939360377617258,0.3064268292682927,0.3585121951219512,3.399235725402832,0,0,0.0
residual,0,final,4,output,80000,1000,80,-0.009108328623030683,1.6184770150627148,1.6185026444021091,0.0,0.5008,13.070585250854492,0,0,0.0
residual,0,final,4,pre_activation,80000,1000,80,-0.009108328623030683,1.6184770150627148,1.6185026444021091,0.0,0.5008,13.070585250854492,0,0,0.0
residual,0,final,4,pre_quantization,82000,1000,82,-0.05393989537942906,1.2265004193943294,1.2276859496988672,0.0,0.5125731707317073,8.924600601196289,0,0,0.0
residual,0,final,4,residual_branch,80000,1000,80,0.056223609459513685,1.0873910137876734,1.088843565957406,0.0,0.4797,9.654712677001953,0,0,0.0
residual,0,final,4,shortcut,80000,1000,80,-0.06533193827169347,1.2339742083591634,1.2357024759439306,0.0,0.5182,8.924600601196289,0,0,0.0
residual,0,final,5,branch_shortcut_rms_ratio,1000,1000,1,0.8839835394620895,0.0607250085603918,0.8860668285770454,0.0,0.0,1.0642917156219482,0,0,0.0
residual,0,final,5,input,80000,1000,80,-0.00692481609582901,1.436124850845083,1.4361415460506575,0.30965,0.3463375,4.582109451293945,0,0,0.0
residual,0,final,5,output,82000,1000,82,-0.04396174433091392,2.092746960785123,2.0932086558296064,0.0,0.5018536585365854,18.560352325439453,0,0,0.0
residual,0,final,5,pre_activation,82000,1000,82,-0.04396174433091392,2.092746960785123,2.0932086558296064,0.0,0.5018536585365854,18.560352325439453,0,0,0.0
residual,0,final,5,pre_quantization,80000,1000,80,-0.009108328623030683,1.6184770150627148,1.6185026444021091,0.0,0.5008,13.070585250854492,0,0,0.0
residual,0,final,5,residual_branch,82000,1000,82,-0.03507557021306496,1.4169464281128563,1.4173804978789406,0.0,0.5100487804878049,12.195322036743164,0,0,0.0
residual,0,final,5,shortcut,82000,1000,82,-0.008886174266371399,1.5986182667148348,1.5986429641315896,0.024390243902439025,0.4885853658536585,13.070585250854492,0,2,0.024390243902439025
residual,0,final,6,branch_shortcut_rms_ratio,1000,1000,1,0.8958708580136299,0.07510607205283494,0.8990136352121045,0.0,0.0,1.1350668668746948,0,0,0.0
residual,0,final,6,input,82000,1000,82,-0.02339853116797238,1.8604297542632728,1.8605768895181196,0.31034146341463414,0.34942682926829266,5.575502872467041,0,0,0.0
residual,0,final,6,output,81000,1000,81,0.11068248707014382,2.6600374310901955,2.662339149647347,0.0,0.4777777777777778,19.849002838134766,0,0,0.0
residual,0,final,6,pre_activation,81000,1000,81,0.11068248707014382,2.6600374310901955,2.662339149647347,0.0,0.4777777777777778,19.849002838134766,0,0,0.0
residual,0,final,6,pre_quantization,82000,1000,82,-0.04396174433091392,2.092746960785123,2.0932086558296064,0.0,0.5018536585365854,18.560352325439453,0,0,0.0
residual,0,final,6,residual_branch,81000,1000,81,0.15322029991892708,1.8848608342150697,1.891078217490005,0.0,0.46513580246913583,12.67869758605957,0,0,0.0
residual,0,final,6,shortcut,81000,1000,81,-0.04253781278800852,2.099328159034333,2.099759077806611,0.0,0.5012962962962964,18.560352325439453,0,0,0.0
residual,0,final,7,branch_shortcut_rms_ratio,1000,1000,1,0.8733768095970154,0.06800854147319094,0.8760206694223441,0.0,0.0,1.089658498764038,0,0,0.0
residual,0,final,7,input,81000,1000,81,0.10638592843214671,2.3623820844940897,2.3647763274582676,0.30758024691358027,0.32737037037037037,6.884219646453857,0,0,0.0
residual,0,final,7,output,81000,1000,81,-0.01444031305846102,3.4872612184730927,3.487291116111138,0.0,0.4965679012345679,22.288185119628906,0,0,0.0
residual,0,final,7,pre_activation,81000,1000,81,-0.01444031305846102,3.4872612184730927,3.487291116111138,0.0,0.4965679012345679,22.288185119628906,0,0,0.0
residual,0,final,7,pre_quantization,81000,1000,81,0.11068248707014382,2.6600374310901955,2.662339149647347,0.0,0.4777777777777778,19.849002838134766,0,0,0.0
residual,0,final,7,residual_branch,81000,1000,81,-0.12512279996045006,2.3342448931490396,2.337595973700826,0.0,0.5195432098765432,16.344207763671875,0,0,0.0
residual,0,final,7,shortcut,81000,1000,81,0.11068248707014382,2.6600374310901955,2.662339149647347,0.0,0.4777777777777778,19.849002838134766,0,0,0.0
residual,0,final,8,branch_shortcut_rms_ratio,1000,1000,1,0.8948013932704926,0.06844367907335673,0.897415216387549,0.0,0.0,1.1026607751846313,0,0,0.0
residual,0,final,8,input,81000,1000,81,0.01872637128829956,3.0973094869845044,3.097366096402852,0.30949382716049384,0.34353086419753087,9.360490798950195,0,0,0.0
residual,0,final,8,output,81000,1000,81,-0.18595526033130716,4.645789831348754,4.649509922121725,0.0,0.5177283950617284,30.17801284790039,0,0,0.0
residual,0,final,8,pre_activation,81000,1000,81,-0.18595526033130716,4.645789831348754,4.649509922121725,0.0,0.5177283950617284,30.17801284790039,0,0,0.0
residual,0,final,8,pre_quantization,81000,1000,81,-0.01444031305846102,3.4872612184730927,3.487291116111138,0.0,0.4965679012345679,22.288185119628906,0,0,0.0
residual,0,final,8,residual_branch,81000,1000,81,-0.17151494687124277,3.1232370777603964,3.1279429695724223,0.0,0.5219876543209877,22.291202545166016,0,0,0.0
residual,0,final,8,shortcut,81000,1000,81,-0.01444031305846102,3.4872612184730927,3.487291116111138,0.0,0.4965679012345679,22.288185119628906,0,0,0.0
residual,0,final,9,branch_shortcut_rms_ratio,1000,1000,1,0.9012531824707984,0.07154234589846357,0.9040882734392686,0.0,0.0,1.1370643377304077,0,0,0.0
residual,0,final,9,input,81000,1000,81,-0.14683966407069454,4.137319459528731,4.139924419254475,0.3090864197530864,0.36118518518518516,12.797618865966797,0,0,0.0
residual,0,final,9,output,81000,1000,81,-0.32514216870760415,6.243191065051136,6.25165195005338,0.0,0.5229259259259259,49.656558990478516,0,0,0.0
residual,0,final,9,pre_activation,81000,1000,81,-0.32514216870760415,6.243191065051136,6.25165195005338,0.0,0.5229259259259259,49.656558990478516,0,0,0.0
residual,0,final,9,pre_quantization,81000,1000,81,-0.18595526033130716,4.645789831348754,4.649509922121725,0.0,0.5177283950617284,30.17801284790039,0,0,0.0
residual,0,final,9,residual_branch,81000,1000,81,-0.1391869090799653,4.199445954600371,4.201751934761101,0.0,0.5139135802469136,31.57840919494629,0,0,0.0
residual,0,final,9,shortcut,81000,1000,81,-0.18595526033130716,4.645789831348754,4.649509922121725,0.0,0.5177283950617284,30.17801284790039,0,0,0.0
residual,0,final,10,branch_shortcut_rms_ratio,1000,1000,1,0.87860282766819,0.06945311687593618,0.8813436697624382,0.0,0.0,1.1082358360290527,0,0,0.0
residual,0,final,10,input,81000,1000,81,-0.27169618684274177,5.5600538168798925,5.5666881774126304,0.3082469135802469,0.3672469135802469,18.975406646728516,0,0,0.0
residual,0,final,10,output,81000,1000,81,-0.362780176982349,8.240114840841429,8.248096874253266,0.0,0.5174320987654321,64.31629943847656,0,0,0.0
residual,0,final,10,pre_activation,81000,1000,81,-0.362780176982349,8.240114840841429,8.248096874253266,0.0,0.5174320987654321,64.31629943847656,0,0,0.0
residual,0,final,10,pre_quantization,81000,1000,81,-0.32514216870760415,6.243191065051136,6.25165195005338,0.0,0.5229259259259259,49.656558990478516,0,0,0.0
residual,0,final,10,residual_branch,81000,1000,81,-0.03763800727202058,5.528377578893195,5.528505699951877,0.0,0.5030987654320987,43.6416015625,0,0,0.0
residual,0,final,10,shortcut,81000,1000,81,-0.32514216870760415,6.243191065051136,6.25165195005338,0.0,0.5229259259259259,49.656558990478516,0,0,0.0
residual,0,final,11,branch_shortcut_rms_ratio,1000,1000,1,0.8867073759436608,0.07285531228539865,0.889695378812937,0.0,0.0,1.0848388671875,0,0,0.0
residual,0,final,11,input,81000,1000,81,-0.2807255683062989,7.3346939187067335,7.3400641499795105,0.30764197530864196,0.3638271604938272,23.136463165283203,0,0,0.0
residual,0,final,11,output,82000,1000,82,-0.1695233938066115,10.599740334043828,10.601095855155885,0.0,0.5041341463414634,90.13687133789062,0,0,0.0
residual,0,final,11,pre_activation,82000,1000,82,-0.1695233938066115,10.599740334043828,10.601095855155885,0.0,0.5041341463414634,90.13687133789062,0,0,0.0
residual,0,final,11,pre_quantization,81000,1000,81,-0.362780176982349,8.240114840841429,8.248096874253266,0.0,0.5174320987654321,64.31629943847656,0,0,0.0
residual,0,final,11,residual_branch,82000,1000,82,0.1888326353387489,7.234908581088691,7.237372447296031,0.0,0.4901829268292683,63.84819412231445,0,0,0.0
residual,0,final,11,shortcut,82000,1000,82,-0.35835602848256426,8.189812904943365,8.197649325332637,0.012195121951219513,0.5111219512195122,64.31629943847656,0,1,0.012195121951219513
residual,0,final,12,branch_shortcut_rms_ratio,1000,1000,1,0.8537434278726578,0.06977810816771127,0.8565902316832832,0.0,0.0,1.0701684951782227,0,0,0.0
residual,0,final,12,input,82000,1000,82,-0.06420075912591888,9.423360060107523,9.423578755435857,0.3088048780487805,0.34941463414634144,28.90036964416504,0,0,0.0
residual,0,final,12,output,81000,1000,81,-0.1963125857638828,14.090775248941371,14.092142695399732,0.0,0.5036172839506173,109.46556091308594,0,0,0.0
residual,0,final,12,pre_activation,81000,1000,81,-0.1963125857638828,14.090775248941371,14.092142695399732,0.0,0.5036172839506173,109.46556091308594,0,0,0.0
residual,0,final,12,pre_quantization,82000,1000,82,-0.1695233938066115,10.599740334043828,10.601095855155885,0.0,0.5041341463414634,90.13687133789062,0,0,0.0
residual,0,final,12,residual_branch,81000,1000,81,-0.030074371022638848,9.071400727794433,9.071450580365953,0.0,0.4990246913580247,74.27906799316406,0,0,0.0
residual,0,final,12,shortcut,81000,1000,81,-0.16623821452687665,10.64399348636142,10.645291563957908,0.0,0.5035061728395062,90.13687133789062,0,0,0.0
residual,0,final,13,branch_shortcut_rms_ratio,1000,1000,1,0.88623588514328,0.068406736895582,0.8888720525297183,0.0,0.0,1.0944781303405762,0,0,0.0
residual,0,final,13,input,81000,1000,81,-0.14070193452599608,12.531353085598981,12.532142960816017,0.30869135802469133,0.3500740740740741,37.21804428100586,0,0,0.0
residual,0,final,13,output,82000,1000,82,-0.06104406381971771,18.650784894466575,18.65088479288289,0.0,0.49929268292682927,165.4444122314453,0,0,0.0
residual,0,final,13,pre_activation,82000,1000,82,-0.06104406381971771,18.650784894466575,18.65088479288289,0.0,0.49929268292682927,165.4444122314453,0,0,0.0
residual,0,final,13,pre_quantization,81000,1000,81,-0.1963125857638828,14.090775248941371,14.092142695399732,0.0,0.5036172839506173,109.46556091308594,0,0,0.0
residual,0,final,13,residual_branch,82000,1000,82,0.1328744659776739,12.376239634777491,12.376952901305964,0.0,0.4936829268292683,95.12794494628906,0,0,0.0
residual,0,final,13,shortcut,82000,1000,82,-0.193918529839933,14.00460890383926,14.005951411657444,0.012195121951219513,0.49747560975609756,109.46556091308594,0,1,0.012195121951219513
residual,0,final,14,branch_shortcut_rms_ratio,1000,1000,1,0.873131577014923,0.07090116723282328,0.8760055515209612,0.0,0.0,1.110541820526123,0,0,0.0
residual,0,final,14,input,82000,1000,82,-0.018262725678885854,16.583157760827326,16.5831678170257,0.3064512195121951,0.34610975609756095,49.112979888916016,0,0,0.0
residual,0,final,14,output,80000,1000,80,-0.12142423980372986,25.127423382767,25.12771676262763,0.0,0.4991375,194.56898498535156,0,0,0.0
residual,0,final,14,pre_activation,80000,1000,80,-0.12142423980372986,25.127423382767,25.12771676262763,0.0,0.4991375,194.56898498535156,0,0,0.0
residual,0,final,14,pre_quantization,82000,1000,82,-0.06104406381971771,18.650784894466575,18.65088479288289,0.0,0.49929268292682927,165.4444122314453,0,0,0.0
residual,0,final,14,residual_branch,80000,1000,80,-0.010926039718192464,16.410737797875285,16.410741435077103,0.0,0.4974125,140.14706420898438,0,0,0.0
residual,0,final,14,shortcut,80000,1000,80,-0.11049820044099852,18.70084232679335,18.701168775878326,0.0,0.501625,165.4444122314453,0,0,0.0
residual,0,final,15,input,80000,1000,80,-0.06194297385215759,22.358042639276736,22.35812844563977,0.3071625,0.3465375,71.45037078857422,0,0,0.0
residual,0,final,15,output,10000,1000,10,-0.28010619008541104,20.00110059205072,20.003061874899448,0.0432,0.4825,131.32723999023438,0,0,0.0
residual,0,final,15,pre_activation,10000,1000,10,-0.28010619008541104,20.00110059205072,20.003061874899448,0.0432,0.4825,131.32723999023438,0,0,0.0
residual,0,final,15,pre_quantization,80000,1000,80,-0.12142423980372986,25.127423382767,25.12771676262763,0.0,0.4991375,194.56898498535156,0,0,0.0
residual,2,initial,0,input,90000,1000,90,-0.24865594502025182,0.5706528477563928,0.6224744586297459,0.11097777777777777,0.6533777777777777,1.9996788501739502,0,0,0.0
residual,2,initial,0,output,79000,1000,79,0.039558168885600105,0.6144035838846382,0.6156757365820659,0.0,0.4842405063291139,3.614204168319702,0,0,0.0
residual,2,initial,0,pre_activation,79000,1000,79,0.039558168885600105,0.6144035838846382,0.6156757365820659,0.0,0.4842405063291139,3.614204168319702,0,0,0.0
residual,2,initial,0,pre_quantization,90000,1000,90,0.018114338403025208,0.7685564910431445,0.7687699325418043,0.0,0.7199444444444445,2.821486711502075,0,0,0.0
residual,2,initial,1,branch_shortcut_rms_ratio,1000,1000,1,0.9487876582741738,0.06677136061624618,0.9511342886742834,0.0,0.0,1.1894508600234985,0,0,0.0
residual,2,initial,1,input,79000,1000,79,0.01812677955099299,0.5427849908329235,0.5430875863158604,0.294,0.3366329113924051,1.4673786163330078,0,0,0.0
residual,2,initial,1,output,82000,1000,82,0.001164492838326285,0.8611156593602692,0.8611164467358882,0.0,0.4880121951219512,5.463850975036621,0,0,0.0
residual,2,initial,1,pre_activation,82000,1000,82,0.001164492838326285,0.8611156593602692,0.8611164467358882,0.0,0.4880121951219512,5.463850975036621,0,0,0.0
residual,2,initial,1,pre_quantization,79000,1000,79,0.039558168885600105,0.6144035838846382,0.6156757365820659,0.0,0.4842405063291139,3.614204168319702,0,0,0.0
residual,2,initial,1,residual_branch,82000,1000,82,-0.03694642595785658,0.5767791903672164,0.5779613073828741,0.0,0.5102073170731707,3.586127281188965,0,0,0.0
residual,2,initial,1,shortcut,82000,1000,82,0.038110918804419615,0.6031055012449746,0.6043084376078736,0.036585365853658534,0.46652439024390246,3.614204168319702,0,3,0.036585365853658534
residual,2,initial,2,branch_shortcut_rms_ratio,1000,1000,1,0.8152530229687691,0.06743355386964314,0.8180371480851016,0.0,0.0,1.0051093101501465,0,0,0.0
residual,2,initial,2,input,82000,1000,82,0.011882708450643027,0.7546910034221034,0.7547845450235346,0.30921951219512195,0.3373658536585366,1.9240788221359253,0,0,0.0
residual,2,initial,2,output,80000,1000,80,0.016242196564404014,1.1127966973770602,1.1129152252721362,0.0,0.4882625,6.930624961853027,0,0,0.0
residual,2,initial,2,pre_activation,80000,1000,80,0.016242196564404014,1.1127966973770602,1.1129152252721362,0.0,0.4882625,6.930624961853027,0,0,0.0
residual,2,initial,2,pre_quantization,82000,1000,82,0.001164492838326285,0.8611156593602692,0.8611164467358882,0.0,0.4880121951219512,5.463850975036621,0,0,0.0
residual,2,initial,2,residual_branch,80000,1000,80,0.026593599998992124,0.7169109902554385,0.7174040615371088,0.0,0.48655,4.222300052642822,0,0,0.0
residual,2,initial,2,shortcut,80000,1000,80,-0.01035140354687591,0.8655660035058709,0.8656278981066378,0.0,0.4968875,5.463850975036621,0,0,0.0
residual,2,initial,3,branch_shortcut_rms_ratio,1000,1000,1,0.9627380301356315,0.06506265568138445,0.9649340204561919,0.0,0.0,1.151890754699707,0,0,0.0
residual,2,initial,3,input,80000,1000,80,0.017408581042289734,0.9956887091887204,0.9958408830228885,0.30185,0.3409125,2.5666451454162598,0,0,0.0
residual,2,initial,3,output,82000,1000,82,0.10037394730466018,1.5881383499595578,1.5913071192921202,0.0,0.4785853658536585,10.166616439819336,0,0,0.0
residual,2,initial,3,pre_activation,82000,1000,82,0.10037394730466018,1.5881383499595578,1.5913071192921202,0.0,0.4785853658536585,10.166616439819336,0,0,0.0
residual,2,initial,3,pre_quantization,80000,1000,80,0.016242196564404014,1.1127966973770602,1.1129152252721362,0.0,0.4882625,6.930624961853027,0,0,0.0
residual,2,initial,3,residual_branch,82000,1000,82,0.08452790192703138,1.0575956439882206,1.0609681957471888,0.0,0.45863414634146343,5.321420669555664,0,0,0.0
residual,2,initial,3,shortcut,82000,1000,82,0.01584604542868684,1.0991450886530651,1.0992593065632341,0.024390243902439025,0.47635365853658534,6.930624961853027,0,2,0.024390243902439025
residual,2,initial,4,branch_shortcut_rms_ratio,1000,1000,1,0.9058300243616104,0.056837967696938566,0.9076114739286155,0.0,0.0,1.094915747642517,0,0,0.0
residual,2,initial,4,input,82000,1000,82,0.07322911887270649,1.4176714424001362,1.4195614894916513,0.3064268292682927,0.3258658536585366,3.6581919193267822,0,0,0.0
residual,2,initial,4,output,80000,1000,80,-0.08506719508376943,2.1665933584040378,2.1682627166374253,0.0,0.521575,12.527125358581543,0,0,0.0
residual,2,initial,4,pre_activation,80000,1000,80,-0.08506719508376943,2.1665933584040378,2.1682627166374253,0.0,0.521575,12.527125358581543,0,0,0.0
residual,2,initial,4,pre_quantization,82000,1000,82,0.10037394730466018,1.5881383499595578,1.5913071192921202,0.0,0.4785853658536585,10.166616439819336,0,0,0.0
residual,2,initial,4,residual_branch,80000,1000,80,-0.2004228564684892,1.4475635539146505,1.4613724932463323,0.0,0.5498125,8.506345748901367,0,0,0.0
residual,2,initial,4,shortcut,80000,1000,80,0.11535566123505275,1.5967982210248535,1.60095955203344,0.0,0.473875,10.166616439819336,0,0,0.0
residual,2,initial,5,branch_shortcut_rms_ratio,1000,1000,1,0.8766283329129219,0.06228277939114999,0.8788380844469448,0.0,0.0,1.0729997158050537,0,0,0.0
residual,2,initial,5,input,80000,1000,80,-0.08684669158607722,1.92707062453054,1.9290265782948592,0.309275,0.364,5.092864513397217,0,0,0.0
residual,2,initial,5,output,82000,1000,82,-0.0396545457124202,2.9331223478653725,2.933390391772451,0.0,0.5079024390243903,17.163410186767578,0,0,0.0
residual,2,initial,5,pre_activation,82000,1000,82,-0.0396545457124202,2.9331223478653725,2.933390391772451,0.0,0.5079024390243903,17.163410186767578,0,0,0.0
residual,2,initial,5,pre_quantization,80000,1000,80,-0.08506719508376943,2.1665933584040378,2.1682627166374253,0.0,0.521575,12.527125358581543,0,0,0.0
residual,2,initial,5,residual_branch,82000,1000,82,0.04333784016000466,1.8821610026962783,1.8826598759362758,0.0,0.4953292682926829,13.139534950256348,0,0,0.0
residual,2,initial,5,shortcut,82000,1000,82,-0.08299238544757993,2.1400486155673604,2.141657258534627,0.024390243902439025,0.5088536585365854,12.527125358581543,0,2,0.024390243902439025
residual,2,initial,6,branch_shortcut_rms_ratio,1000,1000,1,0.8509313872456551,0.06557071185332201,0.8534540081649195,0.0,0.0,1.0617471933364868,0,0,0.0
residual,2,initial,6,input,82000,1000,82,-0.03540402445269794,2.609891881476729,2.6101320039311395,0.3085,0.3515243902439024,6.67877197265625,0,0,0.0
residual,2,initial,6,output,81000,1000,81,-0.11236588258188522,3.7657281061465593,3.7674041807311514,0.0,0.5128271604938271,24.404071807861328,0,0,0.0
residual,2,initial,6,pre_activation,81000,1000,81,-0.11236588258188522,3.7657281061465593,3.7674041807311514,0.0,0.5128271604938271,24.404071807861328,0,0,0.0
residual,2,initial,6,pre_quantization,82000,1000,82,-0.0396545457124202,2.9331223478653725,2.933390391772451,0.0,0.5079024390243903,17.163410186767578,0,0,0.0
residual,2,initial,6,residual_branch,81000,1000,81,-0.09175488500849249,2.519488055951788,2.5211582701224136,0.0,0.5053456790123457,17.016315460205078,0,0,0.0
residual,2,initial,6,shortcut,81000,1000,81,-0.020610997427111494,2.940171848202593,2.940244090237746,0.0,0.503962962962963,17.163410186767578,0,0,0.0
residual,2,initial,7,branch_shortcut_rms_ratio,1000,1000,1,0.8856981667280197,0.0614416455331049,0.8878267389255579,0.0,0.0,1.0921438932418823,0,0,0.0
residual,2,initial,7,input,81000,1000,81,-0.09936355401557169,3.343518028269003,3.344994158623666,0.31039506172839504,0.3578641975308642,8.229941368103027,0,0,0.0
residual,2,initial,7,output,81000,1000,81,-0.017137574395958557,5.161933986587808,5.161962434805825,0.0,0.5059506172839506,31.94808578491211,0,0,0.0
residual,2,initial,7,pre_activation,81000,1000,81,-0.017137574395958557,5.161933986587808,5.161962434805825,0.0,0.5059506172839506,31.94808578491211,0,0,0.0
residual,2,initial,7,pre_quantization,81000,1000,81,-0.11236588258188522,3.7657281061465593,3.7674041807311514,0.0,0.5128271604938271,24.404071807861328,0,0,0.0
residual,2,initial,7,residual_branch,81000,1000,81,0.09522830878368913,3.3321870250732,3.333547479916851,0.0,0.4946913580246914,20.92007827758789,0,0,0.0
residual,2,initial,7,shortcut,81000,1000,81,-0.11236588258188522,3.7657281061465593,3.7674041807311514,0.0,0.5128271604938271,24.404071807861328,0,0,0.0
residual,2,initial,8,branch_shortcut_rms_ratio,1000,1000,1,0.8956933597326279,0.07809763626551294,0.8990916724446864,0.0,0.0,1.1355465650558472,0,0,0.0
residual,2,initial,8,input,81000,1000,81,-0.0427220960252079,4.595704206450222,4.595902776460034,0.306320987654321,0.3511851851851852,12.081076622009277,0,0,0.0
residual,2,initial,8,output,81000,1000,81,0.3602185178939294,6.806257225356599,6.815782772239195,0.0,0.4864320987654321,44.37287902832031,0,0,0.0
residual,2,initial,8,pre_activation,81000,1000,81,0.3602185178939294,6.806257225356599,6.815782772239195,0.0,0.4864320987654321,44.37287902832031,0,0,0.0
residual,2,initial,8,pre_quantization,81000,1000,81,-0.017137574395958557,5.161933986587808,5.161962434805825,0.0,0.5059506172839506,31.94808578491211,0,0,0.0
residual,2,initial,8,residual_branch,81000,1000,81,0.37735609218423466,4.649432969109187,4.66472127297527,0.0,0.4738024691358025,33.38016128540039,0,0,0.0
residual,2,initial,8,shortcut,81000,1000,81,-0.017137574395958557,5.161933986587808,5.161962434805825,0.0,0.5059506172839506,31.94808578491211,0,0,0.0
residual,2,initial,9,branch_shortcut_rms_ratio,1000,1000,1,0.8457099444866181,0.0726943641197208,0.8488284754756577,0.0,0.0,1.1100608110427856,0,0,0.0
residual,2,initial,9,input,81000,1000,81,0.15877501739984679,5.972159477419057,5.974269690085691,0.3172469135802469,0.3296296296296296,16.206829071044922,0,0,0.0
residual,2,initial,9,output,81000,1000,81,0.51407099030705,8.695752846798062,8.710934884136826,0.0,0.47471604938271605,61.07371139526367,0,0,0.0
residual,2,initial,9,pre_activation,81000,1000,81,0.51407099030705,8.695752846798062,8.710934884136826,0.0,0.47471604938271605,61.07371139526367,0,0,0.0
residual,2,initial,9,pre_quantization,81000,1000,81,0.3602185178939294,6.806257225356599,6.815782772239195,0.0,0.4864320987654321,44.37287902832031,0,0,0.0
residual,2,initial,9,residual_branch,81000,1000,81,0.15385247094376253,5.74997311756282,5.752031070457686,0.0,0.4871111111111111,39.089664459228516,0,0,0.0
residual,2,initial,9,shortcut,81000,1000,81,0.3602185178939294,6.806257225356599,6.815782772239195,0.0,0.4864320987654321,44.37287902832031,0,0,0.0
residual,2,initial,10,branch_shortcut_rms_ratio,1000,1000,1,0.8802946510314942,0.07176380709365113,0.8832149889144969,0.0,0.0,1.1472957134246826,0,0,0.0
residual,2,initial,10,input,81000,1000,81,0.3791169876816832,7.697997224283265,7.707327095395763,0.31107407407407406,0.3227777777777778,25.025592803955078,0,0,0.0
residual,2,initial,10,output,81000,1000,81,0.5150487422081728,11.489008275238849,11.500547219822062,0.0,0.48319753086419753,80.31626892089844,0,0,0.0
residual,2,initial,10,pre_activation,81000,1000,81,0.5150487422081728,11.489008275238849,11.500547219822062,0.0,0.48319753086419753,80.31626892089844,0,0,0.0
residual,2,initial,10,pre_quantization,81000,1000,81,0.51407099030705,8.695752846798062,8.710934884136826,0.0,0.47471604938271605,61.07371139526367,0,0,0.0
residual,2,initial,10,residual_branch,81000,1000,81,0.0009777507091053165,7.656447888272671,7.656447950703479,0.0,0.5032962962962962,51.08327865600586,0,0,0.0
residual,2,initial,10,shortcut,81000,1000,81,0.51407099030705,8.695752846798062,8.710934884136826,0.0,0.47471604938271605,61.07371139526367,0,0,0.0
residual,2,initial,11,branch_shortcut_rms_ratio,1000,1000,1,0.8895788689255715,0.07105487231158084,0.892412101508106,0.0,0.0,1.1571491956710815,0,0,0.0
residual,2,initial,11,input,81000,1000,81,0.42472713911386184,10.220151392986905,10.228972951292421,0.31020987654320986,0.32680246913580246,30.542320251464844,0,0,0.0
residual,2,initial,11,output,82000,1000,82,0.5647754962086287,15.668077246063284,15.678252962295376,0.0,0.48740243902439023,126.49148559570312,0,0,0.0
residual,2,initial,11,pre_activation,82000,1000,82,0.5647754962086287,15.668077246063284,15.678252962295376,0.0,0.48740243902439023,126.49148559570312,0,0,0.0
residual,2,initial,11,pre_quantization,81000,1000,81,0.5150487422081728,11.489008275238849,11.500547219822062,0.0,0.48319753086419753,80.31626892089844,0,0,0.0
residual,2,initial,11,residual_branch,82000,1000,82,0.05600783527439747,10.209560801009275,10.209714424366496,0.0,0.4964512195121951,74.81310272216797,0,0,0.0
residual,2,initial,11,shortcut,82000,1000,82,0.508767659986122,11.418878379828813,11.430206821627054,0.012195121951219513,0.47730487804878047,80.31626892089844,0,1,0.012195121951219513
residual,2,initial,12,branch_shortcut_rms_ratio,1000,1000,1,0.8787310218811035,0.06904305310432854,0.8814392503163082,0.0,0.0,1.1544156074523926,0,0,0.0
residual,2,initial,12,input,82000,1000,82,0.40783379371573286,13.921905122491857,13.927877463668382,0.3113292682926829,0.3324390243902439,41.601985931396484,0,0,0.0
residual,2,initial,12,output,81000,1000,81,0.45264097685386556,20.966576746608627,20.97146214085601,0.0,0.49404938271604937,160.25161743164062,0,0,0.0
residual,2,initial,12,pre_activation,81000,1000,81,0.45264097685386556,20.966576746608627,20.97146214085601,0.0,0.49404938271604937,160.25161743164062,0,0,0.0
residual,2,initial,12,pre_quantization,82000,1000,82,0.5647754962086287,15.668077246063284,15.678252962295376,0.0,0.48740243902439023,126.49148559570312,0,0,0.0
residual,2,initial,12,residual_branch,81000,1000,81,-0.11015657079758975,13.867370423412865,13.867807935295174,0.0,0.5051604938271604,101.28035736083984,0,0,0.0
residual,2,initial,12,shortcut,81000,1000,81,0.5627975470822241,15.731080512834634,15.741144659150025,0.0,0.4875925925925926,126.49148559570312,0,0,0.0
residual,2,initial,13,branch_shortcut_rms_ratio,1000,1000,1,0.8805757589936256,0.06270999940401677,0.8828058741039571,0.0,0.0,1.0700676441192627,0,0,0.0
residual,2,initial,13,input,81000,1000,81,0.34838422411459463,18.6222090544185,18.62546755477774,0.3108395061728395,0.3378888888888889,56.77233123779297,0,0,0.0
residual,2,initial,13,output,82000,1000,82,-0.027710971790932907,27.78304681111433,27.783060630652766,0.0,0.4979268292682927,215.1949462890625,0,0,0.0
residual,2,initial,13,pre_activation,82000,1000,82,-0.027710971790932907,27.78304681111433,27.783060630652766,0.0,0.4979268292682927,215.1949462890625,0,0,0.0
residual,2,initial,13,pre_quantization,81000,1000,81,0.45264097685386556,20.966576746608627,20.97146214085601,0.0,0.49404938271604937,160.25161743164062,0,0,0.0
residual,2,initial,13,residual_branch,82000,1000,82,-0.47483193472368823,18.33708257108499,18.343229339051028,0.0,0.5131707317073171,162.53627014160156,0,0,0.0
residual,2,initial,13,shortcut,82000,1000,82,0.44712096494101355,20.838398820638826,20.843195114120377,0.012195121951219513,0.48802439024390243,160.25161743164062,0,1,0.012195121951219513
residual,2,initial,14,branch_shortcut_rms_ratio,1000,1000,1,0.9100711481571198,0.07085838622139011,0.9128255066582648,0.0,0.0,1.1571723222732544,0,0,0.0
residual,2,initial,14,input,82000,1000,82,0.07396116906840627,24.678462257020197,24.678573087309978,0.30935365853658536,0.34480487804878046,72.61698913574219,0,0,0.0
residual,2,initial,14,output,80000,1000,80,1.0803486300077203,38.1724186869618,38.18770353890202,0.0,0.4840625,252.13595581054688,0,0,0.0
residual,2,initial,14,pre_activation,80000,1000,80,1.0803486300077203,38.1724186869618,38.18770353890202,0.0,0.4840625,252.13595581054688,0,0,0.0
residual,2,initial,14,pre_quantization,82000,1000,82,-0.027710971790932907,27.78304681111433,27.783060630652766,0.0,0.4979268292682927,215.1949462890625,0,0,0.0
residual,2,initial,14,residual_branch,80000,1000,80,0.9960398126786411,25.305768451967843,25.325363023124698,0.0,0.485525,158.01983642578125,0,0,0.0
residual,2,initial,14,shortcut,80000,1000,80,0.08430882214594021,27.822981264998983,27.823109000433004,0.0,0.497875,215.1949462890625,0,0,0.0
residual,2,initial,15,input,80000,1000,80,1.0854188093423844,33.94656005908282,33.96390840048582,0.30685,0.3326,94.23274993896484,0,0,0.0
residual,2,initial,15,output,10000,1000,10,1.3755035477399826,30.62922004793055,30.660090194818345,0.0447,0.4643,206.45361328125,0,0,0.0
residual,2,initial,15,pre_activation,10000,1000,10,1.3755035477399826,30.62922004793055,30.660090194818345,0.0447,0.4643,206.45361328125,0,0,0.0
residual,2,initial,15,pre_quantization,80000,1000,80,1.0803486300077203,38.1724186869618,38.18770353890202,0.0,0.4840625,252.13595581054688,0,0,0.0
residual,2,final,0,input,90000,1000,90,-0.24865594502025182,0.5706528477563928,0.6224744586297459,0.11097777777777777,0.6533777777777777,1.9996788501739502,0,0,0.0
residual,2,final,0,output,79000,1000,79,0.04715462139099798,0.5720695496495041,0.5740096932584978,0.0,0.46758227848101264,3.760883092880249,0,0,0.0
residual,2,final,0,pre_activation,79000,1000,79,0.04715462139099798,0.5720695496495041,0.5740096932584978,0.0,0.46758227848101264,3.760883092880249,0,0,0.0
residual,2,final,0,pre_quantization,90000,1000,90,0.018114338403025208,0.7685564910431445,0.7687699325418043,0.0,0.7199444444444445,2.821486711502075,0,0,0.0
residual,2,final,1,branch_shortcut_rms_ratio,1000,1000,1,0.8965256215333939,0.05307759169937413,0.8980954408115229,0.0,0.0,1.0756021738052368,0,0,0.0
residual,2,final,1,input,79000,1000,79,0.03433205863569356,0.5080049998387319,0.5091637949730075,0.29355696202531645,0.32156962025316455,1.4156407117843628,0,0,0.0
residual,2,final,1,output,82000,1000,82,-0.016392029630709525,0.7204064901780277,0.7205929570333302,0.0,0.5078780487804878,5.356912612915039,0,0,0.0
residual,2,final,1,pre_activation,82000,1000,82,-0.016392029630709525,0.7204064901780277,0.7205929570333302,0.0,0.5078780487804878,5.356912612915039,0,0,0.0
residual,2,final,1,pre_quantization,79000,1000,79,0.04715462139099798,0.5720695496495041,0.5740096932584978,0.0,0.46758227848101264,3.760883092880249,0,0,0.0
residual,2,final,1,residual_branch,82000,1000,82,-0.061821481928778725,0.501681928366924,0.5054766590831131,0.0,0.5533658536585366,3.3161497116088867,0,0,0.0
residual,2,final,1,shortcut,82000,1000,82,0.04542945231571757,0.5615771413587934,0.5634116797106893,0.036585365853658534,0.4504756097560976,3.760883092880249,0,3,0.036585365853658534
residual,2,final,2,branch_shortcut_rms_ratio,1000,1000,1,0.8470503809452057,0.06574734272928022,0.8495981761605773,0.0,0.0,1.0685584545135498,0,0,0.0
residual,2,final,2,input,82000,1000,82,-0.01312957605174402,0.6391073360967555,0.6392421863581829,0.31259756097560976,0.3514512195121951,1.7295037508010864,0,0,0.0
residual,2,final,2,output,80000,1000,80,-0.006789142619904655,0.9234861152912466,0.9235110706392377,0.0,0.503225,6.711457252502441,0,0,0.0
residual,2,final,2,pre_activation,80000,1000,80,-0.006789142619904655,0.9234861152912466,0.9235110706392377,0.0,0.503225,6.711457252502441,0,0,0.0
residual,2,final,2,pre_quantization,82000,1000,82,-0.016392029630709525,0.7204064901780277,0.7205929570333302,0.0,0.5078780487804878,5.356912612915039,0,0,0.0
residual,2,final,2,residual_branch,80000,1000,80,0.021431698256033048,0.6172123504837799,0.6175843288813682,0.0,0.4915875,4.6783223152160645,0,0,0.0
residual,2,final,2,shortcut,80000,1000,80,-0.02822084087991188,0.7228327911613336,0.7233834804846274,0.0,0.5180625,5.356912612915039,0,0,0.0
residual,2,final,3,branch_shortcut_rms_ratio,1000,1000,1,0.8779306199550628,0.06147434380162679,0.8800802624763957,0.0,0.0,1.0721687078475952,0,0,0.0
residual,2,final,3,input,80000,1000,80,-0.0054789981335401534,0.8227355089366353,0.8227537523984753,0.3095875,0.34735,2.231220006942749,0,0,0.0
residual,2,final,3,output,82000,1000,82,0.06749224331286387,1.1904872386727183,1.1923988713303935,0.0,0.4768170731707317,8.76215648651123,0,0,0.0
residual,2,final,3,pre_activation,82000,1000,82,0.06749224331286387,1.1904872386727183,1.1923988713303935,0.0,0.4768170731707317,8.76215648651123,0,0,0.0
residual,2,final,3,pre_quantization,80000,1000,80,-0.006789142619904655,0.9234861152912466,0.9235110706392377,0.0,0.503225,6.711457252502441,0,0,0.0
residual,2,final,3,residual_branch,82000,1000,82,0.07411579692341805,0.8041301431347225,0.8075385058630099,0.0,0.4625,6.110448360443115,0,0,0.0
residual,2,final,3,shortcut,82000,1000,82,-0.006623553775516746,0.9121551693744787,0.9121792173039249,0.024390243902439025,0.4909512195121951,6.711457252502441,0,2,0.024390243902439025
residual,2,final,4,branch_shortcut_rms_ratio,1000,1000,1,0.8913394132256508,0.06430447425486256,0.8936559824555765,0.0,0.0,1.0692510604858398,0,0,0.0
residual,2,final,4,input,82000,1000,82,0.0516917842248591,1.0635701668063016,1.0648255914828182,0.3021219512195122,0.3273536585365854,3.0880045890808105,0,0,0.0
residual,2,final,4,output,80000,1000,80,-0.00498208574549335,1.5758909660504916,1.5758988413149897,0.0,0.4978375,12.341936111450195,0,0,0.0
residual,2,final,4,pre_activation,80000,1000,80,-0.00498208574549335,1.5758909660504916,1.5758988413149897,0.0,0.4978375,12.341936111450195,0,0,0.0
residual,2,final,4,pre_quantization,82000,1000,82,0.06749224331286387,1.1904872386727183,1.1923988713303935,0.0,0.4768170731707317,8.76215648651123,0,0,0.0
residual,2,final,4,residual_branch,80000,1000,80,-0.08136073262710583,1.0682675297392195,1.0713613227612586,0.0,0.5288125,6.671252727508545,0,0,0.0
residual,2,final,4,shortcut,80000,1000,80,0.07637864686129364,1.1952964329693907,1.1977342194183613,0.0,0.4738875,8.76215648651123,0,0,0.0
residual,2,final,5,branch_shortcut_rms_ratio,1000,1000,1,0.8837279670834541,0.07104161768436168,0.8865788353263717,0.0,0.0,1.1016229391098022,0,0,0.0
residual,2,final,5,input,80000,1000,80,-0.001266030988842249,1.4020906099594994,1.4020911815467159,0.3069625,0.34535,4.401953220367432,0,0,0.0
residual,2,final,5,output,82000,1000,82,-0.06002273148991075,2.044308599864787,2.0451895706209333,0.0,0.5068414634146341,17.101966857910156,0,0,0.0
residual,2,final,5,pre_activation,82000,1000,82,-0.06002273148991075,2.044308599864787,2.0451895706209333,0.0,0.5068414634146341,17.101966857910156,0,0,0.0
residual,2,final,5,pre_quantization,80000,1000,80,-0.00498208574549335,1.5758909660504916,1.5758988413149897,0.0,0.4978375,12.341936111450195,0,0,0.0
residual,2,final,5,residual_branch,82000,1000,82,-0.05516215963928113,1.3684021252307261,1.3695135049323308,0.0,0.5168658536585365,9.607766151428223,0,0,0.0
residual,2,final,5,shortcut,82000,1000,82,-0.004860571459017903,1.5565543379839744,1.5565619268926105,0.024390243902439025,0.4856951219512195,12.341936111450195,0,2,0.024390243902439025
residual,2,final,6,branch_shortcut_rms_ratio,1000,1000,1,0.8582343236804009,0.0642761068710675,0.86063788683607,0.0,0.0,1.0761127471923828,0,0,0.0
residual,2,final,6,input,82000,1000,82,-0.0396939584889063,1.8173003030792823,1.817733754407551,0.309,0.3531219512195122,5.7203369140625,0,0,0.0
residual,2,final,6,output,81000,1000,81,-0.018410028450177394,2.5974668120395616,2.5975320534681567,0.0,0.4979506172839506,20.432628631591797,0,0,0.0
residual,2,final,6,pre_activation,81000,1000,81,-0.018410028450177394,2.5974668120395616,2.5975320534681567,0.0,0.4979506172839506,20.432628631591797,0,0,0.0
residual,2,final,6,pre_quantization,82000,1000,82,-0.06002273148991075,2.044308599864787,2.0451895706209333,0.0,0.5068414634146341,17.101966857910156,0,0,0.0
residual,2,final,6,residual_branch,81000,1000,81,0.04024092854038441,1.7734889789332644,1.7739454587803836,0.0,0.485358024691358,14.699882507324219,0,0,0.0
residual,2,final,6,shortcut,81000,1000,81,-0.05865095706073652,2.0525189918539213,2.053356799653966,0.0,0.5065308641975309,17.101966857910156,0,0,0.0
residual,2,final,7,branch_shortcut_rms_ratio,1000,1000,1,0.8786261378526687,0.06619187230150923,0.8811159140979558,0.0,0.0,1.0800328254699707,0,0,0.0
residual,2,final,7,input,81000,1000,81,-0.0030440123184227647,2.312060239014641,2.3120622428566744,0.3052962962962963,0.3464567901234568,7.52935791015625,0,0,0.0
residual,2,final,7,output,81000,1000,81,-0.03372630831322857,3.434312151466441,3.4344777503402892,0.0,0.5023456790123457,28.413631439208984,0,0,0.0
residual,2,final,7,pre_activation,81000,1000,81,-0.03372630831322857,3.434312151466441,3.4344777503402892,0.0,0.5023456790123457,28.413631439208984,0,0,0.0
residual,2,final,7,pre_quantization,81000,1000,81,-0.018410028450177394,2.5974668120395616,2.5975320534681567,0.0,0.4979506172839506,20.432628631591797,0,0,0.0
residual,2,final,7,residual_branch,81000,1000,81,-0.015316279638741421,2.285390205033787,2.2854415279517317,0.0,0.5060370370370371,20.140525817871094,0,0,0.0
residual,2,final,7,shortcut,81000,1000,81,-0.018410028450177394,2.5974668120395616,2.5975320534681567,0.0,0.4979506172839506,20.432628631591797,0,0,0.0
residual,2,final,8,branch_shortcut_rms_ratio,1000,1000,1,0.8745463216900825,0.06667214197931244,0.8770840571449027,0.0,0.0,1.0852444171905518,0,0,0.0
residual,2,final,8,input,81000,1000,81,-0.024351929106830077,3.0509425603533002,3.0510397445832096,0.30876543209876545,0.3480987654320988,9.750155448913574,0,0,0.0
residual,2,final,8,output,81000,1000,81,-0.05881822752730668,4.459781062434457,4.4601689103371935,0.0,0.5060246913580246,34.20555877685547,0,0,0.0
residual,2,final,8,pre_activation,81000,1000,81,-0.05881822752730668,4.459781062434457,4.4601689103371935,0.0,0.5060246913580246,34.20555877685547,0,0,0.0
residual,2,final,8,pre_quantization,81000,1000,81,-0.03372630831322857,3.434312151466441,3.4344777503402892,0.0,0.5023456790123457,28.413631439208984,0,0,0.0
residual,2,final,8,residual_branch,81000,1000,81,-0.02509191875655678,3.017216426101732,3.0173207596019673,0.0,0.5035555555555555,27.86338996887207,0,0,0.0
residual,2,final,8,shortcut,81000,1000,81,-0.03372630831322857,3.434312151466441,3.4344777503402892,0.0,0.5023456790123457,28.413631439208984,0,0,0.0
residual,2,final,9,branch_shortcut_rms_ratio,1000,1000,1,0.8822318620085716,0.07285918572167087,0.8852352903534384,0.0,0.0,1.1366400718688965,0,0,0.0
residual,2,final,9,input,81000,1000,81,-0.04166937724602075,3.965832027043565,3.9660509330724114,0.30965432098765433,0.3500987654320988,13.894906044006348,0,0,0.0
residual,2,final,9,output,81000,1000,81,0.012447253659992037,5.926061142291966,5.926074214545953,0.0,0.4958888888888889,58.41632843017578,0,0,0.0
residual,2,final,9,pre_activation,81000,1000,81,0.012447253659992037,5.926061142291966,5.926074214545953,0.0,0.4958888888888889,58.41632843017578,0,0,0.0
residual,2,final,9,pre_quantization,81000,1000,81,-0.05881822752730668,4.459781062434457,4.4601689103371935,0.0,0.5060246913580246,34.20555877685547,0,0,0.0
residual,2,final,9,residual_branch,81000,1000,81,0.07126548092062114,3.946135807238665,3.946779266432568,0.0,0.49334567901234566,39.144378662109375,0,0,0.0
residual,2,final,9,shortcut,81000,1000,81,-0.05881822752730668,4.459781062434457,4.4601689103371935,0.0,0.5060246913580246,34.20555877685547,0,0,0.0
residual,2,final,10,branch_shortcut_rms_ratio,1000,1000,1,0.8586013585925102,0.06902287169532517,0.8613712613002442,0.0,0.0,1.056440830230713,0,0,0.0
residual,2,final,10,input,81000,1000,81,0.02501979070533941,5.252305588082267,5.252365179662125,0.31290123456790125,0.34053086419753087,18.215343475341797,0,0,0.0
residual,2,final,10,output,81000,1000,81,-0.18929447576404346,7.85944606850935,7.861725313336881,0.0,0.5088395061728395,65.80254364013672,0,0,0.0
residual,2,final,10,pre_activation,81000,1000,81,-0.18929447576404346,7.85944606850935,7.861725313336881,0.0,0.5088395061728395,65.80254364013672,0,0,0.0
residual,2,final,10,pre_quantization,81000,1000,81,0.012447253659992037,5.926061142291966,5.926074214545953,0.0,0.4958888888888889,58.41632843017578,0,0,0.0
residual,2,final,10,residual_branch,81000,1000,81,-0.20174172912275382,5.097897384688639,5.101887637932131,0.0,0.5190864197530864,39.599212646484375,0,0,0.0
residual,2,final,10,shortcut,81000,1000,81,0.012447253659992037,5.926061142291966,5.926074214545953,0.0,0.4958888888888889,58.41632843017578,0,0,0.0
residual,2,final,11,branch_shortcut_rms_ratio,1000,1000,1,0.8900062819719314,0.07060943442395123,0.892802819316321,0.0,0.0,1.093930721282959,0,0,0.0
residual,2,final,11,input,81000,1000,81,-0.16472851312602008,6.995399790161572,6.997339044753318,0.3062469135802469,0.3568395061728395,25.597089767456055,0,0,0.0
residual,2,final,11,output,82000,1000,82,-0.1003757731133628,10.599621348011105,10.600096604137192,0.0,0.5042317073170731,84.03794860839844,0,0,0.0
residual,2,final,11,pre_activation,82000,1000,82,-0.1003757731133628,10.599621348011105,10.600096604137192,0.0,0.5042317073170731,84.03794860839844,0,0,0.0
residual,2,final,11,pre_quantization,81000,1000,81,-0.18929447576404346,7.85944606850935,7.861725313336881,0.0,0.5088395061728395,65.80254364013672,0,0,0.0
residual,2,final,11,residual_branch,82000,1000,82,0.08661023245660106,6.977749486513711,6.978286983845573,0.0,0.49665853658536585,59.21648406982422,0,0,0.0
residual,2,final,11,shortcut,82000,1000,82,-0.18698600654740877,7.8114032406557765,7.813640915397387,0.012195121951219513,0.5026341463414634,65.80254364013672,0,1,0.012195121951219513
residual,2,final,12,branch_shortcut_rms_ratio,1000,1000,1,0.8738812513947487,0.07195338608189684,0.8768384864431433,0.0,0.0,1.0973671674728394,0,0,0.0
residual,2,final,12,input,82000,1000,82,-0.10768854964651713,9.423283175277321,9.423898483387308,0.3104878048780488,0.3497073170731707,37.21508026123047,0,0,0.0
residual,2,final,12,output,81000,1000,81,-0.006104138583952366,13.975396498782919,13.975397831858015,0.0,0.4985185185185185,133.54507446289062,0,0,0.0
residual,2,final,12,pre_activation,81000,1000,81,-0.006104138583952366,13.975396498782919,13.975397831858015,0.0,0.4985185185185185,133.54507446289062,0,0,0.0
residual,2,final,12,pre_quantization,82000,1000,82,-0.1003757731133628,10.599621348011105,10.600096604137192,0.0,0.5042317073170731,84.03794860839844,0,0,0.0
residual,2,final,12,residual_branch,81000,1000,81,0.08615699788931869,9.330105843830943,9.330503635140689,0.0,0.4960864197530864,85.56705474853516,0,0,0.0
residual,2,final,12,shortcut,81000,1000,81,-0.09226113535074752,10.629712398401312,10.630112783494951,0.0,0.503679012345679,84.03794860839844,0,0,0.0
residual,2,final,13,branch_shortcut_rms_ratio,1000,1000,1,0.8945440945029258,0.06889748329709303,0.8971934017895655,0.0,0.0,1.1054316759109497,0,0,0.0
residual,2,final,13,input,81000,1000,81,0.0412924728864505,12.392824524593332,12.39289331696513,0.3100246913580247,0.3431111111111111,54.5005989074707,0,0,0.0
residual,2,final,13,output,82000,1000,82,0.16464779658775153,18.39738383355402,18.39812057836441,0.0,0.49735365853658536,192.8778076171875,0,0,0.0
residual,2,final,13,pre_activation,82000,1000,82,0.16464779658775153,18.39738383355402,18.39812057836441,0.0,0.49735365853658536,192.8778076171875,0,0,0.0
residual,2,final,13,pre_quantization,81000,1000,81,-0.006104138583952366,13.975396498782919,13.975397831858015,0.0,0.4985185185185185,133.54507446289062,0,0,0.0
residual,2,final,13,residual_branch,82000,1000,82,0.17067749313674946,12.435576703377942,12.436747917050488,0.0,0.496390243902439,133.49868774414062,0,0,0.0
residual,2,final,13,shortcut,82000,1000,82,-0.006029697869513922,13.889919281912567,13.88992059067664,0.012195121951219513,0.4924390243902439,133.54507446289062,0,1,0.012195121951219513
residual,2,final,14,branch_shortcut_rms_ratio,1000,1000,1,0.8842489865422248,0.07088018717788215,0.8870852671165965,0.0,0.0,1.172550082206726,0,0,0.0
residual,2,final,14,input,82000,1000,82,0.12854302403985,16.370410693937455,16.370915356118942,0.3083658536585366,0.34340243902439027,80.47019958496094,0,0,0.0
residual,2,final,14,output,80000,1000,80,0.5232662676854699,24.519460894497563,24.525043733777373,0.0,0.4916125,231.0050048828125,0,0,0.0
residual,2,final,14,pre_activation,80000,1000,80,0.5232662676854699,24.519460894497563,24.525043733777373,0.0,0.4916125,231.0050048828125,0,0,0.0
residual,2,final,14,pre_quantization,82000,1000,82,0.16464779658775153,18.39738383355402,18.39812057836441,0.0,0.49735365853658536,192.8778076171875,0,0,0.0
residual,2,final,14,residual_branch,80000,1000,80,0.3660000030523978,16.38706252814646,16.39114926732156,0.0,0.4898875,163.04544067382812,0,0,0.0
residual,2,final,14,shortcut,80000,1000,80,0.15726626445852454,18.45053853892972,18.451208769467318,0.0,0.4974,192.8778076171875,0,0,0.0
residual,2,final,15,input,80000,1000,80,0.40326060104370115,21.83055407033633,21.834278328587647,0.306475,0.3395125,101.08033752441406,0,0,0.0
residual,2,final,15,output,10000,1000,10,-0.5086502360701561,19.45189252808514,19.458541774419498,0.0431,0.4862,141.23500061035156,0,0,0.0
residual,2,final,15,pre_activation,10000,1000,10,-0.5086502360701561,19.45189252808514,19.458541774419498,0.0431,0.4862,141.23500061035156,0,0,0.0
residual,2,final,15,pre_quantization,80000,1000,80,0.5232662676854699,24.519460894497563,24.525043733777373,0.0,0.4916125,231.0050048828125,0,0,0.0
residual,1,initial,0,input,90000,1000,90,-0.24865594502025182,0.5706528477563928,0.6224744586297459,0.11097777777777777,0.6533777777777777,1.9996788501739502,0,0,0.0
residual,1,initial,0,output,79000,1000,79,-0.07125927890026154,0.6096436643247591,0.6137941693114272,0.0,0.5423544303797468,3.4283998012542725,0,0,0.0
residual,1,initial,0,pre_activation,79000,1000,79,-0.07125927890026154,0.6096436643247591,0.6137941693114272,0.0,0.5423544303797468,3.4283998012542725,0,0,0.0
residual,1,initial,0,pre_quantization,90000,1000,90,0.018114338403025208,0.7685564910431445,0.7687699325418043,0.0,0.7199444444444445,2.821486711502075,0,0,0.0
residual,1,initial,1,branch_shortcut_rms_ratio,1000,1000,1,0.8140092878937721,0.0655464335382223,0.8166440201990746,0.0,0.0,1.086722731590271,0,0,0.0
residual,1,initial,1,input,79000,1000,79,-0.0511470291542856,0.5416945222855423,0.5441038265491901,0.30737974683544306,0.38454430379746835,1.155360221862793,0,0,0.0
residual,1,initial,1,output,82000,1000,82,-0.07402233067475686,0.7973514661045336,0.8007800359259539,0.0,0.5280853658536585,4.354339599609375,0,0,0.0
residual,1,initial,1,pre_activation,82000,1000,82,-0.07402233067475686,0.7973514661045336,0.8007800359259539,0.0,0.5280853658536585,4.354339599609375,0,0,0.0
residual,1,initial,1,pre_quantization,79000,1000,79,-0.07125927890026154,0.6096436643247591,0.6137941693114272,0.0,0.5423544303797468,3.4283998012542725,0,0,0.0
residual,1,initial,1,residual_branch,82000,1000,82,-0.0053700985091043275,0.49344528593792414,0.493474506101741,0.0,0.5049756097560976,3.269679307937622,0,0,0.0
residual,1,initial,1,shortcut,82000,1000,82,-0.06865223211122756,0.5985372690916609,0.6024616099516692,0.036585365853658534,0.5225121951219512,3.4283998012542725,0,3,0.036585365853658534
residual,1,initial,2,branch_shortcut_rms_ratio,1000,1000,1,0.8678522173762322,0.05924176399920126,0.8698718628663534,0.0,0.0,1.0566633939743042,0,0,0.0
residual,1,initial,2,input,82000,1000,82,-0.04944617125537337,0.7136312224663001,0.7153421877189696,0.2990243902439024,0.37797560975609756,1.6523010730743408,0,0,0.0
residual,1,initial,2,output,80000,1000,80,-0.09487630148547686,1.0869921654196169,1.0911248692368767,0.0,0.5242625,6.511029243469238,0,0,0.0
residual,1,initial,2,pre_activation,80000,1000,80,-0.09487630148547686,1.0869921654196169,1.0911248692368767,0.0,0.5242625,6.511029243469238,0,0,0.0
residual,1,initial,2,pre_quantization,82000,1000,82,-0.07402233067475686,0.7973514661045336,0.8007800359259539,0.0,0.5280853658536585,4.354339599609375,0,0,0.0
residual,1,initial,2,residual_branch,80000,1000,80,-0.018100024050914345,0.7029355630139233,0.7031685549143569,0.0,0.5047125,3.8460447788238525,0,0,0.0
residual,1,initial,2,shortcut,80000,1000,80,-0.07677627731575573,0.8046506503763958,0.8083051811720761,0.0,0.530125,4.354339599609375,0,0,0.0
residual,1,initial,3,branch_shortcut_rms_ratio,1000,1000,1,0.9769256438016891,0.06634354711864307,0.9791757655097619,0.0,0.0,1.2190455198287964,0,0,0.0
residual,1,initial,3,input,80000,1000,80,-0.05793539100885391,0.9680847573420366,0.9698167903935973,0.3059375,0.3703375,2.265303611755371,0,0,0.0
residual,1,initial,3,output,82000,1000,82,-0.026595823382613643,1.5639948316463719,1.5642209470653314,0.0,0.4955,8.033065795898438,0,0,0.0
residual,1,initial,3,pre_activation,82000,1000,82,-0.026595823382613643,1.5639948316463719,1.5642209470653314,0.0,0.4955,8.033065795898438,0,0,0.0
residual,1,initial,3,pre_quantization,80000,1000,80,-0.09487630148547686,1.0869921654196169,1.0911248692368767,0.0,0.5242625,6.511029243469238,0,0,0.0
residual,1,initial,3,residual_branch,82000,1000,82,0.06596642185950474,1.051230736267678,1.0532984523328754,0.0,0.4697195121951219,6.243976593017578,0,0,0.0
residual,1,initial,3,shortcut,82000,1000,82,-0.09256224535168475,1.0737540785673556,1.0777363269856761,0.024390243902439025,0.5114756097560975,6.511029243469238,0,2,0.024390243902439025
residual,1,initial,4,branch_shortcut_rms_ratio,1000,1000,1,0.9085414164662361,0.05821131574434827,0.9104043402330433,0.0,0.0,1.0924278497695923,0,0,0.0
residual,1,initial,4,input,82000,1000,82,0.0006070872109110762,1.3955147023271335,1.39551483437693,0.31085365853658536,0.34175609756097564,3.261504650115967,0,0,0.0
residual,1,initial,4,output,80000,1000,80,0.14614861788298825,2.070218229663103,2.075370554127272,0.0,0.467275,12.831056594848633,0,0,0.0
residual,1,initial,4,pre_activation,80000,1000,80,0.14614861788298825,2.070218229663103,2.075370554127272,0.0,0.467275,12.831056594848633,0,0,0.0
residual,1,initial,4,pre_quantization,82000,1000,82,-0.026595823382613643,1.5639948316463719,1.5642209470653314,0.0,0.4955,8.033065795898438,0,0,0.0
residual,1,initial,4,residual_branch,80000,1000,80,0.16744933857225533,1.4294462906808636,1.4392206151002582,0.0,0.4587625,8.905264854431152,0,0,0.0
residual,1,initial,4,shortcut,80000,1000,80,-0.021300720731801677,1.577494716570741,1.5776385205465469,0.0,0.4922875,8.033065795898438,0,0,0.0
residual,1,initial,5,branch_shortcut_rms_ratio,1000,1000,1,0.9565678197741508,0.0604373880285464,0.9584751805337399,0.0,0.0,1.1293485164642334,0,0,0.0
residual,1,initial,5,input,80000,1000,80,0.12515693312138318,1.8367389023349756,1.840998113323053,0.312625,0.31285,4.344158172607422,0,0,0.0
residual,1,initial,5,output,82000,1000,82,0.34339933061063566,2.8748515569416835,2.8952883405135754,0.0,0.4631219512195122,15.926002502441406,0,0,0.0
residual,1,initial,5,pre_activation,82000,1000,82,0.34339933061063566,2.8748515569416835,2.8952883405135754,0.0,0.4631219512195122,15.926002502441406,0,0,0.0
residual,1,initial,5,pre_quantization,80000,1000,80,0.14614861788298825,2.070218229663103,2.075370554127272,0.0,0.467275,12.831056594848633,0,0,0.0
residual,1,initial,5,residual_branch,82000,1000,82,0.20081531273923744,1.9587531274957075,1.969020214295621,0.0,0.465609756097561,9.473625183105469,0,0,0.0
residual,1,initial,5,shortcut,82000,1000,82,0.14258401744681778,2.0449400921170744,2.049904920326566,0.024390243902439025,0.4558780487804878,12.831056594848633,0,2,0.024390243902439025
residual,1,initial,6,branch_shortcut_rms_ratio,1000,1000,1,0.87439801466465,0.06566127479263362,0.8768599038939316,0.0,0.0,1.073882818222046,0,0,0.0
residual,1,initial,6,input,82000,1000,82,0.20506129408028068,2.5499494504890277,2.558181450636208,0.31452439024390244,0.3072682926829268,6.08712911605835,0,0,0.0
residual,1,initial,6,output,81000,1000,81,0.3177847287547473,3.862988383564916,3.876037459234264,0.0,0.4627901234567901,22.484800338745117,0,0,0.0
residual,1,initial,6,pre_activation,81000,1000,81,0.3177847287547473,3.862988383564916,3.876037459234264,0.0,0.4627901234567901,22.484800338745117,0,0,0.0
residual,1,initial,6,pre_quantization,82000,1000,82,0.34339933061063566,2.8748515569416835,2.8952883405135754,0.0,0.4631219512195122,15.926002502441406,0,0,0.0
residual,1,initial,6,residual_branch,81000,1000,81,-0.02809145103920537,2.557013522881126,2.5571678251179435,0.0,0.5084691358024691,16.16773223876953,0,0,0.0
residual,1,initial,6,shortcut,81000,1000,81,0.3458761795224145,2.8883740930469965,2.909009321563972,0.0,0.46340740740740743,15.926002502441406,0,0,0.0
residual,1,initial,7,branch_shortcut_rms_ratio,1000,1000,1,0.8423410227894783,0.05949323493601285,0.8444393664894929,0.0,0.0,1.0848219394683838,0,0,0.0
residual,1,initial,7,input,81000,1000,81,0.2594818477100796,3.424270830450899,3.4340881685780764,0.31196296296296294,0.31112345679012343,7.729613780975342,0,0,0.0
residual,1,initial,7,output,81000,1000,81,0.28419409576102006,4.948089182701556,4.956243824110509,0.0,0.47625925925925927,31.775798797607422,0,0,0.0
residual,1,initial,7,pre_activation,81000,1000,81,0.28419409576102006,4.948089182701556,4.956243824110509,0.0,0.47625925925925927,31.775798797607422,0,0,0.0
residual,1,initial,7,pre_quantization,81000,1000,81,0.3177847287547473,3.862988383564916,3.876037459234264,0.0,0.4627901234567901,22.484800338745117,0,0,0.0
residual,1,initial,7,residual_branch,81000,1000,81,-0.033590632941443314,3.2613010624536605,3.2614740456705738,0.0,0.5043950617283951,18.692867279052734,0,0,0.0
residual,1,initial,7,shortcut,81000,1000,81,0.3177847287547473,3.862988383564916,3.876037459234264,0.0,0.4627901234567901,22.484800338745117,0,0,0.0
residual,1,initial,8,branch_shortcut_rms_ratio,1000,1000,1,0.8914176109433174,0.06704763122717246,0.8939355356808826,0.0,0.0,1.0996803045272827,0,0,0.0
residual,1,initial,8,input,81000,1000,81,0.21621541229000799,4.421775089386368,4.427058170572142,0.3034074074074074,0.32737037037037037,10.482056617736816,0,0,0.0
residual,1,initial,8,output,81000,1000,81,-0.2268987600109511,6.719027919945281,6.722857966393365,0.0,0.5056049382716049,36.376548767089844,0,0,0.0
residual,1,initial,8,pre_activation,81000,1000,81,-0.2268987600109511,6.719027919945281,6.722857966393365,0.0,0.5056049382716049,36.376548767089844,0,0,0.0
residual,1,initial,8,pre_quantization,81000,1000,81,0.28419409576102006,4.948089182701556,4.956243824110509,0.0,0.47625925925925927,31.775798797607422,0,0,0.0
residual,1,initial,8,residual_branch,81000,1000,81,-0.5110928559237505,4.41174848346858,4.441254393610392,0.0,0.5461851851851852,26.451908111572266,0,0,0.0
residual,1,initial,8,shortcut,81000,1000,81,0.28419409576102006,4.948089182701556,4.956243824110509,0.0,0.47625925925925927,31.775798797607422,0,0,0.0
residual,1,initial,9,branch_shortcut_rms_ratio,1000,1000,1,0.8713683344721794,0.06390921968373839,0.8737088546428977,0.0,0.0,1.0807242393493652,0,0,0.0
residual,1,initial,9,input,81000,1000,81,-0.10970295388904619,5.982925456064939,5.983931128524278,0.3082716049382716,0.3534814814814815,13.953019142150879,0,0,0.0
residual,1,initial,9,output,81000,1000,81,-0.3618950468863556,8.861471972971062,8.868858638670059,0.0,0.5120864197530864,53.40235137939453,0,0,0.0
residual,1,initial,9,pre_activation,81000,1000,81,-0.3618950468863556,8.861471972971062,8.868858638670059,0.0,0.5120864197530864,53.40235137939453,0,0,0.0
residual,1,initial,9,pre_quantization,81000,1000,81,-0.2268987600109511,6.719027919945281,6.722857966393365,0.0,0.5056049382716049,36.376548767089844,0,0,0.0
residual,1,initial,9,residual_branch,81000,1000,81,-0.13499628598453223,5.86795521819519,5.869507853301994,0.0,0.5082222222222222,37.97530746459961,0,0,0.0
residual,1,initial,9,shortcut,81000,1000,81,-0.2268987600109511,6.719027919945281,6.722857966393365,0.0,0.5056049382716049,36.376548767089844,0,0,0.0
residual,1,initial,10,branch_shortcut_rms_ratio,1000,1000,1,0.8918747893571853,0.06545148522889246,0.8942731891371851,0.0,0.0,1.1099958419799805,0,0,0.0
residual,1,initial,10,input,81000,1000,81,-0.20457244655821058,7.890096025546941,7.892747631733986,0.3078888888888889,0.356641975308642,19.099149703979492,0,0,0.0
residual,1,initial,10,output,81000,1000,81,-0.44475231731793324,11.672564384949705,11.681034369633366,0.0,0.5107654320987655,70.25154113769531,0,0,0.0
residual,1,initial,10,pre_activation,81000,1000,81,-0.44475231731793324,11.672564384949705,11.681034369633366,0.0,0.5107654320987655,70.25154113769531,0,0,0.0
residual,1,initial,10,pre_quantization,81000,1000,81,-0.3618950468863556,8.861471972971062,8.868858638670059,0.0,0.5120864197530864,53.40235137939453,0,0,0.0
residual,1,initial,10,residual_branch,81000,1000,81,-0.0828572708221172,7.94761826236813,7.948050161621749,0.0,0.49577777777777776,53.685943603515625,0,0,0.0
residual,1,initial,10,shortcut,81000,1000,81,-0.3618950468863556,8.861471972971062,8.868858638670059,0.0,0.5120864197530864,53.40235137939453,0,0,0.0
residual,1,initial,11,branch_shortcut_rms_ratio,1000,1000,1,0.87513840675354,0.06195218007075426,0.8773285038060964,0.0,0.0,1.092868447303772,0,0,0.0
residual,1,initial,11,input,81000,1000,81,-0.29553504344563425,10.356367293686773,10.360583211559547,0.31433333333333335,0.3534938271604938,31.286304473876953,0,0,0.0
residual,1,initial,11,output,82000,1000,82,-0.5362047920787125,15.152513197850865,15.16199761872072,0.0,0.5153414634146342,104.39266204833984,0,0,0.0
residual,1,initial,11,pre_activation,82000,1000,82,-0.5362047920787125,15.152513197850865,15.16199761872072,0.0,0.5153414634146342,104.39266204833984,0,0,0.0
residual,1,initial,11,pre_quantization,81000,1000,81,-0.44475231731793324,11.672564384949705,11.681034369633366,0.0,0.5107654320987655,70.25154113769531,0,0,0.0
residual,1,initial,11,residual_branch,82000,1000,82,-0.0968762839991538,10.169971089788056,10.17043248743761,0.0,0.5080365853658536,55.360164642333984,0,0,0.0
residual,1,initial,11,shortcut,82000,1000,82,-0.43932850857015354,11.601274581656309,11.609590064142113,0.012195121951219513,0.5045365853658537,70.25154113769531,0,1,0.012195121951219513
residual,1,initial,12,branch_shortcut_rms_ratio,1000,1000,1,0.8952880410552024,0.0700881666336852,0.8980272977802697,0.0,0.0,1.1224315166473389,0,0,0.0
residual,1,initial,12,input,82000,1000,82,-0.5122309970041601,13.488242032166273,13.497964798909086,0.30729268292682926,0.3616829268292683,36.446014404296875,0,0,0.0
residual,1,initial,12,output,81000,1000,81,-1.455421692284934,20.29111449152837,20.3432440778428,0.0,0.5245925925925926,118.37139892578125,0,0,0.0
residual,1,initial,12,pre_activation,81000,1000,81,-1.455421692284934,20.29111449152837,20.3432440778428,0.0,0.5245925925925926,118.37139892578125,0,0,0.0
residual,1,initial,12,pre_quantization,82000,1000,82,-0.5362047920787125,15.152513197850865,15.16199761872072,0.0,0.5153414634146342,104.39266204833984,0,0,0.0
residual,1,initial,12,residual_branch,81000,1000,81,-0.9392994982767564,13.695054589131948,13.727228553017065,0.0,0.525679012345679,88.59722137451172,0,0,0.0
residual,1,initial,12,shortcut,81000,1000,81,-0.5161221969828128,15.203457733071474,15.21221578743574,0.0,0.5145308641975309,104.39266204833984,0,0,0.0
residual,1,initial,13,branch_shortcut_rms_ratio,1000,1000,1,0.8793417969942093,0.06929539995312357,0.8820679386507984,0.0,0.0,1.1157726049423218,0,0,0.0
residual,1,initial,13,input,81000,1000,81,-1.0309188984176259,18.043806603962008,18.07323298517168,0.309,0.36966666666666664,50.445465087890625,0,0,0.0
residual,1,initial,13,output,82000,1000,82,-1.445188612679445,27.06923062432148,27.10778147910526,0.0,0.5216341463414634,177.2410888671875,0,0,0.0
residual,1,initial,13,pre_activation,82000,1000,82,-1.445188612679445,27.06923062432148,27.10778147910526,0.0,0.5216341463414634,177.2410888671875,0,0,0.0
residual,1,initial,13,pre_quantization,81000,1000,81,-1.455421692284934,20.29111449152837,20.3432440778428,0.0,0.5245925925925926,118.37139892578125,0,0,0.0
residual,1,initial,13,residual_branch,82000,1000,82,-0.007515966120278102,17.80489557943018,17.80489716578445,0.0,0.5005243902439024,116.7416000366211,0,0,0.0
residual,1,initial,13,shortcut,82000,1000,82,-1.437672647257069,20.167641291619745,20.218819399463385,0.012195121951219513,0.5181951219512195,118.37139892578125,0,1,0.012195121951219513
residual,1,initial,14,branch_shortcut_rms_ratio,1000,1000,1,0.908460000872612,0.07395966979411939,0.9114656361824737,0.0,0.0,1.1629682779312134,0,0,0.0
residual,1,initial,14,input,82000,1000,82,-1.109977303109518,24.03618236877396,24.06179778151206,0.3073292682926829,0.36558536585365853,73.87084197998047,0,0,0.0
residual,1,initial,14,output,80000,1000,80,-0.14407821886994934,35.45884869054825,35.459141402357,0.0,0.5025625,237.18746948242188,0,0,0.0
residual,1,initial,14,pre_activation,80000,1000,80,-0.14407821886994934,35.45884869054825,35.459141402357,0.0,0.5025625,237.18746948242188,0,0,0.0
residual,1,initial,14,pre_quantization,82000,1000,82,-1.445188612679445,27.06923062432148,27.10778147910526,0.0,0.5216341463414634,177.2410888671875,0,0,0.0
residual,1,initial,14,residual_branch,80000,1000,80,1.422766671252652,24.743218578635105,24.78409027240945,0.0,0.48285,149.865966796875,0,0,0.0
residual,1,initial,14,shortcut,80000,1000,80,-1.56684489289216,27.11156586204096,27.156804053683615,0.0,0.52275,177.2410888671875,0,0,0.0
residual,1,initial,15,input,80000,1000,80,-0.15460179312229155,31.487916283358867,31.48829581895872,0.309575,0.3472,95.11412811279297,0,0,0.0
residual,1,initial,15,output,10000,1000,10,-0.1742436940908432,30.016830373509794,30.017336099943822,0.0426,0.4817,221.40866088867188,0,0,0.0
residual,1,initial,15,pre_activation,10000,1000,10,-0.1742436940908432,30.016830373509794,30.017336099943822,0.0426,0.4817,221.40866088867188,0,0,0.0
residual,1,initial,15,pre_quantization,80000,1000,80,-0.14407821886994934,35.45884869054825,35.459141402357,0.0,0.5025625,237.18746948242188,0,0,0.0
residual,1,final,0,input,90000,1000,90,-0.24865594502025182,0.5706528477563928,0.6224744586297459,0.11097777777777777,0.6533777777777777,1.9996788501739502,0,0,0.0
residual,1,final,0,output,79000,1000,79,-0.059240235284601386,0.6218405962768762,0.6246560114611527,0.0,0.5259493670886076,3.0978891849517822,0,0,0.0
residual,1,final,0,pre_activation,79000,1000,79,-0.059240235284601386,0.6218405962768762,0.6246560114611527,0.0,0.5259493670886076,3.0978891849517822,0,0,0.0
residual,1,final,0,pre_quantization,90000,1000,90,0.018114338403025208,0.7685564910431445,0.7687699325418043,0.0,0.7199444444444445,2.821486711502075,0,0,0.0
residual,1,final,1,branch_shortcut_rms_ratio,1000,1000,1,0.8097960839271545,0.06142571177697099,0.8121224141784678,0.0,0.0,1.0753430128097534,0,0,0.0
residual,1,final,1,input,79000,1000,79,-0.0366619597054735,0.550682747778344,0.5519017919794726,0.31418987341772153,0.36886075949367086,1.1863811016082764,0,0,0.0
residual,1,final,1,output,82000,1000,82,-0.08918550288973064,0.7686494165912267,0.7738061640693535,0.0,0.5280609756097561,5.47147274017334,0,0,0.0
residual,1,final,1,pre_activation,82000,1000,82,-0.08918550288973064,0.7686494165912267,0.7738061640693535,0.0,0.5280609756097561,5.47147274017334,0,0,0.0
residual,1,final,1,pre_quantization,79000,1000,79,-0.059240235284601386,0.6218405962768762,0.6246560114611527,0.0,0.5259493670886076,3.0978891849517822,0,0,0.0
residual,1,final,1,residual_branch,82000,1000,82,-0.032112593259557363,0.49899770464684146,0.5000299269930453,0.0,0.522219512195122,4.715284824371338,0,0,0.0
residual,1,final,1,shortcut,82000,1000,82,-0.057072909603457435,0.6104607964165001,0.6131229085363489,0.036585365853658534,0.5067073170731707,3.0978891849517822,0,3,0.036585365853658534
residual,1,final,2,branch_shortcut_rms_ratio,1000,1000,1,0.8396003888845444,0.05719584855394499,0.8415463018199795,0.0,0.0,1.0165082216262817,0,0,0.0
residual,1,final,2,input,82000,1000,82,-0.051844757322858016,0.677729759036799,0.6797098683599818,0.3195487804878049,0.3691219512195122,1.72361159324646,0,0,0.0
residual,1,final,2,output,80000,1000,80,-0.13112959223983534,0.9792862267771472,0.9880265603294314,0.0,0.5508625,6.151240348815918,0,0,0.0
residual,1,final,2,pre_activation,80000,1000,80,-0.13112959223983534,0.9792862267771472,0.9880265603294314,0.0,0.5508625,6.151240348815918,0,0,0.0
residual,1,final,2,pre_quantization,82000,1000,82,-0.08918550288973064,0.7686494165912267,0.7738061640693535,0.0,0.5280609756097561,5.47147274017334,0,0,0.0
residual,1,final,2,residual_branch,80000,1000,80,-0.03944136063061579,0.6545607769389625,0.6557479940002352,0.0,0.5322375,3.729907989501953,0,0,0.0
residual,1,final,2,shortcut,80000,1000,80,-0.09168823162011491,0.7745794594394847,0.779987224769219,0.0,0.528975,5.47147274017334,0,0,0.0
residual,1,final,3,branch_shortcut_rms_ratio,1000,1000,1,0.8966458286643029,0.06563997272946061,0.8990452425106418,0.0,0.0,1.120436668395996,0,0,0.0
residual,1,final,3,input,80000,1000,80,-0.10335031023174525,0.8719914856656747,0.878094777172959,0.3076375,0.3938875,2.266719341278076,0,0,0.0
residual,1,final,3,output,82000,1000,82,-0.04967460862193611,1.2948801666825416,1.2958326330238599,0.0,0.5146951219512195,8.239312171936035,0,0,0.0
residual,1,final,3,pre_activation,82000,1000,82,-0.04967460862193611,1.2948801666825416,1.2958326330238599,0.0,0.5146951219512195,8.239312171936035,0,0,0.0
residual,1,final,3,pre_quantization,80000,1000,80,-0.13112959223983534,0.9792862267771472,0.9880265603294314,0.0,0.5508625,6.151240348815918,0,0,0.0
residual,1,final,3,residual_branch,82000,1000,82,0.07825670088645593,0.8752653156851776,0.8787567832313478,0.0,0.46090243902439026,6.518050193786621,0,0,0.0
residual,1,final,3,shortcut,82000,1000,82,-0.12793130950227835,0.9674814693967091,0.9759030759132707,0.024390243902439025,0.5374268292682927,6.151240348815918,0,2,0.024390243902439025
residual,1,final,4,branch_shortcut_rms_ratio,1000,1000,1,0.8454406274557114,0.06443488997385102,0.8478925106395557,0.0,0.0,1.054801106452942,0,0,0.0
residual,1,final,4,input,82000,1000,82,-0.041570479967972127,1.154338563186881,1.1550868466332391,0.30529268292682926,0.3600853658536585,3.157482862472534,0,0,0.0
residual,1,final,4,output,80000,1000,80,-0.0014153708190359794,1.6688619558669266,1.6688625560586285,0.0,0.499575,13.028959274291992,0,0,0.0
residual,1,final,4,pre_activation,80000,1000,80,-0.0014153708190359794,1.6688619558669266,1.6688625560586285,0.0,0.499575,13.028959274291992,0,0,0.0
residual,1,final,4,pre_quantization,82000,1000,82,-0.04967460862193611,1.2948801666825416,1.2958326330238599,0.0,0.5146951219512195,8.239312171936035,0,0,0.0
residual,1,final,4,residual_branch,80000,1000,80,0.051073608748596164,1.1095010196533293,1.110675932089276,0.0,0.4869375,7.447532653808594,0,0,0.0
residual,1,final,4,shortcut,80000,1000,80,-0.05248897958551095,1.305201605948907,1.3062566076960278,0.0,0.5159375,8.239312171936035,0,0,0.0
residual,1,final,5,branch_shortcut_rms_ratio,1000,1000,1,0.8942441427707672,0.06793695641183081,0.8968210618213242,0.0,0.0,1.1164000034332275,0,0,0.0
residual,1,final,5,input,80000,1000,80,-0.002895442509651184,1.4828119597802503,1.4828147866994965,0.310375,0.3433375,4.023996353149414,0,0,0.0
residual,1,final,5,output,82000,1000,82,0.12127501254188294,2.1146515282432654,2.1181262272510133,0.0,0.48128048780487803,14.03895378112793,0,0,0.0
residual,1,final,5,pre_activation,82000,1000,82,0.12127501254188294,2.1146515282432654,2.1181262272510133,0.0,0.48128048780487803,14.03895378112793,0,0,0.0
residual,1,final,5,pre_quantization,80000,1000,80,-0.0014153708190359794,1.6688619558669266,1.6688625560586285,0.0,0.499575,13.028959274291992,0,0,0.0
residual,1,final,5,residual_branch,82000,1000,82,0.12265586217015545,1.4726622823176008,1.4777613671650742,0.0,0.46840243902439027,9.253417015075684,0,0,0.0
residual,1,final,5,shortcut,82000,1000,82,-0.0013808495795472968,1.648384360991485,1.6483849393593923,0.024390243902439025,0.487390243902439,13.028959274291992,0,2,0.024390243902439025
residual,1,final,6,branch_shortcut_rms_ratio,1000,1000,1,0.8321090351343154,0.07084646307351766,0.8351195529277162,0.0,0.0,1.049768328666687,0,0,0.0
residual,1,final,6,input,82000,1000,82,0.06874697089486005,1.8766706404947988,1.8779294020016772,0.31279268292682927,0.3256951219512195,5.588393211364746,0,0,0.0
residual,1,final,6,output,81000,1000,81,0.14366850588650892,2.7149042803114942,2.7187029795175004,0.0,0.4769135802469136,19.125389099121094,0,0,0.0
residual,1,final,6,pre_activation,81000,1000,81,0.14366850588650892,2.7149042803114942,2.7187029795175004,0.0,0.4769135802469136,19.125389099121094,0,0,0.0
residual,1,final,6,pre_quantization,82000,1000,82,0.12127501254188294,2.1146515282432654,2.1181262272510133,0.0,0.48128048780487803,14.03895378112793,0,0,0.0
residual,1,final,6,residual_branch,81000,1000,81,0.02433005651526041,1.778366822479938,1.7785332459494332,0.0,0.49171604938271607,12.83309555053711,0,0,0.0
residual,1,final,6,shortcut,81000,1000,81,0.11933844933123128,2.1238591745653688,2.1272093124265585,0.0,0.48217283950617285,14.03895378112793,0,0,0.0
residual,1,final,7,branch_shortcut_rms_ratio,1000,1000,1,0.8654367030858994,0.06560226679553562,0.8679195495303144,0.0,0.0,1.0543819665908813,0,0,0.0
residual,1,final,7,input,81000,1000,81,0.11456025685793088,2.4208585702299583,2.423567673803889,0.30666666666666664,0.32509876543209876,6.903924942016602,0,0,0.0
residual,1,final,7,output,81000,1000,81,0.10063786273204864,3.570534056551458,3.571952047327775,0.0,0.48428395061728396,24.54153823852539,0,0,0.0
residual,1,final,7,pre_activation,81000,1000,81,0.10063786273204864,3.570534056551458,3.571952047327775,0.0,0.48428395061728396,24.54153823852539,0,0,0.0
residual,1,final,7,pre_quantization,81000,1000,81,0.14366850588650892,2.7149042803114942,2.7187029795175004,0.0,0.4769135802469136,19.125389099121094,0,0,0.0
residual,1,final,7,residual_branch,81000,1000,81,-0.04303064374875772,2.3628490254694983,2.3632408158001144,0.0,0.5057530864197531,16.9788818359375,0,0,0.0
residual,1,final,7,shortcut,81000,1000,81,0.14366850588650892,2.7149042803114942,2.7187029795175004,0.0,0.4769135802469136,19.125389099121094,0,0,0.0
residual,1,final,8,branch_shortcut_rms_ratio,1000,1000,1,0.8844159452319145,0.0770775119643832,0.8877682732735387,0.0,0.0,1.1408928632736206,0,0,0.0
residual,1,final,8,input,81000,1000,81,0.09803639211183712,3.1729388616428653,3.17445304799139,0.30844444444444447,0.3318888888888889,8.629809379577637,0,0,0.0
residual,1,final,8,output,81000,1000,81,-0.08401310140398736,4.7192057208081115,4.719953478215174,0.0,0.5071234567901235,34.32498550415039,0,0,0.0
residual,1,final,8,pre_activation,81000,1000,81,-0.08401310140398736,4.7192057208081115,4.719953478215174,0.0,0.5071234567901235,34.32498550415039,0,0,0.0
residual,1,final,8,pre_quantization,81000,1000,81,0.10063786273204864,3.570534056551458,3.571952047327775,0.0,0.48428395061728396,24.54153823852539,0,0,0.0
residual,1,final,8,residual_branch,81000,1000,81,-0.184650964305968,3.1535493276212136,3.158950670770174,0.0,0.5219012345679013,21.138626098632812,0,0,0.0
residual,1,final,8,shortcut,81000,1000,81,0.10063786273204864,3.570534056551458,3.571952047327775,0.0,0.48428395061728396,24.54153823852539,0,0,0.0
residual,1,final,9,branch_shortcut_rms_ratio,1000,1000,1,0.8708164202570915,0.07083418790261355,0.8736925774923341,0.0,0.0,1.0825001001358032,0,0,0.0
residual,1,final,9,input,81000,1000,81,-0.06425667766877162,4.198857952995087,4.199349596074982,0.30804938271604937,0.3515061728395062,11.49349594116211,0,0,0.0
residual,1,final,9,output,81000,1000,81,-0.007576697716834549,6.150487843270699,6.150492510081525,0.0,0.497320987654321,37.25300598144531,0,0,0.0
residual,1,final,9,pre_activation,81000,1000,81,-0.007576697716834549,6.150487843270699,6.150492510081525,0.0,0.497320987654321,37.25300598144531,0,0,0.0
residual,1,final,9,pre_quantization,81000,1000,81,-0.08401310140398736,4.7192057208081115,4.719953478215174,0.0,0.5071234567901235,34.32498550415039,0,0,0.0
residual,1,final,9,residual_branch,81000,1000,81,0.07643640409821491,4.106333691085575,4.107045033404911,0.0,0.4920864197530864,24.095632553100586,0,0,0.0
residual,1,final,9,shortcut,81000,1000,81,-0.08401310140398736,4.7192057208081115,4.719953478215174,0.0,0.5071234567901235,34.32498550415039,0,0,0.0
residual,1,final,10,branch_shortcut_rms_ratio,1000,1000,1,0.8832808595895767,0.06761460229560082,0.8858650074141623,0.0,0.0,1.1109846830368042,0,0,0.0
residual,1,final,10,input,81000,1000,81,0.020549591096830955,5.473716435436368,5.473755009247351,0.30822222222222223,0.3437530864197531,13.691060066223145,0,0,0.0
residual,1,final,10,output,81000,1000,81,0.1625712549107632,8.197150739749969,8.198762690986166,0.0,0.4888641975308642,48.774375915527344,0,0,0.0
residual,1,final,10,pre_activation,81000,1000,81,0.1625712549107632,8.197150739749969,8.198762690986166,0.0,0.4888641975308642,48.774375915527344,0,0,0.0
residual,1,final,10,pre_quantization,81000,1000,81,-0.007576697716834549,6.150487843270699,6.150492510081525,0.0,0.497320987654321,37.25300598144531,0,0,0.0
residual,1,final,10,residual_branch,81000,1000,81,0.17014795273488262,5.44764145218956,5.450297947583587,0.0,0.4828148148148148,35.39923095703125,0,0,0.0
residual,1,final,10,shortcut,81000,1000,81,-0.007576697716834549,6.150487843270699,6.150492510081525,0.0,0.497320987654321,37.25300598144531,0,0,0.0
residual,1,final,11,branch_shortcut_rms_ratio,1000,1000,1,0.8814086524844169,0.06803682745707346,0.8840306683395204,0.0,0.0,1.0947037935256958,0,0,0.0
residual,1,final,11,input,81000,1000,81,0.15261138336158092,7.3116242918044465,7.313216803762651,0.30553086419753084,0.3369506172839506,18.635473251342773,0,0,0.0
residual,1,final,11,output,82000,1000,82,0.1612668674584598,10.62371251636537,10.624936453123759,0.0,0.49373170731707317,71.2617416381836,0,0,0.0
residual,1,final,11,pre_activation,82000,1000,82,0.1612668674584598,10.62371251636537,10.624936453123759,0.0,0.49373170731707317,71.2617416381836,0,0,0.0
residual,1,final,11,pre_quantization,81000,1000,81,0.1625712549107632,8.197150739749969,8.198762690986166,0.0,0.4888641975308642,48.774375915527344,0,0,0.0
residual,1,final,11,residual_branch,82000,1000,82,0.0006781888831475133,7.211683566460975,7.211683598349518,0.0,0.49852439024390244,49.798500061035156,0,0,0.0
residual,1,final,11,shortcut,82000,1000,82,0.16058867863136367,8.147034330511625,8.148616883020061,0.012195121951219513,0.48290243902439023,48.774375915527344,0,1,0.012195121951219513
residual,1,final,12,branch_shortcut_rms_ratio,1000,1000,1,0.8846683809757233,0.0678542473469977,0.8872667824173489,0.0,0.0,1.1267242431640625,0,0,0.0
residual,1,final,12,input,82000,1000,82,0.11171948995822814,9.439008410472422,9.439669539629321,0.3118658536585366,0.3382439024390244,24.163127899169922,0,0,0.0
residual,1,final,12,output,81000,1000,81,-0.10735200032791738,13.957549746201083,13.957962579461672,0.0,0.5024567901234568,90.15431213378906,0,0,0.0
residual,1,final,12,pre_activation,81000,1000,81,-0.10735200032791738,13.957549746201083,13.957962579461672,0.0,0.5024567901234568,90.15431213378906,0,0,0.0
residual,1,final,12,pre_quantization,82000,1000,82,0.1612668674584598,10.62371251636537,10.624936453123759,0.0,0.49373170731707317,71.2617416381836,0,0,0.0
residual,1,final,12,residual_branch,81000,1000,81,-0.2539157190767616,9.465989591974509,9.46939449741978,0.0,0.5078518518518519,62.370731353759766,0,0,0.0
residual,1,final,12,shortcut,81000,1000,81,0.1465637185662385,10.654021412105575,10.655029477819571,0.0,0.49471604938271607,71.2617416381836,0,0,0.0
residual,1,final,13,branch_shortcut_rms_ratio,1000,1000,1,0.8845849336385727,0.06637503407420728,0.8870716712694134,0.0,0.0,1.0958033800125122,0,0,0.0
residual,1,final,13,input,81000,1000,81,-0.055123488467416645,12.415398332631936,12.415520704219404,0.31012345679012343,0.3464567901234568,33.41471481323242,0,0,0.0
residual,1,final,13,output,82000,1000,82,0.18900471409070296,18.48835165386364,18.489317717505717,0.0,0.494390243902439,125.63967895507812,0,0,0.0
residual,1,final,13,pre_activation,82000,1000,82,0.18900471409070296,18.48835165386364,18.489317717505717,0.0,0.494390243902439,125.63967895507812,0,0,0.0
residual,1,final,13,pre_quantization,81000,1000,81,-0.10735200032791738,13.957549746201083,13.957962579461672,0.0,0.5024567901234568,90.15431213378906,0,0,0.0
residual,1,final,13,residual_branch,82000,1000,82,0.29504754399918365,12.297252886400555,12.30079190968235,0.0,0.4881219512195122,77.22676849365234,0,0,0.0
residual,1,final,13,shortcut,82000,1000,82,-0.10604282959221106,13.872186672479554,13.872591976909984,0.012195121951219513,0.4963292682926829,90.15431213378906,0,1,0.012195121951219513
residual,1,final,14,branch_shortcut_rms_ratio,1000,1000,1,0.8971310106515884,0.07582945850917684,0.9003300267404922,0.0,0.0,1.193874716758728,0,0,0.0
residual,1,final,14,input,82000,1000,82,0.1393552426942965,16.420689623218745,16.421280936204404,0.30970731707317073,0.34,42.270267486572266,0,0,0.0
residual,1,final,14,output,80000,1000,80,0.638048378508004,24.79010554654123,24.798315239991023,0.0,0.4877,170.88604736328125,0,0,0.0
residual,1,final,14,pre_activation,80000,1000,80,0.638048378508004,24.79010554654123,24.798315239991023,0.0,0.4877,170.88604736328125,0,0,0.0
residual,1,final,14,pre_quantization,82000,1000,82,0.18900471409070296,18.48835165386364,18.489317717505717,0.0,0.494390243902439,125.63967895507812,0,0,0.0
residual,1,final,14,residual_branch,80000,1000,80,0.4744031692233899,16.722134336710575,16.728862338544243,0.0,0.4878875,130.6240997314453,0,0,0.0
residual,1,final,14,shortcut,80000,1000,80,0.163645206439685,18.557445418373103,18.55816694098551,0.0,0.4944,125.63967895507812,0,0,0.0
residual,1,final,15,input,80000,1000,80,0.4402921639919281,22.053157127969442,22.05755191540036,0.3085875,0.3360625,59.030113220214844,0,0,0.0
residual,1,final,15,output,10000,1000,10,-0.4775430304527283,20.361739689128896,20.367338817670337,0.0391,0.4885,106.55033874511719,0,0,0.0
residual,1,final,15,pre_activation,10000,1000,10,-0.4775430304527283,20.361739689128896,20.367338817670337,0.0391,0.4885,106.55033874511719,0,0,0.0
residual,1,final,15,pre_quantization,80000,1000,80,0.638048378508004,24.79010554654123,24.798315239991023,0.0,0.4877,170.88604736328125,0,0,0.0
rmsnorm,1,initial,0,input,90000,1000,90,-0.24865594502025182,0.5706528477563928,0.6224744586297459,0.11097777777777777,0.6533777777777777,1.9996788501739502,0,0,0.0
rmsnorm,1,initial,0,output,79000,1000,79,-0.07125927890026154,0.6096436643247591,0.6137941693114272,0.0,0.5423544303797468,3.4283998012542725,0,0,0.0
rmsnorm,1,initial,0,pre_activation,79000,1000,79,-0.07125927890026154,0.6096436643247591,0.6137941693114272,0.0,0.5423544303797468,3.4283998012542725,0,0,0.0
rmsnorm,1,initial,0,pre_quantization,90000,1000,90,0.018114338403025208,0.7685564910431445,0.7687699325418043,0.0,0.7199444444444445,2.821486711502075,0,0,0.0
rmsnorm,1,initial,1,input,79000,1000,79,-0.0916696117195902,0.9957894758600729,0.9999999989732496,0.30737974683544306,0.38454430379746835,1.3399457931518555,0,0,0.0
rmsnorm,1,initial,1,normalization_gain,1000,1000,1,1.9016463384628295,0.2752632848537563,1.9214652410537034,0.0,0.0,3.1148791313171387,0,0,0.0
rmsnorm,1,initial,1,output,82000,1000,82,-0.00793712016848761,0.9043510505855142,0.9043858803473728,0.0,0.5058414634146341,3.73651385307312,0,0,0.0
rmsnorm,1,initial,1,pre_activation,82000,1000,82,-0.00793712016848761,0.9043510505855142,0.9043858803473728,0.0,0.5058414634146341,3.73651385307312,0,0,0.0
rmsnorm,1,initial,1,pre_quantization,79000,1000,79,-0.07125927890026154,0.6096436643247591,0.6137941693114272,0.0,0.5423544303797468,3.4283998012542725,0,0,0.0
rmsnorm,1,initial,1,quantized_before_norm,79000,1000,79,-0.0511470291542856,0.5416945222855423,0.5441038265491901,0.30737974683544306,0.38454430379746835,1.155360221862793,0,0,0.0
rmsnorm,1,initial,2,input,82000,1000,82,-0.01173627105137197,0.9999311198866474,0.999999992287978,0.3235,0.343,1.3972762823104858,0,0,0.0
rmsnorm,1,initial,2,normalization_gain,1000,1000,1,1.2472297571897506,0.0989349682999205,1.251147551319232,0.0,0.0,1.6067726612091064,0,0,0.0
rmsnorm,1,initial,2,output,80000,1000,80,-0.03475289072128203,0.9864382899249778,0.9870502840502099,0.0,0.50525,4.1456522941589355,0,0,0.0
rmsnorm,1,initial,2,pre_activation,80000,1000,80,-0.03475289072128203,0.9864382899249778,0.9870502840502099,0.0,0.50525,4.1456522941589355,0,0,0.0
rmsnorm,1,initial,2,pre_quantization,82000,1000,82,-0.00793712016848761,0.9043510505855142,0.9043858803473728,0.0,0.5058414634146341,3.73651385307312,0,0,0.0
rmsnorm,1,initial,2,quantized_before_norm,82000,1000,82,-0.00884661601374789,0.8093127767764496,0.8093611266106757,0.3235,0.343,1.3163869380950928,0,0,0.0
rmsnorm,1,initial,3,input,80000,1000,80,-0.014791969817876815,0.9998905873106642,0.9999999944817789,0.3169375,0.347625,1.3968605995178223,0,0,0.0
rmsnorm,1,initial,3,normalization_gain,1000,1000,1,1.1425612534284593,0.08275115458995458,1.1455540019667263,0.0,0.0,1.543653964996338,0,0,0.0
rmsnorm,1,initial,3,output,82000,1000,82,0.0256437753866766,1.035724290587376,1.0360417025046846,0.0,0.489890243902439,4.374088287353516,0,0,0.0
rmsnorm,1,initial,3,pre_activation,82000,1000,82,0.0256437753866766,1.035724290587376,1.0360417025046846,0.0,0.489890243902439,4.374088287353516,0,0,0.0
rmsnorm,1,initial,3,pre_quantization,80000,1000,80,-0.03475289072128203,0.9864382899249778,0.9870502840502099,0.0,0.50525,4.1456522941589355,0,0,0.0
rmsnorm,1,initial,3,quantized_before_norm,80000,1000,80,-0.012891130767017603,0.881863071740853,0.8819572883947755,0.3169375,0.347625,1.2920386791229248,0,0,0.0
rmsnorm,1,initial,4,input,82000,1000,82,0.019249402040388525,0.9998147087207457,0.9999999956266311,0.3060731707317073,0.33896341463414636,1.3809332847595215,0,0,0.0
rmsnorm,1,initial,4,normalization_gain,1000,1000,1,1.0904975414276123,0.08606077068554079,1.093888177150963,0.0,0.0,1.4274182319641113,0,0,0.0
rmsnorm,1,initial,4,output,80000,1000,80,-0.07273011978796567,1.0211205289690701,1.0237073825104737,0.0,0.5247625,4.464548587799072,0,0,0.0
rmsnorm,1,initial,4,pre_activation,80000,1000,80,-0.07273011978796567,1.0211205289690701,1.0237073825104737,0.0,0.5247625,4.464548587799072,0,0,0.0
rmsnorm,1,initial,4,pre_quantization,82000,1000,82,0.0256437753866766,1.035724290587376,1.0360417025046846,0.0,0.489890243902439,4.374088287353516,0,0,0.0
rmsnorm,1,initial,4,quantized_before_norm,82000,1000,82,0.01770745197374646,0.9251148320923286,0.9252842841054958,0.3060731707317073,0.33896341463414636,1.3964884281158447,0,0,0.0
rmsnorm,1,initial,5,input,80000,1000,80,-0.05283522487729788,0.9986032412531007,0.9999999972145166,0.315575,0.364025,1.3968605995178223,0,0,0.0
rmsnorm,1,initial,5,normalization_gain,1000,1000,1,1.1136158868670463,0.08406754372884127,1.1167845340043345,0.0,0.0,1.4421967267990112,0,0,0.0
rmsnorm,1,initial,5,output,82000,1000,82,0.032127997019453576,0.9794190070476367,0.9799458146033692,0.0,0.48498780487804877,4.091585159301758,0,0,0.0
rmsnorm,1,initial,5,pre_activation,82000,1000,82,0.032127997019453576,0.9794190070476367,0.9799458146033692,0.0,0.48498780487804877,4.091585159301758,0,0,0.0
rmsnorm,1,initial,5,pre_quantization,80000,1000,80,-0.07273011978796567,1.0211205289690701,1.0237073825104737,0.0,0.5247625,4.464548587799072,0,0,0.0
rmsnorm,1,initial,5,quantized_before_norm,80000,1000,80,-0.04760512881502509,0.90434771542668,0.9055998225965765,0.315575,0.364025,1.4279563426971436,0,0,0.0
rmsnorm,1,initial,6,input,82000,1000,82,0.03239507611059561,0.9994751354621328,0.99999999368163,0.3196341463414634,0.3267560975609756,1.4142135381698608,0,0,0.0
rmsnorm,1,initial,6,normalization_gain,1000,1000,1,1.150295328080654,0.08216599422063932,1.1532261670680413,0.0,0.0,1.6090041399002075,0,0,0.0
rmsnorm,1,initial,6,output,81000,1000,81,-0.00288295544051372,0.9760157177583196,0.9760199755862375,0.0,0.5027901234567901,4.419416904449463,0,0,0.0
rmsnorm,1,initial,6,pre_activation,81000,1000,81,-0.00288295544051372,0.9760157177583196,0.9760199755862375,0.0,0.5027901234567901,4.419416904449463,0,0,0.0
rmsnorm,1,initial,6,pre_quantization,82000,1000,82,0.032127997019453576,0.9794190070476367,0.9799458146033692,0.0,0.48498780487804877,4.091585159301758,0,0,0.0
rmsnorm,1,initial,6,quantized_before_norm,82000,1000,82,0.028972388785786746,0.8752498731891957,0.875729261718288,0.3196341463414634,0.3267560975609756,1.3014881610870361,0,0,0.0
rmsnorm,1,initial,7,input,81000,1000,81,-0.008391766330342235,0.9999647817117565,0.9999999932029919,0.3197530864197531,0.34355555555555556,1.3724870681762695,0,0,0.0
rmsnorm,1,initial,7,normalization_gain,1000,1000,1,1.1565273356437684,0.09082698939096263,1.1600883673639262,0.0,0.0,1.6263004541397095,0,0,0.0
rmsnorm,1,initial,7,output,81000,1000,81,0.015147546357166778,0.998685999670097,0.9988008680901831,0.0,0.4911604938271605,4.1666669845581055,0,0,0.0
rmsnorm,1,initial,7,pre_activation,81000,1000,81,0.015147546357166778,0.998685999670097,0.9988008680901831,0.0,0.4911604938271605,4.1666669845581055,0,0,0.0
rmsnorm,1,initial,7,pre_quantization,81000,1000,81,-0.00288295544051372,0.9760157177583196,0.9760199755862375,0.0,0.5027901234567901,4.419416904449463,0,0,0.0
rmsnorm,1,initial,7,quantized_before_norm,81000,1000,81,-0.007102838571424837,0.8724108729452816,0.872439786775523,0.3197530864197531,0.34355555555555556,1.3805373907089233,0,0,0.0
rmsnorm,1,initial,8,input,81000,1000,81,0.01840269403545945,0.9998306494083151,0.999999993322008,0.31809876543209875,0.33328395061728394,1.3568010330200195,0,0,0.0
rmsnorm,1,initial,8,normalization_gain,1000,1000,1,1.130679114997387,0.08341469565511811,1.133751856687569,0.0,0.0,1.4657548666000366,0,0,0.0
rmsnorm,1,initial,8,output,81000,1000,81,-0.04091557561426148,1.00148134354192,1.0023167991161157,0.0,0.5139259259259259,4.596194744110107,0,0,0.0
rmsnorm,1,initial,8,pre_activation,81000,1000,81,-0.04091557561426148,1.00148134354192,1.0023167991161157,0.0,0.5139259259259259,4.596194744110107,0,0,0.0
rmsnorm,1,initial,8,pre_quantization,81000,1000,81,0.015147546357166778,0.998685999670097,0.9988008680901831,0.0,0.4911604938271605,4.1666669845581055,0,0,0.0
rmsnorm,1,initial,8,quantized_before_norm,81000,1000,81,0.01710730884693287,0.891283939503294,0.8914481032749444,0.31809876543209875,0.33328395061728394,1.3405461311340332,0,0,0.0
rmsnorm,1,initial,9,input,81000,1000,81,-0.03253020755744275,0.9994707485575257,0.9999999958129355,0.31692592592592594,0.35498765432098767,1.372487187385559,0,0,0.0
rmsnorm,1,initial,9,normalization_gain,1000,1000,1,1.1294204932451248,0.08900193526503834,1.132921883910353,0.0,0.0,1.6057904958724976,0,0,0.0
rmsnorm,1,initial,9,output,81000,1000,81,-0.0467500287548405,0.9826810082601656,0.9837924217962822,0.0,0.5208024691358024,4.458904266357422,0,0,0.0
rmsnorm,1,initial,9,pre_activation,81000,1000,81,-0.0467500287548405,0.9826810082601656,0.9837924217962822,0.0,0.5208024691358024,4.458904266357422,0,0,0.0
rmsnorm,1,initial,9,pre_quantization,81000,1000,81,-0.04091557561426148,1.00148134354192,1.0023167991161157,0.0,0.5139259259259259,4.596194744110107,0,0,0.0
rmsnorm,1,initial,9,quantized_before_norm,81000,1000,81,-0.028773746879748357,0.8928090700059812,0.8932726146000699,0.31692592592592594,0.35498765432098767,1.3027182817459106,0,0,0.0
rmsnorm,1,initial,10,input,81000,1000,81,-0.044494981695104525,0.9990096011899471,0.9999999933328724,0.316,0.360358024691358,1.3887301683425903,0,0,0.0
rmsnorm,1,initial,10,normalization_gain,1000,1000,1,1.1487966855764389,0.09487227054166193,1.1527074965094752,0.0,0.0,1.5766830444335938,0,0,0.0
rmsnorm,1,initial,10,output,81000,1000,81,0.01619238864095315,0.9773255198509097,0.9774596488867203,1.2345679012345678e-05,0.49150617283950615,4.269075393676758,0,0,0.0
rmsnorm,1,initial,10,pre_activation,81000,1000,81,0.01619238864095315,0.9773255198509097,0.9774596488867203,1.2345679012345678e-05,0.49150617283950615,4.269075393676758,0,0,0.0
rmsnorm,1,initial,10,pre_quantization,81000,1000,81,-0.0467500287548405,0.9826810082601656,0.9837924217962822,0.0,0.5208024691358024,4.458904266357422,0,0,0.0
rmsnorm,1,initial,10,quantized_before_norm,81000,1000,81,-0.039129110216358565,0.8781394968783974,0.8790108436442459,0.316,0.360358024691358,1.3995572328567505,0,0,0.0
rmsnorm,1,initial,11,input,81000,1000,81,0.01963029017271819,0.999807301398382,0.9999999941108901,0.3204444444444444,0.33167901234567904,1.37248694896698,0,0,0.0
rmsnorm,1,initial,11,normalization_gain,1000,1000,1,1.1580963990092277,0.09524254671591735,1.1620062014047403,0.0,0.0,1.5345216989517212,0,0,0.0
rmsnorm,1,initial,11,output,82000,1000,82,-0.02046528820291246,0.9811437276369571,0.9813571430944862,0.0,0.5060731707317073,4.464548587799072,0,0,0.0
rmsnorm,1,initial,11,pre_activation,82000,1000,82,-0.02046528820291246,0.9811437276369571,0.9813571430944862,0.0,0.5060731707317073,4.464548587799072,0,0,0.0
rmsnorm,1,initial,11,pre_quantization,81000,1000,81,0.01619238864095315,0.9773255198509097,0.9774596488867203,1.2345679012345678e-05,0.49150617283950615,4.269075393676758,0,0,0.0
rmsnorm,1,initial,11,quantized_before_norm,81000,1000,81,0.01638449631576185,0.8718354786367605,0.8719894228310975,0.3204444444444444,0.33167901234567904,1.338234305381775,0,0,0.0
rmsnorm,1,initial,12,input,82000,1000,82,-0.015220425886351887,0.9998841613850324,0.9999999987764058,0.323109756097561,0.3447682926829268,1.4317821264266968,0,0,0.0
rmsnorm,1,initial,12,normalization_gain,1000,1000,1,1.1515575785636902,0.0873610406395709,1.1548665759164989,0.0,0.0,1.5224040746688843,0,0,0.0
rmsnorm,1,initial,12,output,81000,1000,81,-0.00971317089966621,0.9839552953048153,0.984003236197581,0.0,0.5041358024691358,4.181239128112793,0,0,0.0
rmsnorm,1,initial,12,pre_activation,81000,1000,81,-0.00971317089966621,0.9839552953048153,0.984003236197581,0.0,0.5041358024691358,4.181239128112793,0,0,0.0
rmsnorm,1,initial,12,pre_quantization,82000,1000,82,-0.02046528820291246,0.9811437276369571,0.9813571430944862,0.0,0.5060731707317073,4.464548587799072,0,0,0.0
rmsnorm,1,initial,12,quantized_before_norm,82000,1000,82,-0.013784205020200915,0.8755723461410496,0.8756808423363965,0.323109756097561,0.3447682926829268,1.2973402738571167,0,0,0.0
rmsnorm,1,initial,13,input,81000,1000,81,-0.009544965814661096,0.9999544410572004,0.9999999952812105,0.3220246913580247,0.34298765432098766,1.3568010330200195,0,0,0.0
rmsnorm,1,initial,13,normalization_gain,1000,1000,1,1.149749137401581,0.09039356581328596,1.1532970457328502,0.0,0.0,1.6895469427108765,0,0,0.0
rmsnorm,1,initial,13,output,82000,1000,82,0.0049840605219291755,1.0009779553648956,1.0009903635828734,0.0,0.4980487804878049,4.8333330154418945,0,0,0.0
rmsnorm,1,initial,13,pre_activation,82000,1000,82,0.0049840605219291755,1.0009779553648956,1.0009903635828734,0.0,0.4980487804878049,4.8333330154418945,0,0,0.0
rmsnorm,1,initial,13,pre_quantization,81000,1000,81,-0.00971317089966621,0.9839552953048153,0.984003236197581,0.0,0.5041358024691358,4.181239128112793,0,0,0.0
rmsnorm,1,initial,13,quantized_before_norm,81000,1000,81,-0.008816111539616997,0.8774001569397754,0.8774444479399374,0.3220246913580247,0.34298765432098766,1.3143097162246704,0,0,0.0
rmsnorm,1,initial,14,input,82000,1000,82,0.005894340752101526,0.9999826221693209,0.9999999939467663,0.31578048780487805,0.33969512195121954,1.3809332847595215,0,0,0.0
rmsnorm,1,initial,14,normalization_gain,1000,1000,1,1.1303102585673332,0.0918659268961604,1.134037313824833,0.0,0.0,1.5323961973190308,0,0,0.0
rmsnorm,1,initial,14,output,80000,1000,80,-0.017487942311443853,1.0011761455395323,1.0013288683163404,0.0,0.5052125,4.58257532119751,0,0,0.0
rmsnorm,1,initial,14,pre_activation,80000,1000,80,-0.017487942311443853,1.0011761455395323,1.0013288683163404,0.0,0.5052125,4.58257532119751,0,0,0.0
rmsnorm,1,initial,14,pre_quantization,82000,1000,82,0.0049840605219291755,1.0009779553648956,1.0009903635828734,0.0,0.4980487804878049,4.8333330154418945,0,0,0.0
rmsnorm,1,initial,14,quantized_before_norm,82000,1000,82,0.005146955367268585,0.8930529228070923,0.8930677544754614,0.31578048780487805,0.33969512195121954,1.41408109664917,0,0,0.0
rmsnorm,1,initial,15,input,80000,1000,80,-0.01282751824259758,0.999917720861634,0.9999999968586943,0.3163,0.347075,1.4322298765182495,0,0,0.0
rmsnorm,1,initial,15,normalization_gain,1000,1000,1,1.1326780043840408,0.09436657866057904,1.1366021787694744,0.0,0.0,1.4955130815505981,0,0,0.0
rmsnorm,1,initial,15,output,10000,1000,10,-0.031475945441424846,1.0217889778834717,1.0222736671095374,0.0381,0.495,3.7010960578918457,0,0,0.0
rmsnorm,1,initial,15,pre_activation,10000,1000,10,-0.031475945441424846,1.0217889778834717,1.0222736671095374,0.0381,0.495,3.7010960578918457,0,0,0.0
rmsnorm,1,initial,15,pre_quantization,80000,1000,80,-0.017487942311443853,1.0011761455395323,1.0013288683163404,0.0,0.5052125,4.58257532119751,0,0,0.0
rmsnorm,1,initial,15,quantized_before_norm,80000,1000,80,-0.010787353345751762,0.8918147211267395,0.8918799604266093,0.3163,0.347075,1.4080820083618164,0,0,0.0
rmsnorm,1,final,0,input,90000,1000,90,-0.24865594502025182,0.5706528477563928,0.6224744586297459,0.11097777777777777,0.6533777777777777,1.9996788501739502,0,0,0.0
rmsnorm,1,final,0,output,79000,1000,79,-0.0683750365890616,0.6215216535127751,0.6252713902089313,0.0,0.5496582278481013,3.7038233280181885,0,0,0.0
rmsnorm,1,final,0,pre_activation,79000,1000,79,-0.0683750365890616,0.6215216535127751,0.6252713902089313,0.0,0.5496582278481013,3.7038233280181885,0,0,0.0
rmsnorm,1,final,0,pre_quantization,90000,1000,90,0.018114338403025208,0.7685564910431445,0.7687699325418043,0.0,0.7199444444444445,2.821486711502075,0,0,0.0
rmsnorm,1,final,1,input,79000,1000,79,-0.10656976767280434,0.9943052255794179,0.9999999984981863,0.30870886075949366,0.3898860759493671,1.3714781999588013,0,0,0.0
rmsnorm,1,final,1,normalization_gain,1000,1000,1,1.8768328100442886,0.27992718635395913,1.8975933775492537,0.0,0.0,3.1445882320404053,0,0,0.0
rmsnorm,1,final,1,output,82000,1000,82,0.032444501628464434,0.9809929944024479,0.9815293682578228,0.0,0.48235365853658535,3.833333969116211,0,0,0.0
rmsnorm,1,final,1,pre_activation,82000,1000,82,0.032444501628464434,0.9809929944024479,0.9815293682578228,0.0,0.48235365853658535,3.833333969116211,0,0,0.0
rmsnorm,1,final,1,pre_quantization,79000,1000,79,-0.0683750365890616,0.6215216535127751,0.6252713902089313,0.0,0.5496582278481013,3.7038233280181885,0,0,0.0
rmsnorm,1,final,1,quantized_before_norm,79000,1000,79,-0.05774710293359394,0.5492687786042327,0.5522960429394808,0.30870886075949366,0.3898860759493671,1.1945250034332275,0,0,0.0
rmsnorm,1,final,2,input,82000,1000,82,0.037874013921109645,0.9992825165907304,0.9999999944471999,0.3149878048780488,0.3268536585365854,1.3809332847595215,0,0,0.0
rmsnorm,1,final,2,normalization_gain,1000,1000,1,1.1439045504331589,0.07589415790400775,1.1464194449265268,0.0,0.0,1.4795712232589722,0,0,0.0
rmsnorm,1,final,2,output,80000,1000,80,0.04045260499710401,0.9671918674472384,0.9680374588346919,0.0,0.4799625,4.205791473388672,0,0,0.0
rmsnorm,1,final,2,pre_activation,80000,1000,80,0.04045260499710401,0.9671918674472384,0.9680374588346919,0.0,0.4799625,4.205791473388672,0,0,0.0
rmsnorm,1,final,2,pre_quantization,82000,1000,82,0.032444501628464434,0.9809929944024479,0.9815293682578228,0.0,0.48235365853658535,3.833333969116211,0,0,0.0
rmsnorm,1,final,2,quantized_before_norm,82000,1000,82,0.03396916062148606,0.879072634963358,0.8797287089863269,0.3149878048780488,0.3268536585365854,1.2580856084823608,0,0,0.0
rmsnorm,1,final,3,input,80000,1000,80,0.04358332239538431,0.9990497867164386,0.9999999911645907,0.3195,0.3223,1.3639886379241943,0,0,0.0
rmsnorm,1,final,3,normalization_gain,1000,1000,1,1.1653064502477646,0.08260592643700229,1.168230654482051,0.0,0.0,1.4553956985473633,0,0,0.0
rmsnorm,1,final,3,output,82000,1000,82,-0.024956012856501966,0.9561479932935185,0.9564736209937607,0.0,0.5159878048780487,4.942893981933594,0,0,0.0
rmsnorm,1,final,3,pre_activation,82000,1000,82,-0.024956012856501966,0.9561479932935185,0.9564736209937607,0.0,0.5159878048780487,4.942893981933594,0,0,0.0
rmsnorm,1,final,3,pre_quantization,80000,1000,80,0.04045260499710401,0.9671918674472384,0.9680374588346919,0.0,0.4799625,4.205791473388672,0,0,0.0
rmsnorm,1,final,3,quantized_before_norm,80000,1000,80,0.037399462812393904,0.8636512180037096,0.8644606099631994,0.3195,0.3223,1.2743637561798096,0,0,0.0
rmsnorm,1,final,4,input,82000,1000,82,-0.03009302377119297,0.9995470967716954,0.9999999943722092,0.3228048780487805,0.3511463414634146,1.3809332847595215,0,0,0.0
rmsnorm,1,final,4,normalization_gain,1000,1000,1,1.177997512936592,0.0861657104793872,1.1811446440412003,0.0,0.0,1.51803719997406,0,0,0.0
rmsnorm,1,final,4,output,80000,1000,80,-0.01980783158353395,1.034459327695552,1.034648950537512,0.0,0.502075,5.073565483093262,0,0,0.0
rmsnorm,1,final,4,pre_activation,80000,1000,80,-0.01980783158353395,1.034459327695552,1.034648950537512,0.0,0.502075,5.073565483093262,0,0,0.0
rmsnorm,1,final,4,pre_quantization,82000,1000,82,-0.024956012856501966,0.9561479932935185,0.9564736209937607,0.0,0.5159878048780487,4.942893981933594,0,0,0.0
rmsnorm,1,final,4,quantized_before_norm,82000,1000,82,-0.026649954456381682,0.855091357182372,0.8555065453873033,0.3228048780487805,0.3511463414634146,1.3154761791229248,0,0,0.0
rmsnorm,1,final,5,input,80000,1000,80,-0.006541365049779415,0.9999785995720603,0.9999999945294066,0.3073375,0.3488375,1.4142135381698608,0,0,0.0
rmsnorm,1,final,5,normalization_gain,1000,1000,1,1.095692608475685,0.08552360750784305,1.0990252862010985,0.0,0.0,1.4639613628387451,0,0,0.0
rmsnorm,1,final,5,output,82000,1000,82,0.0028766897439159453,0.972267976794949,0.9722722324764943,0.0,0.4978780487804878,4.801960468292236,0,0,0.0
rmsnorm,1,final,5,pre_activation,82000,1000,82,0.0028766897439159453,0.972267976794949,0.9722722324764943,0.0,0.4978780487804878,4.801960468292236,0,0,0.0
rmsnorm,1,final,5,pre_quantization,80000,1000,80,-0.01980783158353395,1.034459327695552,1.034648950537512,0.0,0.502075,5.073565483093262,0,0,0.0
rmsnorm,1,final,5,quantized_before_norm,80000,1000,80,-0.004549665015935898,0.9208081448809123,0.9208193846410839,0.3073375,0.3488375,1.4359149932861328,0,0,0.0
rmsnorm,1,final,6,input,82000,1000,82,0.0010995671458360625,0.9999993936227306,0.9999999981468685,0.32232926829268294,0.3383536585365854,1.3972762823104858,0,0,0.0
rmsnorm,1,final,6,normalization_gain,1000,1000,1,1.1642416590452194,0.09150736179045285,1.167832281587649,0.0,0.0,1.502146601676941,0,0,0.0
rmsnorm,1,final,6,output,81000,1000,81,0.05220410176099907,0.9780565363957221,0.9794487514041096,0.0,0.4782098765432099,3.927921772003174,0,0,0.0
rmsnorm,1,final,6,pre_activation,81000,1000,81,0.05220410176099907,0.9780565363957221,0.9794487514041096,0.0,0.4782098765432099,3.927921772003174,0,0,0.0
rmsnorm,1,final,6,pre_quantization,82000,1000,82,0.0028766897439159453,0.972267976794949,0.9722722324764943,0.0,0.4978780487804878,4.801960468292236,0,0,0.0
rmsnorm,1,final,6,quantized_before_norm,82000,1000,82,0.0013492284584336164,0.8666401564090651,0.866641206681382,0.32232926829268294,0.3383536585365854,1.2879475355148315,0,0,0.0
rmsnorm,1,final,7,input,81000,1000,81,0.04680192766660526,0.9989041871535987,0.999999997773151,0.32312345679012344,0.3191111111111111,1.4055638313293457,0,0,0.0
rmsnorm,1,final,7,normalization_gain,1000,1000,1,1.1536394181251526,0.08730720236201302,1.1569383970793008,0.0,0.0,1.5999743938446045,0,0,0.0
rmsnorm,1,final,7,output,81000,1000,81,-0.014182865081755255,0.9954929047809293,0.9955939318472665,0.0,0.5057283950617284,4.199124813079834,0,0,0.0
rmsnorm,1,final,7,pre_activation,81000,1000,81,-0.014182865081755255,0.9954929047809293,0.9955939318472665,0.0,0.5057283950617284,4.199124813079834,0,0,0.0
rmsnorm,1,final,7,pre_quantization,81000,1000,81,0.05220410176099907,0.9780565363957221,0.9794487514041096,0.0,0.4782098765432099,3.927921772003174,0,0,0.0
rmsnorm,1,final,7,quantized_before_norm,81000,1000,81,0.04112705647356716,0.8730641108548168,0.8740322513711333,0.32312345679012344,0.3191111111111111,1.3422024250030518,0,0,0.0
rmsnorm,1,final,8,input,81000,1000,81,-0.012525479812680939,0.9999215446558198,0.9999999915557093,0.321679012345679,0.34425925925925926,1.372487187385559,0,0,0.0
rmsnorm,1,final,8,normalization_gain,1000,1000,1,1.136100078701973,0.0883844285375809,1.1395328850167266,0.0,0.0,1.5114246606826782,0,0,0.0
rmsnorm,1,final,8,output,81000,1000,81,-0.0051273221960743,1.0005177736258979,1.0005309114536272,0.0,0.5022592592592593,4.482524394989014,0,0,0.0
rmsnorm,1,final,8,pre_activation,81000,1000,81,-0.0051273221960743,1.0005177736258979,1.0005309114536272,0.0,0.5022592592592593,4.482524394989014,0,0,0.0
rmsnorm,1,final,8,pre_quantization,81000,1000,81,-0.014182865081755255,0.9954929047809293,0.9955939318472665,0.0,0.5057283950617284,4.199124813079834,0,0,0.0
rmsnorm,1,final,8,quantized_before_norm,81000,1000,81,-0.01084502269088486,0.8878822491774846,0.8879484798802433,0.321679012345679,0.34425925925925926,1.4326921701431274,0,0,0.0
rmsnorm,1,final,9,input,81000,1000,81,-0.005999094511255806,0.9999820008382321,0.9999999955676945,0.3157037037037037,0.344679012345679,1.372487187385559,0,0,0.0
rmsnorm,1,final,9,normalization_gain,1000,1000,1,1.129155920267105,0.08494435924815537,1.1323465178302676,0.0,0.0,1.5257413387298584,0,0,0.0
rmsnorm,1,final,9,output,81000,1000,81,-0.03579737657163109,0.9972633814442783,0.9979056589373001,2.4691358024691357e-05,0.5166296296296297,4.746238708496094,0,0,0.0
rmsnorm,1,final,9,pre_activation,81000,1000,81,-0.03579737657163109,0.9972633814442783,0.9979056589373001,2.4691358024691357e-05,0.5166296296296297,4.746238708496094,0,0,0.0
rmsnorm,1,final,9,pre_quantization,81000,1000,81,-0.0051273221960743,1.0005177736258979,1.0005309114536272,0.0,0.5022592592592593,4.482524394989014,0,0,0.0
rmsnorm,1,final,9,quantized_before_norm,81000,1000,81,-0.005898752716588385,0.8928827425546647,0.8929022271422281,0.3157037037037037,0.344679012345679,1.315252661705017,0,0,0.0
rmsnorm,1,final,10,input,81000,1000,81,-0.0339519128387357,0.9994234645611505,0.9999999969504112,0.31566666666666665,0.3562716049382716,1.4055638313293457,0,0,0.0
rmsnorm,1,final,10,normalization_gain,1000,1000,1,1.1312785439491273,0.08473388260039504,1.1344474315102464,0.0,0.0,1.5539737939834595,0,0,0.0
rmsnorm,1,final,10,output,81000,1000,81,-0.015042456912400443,0.9914116583752532,0.9915257696461203,1.2345679012345678e-05,0.5069012345679013,4.269075393676758,0,0,0.0
rmsnorm,1,final,10,pre_activation,81000,1000,81,-0.015042456912400443,0.9914116583752532,0.9915257696461203,1.2345679012345678e-05,0.5069012345679013,4.269075393676758,0,0,0.0
rmsnorm,1,final,10,pre_quantization,81000,1000,81,-0.03579737657163109,0.9972633814442783,0.9979056589373001,2.4691358024691357e-05,0.5166296296296297,4.746238708496094,0,0,0.0
rmsnorm,1,final,10,quantized_before_norm,81000,1000,81,-0.030237112516974224,0.8906605465710306,0.891173659951623,0.31566666666666665,0.3562716049382716,1.4272726774215698,0,0,0.0
rmsnorm,1,final,11,input,81000,1000,81,-0.016839459425137367,0.9998582023495262,0.9999999960996784,0.3148641975308642,0.3496172839506173,1.3887301683425903,0,0,0.0
rmsnorm,1,final,11,normalization_gain,1000,1000,1,1.1406366487145423,0.09542838353336833,1.1446215709895273,0.0,0.0,1.6261733770370483,0,0,0.0
rmsnorm,1,final,11,output,82000,1000,82,0.019330128702541874,0.9965542714639531,0.9967417267520745,0.0,0.4947682926829268,4.246656894683838,0,0,0.0
rmsnorm,1,final,11,pre_activation,82000,1000,82,0.019330128702541874,0.9965542714639531,0.9967417267520745,0.0,0.4947682926829268,4.246656894683838,0,0,0.0
rmsnorm,1,final,11,pre_quantization,81000,1000,81,-0.015042456912400443,0.9914116583752532,0.9915257696461203,1.2345679012345678e-05,0.5069012345679013,4.269075393676758,0,0,0.0
rmsnorm,1,final,11,quantized_before_norm,81000,1000,81,-0.015523428367243873,0.8853569832581809,0.8854930630063117,0.3148641975308642,0.3496172839506173,1.4182391166687012,0,0,0.0
rmsnorm,1,final,12,input,82000,1000,82,0.018640216609326805,0.9998262522212433,0.9999999961530098,0.3177560975609756,0.33345121951219514,1.4142134189605713,0,0,0.0
rmsnorm,1,final,12,normalization_gain,1000,1000,1,1.1345981758832933,0.08675762730162913,1.1379103245039588,0.0,0.0,1.4356142282485962,0,0,0.0
rmsnorm,1,final,12,output,81000,1000,81,0.0026082524587889818,1.0103758205209161,1.0103791870749335,0.0,0.5000617283950617,4.542254447937012,0,0,0.0
rmsnorm,1,final,12,pre_activation,81000,1000,81,0.0026082524587889818,1.0103758205209161,1.0103791870749335,0.0,0.5000617283950617,4.542254447937012,0,0,0.0
rmsnorm,1,final,12,pre_quantization,82000,1000,82,0.019330128702541874,0.9965542714639531,0.9967417267520745,0.0,0.4947682926829268,4.246656894683838,0,0,0.0
rmsnorm,1,final,12,quantized_before_norm,82000,1000,82,0.016483850164384375,0.8888044694087347,0.8889573117744093,0.3177560975609756,0.33345121951219514,1.3741551637649536,0,0,0.0
rmsnorm,1,final,13,input,81000,1000,81,0.0018537473678588868,0.9999982787864439,0.999999996977577,0.31253086419753084,0.3429506172839506,1.3887302875518799,0,0,0.0
rmsnorm,1,final,13,normalization_gain,1000,1000,1,1.122621791779995,0.09251893331611703,1.1264277342116886,0.0,0.0,1.5550537109375,0,0,0.0
rmsnorm,1,final,13,output,82000,1000,82,-0.00023319678982444887,1.0162004083612064,1.0162004351181047,0.0,0.5000365853658536,4.547562599182129,0,0,0.0
rmsnorm,1,final,13,pre_activation,82000,1000,82,-0.00023319678982444887,1.0162004083612064,1.0162004351181047,0.0,0.5000365853658536,4.547562599182129,0,0,0.0
rmsnorm,1,final,13,pre_quantization,81000,1000,81,0.0026082524587889818,1.0103758205209161,1.0103791870749335,0.0,0.5000617283950617,4.542254447937012,0,0,0.0
rmsnorm,1,final,13,quantized_before_norm,81000,1000,81,0.001878734737266729,0.8994861463350287,0.8994881083665607,0.31253086419753084,0.3429506172839506,1.3651913404464722,0,0,0.0
rmsnorm,1,final,14,input,82000,1000,82,-0.000940787318276196,0.9999995530086475,0.9999999955491364,0.31470731707317073,0.343,1.3972762823104858,0,0,0.0
rmsnorm,1,final,14,normalization_gain,1000,1000,1,1.1136229465603829,0.08439854012945924,1.1168165385065774,0.0,0.0,1.4348701238632202,0,0,0.0
rmsnorm,1,final,14,output,80000,1000,80,0.007546315790388816,0.9935093012515258,0.9935379602991037,0.0,0.49785,4.128615379333496,0,0,0.0
rmsnorm,1,final,14,pre_activation,80000,1000,80,0.007546315790388816,0.9935093012515258,0.9935379602991037,0.0,0.49785,4.128615379333496,0,0,0.0
rmsnorm,1,final,14,pre_quantization,82000,1000,82,-0.00023319678982444887,1.0162004083612064,1.0162004351181047,0.0,0.5000365853658536,4.547562599182129,0,0,0.0
rmsnorm,1,final,14,quantized_before_norm,82000,1000,82,-0.0007265987788758626,0.9055873038691128,0.9055875953626542,0.31470731707317073,0.343,1.3990137577056885,0,0,0.0
rmsnorm,1,final,15,input,80000,1000,80,0.008111285904049872,0.9999671007639298,0.9999999977846182,0.3136125,0.3397875,1.3639886379241943,0,0,0.0
rmsnorm,1,final,15,normalization_gain,1000,1000,1,1.1398239182829857,0.09707054354110078,1.143949848163521,0.0,0.0,1.4932976961135864,0,0,0.0
rmsnorm,1,final,15,output,10000,1000,10,0.08724954231232404,0.9380739598250787,0.9421227291258891,0.0379,0.4424,3.600595474243164,0,0,0.0
rmsnorm,1,final,15,pre_activation,10000,1000,10,0.08724954231232404,0.9380739598250787,0.9421227291258891,0.0379,0.4424,3.600595474243164,0,0,0.0
rmsnorm,1,final,15,pre_quantization,80000,1000,80,0.007546315790388816,0.9935093012515258,0.9935379602991037,0.0,0.49785,4.128615379333496,0,0,0.0
rmsnorm,1,final,15,quantized_before_norm,80000,1000,80,0.007627771153301001,0.8865676816417133,0.8866004945996419,0.3136125,0.3397875,1.4037693738937378,0,0,0.0
rmsnorm,2,initial,0,input,90000,1000,90,-0.24865594502025182,0.5706528477563928,0.6224744586297459,0.11097777777777777,0.6533777777777777,1.9996788501739502,0,0,0.0
rmsnorm,2,initial,0,output,79000,1000,79,0.039558168885600105,0.6144035838846382,0.6156757365820659,0.0,0.4842405063291139,3.614204168319702,0,0,0.0
rmsnorm,2,initial,0,pre_activation,79000,1000,79,0.039558168885600105,0.6144035838846382,0.6156757365820659,0.0,0.4842405063291139,3.614204168319702,0,0,0.0
rmsnorm,2,initial,0,pre_quantization,90000,1000,90,0.018114338403025208,0.7685564910431445,0.7687699325418043,0.0,0.7199444444444445,2.821486711502075,0,0,0.0
rmsnorm,2,initial,1,input,79000,1000,79,0.03933593809453747,0.9992260426348514,1.0000000001527416,0.294,0.3366329113924051,1.339945673942566,0,0,0.0
rmsnorm,2,initial,1,normalization_gain,1000,1000,1,1.9386453122496605,0.32102179809936404,1.9650446920013123,0.0,0.0,3.0324959754943848,0,0,0.0
rmsnorm,2,initial,1,output,82000,1000,82,-0.07239351731468036,1.057187451382625,1.059663214757444,0.0,0.5093658536585366,4.502872467041016,0,0,0.0
rmsnorm,2,initial,1,pre_activation,82000,1000,82,-0.07239351731468036,1.057187451382625,1.059663214757444,0.0,0.5093658536585366,4.502872467041016,0,0,0.0
rmsnorm,2,initial,1,pre_quantization,79000,1000,79,0.039558168885600105,0.6144035838846382,0.6156757365820659,0.0,0.4842405063291139,3.614204168319702,0,0,0.0
rmsnorm,2,initial,1,quantized_before_norm,79000,1000,79,0.01812677955099299,0.5427849908329235,0.5430875863158604,0.294,0.3366329113924051,1.4673786163330078,0,0,0.0
rmsnorm,2,initial,2,input,82000,1000,82,-0.02678224335792588,0.9996412887029497,0.9999999973194885,0.30959756097560975,0.3563170731707317,1.3651506900787354,0,0,0.0
rmsnorm,2,initial,2,normalization_gain,1000,1000,1,1.0763375226855278,0.06813542769510492,1.0784919560423314,0.0,0.0,1.3453916311264038,0,0,0.0
rmsnorm,2,initial,2,output,80000,1000,80,0.06199494974369302,0.949703885241856,0.9517251932344752,0.0,0.47435,4.909902095794678,0,0,0.0
rmsnorm,2,initial,2,pre_activation,80000,1000,80,0.06199494974369302,0.949703885241856,0.9517251932344752,0.0,0.47435,4.909902095794678,0,0,0.0
rmsnorm,2,initial,2,pre_quantization,82000,1000,82,-0.07239351731468036,1.057187451382625,1.059663214757444,0.0,0.5093658536585366,4.502872467041016,0,0,0.0
rmsnorm,2,initial,2,quantized_before_norm,82000,1000,82,-0.02545848173411881,0.9342069256757112,0.9345537514090189,0.30959756097560975,0.3563170731707317,1.3898451328277588,0,0,0.0
rmsnorm,2,initial,3,input,80000,1000,80,0.05763481975048781,0.9983377276564764,0.999999995454984,0.3194125,0.3164625,1.3639887571334839,0,0,0.0
rmsnorm,2,initial,3,normalization_gain,1000,1000,1,1.188500071465969,0.1001511468054224,1.1927123174014154,0.0,0.0,1.5591360330581665,0,0,0.0
rmsnorm,2,initial,3,output,82000,1000,82,0.06409094631630823,1.0457343424460768,1.0476965039413124,0.0,0.47168292682926827,4.199124813079834,0,0,0.0
rmsnorm,2,initial,3,pre_activation,82000,1000,82,0.06409094631630823,1.0457343424460768,1.0476965039413124,0.0,0.47168292682926827,4.199124813079834,0,0,0.0
rmsnorm,2,initial,3,pre_quantization,80000,1000,80,0.06199494974369302,0.949703885241856,0.9517251932344752,0.0,0.47435,4.909902095794678,0,0,0.0
rmsnorm,2,initial,3,quantized_before_norm,80000,1000,80,0.04902803094089031,0.8486624388099497,0.8500774569795346,0.3194125,0.3164625,1.281195878982544,0,0,0.0
rmsnorm,2,initial,4,input,82000,1000,82,0.061346992437432454,0.9981164956590589,0.9999999961939193,0.3073658536585366,0.32078048780487806,1.3651506900787354,0,0,0.0
rmsnorm,2,initial,4,normalization_gain,1000,1000,1,1.0803132866621017,0.07783486133055244,1.0831135965248606,0.0,0.0,1.3971552848815918,0,0,0.0
rmsnorm,2,initial,4,output,80000,1000,80,-0.04594218596911844,1.0145751542647714,1.0156148030149057,0.0,0.516175,4.542199611663818,0,0,0.0
rmsnorm,2,initial,4,pre_activation,80000,1000,80,-0.04594218596911844,1.0145751542647714,1.0156148030149057,0.0,0.516175,4.542199611663818,0,0,0.0
rmsnorm,2,initial,4,pre_quantization,82000,1000,82,0.06409094631630823,1.0457343424460768,1.0476965039413124,0.0,0.47168292682926827,4.199124813079834,0,0,0.0
rmsnorm,2,initial,4,quantized_before_norm,82000,1000,82,0.05685836870495866,0.9310110794906566,0.9327456803578063,0.3073658536585366,0.32078048780487806,1.5024914741516113,0,0,0.0
rmsnorm,2,initial,5,input,80000,1000,80,-0.03427368125617504,0.9994124810638203,0.9999999962664954,0.3117125,0.3583125,1.3639887571334839,0,0,0.0
rmsnorm,2,initial,5,normalization_gain,1000,1000,1,1.1160625262856483,0.07908409504274418,1.1188609639574674,0.0,0.0,1.4507187604904175,0,0,0.0
rmsnorm,2,initial,5,output,82000,1000,82,0.03507788453882814,0.9829628246000597,0.9835885178922368,0.0,0.4896463414634146,4.156921863555908,0,0,0.0
rmsnorm,2,initial,5,pre_activation,82000,1000,82,0.03507788453882814,0.9829628246000597,0.9835885178922368,0.0,0.4896463414634146,4.156921863555908,0,0,0.0
rmsnorm,2,initial,5,pre_quantization,80000,1000,80,-0.04594218596911844,1.0145751542647714,1.0156148030149057,0.0,0.516175,4.542199611663818,0,0,0.0
rmsnorm,2,initial,5,quantized_before_norm,80000,1000,80,-0.0314089789763093,0.90213132382363,0.9026779322571864,0.3117125,0.3583125,1.301016092300415,0,0,0.0
rmsnorm,2,initial,6,input,82000,1000,82,0.027548943910656907,0.9996204541872161,0.9999999983700243,0.3201829268292683,0.32851219512195123,1.3809332847595215,0,0,0.0
rmsnorm,2,initial,6,normalization_gain,1000,1000,1,1.149656151652336,0.08416344316758197,1.152732732335593,0.0,0.0,1.4479302167892456,0,0,0.0
rmsnorm,2,initial,6,output,81000,1000,81,0.05253002297755096,0.9707603833417825,0.9721806031699597,0.0,0.475962962962963,4.055536270141602,0,0,0.0
rmsnorm,2,initial,6,pre_activation,81000,1000,81,0.05253002297755096,0.9707603833417825,0.9721806031699597,0.0,0.475962962962963,4.055536270141602,0,0,0.0
rmsnorm,2,initial,6,pre_quantization,82000,1000,82,0.03507788453882814,0.9829628246000597,0.9835885178922368,0.0,0.4896463414634146,4.156921863555908,0,0,0.0
rmsnorm,2,initial,6,quantized_before_norm,82000,1000,82,0.024569816855395714,0.876392102447625,0.8767364445104789,0.3201829268292683,0.32851219512195123,1.2907427549362183,0,0,0.0
rmsnorm,2,initial,7,input,81000,1000,81,0.052110376400712095,0.9986413237447118,0.9999999924096071,0.3180493827160494,0.3194814814814815,1.356801152229309,0,0,0.0
rmsnorm,2,initial,7,normalization_gain,1000,1000,1,1.1642169885635376,0.09495937397723939,1.1680832501008227,0.0,0.0,1.614634394645691,0,0,0.0
rmsnorm,2,initial,7,output,81000,1000,81,-0.006662449024948835,1.002434593037157,1.0024567330037644,0.0,0.5030617283950617,4.6240458488464355,0,0,0.0
rmsnorm,2,initial,7,pre_activation,81000,1000,81,-0.006662449024948835,1.002434593037157,1.0024567330037644,0.0,0.5030617283950617,4.6240458488464355,0,0,0.0
rmsnorm,2,initial,7,pre_quantization,81000,1000,81,0.05253002297755096,0.9707603833417825,0.9721806031699597,0.0,0.475962962962963,4.055536270141602,0,0,0.0
rmsnorm,2,initial,7,quantized_before_norm,81000,1000,81,0.04533179021175997,0.8658836191169398,0.8670694395830433,0.3180493827160494,0.3194814814814815,1.2733814716339111,0,0,0.0
rmsnorm,2,initial,8,input,81000,1000,81,-0.006322940367239493,0.999980008597649,0.999999998584921,0.31685185185185183,0.34417283950617283,1.4055638313293457,0,0,0.0
rmsnorm,2,initial,8,normalization_gain,1000,1000,1,1.128353811442852,0.08894751337204149,1.131854223799461,0.0,0.0,1.4548790454864502,0,0,0.0
rmsnorm,2,initial,8,output,81000,1000,81,0.021126145588983833,0.9987596392804209,0.9989830484462704,1.2345679012345678e-05,0.4935432098765432,4.076197147369385,0,0,0.0
rmsnorm,2,initial,8,pre_activation,81000,1000,81,0.021126145588983833,0.9987596392804209,0.9989830484462704,1.2345679012345678e-05,0.4935432098765432,4.076197147369385,0,0,0.0
rmsnorm,2,initial,8,pre_quantization,81000,1000,81,-0.006662449024948835,1.002434593037157,1.0024567330037644,0.0,0.5030617283950617,4.6240458488464355,0,0,0.0
rmsnorm,2,initial,8,quantized_before_norm,81000,1000,81,-0.005591491897900899,0.894310787304191,0.8943282669525134,0.31685185185185183,0.34417283950617283,1.3935362100601196,0,0,0.0
rmsnorm,2,initial,9,input,81000,1000,81,0.01325035991344923,0.9999122070889109,0.9999999969616264,0.31577777777777777,0.3367654320987654,1.3887301683425903,0,0,0.0
rmsnorm,2,initial,9,normalization_gain,1000,1000,1,1.13231335657835,0.08994151670703748,1.1358798413183027,0.0,0.0,1.496176838874817,0,0,0.0
rmsnorm,2,initial,9,output,81000,1000,81,-0.017809702408132382,1.0193724291322814,1.0195279960721602,0.0,0.5071358024691358,4.464549541473389,0,0,0.0
rmsnorm,2,initial,9,pre_activation,81000,1000,81,-0.017809702408132382,1.0193724291322814,1.0195279960721602,0.0,0.5071358024691358,4.464549541473389,0,0,0.0
rmsnorm,2,initial,9,pre_quantization,81000,1000,81,0.021126145588983833,0.9987596392804209,0.9989830484462704,1.2345679012345678e-05,0.4935432098765432,4.076197147369385,0,0,0.0
rmsnorm,2,initial,9,quantized_before_norm,81000,1000,81,0.011164527394889313,0.8912186618217404,0.891288589543973,0.31577777777777777,0.3367654320987654,1.336538314819336,0,0,0.0
rmsnorm,2,initial,10,input,81000,1000,81,-0.01655161112031819,0.9998630091497591,0.9999999964483447,0.30960493827160496,0.352,1.4055638313293457,0,0,0.0
rmsnorm,2,initial,10,normalization_gain,1000,1000,1,1.108785170197487,0.08624657314897034,1.112134445572931,0.0,0.0,1.5287359952926636,0,0,0.0
rmsnorm,2,initial,10,output,81000,1000,81,-0.011474150140226107,0.9892645213177508,0.9893310615054393,0.0,0.5036913580246913,4.293759822845459,0,0,0.0
rmsnorm,2,initial,10,pre_activation,81000,1000,81,-0.011474150140226107,0.9892645213177508,0.9893310615054393,0.0,0.5036913580246913,4.293759822845459,0,0,0.0
rmsnorm,2,initial,10,pre_quantization,81000,1000,81,-0.017809702408132382,1.0193724291322814,1.0195279960721602,0.0,0.5071358024691358,4.464549541473389,0,0,0.0
rmsnorm,2,initial,10,quantized_before_norm,81000,1000,81,-0.0146784068978863,0.9098764872807942,0.9099948778622312,0.30960493827160496,0.352,1.5251078605651855,0,0,0.0
rmsnorm,2,initial,11,input,81000,1000,81,-0.009157256797507958,0.999958068637968,0.9999999971931153,0.3181851851851852,0.3446543209876543,1.3887301683425903,0,0,0.0
rmsnorm,2,initial,11,normalization_gain,1000,1000,1,1.144288125693798,0.09363503507182686,1.148112727216595,0.0,0.0,1.5590779781341553,0,0,0.0
rmsnorm,2,initial,11,output,82000,1000,82,0.03937961122175608,0.9935159988142972,0.9942961297721857,0.0,0.48247560975609755,4.596193790435791,0,0,0.0
rmsnorm,2,initial,11,pre_activation,82000,1000,82,0.03937961122175608,0.9935159988142972,0.9942961297721857,0.0,0.48247560975609755,4.596193790435791,0,0,0.0
rmsnorm,2,initial,11,pre_quantization,81000,1000,81,-0.011474150140226107,0.9892645213177508,0.9893310615054393,0.0,0.5036913580246913,4.293759822845459,0,0,0.0
rmsnorm,2,initial,11,quantized_before_norm,81000,1000,81,-0.007763412360791807,0.8823639381076958,0.8823980903449448,0.3181851851851852,0.3446543209876543,1.3275599479675293,0,0,0.0
rmsnorm,2,initial,12,input,82000,1000,82,0.03691238478480316,0.9993184993490677,0.999999993645887,0.31839024390243903,0.325609756097561,1.3651505708694458,0,0,0.0
rmsnorm,2,initial,12,normalization_gain,1000,1000,1,1.1372902064919472,0.08766216958760747,1.1406636970462865,0.0,0.0,1.561577558517456,0,0,0.0
rmsnorm,2,initial,12,output,81000,1000,81,0.03347150898410997,0.9798109714932782,0.9803825180878508,0.0,0.48432098765432097,3.8933145999908447,0,0,0.0
rmsnorm,2,initial,12,pre_activation,81000,1000,81,0.03347150898410997,0.9798109714932782,0.9803825180878508,0.0,0.48432098765432097,3.8933145999908447,0,0,0.0
rmsnorm,2,initial,12,pre_quantization,82000,1000,82,0.03937961122175608,0.9935159988142972,0.9942961297721857,0.0,0.48247560975609755,4.596193790435791,0,0,0.0
rmsnorm,2,initial,12,quantized_before_norm,82000,1000,82,0.03264397694642951,0.8863274631496602,0.8869284081391188,0.31839024390243903,0.325609756097561,1.3619712591171265,0,0,0.0
rmsnorm,2,initial,13,input,81000,1000,81,0.029117043412761924,0.999576004032723,0.9999999950275634,0.31950617283950616,0.3281358024691358,1.372487187385559,0,0,0.0
rmsnorm,2,initial,13,normalization_gain,1000,1000,1,1.152105280995369,0.0901596502530511,1.1556276827037202,0.0,0.0,1.495255708694458,0,0,0.0
rmsnorm,2,initial,13,output,82000,1000,82,-0.012031058634005908,1.0145130373991735,1.0145843727481476,0.0,0.5045853658536585,4.624048709869385,0,0,0.0
rmsnorm,2,initial,13,pre_activation,82000,1000,82,-0.012031058634005908,1.0145130373991735,1.0145843727481476,0.0,0.5045853658536585,4.624048709869385,0,0,0.0
rmsnorm,2,initial,13,pre_quantization,81000,1000,81,0.03347150898410997,0.9798109714932782,0.9803825180878508,0.0,0.48432098765432097,3.8933145999908447,0,0,0.0
rmsnorm,2,initial,13,quantized_before_norm,81000,1000,81,0.025358889445110604,0.875379089094717,0.8757463233712065,0.31950617283950616,0.3281358024691358,1.2898359298706055,0,0,0.0
rmsnorm,2,initial,14,input,82000,1000,82,-0.011642644182937902,0.9999322221673554,1.0000000000460578,0.3146341463414634,0.34741463414634144,1.3651506900787354,0,0,0.0
rmsnorm,2,initial,14,normalization_gain,1000,1000,1,1.1149610570669175,0.08772233867301059,1.1184066199187308,0.0,0.0,1.7097140550613403,0,0,0.0
rmsnorm,2,initial,14,output,80000,1000,80,0.006578390591844439,1.0212725079292253,1.021293694622085,0.0,0.4993625,4.286607265472412,0,0,0.0
rmsnorm,2,initial,14,pre_activation,80000,1000,80,0.006578390591844439,1.0212725079292253,1.021293694622085,0.0,0.4993625,4.286607265472412,0,0,0.0
rmsnorm,2,initial,14,pre_quantization,82000,1000,82,-0.012031058634005908,1.0145130373991735,1.0145843727481476,0.0,0.5045853658536585,4.624048709869385,0,0,0.0
rmsnorm,2,initial,14,quantized_before_norm,82000,1000,82,-0.010499139987114,0.904815775176914,0.9048766871510554,0.3146341463414634,0.34741463414634144,1.4048720598220825,0,0,0.0
rmsnorm,2,initial,15,input,80000,1000,80,0.0031898695930838586,0.9999949074060352,0.999999995053013,0.3121625,0.3425875,1.3639887571334839,0,0,0.0
rmsnorm,2,initial,15,normalization_gain,1000,1000,1,1.1077885603904725,0.08249177180080215,1.1108557003260284,0.0,0.0,1.425342082977295,0,0,0.0
rmsnorm,2,initial,15,output,10000,1000,10,-0.020018819272518158,0.9347955699672452,0.9350098987473088,0.041,0.4891,3.6014697551727295,0,0,0.0
rmsnorm,2,initial,15,pre_activation,10000,1000,10,-0.020018819272518158,0.9347955699672452,0.9350098987473088,0.041,0.4891,3.6014697551727295,0,0,0.0
rmsnorm,2,initial,15,pre_quantization,80000,1000,80,0.006578390591844439,1.0212725079292253,1.021293694622085,0.0,0.4993625,4.286607265472412,0,0,0.0
rmsnorm,2,initial,15,quantized_before_norm,80000,1000,80,0.0019121655695140361,0.9101246341563214,0.9101266428774312,0.3121625,0.3425875,1.4175851345062256,0,0,0.0
rmsnorm,2,final,0,input,90000,1000,90,-0.24865594502025182,0.5706528477563928,0.6224744586297459,0.11097777777777777,0.6533777777777777,1.9996788501739502,0,0,0.0
rmsnorm,2,final,0,output,79000,1000,79,0.04052071464622415,0.6102642639465548,0.6116080445560464,0.0,0.4749746835443038,3.872361660003662,0,0,0.0
rmsnorm,2,final,0,pre_activation,79000,1000,79,0.04052071464622415,0.6102642639465548,0.6116080445560464,0.0,0.4749746835443038,3.872361660003662,0,0,0.0
rmsnorm,2,final,0,pre_quantization,90000,1000,90,0.018114338403025208,0.7685564910431445,0.7687699325418043,0.0,0.7199444444444445,2.821486711502075,0,0,0.0
rmsnorm,2,final,1,input,79000,1000,79,0.05598219492465635,0.9984317644198157,0.9999999971755243,0.29268354430379745,0.33036708860759495,1.3249738216400146,0,0,0.0
rmsnorm,2,final,1,normalization_gain,1000,1000,1,1.9089595531225205,0.2825782397975653,1.9297608756177083,0.0,0.0,2.8565738201141357,0,0,0.0
rmsnorm,2,final,1,output,82000,1000,82,-0.023550915014754877,1.0552651174712682,1.055527883928076,0.0,0.5080975609756098,4.878717422485352,0,0,0.0
rmsnorm,2,final,1,pre_activation,82000,1000,82,-0.023550915014754877,1.0552651174712682,1.055527883928076,0.0,0.5080975609756098,4.878717422485352,0,0,0.0
rmsnorm,2,final,1,pre_quantization,79000,1000,79,0.04052071464622415,0.6102642639465548,0.6116080445560464,0.0,0.4749746835443038,3.872361660003662,0,0,0.0
rmsnorm,2,final,1,quantized_before_norm,79000,1000,79,0.027021545928490313,0.5445265388461371,0.5451965842263864,0.29268354430379745,0.33036708860759495,1.313254714012146,0,0,0.0
rmsnorm,2,final,2,input,82000,1000,82,-0.018912482463732,0.9998211396012384,0.99999999659323,0.3138170731707317,0.3508292682926829,1.3651506900787354,0,0,0.0
rmsnorm,2,final,2,normalization_gain,1000,1000,1,1.080305301308632,0.07337871761469049,1.0827945235520497,0.0,0.0,1.302520513534546,0,0,0.0
rmsnorm,2,final,2,output,80000,1000,80,0.10620428594060352,0.9660718903899345,0.9718920967647257,0.0,0.4570125,4.181239128112793,0,0,0.0
rmsnorm,2,final,2,pre_activation,80000,1000,80,0.10620428594060352,0.9660718903899345,0.9718920967647257,0.0,0.4570125,4.181239128112793,0,0,0.0
rmsnorm,2,final,2,pre_quantization,82000,1000,82,-0.023550915014754877,1.0552651174712682,1.055527883928076,0.0,0.5080975609756098,4.878717422485352,0,0,0.0
rmsnorm,2,final,2,quantized_before_norm,82000,1000,82,-0.017839654617920156,0.9319548628992913,0.9321255922666878,0.3138170731707317,0.3508292682926829,1.397464394569397,0,0,0.0
rmsnorm,2,final,3,input,80000,1000,80,0.0931902262032032,0.9956483156705155,0.9999999933786693,0.3169375,0.3030875,1.3801310062408447,0,0,0.0
rmsnorm,2,final,3,normalization_gain,1000,1000,1,1.1654867696166038,0.09996849187511613,1.169766262771812,0.0,0.0,1.5277961492538452,0,0,0.0
rmsnorm,2,final,3,output,82000,1000,82,0.06558607178242429,1.0147652505836227,1.0168825136680697,0.0,0.46390243902439027,4.128612518310547,0,0,0.0
rmsnorm,2,final,3,pre_activation,82000,1000,82,0.06558607178242429,1.0147652505836227,1.0168825136680697,0.0,0.46390243902439027,4.128612518310547,0,0,0.0
rmsnorm,2,final,3,pre_quantization,80000,1000,80,0.10620428594060352,0.9660718903899345,0.9718920967647257,0.0,0.4570125,4.181239128112793,0,0,0.0
rmsnorm,2,final,3,quantized_before_norm,80000,1000,80,0.08068908533975482,0.863704457043478,0.8674653408694409,0.3169375,0.3030875,1.3296363353729248,0,0,0.0
rmsnorm,2,final,4,input,82000,1000,82,0.07180143178817702,0.9974189423558658,0.999999996088563,0.3150609756097561,0.31265853658536585,1.3972762823104858,0,0,0.0
rmsnorm,2,final,4,normalization_gain,1000,1000,1,1.1111759631633757,0.08847029708694544,1.114692340773322,0.0,0.0,1.4947700500488281,0,0,0.0
rmsnorm,2,final,4,output,80000,1000,80,-0.06686063490900404,1.005596223959864,1.0078165061869009,0.0,0.51925,4.547562599182129,0,0,0.0
rmsnorm,2,final,4,pre_activation,80000,1000,80,-0.06686063490900404,1.005596223959864,1.0078165061869009,0.0,0.51925,4.547562599182129,0,0,0.0
rmsnorm,2,final,4,pre_quantization,82000,1000,82,0.06558607178242429,1.0147652505836227,1.0168825136680697,0.0,0.46390243902439027,4.128612518310547,0,0,0.0
rmsnorm,2,final,4,quantized_before_norm,82000,1000,82,0.06554061759172417,0.9058750825438916,0.9082429398174295,0.3150609756097561,0.31265853658536585,1.4889057874679565,0,0,0.0
rmsnorm,2,final,5,input,80000,1000,80,-0.04800921767801047,0.9988468873087774,0.9999999946342439,0.3147,0.3624625,1.3639886379241943,0,0,0.0
rmsnorm,2,final,5,normalization_gain,1000,1000,1,1.1213590613603592,0.07496202530473663,1.123861846372931,0.0,0.0,1.4007164239883423,0,0,0.0
rmsnorm,2,final,5,output,82000,1000,82,0.0890441854742699,1.0009111731574196,1.0048641915792094,0.0,0.462609756097561,4.374022960662842,0,0,0.0
rmsnorm,2,final,5,pre_activation,82000,1000,82,0.0890441854742699,1.0009111731574196,1.0048641915792094,0.0,0.462609756097561,4.374022960662842,0,0,0.0
rmsnorm,2,final,5,pre_quantization,80000,1000,80,-0.06686063490900404,1.005596223959864,1.0078165061869009,0.0,0.51925,4.547562599182129,0,0,0.0
rmsnorm,2,final,5,quantized_before_norm,80000,1000,80,-0.04358093600869179,0.8966835130861792,0.8977419565910718,0.3147,0.3624625,1.379621148109436,0,0,0.0
rmsnorm,2,final,6,input,82000,1000,82,0.08443178223836713,0.9964292570025068,0.9999999950312574,0.3099878048780488,0.3098292682926829,1.380933403968811,0,0,0.0
rmsnorm,2,final,6,normalization_gain,1000,1000,1,1.1268353896737098,0.0947598979727734,1.130812731483384,0.0,0.0,1.5022879838943481,0,0,0.0
rmsnorm,2,final,6,output,81000,1000,81,0.0033980158701880344,1.0040617789584307,1.0040675288430667,0.0,0.49391358024691356,4.909902095794678,0,0,0.0
rmsnorm,2,final,6,pre_activation,81000,1000,81,0.0033980158701880344,1.0040617789584307,1.0040675288430667,0.0,0.49391358024691356,4.909902095794678,0,0,0.0
rmsnorm,2,final,6,pre_quantization,82000,1000,82,0.0890441854742699,1.0009111731574196,1.0048641915792094,0.0,0.462609756097561,4.374022960662842,0,0,0.0
rmsnorm,2,final,6,quantized_before_norm,82000,1000,82,0.07730220042859635,0.8931504219942097,0.896489434683721,0.3099878048780488,0.3098292682926829,1.377407431602478,0,0,0.0
rmsnorm,2,final,7,input,81000,1000,81,0.011375634294969064,0.9999352901222684,0.999999994743759,0.30987654320987656,0.34028395061728395,1.356801152229309,0,0,0.0
rmsnorm,2,final,7,normalization_gain,1000,1000,1,1.1256100484728813,0.08268354655333386,1.1286427911849521,0.0,0.0,1.4834955930709839,0,0,0.0
rmsnorm,2,final,7,output,81000,1000,81,-0.03824783769551505,0.9902535850187177,0.9909919574501124,0.0,0.5151481481481481,4.020422458648682,0,0,0.0
rmsnorm,2,final,7,pre_activation,81000,1000,81,-0.03824783769551505,0.9902535850187177,0.9909919574501124,0.0,0.5151481481481481,4.020422458648682,0,0,0.0
rmsnorm,2,final,7,pre_quantization,81000,1000,81,0.0033980158701880344,1.0040617789584307,1.0040675288430667,0.0,0.49391358024691356,4.909902095794678,0,0,0.0
rmsnorm,2,final,7,quantized_before_norm,81000,1000,81,0.010175207245497055,0.8952211085003969,0.8952789330410764,0.30987654320987656,0.34028395061728395,1.4713685512542725,0,0,0.0
rmsnorm,2,final,8,input,81000,1000,81,-0.03513273399553181,0.9993826507291259,0.9999999957881874,0.31841975308641973,0.35528395061728396,1.3887301683425903,0,0,0.0
rmsnorm,2,final,8,normalization_gain,1000,1000,1,1.1394150866270065,0.0812035357524384,1.1423050178704137,0.0,0.0,1.4930877685546875,0,0,0.0
rmsnorm,2,final,8,output,81000,1000,81,0.04902049594015279,1.0039902374998553,1.0051862543913115,0.0,0.47928395061728396,4.54225492477417,0,0,0.0
rmsnorm,2,final,8,pre_activation,81000,1000,81,0.04902049594015279,1.0039902374998553,1.0051862543913115,0.0,0.47928395061728396,4.54225492477417,0,0,0.0
rmsnorm,2,final,8,pre_quantization,81000,1000,81,-0.03824783769551505,0.9902535850187177,0.9909919574501124,0.0,0.5151481481481481,4.020422458648682,0,0,0.0
rmsnorm,2,final,8,quantized_before_norm,81000,1000,81,-0.030225094729735526,0.8837363953580091,0.8842531158168394,0.31841975308641973,0.35528395061728396,1.372061014175415,0,0,0.0
rmsnorm,2,final,9,input,81000,1000,81,0.045606615087132395,0.9989594712541334,0.9999999942740219,0.318,0.32224691358024693,1.3887301683425903,0,0,0.0
rmsnorm,2,final,9,normalization_gain,1000,1000,1,1.1292611591815949,0.09491228853021749,1.1332427401709673,0.0,0.0,1.5212620496749878,0,0,0.0
rmsnorm,2,final,9,output,81000,1000,81,0.02536232329192825,1.0317500695818305,1.032061748891449,0.0,0.4891358024691358,4.000000476837158,0,0,0.0
rmsnorm,2,final,9,pre_activation,81000,1000,81,0.02536232329192825,1.0317500695818305,1.032061748891449,0.0,0.4891358024691358,4.000000476837158,0,0,0.0
rmsnorm,2,final,9,pre_quantization,81000,1000,81,0.04902049594015279,1.0039902374998553,1.0051862543913115,0.0,0.47928395061728396,4.54225492477417,0,0,0.0
rmsnorm,2,final,9,quantized_before_norm,81000,1000,81,0.04039793319981775,0.8937060046172166,0.8946185867148554,0.318,0.32224691358024693,1.3991587162017822,0,0,0.0
rmsnorm,2,final,10,input,81000,1000,81,0.023977843384683867,0.9997124836109103,0.9999999934304374,0.3068888888888889,0.33658024691358024,1.3568010330200195,0,0,0.0
rmsnorm,2,final,10,normalization_gain,1000,1000,1,1.0957108558416366,0.08362849975159997,1.098897631983942,0.0,0.0,1.6567649841308594,0,0,0.0
rmsnorm,2,final,10,output,81000,1000,81,-0.0961358251484486,0.9948425627449804,0.9994767738802004,2.4691358024691357e-05,0.5388641975308642,4.6240458488464355,0,0,0.0
rmsnorm,2,final,10,pre_activation,81000,1000,81,-0.0961358251484486,0.9948425627449804,0.9994767738802004,2.4691358024691357e-05,0.5388641975308642,4.6240458488464355,0,0,0.0
rmsnorm,2,final,10,pre_quantization,81000,1000,81,0.02536232329192825,1.0317500695818305,1.032061748891449,0.0,0.4891358024691358,4.000000476837158,0,0,0.0
rmsnorm,2,final,10,quantized_before_norm,81000,1000,81,0.02210099498357302,0.9201686055914935,0.9204339828012965,0.3068888888888889,0.33658024691358024,1.3889838457107544,0,0,0.0
rmsnorm,2,final,11,input,81000,1000,81,-0.08726982630182195,0.9961847061127097,0.999999995637808,0.31066666666666665,0.38081481481481483,1.3887301683425903,0,0,0.0
rmsnorm,2,final,11,normalization_gain,1000,1000,1,1.1329181825518608,0.09438603611271965,1.1368431431686972,0.0,0.0,1.5362290143966675,0,0,0.0
rmsnorm,2,final,11,output,82000,1000,82,-0.04059311902585968,0.9877688457672853,0.9886025965880743,1.2195121951219513e-05,0.5164756097560975,4.246038913726807,0,0,0.0
rmsnorm,2,final,11,pre_activation,82000,1000,82,-0.04059311902585968,0.9877688457672853,0.9886025965880743,1.2195121951219513e-05,0.5164756097560975,4.246038913726807,0,0,0.0
rmsnorm,2,final,11,pre_quantization,81000,1000,81,-0.0961358251484486,0.9948425627449804,0.9994767738802004,2.4691358024691357e-05,0.5388641975308642,4.6240458488464355,0,0,0.0
rmsnorm,2,final,11,quantized_before_norm,81000,1000,81,-0.07756412164223046,0.8881560512263736,0.8915365187675465,0.31066666666666665,0.38081481481481483,1.39388906955719,0,0,0.0
rmsnorm,2,final,12,input,82000,1000,82,-0.03819249642912934,0.9992703954439783,0.9999999949971269,0.3129268292682927,0.35928048780487803,1.3651506900787354,0,0,0.0
rmsnorm,2,final,12,normalization_gain,1000,1000,1,1.1424160316586494,0.09275877246482458,1.1461756319429746,0.0,0.0,1.5409382581710815,0,0,0.0
rmsnorm,2,final,12,output,81000,1000,81,0.010465632133423478,0.9753286160109643,0.9753847644216179,0.0,0.49480246913580245,4.464548587799072,0,0,0.0
rmsnorm,2,final,12,pre_activation,81000,1000,81,0.010465632133423478,0.9753286160109643,0.9753847644216179,0.0,0.49480246913580245,4.464548587799072,0,0,0.0
rmsnorm,2,final,12,pre_quantization,82000,1000,82,-0.04059311902585968,0.9877688457672853,0.9886025965880743,1.2195121951219513e-05,0.5164756097560975,4.246038913726807,0,0,0.0
rmsnorm,2,final,12,quantized_before_norm,82000,1000,82,-0.033278509038977507,0.8830476619078438,0.8836745058927337,0.3129268292682927,0.35928048780487803,1.3287646770477295,0,0,0.0
rmsnorm,2,final,13,input,81000,1000,81,0.011435963632147989,0.9999346020359371,0.9999999948064818,0.31790123456790126,0.336358024691358,1.4055638313293457,0,0,0.0
rmsnorm,2,final,13,normalization_gain,1000,1000,1,1.1601905050873755,0.09549832782001312,1.1641142292366837,0.0,0.0,1.527862548828125,0,0,0.0
rmsnorm,2,final,13,output,82000,1000,82,-0.025496820868093892,0.9917981412111595,0.9921258190291646,0.0,0.5089146341463414,4.98532247543335,0,0,0.0
rmsnorm,2,final,13,pre_activation,82000,1000,82,-0.025496820868093892,0.9917981412111595,0.9921258190291646,0.0,0.5089146341463414,4.98532247543335,0,0,0.0
rmsnorm,2,final,13,pre_quantization,81000,1000,81,0.010465632133423478,0.9753286160109643,0.9753847644216179,0.0,0.49480246913580245,4.464548587799072,0,0,0.0
rmsnorm,2,final,13,quantized_before_norm,81000,1000,81,0.009927785019815704,0.8703778886078541,0.8704345063776285,0.31790123456790126,0.336358024691358,1.4707213640213013,0,0,0.0
rmsnorm,2,final,14,input,82000,1000,82,-0.022474568409163776,0.99974741199112,0.9999999970040602,0.3185609756097561,0.3500731707317073,1.3498972654342651,0,0,0.0
rmsnorm,2,final,14,normalization_gain,1000,1000,1,1.1390670918226242,0.08554127700947776,1.1422745509489665,0.0,0.0,1.6147300004959106,0,0,0.0
rmsnorm,2,final,14,output,80000,1000,80,0.023903933531376213,1.0055330313440123,1.005817118149294,0.0,0.49265,4.542200088500977,0,0,0.0
rmsnorm,2,final,14,pre_activation,80000,1000,80,0.023903933531376213,1.0055330313440123,1.005817118149294,0.0,0.49265,4.542200088500977,0,0,0.0
rmsnorm,2,final,14,pre_quantization,82000,1000,82,-0.025496820868093892,0.9917981412111595,0.9921258190291646,0.0,0.5089146341463414,4.98532247543335,0,0,0.0
rmsnorm,2,final,14,quantized_before_norm,82000,1000,82,-0.020022102305801905,0.8849167366298156,0.885143217422077,0.3185609756097561,0.3500731707317073,1.3528668880462646,0,0,0.0
rmsnorm,2,final,15,input,80000,1000,80,0.017614306636154653,0.9998448486270844,0.999999992562195,0.3142125,0.33555,1.3968605995178223,0,0,0.0
rmsnorm,2,final,15,normalization_gain,1000,1000,1,1.1251895511746406,0.08952344232019135,1.1287453090921111,0.0,0.0,1.5025452375411987,0,0,0.0
rmsnorm,2,final,15,output,10000,1000,10,-0.07505168837159872,0.915193943281959,0.9182661432000034,0.0441,0.509,4.044111251831055,0,0,0.0
rmsnorm,2,final,15,pre_activation,10000,1000,10,-0.07505168837159872,0.915193943281959,0.9182661432000034,0.0441,0.509,4.044111251831055,0,0,0.0
rmsnorm,2,final,15,pre_quantization,80000,1000,80,0.023903933531376213,1.0055330313440123,1.005817118149294,0.0,0.49265,4.542200088500977,0,0,0.0
rmsnorm,2,final,15,quantized_before_norm,80000,1000,80,0.016474428553134204,0.8967799820229808,0.8969312922143424,0.3142125,0.33555,1.3470590114593506,0,0,0.0
rmsnorm,0,initial,0,input,90000,1000,90,-0.24865594502025182,0.5706528477563928,0.6224744586297459,0.11097777777777777,0.6533777777777777,1.9996788501739502,0,0,0.0
rmsnorm,0,initial,0,output,79000,1000,79,-0.028095396617204407,0.6438380603776636,0.6444507733736923,0.0,0.5186962025316456,3.760883092880249,0,0,0.0
rmsnorm,0,initial,0,pre_activation,79000,1000,79,-0.028095396617204407,0.6438380603776636,0.6444507733736923,0.0,0.5186962025316456,3.760883092880249,0,0,0.0
rmsnorm,0,initial,0,pre_quantization,90000,1000,90,0.018114338403025208,0.7685564910431445,0.7687699325418043,0.0,0.7199444444444445,2.821486711502075,0,0,0.0
rmsnorm,0,initial,1,input,79000,1000,79,-0.042379851644552206,0.9991015707219605,1.0000000002222513,0.3139367088607595,0.36063291139240505,1.3399457931518555,0,0,0.0
rmsnorm,0,initial,1,normalization_gain,1000,1000,1,1.8287522114515304,0.3009494199137365,1.8533497252907445,0.0,0.0,2.848562717437744,0,0,0.0
rmsnorm,0,initial,1,output,82000,1000,82,-0.018133601008807374,0.9771330350588291,0.9773012819437134,0.0,0.5071829268292682,4.866642951965332,0,0,0.0
rmsnorm,0,initial,1,pre_activation,82000,1000,82,-0.018133601008807374,0.9771330350588291,0.9773012819437134,0.0,0.5071829268292682,4.866642951965332,0,0,0.0
rmsnorm,0,initial,1,pre_quantization,79000,1000,79,-0.028095396617204407,0.6438380603776636,0.6444507733736923,0.0,0.5186962025316456,3.760883092880249,0,0,0.0
rmsnorm,0,initial,1,quantized_before_norm,79000,1000,79,-0.025980684464113623,0.5706943169435416,0.5712853922138036,0.3139367088607595,0.36063291139240505,1.1842705011367798,0,0,0.0
rmsnorm,0,initial,2,input,82000,1000,82,-0.01886393786494325,0.9998220559467014,0.9999999958546306,0.32470731707317074,0.3453170731707317,1.3972761631011963,0,0,0.0
rmsnorm,0,initial,2,normalization_gain,1000,1000,1,1.156395645558834,0.07307448752157328,1.1587021920208718,0.0,0.0,1.4762046337127686,0,0,0.0
rmsnorm,0,initial,2,output,80000,1000,80,0.04583246666306207,0.9539156756606345,0.9550160895354097,0.0,0.4797,4.3740234375,0,0,0.0
rmsnorm,0,initial,2,pre_activation,80000,1000,80,0.04583246666306207,0.9539156756606345,0.9550160895354097,0.0,0.4797,4.3740234375,0,0,0.0
rmsnorm,0,initial,2,pre_quantization,82000,1000,82,-0.018133601008807374,0.9771330350588291,0.9773012819437134,0.0,0.5071829268292682,4.866642951965332,0,0,0.0
rmsnorm,0,initial,2,quantized_before_norm,82000,1000,82,-0.01616924672083157,0.8696320741525935,0.8697823802161441,0.32470731707317074,0.3453170731707317,1.257861614227295,0,0,0.0
rmsnorm,0,initial,3,input,80000,1000,80,0.04318698864281178,0.9990670021457527,0.9999999953822679,0.3277,0.3186125,1.3968605995178223,0,0,0.0
rmsnorm,0,initial,3,normalization_gain,1000,1000,1,1.1933088359236717,0.10092534350074975,1.1975691641213264,0.0,0.0,1.5210132598876953,0,0,0.0
rmsnorm,0,initial,3,output,82000,1000,82,0.05801849434170621,0.9858455775209742,0.9875513396291565,0.0,0.47997560975609754,4.355198383331299,0,0,0.0
rmsnorm,0,initial,3,pre_activation,82000,1000,82,0.05801849434170621,0.9858455775209742,0.9875513396291565,0.0,0.47997560975609754,4.355198383331299,0,0,0.0
rmsnorm,0,initial,3,pre_quantization,80000,1000,80,0.04583246666306207,0.9539156756606345,0.9550160895354097,0.0,0.4797,4.3740234375,0,0,0.0
rmsnorm,0,initial,3,quantized_before_norm,80000,1000,80,0.03480074981451035,0.8460552971289501,0.8467707233883375,0.3277,0.3186125,1.3135390281677246,0,0,0.0
rmsnorm,0,initial,4,input,82000,1000,82,0.04973047645062935,0.9987626693097221,0.999999994947344,0.3219390243902439,0.3184512195121951,1.3651506900787354,0,0,0.0
rmsnorm,0,initial,4,normalization_gain,1000,1000,1,1.1449299102425576,0.08819257546779576,1.1483215707003305,0.0,0.0,1.5433590412139893,0,0,0.0
rmsnorm,0,initial,4,output,80000,1000,80,-0.03294829295102776,0.959473763091642,0.9600393179811039,0.0,0.5136125,4.28753662109375,0,0,0.0
rmsnorm,0,initial,4,pre_activation,80000,1000,80,-0.03294829295102776,0.959473763091642,0.9600393179811039,0.0,0.5136125,4.28753662109375,0,0,0.0
rmsnorm,0,initial,4,pre_quantization,82000,1000,82,0.05801849434170621,0.9858455775209742,0.9875513396291565,0.0,0.47997560975609754,4.355198383331299,0,0,0.0
rmsnorm,0,initial,4,quantized_before_norm,82000,1000,82,0.044456747530437095,0.8798788202586012,0.8810012149484544,0.3219390243902439,0.3184512195121951,1.4664818048477173,0,0,0.0
rmsnorm,0,initial,5,input,80000,1000,80,-0.03140466136783361,0.9995067469468367,0.9999999949739381,0.3230375,0.351375,1.3801311254501343,0,0,0.0
rmsnorm,0,initial,5,normalization_gain,1000,1000,1,1.1785912692546845,0.09818984232154444,1.1826743529384993,0.0,0.0,1.5544469356536865,0,0,0.0
rmsnorm,0,initial,5,output,82000,1000,82,0.01792787157152406,1.000789686896017,1.0009502514993005,0.0,0.4925,4.115965366363525,0,0,0.0
rmsnorm,0,initial,5,pre_activation,82000,1000,82,0.01792787157152406,1.000789686896017,1.0009502514993005,0.0,0.4925,4.115965366363525,0,0,0.0
rmsnorm,0,initial,5,pre_quantization,80000,1000,80,-0.03294829295102776,0.959473763091642,0.9600393179811039,0.0,0.5136125,4.28753662109375,0,0,0.0
rmsnorm,0,initial,5,quantized_before_norm,80000,1000,80,-0.02681355130597949,0.856453029864885,0.8568726620089941,0.3230375,0.351375,1.438355565071106,0,0,0.0
rmsnorm,0,initial,6,input,82000,1000,82,0.017961690889626014,0.9998386709435291,0.9999999951268684,0.3159390243902439,0.33452439024390246,1.3972761631011963,0,0,0.0
rmsnorm,0,initial,6,normalization_gain,1000,1000,1,1.1283505891561507,0.086357253413692,1.1316503997552376,0.0,0.0,1.4476407766342163,0,0,0.0
rmsnorm,0,initial,6,output,81000,1000,81,-0.02879550505333505,0.9833587131668134,0.9837802294579658,0.0,0.5122222222222222,4.255248546600342,0,0,0.0
rmsnorm,0,initial,6,pre_activation,81000,1000,81,-0.02879550505333505,0.9833587131668134,0.9837802294579658,0.0,0.5122222222222222,4.255248546600342,0,0,0.0
rmsnorm,0,initial,6,pre_quantization,82000,1000,82,0.01792787157152406,1.000789686896017,1.0009502514993005,0.0,0.4925,4.115965366363525,0,0,0.0
rmsnorm,0,initial,6,quantized_before_norm,82000,1000,82,0.016407657368880946,0.8937244598126873,0.8938750591037958,0.3159390243902439,0.33452439024390246,1.3888888359069824,0,0,0.0
rmsnorm,0,initial,7,input,81000,1000,81,-0.028653675928527925,0.9995893948971811,0.9999999957675649,0.314320987654321,0.354679012345679,1.3568010330200195,0,0,0.0
rmsnorm,0,initial,7,normalization_gain,1000,1000,1,1.1513762180805207,0.10300579347068294,1.1559746489650748,0.0,0.0,1.5844199657440186,0,0,0.0
rmsnorm,0,initial,7,output,81000,1000,81,-0.011982795717324773,1.0141165261270806,1.014187317982857,0.0,0.5051728395061729,4.502872467041016,0,0,0.0
rmsnorm,0,initial,7,pre_activation,81000,1000,81,-0.011982795717324773,1.0141165261270806,1.014187317982857,0.0,0.5051728395061729,4.502872467041016,0,0,0.0
rmsnorm,0,initial,7,pre_quantization,81000,1000,81,-0.02879550505333505,0.9833587131668134,0.9837802294579658,0.0,0.5122222222222222,4.255248546600342,0,0,0.0
rmsnorm,0,initial,7,quantized_before_norm,81000,1000,81,-0.02649544462892744,0.8780678072099255,0.8784674624848273,0.314320987654321,0.354679012345679,1.3693784475326538,0,0,0.0
rmsnorm,0,initial,8,input,81000,1000,81,-0.007626183144840194,0.9999709193085212,0.9999999990660438,0.31565432098765434,0.3453827160493827,1.423025131225586,0,0,0.0
rmsnorm,0,initial,8,normalization_gain,1000,1000,1,1.1202046384811402,0.09572046536964376,1.1242868137469384,0.0,0.0,1.5488640069961548,0,0,0.0
rmsnorm,0,initial,8,output,81000,1000,81,0.006240445167451815,1.0211554538603467,1.02117452186422,0.0,0.4962469135802469,4.390749931335449,0,0,0.0
rmsnorm,0,initial,8,pre_activation,81000,1000,81,0.006240445167451815,1.0211554538603467,1.02117452186422,0.0,0.4962469135802469,4.390749931335449,0,0,0.0
rmsnorm,0,initial,8,pre_quantization,81000,1000,81,-0.011982795717324773,1.0141165261270806,1.014187317982857,0.0,0.5051728395061729,4.502872467041016,0,0,0.0
rmsnorm,0,initial,8,quantized_before_norm,81000,1000,81,-0.007130154583189222,0.9021548620141324,0.9021830380583081,0.31565432098765434,0.3453827160493827,1.3724284172058105,0,0,0.0
rmsnorm,0,initial,9,input,81000,1000,81,0.003101151654749741,0.9999951883643704,0.9999999969467392,0.3091358024691358,0.34414814814814815,1.356801152229309,0,0,0.0
rmsnorm,0,initial,9,normalization_gain,1000,1000,1,1.1096000210642816,0.09163470970591117,1.1133773514710728,0.0,0.0,1.4694675207138062,0,0,0.0
rmsnorm,0,initial,9,output,81000,1000,81,-0.00641385167997047,1.0287283864074992,1.0287483805547155,0.0,0.4981358024691358,4.293759822845459,0,0,0.0
rmsnorm,0,initial,9,pre_activation,81000,1000,81,-0.00641385167997047,1.0287283864074992,1.0287483805547155,0.0,0.4981358024691358,4.293759822845459,0,0,0.0
rmsnorm,0,initial,9,pre_quantization,81000,1000,81,0.006240445167451815,1.0211554538603467,1.02117452186422,0.0,0.4962469135802469,4.390749931335449,0,0,0.0
rmsnorm,0,initial,9,quantized_before_norm,81000,1000,81,0.0030401382909880743,0.9102746433612878,0.9102797200791348,0.3091358024691358,0.34414814814814815,1.4210598468780518,0,0,0.0
rmsnorm,0,initial,10,input,81000,1000,81,0.0014143596637396165,0.9999989947016127,0.9999999949087471,0.3077037037037037,0.34555555555555556,1.3887300491333008,0,0,0.0
rmsnorm,0,initial,10,normalization_gain,1000,1000,1,1.10121211373806,0.08909863551292065,1.1048107015655262,0.0,0.0,1.4693559408187866,0,0,0.0
rmsnorm,0,initial,10,output,81000,1000,81,0.005912446299477016,0.9795827350072874,0.9796005776568335,1.2345679012345678e-05,0.500358024691358,4.269075393676758,0,0,0.0
rmsnorm,0,initial,10,pre_activation,81000,1000,81,0.005912446299477016,0.9795827350072874,0.9796005776568335,1.2345679012345678e-05,0.500358024691358,4.269075393676758,0,0,0.0
rmsnorm,0,initial,10,pre_quantization,81000,1000,81,-0.00641385167997047,1.0287283864074992,1.0287483805547155,0.0,0.4981358024691358,4.293759822845459,0,0,0.0
rmsnorm,0,initial,10,quantized_before_norm,81000,1000,81,0.0013849818353299742,0.9167903755904694,0.9167914217257915,0.3077037037037037,0.34555555555555556,1.418912649154663,0,0,0.0
rmsnorm,0,initial,11,input,81000,1000,81,0.0022824698200932256,0.9999973930666151,0.9999999979042529,0.3197407407407407,0.33909876543209877,1.4055638313293457,0,0,0.0
rmsnorm,0,initial,11,normalization_gain,1000,1000,1,1.1531432542204856,0.08917017683233917,1.156585788080816,0.0,0.0,1.5051510334014893,0,0,0.0
rmsnorm,0,initial,11,output,82000,1000,82,-0.009384261081191182,1.0017854019484165,1.0018293546872092,0.0,0.504060975609756,4.502872467041016,0,0,0.0
rmsnorm,0,initial,11,pre_activation,82000,1000,82,-0.009384261081191182,1.0017854019484165,1.0018293546872092,0.0,0.504060975609756,4.502872467041016,0,0,0.0
rmsnorm,0,initial,11,pre_quantization,81000,1000,81,0.005912446299477016,0.9795827350072874,0.9796005776568335,1.2345679012345678e-05,0.500358024691358,4.269075393676758,0,0,0.0
rmsnorm,0,initial,11,quantized_before_norm,81000,1000,81,0.0019103595739529456,0.8749595911666339,0.8749616766740044,0.3197407407407407,0.33909876543209877,1.343051791191101,0,0,0.0
rmsnorm,0,initial,12,input,82000,1000,82,-0.008858435851771656,0.9999607605625693,0.999999997275306,0.31465853658536586,0.34635365853658534,1.3972762823104858,0,0,0.0
rmsnorm,0,initial,12,normalization_gain,1000,1000,1,1.1302494294047356,0.09097209282817433,1.133904623124568,0.0,0.0,1.4616615772247314,0,0,0.0
rmsnorm,0,initial,12,output,81000,1000,81,0.012175097681143138,0.9815351609598247,0.9816106688519509,0.0,0.4940246913580247,4.055535793304443,0,0,0.0
rmsnorm,0,initial,12,pre_activation,81000,1000,81,0.012175097681143138,0.9815351609598247,0.9816106688519509,0.0,0.4940246913580247,4.055535793304443,0,0,0.0
rmsnorm,0,initial,12,pre_quantization,82000,1000,82,-0.009384261081191182,1.0017854019484165,1.0018293546872092,0.0,0.504060975609756,4.502872467041016,0,0,0.0
rmsnorm,0,initial,12,quantized_before_norm,82000,1000,82,-0.007856670432701343,0.8931283235275508,0.8931628796347403,0.31465853658536586,0.34635365853658534,1.3542476892471313,0,0,0.0
rmsnorm,0,initial,13,input,81000,1000,81,0.009503020092293068,0.999954842455041,0.9999999971700801,0.31892592592592595,0.33655555555555555,1.4055639505386353,0,0,0.0
rmsnorm,0,initial,13,normalization_gain,1000,1000,1,1.1519345042705535,0.09653701528879828,1.1559725331727895,0.0,0.0,1.593998908996582,0,0,0.0
rmsnorm,0,initial,13,output,82000,1000,82,0.016005155205705578,1.0047845947417344,1.0049120592487037,0.0,0.4934878048780488,4.374022960662842,0,0,0.0
rmsnorm,0,initial,13,pre_activation,82000,1000,82,0.016005155205705578,1.0047845947417344,1.0049120592487037,0.0,0.4934878048780488,4.374022960662842,0,0,0.0
rmsnorm,0,initial,13,pre_quantization,81000,1000,81,0.012175097681143138,0.9815351609598247,0.9816106688519509,0.0,0.4940246913580247,4.055535793304443,0,0,0.0
rmsnorm,0,initial,13,quantized_before_norm,81000,1000,81,0.008434331665804356,0.876813239814965,0.8768538050698441,0.31892592592592595,0.33655555555555555,1.3391661643981934,0,0,0.0
rmsnorm,0,initial,14,input,82000,1000,82,0.015085052920550835,0.9998862101725109,0.9999999960573812,0.31621951219512195,0.3355609756097561,1.3972762823104858,0,0,0.0
rmsnorm,0,initial,14,normalization_gain,1000,1000,1,1.1238861597180367,0.0842656154674197,1.1270407241780838,0.0,0.0,1.5144767761230469,0,0,0.0
rmsnorm,0,initial,14,output,80000,1000,80,-0.0057498883098248636,0.9839383034464436,0.9839551037545571,0.0,0.50215,4.156922340393066,0,0,0.0
rmsnorm,0,initial,14,pre_activation,80000,1000,80,-0.0057498883098248636,0.9839383034464436,0.9839551037545571,0.0,0.50215,4.156922340393066,0,0,0.0
rmsnorm,0,initial,14,pre_quantization,82000,1000,82,0.016005155205705578,1.0047845947417344,1.0049120592487037,0.0,0.4934878048780488,4.374022960662842,0,0,0.0
rmsnorm,0,initial,14,quantized_before_norm,82000,1000,82,0.014229039993954869,0.8969164602821365,0.8970293207605796,0.31621951219512195,0.3355609756097561,1.325541377067566,0,0,0.0
rmsnorm,0,initial,15,input,80000,1000,80,-0.006703823213279247,0.9999775243635057,0.9999999952389202,0.315775,0.3449375,1.43222975730896,0,0,0.0
rmsnorm,0,initial,15,normalization_gain,1000,1000,1,1.1493119422197342,0.09515330891019401,1.1532441600656196,0.0,0.0,1.5673516988754272,0,0,0.0
rmsnorm,0,initial,15,output,10000,1000,10,0.01982628376185894,0.9931710463101041,0.9933689187590442,0.0404,0.4778,3.963469982147217,0,0,0.0
rmsnorm,0,initial,15,pre_activation,10000,1000,10,0.01982628376185894,0.9931710463101041,0.9933689187590442,0.0404,0.4778,3.963469982147217,0,0,0.0
rmsnorm,0,initial,15,pre_quantization,80000,1000,80,-0.0057498883098248636,0.9839383034464436,0.9839551037545571,0.0,0.50215,4.156922340393066,0,0,0.0
rmsnorm,0,initial,15,quantized_before_norm,80000,1000,80,-0.0058959608390927315,0.8787106980970453,0.8787304781924961,0.315775,0.3449375,1.3584985733032227,0,0,0.0
rmsnorm,0,final,0,input,90000,1000,90,-0.24865594502025182,0.5706528477563928,0.6224744586297459,0.11097777777777777,0.6533777777777777,1.9996788501739502,0,0,0.0
rmsnorm,0,final,0,output,79000,1000,79,-0.041255072797978444,0.6172980050039527,0.6186750423392126,0.0,0.5287088607594936,3.472334384918213,0,0,0.0
rmsnorm,0,final,0,pre_activation,79000,1000,79,-0.041255072797978444,0.6172980050039527,0.6186750423392126,0.0,0.5287088607594936,3.472334384918213,0,0,0.0
rmsnorm,0,final,0,pre_quantization,90000,1000,90,0.018114338403025208,0.7685564910431445,0.7687699325418043,0.0,0.7199444444444445,2.821486711502075,0,0,0.0
rmsnorm,0,final,1,input,79000,1000,79,-0.06672358083574077,0.997771497655501,0.9999999988866225,0.30273417721518986,0.37659493670886074,1.35543692111969,0,0,0.0
rmsnorm,0,final,1,normalization_gain,1000,1000,1,1.894931168437004,0.30067869222081245,1.9186380088671358,0.0,0.0,2.831728219985962,0,0,0.0
rmsnorm,0,final,1,output,82000,1000,82,-0.04759978942778015,0.994385100623545,0.9955237155867592,0.0,0.5168048780487805,4.305100440979004,0,0,0.0
rmsnorm,0,final,1,pre_activation,82000,1000,82,-0.04759978942778015,0.994385100623545,0.9955237155867592,0.0,0.5168048780487805,4.305100440979004,0,0,0.0
rmsnorm,0,final,1,pre_quantization,79000,1000,79,-0.041255072797978444,0.6172980050039527,0.6186750423392126,0.0,0.5287088607594936,3.472334384918213,0,0,0.0
rmsnorm,0,final,1,quantized_before_norm,79000,1000,79,-0.037430253542299514,0.5497590299314704,0.5510317730144354,0.30273417721518986,0.37659493670886074,1.2371002435684204,0,0,0.0
rmsnorm,0,final,2,input,82000,1000,82,-0.037602390036350346,0.9992927748519735,0.9999999948039013,0.3212317073170732,0.3548780487804878,1.3809332847595215,0,0,0.0
rmsnorm,0,final,2,normalization_gain,1000,1000,1,1.1340103034973144,0.06959413930861798,1.1361437904878846,0.0,0.0,1.4060479402542114,0,0,0.0
rmsnorm,0,final,2,output,80000,1000,80,-0.006596800896011139,0.9601505957631061,0.960173257452169,0.0,0.5046375,3.833333969116211,0,0,0.0
rmsnorm,0,final,2,pre_activation,80000,1000,80,-0.006596800896011139,0.9601505957631061,0.960173257452169,0.0,0.5046375,3.833333969116211,0,0,0.0
rmsnorm,0,final,2,pre_quantization,82000,1000,82,-0.04759978942778015,0.994385100623545,0.9955237155867592,0.0,0.5168048780487805,4.305100440979004,0,0,0.0
rmsnorm,0,final,2,quantized_before_norm,82000,1000,82,-0.03307565096311453,0.8861076861018606,0.8867247769490979,0.3212317073170732,0.3548780487804878,1.2865352630615234,0,0,0.0
rmsnorm,0,final,3,input,80000,1000,80,-0.008433992664515971,0.9999644272216759,0.9999999939705196,0.33235,0.33755,1.3968607187271118,0,0,0.0
rmsnorm,0,final,3,normalization_gain,1000,1000,1,1.1793156389594077,0.0852419187520966,1.1823923041895932,0.0,0.0,1.4751421213150024,0,0,0.0
rmsnorm,0,final,3,output,82000,1000,82,0.00962881608600065,0.9760082599895982,0.9760557554090551,0.0,0.4915121951219512,4.242640018463135,0,0,0.0
rmsnorm,0,final,3,pre_activation,82000,1000,82,0.00962881608600065,0.9760082599895982,0.9760557554090551,0.0,0.4915121951219512,4.242640018463135,0,0,0.0
rmsnorm,0,final,3,pre_quantization,80000,1000,80,-0.006596800896011139,0.9601505957631061,0.960173257452169,0.0,0.5046375,3.833333969116211,0,0,0.0
rmsnorm,0,final,3,quantized_before_norm,80000,1000,80,-0.008696757810562849,0.854515720757009,0.8545599748509675,0.33235,0.33755,1.3056703805923462,0,0,0.0
rmsnorm,0,final,4,input,82000,1000,82,0.017551585299212757,0.9998459538233577,0.9999999947617277,0.3252926829268293,0.3302926829268293,1.380933165550232,0,0,0.0
rmsnorm,0,final,4,normalization_gain,1000,1000,1,1.1558912674188613,0.08470482749008253,1.1589907376227413,0.0,0.0,1.4948861598968506,0,0,0.0
rmsnorm,0,final,4,output,80000,1000,80,-0.027725256574153513,0.9956574264759065,0.9960433729254604,0.0,0.506175,4.330127239227295,0,0,0.0
rmsnorm,0,final,4,pre_activation,80000,1000,80,-0.027725256574153513,0.9956574264759065,0.9960433729254604,0.0,0.506175,4.330127239227295,0,0,0.0
rmsnorm,0,final,4,pre_quantization,82000,1000,82,0.00962881608600065,0.9760082599895982,0.9760557554090551,0.0,0.4915121951219512,4.242640018463135,0,0,0.0
rmsnorm,0,final,4,quantized_before_norm,82000,1000,82,0.014154468554549101,0.87167190580653,0.8717868204741627,0.3252926829268293,0.3302926829268293,1.290123462677002,0,0,0.0
rmsnorm,0,final,5,input,80000,1000,80,-0.017114754378795623,0.9998535275615578,0.9999999956973686,0.3145,0.349875,1.3968605995178223,0,0,0.0
rmsnorm,0,final,5,normalization_gain,1000,1000,1,1.1311238172650337,0.07821017293262675,1.1338244666324557,0.0,0.0,1.4402567148208618,0,0,0.0
rmsnorm,0,final,5,output,82000,1000,82,-0.03513288758359428,0.9803182044520478,0.9809475530170042,0.0,0.5113292682926829,3.963470935821533,0,0,0.0
rmsnorm,0,final,5,pre_activation,82000,1000,82,-0.03513288758359428,0.9803182044520478,0.9809475530170042,0.0,0.5113292682926829,3.963470935821533,0,0,0.0
rmsnorm,0,final,5,pre_quantization,80000,1000,80,-0.027725256574153513,0.9956574264759065,0.9960433729254604,0.0,0.506175,4.330127239227295,0,0,0.0
rmsnorm,0,final,5,quantized_before_norm,80000,1000,80,-0.015455309986323119,0.8901191116170731,0.8902532782712687,0.3145,0.349875,1.2674587965011597,0,0,0.0
rmsnorm,0,final,6,input,82000,1000,82,-0.02684733279739938,0.9996395394154269,0.9999999940205105,0.3209878048780488,0.3505731707317073,1.3498971462249756,0,0,0.0
rmsnorm,0,final,6,normalization_gain,1000,1000,1,1.1504862837195395,0.0869439011726036,1.1537668442878346,0.0,0.0,1.4632723331451416,0,0,0.0
rmsnorm,0,final,6,output,81000,1000,81,-0.014688300117633947,0.9670363606023433,0.9671479043493663,0.0,0.5073456790123457,4.379978656768799,0,0,0.0
rmsnorm,0,final,6,pre_activation,81000,1000,81,-0.014688300117633947,0.9670363606023433,0.9671479043493663,0.0,0.5073456790123457,4.379978656768799,0,0,0.0
rmsnorm,0,final,6,pre_quantization,82000,1000,82,-0.03513288758359428,0.9803182044520478,0.9809475530170042,0.0,0.5113292682926829,3.963470935821533,0,0,0.0
rmsnorm,0,final,6,quantized_before_norm,82000,1000,82,-0.023183957771557132,0.8761118676670189,0.8764185647080655,0.3209878048780488,0.3505731707317073,1.370036244392395,0,0,0.0
rmsnorm,0,final,7,input,81000,1000,81,-0.017398631427023147,0.9998486307721404,0.9999999984162287,0.3213086419753086,0.3465061728395062,1.4055638313293457,0,0,0.0
rmsnorm,0,final,7,normalization_gain,1000,1000,1,1.1687024666666985,0.09378815035652752,1.1724596678522141,0.0,0.0,1.543842077255249,0,0,0.0
rmsnorm,0,final,7,output,81000,1000,81,0.023041555942303796,1.0019536201650108,1.0022185242061799,1.2345679012345678e-05,0.49234567901234566,5.102341175079346,0,0,0.0
rmsnorm,0,final,7,pre_activation,81000,1000,81,0.023041555942303796,1.0019536201650108,1.0022185242061799,1.2345679012345678e-05,0.49234567901234566,5.102341175079346,0,0,0.0
rmsnorm,0,final,7,pre_quantization,81000,1000,81,-0.014688300117633947,0.9670363606023433,0.9671479043493663,0.0,0.5073456790123457,4.379978656768799,0,0,0.0
rmsnorm,0,final,7,quantized_before_norm,81000,1000,81,-0.015565807694270286,0.8636370925859386,0.8637773567647324,0.3213086419753086,0.3465061728395062,1.302889108657837,0,0,0.0
rmsnorm,0,final,8,input,81000,1000,81,0.01939698386339494,0.9998118555288075,0.9999999947194769,0.3127160493827161,0.33553086419753086,1.3724870681762695,0,0,0.0
rmsnorm,0,final,8,normalization_gain,1000,1000,1,1.127743016421795,0.08889225764201537,1.131240975458732,0.0,0.0,1.5139820575714111,0,0,0.0
rmsnorm,0,final,8,output,81000,1000,81,0.013958096565606823,1.036150219678965,1.0362442309612643,0.0,0.4945432098765432,4.58257532119751,0,0,0.0
rmsnorm,0,final,8,pre_activation,81000,1000,81,0.013958096565606823,1.036150219678965,1.0362442309612643,0.0,0.4945432098765432,4.58257532119751,0,0,0.0
rmsnorm,0,final,8,pre_quantization,81000,1000,81,0.023041555942303796,1.0019536201650108,1.0022185242061799,1.2345679012345678e-05,0.49234567901234566,5.102341175079346,0,0,0.0
rmsnorm,0,final,8,quantized_before_norm,81000,1000,81,0.01824844354685442,0.8946823311471135,0.8948684145497124,0.3127160493827161,0.33553086419753086,1.4102797508239746,0,0,0.0
rmsnorm,0,final,9,input,81000,1000,81,0.0122473729422063,0.9999249951814935,0.9999999970663476,0.3089876543209877,0.3403827160493827,1.3724870681762695,0,0,0.0
rmsnorm,0,final,9,normalization_gain,1000,1000,1,1.0910909686088561,0.08488607873486376,1.094388024488021,0.0,0.0,1.5147522687911987,0,0,0.0
rmsnorm,0,final,9,output,81000,1000,81,0.012179988748421853,1.0131622269273903,1.0132354367067806,1.2345679012345678e-05,0.49404938271604937,4.255248546600342,0,0,0.0
rmsnorm,0,final,9,pre_activation,81000,1000,81,0.012179988748421853,1.0131622269273903,1.0132354367067806,1.2345679012345678e-05,0.49404938271604937,4.255248546600342,0,0,0.0
rmsnorm,0,final,9,pre_quantization,81000,1000,81,0.013958096565606823,1.036150219678965,1.0362442309612643,0.0,0.4945432098765432,4.58257532119751,0,0,0.0
rmsnorm,0,final,9,quantized_before_norm,81000,1000,81,0.011655559894479351,0.9246100708221758,0.9246835324273072,0.3089876543209877,0.3403827160493827,1.4472980499267578,0,0,0.0
rmsnorm,0,final,10,input,81000,1000,81,0.010894737537996269,0.9999406455218656,0.9999999949363535,0.31244444444444447,0.3391604938271605,1.4055637121200562,0,0,0.0
rmsnorm,0,final,10,normalization_gain,1000,1000,1,1.1179284600019455,0.09119200913991671,1.1216416647990999,0.0,0.0,1.4589096307754517,0,0,0.0
rmsnorm,0,final,10,output,81000,1000,81,0.012349087588088038,0.9993948212740665,0.9994711145169137,1.2345679012345678e-05,0.4943827160493827,4.091585159301758,0,0,0.0
rmsnorm,0,final,10,pre_activation,81000,1000,81,0.012349087588088038,0.9993948212740665,0.9994711145169137,1.2345679012345678e-05,0.4943827160493827,4.091585159301758,0,0,0.0
rmsnorm,0,final,10,pre_quantization,81000,1000,81,0.012179988748421853,1.0131622269273903,1.0132354367067806,1.2345679012345678e-05,0.49404938271604937,4.255248546600342,0,0,0.0
rmsnorm,0,final,10,quantized_before_norm,81000,1000,81,0.009886873946513658,0.9032706746259811,0.9033247820776916,0.31244444444444447,0.3391604938271605,1.431556224822998,0,0,0.0
rmsnorm,0,final,11,input,81000,1000,81,0.01193947986467385,0.9999287175110774,0.9999999956413934,0.31733333333333336,0.33628395061728394,1.341640830039978,0,0,0.0
rmsnorm,0,final,11,normalization_gain,1000,1000,1,1.133306154191494,0.09629741266059871,1.1373900082264834,0.0,0.0,1.489039659500122,0,0,0.0
rmsnorm,0,final,11,output,82000,1000,82,-0.038502759846058617,0.9915918163366465,0.9923390513033199,0.0,0.5157926829268292,4.255248546600342,0,0,0.0
rmsnorm,0,final,11,pre_activation,82000,1000,82,-0.038502759846058617,0.9915918163366465,0.9923390513033199,0.0,0.5157926829268292,4.255248546600342,0,0,0.0
rmsnorm,0,final,11,pre_quantization,81000,1000,81,0.012349087588088038,0.9993948212740665,0.9994711145169137,1.2345679012345678e-05,0.4943827160493827,4.091585159301758,0,0,0.0
rmsnorm,0,final,11,quantized_before_norm,81000,1000,81,0.011145680065508243,0.8915838682219223,0.8916535315119257,0.31733333333333336,0.33628395061728394,1.3927348852157593,0,0,0.0
rmsnorm,0,final,12,input,82000,1000,82,-0.03280478788003689,0.999461775242539,0.9999999971394108,0.31921951219512196,0.3539390243902439,1.3651506900787354,0,0,0.0
rmsnorm,0,final,12,normalization_gain,1000,1000,1,1.1422302469611167,0.08968272681097046,1.1457455775874088,0.0,0.0,1.4657094478607178,0,0,0.0
rmsnorm,0,final,12,output,81000,1000,81,0.006516137755738802,1.0044427079079739,1.0044638438095994,0.0,0.49533333333333335,4.255248546600342,0,0,0.0
rmsnorm,0,final,12,pre_activation,81000,1000,81,0.006516137755738802,1.0044427079079739,1.0044638438095994,0.0,0.49533333333333335,4.255248546600342,0,0,0.0
rmsnorm,0,final,12,pre_quantization,82000,1000,82,-0.038502759846058617,0.9915918163366465,0.9923390513033199,0.0,0.5157926829268292,4.255248546600342,0,0,0.0
rmsnorm,0,final,12,quantized_before_norm,82000,1000,82,-0.029202270675723146,0.8830251992887553,0.8835079372544223,0.31921951219512196,0.3539390243902439,1.4093239307403564,0,0,0.0
rmsnorm,0,final,13,input,81000,1000,81,0.0096974280204302,0.999952970042278,0.9999999912032921,0.31344444444444447,0.3392345679012346,1.3568010330200195,0,0,0.0
rmsnorm,0,final,13,normalization_gain,1000,1000,1,1.1266421884298325,0.09091773094630057,1.1303046733294464,0.0,0.0,1.588262677192688,0,0,0.0
rmsnorm,0,final,13,output,82000,1000,82,0.000632660519673001,1.0134020134363184,1.013402210919296,1.2195121951219513e-05,0.49708536585365853,4.5,0,0,0.0
rmsnorm,0,final,13,pre_activation,82000,1000,82,0.000632660519673001,1.0134020134363184,1.013402210919296,1.2195121951219513e-05,0.49708536585365853,4.5,0,0,0.0
rmsnorm,0,final,13,pre_quantization,81000,1000,81,0.006516137755738802,1.0044427079079739,1.0044638438095994,0.0,0.49533333333333335,4.255248546600342,0,0,0.0
rmsnorm,0,final,13,quantized_before_norm,81000,1000,81,0.008306875635076452,0.8959239514860375,0.8959624607254326,0.31344444444444447,0.3392345679012346,1.3900151252746582,0,0,0.0
rmsnorm,0,final,14,input,82000,1000,82,0.002523297017667352,0.9999968119725613,0.9999999954915627,0.31226829268292683,0.3428536585365854,1.4317820072174072,0,0,0.0
rmsnorm,0,final,14,normalization_gain,1000,1000,1,1.1169741545319558,0.08925420856911798,1.1205345044395898,0.0,0.0,1.5922105312347412,0,0,0.0
rmsnorm,0,final,14,output,80000,1000,80,-0.023184290434600508,0.9856111784160695,0.9858838199005342,0.0,0.508375,4.115965366363525,0,0,0.0
rmsnorm,0,final,14,pre_activation,80000,1000,80,-0.023184290434600508,0.9856111784160695,0.9858838199005342,0.0,0.508375,4.115965366363525,0,0,0.0
rmsnorm,0,final,14,pre_quantization,82000,1000,82,0.000632660519673001,1.0134020134363184,1.013402210919296,1.2195121951219513e-05,0.49708536585365853,4.5,0,0,0.0
rmsnorm,0,final,14,quantized_before_norm,82000,1000,82,0.0023130881219375426,0.9035641996085437,0.9035671603101167,0.31226829268292683,0.3428536585365854,1.4954935312271118,0,0,0.0
rmsnorm,0,final,15,input,80000,1000,80,-0.02122339040338993,0.9997747538462457,0.9999999953642679,0.3175625,0.35005,1.3968605995178223,0,0,0.0
rmsnorm,0,final,15,normalization_gain,1000,1000,1,1.1466005438566207,0.08864116590085916,1.1500217665177308,0.0,0.0,1.5306565761566162,0,0,0.0
rmsnorm,0,final,15,output,10000,1000,10,-0.05194721366614103,0.9438606463528828,0.9452890736390416,0.0395,0.5018,3.927921772003174,0,0,0.0
rmsnorm,0,final,15,pre_activation,10000,1000,10,-0.05194721366614103,0.9438606463528828,0.9452890736390416,0.0395,0.5018,3.927921772003174,0,0,0.0
rmsnorm,0,final,15,pre_quantization,80000,1000,80,-0.023184290434600508,0.9856111784160695,0.9858838199005342,0.0,0.508375,4.115965366363525,0,0,0.0
rmsnorm,0,final,15,quantized_before_norm,80000,1000,80,-0.018690303894132374,0.8795327890921107,0.8797313536232538,0.3175625,0.35005,1.2844150066375732,0,0,0.0
lloyd,2,initial,0,input,90000,1000,90,0.07408712807794413,0.6607627774775384,0.664903264126947,0.4970888888888889,0.3023888888888889,2.484405755996704,0,0,0.0
lloyd,2,initial,0,lloyd_beta,1000,1000,1,1.181869717091322,0.5659814702332936,1.3104011037941634,0.0,0.0,2.484405755996704,0,0,0.0
lloyd,2,initial,0,lloyd_iterations,1000,1000,1,2.314,0.7206968849662109,2.4236336356801123,0.0,0.0,5.0,0,0,0.0
lloyd,2,initial,0,lloyd_threshold,1000,1000,1,0.5908626827448606,0.28292391312782833,0.6551065947462419,0.0,0.0,1.242202877998352,0,0,0.0
lloyd,2,initial,0,lloyd_threshold_sigma,1000,1000,1,0.7600002300143242,0.2643202873465675,0.804652449151059,0.0,0.0,1.4049358367919922,0,0,0.0
lloyd,2,initial,0,lloyd_unconverged,1000,1000,1,0.001,0.03160696125855822,0.03162277660168379,0.999,0.0,1.0,0,0,0.0
lloyd,2,initial,0,output,79000,1000,79,-0.0036408518920405214,0.6850257178941429,0.6850353932308064,0.0,0.4971518987341772,3.6220932006835938,0,0,0.0
lloyd,2,initial,0,pre_activation,79000,1000,79,-0.0036408518920405214,0.6850257178941429,0.6850353932308064,0.0,0.4971518987341772,3.6220932006835938,0,0,0.0
lloyd,2,initial,0,pre_quantization,90000,1000,90,0.018114338403025208,0.7685564910431445,0.7687699325418043,0.0,0.7199444444444445,2.821486711502075,0,0,0.0
lloyd,2,initial,1,input,79000,1000,79,-0.0028095631312720385,0.6169321385417329,0.6169385360071653,0.46462025316455696,0.26567088607594935,1.7385680675506592,0,0,0.0
lloyd,2,initial,1,lloyd_beta,1000,1000,1,0.8207964950799942,0.21757364201866755,0.8491437899654394,0.0,0.0,1.7385680675506592,0,0,0.0
lloyd,2,initial,1,lloyd_iterations,1000,1000,1,1.013,0.12178259317324475,1.0202940752547767,0.0,0.0,3.0,0,0,0.0
lloyd,2,initial,1,lloyd_threshold,1000,1000,1,0.4103982475399971,0.10878682100933378,0.4245718949827197,0.0,0.0,0.8692840337753296,0,0,0.0
lloyd,2,initial,1,lloyd_threshold_sigma,1000,1000,1,0.6220246603488923,0.03674769553753366,0.623109196858363,0.0,0.0,0.7520845532417297,0,0,0.0
lloyd,2,initial,1,lloyd_unconverged,1000,1000,1,0.0,0.0,0.0,1.0,0.0,0.0,0,1,1.0
lloyd,2,initial,1,output,82000,1000,82,-0.005059215796947236,0.6457636722506978,0.6457834900825404,0.0,0.49697560975609756,4.69746208190918,0,0,0.0
lloyd,2,initial,1,pre_activation,82000,1000,82,-0.005059215796947236,0.6457636722506978,0.6457834900825404,0.0,0.49697560975609756,4.69746208190918,0,0,0.0
lloyd,2,initial,1,pre_quantization,79000,1000,79,-0.0036408518920405214,0.6850257178941429,0.6850353932308064,0.0,0.4971518987341772,3.6220932006835938,0,0,0.0
lloyd,2,initial,2,input,82000,1000,82,-0.00014113325135010045,0.5805915249171053,0.5805915420708128,0.46076829268292685,0.27220731707317075,1.7356256246566772,0,0,0.0
lloyd,2,initial,2,lloyd_beta,1000,1000,1,0.7641116908788681,0.2118689619182715,0.7929408131519583,0.0,0.0,1.7356256246566772,0,0,0.0
lloyd,2,initial,2,lloyd_iterations,1000,1000,1,1.017,0.14391316826475659,1.0271319292087069,0.0,0.0,3.0,0,0,0.0
lloyd,2,initial,2,lloyd_threshold,1000,1000,1,0.38205584543943405,0.10593448095913575,0.39647040657597915,0.0,0.0,0.8678128123283386,0,0,0.0
lloyd,2,initial,2,lloyd_threshold_sigma,1000,1000,1,0.617218091070652,0.03299560670787423,0.6180994111038453,0.0,0.0,0.7415710687637329,0,0,0.0
lloyd,2,initial,2,lloyd_unconverged,1000,1000,1,0.0,0.0,0.0,1.0,0.0,0.0,0,1,1.0
lloyd,2,initial,2,output,80000,1000,80,0.03081029126521993,0.5532023418321028,0.554059658391017,0.0,0.476125,3.2864177227020264,0,0,0.0
lloyd,2,initial,2,pre_activation,80000,1000,80,0.03081029126521993,0.5532023418321028,0.554059658391017,0.0,0.476125,3.2864177227020264,0,0,0.0
lloyd,2,initial,2,pre_quantization,82000,1000,82,-0.005059215796947236,0.6457636722506978,0.6457834900825404,0.0,0.49697560975609756,4.69746208190918,0,0,0.0
lloyd,2,initial,3,input,80000,1000,80,0.02534508691430092,0.5013572263500339,0.5019974520294824,0.442275,0.2597625,1.5493112802505493,0,0,0.0
lloyd,2,initial,3,lloyd_beta,1000,1000,1,0.647801357716322,0.19927429171063069,0.6777586903875772,0.0,0.0,1.5493112802505493,0,0,0.0
lloyd,2,initial,3,lloyd_iterations,1000,1000,1,1.013,0.12973434394947253,1.0212737145349429,0.0,0.0,3.0,0,0,0.0
lloyd,2,initial,3,lloyd_threshold,1000,1000,1,0.323900678858161,0.09963714585531534,0.3388793451937886,0.0,0.0,0.7746556401252747,0,0,0.0
lloyd,2,initial,3,lloyd_threshold_sigma,1000,1000,1,0.6114779962897301,0.03303664974107667,0.6123697903821005,0.0,0.0,0.7618813514709473,0,0,0.0
lloyd,2,initial,3,lloyd_unconverged,1000,1000,1,0.0,0.0,0.0,1.0,0.0,0.0,0,1,1.0
lloyd,2,initial,3,output,82000,1000,82,0.020618440195820587,0.49879816308700886,0.499224125593989,0.0,0.4786951219512195,3.0327913761138916,0,0,0.0
lloyd,2,initial,3,pre_activation,82000,1000,82,0.020618440195820587,0.49879816308700886,0.499224125593989,0.0,0.4786951219512195,3.0327913761138916,0,0,0.0
lloyd,2,initial,3,pre_quantization,80000,1000,80,0.03081029126521993,0.5532023418321028,0.554059658391017,0.0,0.476125,3.2864177227020264,0,0,0.0
lloyd,2,initial,4,input,82000,1000,82,0.02118106650179479,0.4504708509513952,0.45096854118112,0.45190243902439026,0.2559878048780488,1.4306403398513794,0,0,0.0
lloyd,2,initial,4,lloyd_beta,1000,1000,1,0.5880419293642044,0.17120933613116204,0.6124589353326876,0.0,0.0,1.4306403398513794,0,0,0.0
lloyd,2,initial,4,lloyd_iterations,1000,1000,1,1.017,0.1367881573821365,1.0261578825892241,0.0,0.0,3.0,0,0,0.0
lloyd,2,initial,4,lloyd_threshold,1000,1000,1,0.2940209646821022,0.08560466806558102,0.3062294676663438,0.0,0.0,0.7153201699256897,0,0,0.0
lloyd,2,initial,4,lloyd_threshold_sigma,1000,1000,1,0.6154163852930069,0.03147824390703035,0.616220907732431,0.0,0.0,0.7387240529060364,0,0,0.0
lloyd,2,initial,4,lloyd_unconverged,1000,1000,1,0.0,0.0,0.0,1.0,0.0,0.0,0,1,1.0
lloyd,2,initial,4,output,80000,1000,80,0.012149055236027308,0.46224601591191306,0.4624056430987457,0.0,0.492525,2.8416364192962646,0,0,0.0
lloyd,2,initial,4,pre_activation,80000,1000,80,0.012149055236027308,0.46224601591191306,0.4624056430987457,0.0,0.492525,2.8416364192962646,0,0,0.0
lloyd,2,initial,4,pre_quantization,82000,1000,82,0.020618440195820587,0.49879816308700886,0.499224125593989,0.0,0.4786951219512195,3.0327913761138916,0,0,0.0
lloyd,2,initial,5,input,80000,1000,80,0.009624963930994272,0.41846650725547513,0.4185771823992196,0.451175,0.268375,1.3061559200286865,0,0,0.0
lloyd,2,initial,5,lloyd_beta,1000,1000,1,0.5433363421410322,0.1607594819911521,0.5666197946959323,0.0,0.0,1.3061559200286865,0,0,0.0
lloyd,2,initial,5,lloyd_iterations,1000,1000,1,1.015,0.13702189606044798,1.0242070103255494,0.0,0.0,3.0,0,0,0.0
lloyd,2,initial,5,lloyd_threshold,1000,1000,1,0.2716681710705161,0.08037974099557604,0.28330989734796613,0.0,0.0,0.6530779600143433,0,0,0.0
lloyd,2,initial,5,lloyd_threshold_sigma,1000,1000,1,0.6167705824971199,0.030336186478183876,0.6175161824955486,0.0,0.0,0.715579092502594,0,0,0.0
lloyd,2,initial,5,lloyd_unconverged,1000,1000,1,0.0,0.0,0.0,1.0,0.0,0.0,0,1,1.0
lloyd,2,initial,5,output,82000,1000,82,0.022607524004603387,0.41294106792736335,0.4135594585094265,0.0,0.4812682926829268,3.040497303009033,0,0,0.0
lloyd,2,initial,5,pre_activation,82000,1000,82,0.022607524004603387,0.41294106792736335,0.4135594585094265,0.0,0.4812682926829268,3.040497303009033,0,0,0.0
lloyd,2,initial,5,pre_quantization,80000,1000,80,0.012149055236027308,0.46224601591191306,0.4624056430987457,0.0,0.492525,2.8416364192962646,0,0,0.0
lloyd,2,initial,6,input,82000,1000,82,0.017041710377284667,0.3733600540791484,0.3737487790944177,0.44864634146341464,0.26009756097560977,1.0866947174072266,0,0,0.0
lloyd,2,initial,6,lloyd_beta,1000,1000,1,0.48458130994439125,0.14108252148347888,0.5047012223242168,0.0,0.0,1.0866947174072266,0,0,0.0
lloyd,2,initial,6,lloyd_iterations,1000,1000,1,1.024,0.16560193235587595,1.0373041983911953,0.0,0.0,3.0,0,0,0.0
lloyd,2,initial,6,lloyd_threshold,1000,1000,1,0.24229065497219562,0.07054126074173944,0.2523506111621084,0.0,0.0,0.5433473587036133,0,0,0.0
lloyd,2,initial,6,lloyd_threshold_sigma,1000,1000,1,0.6146846121549606,0.03396059642573799,0.6156220386971913,0.0,0.0,0.7504105567932129,0,0,0.0
lloyd,2,initial,6,lloyd_unconverged,1000,1000,1,0.0,0.0,0.0,1.0,0.0,0.0,0,1,1.0
lloyd,2,initial,6,output,81000,1000,81,0.007679781995854245,0.36732976581099797,0.3674100378354767,0.0,0.48958024691358026,3.36494779586792,0,0,0.0
lloyd,2,initial,6,pre_activation,81000,1000,81,0.007679781995854245,0.36732976581099797,0.3674100378354767,0.0,0.48958024691358026,3.36494779586792,0,0,0.0
lloyd,2,initial,6,pre_quantization,82000,1000,82,0.022607524004603387,0.41294106792736335,0.4135594585094265,0.0,0.4812682926829268,3.040497303009033,0,0,0.0
lloyd,2,initial,7,input,81000,1000,81,0.006637442863649792,0.33175760350485795,0.3318239942063484,0.4521604938271605,0.2651728395061728,0.9798396229743958,0,0,0.0
lloyd,2,initial,7,lloyd_beta,1000,1000,1,0.4314200897961855,0.1308249404917537,0.45081976324737544,0.0,0.0,0.9798396229743958,0,0,0.0
lloyd,2,initial,7,lloyd_iterations,1000,1000,1,1.02,0.1469693845669909,1.0305338422390602,0.0,0.0,3.0,0,0,0.0
lloyd,2,initial,7,lloyd_threshold,1000,1000,1,0.21571004489809276,0.06541247024587685,0.22540988162368772,0.0,0.0,0.4899198114871979,0,0,0.0
lloyd,2,initial,7,lloyd_threshold_sigma,1000,1000,1,0.6153392837047577,0.03271981932592724,0.6162085853402284,0.0,0.0,0.7247635126113892,0,0,0.0
lloyd,2,initial,7,lloyd_unconverged,1000,1000,1,0.0,0.0,0.0,1.0,0.0,0.0,0,1,1.0
lloyd,2,initial,7,output,81000,1000,81,-0.0026898998959999513,0.32952415461090345,0.3295351332308607,0.0,0.5032469135802469,2.266768217086792,0,0,0.0
lloyd,2,initial,7,pre_activation,81000,1000,81,-0.0026898998959999513,0.32952415461090345,0.3295351332308607,0.0,0.5032469135802469,2.266768217086792,0,0,0.0
lloyd,2,initial,7,pre_quantization,81000,1000,81,0.007679781995854245,0.36732976581099797,0.3674100378354767,0.0,0.48958024691358026,3.36494779586792,0,0,0.0
lloyd,2,initial,8,input,81000,1000,81,-0.0015346841044999934,0.2978404760998972,0.2978444299608674,0.45224691358024693,0.2764691358024691,1.1176315546035767,0,0,0.0
lloyd,2,initial,8,lloyd_beta,1000,1000,1,0.3869350612014532,0.12069088706717031,0.4053208997917981,0.0,0.0,1.1176315546035767,0,0,0.0
lloyd,2,initial,8,lloyd_iterations,1000,1000,1,1.026,0.18254862365956126,1.0421132376090423,0.0,0.0,3.0,0,0,0.0
lloyd,2,initial,8,lloyd_threshold,1000,1000,1,0.1934675306007266,0.060345443533585154,0.20266044989589904,0.0,0.0,0.5588157773017883,0,0,0.0
lloyd,2,initial,8,lloyd_threshold_sigma,1000,1000,1,0.6156409490704536,0.03346310510101067,0.6165497202783975,0.0,0.0,0.7359452247619629,0,0,0.0
lloyd,2,initial,8,lloyd_unconverged,1000,1000,1,0.0,0.0,0.0,1.0,0.0,0.0,0,1,1.0
lloyd,2,initial,8,output,81000,1000,81,0.010555850821822938,0.29966662611094214,0.299852485051046,0.0,0.4895555555555556,2.061838150024414,0,0,0.0
lloyd,2,initial,8,pre_activation,81000,1000,81,0.010555850821822938,0.29966662611094214,0.299852485051046,0.0,0.4895555555555556,2.061838150024414,0,0,0.0
lloyd,2,initial,8,pre_quantization,81000,1000,81,-0.0026898998959999513,0.32952415461090345,0.3295351332308607,0.0,0.5032469135802469,2.266768217086792,0,0,0.0
lloyd,2,initial,9,input,81000,1000,81,0.007872141681703521,0.27126568334796525,0.27137988425249093,0.4494814814814815,0.26550617283950617,0.8786646723747253,0,0,0.0
lloyd,2,initial,9,lloyd_beta,1000,1000,1,0.34972616568207743,0.11400682344624966,0.36783956659798334,0.0,0.0,0.8786646723747253,0,0,0.0
lloyd,2,initial,9,lloyd_iterations,1000,1000,1,1.014,0.11749042514179582,1.0207840124139875,0.0,0.0,2.0,0,0,0.0
lloyd,2,initial,9,lloyd_threshold,1000,1000,1,0.17486308284103871,0.05700341172312483,0.18391978329899167,0.0,0.0,0.43933233618736267,0,0,0.0
lloyd,2,initial,9,lloyd_threshold_sigma,1000,1000,1,0.6150087987184525,0.03325424595495759,0.6159071905532089,0.0,0.0,0.7436068654060364,0,0,0.0
lloyd,2,initial,9,lloyd_unconverged,1000,1000,1,0.0,0.0,0.0,1.0,0.0,0.0,0,1,1.0
lloyd,2,initial,9,output,81000,1000,81,-0.0020950791118196973,0.27586314197219125,0.2758710975351607,0.0,0.5026049382716049,1.962524652481079,0,0,0.0
lloyd,2,initial,9,pre_activation,81000,1000,81,-0.0020950791118196973,0.27586314197219125,0.2758710975351607,0.0,0.5026049382716049,1.962524652481079,0,0,0.0
lloyd,2,initial,9,pre_quantization,81000,1000,81,0.010555850821822938,0.29966662611094214,0.299852485051046,0.0,0.4895555555555556,2.061838150024414,0,0,0.0
lloyd,2,initial,10,input,81000,1000,81,-0.0013839514121229265,0.24971448750111802,0.24971832249448006,0.44693827160493826,0.27853086419753087,0.8503335118293762,0,0,0.0
lloyd,2,initial,10,lloyd_beta,1000,1000,1,0.3206114327758551,0.10663211330173263,0.3378788220853449,0.0,0.0,0.8503335118293762,0,0,0.0
lloyd,2,initial,10,lloyd_iterations,1000,1000,1,1.018,0.15387007506334696,1.0295630140987,0.0,0.0,3.0,0,0,0.0
lloyd,2,initial,10,lloyd_threshold,1000,1000,1,0.16030571638792754,0.05331605665086631,0.16893941104267246,0.0,0.0,0.4251667559146881,0,0,0.0
lloyd,2,initial,10,lloyd_threshold_sigma,1000,1000,1,0.6133987277150154,0.03189699500403182,0.6142274964967677,0.0,0.0,0.732485830783844,0,0,0.0
lloyd,2,initial,10,lloyd_unconverged,1000,1000,1,0.0,0.0,0.0,1.0,0.0,0.0,0,1,1.0
lloyd,2,initial,10,output,81000,1000,81,-0.004671829763228418,0.2481974885808059,0.2482414536920775,0.0,0.506679012345679,1.7369108200073242,0,0,0.0
lloyd,2,initial,10,pre_activation,81000,1000,81,-0.004671829763228418,0.2481974885808059,0.2482414536920775,0.0,0.506679012345679,1.7369108200073242,0,0,0.0
lloyd,2,initial,10,pre_quantization,81000,1000,81,-0.0020950791118196973,0.27586314197219125,0.2758710975351607,0.0,0.5026049382716049,1.962524652481079,0,0,0.0
lloyd,2,initial,11,input,81000,1000,81,-0.002920781678531641,0.22440366243324583,0.22442266970844943,0.4493086419753086,0.2801111111111111,0.7155014872550964,0,0,0.0
lloyd,2,initial,11,lloyd_beta,1000,1000,1,0.2878662317469716,0.09812894349518336,0.30413197288624894,0.0,0.0,0.7155014872550964,0,0,0.0
lloyd,2,initial,11,lloyd_iterations,1000,1000,1,1.013,0.11327400407860595,1.0193134944657605,0.0,0.0,2.0,0,0,0.0
lloyd,2,initial,11,lloyd_threshold,1000,1000,1,0.1439331158734858,0.04906447174759168,0.15206598644312447,0.0,0.0,0.3577507436275482,0,0,0.0
lloyd,2,initial,11,lloyd_threshold_sigma,1000,1000,1,0.6149106730818749,0.03175985984300109,0.6157303180510535,0.0,0.0,0.7314005494117737,0,0,0.0
lloyd,2,initial,11,lloyd_unconverged,1000,1000,1,0.0,0.0,0.0,1.0,0.0,0.0,0,1,1.0
lloyd,2,initial,11,output,82000,1000,82,0.007838487060474374,0.22349709145330765,0.2236345048678432,0.0,0.4853048780487805,1.735185980796814,0,0,0.0
lloyd,2,initial,11,pre_activation,82000,1000,82,0.007838487060474374,0.22349709145330765,0.2236345048678432,0.0,0.4853048780487805,1.735185980796814,0,0,0.0
lloyd,2,initial,11,pre_quantization,81000,1000,81,-0.004671829763228418,0.2481974885808059,0.2482414536920775,0.0,0.506679012345679,1.7369108200073242,0,0,0.0
lloyd,2,initial,12,input,82000,1000,82,0.006360999687688379,0.2016335752742684,0.2017338865805912,0.4527439024390244,0.26147560975609757,0.7236170172691345,0,0,0.0
lloyd,2,initial,12,lloyd_beta,1000,1000,1,0.25893402517586944,0.09168564305244564,0.27468725222645163,0.0,0.0,0.7236170172691345,0,0,0.0
lloyd,2,initial,12,lloyd_iterations,1000,1000,1,1.021,0.15671311368229596,1.0329569206893383,0.0,0.0,3.0,0,0,0.0
lloyd,2,initial,12,lloyd_threshold,1000,1000,1,0.12946701258793472,0.04584282152622282,0.13734362611322581,0.0,0.0,0.36180850863456726,0,0,0.0
lloyd,2,initial,12,lloyd_threshold_sigma,1000,1000,1,0.6177868546247482,0.03326971632181447,0.6186820441642652,0.0,0.0,0.7325128316879272,0,0,0.0
lloyd,2,initial,12,lloyd_unconverged,1000,1000,1,0.0,0.0,0.0,1.0,0.0,0.0,0,1,1.0
lloyd,2,initial,12,output,81000,1000,81,0.0042877301770093655,0.19528858140193917,0.19533564614798973,0.0,0.49230864197530866,1.391039490699768,0,0,0.0
lloyd,2,initial,12,pre_activation,81000,1000,81,0.0042877301770093655,0.19528858140193917,0.19533564614798973,0.0,0.49230864197530866,1.391039490699768,0,0,0.0
lloyd,2,initial,12,pre_quantization,82000,1000,82,0.007838487060474374,0.22349709145330765,0.2236345048678432,0.0,0.4853048780487805,1.735185980796814,0,0,0.0
lloyd,2,initial,13,input,81000,1000,81,0.00288326007468097,0.17657216594310898,0.17659570485858103,0.44379012345679014,0.2709012345679012,0.6718610525131226,0,0,0.0
lloyd,2,initial,13,lloyd_beta,1000,1000,1,0.22454308024793862,0.08032477644546308,0.23847780734954316,0.0,0.0,0.6718610525131226,0,0,0.0
lloyd,2,initial,13,lloyd_iterations,1000,1000,1,1.011,0.1134856819162668,1.0173494974687902,0.0,0.0,3.0,0,0,0.0
lloyd,2,initial,13,lloyd_threshold,1000,1000,1,0.11227154012396931,0.04016238822273154,0.11923890367477158,0.0,0.0,0.3359305262565613,0,0,0.0
lloyd,2,initial,13,lloyd_threshold_sigma,1000,1000,1,0.6118462694883346,0.03269338941268055,0.6127191160703908,0.0,0.0,0.7623631954193115,0,0,0.0
lloyd,2,initial,13,lloyd_unconverged,1000,1000,1,0.0,0.0,0.0,1.0,0.0,0.0,0,1,1.0
lloyd,2,initial,13,output,82000,1000,82,-0.0024603286067503023,0.17905191246161395,0.17906881518850418,0.0,0.5023658536585366,1.7934772968292236,0,0,0.0
lloyd,2,initial,13,pre_activation,82000,1000,82,-0.0024603286067503023,0.17905191246161395,0.17906881518850418,0.0,0.5023658536585366,1.7934772968292236,0,0,0.0
lloyd,2,initial,13,pre_quantization,81000,1000,81,0.0042877301770093655,0.19528858140193917,0.19533564614798973,0.0,0.49230864197530866,1.391039490699768,0,0,0.0
lloyd,2,initial,14,input,82000,1000,82,-0.002167977704325827,0.16168748042492634,0.16170201437671516,0.45128048780487806,0.2785975609756098,0.6997430920600891,0,0,0.0
lloyd,2,initial,14,lloyd_beta,1000,1000,1,0.20567735569179058,0.07569347434929115,0.21916358434610922,0.0,0.0,0.6997430920600891,0,0,0.0
lloyd,2,initial,14,lloyd_iterations,1000,1000,1,1.017,0.1507016920940178,1.02810505299799,0.0,0.0,3.0,0,0,0.0
lloyd,2,initial,14,lloyd_threshold,1000,1000,1,0.10283867784589529,0.037846737174645574,0.10958179217305461,0.0,0.0,0.34987154603004456,0,0,0.0
lloyd,2,initial,14,lloyd_threshold_sigma,1000,1000,1,0.6155022107362748,0.03155692794728797,0.6163106449857181,0.0,0.0,0.7344654202461243,0,0,0.0
lloyd,2,initial,14,lloyd_unconverged,1000,1000,1,0.0,0.0,0.0,1.0,0.0,0.0,0,1,1.0
lloyd,2,initial,14,output,80000,1000,80,-0.00014761176250897165,0.1649018858665049,0.16490195193375437,0.0,0.50045,1.5271732807159424,0,0,0.0
lloyd,2,initial,14,pre_activation,80000,1000,80,-0.00014761176250897165,0.1649018858665049,0.16490195193375437,0.0,0.50045,1.5271732807159424,0,0,0.0
lloyd,2,initial,14,pre_quantization,82000,1000,82,-0.0024603286067503023,0.17905191246161395,0.17906881518850418,0.0,0.5023658536585366,1.7934772968292236,0,0,0.0
lloyd,2,initial,15,input,80000,1000,80,-5.9038158180192116e-05,0.14891225300396468,0.14891226470717886,0.4505,0.2747125,0.6302200555801392,0,0,0.0
lloyd,2,initial,15,lloyd_beta,1000,1000,1,0.18893395525962114,0.07111838463719392,0.20187586305313565,0.0,0.0,0.6302200555801392,0,0,0.0
lloyd,2,initial,15,lloyd_iterations,1000,1000,1,1.02,0.1400000000000002,1.0295630140987,0.0,0.0,2.0,0,0,0.0
lloyd,2,initial,15,lloyd_threshold,1000,1000,1,0.09446697762981057,0.03555919231859696,0.10093793152656783,0.0,0.0,0.3151100277900696,0,0,0.0
lloyd,2,initial,15,lloyd_threshold_sigma,1000,1000,1,0.6157109964489936,0.03225437223674188,0.6165552494923703,0.0,0.0,0.7876092195510864,0,0,0.0
lloyd,2,initial,15,lloyd_unconverged,1000,1000,1,0.0,0.0,0.0,1.0,0.0,0.0,0,1,1.0
lloyd,2,initial,15,output,10000,1000,10,-0.008460350158251822,0.14143290061735658,0.14168571876459285,0.0492,0.4947,1.2081501483917236,0,0,0.0
lloyd,2,initial,15,pre_activation,10000,1000,10,-0.008460350158251822,0.14143290061735658,0.14168571876459285,0.0492,0.4947,1.2081501483917236,0,0,0.0
lloyd,2,initial,15,pre_quantization,80000,1000,80,-0.00014761176250897165,0.1649018858665049,0.16490195193375437,0.0,0.50045,1.5271732807159424,0,0,0.0
lloyd,2,final,0,input,90000,1000,90,0.07408712807794413,0.6607627774775384,0.664903264126947,0.4970888888888889,0.3023888888888889,2.484405755996704,0,0,0.0
lloyd,2,final,0,lloyd_beta,1000,1000,1,1.181869717091322,0.5659814702332936,1.3104011037941634,0.0,0.0,2.484405755996704,0,0,0.0
lloyd,2,final,0,lloyd_iterations,1000,1000,1,2.314,0.7206968849662109,2.4236336356801123,0.0,0.0,5.0,0,0,0.0
lloyd,2,final,0,lloyd_threshold,1000,1000,1,0.5908626827448606,0.28292391312782833,0.6551065947462419,0.0,0.0,1.242202877998352,0,0,0.0
lloyd,2,final,0,lloyd_threshold_sigma,1000,1000,1,0.7600002300143242,0.2643202873465675,0.804652449151059,0.0,0.0,1.4049358367919922,0,0,0.0
lloyd,2,final,0,lloyd_unconverged,1000,1000,1,0.001,0.03160696125855822,0.03162277660168379,0.999,0.0,1.0,0,0,0.0
lloyd,2,final,0,output,79000,1000,79,0.00012827590893382161,0.6937418531000604,0.6937418649594492,0.0,0.4951012658227848,3.9007158279418945,0,0,0.0
lloyd,2,final,0,pre_activation,79000,1000,79,0.00012827590893382161,0.6937418531000604,0.6937418649594492,0.0,0.4951012658227848,3.9007158279418945,0,0,0.0
lloyd,2,final,0,pre_quantization,90000,1000,90,0.018114338403025208,0.7685564910431445,0.7687699325418043,0.0,0.7199444444444445,2.821486711502075,0,0,0.0
lloyd,2,final,1,input,79000,1000,79,-6.353964043568962e-05,0.6260432201399706,0.6260432233644172,0.4662911392405063,0.26346835443037975,1.7256473302841187,0,0,0.0
lloyd,2,final,1,lloyd_beta,1000,1000,1,0.8312251414954662,0.21981158798783856,0.8597978658195734,0.0,0.0,1.7256473302841187,0,0,0.0
lloyd,2,final,1,lloyd_iterations,1000,1000,1,1.02,0.1400000000000002,1.0295630140987,0.0,0.0,2.0,0,0,0.0
lloyd,2,final,1,lloyd_threshold,1000,1000,1,0.4156125707477331,0.10990579399391928,0.4298989329097867,0.0,0.0,0.8628236651420593,0,0,0.0
lloyd,2,final,1,lloyd_threshold_sigma,1000,1000,1,0.6224648037552833,0.036405239637169726,0.6235284864279603,0.0,0.0,0.7539133429527283,0,0,0.0
lloyd,2,final,1,lloyd_unconverged,1000,1000,1,0.0,0.0,0.0,1.0,0.0,0.0,0,1,1.0
lloyd,2,final,1,output,82000,1000,82,-0.007481664954546179,0.6258215962855581,0.6258663161473832,0.0,0.5044756097560975,3.875659227371216,0,0,0.0
lloyd,2,final,1,pre_activation,82000,1000,82,-0.007481664954546179,0.6258215962855581,0.6258663161473832,0.0,0.5044756097560975,3.875659227371216,0,0,0.0
lloyd,2,final,1,pre_quantization,79000,1000,79,0.00012827590893382161,0.6937418531000604,0.6937418649594492,0.0,0.4951012658227848,3.9007158279418945,0,0,0.0
lloyd,2,final,2,input,82000,1000,82,-0.007389651696856429,0.5642383318244385,0.5642867197198832,0.4550609756097561,0.27870731707317076,1.6479041576385498,0,0,0.0
lloyd,2,final,2,lloyd_beta,1000,1000,1,0.7402784683704376,0.2069469145848326,0.7686606768848417,0.0,0.0,1.6479041576385498,0,0,0.0
lloyd,2,final,2,lloyd_iterations,1000,1000,1,1.012,0.10888526071053001,1.0178408519999578,0.0,0.0,2.0,0,0,0.0
lloyd,2,final,2,lloyd_threshold,1000,1000,1,0.3701392341852188,0.1034734572924163,0.38433033844242087,0.0,0.0,0.8239520788192749,0,0,0.0
lloyd,2,final,2,lloyd_threshold_sigma,1000,1000,1,0.6157357433438301,0.03263939535718988,0.6166002236136977,0.0,0.0,0.7384718060493469,0,0,0.0
lloyd,2,final,2,lloyd_unconverged,1000,1000,1,0.0,0.0,0.0,1.0,0.0,0.0,0,1,1.0
lloyd,2,final,2,output,80000,1000,80,0.037962744794942056,0.560464097301161,0.5617483194064502,0.0,0.4754875,4.011837005615234,0,0,0.0
lloyd,2,final,2,pre_activation,80000,1000,80,0.037962744794942056,0.560464097301161,0.5617483194064502,0.0,0.4754875,4.011837005615234,0,0,0.0
lloyd,2,final,2,pre_quantization,82000,1000,82,-0.007481664954546179,0.6258215962855581,0.6258663161473832,0.0,0.5044756097560975,3.875659227371216,0,0,0.0
lloyd,2,final,3,input,80000,1000,80,0.03089192536994815,0.5084795426461257,0.5094170750403598,0.447025,0.2548875,1.5262420177459717,0,0,0.0
lloyd,2,final,3,lloyd_beta,1000,1000,1,0.6568196340203285,0.2090506943772316,0.6892852997519975,0.0,0.0,1.5262420177459717,0,0,0.0
lloyd,2,final,3,lloyd_iterations,1000,1000,1,1.014,0.1257139610385415,1.0217631819555841,0.0,0.0,3.0,0,0,0.0
lloyd,2,final,3,lloyd_threshold,1000,1000,1,0.32840981701016425,0.1045253471886158,0.34464264987599874,0.0,0.0,0.7631210088729858,0,0,0.0
lloyd,2,final,3,lloyd_threshold_sigma,1000,1000,1,0.6156281657814979,0.03198305064420709,0.6164583960268539,0.0,0.0,0.7343485951423645,0,0,0.0
lloyd,2,final,3,lloyd_unconverged,1000,1000,1,0.0,0.0,0.0,1.0,0.0,0.0,0,1,1.0
lloyd,2,final,3,output,82000,1000,82,0.04271557520899986,0.5170441719661725,0.5188056438875936,0.0,0.46339024390243905,3.5317137241363525,0,0,0.0
lloyd,2,final,3,pre_activation,82000,1000,82,0.04271557520899986,0.5170441719661725,0.5188056438875936,0.0,0.46339024390243905,3.5317137241363525,0,0,0.0
lloyd,2,final,3,pre_quantization,80000,1000,80,0.037962744794942056,0.560464097301161,0.5617483194064502,0.0,0.4754875,4.011837005615234,0,0,0.0
lloyd,2,final,4,input,82000,1000,82,0.035589483844797785,0.46788426241827125,0.4692358622047433,0.44595121951219513,0.24808536585365853,1.4178556203842163,0,0,0.0
lloyd,2,final,4,lloyd_beta,1000,1000,1,0.6068371013402939,0.1885040409293291,0.6354408241605006,0.0,0.0,1.4178556203842163,0,0,0.0
lloyd,2,final,4,lloyd_iterations,1000,1000,1,1.014,0.1257139610385415,1.0217631819555841,0.0,0.0,3.0,0,0,0.0
lloyd,2,final,4,lloyd_threshold,1000,1000,1,0.30341855067014695,0.09425202046466455,0.3177204120802503,0.0,0.0,0.7089278101921082,0,0,0.0
lloyd,2,final,4,lloyd_threshold_sigma,1000,1000,1,0.6157378749251365,0.032750788772135705,0.6166082587693098,0.0,0.0,0.7536336183547974,0,0,0.0
lloyd,2,final,4,lloyd_unconverged,1000,1000,1,0.0,0.0,0.0,1.0,0.0,0.0,0,1,1.0
lloyd,2,final,4,output,80000,1000,80,0.03919541558158842,0.5059947450637035,0.507510554210152,0.0,0.4801,3.4364840984344482,0,0,0.0
lloyd,2,final,4,pre_activation,80000,1000,80,0.03919541558158842,0.5059947450637035,0.507510554210152,0.0,0.4801,3.4364840984344482,0,0,0.0
lloyd,2,final,4,pre_quantization,82000,1000,82,0.04271557520899986,0.5170441719661725,0.5188056438875936,0.0,0.46339024390243905,3.5317137241363525,0,0,0.0
lloyd,2,final,5,input,80000,1000,80,0.030093395499512555,0.45792425862048164,0.4589120167154134,0.447425,0.2554375,1.5644066333770752,0,0,0.0
lloyd,2,final,5,lloyd_beta,1000,1000,1,0.5878608306646347,0.19155046361086212,0.6182814378090696,0.0,0.0,1.5644066333770752,0,0,0.0
lloyd,2,final,5,lloyd_iterations,1000,1000,1,1.016,0.1254750971308649,1.0237187113655781,0.0,0.0,2.0,0,0,0.0
lloyd,2,final,5,lloyd_threshold,1000,1000,1,0.29393041533231734,0.09577523180543106,0.3091407189045348,0.0,0.0,0.7822033166885376,0,0,0.0
lloyd,2,final,5,lloyd_threshold_sigma,1000,1000,1,0.6152306181788445,0.03096875365043271,0.6160095593798722,0.0,0.0,0.7309756278991699,0,0,0.0
lloyd,2,final,5,lloyd_unconverged,1000,1000,1,0.0,0.0,0.0,1.0,0.0,0.0,0,1,1.0
lloyd,2,final,5,output,82000,1000,82,0.025834901989408857,0.4510812776735412,0.451820496689113,0.0,0.47928048780487803,2.9781646728515625,0,0,0.0
lloyd,2,final,5,pre_activation,82000,1000,82,0.025834901989408857,0.4510812776735412,0.451820496689113,0.0,0.47928048780487803,2.9781646728515625,0,0,0.0
lloyd,2,final,5,pre_quantization,80000,1000,80,0.03919541558158842,0.5059947450637035,0.507510554210152,0.0,0.4801,3.4364840984344482,0,0,0.0
lloyd,2,final,6,input,82000,1000,82,0.021282029481377543,0.4064165238592529,0.4069733598709932,0.44853658536585367,0.25709756097560976,1.6377109289169312,0,0,0.0
lloyd,2,final,6,lloyd_beta,1000,1000,1,0.5224778162539006,0.17631429088749856,0.5514252421213651,0.0,0.0,1.6377109289169312,0,0,0.0
lloyd,2,final,6,lloyd_iterations,1000,1000,1,1.01,0.0994987437106621,1.014889156509222,0.0,0.0,2.0,0,0,0.0
lloyd,2,final,6,lloyd_threshold,1000,1000,1,0.2612389081269503,0.08815714544374928,0.27571262106068256,0.0,0.0,0.8188554644584656,0,0,0.0
lloyd,2,final,6,lloyd_threshold_sigma,1000,1000,1,0.6124509128928185,0.03361414712722278,0.6133726694191203,0.0,0.0,0.7099709510803223,0,0,0.0
lloyd,2,final,6,lloyd_unconverged,1000,1000,1,0.0,0.0,0.0,1.0,0.0,0.0,0,1,1.0
lloyd,2,final,6,output,81000,1000,81,0.015131146308423833,0.4072171200881184,0.40749814046381605,0.0,0.48641975308641977,3.544018030166626,0,0,0.0
lloyd,2,final,6,pre_activation,81000,1000,81,0.015131146308423833,0.4072171200881184,0.40749814046381605,0.0,0.48641975308641977,3.544018030166626,0,0,0.0
lloyd,2,final,6,pre_quantization,82000,1000,82,0.025834901989408857,0.4510812776735412,0.451820496689113,0.0,0.47928048780487803,2.9781646728515625,0,0,0.0
lloyd,2,final,7,input,81000,1000,81,0.013337405601769318,0.36776014969046894,0.36800192131093856,0.44958024691358023,0.2630493827160494,1.2625796794891357,0,0,0.0
lloyd,2,final,7,lloyd_beta,1000,1000,1,0.4709658143222332,0.16276070749991903,0.4982969457723762,0.0,0.0,1.2625796794891357,0,0,0.0
lloyd,2,final,7,lloyd_iterations,1000,1000,1,1.022,0.15973728431396375,1.03440804327886,0.0,0.0,3.0,0,0,0.0
lloyd,2,final,7,lloyd_threshold,1000,1000,1,0.2354829071611166,0.08138035374995951,0.2491484728861881,0.0,0.0,0.6312898397445679,0,0,0.0
lloyd,2,final,7,lloyd_threshold_sigma,1000,1000,1,0.6147636924386024,0.034624604445139956,0.6157379806165338,0.0,0.0,0.850181519985199,0,0,0.0
lloyd,2,final,7,lloyd_unconverged,1000,1000,1,0.0,0.0,0.0,1.0,0.0,0.0,0,1,1.0
lloyd,2,final,7,output,81000,1000,81,-0.005244788114191481,0.3715452683632646,0.37158228462279136,0.0,0.5003333333333333,2.923205852508545,0,0,0.0
lloyd,2,final,7,pre_activation,81000,1000,81,-0.005244788114191481,0.3715452683632646,0.37158228462279136,0.0,0.5003333333333333,2.923205852508545,0,0,0.0
lloyd,2,final,7,pre_quantization,81000,1000,81,0.015131146308423833,0.4072171200881184,0.40749814046381605,0.0,0.48641975308641977,3.544018030166626,0,0,0.0
lloyd,2,final,8,input,81000,1000,81,-0.0031442320278765243,0.3361106273743322,0.336125333810191,0.450641975308642,0.2778888888888889,1.2807518243789673,0,0,0.0
lloyd,2,final,8,lloyd_beta,1000,1000,1,0.4287320228219032,0.15466113042134855,0.4557753971597966,0.0,0.0,1.2807518243789673,0,0,0.0
lloyd,2,final,8,lloyd_iterations,1000,1000,1,1.021,0.15019653790950116,1.0319883720275147,0.0,0.0,3.0,0,0,0.0
lloyd,2,final,8,lloyd_threshold,1000,1000,1,0.2143660114109516,0.07733056521067427,0.2278876985798983,0.0,0.0,0.6403759121894836,0,0,0.0
lloyd,2,final,8,lloyd_threshold_sigma,1000,1000,1,0.6152363591194153,0.033516030544670485,0.6161486037361323,0.0,0.0,0.7635581493377686,0,0,0.0
lloyd,2,final,8,lloyd_unconverged,1000,1000,1,0.0,0.0,0.0,1.0,0.0,0.0,0,1,1.0
lloyd,2,final,8,output,81000,1000,81,0.005026482411498371,0.3469540939255953,0.3469905024884167,0.0,0.49492592592592594,2.9266796112060547,0,0,0.0
lloyd,2,final,8,pre_activation,81000,1000,81,0.005026482411498371,0.3469540939255953,0.3469905024884167,0.0,0.49492592592592594,2.9266796112060547,0,0,0.0
lloyd,2,final,8,pre_quantization,81000,1000,81,-0.005244788114191481,0.3715452683632646,0.37158228462279136,0.0,0.5003333333333333,2.923205852508545,0,0,0.0
lloyd,2,final,9,input,81000,1000,81,0.003295228879576848,0.31347972400279384,0.31349704287957264,0.45108641975308644,0.271641975308642,1.3438113927841187,0,0,0.0
lloyd,2,final,9,lloyd_beta,1000,1000,1,0.39804048746824267,0.14897245653643112,0.4250047322918359,0.0,0.0,1.3438113927841187,0,0,0.0
lloyd,2,final,9,lloyd_iterations,1000,1000,1,1.018,0.14722771478223803,1.0285912696499033,0.0,0.0,3.0,0,0,0.0
lloyd,2,final,9,lloyd_threshold,1000,1000,1,0.19902024373412133,0.07448622826821556,0.21250236614591794,0.0,0.0,0.6719056963920593,0,0,0.0
lloyd,2,final,9,lloyd_threshold_sigma,1000,1000,1,0.615094801902771,0.03251690116180757,0.6159537029590583,0.0,0.0,0.805123507976532,0,0,0.0
lloyd,2,final,9,lloyd_unconverged,1000,1000,1,0.0,0.0,0.0,1.0,0.0,0.0,0,1,1.0
lloyd,2,final,9,output,81000,1000,81,0.006569063469727294,0.32101497039426274,0.3210821761046519,0.0,0.4877901234567901,2.431102991104126,0,0,0.0
lloyd,2,final,9,pre_activation,81000,1000,81,0.006569063469727294,0.32101497039426274,0.3210821761046519,0.0,0.4877901234567901,2.431102991104126,0,0,0.0
lloyd,2,final,9,pre_quantization,81000,1000,81,0.005026482411498371,0.3469540939255953,0.3469905024884167,0.0,0.49492592592592594,2.9266796112060547,0,0,0.0
lloyd,2,final,10,input,81000,1000,81,0.0051642990895075565,0.29030395803375786,0.29034988898766906,0.4537777777777778,0.2639012345679012,1.0759273767471313,0,0,0.0
lloyd,2,final,10,lloyd_beta,1000,1000,1,0.3687581299468875,0.141346007460768,0.3949192983724967,0.0,0.0,1.0759273767471313,0,0,0.0
lloyd,2,final,10,lloyd_iterations,1000,1000,1,1.019,0.15696814963552344,1.0310189135025603,0.0,0.0,3.0,0,0,0.0
lloyd,2,final,10,lloyd_threshold,1000,1000,1,0.18437906497344375,0.070673003730384,0.19745964918624834,0.0,0.0,0.5379636883735657,0,0,0.0
lloyd,2,final,10,lloyd_threshold_sigma,1000,1000,1,0.6175647200942039,0.03168159401258757,0.6183768324445951,0.0,0.0,0.7671312093734741,0,0,0.0
lloyd,2,final,10,lloyd_unconverged,1000,1000,1,0.0,0.0,0.0,1.0,0.0,0.0,0,1,1.0
lloyd,2,final,10,output,81000,1000,81,-0.0013947507878434807,0.2925861890741362,0.29258951342569745,0.0,0.5010864197530864,2.043222427368164,0,0,0.0
lloyd,2,final,10,pre_activation,81000,1000,81,-0.0013947507878434807,0.2925861890741362,0.29258951342569745,0.0,0.5010864197530864,2.043222427368164,0,0,0.0
lloyd,2,final,10,pre_quantization,81000,1000,81,0.006569063469727294,0.32101497039426274,0.3210821761046519,0.0,0.4877901234567901,2.431102991104126,0,0,0.0
lloyd,2,final,11,input,81000,1000,81,-0.0017142659628096922,0.26464395214689684,0.2646495042801333,0.4503086419753086,0.2761111111111111,1.1770203113555908,0,0,0.0
lloyd,2,final,11,lloyd_beta,1000,1000,1,0.33309537725150584,0.13360564707219527,0.3588913474519872,0.0,0.0,1.1770203113555908,0,0,0.0
lloyd,2,final,11,lloyd_iterations,1000,1000,1,1.015,0.13702189606044798,1.0242070103255494,0.0,0.0,3.0,0,0,0.0
lloyd,2,final,11,lloyd_threshold,1000,1000,1,0.16654768862575292,0.06680282353609764,0.1794456737259936,0.0,0.0,0.5885101556777954,0,0,0.0
lloyd,2,final,11,lloyd_threshold_sigma,1000,1000,1,0.6156276249885559,0.03215399034803204,0.6164667482876521,0.0,0.0,0.7235288619995117,0,0,0.0
lloyd,2,final,11,lloyd_unconverged,1000,1000,1,0.0,0.0,0.0,1.0,0.0,0.0,0,1,1.0
lloyd,2,final,11,output,82000,1000,82,-0.0003656483601760586,0.2673522380219292,0.2673524880640867,0.0,0.5010243902439024,2.3568949699401855,0,0,0.0
lloyd,2,final,11,pre_activation,82000,1000,82,-0.0003656483601760586,0.2673522380219292,0.2673524880640867,0.0,0.5010243902439024,2.3568949699401855,0,0,0.0
lloyd,2,final,11,pre_quantization,81000,1000,81,-0.0013947507878434807,0.2925861890741362,0.29258951342569745,0.0,0.5010864197530864,2.043222427368164,0,0,0.0
lloyd,2,final,12,input,82000,1000,82,-0.0007845729832060453,0.24179577485067372,0.2417970477288829,0.44997560975609757,0.27663414634146344,1.0291062593460083,0,0,0.0
lloyd,2,final,12,lloyd_beta,1000,1000,1,0.3026091834902763,0.12602693460917896,0.3278034566316194,0.0,0.0,1.0291062593460083,0,0,0.0
lloyd,2,final,12,lloyd_iterations,1000,1000,1,1.019,0.1504626199426292,1.030048542545447,0.0,0.0,3.0,0,0,0.0
lloyd,2,final,12,lloyd_threshold,1000,1000,1,0.15130459174513816,0.06301346730458948,0.1639017283158097,0.0,0.0,0.5145531296730042,0,0,0.0
lloyd,2,final,12,lloyd_threshold_sigma,1000,1000,1,0.6156390884518623,0.033162894288607046,0.6165316413513886,0.0,0.0,0.8644677996635437,0,0,0.0
lloyd,2,final,12,lloyd_unconverged,1000,1000,1,0.0,0.0,0.0,1.0,0.0,0.0,0,1,1.0
lloyd,2,final,12,output,81000,1000,81,0.0017475260334842925,0.23924052749146027,0.2392469097849121,0.0,0.49764197530864196,2.868335485458374,0,0,0.0
lloyd,2,final,12,pre_activation,81000,1000,81,0.0017475260334842925,0.23924052749146027,0.2392469097849121,0.0,0.49764197530864196,2.868335485458374,0,0,0.0
lloyd,2,final,12,pre_quantization,82000,1000,82,-0.0003656483601760586,0.2673522380219292,0.2673524880640867,0.0,0.5010243902439024,2.3568949699401855,0,0,0.0
lloyd,2,final,13,input,81000,1000,81,0.0009209160251014026,0.21651612449919025,0.21651808297339542,0.4484074074074074,0.27382716049382716,0.9570833444595337,0,0,0.0
lloyd,2,final,13,lloyd_beta,1000,1000,1,0.2686437814682722,0.1165514495422155,0.29283736392742715,0.0,0.0,0.9570833444595337,0,0,0.0
lloyd,2,final,13,lloyd_iterations,1000,1000,1,1.018,0.13295111883696212,1.0266450214168479,0.0,0.0,2.0,0,0,0.0
lloyd,2,final,13,lloyd_threshold,1000,1000,1,0.1343218907341361,0.05827572477110775,0.14641868196371358,0.0,0.0,0.47854167222976685,0,0,0.0
lloyd,2,final,13,lloyd_threshold_sigma,1000,1000,1,0.6132229468822479,0.03219968601166905,0.6140677506287057,0.0,0.0,0.7382318377494812,0,0,0.0
lloyd,2,final,13,lloyd_unconverged,1000,1000,1,0.0,0.0,0.0,1.0,0.0,0.0,0,1,1.0
lloyd,2,final,13,output,82000,1000,82,-0.0004872667472820007,0.22220561357540805,0.22220614782968218,0.0,0.5005609756097561,2.3941376209259033,0,0,0.0
lloyd,2,final,13,pre_activation,82000,1000,82,-0.0004872667472820007,0.22220561357540805,0.22220614782968218,0.0,0.5005609756097561,2.3941376209259033,0,0,0.0
lloyd,2,final,13,pre_quantization,81000,1000,81,0.0017475260334842925,0.23924052749146027,0.2392469097849121,0.0,0.49764197530864196,2.868335485458374,0,0,0.0
lloyd,2,final,14,input,82000,1000,82,-0.0012273850993412298,0.20109068237279565,0.20109442809620232,0.4468780487804878,0.27846341463414637,1.0241801738739014,0,0,0.0
lloyd,2,final,14,lloyd_beta,1000,1000,1,0.24710728003829718,0.11099160601700012,0.2708895429029301,0.0,0.0,1.0241801738739014,0,0,0.0
lloyd,2,final,14,lloyd_iterations,1000,1000,1,1.018,0.13295111883696212,1.0266450214168479,0.0,0.0,2.0,0,0,0.0
lloyd,2,final,14,lloyd_threshold,1000,1000,1,0.12355364001914859,0.05549580300850006,0.13544477145146505,0.0,0.0,0.5120900869369507,0,0,0.0
lloyd,2,final,14,lloyd_threshold_sigma,1000,1000,1,0.6135847159624099,0.03109273888364747,0.614372006258389,0.0,0.0,0.7384176850318909,0,0,0.0
lloyd,2,final,14,lloyd_unconverged,1000,1000,1,0.0,0.0,0.0,1.0,0.0,0.0,0,1,1.0
lloyd,2,final,14,output,80000,1000,80,0.003967429362050878,0.2113203542653773,0.21135759419189892,0.0,0.495225,2.2163572311401367,0,0,0.0
lloyd,2,final,14,pre_activation,80000,1000,80,0.003967429362050878,0.2113203542653773,0.21135759419189892,0.0,0.495225,2.2163572311401367,0,0,0.0
lloyd,2,final,14,pre_quantization,82000,1000,82,-0.0004872667472820007,0.22220561357540805,0.22220614782968218,0.0,0.5005609756097561,2.3941376209259033,0,0,0.0
lloyd,2,final,15,input,80000,1000,80,0.0028498272088356316,0.19072506613264767,0.19074635610260826,0.449975,0.2718625,1.0020655393600464,0,0,0.0
lloyd,2,final,15,lloyd_beta,1000,1000,1,0.23292405822500586,0.11037851727438354,0.2577538243667731,0.0,0.0,1.0020655393600464,0,0,0.0
lloyd,2,final,15,lloyd_iterations,1000,1000,1,1.017,0.1367881573821365,1.0261578825892241,0.0,0.0,3.0,0,0,0.0
lloyd,2,final,15,lloyd_threshold,1000,1000,1,0.11646202911250293,0.05518925863719177,0.12887691218338654,0.0,0.0,0.5010327696800232,0,0,0.0
lloyd,2,final,15,lloyd_threshold_sigma,1000,1000,1,0.6160959889888763,0.03135745946068913,0.6168934737148792,0.0,0.0,0.7479179501533508,0,0,0.0
lloyd,2,final,15,lloyd_unconverged,1000,1000,1,0.0,0.0,0.0,1.0,0.0,0.0,0,1,1.0
lloyd,2,final,15,output,10000,1000,10,-0.00415871991943568,0.2088005375451977,0.20884194844554535,0.0446,0.4793,1.9745733737945557,0,0,0.0
lloyd,2,final,15,pre_activation,10000,1000,10,-0.00415871991943568,0.2088005375451977,0.20884194844554535,0.0446,0.4793,1.9745733737945557,0,0,0.0
lloyd,2,final,15,pre_quantization,80000,1000,80,0.003967429362050878,0.2113203542653773,0.21135759419189892,0.0,0.495225,2.2163572311401367,0,0,0.0
lloyd,0,initial,0,input,90000,1000,90,0.07408712807794413,0.6607627774775384,0.664903264126947,0.4970888888888889,0.3023888888888889,2.484405755996704,0,0,0.0
lloyd,0,initial,0,lloyd_beta,1000,1000,1,1.181869717091322,0.5659814702332936,1.3104011037941634,0.0,0.0,2.484405755996704,0,0,0.0
lloyd,0,initial,0,lloyd_iterations,1000,1000,1,2.314,0.7206968849662109,2.4236336356801123,0.0,0.0,5.0,0,0,0.0
lloyd,0,initial,0,lloyd_threshold,1000,1000,1,0.5908626827448606,0.28292391312782833,0.6551065947462419,0.0,0.0,1.242202877998352,0,0,0.0
lloyd,0,initial,0,lloyd_threshold_sigma,1000,1000,1,0.7600002300143242,0.2643202873465675,0.804652449151059,0.0,0.0,1.4049358367919922,0,0,0.0
lloyd,0,initial,0,lloyd_unconverged,1000,1000,1,0.001,0.03160696125855822,0.03162277660168379,0.999,0.0,1.0,0,0,0.0
lloyd,0,initial,0,output,79000,1000,79,-0.03465622850986095,0.6597044218433147,0.6606140918676726,0.0,0.5145443037974684,4.086699962615967,0,0,0.0
lloyd,0,initial,0,pre_activation,79000,1000,79,-0.03465622850986095,0.6597044218433147,0.6606140918676726,0.0,0.5145443037974684,4.086699962615967,0,0,0.0
lloyd,0,initial,0,pre_quantization,90000,1000,90,0.018114338403025208,0.7685564910431445,0.7687699325418043,0.0,0.7199444444444445,2.821486711502075,0,0,0.0
lloyd,0,initial,1,input,79000,1000,79,-0.02335901329977603,0.594936898083911,0.5953952940728077,0.4525063291139241,0.2878607594936709,1.5250415802001953,0,0,0.0
lloyd,0,initial,1,lloyd_beta,1000,1000,1,0.7939439743459225,0.17793985347708624,0.8136397395995636,0.0,0.0,1.5250415802001953,0,0,0.0
lloyd,0,initial,1,lloyd_iterations,1000,1000,1,1.035,0.1994367067517916,1.0540398474441086,0.0,0.0,3.0,0,0,0.0
lloyd,0,initial,1,lloyd_threshold,1000,1000,1,0.3969719871729612,0.08896992673854312,0.4068198697997818,0.0,0.0,0.7625207901000977,0,0,0.0
lloyd,0,initial,1,lloyd_threshold_sigma,1000,1000,1,0.6154883397221566,0.03844944671458505,0.616688135354163,0.0,0.0,0.7188981175422668,0,0,0.0
lloyd,0,initial,1,lloyd_unconverged,1000,1000,1,0.0,0.0,0.0,1.0,0.0,0.0,0,1,1.0
lloyd,0,initial,1,output,82000,1000,82,-0.0431750057387484,0.589392375482074,0.5909716180976402,0.0,0.5293780487804878,4.412991046905518,0,0,0.0
lloyd,0,initial,1,pre_activation,82000,1000,82,-0.0431750057387484,0.589392375482074,0.5909716180976402,0.0,0.5293780487804878,4.412991046905518,0,0,0.0
lloyd,0,initial,1,pre_quantization,79000,1000,79,-0.03465622850986095,0.6597044218433147,0.6606140918676726,0.0,0.5145443037974684,4.086699962615967,0,0,0.0
lloyd,0,initial,2,input,82000,1000,82,-0.03810587558150291,0.5306424568424563,0.5320089047728722,0.4463536585365854,0.30097560975609755,1.5669318437576294,0,0,0.0
lloyd,0,initial,2,lloyd_beta,1000,1000,1,0.7013148587048054,0.1736714979771383,0.7224986645314746,0.0,0.0,1.5669318437576294,0,0,0.0
lloyd,0,initial,2,lloyd_iterations,1000,1000,1,1.024,0.1530490117576723,1.0353743284435828,0.0,0.0,2.0,0,0,0.0
lloyd,0,initial,2,lloyd_threshold,1000,1000,1,0.3506574293524027,0.08683574898856915,0.3612493322657373,0.0,0.0,0.7834659218788147,0,0,0.0
lloyd,0,initial,2,lloyd_threshold_sigma,1000,1000,1,0.6136255253553391,0.035605527341312476,0.6146576599578573,0.0,0.0,0.7458309531211853,0,0,0.0
lloyd,0,initial,2,lloyd_unconverged,1000,1000,1,0.0,0.0,0.0,1.0,0.0,0.0,0,1,1.0
lloyd,0,initial,2,output,80000,1000,80,-0.014469717189343295,0.5174064425713646,0.5176087320842785,0.0,0.5054625,2.9669947624206543,0,0,0.0
lloyd,0,initial,2,pre_activation,80000,1000,80,-0.014469717189343295,0.5174064425713646,0.5176087320842785,0.0,0.5054625,2.9669947624206543,0,0,0.0
lloyd,0,initial,2,pre_quantization,82000,1000,82,-0.0431750057387484,0.589392375482074,0.5909716180976402,0.0,0.5293780487804878,4.412991046905518,0,0,0.0
lloyd,0,initial,3,input,80000,1000,80,-0.011248097214475275,0.4665443835786073,0.46667995622234404,0.4543375,0.2770625,1.414764165878296,0,0,0.0
lloyd,0,initial,3,lloyd_beta,1000,1000,1,0.6146410353481769,0.16635336035466441,0.6367550885820762,0.0,0.0,1.414764165878296,0,0,0.0
lloyd,0,initial,3,lloyd_iterations,1000,1000,1,1.017,0.129271033104869,1.0251829105091441,0.0,0.0,2.0,0,0,0.0
lloyd,0,initial,3,lloyd_threshold,1000,1000,1,0.30732051767408847,0.08317668017733221,0.3183775442910381,0.0,0.0,0.707382082939148,0,0,0.0
lloyd,0,initial,3,lloyd_threshold_sigma,1000,1000,1,0.6162782203555107,0.03463101064311515,0.6172504773450718,0.0,0.0,0.747848391532898,0,0,0.0
lloyd,0,initial,3,lloyd_unconverged,1000,1000,1,0.0,0.0,0.0,1.0,0.0,0.0,0,1,1.0
lloyd,0,initial,3,output,82000,1000,82,-0.004041170563993271,0.46347094284683454,0.46348856072492345,0.0,0.494890243902439,3.110116958618164,0,0,0.0
lloyd,0,initial,3,pre_activation,82000,1000,82,-0.004041170563993271,0.46347094284683454,0.46348856072492345,0.0,0.494890243902439,3.110116958618164,0,0,0.0
lloyd,0,initial,3,pre_quantization,80000,1000,80,-0.014469717189343295,0.5174064425713646,0.5176087320842785,0.0,0.5054625,2.9669947624206543,0,0,0.0
lloyd,0,initial,4,input,82000,1000,82,-0.001064850126097842,0.4185827708591996,0.4185841253152779,0.44847560975609757,0.27145121951219514,1.3259369134902954,0,0,0.0
lloyd,0,initial,4,lloyd_beta,1000,1000,1,0.5448387103676796,0.1622210814830706,0.5684759446033344,0.0,0.0,1.3259369134902954,0,0,0.0
lloyd,0,initial,4,lloyd_iterations,1000,1000,1,1.02,0.1469693845669909,1.0305338422390602,0.0,0.0,3.0,0,0,0.0
lloyd,0,initial,4,lloyd_threshold,1000,1000,1,0.2724193551838398,0.0811105407415353,0.2842379723016672,0.0,0.0,0.6629684567451477,0,0,0.0
lloyd,0,initial,4,lloyd_threshold_sigma,1000,1000,1,0.6160166041851044,0.03364281419668619,0.6169345958680064,0.0,0.0,0.7435246109962463,0,0,0.0
lloyd,0,initial,4,lloyd_unconverged,1000,1000,1,0.0,0.0,0.0,1.0,0.0,0.0,0,1,1.0
lloyd,0,initial,4,output,80000,1000,80,-0.014298493536172048,0.4111149427681386,0.41136351695872814,0.0,0.5115,3.0486700534820557,0,0,0.0
lloyd,0,initial,4,pre_activation,80000,1000,80,-0.014298493536172048,0.4111149427681386,0.41136351695872814,0.0,0.5115,3.0486700534820557,0,0,0.0
lloyd,0,initial,4,pre_quantization,82000,1000,82,-0.004041170563993271,0.46347094284683454,0.46348856072492345,0.0,0.494890243902439,3.110116958618164,0,0,0.0
lloyd,0,initial,5,input,80000,1000,80,-0.012465261421352625,0.3715654590947012,0.37177449231295945,0.4499875,0.2848,1.1539725065231323,0,0,0.0
lloyd,0,initial,5,lloyd_beta,1000,1000,1,0.48050809508562087,0.15074250925230512,0.5035983851627142,0.0,0.0,1.1539725065231323,0,0,0.0
lloyd,0,initial,5,lloyd_iterations,1000,1000,1,1.024,0.17153425313913287,1.0382677881933928,0.0,0.0,3.0,0,0,0.0
lloyd,0,initial,5,lloyd_threshold,1000,1000,1,0.24025404754281043,0.07537125462615256,0.2517991925813571,0.0,0.0,0.5769862532615662,0,0,0.0
lloyd,0,initial,5,lloyd_threshold_sigma,1000,1000,1,0.6157985015511512,0.03353263023490474,0.6167108169986271,0.0,0.0,0.7216216325759888,0,0,0.0
lloyd,0,initial,5,lloyd_unconverged,1000,1000,1,0.0,0.0,0.0,1.0,0.0,0.0,0,1,1.0
lloyd,0,initial,5,output,82000,1000,82,0.029601827556566134,0.3676867845265662,0.36887645589028073,0.0,0.472890243902439,3.1211349964141846,0,0,0.0
lloyd,0,initial,5,pre_activation,82000,1000,82,0.029601827556566134,0.3676867845265662,0.36887645589028073,0.0,0.472890243902439,3.1211349964141846,0,0,0.0
lloyd,0,initial,5,pre_quantization,80000,1000,80,-0.014298493536172048,0.4111149427681386,0.41136351695872814,0.0,0.5115,3.0486700534820557,0,0,0.0
lloyd,0,initial,6,input,82000,1000,82,0.024612034665920386,0.33238793162379854,0.3332978987925718,0.4493780487804878,0.25229268292682927,1.1550084352493286,0,0,0.0
lloyd,0,initial,6,lloyd_beta,1000,1000,1,0.4308273214399815,0.13779587780499933,0.45232718781784437,0.0,0.0,1.1550084352493286,0,0,0.0
lloyd,0,initial,6,lloyd_iterations,1000,1000,1,1.035,0.1994367067517916,1.0540398474441086,0.0,0.0,3.0,0,0,0.0
lloyd,0,initial,6,lloyd_threshold,1000,1000,1,0.21541366071999074,0.06889793890249966,0.22616359390892218,0.0,0.0,0.5775042176246643,0,0,0.0
lloyd,0,initial,6,lloyd_threshold_sigma,1000,1000,1,0.6201880264282227,0.03546055411881322,0.6212009650856534,0.0,0.0,0.8005287647247314,0,0,0.0
lloyd,0,initial,6,lloyd_unconverged,1000,1000,1,0.0,0.0,0.0,1.0,0.0,0.0,0,1,1.0
lloyd,0,initial,6,output,81000,1000,81,-0.0003733002441927121,0.32389230799488045,0.32389252311734956,0.0,0.5064197530864197,2.811877489089966,0,0,0.0
lloyd,0,initial,6,pre_activation,81000,1000,81,-0.0003733002441927121,0.32389230799488045,0.32389252311734956,0.0,0.5064197530864197,2.811877489089966,0,0,0.0
lloyd,0,initial,6,pre_quantization,82000,1000,82,0.029601827556566134,0.3676867845265662,0.36887645589028073,0.0,0.472890243902439,3.1211349964141846,0,0,0.0
lloyd,0,initial,7,input,81000,1000,81,-0.0012410227926792923,0.2924333317589659,0.29243596506110764,0.45024691358024693,0.2788641975308642,1.0086082220077515,0,0,0.0
lloyd,0,initial,7,lloyd_beta,1000,1000,1,0.3780093841999769,0.12102724542240596,0.3969114368190731,0.0,0.0,1.0086082220077515,0,0,0.0
lloyd,0,initial,7,lloyd_iterations,1000,1000,1,1.01,0.11789826122551605,1.0168579055108928,0.0,0.0,3.0,0,0,0.0
lloyd,0,initial,7,lloyd_threshold,1000,1000,1,0.18900469209998846,0.06051362271120298,0.19845571840953655,0.0,0.0,0.5043041110038757,0,0,0.0
lloyd,0,initial,7,lloyd_threshold_sigma,1000,1000,1,0.6145530387163162,0.032205774893155535,0.6153963351628986,0.0,0.0,0.7326149344444275,0,0,0.0
lloyd,0,initial,7,lloyd_unconverged,1000,1000,1,0.0,0.0,0.0,1.0,0.0,0.0,0,1,1.0
lloyd,0,initial,7,output,81000,1000,81,-0.0069732401184692885,0.2943339700577237,0.29441656204719674,0.0,0.5081481481481481,2.4623613357543945,0,0,0.0
lloyd,0,initial,7,pre_activation,81000,1000,81,-0.0069732401184692885,0.2943339700577237,0.29441656204719674,0.0,0.5081481481481481,2.4623613357543945,0,0,0.0
lloyd,0,initial,7,pre_quantization,81000,1000,81,-0.0003733002441927121,0.32389230799488045,0.32389252311734956,0.0,0.5064197530864197,2.811877489089966,0,0,0.0
lloyd,0,initial,8,input,81000,1000,81,-0.005504862285138648,0.26589530175695997,0.26595227956384043,0.4519012345679012,0.2808395061728395,0.9333285689353943,0,0,0.0
lloyd,0,initial,8,lloyd_beta,1000,1000,1,0.3430615885704756,0.11312569494080117,0.3612321641387121,0.0,0.0,0.9333285689353943,0,0,0.0
lloyd,0,initial,8,lloyd_iterations,1000,1000,1,1.02,0.15362291495737238,1.0315037566582101,0.0,0.0,3.0,0,0,0.0
lloyd,0,initial,8,lloyd_threshold,1000,1000,1,0.1715307942852378,0.056562847470400586,0.18061608206935606,0.0,0.0,0.46666428446769714,0,0,0.0
lloyd,0,initial,8,lloyd_threshold_sigma,1000,1000,1,0.6169264892935753,0.03337867163106593,0.6178288022680315,0.0,0.0,0.7622801661491394,0,0,0.0
lloyd,0,initial,8,lloyd_unconverged,1000,1000,1,0.0,0.0,0.0,1.0,0.0,0.0,0,1,1.0
lloyd,0,initial,8,output,81000,1000,81,0.005239478046714406,0.2685448055350313,0.26859591342768,0.0,0.4918641975308642,1.8789879083633423,0,0,0.0
lloyd,0,initial,8,pre_activation,81000,1000,81,0.005239478046714406,0.2685448055350313,0.26859591342768,0.0,0.4918641975308642,1.8789879083633423,0,0,0.0
lloyd,0,initial,8,pre_quantization,81000,1000,81,-0.0069732401184692885,0.2943339700577237,0.29441656204719674,0.0,0.5081481481481481,2.4623613357543945,0,0,0.0
lloyd,0,initial,9,input,81000,1000,81,0.004636866054049245,0.24271038834090927,0.24275467685587065,0.4524444444444444,0.26741975308641974,0.8156352043151855,0,0,0.0
lloyd,0,initial,9,lloyd_beta,1000,1000,1,0.3131416931524873,0.10477252478360422,0.3302044850391004,0.0,0.0,0.8156352043151855,0,0,0.0
lloyd,0,initial,9,lloyd_iterations,1000,1000,1,1.014,0.1257139610385415,1.0217631819555841,0.0,0.0,3.0,0,0,0.0
lloyd,0,initial,9,lloyd_threshold,1000,1000,1,0.15657084657624365,0.05238626239180211,0.1651022425195502,0.0,0.0,0.4078176021575928,0,0,0.0
lloyd,0,initial,9,lloyd_threshold_sigma,1000,1000,1,0.6159060223102569,0.03293873225993637,0.6167861772129256,0.0,0.0,0.77443528175354,0,0,0.0
lloyd,0,initial,9,lloyd_unconverged,1000,1000,1,0.0,0.0,0.0,1.0,0.0,0.0,0,1,1.0
lloyd,0,initial,9,output,81000,1000,81,-0.00048702332393537175,0.2479349239777604,0.24793540231192457,0.0,0.4974320987654321,1.6803432703018188,0,0,0.0
lloyd,0,initial,9,pre_activation,81000,1000,81,-0.00048702332393537175,0.2479349239777604,0.24793540231192457,0.0,0.4974320987654321,1.6803432703018188,0,0,0.0
lloyd,0,initial,9,pre_quantization,81000,1000,81,0.005239478046714406,0.2685448055350313,0.26859591342768,0.0,0.4918641975308642,1.8789879083633423,0,0,0.0
lloyd,0,initial,10,input,81000,1000,81,0.000593529112637043,0.22438326394682404,0.22438404893449457,0.44695061728395064,0.27514814814814814,0.7924448847770691,0,0,0.0
lloyd,0,initial,10,lloyd_beta,1000,1000,1,0.2869295239970088,0.09863588719452529,0.3034099371869701,0.0,0.0,0.7924448847770691,0,0,0.0
lloyd,0,initial,10,lloyd_iterations,1000,1000,1,1.018,0.13295111883696212,1.0266450214168479,0.0,0.0,2.0,0,0,0.0
lloyd,0,initial,10,lloyd_threshold,1000,1000,1,0.1434647619985044,0.049317943597262645,0.15170496859348506,0.0,0.0,0.39622244238853455,0,0,0.0
lloyd,0,initial,10,lloyd_threshold_sigma,1000,1000,1,0.6138704741001129,0.031661343709869165,0.6146864238434194,0.0,0.0,0.760763943195343,0,0,0.0
lloyd,0,initial,10,lloyd_unconverged,1000,1000,1,0.0,0.0,0.0,1.0,0.0,0.0,0,1,1.0
lloyd,0,initial,10,output,81000,1000,81,0.0034811469151172,0.21968552160755472,0.21971310108372696,0.0,0.4961111111111111,1.5794658660888672,0,0,0.0
lloyd,0,initial,10,pre_activation,81000,1000,81,0.0034811469151172,0.21968552160755472,0.21971310108372696,0.0,0.4961111111111111,1.5794658660888672,0,0,0.0
lloyd,0,initial,10,pre_quantization,81000,1000,81,-0.00048702332393537175,0.2479349239777604,0.24793540231192457,0.0,0.4974320987654321,1.6803432703018188,0,0,0.0
lloyd,0,initial,11,input,81000,1000,81,0.002173348749217428,0.19844277198952745,0.19845467290964278,0.45209876543209876,0.2709259259259259,0.6624880433082581,0,0,0.0
lloyd,0,initial,11,lloyd_beta,1000,1000,1,0.25392673280090095,0.08791104325952968,0.268713857398384,0.0,0.0,0.6624880433082581,0,0,0.0
lloyd,0,initial,11,lloyd_iterations,1000,1000,1,1.013,0.12973434394947253,1.0212737145349429,0.0,0.0,3.0,0,0,0.0
lloyd,0,initial,11,lloyd_threshold,1000,1000,1,0.12696336640045047,0.04395552162976484,0.134356928699192,0.0,0.0,0.33124402165412903,0,0,0.0
lloyd,0,initial,11,lloyd_threshold_sigma,1000,1000,1,0.6150746678709984,0.03315038527187794,0.6159673652883674,0.0,0.0,0.7355473041534424,0,0,0.0
lloyd,0,initial,11,lloyd_unconverged,1000,1000,1,0.0,0.0,0.0,1.0,0.0,0.0,0,1,1.0
lloyd,0,initial,11,output,82000,1000,82,-0.0025289460894063285,0.1995373815424806,0.19955340688936535,0.0,0.5057682926829268,1.8024944067001343,0,0,0.0
lloyd,0,initial,11,pre_activation,82000,1000,82,-0.0025289460894063285,0.1995373815424806,0.19955340688936535,0.0,0.5057682926829268,1.8024944067001343,0,0,0.0
lloyd,0,initial,11,pre_quantization,81000,1000,81,0.0034811469151172,0.21968552160755472,0.21971310108372696,0.0,0.4961111111111111,1.5794658660888672,0,0,0.0
lloyd,0,initial,12,input,82000,1000,82,-0.002119892247112059,0.18034309597813314,0.1803555549743825,0.45095121951219513,0.27907317073170734,0.6436519026756287,0,0,0.0
lloyd,0,initial,12,lloyd_beta,1000,1000,1,0.2305042005702853,0.08368910824055761,0.24522653469526107,0.0,0.0,0.6436519026756287,0,0,0.0
lloyd,0,initial,12,lloyd_iterations,1000,1000,1,1.025,0.16240381768911727,1.0377861051295685,0.0,0.0,3.0,0,0,0.0
lloyd,0,initial,12,lloyd_threshold,1000,1000,1,0.11525210028514266,0.04184455412027881,0.12261326734763053,0.0,0.0,0.32182595133781433,0,0,0.0
lloyd,0,initial,12,lloyd_threshold_sigma,1000,1000,1,0.61533502805233,0.03440663811775493,0.6162962059713882,0.0,0.0,0.7821666598320007,0,0,0.0
lloyd,0,initial,12,lloyd_unconverged,1000,1000,1,0.0,0.0,0.0,1.0,0.0,0.0,0,1,1.0
lloyd,0,initial,12,output,81000,1000,81,0.0007524982879875818,0.17747353430764592,0.17747512961911197,0.0,0.4987160493827161,1.3361736536026,0,0,0.0
lloyd,0,initial,12,pre_activation,81000,1000,81,0.0007524982879875818,0.17747353430764592,0.17747512961911197,0.0,0.4987160493827161,1.3361736536026,0,0,0.0
lloyd,0,initial,12,pre_quantization,82000,1000,82,-0.0025289460894063285,0.1995373815424806,0.19955340688936535,0.0,0.5057682926829268,1.8024944067001343,0,0,0.0
lloyd,0,initial,13,input,81000,1000,81,0.000676799380208975,0.16041654387462212,0.1604179715807416,0.44765432098765434,0.274358024691358,0.6093794703483582,0,0,0.0
lloyd,0,initial,13,lloyd_beta,1000,1000,1,0.20311457134783267,0.07632555110187568,0.21698183989638128,0.0,0.0,0.6093794703483582,0,0,0.0
lloyd,0,initial,13,lloyd_iterations,1000,1000,1,1.015,0.12155245781143302,1.0222524150130436,0.0,0.0,2.0,0,0,0.0
lloyd,0,initial,13,lloyd_threshold,1000,1000,1,0.10155728567391634,0.03816277555093784,0.10849091994819064,0.0,0.0,0.3046897351741791,0,0,0.0
lloyd,0,initial,13,lloyd_threshold_sigma,1000,1000,1,0.6145959572792054,0.033469053123530046,0.6155065947826461,0.0,0.0,0.7647512555122375,0,0,0.0
lloyd,0,initial,13,lloyd_unconverged,1000,1000,1,0.0,0.0,0.0,1.0,0.0,0.0,0,1,1.0
lloyd,0,initial,13,output,82000,1000,82,-0.00028110610678887444,0.16005099850190826,0.16005124536254353,0.0,0.5002317073170731,1.0780385732650757,0,0,0.0
lloyd,0,initial,13,pre_activation,82000,1000,82,-0.00028110610678887444,0.16005099850190826,0.16005124536254353,0.0,0.5002317073170731,1.0780385732650757,0,0,0.0
lloyd,0,initial,13,pre_quantization,81000,1000,81,0.0007524982879875818,0.17747353430764592,0.17747512961911197,0.0,0.4987160493827161,1.3361736536026,0,0,0.0
lloyd,0,initial,14,input,82000,1000,82,8.66156898257209e-05,0.14475236440274863,0.14475239031692658,0.44932926829268294,0.2740609756097561,0.5419120192527771,0,0,0.0
lloyd,0,initial,14,lloyd_beta,1000,1000,1,0.18336690103262662,0.07062510048937844,0.1964976468394568,0.0,0.0,0.5419120192527771,0,0,0.0
lloyd,0,initial,14,lloyd_iterations,1000,1000,1,1.016,0.13320660644277363,1.02469507659596,0.0,0.0,3.0,0,0,0.0
lloyd,0,initial,14,lloyd_threshold,1000,1000,1,0.09168345051631331,0.03531255024468922,0.0982488234197284,0.0,0.0,0.27095600962638855,0,0,0.0
lloyd,0,initial,14,lloyd_threshold_sigma,1000,1000,1,0.614862487077713,0.032722926778507036,0.6157326270000172,0.0,0.0,0.7505346536636353,0,0,0.0
lloyd,0,initial,14,lloyd_unconverged,1000,1000,1,0.0,0.0,0.0,1.0,0.0,0.0,0,1,1.0
lloyd,0,initial,14,output,80000,1000,80,0.0008221485023371388,0.14292326920571227,0.14292563384014917,0.0,0.4970625,1.0099141597747803,0,0,0.0
lloyd,0,initial,14,pre_activation,80000,1000,80,0.0008221485023371388,0.14292326920571227,0.14292563384014917,0.0,0.4970625,1.0099141597747803,0,0,0.0
lloyd,0,initial,14,pre_quantization,82000,1000,82,-0.00028110610678887444,0.16005099850190826,0.16005124536254353,0.0,0.5002317073170731,1.0780385732650757,0,0,0.0
lloyd,0,initial,15,input,80000,1000,80,0.0006857590323779732,0.129293229682551,0.12929504827020785,0.44705,0.2756875,0.49829840660095215,0,0,0.0
lloyd,0,initial,15,lloyd_beta,1000,1000,1,0.16245410583168268,0.06428964532361833,0.17471260686455398,0.0,0.0,0.49829840660095215,0,0,0.0
lloyd,0,initial,15,lloyd_iterations,1000,1000,1,1.012,0.10888526071053001,1.0178408519999578,0.0,0.0,2.0,0,0,0.0
lloyd,0,initial,15,lloyd_threshold,1000,1000,1,0.08122705291584134,0.032144822661809166,0.08735630343227699,0.0,0.0,0.24914920330047607,0,0,0.0
lloyd,0,initial,15,lloyd_threshold_sigma,1000,1000,1,0.614310820043087,0.03404108056650142,0.6152532639394488,0.0,0.0,0.7292253971099854,0,0,0.0
lloyd,0,initial,15,lloyd_unconverged,1000,1000,1,0.0,0.0,0.0,1.0,0.0,0.0,0,1,1.0
lloyd,0,initial,15,output,10000,1000,10,-0.0019575160067528486,0.12917404507166458,0.12918887641392787,0.0468,0.4845,0.9476014375686646,0,0,0.0
lloyd,0,initial,15,pre_activation,10000,1000,10,-0.0019575160067528486,0.12917404507166458,0.12918887641392787,0.0468,0.4845,0.9476014375686646,0,0,0.0
lloyd,0,initial,15,pre_quantization,80000,1000,80,0.0008221485023371388,0.14292326920571227,0.14292563384014917,0.0,0.4970625,1.0099141597747803,0,0,0.0
lloyd,0,final,0,input,90000,1000,90,0.07408712807794413,0.6607627774775384,0.664903264126947,0.4970888888888889,0.3023888888888889,2.484405755996704,0,0,0.0
lloyd,0,final,0,lloyd_beta,1000,1000,1,1.181869717091322,0.5659814702332936,1.3104011037941634,0.0,0.0,2.484405755996704,0,0,0.0
lloyd,0,final,0,lloyd_iterations,1000,1000,1,2.314,0.7206968849662109,2.4236336356801123,0.0,0.0,5.0,0,0,0.0
lloyd,0,final,0,lloyd_threshold,1000,1000,1,0.5908626827448606,0.28292391312782833,0.6551065947462419,0.0,0.0,1.242202877998352,0,0,0.0
lloyd,0,final,0,lloyd_threshold_sigma,1000,1000,1,0.7600002300143242,0.2643202873465675,0.804652449151059,0.0,0.0,1.4049358367919922,0,0,0.0
lloyd,0,final,0,lloyd_unconverged,1000,1000,1,0.001,0.03160696125855822,0.03162277660168379,0.999,0.0,1.0,0,0,0.0
lloyd,0,final,0,output,79000,1000,79,-0.03687306467096989,0.6779257220027533,0.6789277630581797,0.0,0.5139620253164557,4.256584167480469,0,0,0.0
lloyd,0,final,0,pre_activation,79000,1000,79,-0.03687306467096989,0.6779257220027533,0.6789277630581797,0.0,0.5139620253164557,4.256584167480469,0,0,0.0
lloyd,0,final,0,pre_quantization,90000,1000,90,0.018114338403025208,0.7685564910431445,0.7687699325418043,0.0,0.7199444444444445,2.821486711502075,0,0,0.0
lloyd,0,final,1,input,79000,1000,79,-0.02345599685552754,0.6135276072854078,0.613975820932587,0.44864556962025315,0.289873417721519,1.5952367782592773,0,0,0.0
lloyd,0,final,1,lloyd_beta,1000,1000,1,0.8153189842104912,0.18812763079077188,0.8367419264510272,0.0,0.0,1.5952367782592773,0,0,0.0
lloyd,0,final,1,lloyd_iterations,1000,1000,1,1.019,0.14366279963859843,1.0290772565750348,0.0,0.0,3.0,0,0,0.0
lloyd,0,final,1,lloyd_threshold,1000,1000,1,0.4076594921052456,0.09406381539538594,0.4183709632255136,0.0,0.0,0.7976183891296387,0,0,0.0
lloyd,0,final,1,lloyd_threshold_sigma,1000,1000,1,0.6151723011732101,0.037683587252354045,0.6163254115148494,0.0,0.0,0.7655828595161438,0,0,0.0
lloyd,0,final,1,lloyd_unconverged,1000,1000,1,0.0,0.0,0.0,1.0,0.0,0.0,0,1,1.0
lloyd,0,final,1,output,82000,1000,82,-0.03697191906537164,0.6109648629763232,0.6120824998242098,0.0,0.5250853658536585,4.054363250732422,0,0,0.0
lloyd,0,final,1,pre_activation,82000,1000,82,-0.03697191906537164,0.6109648629763232,0.6120824998242098,0.0,0.5250853658536585,4.054363250732422,0,0,0.0
lloyd,0,final,1,pre_quantization,79000,1000,79,-0.03687306467096989,0.6779257220027533,0.6789277630581797,0.0,0.5139620253164557,4.256584167480469,0,0,0.0
lloyd,0,final,2,input,82000,1000,82,-0.030981377989053725,0.5515403926490238,0.5524098573573248,0.45769512195121953,0.2908414634146341,1.5699228048324585,0,0,0.0
lloyd,0,final,2,lloyd_beta,1000,1000,1,0.7326880757808685,0.1731276523779849,0.7528645299184867,0.0,0.0,1.5699228048324585,0,0,0.0
lloyd,0,final,2,lloyd_iterations,1000,1000,1,1.021,0.16296932226649352,1.0339245620450266,0.0,0.0,3.0,0,0,0.0
lloyd,0,final,2,lloyd_threshold,1000,1000,1,0.36634403789043424,0.08656382618899244,0.37643226495924337,0.0,0.0,0.7849614024162292,0,0,0.0
lloyd,0,final,2,lloyd_threshold_sigma,1000,1000,1,0.6183158132433891,0.03294370311869107,0.6191928071949853,0.0,0.0,0.7235325574874878,0,0,0.0
lloyd,0,final,2,lloyd_unconverged,1000,1000,1,0.0,0.0,0.0,1.0,0.0,0.0,0,1,1.0
lloyd,0,final,2,output,80000,1000,80,0.02616688221149933,0.5345450494803019,0.5351851227832934,0.0,0.485725,3.2221014499664307,0,0,0.0
lloyd,0,final,2,pre_activation,80000,1000,80,0.02616688221149933,0.5345450494803019,0.5351851227832934,0.0,0.485725,3.2221014499664307,0,0,0.0
lloyd,0,final,2,pre_quantization,82000,1000,82,-0.03697191906537164,0.6109648629763232,0.6120824998242098,0.0,0.5250853658536585,4.054363250732422,0,0,0.0
lloyd,0,final,3,input,80000,1000,80,0.017881842226162552,0.48188046087714004,0.4822121305572541,0.4523,0.260175,1.4120128154754639,0,0,0.0
lloyd,0,final,3,lloyd_beta,1000,1000,1,0.6375726936757564,0.15369840837392598,0.6558369770435623,0.0,0.0,1.4120128154754639,0,0,0.0
lloyd,0,final,3,lloyd_iterations,1000,1000,1,1.02,0.1400000000000002,1.0295630140987,0.0,0.0,2.0,0,0,0.0
lloyd,0,final,3,lloyd_threshold,1000,1000,1,0.3187863468378782,0.07684920418696299,0.3279184885217811,0.0,0.0,0.7060064077377319,0,0,0.0
lloyd,0,final,3,lloyd_threshold_sigma,1000,1000,1,0.6158297749161721,0.034777239874764956,0.6168109662502849,0.0,0.0,0.7800630927085876,0,0,0.0
lloyd,0,final,3,lloyd_unconverged,1000,1000,1,0.0,0.0,0.0,1.0,0.0,0.0,0,1,1.0
lloyd,0,final,3,output,82000,1000,82,0.019685260799429703,0.4760844311314352,0.47649123292929935,0.0,0.4736463414634146,3.579538106918335,0,0,0.0
lloyd,0,final,3,pre_activation,82000,1000,82,0.019685260799429703,0.4760844311314352,0.47649123292929935,0.0,0.4736463414634146,3.579538106918335,0,0,0.0
lloyd,0,final,3,pre_quantization,80000,1000,80,0.02616688221149933,0.5345450494803019,0.5351851227832934,0.0,0.485725,3.2221014499664307,0,0,0.0
lloyd,0,final,4,input,82000,1000,82,0.01809349651089529,0.4295706632491834,0.4299515430142484,0.4489146341463415,0.25608536585365854,1.2547318935394287,0,0,0.0
lloyd,0,final,4,lloyd_beta,1000,1000,1,0.5653702982962131,0.1447284001550447,0.5836007916435582,0.0,0.0,1.2547318935394287,0,0,0.0
lloyd,0,final,4,lloyd_iterations,1000,1000,1,1.013,0.11327400407860595,1.0193134944657605,0.0,0.0,2.0,0,0,0.0
lloyd,0,final,4,lloyd_threshold,1000,1000,1,0.28268514914810655,0.07236420007752235,0.2918003958217791,0.0,0.0,0.6273659467697144,0,0,0.0
lloyd,0,final,4,lloyd_threshold_sigma,1000,1000,1,0.6155422693490982,0.03188528756280831,0.616367550182844,0.0,0.0,0.720443844795227,0,0,0.0
lloyd,0,final,4,lloyd_unconverged,1000,1000,1,0.0,0.0,0.0,1.0,0.0,0.0,0,1,1.0
lloyd,0,final,4,output,80000,1000,80,-0.01638076017012909,0.4243659273698698,0.4246819629042901,0.0,0.511675,2.2276265621185303,0,0,0.0
lloyd,0,final,4,pre_activation,80000,1000,80,-0.01638076017012909,0.4243659273698698,0.4246819629042901,0.0,0.511675,2.2276265621185303,0,0,0.0
lloyd,0,final,4,pre_quantization,82000,1000,82,0.019685260799429703,0.4760844311314352,0.47649123292929935,0.0,0.4736463414634146,3.579538106918335,0,0,0.0
lloyd,0,final,5,input,80000,1000,80,-0.014141545759700239,0.3842522680744418,0.3845124040090598,0.448525,0.28485,1.2278239727020264,0,0,0.0
lloyd,0,final,5,lloyd_beta,1000,1000,1,0.5032778939455748,0.1320209536646668,0.5203058434621134,0.0,0.0,1.2278239727020264,0,0,0.0
lloyd,0,final,5,lloyd_iterations,1000,1000,1,1.021,0.1433840995368741,1.0310189135025603,0.0,0.0,2.0,0,0,0.0
lloyd,0,final,5,lloyd_threshold,1000,1000,1,0.2516389469727874,0.0660104768323334,0.2601529217310567,0.0,0.0,0.6139119863510132,0,0,0.0
lloyd,0,final,5,lloyd_threshold_sigma,1000,1000,1,0.6185552943348884,0.03271137077246323,0.6194196363754817,0.0,0.0,0.7712655067443848,0,0,0.0
lloyd,0,final,5,lloyd_unconverged,1000,1000,1,0.0,0.0,0.0,1.0,0.0,0.0,0,1,1.0
lloyd,0,final,5,output,82000,1000,82,-0.002717990813168933,0.390867408245784,0.3908768582339416,0.0,0.5054024390243902,2.4243574142456055,0,0,0.0
lloyd,0,final,5,pre_activation,82000,1000,82,-0.002717990813168933,0.390867408245784,0.3908768582339416,0.0,0.5054024390243902,2.4243574142456055,0,0,0.0
lloyd,0,final,5,pre_quantization,80000,1000,80,-0.01638076017012909,0.4243659273698698,0.4246819629042901,0.0,0.511675,2.2276265621185303,0,0,0.0
lloyd,0,final,6,input,82000,1000,82,-0.00181461463868618,0.3531637408955749,0.35316840276225686,0.45359756097560977,0.277219512195122,1.1193699836730957,0,0,0.0
lloyd,0,final,6,lloyd_beta,1000,1000,1,0.46312437734007833,0.130532854502675,0.4811683852782223,0.0,0.0,1.1193699836730957,0,0,0.0
lloyd,0,final,6,lloyd_iterations,1000,1000,1,1.022,0.14668333238647155,1.0324727599312244,0.0,0.0,2.0,0,0,0.0
lloyd,0,final,6,lloyd_threshold,1000,1000,1,0.23156218867003917,0.0652664272513375,0.24058419263911116,0.0,0.0,0.5596849918365479,0,0,0.0
lloyd,0,final,6,lloyd_threshold_sigma,1000,1000,1,0.6196572276353836,0.03405376667299665,0.6205922484090407,0.0,0.0,0.7713889479637146,0,0,0.0
lloyd,0,final,6,lloyd_unconverged,1000,1000,1,0.0,0.0,0.0,1.0,0.0,0.0,0,1,1.0
lloyd,0,final,6,output,81000,1000,81,-0.0003503611780607602,0.34518296004221355,0.345183137850706,0.0,0.5050246913580247,2.213175058364868,0,0,0.0
lloyd,0,final,6,pre_activation,81000,1000,81,-0.0003503611780607602,0.34518296004221355,0.345183137850706,0.0,0.5050246913580247,2.213175058364868,0,0,0.0
lloyd,0,final,6,pre_quantization,82000,1000,82,-0.002717990813168933,0.390867408245784,0.3908768582339416,0.0,0.5054024390243902,2.4243574142456055,0,0,0.0
lloyd,0,final,7,input,81000,1000,81,-6.381575524071117e-06,0.31204853265042687,0.3120485327156804,0.44425925925925924,0.279641975308642,1.009302020072937,0,0,0.0
lloyd,0,final,7,lloyd_beta,1000,1000,1,0.40511825689673425,0.11715650902834375,0.4217184483500298,0.0,0.0,1.009302020072937,0,0,0.0
lloyd,0,final,7,lloyd_iterations,1000,1000,1,1.014,0.1257139610385415,1.0217631819555841,0.0,0.0,3.0,0,0,0.0
lloyd,0,final,7,lloyd_threshold,1000,1000,1,0.20255912844836713,0.058578254514171875,0.2108592241750149,0.0,0.0,0.5046510100364685,0,0,0.0
lloyd,0,final,7,lloyd_threshold_sigma,1000,1000,1,0.6127044773697853,0.03300573687192082,0.6135928252965808,0.0,0.0,0.758006751537323,0,0,0.0
lloyd,0,final,7,lloyd_unconverged,1000,1000,1,0.0,0.0,0.0,1.0,0.0,0.0,0,1,1.0
lloyd,0,final,7,output,81000,1000,81,-0.012237247022760057,0.31223116703269227,0.31247088165346387,0.0,0.5155432098765432,2.3349266052246094,0,0,0.0
lloyd,0,final,7,pre_activation,81000,1000,81,-0.012237247022760057,0.31223116703269227,0.31247088165346387,0.0,0.5155432098765432,2.3349266052246094,0,0,0.0
lloyd,0,final,7,pre_quantization,81000,1000,81,-0.0003503611780607602,0.34518296004221355,0.345183137850706,0.0,0.5050246913580247,2.213175058364868,0,0,0.0
lloyd,0,final,8,input,81000,1000,81,-0.008581763256479193,0.282014505949627,0.28214504820500125,0.45169135802469135,0.28628395061728396,0.9974125623703003,0,0,0.0
lloyd,0,final,8,lloyd_beta,1000,1000,1,0.3673887872844934,0.10987358285944655,0.3834667198502921,0.0,0.0,0.9974125623703003,0,0,0.0
lloyd,0,final,8,lloyd_iterations,1000,1000,1,1.017,0.1367881573821365,1.0261578825892241,0.0,0.0,3.0,0,0,0.0
lloyd,0,final,8,lloyd_threshold,1000,1000,1,0.1836943936422467,0.054936791429723277,0.19173335992514606,0.0,0.0,0.49870628118515015,0,0,0.0
lloyd,0,final,8,lloyd_threshold_sigma,1000,1000,1,0.6170838135480881,0.03239653387754846,0.6179336277872653,0.0,0.0,0.7514963150024414,0,0,0.0
lloyd,0,final,8,lloyd_unconverged,1000,1000,1,0.0,0.0,0.0,1.0,0.0,0.0,0,1,1.0
lloyd,0,final,8,output,81000,1000,81,0.013748775145554584,0.2812725478671357,0.28160837168250724,0.0,0.4803456790123457,1.7607885599136353,0,0,0.0
lloyd,0,final,8,pre_activation,81000,1000,81,0.013748775145554584,0.2812725478671357,0.28160837168250724,0.0,0.4803456790123457,1.7607885599136353,0,0,0.0
lloyd,0,final,8,pre_quantization,81000,1000,81,-0.012237247022760057,0.31223116703269227,0.31247088165346387,0.0,0.5155432098765432,2.3349266052246094,0,0,0.0
lloyd,0,final,9,input,81000,1000,81,0.010989053345388836,0.2540786800296031,0.254316210531325,0.4476172839506173,0.26065432098765434,0.7625347375869751,0,0,0.0
lloyd,0,final,9,lloyd_beta,1000,1000,1,0.3295487888380885,0.09555032330443947,0.34312136119488973,0.0,0.0,0.7625347375869751,0,0,0.0
lloyd,0,final,9,lloyd_iterations,1000,1000,1,1.008,0.08908422980528004,1.0119288512538813,0.0,0.0,2.0,0,0,0.0
lloyd,0,final,9,lloyd_threshold,1000,1000,1,0.16477439441904426,0.04777516165221973,0.17156068059744486,0.0,0.0,0.38126736879348755,0,0,0.0
lloyd,0,final,9,lloyd_threshold_sigma,1000,1000,1,0.6137721918821335,0.03251869408630825,0.6146330360409188,0.0,0.0,0.8248063325881958,0,0,0.0
lloyd,0,final,9,lloyd_unconverged,1000,1000,1,0.0,0.0,0.0,1.0,0.0,0.0,0,1,1.0
lloyd,0,final,9,output,81000,1000,81,-0.0007603271935093218,0.25160795070872116,0.2516090995120873,0.0,0.5001358024691358,1.6135920286178589,0,0,0.0
lloyd,0,final,9,pre_activation,81000,1000,81,-0.0007603271935093218,0.25160795070872116,0.2516090995120873,0.0,0.5001358024691358,1.6135920286178589,0,0,0.0
lloyd,0,final,9,pre_quantization,81000,1000,81,0.013748775145554584,0.2812725478671357,0.28160837168250724,0.0,0.4803456790123457,1.7607885599136353,0,0,0.0
lloyd,0,final,10,input,81000,1000,81,-0.00039997019361198683,0.22722314869889107,0.22722350072295372,0.44850617283950617,0.27585185185185185,0.7038007974624634,0,0,0.0
lloyd,0,final,10,lloyd_beta,1000,1000,1,0.29409855377674105,0.09141875307087331,0.30797945994271103,0.0,0.0,0.7038007974624634,0,0,0.0
lloyd,0,final,10,lloyd_iterations,1000,1000,1,1.019,0.1504626199426292,1.030048542545447,0.0,0.0,3.0,0,0,0.0
lloyd,0,final,10,lloyd_threshold,1000,1000,1,0.14704927688837052,0.045709376535436656,0.15398972997135552,0.0,0.0,0.3519003987312317,0,0,0.0
lloyd,0,final,10,lloyd_threshold_sigma,1000,1000,1,0.6140048193335533,0.03340855523897265,0.6149130424116771,0.0,0.0,0.8354083299636841,0,0,0.0
lloyd,0,final,10,lloyd_unconverged,1000,1000,1,0.0,0.0,0.0,1.0,0.0,0.0,0,1,1.0
lloyd,0,final,10,output,81000,1000,81,0.001464897567068973,0.22856525788253562,0.22856995217174111,0.0,0.5009506172839506,1.6319798231124878,0,0,0.0
lloyd,0,final,10,pre_activation,81000,1000,81,0.001464897567068973,0.22856525788253562,0.22856995217174111,0.0,0.5009506172839506,1.6319798231124878,0,0,0.0
lloyd,0,final,10,pre_quantization,81000,1000,81,-0.0007603271935093218,0.25160795070872116,0.2516090995120873,0.0,0.5001358024691358,1.6135920286178589,0,0,0.0
lloyd,0,final,11,input,81000,1000,81,0.0007969674709034554,0.20636908504977777,0.20637062393042305,0.44895061728395064,0.2750246913580247,0.6938750147819519,0,0,0.0
lloyd,0,final,11,lloyd_beta,1000,1000,1,0.26609353432804345,0.08711182284511741,0.2799897117584658,0.0,0.0,0.6938750147819519,0,0,0.0
lloyd,0,final,11,lloyd_iterations,1000,1000,1,1.013,0.12178259317324475,1.0202940752547767,0.0,0.0,3.0,0,0,0.0
lloyd,0,final,11,lloyd_threshold,1000,1000,1,0.13304676716402172,0.043555911422558706,0.1399948558792329,0.0,0.0,0.34693750739097595,0,0,0.0
lloyd,0,final,11,lloyd_threshold_sigma,1000,1000,1,0.6149945209622383,0.03300743764592022,0.6158796568758561,0.0,0.0,0.7323623299598694,0,0,0.0
lloyd,0,final,11,lloyd_unconverged,1000,1000,1,0.0,0.0,0.0,1.0,0.0,0.0,0,1,1.0
lloyd,0,final,11,output,82000,1000,82,0.0017028993440577672,0.21174455816836465,0.21175140561538655,0.0,0.498109756097561,1.594606876373291,0,0,0.0
lloyd,0,final,11,pre_activation,82000,1000,82,0.0017028993440577672,0.21174455816836465,0.21175140561538655,0.0,0.498109756097561,1.594606876373291,0,0,0.0
lloyd,0,final,11,pre_quantization,81000,1000,81,0.001464897567068973,0.22856525788253562,0.22856995217174111,0.0,0.5009506172839506,1.6319798231124878,0,0,0.0
lloyd,0,final,12,input,82000,1000,82,0.0011974923809672275,0.1913003672357962,0.19130411520025636,0.45107317073170733,0.2723048780487805,0.6810613870620728,0,0,0.0
lloyd,0,final,12,lloyd_beta,1000,1000,1,0.24544675778597594,0.08241468740245186,0.25891367597578036,0.0,0.0,0.6810613870620728,0,0,0.0
lloyd,0,final,12,lloyd_iterations,1000,1000,1,1.016,0.13320660644277363,1.02469507659596,0.0,0.0,3.0,0,0,0.0
lloyd,0,final,12,lloyd_threshold,1000,1000,1,0.12272337889298797,0.04120734370122593,0.12945683798789018,0.0,0.0,0.3405306935310364,0,0,0.0
lloyd,0,final,12,lloyd_threshold_sigma,1000,1000,1,0.614345010459423,0.030700202354965647,0.6151116112552456,0.0,0.0,0.7409528493881226,0,0,0.0
lloyd,0,final,12,lloyd_unconverged,1000,1000,1,0.0,0.0,0.0,1.0,0.0,0.0,0,1,1.0
lloyd,0,final,12,output,81000,1000,81,0.004347282765679341,0.1868330302969684,0.1868836003436168,0.0,0.48987654320987656,1.289594054222107,0,0,0.0
lloyd,0,final,12,pre_activation,81000,1000,81,0.004347282765679341,0.1868330302969684,0.1868836003436168,0.0,0.48987654320987656,1.289594054222107,0,0,0.0
lloyd,0,final,12,pre_quantization,82000,1000,82,0.0017028993440577672,0.21174455816836465,0.21175140561538655,0.0,0.498109756097561,1.594606876373291,0,0,0.0
lloyd,0,final,13,input,81000,1000,81,0.0039347811432348355,0.1688959531446384,0.1689417813664845,0.44709876543209875,0.26812345679012345,0.6950409412384033,0,0,0.0
lloyd,0,final,13,lloyd_beta,1000,1000,1,0.21582264810800553,0.07631303553652492,0.22891722265734157,0.0,0.0,0.6950409412384033,0,0,0.0
lloyd,0,final,13,lloyd_iterations,1000,1000,1,1.023,0.15643209389380472,1.0348912986396204,0.0,0.0,3.0,0,0,0.0
lloyd,0,final,13,lloyd_threshold,1000,1000,1,0.10791132405400276,0.03815651776826246,0.11445861132867079,0.0,0.0,0.34752047061920166,0,0,0.0
lloyd,0,final,13,lloyd_threshold_sigma,1000,1000,1,0.6139497704505921,0.03318210044355469,0.6148458119123695,0.0,0.0,0.7271211743354797,0,0,0.0
lloyd,0,final,13,lloyd_unconverged,1000,1000,1,0.0,0.0,0.0,1.0,0.0,0.0,0,1,1.0
lloyd,0,final,13,output,82000,1000,82,0.0021245572120663927,0.1697660510749774,0.16977934456505356,0.0,0.4948780487804878,1.3176953792572021,0,0,0.0
lloyd,0,final,13,pre_activation,82000,1000,82,0.0021245572120663927,0.1697660510749774,0.16977934456505356,0.0,0.4948780487804878,1.3176953792572021,0,0,0.0
lloyd,0,final,13,pre_quantization,81000,1000,81,0.004347282765679341,0.1868330302969684,0.1868836003436168,0.0,0.48987654320987656,1.289594054222107,0,0,0.0
lloyd,0,final,14,input,82000,1000,82,0.0014391129383953605,0.15338734150785963,0.15339409239243282,0.45039024390243904,0.2700487804878049,0.5666089057922363,0,0,0.0
lloyd,0,final,14,lloyd_beta,1000,1000,1,0.19644069831073285,0.0681560133450694,0.20792832925770754,0.0,0.0,0.5666089057922363,0,0,0.0
lloyd,0,final,14,lloyd_iterations,1000,1000,1,1.018,0.14722771478223803,1.0285912696499033,0.0,0.0,3.0,0,0,0.0
lloyd,0,final,14,lloyd_threshold,1000,1000,1,0.09822034915536643,0.0340780066725347,0.10396416462885377,0.0,0.0,0.28330445289611816,0,0,0.0
lloyd,0,final,14,lloyd_threshold_sigma,1000,1000,1,0.6154219061732292,0.030578233486449,0.6161811024050013,0.0,0.0,0.7247288227081299,0,0,0.0
lloyd,0,final,14,lloyd_unconverged,1000,1000,1,0.0,0.0,0.0,1.0,0.0,0.0,0,1,1.0
lloyd,0,final,14,output,80000,1000,80,0.0015538916927900443,0.15351160196043376,0.15351946624402904,0.0,0.4971625,1.0866796970367432,0,0,0.0
lloyd,0,final,14,pre_activation,80000,1000,80,0.0015538916927900443,0.15351160196043376,0.15351946624402904,0.0,0.4971625,1.0866796970367432,0,0,0.0
lloyd,0,final,14,pre_quantization,82000,1000,82,0.0021245572120663927,0.1697660510749774,0.16977934456505356,0.0,0.4948780487804878,1.3176953792572021,0,0,0.0
lloyd,0,final,15,input,80000,1000,80,0.0014879024170339108,0.13894757927579743,0.1389555455539887,0.4462625,0.2731125,0.542456328868866,0,0,0.0
lloyd,0,final,15,lloyd_beta,1000,1000,1,0.17678439845889807,0.06384155671695724,0.18795868669076965,0.0,0.0,0.542456328868866,0,0,0.0
lloyd,0,final,15,lloyd_iterations,1000,1000,1,1.018,0.13295111883696212,1.0266450214168479,0.0,0.0,2.0,0,0,0.0
lloyd,0,final,15,lloyd_threshold,1000,1000,1,0.08839219922944903,0.03192077835847862,0.09397934334538482,0.0,0.0,0.271228164434433,0,0,0.0
lloyd,0,final,15,lloyd_threshold_sigma,1000,1000,1,0.6136084087491035,0.032334499405244334,0.6144597620181443,0.0,0.0,0.7481839060783386,0,0,0.0
lloyd,0,final,15,lloyd_unconverged,1000,1000,1,0.0,0.0,0.0,1.0,0.0,0.0,0,1,1.0
lloyd,0,final,15,output,10000,1000,10,0.003947561432793736,0.14094099901185145,0.14099627102772752,0.0459,0.4616,0.9399194717407227,0,0,0.0
lloyd,0,final,15,pre_activation,10000,1000,10,0.003947561432793736,0.14094099901185145,0.14099627102772752,0.0459,0.4616,0.9399194717407227,0,0,0.0
lloyd,0,final,15,pre_quantization,80000,1000,80,0.0015538916927900443,0.15351160196043376,0.15351946624402904,0.0,0.4971625,1.0866796970367432,0,0,0.0
lloyd,1,initial,0,input,90000,1000,90,0.07408712807794413,0.6607627774775384,0.664903264126947,0.4970888888888889,0.3023888888888889,2.484405755996704,0,0,0.0
lloyd,1,initial,0,lloyd_beta,1000,1000,1,1.181869717091322,0.5659814702332936,1.3104011037941634,0.0,0.0,2.484405755996704,0,0,0.0
lloyd,1,initial,0,lloyd_iterations,1000,1000,1,2.314,0.7206968849662109,2.4236336356801123,0.0,0.0,5.0,0,0,0.0
lloyd,1,initial,0,lloyd_threshold,1000,1000,1,0.5908626827448606,0.28292391312782833,0.6551065947462419,0.0,0.0,1.242202877998352,0,0,0.0
lloyd,1,initial,0,lloyd_threshold_sigma,1000,1000,1,0.7600002300143242,0.2643202873465675,0.804652449151059,0.0,0.0,1.4049358367919922,0,0,0.0
lloyd,1,initial,0,lloyd_unconverged,1000,1000,1,0.001,0.03160696125855822,0.03162277660168379,0.999,0.0,1.0,0,0,0.0
lloyd,1,initial,0,output,79000,1000,79,-0.09168852023618856,0.6404903958602656,0.6470198852680972,0.0,0.552,3.9728119373321533,0,0,0.0
lloyd,1,initial,0,pre_activation,79000,1000,79,-0.09168852023618856,0.6404903958602656,0.6470198852680972,0.0,0.552,3.9728119373321533,0,0,0.0
lloyd,1,initial,0,pre_quantization,90000,1000,90,0.018114338403025208,0.7685564910431445,0.7687699325418043,0.0,0.7199444444444445,2.821486711502075,0,0,0.0
lloyd,1,initial,1,input,79000,1000,79,-0.06949470571098448,0.5800250442552144,0.5841734041233988,0.4361772151898734,0.32574683544303795,1.5614749193191528,0,0,0.0
lloyd,1,initial,1,lloyd_beta,1000,1000,1,0.7677622964978218,0.16715649909759148,0.7857482033795383,0.0,0.0,1.5614749193191528,0,0,0.0
lloyd,1,initial,1,lloyd_iterations,1000,1000,1,1.013,0.11327400407860595,1.0193134944657605,0.0,0.0,2.0,0,0,0.0
lloyd,1,initial,1,lloyd_threshold,1000,1000,1,0.3838811482489109,0.08357824954879574,0.39287410168976916,0.0,0.0,0.7807374596595764,0,0,0.0
lloyd,1,initial,1,lloyd_threshold_sigma,1000,1000,1,0.6127711209654808,0.039346569310157085,0.61403306035243,0.0,0.0,0.7645477056503296,0,0,0.0
lloyd,1,initial,1,lloyd_unconverged,1000,1000,1,0.0,0.0,0.0,1.0,0.0,0.0,0,1,1.0
lloyd,1,initial,1,output,82000,1000,82,-0.02777679878641484,0.5545457063722244,0.5552409305938192,0.0,0.5245243902439024,3.4679503440856934,0,0,0.0
lloyd,1,initial,1,pre_activation,82000,1000,82,-0.02777679878641484,0.5545457063722244,0.5552409305938192,0.0,0.5245243902439024,3.4679503440856934,0,0,0.0
lloyd,1,initial,1,pre_quantization,79000,1000,79,-0.09168852023618856,0.6404903958602656,0.6470198852680972,0.0,0.552,3.9728119373321533,0,0,0.0
lloyd,1,initial,2,input,82000,1000,82,-0.025288837284940045,0.5007070432658948,0.5013452587462046,0.43803658536585366,0.29784146341463413,1.3062236309051514,0,0,0.0
lloyd,1,initial,2,lloyd_beta,1000,1000,1,0.6535264895260334,0.1657523466074204,0.6742185943135113,0.0,0.0,1.3062236309051514,0,0,0.0
lloyd,1,initial,2,lloyd_iterations,1000,1000,1,1.008,0.08908422980528004,1.0119288512538813,0.0,0.0,2.0,0,0,0.0
lloyd,1,initial,2,lloyd_threshold,1000,1000,1,0.3267632447630167,0.0828761733037102,0.33710929715675564,0.0,0.0,0.6531118154525757,0,0,0.0
lloyd,1,initial,2,lloyd_threshold_sigma,1000,1000,1,0.6081237918138505,0.031338489168989944,0.6089307407853952,0.0,0.0,0.7128046751022339,0,0,0.0
lloyd,1,initial,2,lloyd_unconverged,1000,1000,1,0.0,0.0,0.0,1.0,0.0,0.0,0,1,1.0
lloyd,1,initial,2,output,80000,1000,80,-0.0248847576520864,0.49069990192463,0.49133048441170896,0.0,0.5171,3.303834915161133,0,0,0.0
lloyd,1,initial,2,pre_activation,80000,1000,80,-0.0248847576520864,0.49069990192463,0.49133048441170896,0.0,0.5171,3.303834915161133,0,0,0.0
lloyd,1,initial,2,pre_quantization,82000,1000,82,-0.02777679878641484,0.5545457063722244,0.5552409305938192,0.0,0.5245243902439024,3.4679503440856934,0,0,0.0
lloyd,1,initial,3,input,80000,1000,80,-0.019544441032782196,0.44338947350109476,0.44382002026368966,0.4557125,0.2873375,1.2340161800384521,0,0,0.0
lloyd,1,initial,3,lloyd_beta,1000,1000,1,0.586517491042614,0.1485227188373557,0.6050303837905688,0.0,0.0,1.2340161800384521,0,0,0.0
lloyd,1,initial,3,lloyd_iterations,1000,1000,1,1.023,0.15643209389380472,1.0348912986396204,0.0,0.0,3.0,0,0,0.0
lloyd,1,initial,3,lloyd_threshold,1000,1000,1,0.293258745521307,0.07426135941867786,0.3025151918952844,0.0,0.0,0.6170080900192261,0,0,0.0
lloyd,1,initial,3,lloyd_threshold_sigma,1000,1000,1,0.6181484198570252,0.03274069755164803,0.6190148804737294,0.0,0.0,0.7784448862075806,0,0,0.0
lloyd,1,initial,3,lloyd_unconverged,1000,1000,1,0.0,0.0,0.0,1.0,0.0,0.0,0,1,1.0
lloyd,1,initial,3,output,82000,1000,82,-0.022553532834780336,0.4387783983311735,0.4393576500817978,0.0,0.5155,2.784247398376465,0,0,0.0
lloyd,1,initial,3,pre_activation,82000,1000,82,-0.022553532834780336,0.4387783983311735,0.4393576500817978,0.0,0.5155,2.784247398376465,0,0,0.0
lloyd,1,initial,3,pre_quantization,80000,1000,80,-0.0248847576520864,0.49069990192463,0.49133048441170896,0.0,0.5171,3.303834915161133,0,0,0.0
lloyd,1,initial,4,input,82000,1000,82,-0.019356239690286357,0.3969156981903555,0.3973873871738825,0.44470731707317074,0.2927682926829268,1.2330580949783325,0,0,0.0
lloyd,1,initial,4,lloyd_beta,1000,1000,1,0.5206172632873058,0.1322945666216742,0.5371630917983666,0.0,0.0,1.2330580949783325,0,0,0.0
lloyd,1,initial,4,lloyd_iterations,1000,1000,1,1.022,0.165879474317952,1.0353743284435828,0.0,0.0,3.0,0,0,0.0
lloyd,1,initial,4,lloyd_threshold,1000,1000,1,0.2603086316436529,0.0661472833108371,0.2685815458991833,0.0,0.0,0.6165290474891663,0,0,0.0
lloyd,1,initial,4,lloyd_threshold_sigma,1000,1000,1,0.6166447095870972,0.033714675389612196,0.6175656865454737,0.0,0.0,0.7401207685470581,0,0,0.0
lloyd,1,initial,4,lloyd_unconverged,1000,1000,1,0.0,0.0,0.0,1.0,0.0,0.0,0,1,1.0
lloyd,1,initial,4,output,80000,1000,80,-0.009025630033473396,0.3892355604951377,0.3893401900028626,0.0,0.5117625,2.286158323287964,0,0,0.0
lloyd,1,initial,4,pre_activation,80000,1000,80,-0.009025630033473396,0.3892355604951377,0.3893401900028626,0.0,0.5117625,2.286158323287964,0,0,0.0
lloyd,1,initial,4,pre_quantization,82000,1000,82,-0.022553532834780336,0.4387783983311735,0.4393576500817978,0.0,0.5155,2.784247398376465,0,0,0.0
lloyd,1,initial,5,input,80000,1000,80,-0.006155130629427731,0.3511052357926898,0.3511591836106606,0.455275,0.2805625,0.987725019454956,0,0,0.0
lloyd,1,initial,5,lloyd_beta,1000,1000,1,0.46482853426039217,0.11398855657817836,0.4786010418850351,0.0,0.0,0.987725019454956,0,0,0.0
lloyd,1,initial,5,lloyd_iterations,1000,1000,1,1.017,0.1367881573821365,1.0261578825892241,0.0,0.0,3.0,0,0,0.0
lloyd,1,initial,5,lloyd_threshold,1000,1000,1,0.23241426713019608,0.05699427828908918,0.23930052094251755,0.0,0.0,0.493862509727478,0,0,0.0
lloyd,1,initial,5,lloyd_threshold_sigma,1000,1000,1,0.6173033202886582,0.0337530645102743,0.6182254108359155,0.0,0.0,0.7518040537834167,0,0,0.0
lloyd,1,initial,5,lloyd_unconverged,1000,1000,1,0.0,0.0,0.0,1.0,0.0,0.0,0,1,1.0
lloyd,1,initial,5,output,82000,1000,82,-0.0074499204268996845,0.3464877052166504,0.346567787280739,0.0,0.5053292682926829,2.132842779159546,0,0,0.0
lloyd,1,initial,5,pre_activation,82000,1000,82,-0.0074499204268996845,0.3464877052166504,0.346567787280739,0.0,0.5053292682926829,2.132842779159546,0,0,0.0
lloyd,1,initial,5,pre_quantization,80000,1000,80,-0.009025630033473396,0.3892355604951377,0.3893401900028626,0.0,0.5117625,2.286158323287964,0,0,0.0
lloyd,1,initial,6,input,82000,1000,82,-0.006217780983302651,0.3127328125622411,0.3127946176861842,0.4471829268292683,0.2817682926829268,0.8801948428153992,0,0,0.0
lloyd,1,initial,6,lloyd_beta,1000,1000,1,0.4100023840218782,0.10853186781681698,0.4241239456048559,0.0,0.0,0.8801948428153992,0,0,0.0
lloyd,1,initial,6,lloyd_iterations,1000,1000,1,1.014,0.11749042514179582,1.0207840124139875,0.0,0.0,2.0,0,0,0.0
lloyd,1,initial,6,lloyd_threshold,1000,1000,1,0.2050011920109391,0.05426593390840849,0.21206197280242794,0.0,0.0,0.4400974214076996,0,0,0.0
lloyd,1,initial,6,lloyd_threshold_sigma,1000,1000,1,0.6147163490056992,0.03458305516615328,0.6156883768916883,0.0,0.0,0.7469491958618164,0,0,0.0
lloyd,1,initial,6,lloyd_unconverged,1000,1000,1,0.0,0.0,0.0,1.0,0.0,0.0,0,1,1.0
lloyd,1,initial,6,output,81000,1000,81,0.005906169198909196,0.3051075176440866,0.30516467711310036,0.0,0.49453086419753084,1.9786018133163452,0,0,0.0
lloyd,1,initial,6,pre_activation,81000,1000,81,0.005906169198909196,0.3051075176440866,0.30516467711310036,0.0,0.49453086419753084,1.9786018133163452,0,0,0.0
lloyd,1,initial,6,pre_quantization,82000,1000,82,-0.0074499204268996845,0.3464877052166504,0.346567787280739,0.0,0.5053292682926829,2.132842779159546,0,0,0.0
lloyd,1,initial,7,input,81000,1000,81,0.00477015064638338,0.2753882178903696,0.27542952799223047,0.4514444444444444,0.2690864197530864,0.7804175615310669,0,0,0.0
lloyd,1,initial,7,lloyd_beta,1000,1000,1,0.3606313504576683,0.10013584597511607,0.3742755115981725,0.0,0.0,0.7804175615310669,0,0,0.0
lloyd,1,initial,7,lloyd_iterations,1000,1000,1,1.021,0.15671311368229596,1.0329569206893383,0.0,0.0,3.0,0,0,0.0
lloyd,1,initial,7,lloyd_threshold,1000,1000,1,0.18031567522883415,0.050067922987558036,0.18713775579908626,0.0,0.0,0.39020878076553345,0,0,0.0
lloyd,1,initial,7,lloyd_threshold_sigma,1000,1000,1,0.6154179819226265,0.03284036886100345,0.6162935845038833,0.0,0.0,0.7621395587921143,0,0,0.0
lloyd,1,initial,7,lloyd_unconverged,1000,1000,1,0.0,0.0,0.0,1.0,0.0,0.0,0,1,1.0
lloyd,1,initial,7,output,81000,1000,81,0.0016779162044585746,0.2762702039552262,0.2762752992872354,0.0,0.49790123456790125,1.8664820194244385,0,0,0.0
lloyd,1,initial,7,pre_activation,81000,1000,81,0.0016779162044585746,0.2762702039552262,0.2762752992872354,0.0,0.49790123456790125,1.8664820194244385,0,0,0.0
lloyd,1,initial,7,pre_quantization,81000,1000,81,0.005906169198909196,0.3051075176440866,0.30516467711310036,0.0,0.49453086419753084,1.9786018133163452,0,0,0.0
lloyd,1,initial,8,input,81000,1000,81,0.0011411974477915116,0.2496222278905382,0.24962483648197076,0.4507407407407407,0.27181481481481484,0.715883195400238,0,0,0.0
lloyd,1,initial,8,lloyd_beta,1000,1000,1,0.32511778631806376,0.0942745937124029,0.3385103750256361,0.0,0.0,0.715883195400238,0,0,0.0
lloyd,1,initial,8,lloyd_iterations,1000,1000,1,1.012,0.10888526071053001,1.0178408519999578,0.0,0.0,2.0,0,0,0.0
lloyd,1,initial,8,lloyd_threshold,1000,1000,1,0.16255889315903188,0.04713729685620145,0.16925518751281804,0.0,0.0,0.357941597700119,0,0,0.0
lloyd,1,initial,8,lloyd_threshold_sigma,1000,1000,1,0.6153957160711289,0.03322740391220538,0.616292096111448,0.0,0.0,0.7317690849304199,0,0,0.0
lloyd,1,initial,8,lloyd_unconverged,1000,1000,1,0.0,0.0,0.0,1.0,0.0,0.0,0,1,1.0
lloyd,1,initial,8,output,81000,1000,81,-0.0038225716981275435,0.24690804810734623,0.24693763640758962,0.0,0.5050987654320988,1.5814191102981567,0,0,0.0
lloyd,1,initial,8,pre_activation,81000,1000,81,-0.0038225716981275435,0.24690804810734623,0.24693763640758962,0.0,0.5050987654320988,1.5814191102981567,0,0,0.0
lloyd,1,initial,8,pre_quantization,81000,1000,81,0.0016779162044585746,0.2762702039552262,0.2762752992872354,0.0,0.49790123456790125,1.8664820194244385,0,0,0.0
lloyd,1,initial,9,input,81000,1000,81,-0.002769585954922217,0.22328694620608142,0.22330412211242137,0.4495679012345679,0.2813456790123457,0.706699550151825,0,0,0.0
lloyd,1,initial,9,lloyd_beta,1000,1000,1,0.28997393359243867,0.08757757544283643,0.302910405703597,0.0,0.0,0.706699550151825,0,0,0.0
lloyd,1,initial,9,lloyd_iterations,1000,1000,1,1.023,0.16269910878674207,1.0358571330062847,0.0,0.0,3.0,0,0,0.0
lloyd,1,initial,9,lloyd_threshold,1000,1000,1,0.14498696679621934,0.04378878772141821,0.1514552028517985,0.0,0.0,0.3533497750759125,0,0,0.0
lloyd,1,initial,9,lloyd_threshold_sigma,1000,1000,1,0.616635591506958,0.03385530422764551,0.6175642754705638,0.0,0.0,0.7910611629486084,0,0,0.0
lloyd,1,initial,9,lloyd_unconverged,1000,1000,1,0.0,0.0,0.0,1.0,0.0,0.0,0,1,1.0
lloyd,1,initial,9,output,81000,1000,81,-0.004107248832545749,0.21858903637547725,0.21862762020506962,0.0,0.5108765432098765,1.5547000169754028,0,0,0.0
lloyd,1,initial,9,pre_activation,81000,1000,81,-0.004107248832545749,0.21858903637547725,0.21862762020506962,0.0,0.5108765432098765,1.5547000169754028,0,0,0.0
lloyd,1,initial,9,pre_quantization,81000,1000,81,-0.0038225716981275435,0.24690804810734623,0.24693763640758962,0.0,0.5050987654320988,1.5814191102981567,0,0,0.0
lloyd,1,initial,10,input,81000,1000,81,-0.003693745503087103,0.19757486309618894,0.1976093881457037,0.44962962962962966,0.2837037037037037,0.6385525465011597,0,0,0.0
lloyd,1,initial,10,lloyd_beta,1000,1000,1,0.2555516156181693,0.07907618786285338,0.2675063956842487,0.0,0.0,0.6385525465011597,0,0,0.0
lloyd,1,initial,10,lloyd_iterations,1000,1000,1,1.016,0.1254750971308649,1.0237187113655781,0.0,0.0,2.0,0,0,0.0
lloyd,1,initial,10,lloyd_threshold,1000,1000,1,0.12777580780908465,0.03953809393142669,0.13375319784212436,0.0,0.0,0.31927627325057983,0,0,0.0
lloyd,1,initial,10,lloyd_threshold_sigma,1000,1000,1,0.6148631872534752,0.033298867993090335,0.6157642029617534,0.0,0.0,0.7386717200279236,0,0,0.0
lloyd,1,initial,10,lloyd_unconverged,1000,1000,1,0.0,0.0,0.0,1.0,0.0,0.0,0,1,1.0
lloyd,1,initial,10,output,81000,1000,81,-0.0010117535273256354,0.1930505026306825,0.19305315384929406,0.0,0.49903703703703706,1.5468899011611938,0,0,0.0
lloyd,1,initial,10,pre_activation,81000,1000,81,-0.0010117535273256354,0.1930505026306825,0.19305315384929406,0.0,0.49903703703703706,1.5468899011611938,0,0,0.0
lloyd,1,initial,10,pre_quantization,81000,1000,81,-0.004107248832545749,0.21858903637547725,0.21862762020506962,0.0,0.5108765432098765,1.5547000169754028,0,0,0.0
lloyd,1,initial,11,input,81000,1000,81,-0.0004126551632343987,0.17425506701853655,0.17425555562425665,0.44722222222222224,0.27653086419753087,0.5578727126121521,0,0,0.0
lloyd,1,initial,11,lloyd_beta,1000,1000,1,0.2240929481983185,0.0735266075140474,0.23584700855584118,0.0,0.0,0.5578727126121521,0,0,0.0
lloyd,1,initial,11,lloyd_iterations,1000,1000,1,1.016,0.1254750971308649,1.0237187113655781,0.0,0.0,2.0,0,0,0.0
lloyd,1,initial,11,lloyd_threshold,1000,1000,1,0.11204647409915924,0.0367633037570237,0.11792350427792059,0.0,0.0,0.27893635630607605,0,0,0.0
lloyd,1,initial,11,lloyd_threshold_sigma,1000,1000,1,0.6141063988804817,0.032692731589362846,0.6149760026576057,0.0,0.0,0.740548312664032,0,0,0.0
lloyd,1,initial,11,lloyd_unconverged,1000,1000,1,0.0,0.0,0.0,1.0,0.0,0.0,0,1,1.0
lloyd,1,initial,11,output,82000,1000,82,-0.0024095069438765,0.17056877793910802,0.17058579580772057,0.0,0.5037926829268292,1.3190454244613647,0,0,0.0
lloyd,1,initial,11,pre_activation,82000,1000,82,-0.0024095069438765,0.17056877793910802,0.17058579580772057,0.0,0.5037926829268292,1.3190454244613647,0,0,0.0
lloyd,1,initial,11,pre_quantization,81000,1000,81,-0.0010117535273256354,0.1930505026306825,0.19305315384929406,0.0,0.49903703703703706,1.5468899011611938,0,0,0.0
lloyd,1,initial,12,input,82000,1000,82,-0.0017256265037306924,0.15413731759113844,0.1541469768144087,0.4546951219512195,0.2771829268292683,0.5557115077972412,0,0,0.0
lloyd,1,initial,12,lloyd_beta,1000,1000,1,0.1991144852861762,0.06591588823978206,0.20974146603191826,0.0,0.0,0.5557115077972412,0,0,0.0
lloyd,1,initial,12,lloyd_iterations,1000,1000,1,1.019,0.14366279963859843,1.0290772565750348,0.0,0.0,3.0,0,0,0.0
lloyd,1,initial,12,lloyd_threshold,1000,1000,1,0.0995572426430881,0.03295794411989103,0.10487073301595913,0.0,0.0,0.2778557538986206,0,0,0.0
lloyd,1,initial,12,lloyd_threshold_sigma,1000,1000,1,0.6167235738635063,0.033893803503683415,0.617654236992609,0.0,0.0,0.7529258728027344,0,0,0.0
lloyd,1,initial,12,lloyd_unconverged,1000,1000,1,0.0,0.0,0.0,1.0,0.0,0.0,0,1,1.0
lloyd,1,initial,12,output,81000,1000,81,-0.0012216813600449588,0.15162323114761692,0.15162815282456338,0.0,0.5022839506172839,1.1500568389892578,0,0,0.0
lloyd,1,initial,12,pre_activation,81000,1000,81,-0.0012216813600449588,0.15162323114761692,0.15162815282456338,0.0,0.5022839506172839,1.1500568389892578,0,0,0.0
lloyd,1,initial,12,pre_quantization,82000,1000,82,-0.0024095069438765,0.17056877793910802,0.17058579580772057,0.0,0.5037926829268292,1.3190454244613647,0,0,0.0
lloyd,1,initial,13,input,81000,1000,81,-0.0005900212965997649,0.13670290006512495,0.13670417335014312,0.45051851851851854,0.276641975308642,0.5148475766181946,0,0,0.0
lloyd,1,initial,13,lloyd_beta,1000,1000,1,0.1754737180918455,0.060783408571197,0.18570311924819555,0.0,0.0,0.5148475766181946,0,0,0.0
lloyd,1,initial,13,lloyd_iterations,1000,1000,1,1.013,0.11327400407860595,1.0193134944657605,0.0,0.0,2.0,0,0,0.0
lloyd,1,initial,13,lloyd_threshold,1000,1000,1,0.08773685904592275,0.0303917042855985,0.09285155962409777,0.0,0.0,0.2574237883090973,0,0,0.0
lloyd,1,initial,13,lloyd_threshold_sigma,1000,1000,1,0.6140429263114929,0.03253149228093096,0.6149040684067766,0.0,0.0,0.7249489426612854,0,0,0.0
lloyd,1,initial,13,lloyd_unconverged,1000,1000,1,0.0,0.0,0.0,1.0,0.0,0.0,0,1,1.0
lloyd,1,initial,13,output,82000,1000,82,-0.0013419138833211837,0.1371361072644977,0.13714267260240365,0.0,0.5022317073170731,0.9384242296218872,0,0,0.0
lloyd,1,initial,13,pre_activation,82000,1000,82,-0.0013419138833211837,0.1371361072644977,0.13714267260240365,0.0,0.5022317073170731,0.9384242296218872,0,0,0.0
lloyd,1,initial,13,pre_quantization,81000,1000,81,-0.0012216813600449588,0.15162323114761692,0.15162815282456338,0.0,0.5022839506172839,1.1500568389892578,0,0,0.0
lloyd,1,initial,14,input,82000,1000,82,-0.0014870025123492248,0.12405903327328686,0.1240679447447012,0.44951219512195123,0.278609756097561,0.436829537153244,0,0,0.0
lloyd,1,initial,14,lloyd_beta,1000,1000,1,0.15823878310993314,0.05620575529977471,0.167924385986463,0.0,0.0,0.436829537153244,0,0,0.0
lloyd,1,initial,14,lloyd_iterations,1000,1000,1,1.018,0.14722771478223803,1.0285912696499033,0.0,0.0,3.0,0,0,0.0
lloyd,1,initial,14,lloyd_threshold,1000,1000,1,0.07911939155496657,0.028102877649887354,0.0839621929932315,0.0,0.0,0.218414768576622,0,0,0.0
lloyd,1,initial,14,lloyd_threshold_sigma,1000,1000,1,0.6148019931316375,0.03275102774490008,0.6156737127545574,0.0,0.0,0.7610231041908264,0,0,0.0
lloyd,1,initial,14,lloyd_unconverged,1000,1000,1,0.0,0.0,0.0,1.0,0.0,0.0,0,1,1.0
lloyd,1,initial,14,output,80000,1000,80,-0.0016238926173639623,0.12382140466260874,0.12383205271598399,0.0,0.502675,1.1054034233093262,0,0,0.0
lloyd,1,initial,14,pre_activation,80000,1000,80,-0.0016238926173639623,0.12382140466260874,0.12383205271598399,0.0,0.502675,1.1054034233093262,0,0,0.0
lloyd,1,initial,14,pre_quantization,82000,1000,82,-0.0013419138833211837,0.1371361072644977,0.13714267260240365,0.0,0.5022317073170731,0.9384242296218872,0,0,0.0
lloyd,1,initial,15,input,80000,1000,80,-0.0011102894448675215,0.11189557987986701,0.11190108819534814,0.4519125,0.2777875,0.41839271783828735,0,0,0.0
lloyd,1,initial,15,lloyd_beta,1000,1000,1,0.142526505112648,0.052195286146393474,0.15178324201152632,0.0,0.0,0.41839271783828735,0,0,0.0
lloyd,1,initial,15,lloyd_iterations,1000,1000,1,1.011,0.1134856819162668,1.0173494974687902,0.0,0.0,3.0,0,0,0.0
lloyd,1,initial,15,lloyd_threshold,1000,1000,1,0.071263252556324,0.026097643073196737,0.07589162100576316,0.0,0.0,0.20919635891914368,0,0,0.0
lloyd,1,initial,15,lloyd_threshold_sigma,1000,1000,1,0.6156111204624176,0.03288860181468281,0.6164890199884487,0.0,0.0,0.7685845494270325,0,0,0.0
lloyd,1,initial,15,lloyd_unconverged,1000,1000,1,0.0,0.0,0.0,1.0,0.0,0.0,0,1,1.0
lloyd,1,initial,15,output,10000,1000,10,-0.0012260728465858847,0.11475834065444167,0.11476489012056786,0.0454,0.4885,0.9739433526992798,0,0,0.0
lloyd,1,initial,15,pre_activation,10000,1000,10,-0.0012260728465858847,0.11475834065444167,0.11476489012056786,0.0454,0.4885,0.9739433526992798,0,0,0.0
lloyd,1,initial,15,pre_quantization,80000,1000,80,-0.0016238926173639623,0.12382140466260874,0.12383205271598399,0.0,0.502675,1.1054034233093262,0,0,0.0
lloyd,1,final,0,input,90000,1000,90,0.07408712807794413,0.6607627774775384,0.664903264126947,0.4970888888888889,0.3023888888888889,2.484405755996704,0,0,0.0
lloyd,1,final,0,lloyd_beta,1000,1000,1,1.181869717091322,0.5659814702332936,1.3104011037941634,0.0,0.0,2.484405755996704,0,0,0.0
lloyd,1,final,0,lloyd_iterations,1000,1000,1,2.314,0.7206968849662109,2.4236336356801123,0.0,0.0,5.0,0,0,0.0
lloyd,1,final,0,lloyd_threshold,1000,1000,1,0.5908626827448606,0.28292391312782833,0.6551065947462419,0.0,0.0,1.242202877998352,0,0,0.0
lloyd,1,final,0,lloyd_threshold_sigma,1000,1000,1,0.7600002300143242,0.2643202873465675,0.804652449151059,0.0,0.0,1.4049358367919922,0,0,0.0
lloyd,1,final,0,lloyd_unconverged,1000,1000,1,0.001,0.03160696125855822,0.03162277660168379,0.999,0.0,1.0,0,0,0.0
lloyd,1,final,0,output,79000,1000,79,-0.094942318500316,0.636446641712789,0.6434892163740606,0.0,0.5587594936708861,3.689039707183838,0,0,0.0
lloyd,1,final,0,pre_activation,79000,1000,79,-0.094942318500316,0.636446641712789,0.6434892163740606,0.0,0.5587594936708861,3.689039707183838,0,0,0.0
lloyd,1,final,0,pre_quantization,90000,1000,90,0.018114338403025208,0.7685564910431445,0.7687699325418043,0.0,0.7199444444444445,2.821486711502075,0,0,0.0
lloyd,1,final,1,input,79000,1000,79,-0.077351813400848,0.5780246646158398,0.5831773451881114,0.43288607594936707,0.33282278481012656,1.5056746006011963,0,0,0.0
lloyd,1,final,1,lloyd_beta,1000,1000,1,0.7642987324595452,0.17026898327732704,0.7830351710527197,0.0,0.0,1.5056746006011963,0,0,0.0
lloyd,1,final,1,lloyd_iterations,1000,1000,1,1.027,0.17398563159065797,1.041633332799983,0.0,0.0,3.0,0,0,0.0
lloyd,1,final,1,lloyd_threshold,1000,1000,1,0.3821493662297726,0.08513449163866352,0.39151758552635985,0.0,0.0,0.7528373003005981,0,0,0.0
lloyd,1,final,1,lloyd_threshold_sigma,1000,1000,1,0.6136137433052063,0.03890801771683042,0.6148460456209187,0.0,0.0,0.7626243829727173,0,0,0.0
lloyd,1,final,1,lloyd_unconverged,1000,1000,1,0.0,0.0,0.0,1.0,0.0,0.0,0,1,1.0
lloyd,1,final,1,output,82000,1000,82,-0.02657378377594401,0.554046672256851,0.5546835864013474,0.0,0.5209146341463414,3.549363851547241,0,0,0.0
lloyd,1,final,1,pre_activation,82000,1000,82,-0.02657378377594401,0.554046672256851,0.5546835864013474,0.0,0.5209146341463414,3.549363851547241,0,0,0.0
lloyd,1,final,1,pre_quantization,79000,1000,79,-0.094942318500316,0.636446641712789,0.6434892163740606,0.0,0.5587594936708861,3.689039707183838,0,0,0.0
lloyd,1,final,2,input,82000,1000,82,-0.02417673015558138,0.49972257986072804,0.5003070768075117,0.44452439024390245,0.2940731707317073,1.3290061950683594,0,0,0.0
lloyd,1,final,2,lloyd_beta,1000,1000,1,0.6562032063901424,0.16637822271761638,0.6769670310076973,0.0,0.0,1.3290061950683594,0,0,0.0
lloyd,1,final,2,lloyd_iterations,1000,1000,1,1.028,0.17092688495377237,1.0421132376090423,0.0,0.0,3.0,0,0,0.0
lloyd,1,final,2,lloyd_threshold,1000,1000,1,0.3281016031950712,0.08318911135880819,0.33848351550384864,0.0,0.0,0.6645030975341797,0,0,0.0
lloyd,1,final,2,lloyd_threshold_sigma,1000,1000,1,0.6106464672088623,0.034338050472320136,0.6116111588459646,0.0,0.0,0.7393633127212524,0,0,0.0
lloyd,1,final,2,lloyd_unconverged,1000,1000,1,0.0,0.0,0.0,1.0,0.0,0.0,0,1,1.0
lloyd,1,final,2,output,80000,1000,80,-0.0003348820989754543,0.5049855729270236,0.5049856839658472,0.0,0.4987,3.6802823543548584,0,0,0.0
lloyd,1,final,2,pre_activation,80000,1000,80,-0.0003348820989754543,0.5049855729270236,0.5049856839658472,0.0,0.4987,3.6802823543548584,0,0,0.0
lloyd,1,final,2,pre_quantization,82000,1000,82,-0.02657378377594401,0.554046672256851,0.5546835864013474,0.0,0.5209146341463414,3.549363851547241,0,0,0.0
lloyd,1,final,3,input,80000,1000,80,-0.001422416976839304,0.45623945877885413,0.45624167610694855,0.4519625,0.2737375,1.2422630786895752,0,0,0.0
lloyd,1,final,3,lloyd_beta,1000,1000,1,0.5966754132807255,0.16469924011044718,0.6189890051581557,0.0,0.0,1.2422630786895752,0,0,0.0
lloyd,1,final,3,lloyd_iterations,1000,1000,1,1.018,0.15387007506334696,1.0295630140987,0.0,0.0,3.0,0,0,0.0
lloyd,1,final,3,lloyd_threshold,1000,1000,1,0.29833770664036274,0.08234962005522359,0.30949450257907785,0.0,0.0,0.6211315393447876,0,0,0.0
lloyd,1,final,3,lloyd_threshold_sigma,1000,1000,1,0.6157595735788345,0.03111268786951926,0.6165450930795364,0.0,0.0,0.7626001834869385,0,0,0.0
lloyd,1,final,3,lloyd_unconverged,1000,1000,1,0.0,0.0,0.0,1.0,0.0,0.0,0,1,1.0
lloyd,1,final,3,output,82000,1000,82,-0.04276847403842585,0.44585336007869003,0.4478999453728852,0.0,0.5370487804878049,2.89923095703125,0,0,0.0
lloyd,1,final,3,pre_activation,82000,1000,82,-0.04276847403842585,0.44585336007869003,0.4478999453728852,0.0,0.5370487804878049,2.89923095703125,0,0,0.0
lloyd,1,final,3,pre_quantization,80000,1000,80,-0.0003348820989754543,0.5049855729270236,0.5049856839658472,0.0,0.4987,3.6802823543548584,0,0,0.0
lloyd,1,final,4,input,82000,1000,82,-0.03319656014805887,0.40334256724996315,0.4047063604163576,0.447,0.3075731707317073,1.1285700798034668,0,0,0.0
lloyd,1,final,4,lloyd_beta,1000,1000,1,0.5293576419353485,0.14248323220579903,0.5481979428410547,0.0,0.0,1.1285700798034668,0,0,0.0
lloyd,1,final,4,lloyd_iterations,1000,1000,1,1.028,0.17092688495377237,1.0421132376090423,0.0,0.0,3.0,0,0,0.0
lloyd,1,final,4,lloyd_threshold,1000,1000,1,0.26467882096767426,0.07124161610289952,0.27409897142052736,0.0,0.0,0.5642850399017334,0,0,0.0
lloyd,1,final,4,lloyd_threshold_sigma,1000,1000,1,0.618536348760128,0.03576423049437334,0.619569443178378,0.0,0.0,0.772646427154541,0,0,0.0
lloyd,1,final,4,lloyd_unconverged,1000,1000,1,0.0,0.0,0.0,1.0,0.0,0.0,0,1,1.0
lloyd,1,final,4,output,80000,1000,80,-0.008961297354360253,0.3913797459669607,0.39148232450959514,0.0,0.50815,2.583878517150879,0,0,0.0
lloyd,1,final,4,pre_activation,80000,1000,80,-0.008961297354360253,0.3913797459669607,0.39148232450959514,0.0,0.50815,2.583878517150879,0,0,0.0
lloyd,1,final,4,pre_quantization,82000,1000,82,-0.04276847403842585,0.44585336007869003,0.4478999453728852,0.0,0.5370487804878049,2.89923095703125,0,0,0.0
lloyd,1,final,5,input,80000,1000,80,-0.006352666973136366,0.35320925016867694,0.35326637369326647,0.4518875,0.2817375,0.9757516980171204,0,0,0.0
lloyd,1,final,5,lloyd_beta,1000,1000,1,0.4649966028779745,0.11890024037576173,0.47995740211967836,0.0,0.0,0.9757516980171204,0,0,0.0
lloyd,1,final,5,lloyd_iterations,1000,1000,1,1.023,0.15643209389380472,1.0348912986396204,0.0,0.0,3.0,0,0,0.0
lloyd,1,final,5,lloyd_threshold,1000,1000,1,0.23249830143898725,0.059450120187880866,0.23997870105983918,0.0,0.0,0.4878758490085602,0,0,0.0
lloyd,1,final,5,lloyd_threshold_sigma,1000,1000,1,0.6157759740948677,0.03448144940510318,0.6167406429169071,0.0,0.0,0.7513034343719482,0,0,0.0
lloyd,1,final,5,lloyd_unconverged,1000,1000,1,0.0,0.0,0.0,1.0,0.0,0.0,0,1,1.0
lloyd,1,final,5,output,82000,1000,82,-0.008310824626343671,0.34808503585114947,0.3481842356992428,0.0,0.5105121951219512,2.805816411972046,0,0,0.0
lloyd,1,final,5,pre_activation,82000,1000,82,-0.008310824626343671,0.34808503585114947,0.3481842356992428,0.0,0.5105121951219512,2.805816411972046,0,0,0.0
lloyd,1,final,5,pre_quantization,80000,1000,80,-0.008961297354360253,0.3913797459669607,0.39148232450959514,0.0,0.50815,2.583878517150879,0,0,0.0
lloyd,1,final,6,input,82000,1000,82,-0.006010001807859758,0.31465159368581763,0.3147089854623718,0.44839024390243903,0.2828170731707317,1.022207260131836,0,0,0.0
lloyd,1,final,6,lloyd_beta,1000,1000,1,0.4117865526378155,0.11458166037012171,0.4274308386470381,0.0,0.0,1.022207260131836,0,0,0.0
lloyd,1,final,6,lloyd_iterations,1000,1000,1,1.023,0.16873351771358333,1.036822067666386,0.0,0.0,3.0,0,0,0.0
lloyd,1,final,6,lloyd_threshold,1000,1000,1,0.20589327631890775,0.057290830185060856,0.21371541932351906,0.0,0.0,0.511103630065918,0,0,0.0
lloyd,1,final,6,lloyd_threshold_sigma,1000,1000,1,0.6141425899863243,0.033816913408630134,0.6150729261377038,0.0,0.0,0.7974939346313477,0,0,0.0
lloyd,1,final,6,lloyd_unconverged,1000,1000,1,0.0,0.0,0.0,1.0,0.0,0.0,0,1,1.0
lloyd,1,final,6,output,81000,1000,81,0.001268925907295138,0.31488778707594944,0.3148903438064538,0.0,0.49669135802469133,2.1948189735412598,0,0,0.0
lloyd,1,final,6,pre_activation,81000,1000,81,0.001268925907295138,0.31488778707594944,0.3148903438064538,0.0,0.49669135802469133,2.1948189735412598,0,0,0.0
lloyd,1,final,6,pre_quantization,82000,1000,82,-0.008310824626343671,0.34808503585114947,0.3481842356992428,0.0,0.5105121951219512,2.805816411972046,0,0,0.0
lloyd,1,final,7,input,81000,1000,81,0.0011166373737800269,0.2844081000514107,0.28441029210258506,0.4536296296296296,0.2716172839506173,0.8429540395736694,0,0,0.0
lloyd,1,final,7,lloyd_beta,1000,1000,1,0.3719095210880041,0.10764972696648843,0.3871758716550763,0.0,0.0,0.8429540395736694,0,0,0.0
lloyd,1,final,7,lloyd_iterations,1000,1000,1,1.02,0.15362291495737238,1.0315037566582101,0.0,0.0,3.0,0,0,0.0
lloyd,1,final,7,lloyd_threshold,1000,1000,1,0.18595476054400206,0.053824863483244216,0.19358793582753814,0.0,0.0,0.4214770197868347,0,0,0.0
lloyd,1,final,7,lloyd_threshold_sigma,1000,1000,1,0.6163549783229828,0.031760383884561254,0.617172732132601,0.0,0.0,0.7512255907058716,0,0,0.0
lloyd,1,final,7,lloyd_unconverged,1000,1000,1,0.0,0.0,0.0,1.0,0.0,0.0,0,1,1.0
lloyd,1,final,7,output,81000,1000,81,0.005638945618961876,0.27957525603722005,0.27963211814090805,0.0,0.4915185185185185,1.6741034984588623,0,0,0.0
lloyd,1,final,7,pre_activation,81000,1000,81,0.005638945618961876,0.27957525603722005,0.27963211814090805,0.0,0.4915185185185185,1.6741034984588623,0,0,0.0
lloyd,1,final,7,pre_quantization,81000,1000,81,0.001268925907295138,0.31488778707594944,0.3148903438064538,0.0,0.49669135802469133,2.1948189735412598,0,0,0.0
lloyd,1,final,8,input,81000,1000,81,0.004732346327032572,0.2521629739377642,0.2522073760358657,0.4528765432098765,0.2659753086419753,0.7576997876167297,0,0,0.0
lloyd,1,final,8,lloyd_beta,1000,1000,1,0.32922621877491476,0.09779128136963494,0.3434429178782744,0.0,0.0,0.7576997876167297,0,0,0.0
lloyd,1,final,8,lloyd_iterations,1000,1000,1,1.017,0.1367881573821365,1.0261578825892241,0.0,0.0,3.0,0,0,0.0
lloyd,1,final,8,lloyd_threshold,1000,1000,1,0.16461310938745738,0.04889564068481747,0.1717214589391372,0.0,0.0,0.37884989380836487,0,0,0.0
lloyd,1,final,8,lloyd_threshold_sigma,1000,1000,1,0.6154788610339165,0.03404395318928861,0.6164196777588801,0.0,0.0,0.7564986348152161,0,0,0.0
lloyd,1,final,8,lloyd_unconverged,1000,1000,1,0.0,0.0,0.0,1.0,0.0,0.0,0,1,1.0
lloyd,1,final,8,output,81000,1000,81,0.002087510536443794,0.24926098077008407,0.2492697218570759,0.0,0.49550617283950615,1.6497578620910645,0,0,0.0
lloyd,1,final,8,pre_activation,81000,1000,81,0.002087510536443794,0.24926098077008407,0.2492697218570759,0.0,0.49550617283950615,1.6497578620910645,0,0,0.0
lloyd,1,final,8,pre_quantization,81000,1000,81,0.005638945618961876,0.27957525603722005,0.27963211814090805,0.0,0.4915185185185185,1.6741034984588623,0,0,0.0
lloyd,1,final,9,input,81000,1000,81,0.0019324728851149112,0.2252268064678305,0.22523509673927214,0.45014814814814813,0.2716172839506173,0.7117907404899597,0,0,0.0
lloyd,1,final,9,lloyd_beta,1000,1000,1,0.29226816350221635,0.08879006386010892,0.3054576154513757,0.0,0.0,0.7117907404899597,0,0,0.0
lloyd,1,final,9,lloyd_iterations,1000,1000,1,1.014,0.1257139610385415,1.0217631819555841,0.0,0.0,3.0,0,0,0.0
lloyd,1,final,9,lloyd_threshold,1000,1000,1,0.14613408175110817,0.04439503193005446,0.15272880772568784,0.0,0.0,0.35589537024497986,0,0,0.0
lloyd,1,final,9,lloyd_threshold_sigma,1000,1000,1,0.616063072681427,0.032652462806483276,0.6169277857650846,0.0,0.0,0.7494989633560181,0,0,0.0
lloyd,1,final,9,lloyd_unconverged,1000,1000,1,0.0,0.0,0.0,1.0,0.0,0.0,0,1,1.0
lloyd,1,final,9,output,81000,1000,81,-0.001456964704522717,0.22197447168359585,0.22197925314173333,0.0,0.5037777777777778,1.6050829887390137,0,0,0.0
lloyd,1,final,9,pre_activation,81000,1000,81,-0.001456964704522717,0.22197447168359585,0.22197925314173333,0.0,0.5037777777777778,1.6050829887390137,0,0,0.0
lloyd,1,final,9,pre_quantization,81000,1000,81,0.002087510536443794,0.24926098077008407,0.2492697218570759,0.0,0.49550617283950615,1.6497578620910645,0,0,0.0
lloyd,1,final,10,input,81000,1000,81,-0.0011169588540991147,0.20051077589976124,0.20051388692309072,0.45165432098765435,0.277,0.618771493434906,0,0,0.0
lloyd,1,final,10,lloyd_beta,1000,1000,1,0.2600242950022221,0.08175865903036801,0.27257496641813345,0.0,0.0,0.618771493434906,0,0,0.0
lloyd,1,final,10,lloyd_iterations,1000,1000,1,1.022,0.15334927453366087,1.0334408546211051,0.0,0.0,3.0,0,0,0.0
lloyd,1,final,10,lloyd_threshold,1000,1000,1,0.13001214750111104,0.040879329515184006,0.13628748320906672,0.0,0.0,0.309385746717453,0,0,0.0
lloyd,1,final,10,lloyd_threshold_sigma,1000,1000,1,0.616157706797123,0.03446846859305272,0.6171210537428128,0.0,0.0,0.8737264275550842,0,0,0.0
lloyd,1,final,10,lloyd_unconverged,1000,1000,1,0.0,0.0,0.0,1.0,0.0,0.0,0,1,1.0
lloyd,1,final,10,output,81000,1000,81,-0.0009163298001573502,0.1987543327407216,0.19875644503641168,0.0,0.4988518518518518,1.5367037057876587,0,0,0.0
lloyd,1,final,10,pre_activation,81000,1000,81,-0.0009163298001573502,0.1987543327407216,0.19875644503641168,0.0,0.4988518518518518,1.5367037057876587,0,0,0.0
lloyd,1,final,10,pre_quantization,81000,1000,81,-0.001456964704522717,0.22197447168359585,0.22197925314173333,0.0,0.5037777777777778,1.6050829887390137,0,0,0.0
lloyd,1,final,11,input,81000,1000,81,-0.0005269453076668728,0.1796109101797533,0.1796116831582976,0.44796296296296295,0.275320987654321,0.5103483200073242,0,0,0.0
lloyd,1,final,11,lloyd_beta,1000,1000,1,0.23134248414635658,0.07564433786079935,0.24339558504912534,0.0,0.0,0.5103483200073242,0,0,0.0
lloyd,1,final,11,lloyd_iterations,1000,1000,1,1.026,0.17124251808473306,1.0401922899156675,0.0,0.0,3.0,0,0,0.0
lloyd,1,final,11,lloyd_threshold,1000,1000,1,0.11567124207317829,0.03782216893039968,0.12169779252456267,0.0,0.0,0.2551741600036621,0,0,0.0
lloyd,1,final,11,lloyd_threshold_sigma,1000,1000,1,0.6150252974033356,0.03369059404244486,0.6159473780876042,0.0,0.0,0.7284453511238098,0,0,0.0
lloyd,1,final,11,lloyd_unconverged,1000,1000,1,0.0,0.0,0.0,1.0,0.0,0.0,0,1,1.0
lloyd,1,final,11,output,82000,1000,82,-0.0008100349011817678,0.17616984849925021,0.17617171077329613,0.0,0.503,1.2248919010162354,0,0,0.0
lloyd,1,final,11,pre_activation,82000,1000,82,-0.0008100349011817678,0.17616984849925021,0.17617171077329613,0.0,0.503,1.2248919010162354,0,0,0.0
lloyd,1,final,11,pre_quantization,81000,1000,81,-0.0009163298001573502,0.1987543327407216,0.19875644503641168,0.0,0.4988518518518518,1.5367037057876587,0,0,0.0
lloyd,1,final,12,input,82000,1000,82,-0.0009104929691771182,0.1592374691974283,0.1592400721987052,0.4529146341463415,0.27595121951219515,0.4975094199180603,0,0,0.0
lloyd,1,final,12,lloyd_beta,1000,1000,1,0.20577857415378092,0.06924090019045849,0.21711546200109322,0.0,0.0,0.4975094199180603,0,0,0.0
lloyd,1,final,12,lloyd_iterations,1000,1000,1,1.016,0.14051334456200232,1.0256705123966467,0.0,0.0,3.0,0,0,0.0
lloyd,1,final,12,lloyd_threshold,1000,1000,1,0.10288928707689046,0.034620450095229245,0.10855773100054661,0.0,0.0,0.24875470995903015,0,0,0.0
lloyd,1,final,12,lloyd_threshold_sigma,1000,1000,1,0.6155904942154884,0.03310791775407143,0.6164801625246993,0.0,0.0,0.7433164119720459,0,0,0.0
lloyd,1,final,12,lloyd_unconverged,1000,1000,1,0.0,0.0,0.0,1.0,0.0,0.0,0,1,1.0
lloyd,1,final,12,output,81000,1000,81,0.0007028176958964335,0.15524938348390868,0.15525097431207122,0.0,0.49812345679012343,1.0752226114273071,0,0,0.0
lloyd,1,final,12,pre_activation,81000,1000,81,0.0007028176958964335,0.15524938348390868,0.15525097431207122,0.0,0.49812345679012343,1.0752226114273071,0,0,0.0
lloyd,1,final,12,pre_quantization,82000,1000,82,-0.0008100349011817678,0.17616984849925021,0.17617171077329613,0.0,0.503,1.2248919010162354,0,0,0.0
lloyd,1,final,13,input,81000,1000,81,0.0002947809136024228,0.14011230359843213,0.14011261369143838,0.44895061728395064,0.27485185185185185,0.4408505856990814,0,0,0.0
lloyd,1,final,13,lloyd_beta,1000,1000,1,0.17995775324106217,0.06145204773350584,0.1901608453972902,0.0,0.0,0.4408505856990814,0,0,0.0
lloyd,1,final,13,lloyd_iterations,1000,1000,1,1.011,0.1134856819162668,1.0173494974687902,0.0,0.0,3.0,0,0,0.0
lloyd,1,final,13,lloyd_threshold,1000,1000,1,0.08997887662053108,0.03072602386675292,0.0950804226986451,0.0,0.0,0.2204252928495407,0,0,0.0
lloyd,1,final,13,lloyd_threshold_sigma,1000,1000,1,0.6141877478957176,0.03303828199850434,0.6150757008227737,0.0,0.0,0.7594749927520752,0,0,0.0
lloyd,1,final,13,lloyd_unconverged,1000,1000,1,0.0,0.0,0.0,1.0,0.0,0.0,0,1,1.0
lloyd,1,final,13,output,82000,1000,82,0.0018868177808004873,0.14193810361320328,0.14195064402337307,0.0,0.4931219512195122,0.9189020395278931,0,0,0.0
lloyd,1,final,13,pre_activation,82000,1000,82,0.0018868177808004873,0.14193810361320328,0.14195064402337307,0.0,0.4931219512195122,0.9189020395278931,0,0,0.0
lloyd,1,final,13,pre_quantization,81000,1000,81,0.0007028176958964335,0.15524938348390868,0.15525097431207122,0.0,0.49812345679012343,1.0752226114273071,0,0,0.0
lloyd,1,final,14,input,82000,1000,82,0.0014392061716899638,0.12827987565481472,0.1282879488199081,0.45251219512195123,0.2689390243902439,0.4640783667564392,0,0,0.0
lloyd,1,final,14,lloyd_beta,1000,1000,1,0.16403417497873307,0.05900106518660114,0.17432250644740963,0.0,0.0,0.4640783667564392,0,0,0.0
lloyd,1,final,14,lloyd_iterations,1000,1000,1,1.016,0.1254750971308649,1.0237187113655781,0.0,0.0,2.0,0,0,0.0
lloyd,1,final,14,lloyd_threshold,1000,1000,1,0.08201708748936654,0.02950053259330057,0.08716125322370481,0.0,0.0,0.2320391833782196,0,0,0.0
lloyd,1,final,14,lloyd_threshold_sigma,1000,1000,1,0.6163506428599358,0.031893393806146385,0.6171752615929531,0.0,0.0,0.7471234202384949,0,0,0.0
lloyd,1,final,14,lloyd_unconverged,1000,1000,1,0.0,0.0,0.0,1.0,0.0,0.0,0,1,1.0
lloyd,1,final,14,output,80000,1000,80,-9.416097244689335e-05,0.12645151886003037,0.126451553918081,0.0,0.5002625,0.872512698173523,0,0,0.0
lloyd,1,final,14,pre_activation,80000,1000,80,-9.416097244689335e-05,0.12645151886003037,0.126451553918081,0.0,0.5002625,0.872512698173523,0,0,0.0
lloyd,1,final,14,pre_quantization,82000,1000,82,0.0018868177808004873,0.14193810361320328,0.14195064402337307,0.0,0.4931219512195122,0.9189020395278931,0,0,0.0
lloyd,1,final,15,input,80000,1000,80,-0.00012782900305464864,0.11439093449373139,0.11439100591656308,0.4445625,0.2782125,0.4198401868343353,0,0,0.0
lloyd,1,final,15,lloyd_beta,1000,1000,1,0.14496488707140087,0.052943206640743284,0.15433017078014413,0.0,0.0,0.4198401868343353,0,0,0.0
lloyd,1,final,15,lloyd_iterations,1000,1000,1,1.015,0.12951833846988697,1.0232301793829186,0.0,0.0,3.0,0,0,0.0
lloyd,1,final,15,lloyd_threshold,1000,1000,1,0.07248244353570044,0.026471603320371642,0.07716508539007207,0.0,0.0,0.20992009341716766,0,0,0.0
lloyd,1,final,15,lloyd_threshold_sigma,1000,1000,1,0.6129651073217391,0.032716112226970274,0.6138375736244881,0.0,0.0,0.7373859882354736,0,0,0.0
lloyd,1,final,15,lloyd_unconverged,1000,1000,1,0.0,0.0,0.0,1.0,0.0,0.0,0,1,1.0
lloyd,1,final,15,output,10000,1000,10,-0.0003543302875943482,0.11457283386588143,0.11457338176911587,0.0469,0.4761,0.6560165882110596,0,0,0.0
lloyd,1,final,15,pre_activation,10000,1000,10,-0.0003543302875943482,0.11457283386588143,0.11457338176911587,0.0469,0.4761,0.6560165882110596,0,0,0.0
lloyd,1,final,15,pre_quantization,80000,1000,80,-9.416097244689335e-05,0.12645151886003037,0.126451553918081,0.0,0.5002625,0.872512698173523,0,0,0.0
none,0,initial,0,input,90000,1000,90,-0.24865594502025182,0.5706528477563928,0.6224744586297459,0.11097777777777777,0.6533777777777777,1.9996788501739502,0,0,0.0
none,0,initial,0,output,79000,1000,79,-0.028095396617204407,0.6438380603776636,0.6444507733736923,0.0,0.5186962025316456,3.760883092880249,0,0,0.0
none,0,initial,0,pre_activation,79000,1000,79,-0.028095396617204407,0.6438380603776636,0.6444507733736923,0.0,0.5186962025316456,3.760883092880249,0,0,0.0
none,0,initial,0,pre_quantization,90000,1000,90,0.018114338403025208,0.7685564910431445,0.7687699325418043,0.0,0.7199444444444445,2.821486711502075,0,0,0.0
none,0,initial,1,input,79000,1000,79,-0.025980684464113623,0.5706943169435416,0.5712853922138036,0.3139367088607595,0.36063291139240505,1.1842705011367798,0,0,0.0
none,0,initial,1,output,82000,1000,82,-0.012182023488715709,0.5597733659179387,0.5599059053871267,0.0,0.5078658536585365,3.4677584171295166,0,0,0.0
none,0,initial,1,pre_activation,82000,1000,82,-0.012182023488715709,0.5597733659179387,0.5599059053871267,0.0,0.5078658536585365,3.4677584171295166,0,0,0.0
none,0,initial,1,pre_quantization,79000,1000,79,-0.028095396617204407,0.6438380603776636,0.6444507733736923,0.0,0.5186962025316456,3.760883092880249,0,0,0.0
none,0,initial,2,input,82000,1000,82,-0.010788378878701025,0.4978560352637078,0.4979729118810869,0.3246707317073171,0.3453292682926829,1.145137071609497,0,0,0.0
none,0,initial,2,output,80000,1000,80,0.020940503733757172,0.47702688796498477,0.4774862893719375,0.0,0.48035,3.0768630504608154,0,0,0.0
none,0,initial,2,pre_activation,80000,1000,80,0.020940503733757172,0.47702688796498477,0.4774862893719375,0.0,0.48035,3.0768630504608154,0,0,0.0
none,0,initial,2,pre_quantization,82000,1000,82,-0.012182023488715709,0.5597733659179387,0.5599059053871267,0.0,0.5078658536585365,3.4677584171295166,0,0,0.0
none,0,initial,3,input,80000,1000,80,0.015673885420709847,0.42322989447475795,0.42352002817021095,0.327725,0.3185875,1.055283784866333,0,0,0.0
none,0,initial,3,output,82000,1000,82,0.021257179468185002,0.41824325215609615,0.41878310096403176,0.0,0.4795853658536585,2.5922884941101074,0,0,0.0
none,0,initial,3,pre_activation,82000,1000,82,0.021257179468185002,0.41824325215609615,0.41878310096403176,0.0,0.4795853658536585,2.5922884941101074,0,0,0.0
none,0,initial,3,pre_quantization,80000,1000,80,0.020940503733757172,0.47702688796498477,0.4774862893719375,0.0,0.48035,3.0768630504608154,0,0,0.0
none,0,initial,4,input,82000,1000,82,0.016502799954356218,0.37302286441549737,0.3733877338412124,0.32195121951219513,0.31835365853658537,0.8981236815452576,0,0,0.0
none,0,initial,4,output,80000,1000,80,-0.014582592865985237,0.3584331241916373,0.35872964267324325,0.0,0.514575,2.3079609870910645,0,0,0.0
none,0,initial,4,pre_activation,80000,1000,80,-0.014582592865985237,0.3584331241916373,0.35872964267324325,0.0,0.514575,2.3079609870910645,0,0,0.0
none,0,initial,4,pre_quantization,82000,1000,82,0.021257179468185002,0.41824325215609615,0.41878310096403176,0.0,0.4795853658536585,2.5922884941101074,0,0,0.0
none,0,initial,5,input,80000,1000,80,-0.011784502808749675,0.3198308196609532,0.320047852221268,0.3229,0.3512625,0.8406188488006592,0,0,0.0
none,0,initial,5,output,82000,1000,82,0.007364902632851762,0.3200712656582361,0.3201559883726315,0.0,0.4928780487804878,1.9805176258087158,0,0,0.0
none,0,initial,5,pre_activation,82000,1000,82,0.007364902632851762,0.3200712656582361,0.3201559883726315,0.0,0.4928780487804878,1.9805176258087158,0,0,0.0
none,0,initial,5,pre_quantization,80000,1000,80,-0.014582592865985237,0.3584331241916373,0.35872964267324325,0.0,0.514575,2.3079609870910645,0,0,0.0
none,0,initial,6,input,82000,1000,82,0.006416282033229747,0.2858394961136933,0.28591150066700716,0.31602439024390244,0.3344878048780488,0.7464167475700378,0,0,0.0
none,0,initial,6,output,81000,1000,81,-0.006332026179812389,0.2792549082048995,0.27932668743259864,0.0,0.5112839506172839,2.0418922901153564,0,0,0.0
none,0,initial,6,pre_activation,81000,1000,81,-0.006332026179812389,0.2792549082048995,0.27932668743259864,0.0,0.5112839506172839,2.0418922901153564,0,0,0.0
none,0,initial,6,pre_quantization,82000,1000,82,0.007364902632851762,0.3200712656582361,0.3201559883726315,0.0,0.4928780487804878,1.9805176258087158,0,0,0.0
none,0,initial,7,input,81000,1000,81,-0.0059700771781765385,0.24943200811435168,0.2495034438509244,0.3145802469135802,0.3544814814814815,0.6514610052108765,0,0,0.0
none,0,initial,7,output,81000,1000,81,-0.003820456302226271,0.25351742367133323,0.2535462087890637,0.0,0.5056049382716049,1.7881803512573242,0,0,0.0
none,0,initial,7,pre_activation,81000,1000,81,-0.003820456302226271,0.25351742367133323,0.2535462087890637,0.0,0.5056049382716049,1.7881803512573242,0,0,0.0
none,0,initial,7,pre_quantization,81000,1000,81,-0.006332026179812389,0.2792549082048995,0.27932668743259864,0.0,0.5112839506172839,2.0418922901153564,0,0,0.0
none,0,initial,8,input,81000,1000,81,-0.002327532093466064,0.22547802018032967,0.22549003301717632,0.31541975308641973,0.3455925925925926,0.654022216796875,0,0,0.0
none,0,initial,8,output,81000,1000,81,0.0016380785241360304,0.23085582128611437,0.2308616328516664,0.0,0.49593827160493825,1.5288180112838745,0,0,0.0
none,0,initial,8,pre_activation,81000,1000,81,0.0016380785241360304,0.23085582128611437,0.2308616328516664,0.0,0.49593827160493825,1.5288180112838745,0,0,0.0
none,0,initial,8,pre_quantization,81000,1000,81,-0.003820456302226271,0.25351742367133323,0.2535462087890637,0.0,0.5056049382716049,1.7881803512573242,0,0,0.0
none,0,initial,9,input,81000,1000,81,0.0008044347298550017,0.20561052993420423,0.20561210357140675,0.3092469135802469,0.3441975308641975,0.5791704654693604,0,0,0.0
none,0,initial,9,output,81000,1000,81,-0.0010683562204807505,0.21203806119262195,0.21204075263811892,0.0,0.4977283950617284,1.4376323223114014,0,0,0.0
none,0,initial,9,pre_activation,81000,1000,81,-0.0010683562204807505,0.21203806119262195,0.21204075263811892,0.0,0.4977283950617284,1.4376323223114014,0,0,0.0
none,0,initial,9,pre_quantization,81000,1000,81,0.0016380785241360304,0.23085582128611437,0.2308616328516664,0.0,0.49593827160493825,1.5288180112838745,0,0,0.0
none,0,initial,10,input,81000,1000,81,0.0005762285582813216,0.18895979393122625,0.18896067252707074,0.30714814814814817,0.34582716049382717,0.5479961633682251,0,0,0.0
none,0,initial,10,output,81000,1000,81,0.0017633208640988945,0.1844619022099462,0.18447033004627472,0.0,0.49869135802469133,1.2695918083190918,0,0,0.0
none,0,initial,10,pre_activation,81000,1000,81,0.0017633208640988945,0.1844619022099462,0.18447033004627472,0.0,0.49869135802469133,1.2695918083190918,0,0,0.0
none,0,initial,10,pre_quantization,81000,1000,81,-0.0010683562204807505,0.21203806119262195,0.21204075263811892,0.0,0.4977283950617284,1.4376323223114014,0,0,0.0
none,0,initial,11,input,81000,1000,81,0.0009326936952125879,0.16468160081686967,0.164684242006137,0.31960493827160497,0.3390246913580247,0.4752190411090851,0,0,0.0
none,0,initial,11,output,82000,1000,82,-0.0016918405796187612,0.1647884423183958,0.16479712693572696,0.0,0.5029634146341463,1.1640442609786987,0,0,0.0
none,0,initial,11,pre_activation,82000,1000,82,-0.0016918405796187612,0.1647884423183958,0.16479712693572696,0.0,0.5029634146341463,1.1640442609786987,0,0,0.0
none,0,initial,11,pre_quantization,81000,1000,81,0.0017633208640988945,0.1844619022099462,0.18447033004627472,0.0,0.49869135802469133,1.2695918083190918,0,0,0.0
none,0,initial,12,input,82000,1000,82,-0.0013285201319107195,0.14696254923274146,0.14696855392473196,0.31435365853658537,0.3464390243902439,0.43261411786079407,0,0,0.0
none,0,initial,12,output,81000,1000,81,0.0017275307544400247,0.14386645314126462,0.14387682475630056,0.0,0.49446913580246915,0.8776687979698181,0,0,0.0
none,0,initial,12,pre_activation,81000,1000,81,0.0017275307544400247,0.14386645314126462,0.14387682475630056,0.0,0.49446913580246915,0.8776687979698181,0,0,0.0
none,0,initial,12,pre_quantization,82000,1000,82,-0.0016918405796187612,0.1647884423183958,0.16479712693572696,0.0,0.5029634146341463,1.1640442609786987,0,0,0.0
none,0,initial,13,input,81000,1000,81,0.001164143358391744,0.12847729482915288,0.12848256892036353,0.3191851851851852,0.3361604938271605,0.3808364272117615,0,0,0.0
none,0,initial,13,output,82000,1000,82,0.0018515777578021594,0.12914610645851266,0.12915937888355872,0.0,0.4935609756097561,1.0365055799484253,0,0,0.0
none,0,initial,13,pre_activation,82000,1000,82,0.0018515777578021594,0.12914610645851266,0.12915937888355872,0.0,0.4935609756097561,1.0365055799484253,0,0,0.0
none,0,initial,13,pre_quantization,81000,1000,81,0.0017275307544400247,0.14386645314126462,0.14387682475630056,0.0,0.49446913580246915,0.8776687979698181,0,0,0.0
none,0,initial,14,input,82000,1000,82,0.0017012855666803152,0.11524753484068048,0.11526009135617261,0.316109756097561,0.33551219512195124,0.35788777470588684,0,0,0.0
none,0,initial,14,output,80000,1000,80,-0.0006236874600429445,0.11312764096320595,0.11312936018535527,0.0,0.502225,0.6980263590812683,0,0,0.0
none,0,initial,14,pre_activation,80000,1000,80,-0.0006236874600429445,0.11312764096320595,0.11312936018535527,0.0,0.502225,0.6980263590812683,0,0,0.0
none,0,initial,14,pre_quantization,82000,1000,82,0.0018515777578021594,0.12914610645851266,0.12915937888355872,0.0,0.4935609756097561,1.0365055799484253,0,0,0.0
none,0,initial,15,input,80000,1000,80,-0.000561529134772718,0.10104857454095371,0.10105013474373935,0.315825,0.3446125,0.3196946680545807,0,0,0.0
none,0,initial,15,output,10000,1000,10,0.002489971347246319,0.09960855896666072,0.09963967571567481,0.0407,0.4772,0.6457922458648682,0,0,0.0
none,0,initial,15,pre_activation,10000,1000,10,0.002489971347246319,0.09960855896666072,0.09963967571567481,0.0407,0.4772,0.6457922458648682,0,0,0.0
none,0,initial,15,pre_quantization,80000,1000,80,-0.0006236874600429445,0.11312764096320595,0.11312936018535527,0.0,0.502225,0.6980263590812683,0,0,0.0
none,0,final,0,input,90000,1000,90,-0.24865594502025182,0.5706528477563928,0.6224744586297459,0.11097777777777777,0.6533777777777777,1.9996788501739502,0,0,0.0
none,0,final,0,output,79000,1000,79,-0.02418239823643027,0.65296095014557,0.6534085940661255,0.0,0.5126075949367088,3.4032580852508545,0,0,0.0
none,0,final,0,pre_activation,79000,1000,79,-0.02418239823643027,0.65296095014557,0.6534085940661255,0.0,0.5126075949367088,3.4032580852508545,0,0,0.0
none,0,final,0,pre_quantization,90000,1000,90,0.018114338403025208,0.7685564910431445,0.7687699325418043,0.0,0.7199444444444445,2.821486711502075,0,0,0.0
none,0,final,1,input,79000,1000,79,-0.01998782283935366,0.5837532486215257,0.5840953418218999,0.31135443037974686,0.3567974683544304,1.4386948347091675,0,0,0.0
none,0,final,1,output,82000,1000,82,-0.05358988368244651,0.56479247458157,0.567329194539706,0.0,0.5300853658536585,3.7553398609161377,0,0,0.0
none,0,final,1,pre_activation,82000,1000,82,-0.05358988368244651,0.56479247458157,0.567329194539706,0.0,0.5300853658536585,3.7553398609161377,0,0,0.0
none,0,final,1,pre_quantization,79000,1000,79,-0.02418239823643027,0.65296095014557,0.6534085940661255,0.0,0.5126075949367088,3.4032580852508545,0,0,0.0
none,0,final,2,input,82000,1000,82,-0.03621258878562508,0.5016755800653899,0.5029808537315335,0.3307560975609756,0.36285365853658536,1.2044278383255005,0,0,0.0
none,0,final,2,output,80000,1000,80,0.024450736116649736,0.4826740391604625,0.4832929407472467,0.0,0.4818,2.786346197128296,0,0,0.0
none,0,final,2,pre_activation,80000,1000,80,0.024450736116649736,0.4826740391604625,0.4832929407472467,0.0,0.4818,2.786346197128296,0,0,0.0
none,0,final,2,pre_quantization,82000,1000,82,-0.05358988368244651,0.56479247458157,0.567329194539706,0.0,0.5300853658536585,3.7553398609161377,0,0,0.0
none,0,final,3,input,80000,1000,80,0.015040473757311702,0.42917835120933095,0.42944181561371525,0.32825,0.3199125,1.0518852472305298,0,0,0.0
none,0,final,3,output,82000,1000,82,0.016677849914843453,0.43075978412020993,0.4310825237620657,0.0,0.48429268292682925,2.304565191268921,0,0,0.0
none,0,final,3,pre_activation,82000,1000,82,0.016677849914843453,0.43075978412020993,0.4310825237620657,0.0,0.48429268292682925,2.304565191268921,0,0,0.0
none,0,final,3,pre_quantization,80000,1000,80,0.024450736116649736,0.4826740391604625,0.4832929407472467,0.0,0.4818,2.786346197128296,0,0,0.0
none,0,final,4,input,82000,1000,82,0.013399714958377001,0.38440916450555757,0.3846426368940742,0.3156829268292683,0.3269146341463415,0.9294711351394653,0,0,0.0
none,0,final,4,output,80000,1000,80,0.044662572432754406,0.3762505792956398,0.37889212686016,0.0,0.4497625,2.1958045959472656,0,0,0.0
none,0,final,4,pre_activation,80000,1000,80,0.044662572432754406,0.3762505792956398,0.37889212686016,0.0,0.4497625,2.1958045959472656,0,0,0.0
none,0,final,4,pre_quantization,82000,1000,82,0.016677849914843453,0.43075978412020993,0.4310825237620657,0.0,0.48429268292682925,2.304565191268921,0,0,0.0
none,0,final,5,input,80000,1000,80,0.035880269140936435,0.3358014645342454,0.33771292142435133,0.319125,0.2944875,0.8127099871635437,0,0,0.0
none,0,final,5,output,82000,1000,82,-0.008151307098571448,0.3328262697198487,0.3329260723089207,0.0,0.5096951219512195,2.377624034881592,0,0,0.0
none,0,final,5,pre_activation,82000,1000,82,-0.008151307098571448,0.3328262697198487,0.3329260723089207,0.0,0.5096951219512195,2.377624034881592,0,0,0.0
none,0,final,5,pre_quantization,80000,1000,80,0.044662572432754406,0.3762505792956398,0.37889212686016,0.0,0.4497625,2.1958045959472656,0,0,0.0
none,0,final,6,input,82000,1000,82,-0.005615021230244055,0.2974026989935006,0.2974557006211762,0.3190609756097561,0.3501951219512195,0.7325937151908875,0,0,0.0
none,0,final,6,output,81000,1000,81,-0.006727136956802968,0.29468013283780115,0.2947569084193612,0.0,0.5087283950617284,1.9874529838562012,0,0,0.0
none,0,final,6,pre_activation,81000,1000,81,-0.006727136956802968,0.29468013283780115,0.2947569084193612,0.0,0.5087283950617284,1.9874529838562012,0,0,0.0
none,0,final,6,pre_quantization,82000,1000,82,-0.008151307098571448,0.3328262697198487,0.3329260723089207,0.0,0.5096951219512195,2.377624034881592,0,0,0.0
none,0,final,7,input,81000,1000,81,-0.005204045523463944,0.26305063739141826,0.2631021093070933,0.3171481481481481,0.34944444444444445,0.677169919013977,0,0,0.0
none,0,final,7,output,81000,1000,81,0.000915108502532066,0.26785237574880266,0.2678539389627287,0.0,0.5017037037037037,1.4950966835021973,0,0,0.0
none,0,final,7,pre_activation,81000,1000,81,0.000915108502532066,0.26785237574880266,0.2678539389627287,0.0,0.5017037037037037,1.4950966835021973,0,0,0.0
none,0,final,7,pre_quantization,81000,1000,81,-0.006727136956802968,0.29468013283780115,0.2947569084193612,0.0,0.5087283950617284,1.9874529838562012,0,0,0.0
none,0,final,8,input,81000,1000,81,-0.0007323426046857127,0.23838171688246404,0.23838284181023156,0.3125432098765432,0.3458888888888889,0.5885784029960632,0,0,0.0
none,0,final,8,output,81000,1000,81,-0.0029782529436312064,0.2406040664142931,0.24062249846115766,0.0,0.503,1.5942813158035278,0,0,0.0
none,0,final,8,pre_activation,81000,1000,81,-0.0029782529436312064,0.2406040664142931,0.24062249846115766,0.0,0.503,1.5942813158035278,0,0,0.0
none,0,final,8,pre_quantization,81000,1000,81,0.000915108502532066,0.26785237574880266,0.2678539389627287,0.0,0.5017037037037037,1.4950966835021973,0,0,0.0
none,0,final,9,input,81000,1000,81,-0.0011392871270209182,0.21431014199983864,0.21431317024193544,0.3138641975308642,0.3461975308641975,0.5581248998641968,0,0,0.0
none,0,final,9,output,81000,1000,81,0.002001528127616925,0.22021887285825578,0.22022796842773232,0.0,0.4961604938271605,1.6005457639694214,0,0,0.0
none,0,final,9,pre_activation,81000,1000,81,0.002001528127616925,0.22021887285825578,0.22022796842773232,0.0,0.4961604938271605,1.6005457639694214,0,0,0.0
none,0,final,9,pre_quantization,81000,1000,81,-0.0029782529436312064,0.2406040664142931,0.24062249846115766,0.0,0.503,1.5942813158035278,0,0,0.0
none,0,final,10,input,81000,1000,81,0.0016651392868823475,0.19646119237329548,0.19646824882810388,0.3132962962962963,0.33958024691358024,0.5316582322120667,0,0,0.0
none,0,final,10,output,81000,1000,81,-0.0007191287741326257,0.19977663895956427,0.1997779332663492,0.0,0.5042962962962962,1.446990728378296,0,0,0.0
none,0,final,10,pre_activation,81000,1000,81,-0.0007191287741326257,0.19977663895956427,0.1997779332663492,0.0,0.5042962962962962,1.446990728378296,0,0,0.0
none,0,final,10,pre_quantization,81000,1000,81,0.002001528127616925,0.22021887285825578,0.22022796842773232,0.0,0.4961604938271605,1.6005457639694214,0,0,0.0
none,0,final,11,input,81000,1000,81,-0.0014562269477748576,0.17820739990913897,0.17821334961023322,0.31344444444444447,0.3469135802469136,0.5123770236968994,0,0,0.0
none,0,final,11,output,82000,1000,82,-0.001867970233320862,0.1770818622396881,0.17709171422477238,0.0,0.5053048780487804,1.1477115154266357,0,0,0.0
none,0,final,11,pre_activation,82000,1000,82,-0.001867970233320862,0.1770818622396881,0.17709171422477238,0.0,0.5053048780487804,1.1477115154266357,0,0,0.0
none,0,final,11,pre_quantization,81000,1000,81,-0.0007191287741326257,0.19977663895956427,0.1997779332663492,0.0,0.5042962962962962,1.446990728378296,0,0,0.0
none,0,final,12,input,82000,1000,82,-0.0013455524855270618,0.15792007782010195,0.15792581008245093,0.31571951219512195,0.3462195121951219,0.45692577958106995,0,0,0.0
none,0,final,12,output,81000,1000,81,-0.0030046940485208766,0.1596189016551703,0.15964717959277622,0.0,0.5079753086419753,1.2414358854293823,0,0,0.0
none,0,final,12,pre_activation,81000,1000,81,-0.0030046940485208766,0.1596189016551703,0.15964717959277622,0.0,0.5079753086419753,1.2414358854293823,0,0,0.0
none,0,final,12,pre_quantization,82000,1000,82,-0.001867970233320862,0.1770818622396881,0.17709171422477238,0.0,0.5053048780487804,1.1477115154266357,0,0,0.0
none,0,final,13,input,81000,1000,81,-0.0018300197756400815,0.14239165827878508,0.14240341751433333,0.3117037037037037,0.35058024691358025,0.3817404508590698,0,0,0.0
none,0,final,13,output,82000,1000,82,-0.0004389963970912206,0.1476154490004029,0.14761610176883552,0.0,0.501609756097561,0.9270152449607849,0,0,0.0
none,0,final,13,pre_activation,82000,1000,82,-0.0004389963970912206,0.1476154490004029,0.14761610176883552,0.0,0.501609756097561,0.9270152449607849,0,0,0.0
none,0,final,13,pre_quantization,81000,1000,81,-0.0030046940485208766,0.1596189016551703,0.15964717959277622,0.0,0.5079753086419753,1.2414358854293823,0,0,0.0
none,0,final,14,input,82000,1000,82,-0.0003453186920775873,0.1316640933450107,0.13166454618219284,0.3080609756097561,0.3475731707317073,0.38381674885749817,0,0,0.0
none,0,final,14,output,80000,1000,80,-0.0028127073110423106,0.1315486642803613,0.13157873079021853,0.0,0.5104375,0.9519830346107483,0,0,0.0
none,0,final,14,pre_activation,80000,1000,80,-0.0028127073110423106,0.1315486642803613,0.13157873079021853,0.0,0.5104375,0.9519830346107483,0,0,0.0
none,0,final,14,pre_quantization,82000,1000,82,-0.0004389963970912206,0.1476154490004029,0.14761610176883552,0.0,0.501609756097561,0.9270152449607849,0,0,0.0
none,0,final,15,input,80000,1000,80,-0.0021671932934783397,0.11736363358449174,0.11738364117255068,0.3157125,0.3507875,0.3331941068172455,0,0,0.0
none,0,final,15,output,10000,1000,10,0.006787897047959268,0.13671193076939925,0.13688034030141327,0.0333,0.4643,1.0340452194213867,0,0,0.0
none,0,final,15,pre_activation,10000,1000,10,0.006787897047959268,0.13671193076939925,0.13688034030141327,0.0333,0.4643,1.0340452194213867,0,0,0.0
none,0,final,15,pre_quantization,80000,1000,80,-0.0028127073110423106,0.1315486642803613,0.13157873079021853,0.0,0.5104375,0.9519830346107483,0,0,0.0
none,1,initial,0,input,90000,1000,90,-0.24865594502025182,0.5706528477563928,0.6224744586297459,0.11097777777777777,0.6533777777777777,1.9996788501739502,0,0,0.0
none,1,initial,0,output,79000,1000,79,-0.07125927890026154,0.6096436643247591,0.6137941693114272,0.0,0.5423544303797468,3.4283998012542725,0,0,0.0
none,1,initial,0,pre_activation,79000,1000,79,-0.07125927890026154,0.6096436643247591,0.6137941693114272,0.0,0.5423544303797468,3.4283998012542725,0,0,0.0
none,1,initial,0,pre_quantization,90000,1000,90,0.018114338403025208,0.7685564910431445,0.7687699325418043,0.0,0.7199444444444445,2.821486711502075,0,0,0.0
none,1,initial,1,input,79000,1000,79,-0.0511470291542856,0.5416945222855423,0.5441038265491901,0.30737974683544306,0.38454430379746835,1.155360221862793,0,0,0.0
none,1,initial,1,output,82000,1000,82,-0.0053700985091043275,0.49344528593792414,0.493474506101741,0.0,0.5049756097560976,3.269679307937622,0,0,0.0
none,1,initial,1,pre_activation,82000,1000,82,-0.0053700985091043275,0.49344528593792414,0.493474506101741,0.0,0.5049756097560976,3.269679307937622,0,0,0.0
none,1,initial,1,pre_quantization,79000,1000,79,-0.07125927890026154,0.6096436643247591,0.6137941693114272,0.0,0.5423544303797468,3.4283998012542725,0,0,0.0
none,1,initial,2,input,82000,1000,82,-0.006065932396345022,0.4417758678869399,0.44181751095117994,0.32347560975609757,0.34302439024390247,1.0418144464492798,0,0,0.0
none,1,initial,2,output,80000,1000,80,-0.01600800734314301,0.4348952681251427,0.4351897868019628,0.0,0.505425,2.96795916557312,0,0,0.0
none,1,initial,2,pre_activation,80000,1000,80,-0.01600800734314301,0.4348952681251427,0.4351897868019628,0.0,0.505425,2.96795916557312,0,0,0.0
none,1,initial,2,pre_quantization,82000,1000,82,-0.0053700985091043275,0.49344528593792414,0.493474506101741,0.0,0.5049756097560976,3.269679307937622,0,0,0.0
none,1,initial,3,input,80000,1000,80,-0.006597404619306326,0.38886475803123893,0.3889207191528948,0.316975,0.34765,0.9346427321434021,0,0,0.0
none,1,initial,3,output,82000,1000,82,0.008355954465621467,0.4025553210822136,0.4026420351958246,0.0,0.49002439024390243,2.430973768234253,0,0,0.0
none,1,initial,3,pre_activation,82000,1000,82,0.008355954465621467,0.4025553210822136,0.4026420351958246,0.0,0.49002439024390243,2.430973768234253,0,0,0.0
none,1,initial,3,pre_quantization,80000,1000,80,-0.01600800734314301,0.4348952681251427,0.4351897868019628,0.0,0.505425,2.96795916557312,0,0,0.0
none,1,initial,4,input,82000,1000,82,0.005397466220688529,0.35945504536466466,0.3594955664256746,0.30609756097560975,0.3389268292682927,0.845117449760437,0,0,0.0
none,1,initial,4,output,80000,1000,80,-0.02520060618507454,0.3669212402814416,0.36778562658397435,0.0,0.52475,2.1490275859832764,0,0,0.0
none,1,initial,4,pre_activation,80000,1000,80,-0.02520060618507454,0.3669212402814416,0.36778562658397435,0.0,0.52475,2.1490275859832764,0,0,0.0
none,1,initial,4,pre_quantization,82000,1000,82,0.008355954465621467,0.4025553210822136,0.4026420351958246,0.0,0.49002439024390243,2.430973768234253,0,0,0.0
none,1,initial,5,input,80000,1000,80,-0.01619849352501333,0.32499178685797064,0.32539522540691423,0.3152625,0.3642125,0.747206449508667,0,0,0.0
none,1,initial,5,output,82000,1000,82,0.010329106925578833,0.31903944982138943,0.3192066117614341,0.0,0.4844512195121951,1.8416781425476074,0,0,0.0
none,1,initial,5,pre_activation,82000,1000,82,0.010329106925578833,0.31903944982138943,0.3192066117614341,0.0,0.4844512195121951,1.8416781425476074,0,0,0.0
none,1,initial,5,pre_quantization,80000,1000,80,-0.02520060618507454,0.3669212402814416,0.36778562658397435,0.0,0.52475,2.1490275859832764,0,0,0.0
none,1,initial,6,input,82000,1000,82,0.009563379047847376,0.2850901854560476,0.2852505426150429,0.31971951219512196,0.32640243902439026,0.6984142661094666,0,0,0.0
none,1,initial,6,output,81000,1000,81,-0.00011595075179092311,0.2772552095457495,0.27725523379159916,0.0,0.5029259259259259,1.39201819896698,0,0,0.0
none,1,initial,6,pre_activation,81000,1000,81,-0.00011595075179092311,0.2772552095457495,0.27725523379159916,0.0,0.5029259259259259,1.39201819896698,0,0,0.0
none,1,initial,6,pre_quantization,82000,1000,82,0.010329106925578833,0.31903944982138943,0.3192066117614341,0.0,0.4844512195121951,1.8416781425476074,0,0,0.0
none,1,initial,7,input,81000,1000,81,-0.001387242622029634,0.24775797867938593,0.24776186236260703,0.3195679012345679,0.3434691358024691,0.5650476217269897,0,0,0.0
none,1,initial,7,output,81000,1000,81,0.0028332499164776875,0.24743450664688843,0.24745072718559202,0.0,0.4914567901234568,1.5555890798568726,0,0,0.0
none,1,initial,7,pre_activation,81000,1000,81,0.0028332499164776875,0.24743450664688843,0.24745072718559202,0.0,0.4914567901234568,1.5555890798568726,0,0,0.0
none,1,initial,7,pre_quantization,81000,1000,81,-0.00011595075179092311,0.2772552095457495,0.27725523379159916,0.0,0.5029259259259259,1.39201819896698,0,0,0.0
none,1,initial,8,input,81000,1000,81,0.003511267531617188,0.22078356718228612,0.2208114864254431,0.31777777777777777,0.33369135802469135,0.5586529970169067,0,0,0.0
none,1,initial,8,output,81000,1000,81,-0.008624338280312062,0.22094187094768017,0.2211101299095874,0.0,0.5131851851851852,1.3608278036117554,0,0,0.0
none,1,initial,8,pre_activation,81000,1000,81,-0.008624338280312062,0.22094187094768017,0.2211101299095874,0.0,0.5131851851851852,1.3608278036117554,0,0,0.0
none,1,initial,8,pre_quantization,81000,1000,81,0.0028332499164776875,0.24743450664688843,0.24745072718559202,0.0,0.4914567901234568,1.5555890798568726,0,0,0.0
none,1,initial,9,input,81000,1000,81,-0.0062197255274211915,0.19688346740739507,0.1969816862654883,0.3165802469135802,0.35501234567901235,0.4143127501010895,0,0,0.0
none,1,initial,9,output,81000,1000,81,-0.008934016848107922,0.19381601695755088,0.1940218160061696,0.0,0.5208641975308642,1.3242319822311401,0,0,0.0
none,1,initial,9,pre_activation,81000,1000,81,-0.008934016848107922,0.19381601695755088,0.1940218160061696,0.0,0.5208641975308642,1.3242319822311401,0,0,0.0
none,1,initial,9,pre_quantization,81000,1000,81,-0.008624338280312062,0.22094187094768017,0.2211101299095874,0.0,0.5131851851851852,1.3608278036117554,0,0,0.0
none,1,initial,10,input,81000,1000,81,-0.0075430997509831265,0.17324659972237264,0.17341073400806908,0.3154814814814815,0.36071604938271606,0.40123215317726135,0,0,0.0
none,1,initial,10,output,81000,1000,81,0.0029952023795473187,0.16892762786829507,0.16895417927504378,0.0,0.4904567901234568,0.9452029466629028,0,0,0.0
none,1,initial,10,pre_activation,81000,1000,81,0.0029952023795473187,0.16892762786829507,0.16895417927504378,0.0,0.4904567901234568,0.9452029466629028,0,0,0.0
none,1,initial,10,pre_quantization,81000,1000,81,-0.008934016848107922,0.19381601695755088,0.1940218160061696,0.0,0.5208641975308642,1.3242319822311401,0,0,0.0
none,1,initial,11,input,81000,1000,81,0.0030940999216687534,0.15069628939374427,0.15072805011466311,0.32080246913580246,0.33138271604938274,0.34772077202796936,0,0,0.0
none,1,initial,11,output,82000,1000,82,-0.0032036680886492882,0.14749182667090555,0.1475266159848543,0.0,0.5059268292682927,0.889192521572113,0,0,0.0
none,1,initial,11,pre_activation,82000,1000,82,-0.0032036680886492882,0.14749182667090555,0.1475266159848543,0.0,0.5059268292682927,0.889192521572113,0,0,0.0
none,1,initial,11,pre_quantization,81000,1000,81,0.0029952023795473187,0.16892762786829507,0.16895417927504378,0.0,0.4904567901234568,0.9452029466629028,0,0,0.0
none,1,initial,12,input,82000,1000,82,-0.002246997646215122,0.13155455489319695,0.13157374324525872,0.32332926829268294,0.3450121951219512,0.3093093931674957,0,0,0.0
none,1,initial,12,output,81000,1000,81,-0.0012305080849318779,0.1291983939639078,0.12920425361806095,0.0,0.504320987654321,0.7583593130111694,0,0,0.0
none,1,initial,12,pre_activation,81000,1000,81,-0.0012305080849318779,0.1291983939639078,0.12920425361806095,0.0,0.504320987654321,0.7583593130111694,0,0,0.0
none,1,initial,12,pre_quantization,82000,1000,82,-0.0032036680886492882,0.14749182667090555,0.1475266159848543,0.0,0.5059268292682927,0.889192521572113,0,0,0.0
none,1,initial,13,input,81000,1000,81,-0.0010971512404029016,0.11523143818364087,0.11523666120950644,0.321679012345679,0.3431111111111111,0.30223098397254944,0,0,0.0
none,1,initial,13,output,82000,1000,82,0.0006549492186494505,0.11551897369431019,0.11552083033750121,0.0,0.49740243902439024,0.7478009462356567,0,0,0.0
none,1,initial,13,pre_activation,82000,1000,82,0.0006549492186494505,0.11551897369431019,0.11552083033750121,0.0,0.49740243902439024,0.7478009462356567,0,0,0.0
none,1,initial,13,pre_quantization,81000,1000,81,-0.0012305080849318779,0.1291983939639078,0.12920425361806095,0.0,0.504320987654321,0.7583593130111694,0,0,0.0
none,1,initial,14,input,82000,1000,82,0.0006850222324180167,0.10306551128713795,0.103067787753197,0.31520731707317073,0.3397439024390244,0.2729431986808777,0,0,0.0
none,1,initial,14,output,80000,1000,80,-0.0019764162542164924,0.10326100282496105,0.10327991540288241,0.0,0.504625,0.6146024465560913,0,0,0.0
none,1,initial,14,pre_activation,80000,1000,80,-0.0019764162542164924,0.10326100282496105,0.10327991540288241,0.0,0.504625,0.6146024465560913,0,0,0.0
none,1,initial,14,pre_quantization,82000,1000,82,0.0006549492186494505,0.11551897369431019,0.11552083033750121,0.0,0.49740243902439024,0.7478009462356567,0,0,0.0
none,1,initial,15,input,80000,1000,80,-0.001202103368472308,0.0920471351562699,0.09205498434623251,0.316475,0.3471,0.2483987957239151,0,0,0.0
none,1,initial,15,output,10000,1000,10,-0.0028318939168006183,0.09468053856526215,0.09472288005632064,0.0358,0.4964,0.5397958159446716,0,0,0.0
none,1,initial,15,pre_activation,10000,1000,10,-0.0028318939168006183,0.09468053856526215,0.09472288005632064,0.0358,0.4964,0.5397958159446716,0,0,0.0
none,1,initial,15,pre_quantization,80000,1000,80,-0.0019764162542164924,0.10326100282496105,0.10327991540288241,0.0,0.504625,0.6146024465560913,0,0,0.0
none,1,final,0,input,90000,1000,90,-0.24865594502025182,0.5706528477563928,0.6224744586297459,0.11097777777777777,0.6533777777777777,1.9996788501739502,0,0,0.0
none,1,final,0,output,79000,1000,79,-0.056644692835085046,0.6002266864407539,0.6028936028372074,0.0,0.5404177215189874,3.4283998012542725,0,0,0.0
none,1,final,0,pre_activation,79000,1000,79,-0.056644692835085046,0.6002266864407539,0.6028936028372074,0.0,0.5404177215189874,3.4283998012542725,0,0,0.0
none,1,final,0,pre_quantization,90000,1000,90,0.018114338403025208,0.7685564910431445,0.7687699325418043,0.0,0.7199444444444445,2.821486711502075,0,0,0.0
none,1,final,1,input,79000,1000,79,-0.04572576263999637,0.5305001005266275,0.5324670900889286,0.3022151898734177,0.3840759493670886,1.1487094163894653,0,0,0.0
none,1,final,1,output,82000,1000,82,-0.01773237894016111,0.49852122767115004,0.4988364979646418,0.0,0.5133536585365853,3.1130928993225098,0,0,0.0
none,1,final,1,pre_activation,82000,1000,82,-0.01773237894016111,0.49852122767115004,0.4988364979646418,0.0,0.5133536585365853,3.1130928993225098,0,0,0.0
none,1,final,1,pre_quantization,79000,1000,79,-0.056644692835085046,0.6002266864407539,0.6028936028372074,0.0,0.5404177215189874,3.4283998012542725,0,0,0.0
none,1,final,2,input,82000,1000,82,-0.012066544806084982,0.4445488572374477,0.44471259030375776,0.3314146341463415,0.34474390243902436,0.9858964681625366,0,0,0.0
none,1,final,2,output,80000,1000,80,0.01883093868950691,0.4440542489472115,0.4444533499255013,0.0,0.47565,2.8002021312713623,0,0,0.0
none,1,final,2,pre_activation,80000,1000,80,0.01883093868950691,0.4440542489472115,0.4444533499255013,0.0,0.47565,2.8002021312713623,0,0,0.0
none,1,final,2,pre_quantization,82000,1000,82,-0.01773237894016111,0.49852122767115004,0.4988364979646418,0.0,0.5133536585365853,3.1130928993225098,0,0,0.0
none,1,final,3,input,80000,1000,80,0.019484937109798192,0.39632441223182974,0.39680310294285515,0.319,0.3201875,0.8248135447502136,0,0,0.0
none,1,final,3,output,82000,1000,82,-0.022583073140240304,0.40339196623215134,0.4040236052671905,0.0,0.5201341463414634,2.027413845062256,0,0,0.0
none,1,final,3,pre_activation,82000,1000,82,-0.022583073140240304,0.40339196623215134,0.4040236052671905,0.0,0.5201341463414634,2.027413845062256,0,0,0.0
none,1,final,3,pre_quantization,80000,1000,80,0.01883093868950691,0.4440542489472115,0.4444533499255013,0.0,0.47565,2.8002021312713623,0,0,0.0
none,1,final,4,input,82000,1000,82,-0.018849330415994656,0.3594146316590838,0.3599085643712389,0.3161219512195122,0.3627073170731707,0.7885422706604004,0,0,0.0
none,1,final,4,output,80000,1000,80,-0.032488847590351255,0.3546873054012714,0.35617216318876443,0.0,0.53685,2.347667694091797,0,0,0.0
none,1,final,4,pre_activation,80000,1000,80,-0.032488847590351255,0.3546873054012714,0.35617216318876443,0.0,0.53685,2.347667694091797,0,0,0.0
none,1,final,4,pre_quantization,82000,1000,82,-0.022583073140240304,0.40339196623215134,0.4040236052671905,0.0,0.5201341463414634,2.027413845062256,0,0,0.0
none,1,final,5,input,80000,1000,80,-0.02567668689172715,0.3157467559422378,0.31678905621530373,0.3201,0.3741,0.6758438348770142,0,0,0.0
none,1,final,5,output,82000,1000,82,0.023628001411443795,0.3210342290777195,0.3219025608631048,0.0,0.4649756097560976,2.0110812187194824,0,0,0.0
none,1,final,5,pre_activation,82000,1000,82,0.023628001411443795,0.3210342290777195,0.3219025608631048,0.0,0.4649756097560976,2.0110812187194824,0,0,0.0
none,1,final,5,pre_quantization,80000,1000,80,-0.032488847590351255,0.3546873054012714,0.35617216318876443,0.0,0.53685,2.347667694091797,0,0,0.0
none,1,final,6,input,82000,1000,82,0.02182972394238885,0.28599523448082853,0.28682714479830007,0.3144268292682927,0.31040243902439024,0.61672043800354,0,0,0.0
none,1,final,6,output,81000,1000,81,-0.009421838317847875,0.28557007484644764,0.28572546033752994,0.0,0.5141481481481481,1.6811628341674805,0,0,0.0
none,1,final,6,pre_activation,81000,1000,81,-0.009421838317847875,0.28557007484644764,0.28572546033752994,0.0,0.5141481481481481,1.6811628341674805,0,0,0.0
none,1,final,6,pre_quantization,82000,1000,82,0.023628001411443795,0.3210342290777195,0.3219025608631048,0.0,0.4649756097560976,2.0110812187194824,0,0,0.0
none,1,final,7,input,81000,1000,81,-0.007774854395860507,0.25467932718096703,0.25479797498062434,0.31650617283950616,0.3551358024691358,0.609663724899292,0,0,0.0
none,1,final,7,output,81000,1000,81,0.004343936392754844,0.25112081429075084,0.25115838260634277,0.0,0.49101234567901236,1.3530219793319702,0,0,0.0
none,1,final,7,pre_activation,81000,1000,81,0.004343936392754844,0.25112081429075084,0.25115838260634277,0.0,0.49101234567901236,1.3530219793319702,0,0,0.0
none,1,final,7,pre_quantization,81000,1000,81,-0.009421838317847875,0.28557007484644764,0.28572546033752994,0.0,0.5141481481481481,1.6811628341674805,0,0,0.0
none,1,final,8,input,81000,1000,81,0.004540820904627994,0.2240181209568162,0.22406413718288484,0.3172962962962963,0.33301234567901233,0.5213431715965271,0,0,0.0
none,1,final,8,output,81000,1000,81,-0.015872015353228384,0.22749705937134557,0.2280500666388472,0.0,0.5278518518518519,1.3403688669204712,0,0,0.0
none,1,final,8,pre_activation,81000,1000,81,-0.015872015353228384,0.22749705937134557,0.2280500666388472,0.0,0.5278518518518519,1.3403688669204712,0,0,0.0
none,1,final,8,pre_quantization,81000,1000,81,0.004343936392754844,0.25112081429075084,0.25115838260634277,0.0,0.49101234567901236,1.3530219793319702,0,0,0.0
none,1,final,9,input,81000,1000,81,-0.012039323003847658,0.20277729500435546,0.2031343808115071,0.31155555555555553,0.36949382716049384,0.45514824986457825,0,0,0.0
none,1,final,9,output,81000,1000,81,-0.007214861377085702,0.20204012595182458,0.20216890641075275,0.0,0.5150617283950617,1.569783091545105,0,0,0.0
none,1,final,9,pre_activation,81000,1000,81,-0.007214861377085702,0.20204012595182458,0.20216890641075275,0.0,0.5150617283950617,1.569783091545105,0,0,0.0
none,1,final,9,pre_quantization,81000,1000,81,-0.015872015353228384,0.22749705937134557,0.2280500666388472,0.0,0.5278518518518519,1.3403688669204712,0,0,0.0
none,1,final,10,input,81000,1000,81,-0.005873696632959224,0.17994766681704127,0.18004350336802752,0.32076543209876546,0.354,0.44130703806877136,0,0,0.0
none,1,final,10,output,81000,1000,81,0.004393708439037744,0.17836634245891536,0.1784204494894527,0.0,0.49117283950617285,1.0951874256134033,0,0,0.0
none,1,final,10,pre_activation,81000,1000,81,0.004393708439037744,0.17836634245891536,0.1784204494894527,0.0,0.49117283950617285,1.0951874256134033,0,0,0.0
none,1,final,10,pre_quantization,81000,1000,81,-0.007214861377085702,0.20204012595182458,0.20216890641075275,0.0,0.5150617283950617,1.569783091545105,0,0,0.0
none,1,final,11,input,81000,1000,81,0.003529458867638935,0.1588419792533867,0.1588811865924713,0.3197037037037037,0.33137037037037037,0.40668344497680664,0,0,0.0
none,1,final,11,output,82000,1000,82,0.0017004653121823923,0.15796529041740565,0.15797444273974587,0.0,0.4942682926829268,0.9680830836296082,0,0,0.0
none,1,final,11,pre_activation,82000,1000,82,0.0017004653121823923,0.15796529041740565,0.15797444273974587,0.0,0.4942682926829268,0.9680830836296082,0,0,0.0
none,1,final,11,pre_quantization,81000,1000,81,0.004393708439037744,0.17836634245891536,0.1784204494894527,0.0,0.49117283950617285,1.0951874256134033,0,0,0.0
none,1,final,12,input,82000,1000,82,0.001522344225108987,0.1409939661705205,0.14100218448106966,0.3187560975609756,0.3348536585365854,0.3467561900615692,0,0,0.0
none,1,final,12,output,81000,1000,81,0.0031895921509804775,0.1412908229637314,0.14132682035572047,0.0,0.49287654320987656,0.9907684922218323,0,0,0.0
none,1,final,12,pre_activation,81000,1000,81,0.0031895921509804775,0.1412908229637314,0.14132682035572047,0.0,0.49287654320987656,0.9907684922218323,0,0,0.0
none,1,final,12,pre_quantization,82000,1000,82,0.0017004653121823923,0.15796529041740565,0.15797444273974587,0.0,0.4942682926829268,0.9680830836296082,0,0,0.0
none,1,final,13,input,81000,1000,81,0.002590073882429688,0.12608907421548954,0.12611567356691109,0.31630864197530867,0.3346543209876543,0.3691255748271942,0,0,0.0
none,1,final,13,output,82000,1000,82,-0.0006529223915833686,0.1251143089361068,0.12511601259714525,0.0,0.4982682926829268,0.8037061095237732,0,0,0.0
none,1,final,13,pre_activation,82000,1000,82,-0.0006529223915833686,0.1251143089361068,0.12511601259714525,0.0,0.4982682926829268,0.8037061095237732,0,0,0.0
none,1,final,13,pre_quantization,81000,1000,81,0.0031895921509804775,0.1412908229637314,0.14132682035572047,0.0,0.49287654320987656,0.9907684922218323,0,0,0.0
none,1,final,14,input,82000,1000,82,-0.0006347650957361954,0.11162171870980887,0.11162352357123682,0.31702439024390244,0.343,0.31508928537368774,0,0,0.0
none,1,final,14,output,80000,1000,80,-0.0009220360458410653,0.1115700742521015,0.11157388412657,0.0,0.504125,0.8231853246688843,0,0,0.0
none,1,final,14,pre_activation,80000,1000,80,-0.0009220360458410653,0.1115700742521015,0.11157388412657,0.0,0.504125,0.8231853246688843,0,0,0.0
none,1,final,14,pre_quantization,82000,1000,82,-0.0006529223915833686,0.1251143089361068,0.12511601259714525,0.0,0.4982682926829268,0.8037061095237732,0,0,0.0
none,1,final,15,input,80000,1000,80,-0.00038923228555358944,0.09937052873151214,0.09937129103595463,0.3174875,0.342225,0.25846531987190247,0,0,0.0
none,1,final,15,output,10000,1000,10,-0.001765741499979049,0.11116609921010702,0.11118012167935465,0.0356,0.4915,0.5801705718040466,0,0,0.0
none,1,final,15,pre_activation,10000,1000,10,-0.001765741499979049,0.11116609921010702,0.11118012167935465,0.0356,0.4915,0.5801705718040466,0,0,0.0
none,1,final,15,pre_quantization,80000,1000,80,-0.0009220360458410653,0.1115700742521015,0.11157388412657,0.0,0.504125,0.8231853246688843,0,0,0.0
none,2,initial,0,input,90000,1000,90,-0.24865594502025182,0.5706528477563928,0.6224744586297459,0.11097777777777777,0.6533777777777777,1.9996788501739502,0,0,0.0
none,2,initial,0,output,79000,1000,79,0.039558168885600105,0.6144035838846382,0.6156757365820659,0.0,0.4842405063291139,3.614204168319702,0,0,0.0
none,2,initial,0,pre_activation,79000,1000,79,0.039558168885600105,0.6144035838846382,0.6156757365820659,0.0,0.4842405063291139,3.614204168319702,0,0,0.0
none,2,initial,0,pre_quantization,90000,1000,90,0.018114338403025208,0.7685564910431445,0.7687699325418043,0.0,0.7199444444444445,2.821486711502075,0,0,0.0
none,2,initial,1,input,79000,1000,79,0.01812677955099299,0.5427849908329235,0.5430875863158604,0.294,0.3366329113924051,1.4673786163330078,0,0,0.0
none,2,initial,1,output,82000,1000,82,-0.03694642595785658,0.5767791903672164,0.5779613073828741,0.0,0.5102073170731707,3.586127281188965,0,0,0.0
none,2,initial,1,pre_activation,82000,1000,82,-0.03694642595785658,0.5767791903672164,0.5779613073828741,0.0,0.5102073170731707,3.586127281188965,0,0,0.0
none,2,initial,1,pre_quantization,79000,1000,79,0.039558168885600105,0.6144035838846382,0.6156757365820659,0.0,0.4842405063291139,3.614204168319702,0,0,0.0
none,2,initial,2,input,82000,1000,82,-0.012577257998105957,0.5099706634613591,0.5101257345105907,0.30952439024390244,0.35635365853658535,1.404919147491455,0,0,0.0
none,2,initial,2,output,80000,1000,80,0.03171601778663193,0.4856392956576704,0.4866738448603132,0.0,0.4756375,2.938418388366699,0,0,0.0
none,2,initial,2,pre_activation,80000,1000,80,0.03171601778663193,0.4856392956576704,0.4866738448603132,0.0,0.4756375,2.938418388366699,0,0,0.0
none,2,initial,2,pre_quantization,82000,1000,82,-0.03694642595785658,0.5767791903672164,0.5779613073828741,0.0,0.5102073170731707,3.586127281188965,0,0,0.0
none,2,initial,3,input,80000,1000,80,0.02543011608570814,0.43412151626729084,0.43486570535090974,0.319475,0.3165,1.240735411643982,0,0,0.0
none,2,initial,3,output,82000,1000,82,0.026743617921952026,0.45441199741363936,0.4551982913994831,0.0,0.47168292682926827,3.0582211017608643,0,0,0.0
none,2,initial,3,pre_activation,82000,1000,82,0.026743617921952026,0.45441199741363936,0.4551982913994831,0.0,0.47168292682926827,3.0582211017608643,0,0,0.0
none,2,initial,3,pre_quantization,80000,1000,80,0.03171601778663193,0.4856392956576704,0.4866738448603132,0.0,0.4756375,2.938418388366699,0,0,0.0
none,2,initial,4,input,82000,1000,82,0.024169773394014778,0.40476188544290687,0.4054828749197861,0.3072682926829268,0.3207926829268293,1.1658730506896973,0,0,0.0
none,2,initial,4,output,80000,1000,80,-0.016204408123201137,0.4094234026147636,0.4097439510856433,0.0,0.5157,2.3630611896514893,0,0,0.0
none,2,initial,4,pre_activation,80000,1000,80,-0.016204408123201137,0.4094234026147636,0.4097439510856433,0.0,0.5157,2.3630611896514893,0,0,0.0
none,2,initial,4,pre_quantization,82000,1000,82,0.026743617921952026,0.45441199741363936,0.4551982913994831,0.0,0.47168292682926827,3.0582211017608643,0,0,0.0
none,2,initial,5,input,80000,1000,80,-0.010823821373656391,0.36454524613348405,0.36470589738534703,0.3118,0.3582125,0.9976191520690918,0,0,0.0
none,2,initial,5,output,82000,1000,82,0.01345921680720684,0.3577500260439576,0.3580031168181581,0.0,0.48802439024390243,2.3124217987060547,0,0,0.0
none,2,initial,5,pre_activation,82000,1000,82,0.01345921680720684,0.3577500260439576,0.3580031168181581,0.0,0.48802439024390243,2.3124217987060547,0,0,0.0
none,2,initial,5,pre_quantization,80000,1000,80,-0.016204408123201137,0.4094234026147636,0.4097439510856433,0.0,0.5157,2.3630611896514893,0,0,0.0
none,2,initial,6,input,82000,1000,82,0.009849543143336366,0.319036702744564,0.3191887078175789,0.3206341463414634,0.3281707317073171,0.8976876139640808,0,0,0.0
none,2,initial,6,output,81000,1000,81,0.016241375090345254,0.308956966578394,0.3093835636586859,0.0,0.47601234567901235,2.4151837825775146,0,0,0.0
none,2,initial,6,pre_activation,81000,1000,81,0.016241375090345254,0.308956966578394,0.3093835636586859,0.0,0.47601234567901235,2.4151837825775146,0,0,0.0
none,2,initial,6,pre_quantization,82000,1000,82,0.01345921680720684,0.3577500260439576,0.3580031168181581,0.0,0.48802439024390243,2.3124217987060547,0,0,0.0
none,2,initial,7,input,81000,1000,81,0.013979806367445875,0.27547066445555707,0.2758251655698903,0.31781481481481483,0.3195679012345679,0.8118481040000916,0,0,0.0
none,2,initial,7,output,81000,1000,81,-0.0021953185032693077,0.2765528666829285,0.27656157993090147,0.0,0.5037160493827161,2.151174306869507,0,0,0.0
none,2,initial,7,pre_activation,81000,1000,81,-0.0021953185032693077,0.2765528666829285,0.27656157993090147,0.0,0.5037160493827161,2.151174306869507,0,0,0.0
none,2,initial,7,pre_quantization,81000,1000,81,0.016241375090345254,0.308956966578394,0.3093835636586859,0.0,0.47601234567901235,2.4151837825775146,0,0,0.0
none,2,initial,8,input,81000,1000,81,-0.0017818762717055686,0.24672971708564567,0.24673615133622073,0.31650617283950616,0.34444444444444444,0.7436055541038513,0,0,0.0
none,2,initial,8,output,81000,1000,81,0.005269802305910716,0.24676191499527622,0.2468181790478151,0.0,0.4935185185185185,1.706037163734436,0,0,0.0
none,2,initial,8,pre_activation,81000,1000,81,0.005269802305910716,0.24676191499527622,0.2468181790478151,0.0,0.4935185185185185,1.706037163734436,0,0,0.0
none,2,initial,8,pre_quantization,81000,1000,81,-0.0021953185032693077,0.2765528666829285,0.27656157993090147,0.0,0.5037160493827161,2.151174306869507,0,0,0.0
none,2,initial,9,input,81000,1000,81,0.0028263310386258877,0.22019928296162714,0.2202174206641124,0.3155802469135802,0.3367654320987654,0.7065680027008057,0,0,0.0
none,2,initial,9,output,81000,1000,81,-0.003845980356622124,0.22409157590862533,0.22412457687213758,0.0,0.5072345679012346,1.6345791816711426,0,0,0.0
none,2,initial,9,pre_activation,81000,1000,81,-0.003845980356622124,0.22409157590862533,0.22412457687213758,0.0,0.5072345679012346,1.6345791816711426,0,0,0.0
none,2,initial,9,pre_quantization,81000,1000,81,0.005269802305910716,0.24676191499527622,0.2468181790478151,0.0,0.4935185185185185,1.706037163734436,0,0,0.0
none,2,initial,10,input,81000,1000,81,-0.0031649327428068643,0.19996192928552917,0.1999869744829834,0.3095432098765432,0.3518024691358025,0.827659010887146,0,0,0.0
none,2,initial,10,output,81000,1000,81,-0.002117752371470948,0.19817128043416207,0.19818259576466893,0.0,0.5033333333333333,1.8020820617675781,0,0,0.0
none,2,initial,10,pre_activation,81000,1000,81,-0.002117752371470948,0.19817128043416207,0.19818259576466893,0.0,0.5033333333333333,1.8020820617675781,0,0,0.0
none,2,initial,10,pre_quantization,81000,1000,81,-0.003845980356622124,0.22409157590862533,0.22412457687213758,0.0,0.5072345679012346,1.6345791816711426,0,0,0.0
none,2,initial,11,input,81000,1000,81,-0.0015616860716247264,0.17682911942704624,0.17683601539485921,0.3178395061728395,0.34512345679012346,0.7658848166465759,0,0,0.0
none,2,initial,11,output,82000,1000,82,0.006696418518169274,0.17602975537490673,0.17615707989836793,0.0,0.48321951219512194,1.459132194519043,0,0,0.0
none,2,initial,11,pre_activation,82000,1000,82,0.006696418518169274,0.17602975537490673,0.17615707989836793,0.0,0.48321951219512194,1.459132194519043,0,0,0.0
none,2,initial,11,pre_quantization,81000,1000,81,-0.002117752371470948,0.19817128043416207,0.19818259576466893,0.0,0.5033333333333333,1.8020820617675781,0,0,0.0
none,2,initial,12,input,82000,1000,82,0.005623468548695489,0.15687766537628858,0.15697842301549897,0.319109756097561,0.3254756097560976,0.6984817981719971,0,0,0.0
none,2,initial,12,output,81000,1000,81,0.004462027602855575,0.15321406362976298,0.1532790233015389,0.0,0.48476543209876544,1.5115197896957397,0,0,0.0
none,2,initial,12,pre_activation,81000,1000,81,0.004462027602855575,0.15321406362976298,0.1532790233015389,0.0,0.48476543209876544,1.5115197896957397,0,0,0.0
none,2,initial,12,pre_quantization,82000,1000,82,0.006696418518169274,0.17602975537490673,0.17615707989836793,0.0,0.48321951219512194,1.459132194519043,0,0,0.0
none,2,initial,13,input,81000,1000,81,0.0034337538030964356,0.13691381539419445,0.13695686733777113,0.31895061728395063,0.32880246913580247,0.5918833017349243,0,0,0.0
none,2,initial,13,output,82000,1000,82,-0.001555644269325032,0.13923986502402544,0.13924855489735433,0.0,0.5045,1.2887217998504639,0,0,0.0
none,2,initial,13,pre_activation,82000,1000,82,-0.001555644269325032,0.13923986502402544,0.13924855489735433,0.0,0.5045,1.2887217998504639,0,0,0.0
none,2,initial,13,pre_quantization,81000,1000,81,0.004462027602855575,0.15321406362976298,0.1532790233015389,0.0,0.48476543209876544,1.5115197896957397,0,0,0.0
none,2,initial,14,input,82000,1000,82,-0.0013342834123660152,0.12411711133205998,0.12412428302970972,0.31447560975609756,0.34748780487804876,0.5235432386398315,0,0,0.0
none,2,initial,14,output,80000,1000,80,0.0004652997553168872,0.12655189035355124,0.12655274574626799,0.0,0.4994,1.062142014503479,0,0,0.0
none,2,initial,14,pre_activation,80000,1000,80,0.0004652997553168872,0.12655189035355124,0.12655274574626799,0.0,0.4994,1.062142014503479,0,0,0.0
none,2,initial,14,pre_quantization,82000,1000,82,-0.001555644269325032,0.13923986502402544,0.13924855489735433,0.0,0.5045,1.2887217998504639,0,0,0.0
none,2,initial,15,input,80000,1000,80,1.0719657316803931e-05,0.11275344931892943,0.11275344982849722,0.312125,0.34305,0.4196116030216217,0,0,0.0
none,2,initial,15,output,10000,1000,10,-0.0025391426721122117,0.10506972551870536,0.10510040183598456,0.0434,0.488,0.594723641872406,0,0,0.0
none,2,initial,15,pre_activation,10000,1000,10,-0.0025391426721122117,0.10506972551870536,0.10510040183598456,0.0434,0.488,0.594723641872406,0,0,0.0
none,2,initial,15,pre_quantization,80000,1000,80,0.0004652997553168872,0.12655189035355124,0.12655274574626799,0.0,0.4994,1.062142014503479,0,0,0.0
none,2,final,0,input,90000,1000,90,-0.24865594502025182,0.5706528477563928,0.6224744586297459,0.11097777777777777,0.6533777777777777,1.9996788501739502,0,0,0.0
none,2,final,0,output,79000,1000,79,0.019813743861885637,0.6213813287585725,0.6216971450598705,0.0,0.5031012658227848,3.379526138305664,0,0,0.0
none,2,final,0,pre_activation,79000,1000,79,0.019813743861885637,0.6213813287585725,0.6216971450598705,0.0,0.5031012658227848,3.379526138305664,0,0,0.0
none,2,final,0,pre_quantization,90000,1000,90,0.018114338403025208,0.7685564910431445,0.7687699325418043,0.0,0.7199444444444445,2.821486711502075,0,0,0.0
none,2,final,1,input,79000,1000,79,-0.0015025911934768098,0.5478490855112357,0.5478511460933453,0.2915949367088608,0.3534177215189873,1.4356060028076172,0,0,0.0
none,2,final,1,output,82000,1000,82,-0.0443585730203973,0.5972960175969941,0.5989409116412358,0.0,0.5071341463414634,3.2938265800476074,0,0,0.0
none,2,final,1,pre_activation,82000,1000,82,-0.0443585730203973,0.5972960175969941,0.5989409116412358,0.0,0.5071341463414634,3.2938265800476074,0,0,0.0
none,2,final,1,pre_quantization,79000,1000,79,0.019813743861885637,0.6213813287585725,0.6216971450598705,0.0,0.5031012658227848,3.379526138305664,0,0,0.0
none,2,final,2,input,82000,1000,82,-0.013081973003904995,0.5280525756435616,0.5282145971681151,0.30721951219512195,0.3584634146341463,1.36980140209198,0,0,0.0
none,2,final,2,output,80000,1000,80,0.022619791519309953,0.5200438470538421,0.5205355490520671,0.0,0.48525,3.4129011631011963,0,0,0.0
none,2,final,2,pre_activation,80000,1000,80,0.022619791519309953,0.5200438470538421,0.5205355490520671,0.0,0.48525,3.4129011631011963,0,0,0.0
none,2,final,2,pre_quantization,82000,1000,82,-0.0443585730203973,0.5972960175969941,0.5989409116412358,0.0,0.5071341463414634,3.2938265800476074,0,0,0.0
none,2,final,3,input,80000,1000,80,0.014753399746492505,0.4602087520156421,0.4604451739739212,0.3235125,0.325375,1.1971049308776855,0,0,0.0
none,2,final,3,output,82000,1000,82,0.0024762000433894405,0.487244292642412,0.4872505846884735,0.0,0.48685365853658535,2.7866463661193848,0,0,0.0
none,2,final,3,pre_activation,82000,1000,82,0.0024762000433894405,0.487244292642412,0.4872505846884735,0.0,0.48685365853658535,2.7866463661193848,0,0,0.0
none,2,final,3,pre_quantization,80000,1000,80,0.022619791519309953,0.5200438470538421,0.5205355490520671,0.0,0.48525,3.4129011631011963,0,0,0.0
none,2,final,4,input,82000,1000,82,0.009759079039096832,0.43477141750880144,0.43488093210245937,0.3069878048780488,0.3348536585365854,1.1768161058425903,0,0,0.0
none,2,final,4,output,80000,1000,80,-0.01627035137802404,0.44597482628870266,0.44627152050876256,0.0,0.5167125,2.738685369491577,0,0,0.0
none,2,final,4,pre_activation,80000,1000,80,-0.01627035137802404,0.44597482628870266,0.44627152050876256,0.0,0.5167125,2.738685369491577,0,0,0.0
none,2,final,4,pre_quantization,82000,1000,82,0.0024762000433894405,0.487244292642412,0.4872505846884735,0.0,0.48685365853658535,2.7866463661193848,0,0,0.0
none,2,final,5,input,80000,1000,80,-0.013701130568794906,0.39615615541933424,0.39639301262193166,0.312075,0.36025,1.138375163078308,0,0,0.0
none,2,final,5,output,82000,1000,82,-0.015331922657846579,0.3970873148646075,0.39738319476139167,0.0,0.5106341463414634,2.7699944972991943,0,0,0.0
none,2,final,5,pre_activation,82000,1000,82,-0.015331922657846579,0.3970873148646075,0.39738319476139167,0.0,0.5106341463414634,2.7699944972991943,0,0,0.0
none,2,final,5,pre_quantization,80000,1000,80,-0.01627035137802404,0.44597482628870266,0.44627152050876256,0.0,0.5167125,2.738685369491577,0,0,0.0
none,2,final,6,input,82000,1000,82,-0.009320792245428736,0.35356913160261066,0.35369196766438826,0.3186829268292683,0.35217073170731705,1.0847866535186768,0,0,0.0
none,2,final,6,output,81000,1000,81,0.013601088926044561,0.3502452514522563,0.3505092378024129,0.0,0.476679012345679,2.676034450531006,0,0,0.0
none,2,final,6,pre_activation,81000,1000,81,0.013601088926044561,0.3502452514522563,0.3505092378024129,0.0,0.476679012345679,2.676034450531006,0,0,0.0
none,2,final,6,pre_quantization,82000,1000,82,-0.015331922657846579,0.3970873148646075,0.39738319476139167,0.0,0.5106341463414634,2.7699944972991943,0,0,0.0
none,2,final,7,input,81000,1000,81,0.01232098633510831,0.31190062855930833,0.31214389117834995,0.31609876543209875,0.3218395061728395,0.8871912360191345,0,0,0.0
none,2,final,7,output,81000,1000,81,-0.017956171235065536,0.31343477265275804,0.31394869133874265,0.0,0.5207407407407407,1.9317032098770142,0,0,0.0
none,2,final,7,pre_activation,81000,1000,81,-0.017956171235065536,0.31343477265275804,0.31394869133874265,0.0,0.5207407407407407,1.9317032098770142,0,0,0.0
none,2,final,7,pre_quantization,81000,1000,81,0.013601088926044561,0.3502452514522563,0.3505092378024129,0.0,0.476679012345679,2.676034450531006,0,0,0.0
none,2,final,8,input,81000,1000,81,-0.013856615903568856,0.28009101090402905,0.2804335575382161,0.31153086419753084,0.36377777777777776,0.794285774230957,0,0,0.0
none,2,final,8,output,81000,1000,81,-0.0020511983615234416,0.28588982157705317,0.28589717993725927,0.0,0.49906172839506174,1.8846510648727417,0,0,0.0
none,2,final,8,pre_activation,81000,1000,81,-0.0020511983615234416,0.28588982157705317,0.28589717993725927,0.0,0.49906172839506174,1.8846510648727417,0,0,0.0
none,2,final,8,pre_quantization,81000,1000,81,-0.017956171235065536,0.31343477265275804,0.31394869133874265,0.0,0.5207407407407407,1.9317032098770142,0,0,0.0
none,2,final,9,input,81000,1000,81,5.4379972962685573e-05,0.25444799641369814,0.25444800222467223,0.31506172839506175,0.34182716049382716,0.723272979259491,0,0,0.0
none,2,final,9,output,81000,1000,81,-0.0054941477457522165,0.2665587154304409,0.26661533045078056,0.0,0.5080987654320988,1.7716500759124756,0,0,0.0
none,2,final,9,pre_activation,81000,1000,81,-0.0054941477457522165,0.2665587154304409,0.26661533045078056,0.0,0.5080987654320988,1.7716500759124756,0,0,0.0
none,2,final,9,pre_quantization,81000,1000,81,-0.0020511983615234416,0.28588982157705317,0.28589717993725927,0.0,0.49906172839506174,1.8846510648727417,0,0,0.0
none,2,final,10,input,81000,1000,81,-0.004877313241178607,0.23802315586532447,0.23807312093670113,0.3045925925925926,0.3548641975308642,0.6743744611740112,0,0,0.0
none,2,final,10,output,81000,1000,81,-0.0022701357343853775,0.24285289327997595,0.2428635034143828,0.0,0.5067777777777778,1.619350552558899,0,0,0.0
none,2,final,10,pre_activation,81000,1000,81,-0.0022701357343853775,0.24285289327997595,0.2428635034143828,0.0,0.5067777777777778,1.619350552558899,0,0,0.0
none,2,final,10,pre_quantization,81000,1000,81,-0.0054941477457522165,0.2665587154304409,0.26661533045078056,0.0,0.5080987654320988,1.7716500759124756,0,0,0.0
none,2,final,11,input,81000,1000,81,-0.0017718147449655298,0.21658063551421022,0.21658788287258746,0.3114074074074074,0.3499753086419753,0.663181722164154,0,0,0.0
none,2,final,11,output,82000,1000,82,0.002836138228500856,0.2111894105379492,0.21120845343739822,0.0,0.493390243902439,1.7147047519683838,0,0,0.0
none,2,final,11,pre_activation,82000,1000,82,0.002836138228500856,0.2111894105379492,0.21120845343739822,0.0,0.493390243902439,1.7147047519683838,0,0,0.0
none,2,final,11,pre_quantization,81000,1000,81,-0.0022701357343853775,0.24285289327997595,0.2428635034143828,0.0,0.5067777777777778,1.619350552558899,0,0,0.0
none,2,final,12,input,82000,1000,82,0.0023820587106775947,0.18832493306080939,0.18833999738786092,0.3196341463414634,0.3343170731707317,0.6027859449386597,0,0,0.0
none,2,final,12,output,81000,1000,81,-0.0004492419278249687,0.1829598447114828,0.18296039624782084,0.0,0.4959506172839506,1.5490145683288574,0,0,0.0
none,2,final,12,pre_activation,81000,1000,81,-0.0004492419278249687,0.1829598447114828,0.18296039624782084,0.0,0.4959506172839506,1.5490145683288574,0,0,0.0
none,2,final,12,pre_quantization,82000,1000,82,0.002836138228500856,0.2111894105379492,0.21120845343739822,0.0,0.493390243902439,1.7147047519683838,0,0,0.0
none,2,final,13,input,81000,1000,81,0.0003336277037031121,0.1630504193117316,0.1630507606396737,0.3224444444444444,0.3364320987654321,0.49179238080978394,0,0,0.0
none,2,final,13,output,82000,1000,82,-0.0037660235047221706,0.16418092304880394,0.1642241103681046,0.0,0.5115487804878048,1.4723381996154785,0,0,0.0
none,2,final,13,pre_activation,82000,1000,82,-0.0037660235047221706,0.16418092304880394,0.1642241103681046,0.0,0.5115487804878048,1.4723381996154785,0,0,0.0
none,2,final,13,pre_quantization,81000,1000,81,-0.0004492419278249687,0.1829598447114828,0.18296039624782084,0.0,0.4959506172839506,1.5490145683288574,0,0,0.0
none,2,final,14,input,82000,1000,82,-0.003190499639592883,0.1464463211925618,0.1464810714010012,0.31797560975609757,0.3500731707317073,0.5205236673355103,0,0,0.0
none,2,final,14,output,80000,1000,80,-0.0027857176683507424,0.15133318127005171,0.1513588186272676,0.0,0.5078,1.1773351430892944,0,0,0.0
none,2,final,14,pre_activation,80000,1000,80,-0.0027857176683507424,0.15133318127005171,0.1513588186272676,0.0,0.5078,1.1773351430892944,0,0,0.0
none,2,final,14,pre_quantization,82000,1000,82,-0.0037660235047221706,0.16418092304880394,0.1642241103681046,0.0,0.5115487804878048,1.4723381996154785,0,0,0.0
none,2,final,15,input,80000,1000,80,-0.0026099507263861598,0.1344708726294176,0.13449619856527995,0.312225,0.3501625,0.4125693440437317,0,0,0.0
none,2,final,15,output,10000,1000,10,-0.0005811541269067675,0.1323600327738929,0.13236130860650036,0.0418,0.4742,0.992768406867981,0,0,0.0
none,2,final,15,pre_activation,10000,1000,10,-0.0005811541269067675,0.1323600327738929,0.13236130860650036,0.0418,0.4742,0.992768406867981,0,0,0.0
none,2,final,15,pre_quantization,80000,1000,80,-0.0027857176683507424,0.15133318127005171,0.1513588186272676,0.0,0.5078,1.1773351430892944,0,0,0.0
