stage,layer,matrix,pair,perturbed_coordinates,loss_plus,loss_minus,abs_y
initial,0,W_in,0,16,3.0410807132720947,3.0425639152526855,0.0014832019805908203
initial,0,W_in,1,16,3.0312137603759766,3.037893295288086,0.006679534912109375
initial,0,W_in,2,16,2.936366319656372,2.9415993690490723,0.005233049392700195
initial,0,W_in,3,16,3.1155595779418945,3.104517698287964,0.011041879653930664
initial,0,W_in,4,16,3.098585844039917,3.121488094329834,0.022902250289916992
initial,0,W_in,5,16,3.229795455932617,3.2309062480926514,0.0011107921600341797
initial,0,W_in,6,16,3.235316753387451,3.227517604827881,0.0077991485595703125
initial,0,W_in,7,16,3.071263074874878,3.084360122680664,0.013097047805786133
initial,0,W_in,8,16,3.1315300464630127,3.1457173824310303,0.014187335968017578
initial,0,W_in,9,16,2.9600281715393066,2.9373586177825928,0.022669553756713867
initial,0,W_in,10,16,3.058199644088745,3.066969633102417,0.008769989013671875
initial,0,W_in,11,16,3.0337750911712646,3.051844596862793,0.01806950569152832
initial,0,W_in,12,16,2.808396816253662,2.807053565979004,0.0013432502746582031
initial,0,W_in,13,16,3.103712797164917,3.072957992553711,0.030754804611206055
initial,0,W_in,14,16,3.086080551147461,3.084829330444336,0.001251220703125
initial,0,W_in,15,16,2.906496286392212,2.897017240524292,0.009479045867919922
initial,0,W_in,16,16,2.933283567428589,2.9330172538757324,0.0002663135528564453
initial,0,W_in,17,16,3.0419921875,3.0691397190093994,0.027147531509399414
initial,0,W_in,18,16,2.8894994258880615,2.900552272796631,0.011052846908569336
initial,0,W_in,19,16,3.1652467250823975,3.1365301609039307,0.028716564178466797
initial,0,W_in,20,16,3.193955421447754,3.1812102794647217,0.012745141983032227
initial,0,W_in,21,16,3.010775089263916,3.007351875305176,0.0034232139587402344
initial,0,W_in,22,16,3.011404514312744,3.009587049484253,0.001817464828491211
initial,0,W_in,23,16,2.88150691986084,2.8948757648468018,0.013368844985961914
initial,0,W_in,24,16,3.1061360836029053,3.111438274383545,0.0053021907806396484
initial,0,W_in,25,16,3.104254722595215,3.1243197917938232,0.0200650691986084
initial,0,W_in,26,16,3.029709815979004,3.0168397426605225,0.012870073318481445
initial,0,W_in,27,16,3.368030548095703,3.337827682495117,0.030202865600585938
initial,0,W_in,28,16,3.229877233505249,3.2416555881500244,0.01177835464477539
initial,0,W_in,29,16,3.1435036659240723,3.1435558795928955,5.221366882324219e-05
initial,0,W_in,30,16,2.9991164207458496,2.99074649810791,0.008369922637939453
initial,0,W_in,31,16,3.2144153118133545,3.219557285308838,0.0051419734954833984
initial,0,W_in,32,16,3.0868301391601562,3.076162576675415,0.010667562484741211
initial,0,W_in,33,16,3.0983409881591797,3.0987253189086914,0.00038433074951171875
initial,0,W_in,34,16,3.106840133666992,3.12797474861145,0.021134614944458008
initial,0,W_in,35,16,2.9930613040924072,2.980764865875244,0.012296438217163086
initial,0,W_in,36,16,3.1046817302703857,3.089686632156372,0.014995098114013672
initial,0,W_in,37,16,3.20451283454895,3.2076194286346436,0.0031065940856933594
initial,0,W_in,38,16,3.138885736465454,3.1050662994384766,0.03381943702697754
initial,0,W_in,39,16,3.0399844646453857,3.038623332977295,0.0013611316680908203
initial,0,W_in,40,16,3.1549572944641113,3.152576208114624,0.0023810863494873047
initial,0,W_in,41,16,3.1018166542053223,3.0991873741149902,0.0026292800903320312
initial,0,W_in,42,16,3.138093948364258,3.149648427963257,0.011554479598999023
initial,0,W_in,43,16,3.0845789909362793,3.07126522064209,0.013313770294189453
initial,0,W_in,44,16,2.974167823791504,2.969146966934204,0.005020856857299805
initial,0,W_in,45,16,3.1120829582214355,3.112962007522583,0.0008790493011474609
initial,0,W_in,46,16,2.9822661876678467,3.006188154220581,0.023921966552734375
initial,0,W_in,47,16,3.1200335025787354,3.1397531032562256,0.019719600677490234
initial,0,W_in,48,16,3.0824859142303467,3.08544659614563,0.002960681915283203
initial,0,W_in,49,16,2.9687438011169434,2.9624454975128174,0.0062983036041259766
initial,0,W_in,50,16,3.162304639816284,3.1225168704986572,0.03978776931762695
initial,0,W_in,51,16,3.18434739112854,3.1785528659820557,0.005794525146484375
initial,0,W_in,52,16,3.024507761001587,3.027099609375,0.002591848373413086
initial,0,W_in,53,16,3.17392635345459,3.1704626083374023,0.0034637451171875
initial,0,W_in,54,16,3.1751298904418945,3.155707359313965,0.019422531127929688
initial,0,W_in,55,16,2.943244695663452,2.948385715484619,0.005141019821166992
initial,0,W_in,56,16,3.0761852264404297,3.091999053955078,0.015813827514648438
initial,0,W_in,57,16,3.013653516769409,3.0069692134857178,0.006684303283691406
initial,0,W_in,58,16,2.9946792125701904,2.994508981704712,0.00017023086547851562
initial,0,W_in,59,16,2.995439291000366,3.002307653427124,0.0068683624267578125
initial,0,W_in,60,16,3.1934053897857666,3.1904048919677734,0.003000497817993164
initial,0,W_in,61,16,2.9872591495513916,2.9781389236450195,0.00912022590637207
initial,0,W_in,62,16,3.0135445594787598,2.9949541091918945,0.018590450286865234
initial,0,W_in,63,16,3.1058645248413086,3.117563486099243,0.01169896125793457
initial,1,block0.W1,0,16,3.0355215072631836,3.021132230758667,0.014389276504516602
initial,1,block0.W1,1,16,3.1076996326446533,3.104964256286621,0.0027353763580322266
initial,1,block0.W1,2,16,3.2415547370910645,3.2591471672058105,0.017592430114746094
initial,1,block0.W1,3,16,3.118276596069336,3.151817798614502,0.033541202545166016
initial,1,block0.W1,4,16,3.012331485748291,2.9979605674743652,0.014370918273925781
initial,1,block0.W1,5,16,3.1611976623535156,3.1491684913635254,0.012029170989990234
initial,1,block0.W1,6,16,2.9904141426086426,2.992363691329956,0.0019495487213134766
initial,1,block0.W1,7,16,3.1161041259765625,3.116208553314209,0.00010442733764648438
initial,1,block0.W1,8,16,3.111929416656494,3.110907793045044,0.0010216236114501953
initial,1,block0.W1,9,16,3.1965250968933105,3.1885464191436768,0.007978677749633789
initial,1,block0.W1,10,16,2.888000249862671,2.913496255874634,0.02549600601196289
initial,1,block0.W1,11,16,3.030646800994873,3.0191597938537598,0.011487007141113281
initial,1,block0.W1,12,16,2.964979410171509,2.9827449321746826,0.017765522003173828
initial,1,block0.W1,13,16,3.0272088050842285,3.033294200897217,0.006085395812988281
initial,1,block0.W1,14,16,3.2187726497650146,3.214513063430786,0.004259586334228516
initial,1,block0.W1,15,16,2.8508996963500977,2.8499958515167236,0.0009038448333740234
initial,1,block0.W1,16,16,3.103954315185547,3.1083343029022217,0.004379987716674805
initial,1,block0.W1,17,16,3.0256118774414062,3.0374789237976074,0.011867046356201172
initial,1,block0.W1,18,16,3.249664068222046,3.2605252265930176,0.01086115837097168
initial,1,block0.W1,19,16,3.120063543319702,3.124657392501831,0.004593849182128906
initial,1,block0.W1,20,16,3.0020434856414795,2.995249032974243,0.006794452667236328
initial,1,block0.W1,21,16,2.9299850463867188,2.940263271331787,0.01027822494506836
initial,1,block0.W1,22,16,2.917813777923584,2.9231739044189453,0.005360126495361328
initial,1,block0.W1,23,16,2.9548447132110596,2.973926544189453,0.019081830978393555
initial,1,block0.W1,24,16,3.1192994117736816,3.1152920722961426,0.0040073394775390625
initial,1,block0.W1,25,16,2.8765757083892822,2.8964686393737793,0.01989293098449707
initial,1,block0.W1,26,16,3.0550451278686523,3.05104398727417,0.004001140594482422
initial,1,block0.W1,27,16,3.107422351837158,3.125424861907959,0.01800251007080078
initial,1,block0.W1,28,16,3.1411194801330566,3.134444236755371,0.006675243377685547
initial,1,block0.W1,29,16,2.9708473682403564,2.978348970413208,0.0075016021728515625
initial,1,block0.W1,30,16,3.1289854049682617,3.1213765144348145,0.007608890533447266
initial,1,block0.W1,31,16,3.0356035232543945,3.032421588897705,0.003181934356689453
initial,1,block0.W1,32,16,3.0579137802124023,3.065274953842163,0.007361173629760742
initial,1,block0.W1,33,16,3.2226691246032715,3.216146230697632,0.0065228939056396484
initial,1,block0.W1,34,16,3.1749331951141357,3.193572759628296,0.018639564514160156
initial,1,block0.W1,35,16,3.112776279449463,3.098883628845215,0.013892650604248047
initial,1,block0.W1,36,16,3.093764543533325,3.0960748195648193,0.0023102760314941406
initial,1,block0.W1,37,16,3.170772075653076,3.161208391189575,0.009563684463500977
initial,1,block0.W1,38,16,3.037790298461914,3.039830207824707,0.0020399093627929688
initial,1,block0.W1,39,16,3.0231823921203613,3.0131778717041016,0.010004520416259766
initial,1,block0.W1,40,16,3.1319618225097656,3.122796058654785,0.009165763854980469
initial,1,block0.W1,41,16,3.0985493659973145,3.0942201614379883,0.004329204559326172
initial,1,block0.W1,42,16,2.877628803253174,2.877786159515381,0.00015735626220703125
initial,1,block0.W1,43,16,3.0084004402160645,3.0042104721069336,0.004189968109130859
initial,1,block0.W1,44,16,3.040510892868042,3.0530693531036377,0.012558460235595703
initial,1,block0.W1,45,16,3.1134068965911865,3.1002495288848877,0.013157367706298828
initial,1,block0.W1,46,16,3.1110827922821045,3.1157281398773193,0.004645347595214844
initial,1,block0.W1,47,16,3.017821788787842,3.0118117332458496,0.0060100555419921875
initial,1,block0.W1,48,16,3.018627643585205,3.0039989948272705,0.01462864875793457
initial,1,block0.W1,49,16,3.0462849140167236,3.0337111949920654,0.012573719024658203
initial,1,block0.W1,50,16,3.1929383277893066,3.196009635925293,0.003071308135986328
initial,1,block0.W1,51,16,3.179549217224121,3.177248477935791,0.002300739288330078
initial,1,block0.W1,52,16,2.9847137928009033,2.9872794151306152,0.002565622329711914
initial,1,block0.W1,53,16,3.0475616455078125,3.0472145080566406,0.000347137451171875
initial,1,block0.W1,54,16,3.1111156940460205,3.111496925354004,0.00038123130798339844
initial,1,block0.W1,55,16,3.0878288745880127,3.089566707611084,0.001737833023071289
initial,1,block0.W1,56,16,3.017815351486206,3.0136873722076416,0.004127979278564453
initial,1,block0.W1,57,16,3.1905438899993896,3.211176872253418,0.02063298225402832
initial,1,block0.W1,58,16,2.859872579574585,2.8636550903320312,0.003782510757446289
initial,1,block0.W1,59,16,2.9751698970794678,2.9859344959259033,0.010764598846435547
initial,1,block0.W1,60,16,2.969858407974243,2.961172342300415,0.008686065673828125
initial,1,block0.W1,61,16,3.0447440147399902,3.052899122238159,0.008155107498168945
initial,1,block0.W1,62,16,2.8157312870025635,2.8170278072357178,0.0012965202331542969
initial,1,block0.W1,63,16,3.1056201457977295,3.092308282852173,0.01331186294555664
initial,2,block0.W2,0,16,3.1748709678649902,3.201719045639038,0.02684807777404785
initial,2,block0.W2,1,16,3.125600814819336,3.117102861404419,0.008497953414916992
initial,2,block0.W2,2,16,3.083980083465576,3.1028993129730225,0.01891922950744629
initial,2,block0.W2,3,16,3.112093210220337,3.1108102798461914,0.0012829303741455078
initial,2,block0.W2,4,16,3.0633280277252197,3.0641045570373535,0.0007765293121337891
initial,2,block0.W2,5,16,3.0098512172698975,3.0042827129364014,0.005568504333496094
initial,2,block0.W2,6,16,3.128892660140991,3.1175968647003174,0.011295795440673828
initial,2,block0.W2,7,16,3.0930280685424805,3.0912253856658936,0.001802682876586914
initial,2,block0.W2,8,16,3.053919553756714,3.0501708984375,0.003748655319213867
initial,2,block0.W2,9,16,3.100344657897949,3.1186273097991943,0.018282651901245117
initial,2,block0.W2,10,16,3.1171796321868896,3.1228673458099365,0.005687713623046875
initial,2,block0.W2,11,16,3.0159785747528076,3.037844181060791,0.0218656063079834
initial,2,block0.W2,12,16,3.0045738220214844,3.007401943206787,0.0028281211853027344
initial,2,block0.W2,13,16,3.118842124938965,3.1127781867980957,0.006063938140869141
initial,2,block0.W2,14,16,3.045647144317627,3.04221773147583,0.003429412841796875
initial,2,block0.W2,15,16,3.0818188190460205,3.0796144008636475,0.002204418182373047
initial,2,block0.W2,16,16,3.034343957901001,3.0511863231658936,0.016842365264892578
initial,2,block0.W2,17,16,2.928229808807373,2.915113687515259,0.013116121292114258
initial,2,block0.W2,18,16,3.0654423236846924,3.0604586601257324,0.004983663558959961
initial,2,block0.W2,19,16,3.064709186553955,3.071467638015747,0.006758451461791992
initial,2,block0.W2,20,16,3.093566417694092,3.0829105377197266,0.010655879974365234
initial,2,block0.W2,21,16,2.9480841159820557,2.9061360359191895,0.04194808006286621
initial,2,block0.W2,22,16,3.0498926639556885,3.0674285888671875,0.017535924911499023
initial,2,block0.W2,23,16,3.117591619491577,3.1327013969421387,0.015109777450561523
initial,2,block0.W2,24,16,3.0870108604431152,3.072082757949829,0.014928102493286133
initial,2,block0.W2,25,16,2.942924976348877,2.9499173164367676,0.006992340087890625
initial,2,block0.W2,26,16,3.0557563304901123,3.0585668087005615,0.0028104782104492188
initial,2,block0.W2,27,16,3.092592477798462,3.1177539825439453,0.0251615047454834
initial,2,block0.W2,28,16,2.946291208267212,2.9577176570892334,0.011426448822021484
initial,2,block0.W2,29,16,3.000826597213745,3.0046629905700684,0.003836393356323242
initial,2,block0.W2,30,16,3.004589319229126,3.004927158355713,0.00033783912658691406
initial,2,block0.W2,31,16,2.95992112159729,2.95853590965271,0.0013852119445800781
initial,2,block0.W2,32,16,2.959345817565918,2.956561803817749,0.0027840137481689453
initial,2,block0.W2,33,16,3.0316145420074463,3.038295030593872,0.006680488586425781
initial,2,block0.W2,34,16,3.1310312747955322,3.1159255504608154,0.015105724334716797
initial,2,block0.W2,35,16,3.0430779457092285,3.0392255783081055,0.003852367401123047
initial,2,block0.W2,36,16,2.976400375366211,2.985275983810425,0.008875608444213867
initial,2,block0.W2,37,16,3.0827524662017822,3.0971779823303223,0.014425516128540039
initial,2,block0.W2,38,16,3.056976795196533,3.0890467166900635,0.03206992149353027
initial,2,block0.W2,39,16,3.1868808269500732,3.171447992324829,0.01543283462524414
initial,2,block0.W2,40,16,3.1141130924224854,3.132697105407715,0.018584012985229492
initial,2,block0.W2,41,16,3.1334872245788574,3.126033306121826,0.00745391845703125
initial,2,block0.W2,42,16,3.0146026611328125,2.9965860843658447,0.018016576766967773
initial,2,block0.W2,43,16,3.2968971729278564,3.3102452754974365,0.013348102569580078
initial,2,block0.W2,44,16,3.0439043045043945,3.0463783740997314,0.002474069595336914
initial,2,block0.W2,45,16,3.0037875175476074,3.0007846355438232,0.0030028820037841797
initial,2,block0.W2,46,16,3.051013946533203,3.0660414695739746,0.015027523040771484
initial,2,block0.W2,47,16,3.1416804790496826,3.1222712993621826,0.0194091796875
initial,2,block0.W2,48,16,3.0874085426330566,3.081743001937866,0.00566554069519043
initial,2,block0.W2,49,16,3.164083242416382,3.1599793434143066,0.004103899002075195
initial,2,block0.W2,50,16,3.094160556793213,3.0736336708068848,0.020526885986328125
initial,2,block0.W2,51,16,3.274714469909668,3.2687716484069824,0.005942821502685547
initial,2,block0.W2,52,16,3.056248664855957,3.0573654174804688,0.0011167526245117188
initial,2,block0.W2,53,16,3.112159013748169,3.102050542831421,0.010108470916748047
initial,2,block0.W2,54,16,3.1213929653167725,3.1298370361328125,0.008444070816040039
initial,2,block0.W2,55,16,3.0518157482147217,3.03993558883667,0.011880159378051758
initial,2,block0.W2,56,16,3.1194474697113037,3.1035470962524414,0.015900373458862305
initial,2,block0.W2,57,16,3.053518295288086,3.057267427444458,0.0037491321563720703
initial,2,block0.W2,58,16,3.0013926029205322,3.0156266689300537,0.014234066009521484
initial,2,block0.W2,59,16,3.2349603176116943,3.2277677059173584,0.0071926116943359375
initial,2,block0.W2,60,16,3.0759594440460205,3.0659382343292236,0.010021209716796875
initial,2,block0.W2,61,16,3.125392436981201,3.138497829437256,0.013105392456054688
initial,2,block0.W2,62,16,3.1228785514831543,3.142029047012329,0.019150495529174805
initial,2,block0.W2,63,16,3.0154528617858887,3.0076982975006104,0.00775456428527832
initial,3,block1.W1,0,16,2.873551368713379,2.8775086402893066,0.003957271575927734
initial,3,block1.W1,1,16,2.932908058166504,2.9437124729156494,0.010804414749145508
initial,3,block1.W1,2,16,2.9689505100250244,2.9821372032165527,0.01318669319152832
initial,3,block1.W1,3,16,3.168076753616333,3.1786861419677734,0.01060938835144043
initial,3,block1.W1,4,16,3.0607006549835205,3.0722618103027344,0.011561155319213867
initial,3,block1.W1,5,16,2.9000816345214844,2.893839120864868,0.006242513656616211
initial,3,block1.W1,6,16,2.9590556621551514,2.956176280975342,0.0028793811798095703
initial,3,block1.W1,7,16,3.0807883739471436,3.069873332977295,0.010915040969848633
initial,3,block1.W1,8,16,3.0324368476867676,3.0222785472869873,0.010158300399780273
initial,3,block1.W1,9,16,3.165085792541504,3.156581163406372,0.008504629135131836
initial,3,block1.W1,10,16,2.9364824295043945,2.940838098526001,0.004355669021606445
initial,3,block1.W1,11,16,3.219985008239746,3.2148187160491943,0.005166292190551758
initial,3,block1.W1,12,16,3.168666124343872,3.151670217514038,0.016995906829833984
initial,3,block1.W1,13,16,3.012312173843384,3.0210483074188232,0.008736133575439453
initial,3,block1.W1,14,16,2.8694097995758057,2.86360502243042,0.005804777145385742
initial,3,block1.W1,15,16,2.9803965091705322,2.9732308387756348,0.007165670394897461
initial,3,block1.W1,16,16,2.9848742485046387,2.975327253341675,0.009546995162963867
initial,3,block1.W1,17,16,3.101274013519287,3.10233211517334,0.0010581016540527344
initial,3,block1.W1,18,16,2.994380474090576,3.0032215118408203,0.00884103775024414
initial,3,block1.W1,19,16,3.062682867050171,3.063632011413574,0.0009491443634033203
initial,3,block1.W1,20,16,3.107192277908325,3.1054744720458984,0.0017178058624267578
initial,3,block1.W1,21,16,3.142848014831543,3.1271164417266846,0.0157315731048584
initial,3,block1.W1,22,16,3.137346029281616,3.136693239212036,0.0006527900695800781
initial,3,block1.W1,23,16,2.9110589027404785,2.9162299633026123,0.005171060562133789
initial,3,block1.W1,24,16,3.0247912406921387,3.031466245651245,0.006675004959106445
initial,3,block1.W1,25,16,2.928169012069702,2.935192108154297,0.0070230960845947266
initial,3,block1.W1,26,16,3.147981643676758,3.147869110107422,0.0001125335693359375
initial,3,block1.W1,27,16,2.90075421333313,2.923363208770752,0.02260899543762207
initial,3,block1.W1,28,16,3.1324403285980225,3.120124340057373,0.012315988540649414
initial,3,block1.W1,29,16,3.20530104637146,3.1967804431915283,0.00852060317993164
initial,3,block1.W1,30,16,3.0984346866607666,3.0836071968078613,0.014827489852905273
initial,3,block1.W1,31,16,3.0291476249694824,3.028609037399292,0.0005385875701904297
initial,3,block1.W1,32,16,3.032590389251709,3.0280776023864746,0.004512786865234375
initial,3,block1.W1,33,16,3.0510573387145996,3.0464560985565186,0.004601240158081055
initial,3,block1.W1,34,16,2.997291326522827,2.999924659729004,0.002633333206176758
initial,3,block1.W1,35,16,3.0594310760498047,3.060260772705078,0.0008296966552734375
initial,3,block1.W1,36,16,2.977113962173462,2.9759833812713623,0.0011305809020996094
initial,3,block1.W1,37,16,3.1467976570129395,3.150075674057007,0.003278017044067383
initial,3,block1.W1,38,16,2.989525318145752,2.974586009979248,0.014939308166503906
initial,3,block1.W1,39,16,3.0784478187561035,3.0730361938476562,0.005411624908447266
initial,3,block1.W1,40,16,2.708151340484619,2.710655927658081,0.002504587173461914
initial,3,block1.W1,41,16,3.1035938262939453,3.1042354106903076,0.0006415843963623047
initial,3,block1.W1,42,16,3.2319083213806152,3.2247142791748047,0.007194042205810547
initial,3,block1.W1,43,16,3.077788829803467,3.084094285964966,0.0063054561614990234
initial,3,block1.W1,44,16,3.065056562423706,3.0707404613494873,0.00568389892578125
initial,3,block1.W1,45,16,2.901810646057129,2.906964063644409,0.0051534175872802734
initial,3,block1.W1,46,16,3.0276753902435303,3.0316548347473145,0.00397944450378418
initial,3,block1.W1,47,16,2.964271306991577,2.9778738021850586,0.013602495193481445
initial,3,block1.W1,48,16,3.092846155166626,3.0933151245117188,0.00046896934509277344
initial,3,block1.W1,49,16,2.866093635559082,2.8656678199768066,0.0004258155822753906
initial,3,block1.W1,50,16,3.0985333919525146,3.1088695526123047,0.010336160659790039
initial,3,block1.W1,51,16,3.017124652862549,3.01130747795105,0.0058171749114990234
initial,3,block1.W1,52,16,2.9293270111083984,2.9179203510284424,0.011406660079956055
initial,3,block1.W1,53,16,2.975170612335205,2.959789276123047,0.015381336212158203
initial,3,block1.W1,54,16,3.0624520778656006,3.0700182914733887,0.007566213607788086
initial,3,block1.W1,55,16,3.07852840423584,3.0714876651763916,0.007040739059448242
initial,3,block1.W1,56,16,3.0888965129852295,3.0899229049682617,0.0010263919830322266
initial,3,block1.W1,57,16,3.1227798461914062,3.1150646209716797,0.0077152252197265625
initial,3,block1.W1,58,16,3.0464723110198975,3.0419890880584717,0.004483222961425781
initial,3,block1.W1,59,16,2.8706202507019043,2.8664886951446533,0.0041315555572509766
initial,3,block1.W1,60,16,3.101783514022827,3.11149525642395,0.009711742401123047
initial,3,block1.W1,61,16,3.0480661392211914,3.0193488597869873,0.0287172794342041
initial,3,block1.W1,62,16,2.951523542404175,2.957334280014038,0.005810737609863281
initial,3,block1.W1,63,16,3.080798387527466,3.079766273498535,0.001032114028930664
initial,4,block1.W2,0,16,2.9357850551605225,2.938754081726074,0.002969026565551758
initial,4,block1.W2,1,16,2.933391571044922,2.954293727874756,0.020902156829833984
initial,4,block1.W2,2,16,3.049973726272583,3.043710947036743,0.006262779235839844
initial,4,block1.W2,3,16,3.027534008026123,3.0369675159454346,0.009433507919311523
initial,4,block1.W2,4,16,3.065441608428955,3.0894100666046143,0.02396845817565918
initial,4,block1.W2,5,16,3.0439510345458984,3.0504164695739746,0.006465435028076172
initial,4,block1.W2,6,16,3.0866739749908447,3.0915307998657227,0.00485682487487793
initial,4,block1.W2,7,16,3.2422471046447754,3.249523401260376,0.007276296615600586
initial,4,block1.W2,8,16,3.010732650756836,3.0247344970703125,0.014001846313476562
initial,4,block1.W2,9,16,3.0519139766693115,3.042353630065918,0.009560346603393555
initial,4,block1.W2,10,16,3.0152010917663574,3.0115859508514404,0.003615140914916992
initial,4,block1.W2,11,16,2.938227415084839,2.925262451171875,0.012964963912963867
initial,4,block1.W2,12,16,3.011528491973877,3.0287468433380127,0.017218351364135742
initial,4,block1.W2,13,16,3.0399675369262695,3.058403730392456,0.018436193466186523
initial,4,block1.W2,14,16,3.0858895778656006,3.090123176574707,0.004233598709106445
initial,4,block1.W2,15,16,3.1273398399353027,3.1136016845703125,0.013738155364990234
initial,4,block1.W2,16,16,2.9954888820648193,2.9998257160186768,0.004336833953857422
initial,4,block1.W2,17,16,3.0155439376831055,3.0242552757263184,0.00871133804321289
initial,4,block1.W2,18,16,2.9180068969726562,2.9400999546051025,0.02209305763244629
initial,4,block1.W2,19,16,3.1318514347076416,3.1402530670166016,0.008401632308959961
initial,4,block1.W2,20,16,3.1378488540649414,3.119513988494873,0.01833486557006836
initial,4,block1.W2,21,16,3.044565200805664,3.042371988296509,0.0021932125091552734
initial,4,block1.W2,22,16,3.128837823867798,3.1440813541412354,0.0152435302734375
initial,4,block1.W2,23,16,3.0052402019500732,2.9991657733917236,0.006074428558349609
initial,4,block1.W2,24,16,2.9276602268218994,2.939699649810791,0.012039422988891602
initial,4,block1.W2,25,16,3.095021963119507,3.0995569229125977,0.00453495979309082
initial,4,block1.W2,26,16,3.1061348915100098,3.1081907749176025,0.0020558834075927734
initial,4,block1.W2,27,16,2.8649754524230957,2.854012966156006,0.010962486267089844
initial,4,block1.W2,28,16,3.085430145263672,3.0951366424560547,0.009706497192382812
initial,4,block1.W2,29,16,2.9672515392303467,2.9744536876678467,0.0072021484375
initial,4,block1.W2,30,16,2.9794366359710693,2.9793508052825928,8.58306884765625e-05
initial,4,block1.W2,31,16,3.3280837535858154,3.31662917137146,0.011454582214355469
initial,4,block1.W2,32,16,2.92574143409729,2.939828634262085,0.014087200164794922
initial,4,block1.W2,33,16,3.056239604949951,3.0396251678466797,0.016614437103271484
initial,4,block1.W2,34,16,3.1373558044433594,3.132094621658325,0.00526118278503418
initial,4,block1.W2,35,16,2.9775915145874023,2.976165294647217,0.0014262199401855469
initial,4,block1.W2,36,16,3.014906167984009,3.0000503063201904,0.01485586166381836
initial,4,block1.W2,37,16,3.107079029083252,3.093691110610962,0.013387918472290039
initial,4,block1.W2,38,16,3.015606641769409,2.9931976795196533,0.02240896224975586
initial,4,block1.W2,39,16,2.9182369709014893,2.922093391418457,0.0038564205169677734
initial,4,block1.W2,40,16,3.165090322494507,3.1504430770874023,0.014647245407104492
initial,4,block1.W2,41,16,3.076676845550537,3.0833373069763184,0.00666046142578125
initial,4,block1.W2,42,16,2.8912971019744873,2.8968875408172607,0.0055904388427734375
initial,4,block1.W2,43,16,3.177309513092041,3.165295362472534,0.012014150619506836
initial,4,block1.W2,44,16,3.0642340183258057,3.0608887672424316,0.0033452510833740234
initial,4,block1.W2,45,16,3.069096803665161,3.0703437328338623,0.0012469291687011719
initial,4,block1.W2,46,16,3.2067530155181885,3.174283504486084,0.03246951103210449
initial,4,block1.W2,47,16,3.085885524749756,3.080038547515869,0.005846977233886719
initial,4,block1.W2,48,16,2.946143865585327,2.9465439319610596,0.0004000663757324219
initial,4,block1.W2,49,16,3.049006223678589,3.0348753929138184,0.014130830764770508
initial,4,block1.W2,50,16,3.058826208114624,3.0505707263946533,0.008255481719970703
initial,4,block1.W2,51,16,2.9915614128112793,2.9871225357055664,0.004438877105712891
initial,4,block1.W2,52,16,3.0659825801849365,3.061103105545044,0.004879474639892578
initial,4,block1.W2,53,16,3.0302600860595703,3.038893699645996,0.008633613586425781
initial,4,block1.W2,54,16,3.115485191345215,3.1212940216064453,0.005808830261230469
initial,4,block1.W2,55,16,3.1694440841674805,3.1593501567840576,0.010093927383422852
initial,4,block1.W2,56,16,3.0330440998077393,3.0301096439361572,0.0029344558715820312
initial,4,block1.W2,57,16,3.0861246585845947,3.1009650230407715,0.014840364456176758
initial,4,block1.W2,58,16,3.1777894496917725,3.1664178371429443,0.011371612548828125
initial,4,block1.W2,59,16,3.0407021045684814,3.0141844749450684,0.026517629623413086
initial,4,block1.W2,60,16,3.1226062774658203,3.1317546367645264,0.009148359298706055
initial,4,block1.W2,61,16,3.0227839946746826,3.016486883163452,0.006297111511230469
initial,4,block1.W2,62,16,3.1911232471466064,3.184246301651001,0.006876945495605469
initial,4,block1.W2,63,16,3.045633554458618,3.0258569717407227,0.019776582717895508
initial,5,block2.W1,0,16,3.114285469055176,3.1117663383483887,0.0025191307067871094
initial,5,block2.W1,1,16,3.0332417488098145,3.0093867778778076,0.023854970932006836
initial,5,block2.W1,2,16,3.02225661277771,3.019526720046997,0.0027298927307128906
initial,5,block2.W1,3,16,3.102616310119629,3.0980052947998047,0.004611015319824219
initial,5,block2.W1,4,16,3.026149272918701,3.0244791507720947,0.0016701221466064453
initial,5,block2.W1,5,16,3.155820608139038,3.158097743988037,0.0022771358489990234
initial,5,block2.W1,6,16,3.1489431858062744,3.1465775966644287,0.002365589141845703
initial,5,block2.W1,7,16,3.3025784492492676,3.3101322650909424,0.007553815841674805
initial,5,block2.W1,8,16,3.1658055782318115,3.1683647632598877,0.002559185028076172
initial,5,block2.W1,9,16,3.0889475345611572,3.0883617401123047,0.0005857944488525391
initial,5,block2.W1,10,16,3.161877155303955,3.154862880706787,0.007014274597167969
initial,5,block2.W1,11,16,2.940803289413452,2.932584047317505,0.008219242095947266
initial,5,block2.W1,12,16,3.1745660305023193,3.1752476692199707,0.0006816387176513672
initial,5,block2.W1,13,16,2.943753957748413,2.950653553009033,0.006899595260620117
initial,5,block2.W1,14,16,2.953955888748169,2.955705404281616,0.0017495155334472656
initial,5,block2.W1,15,16,2.9789791107177734,2.9779505729675293,0.0010285377502441406
initial,5,block2.W1,16,16,3.000995397567749,2.9896581172943115,0.0113372802734375
initial,5,block2.W1,17,16,2.9737861156463623,2.9807474613189697,0.006961345672607422
initial,5,block2.W1,18,16,3.120742082595825,3.1335086822509766,0.012766599655151367
initial,5,block2.W1,19,16,3.1475071907043457,3.156343936920166,0.008836746215820312
initial,5,block2.W1,20,16,3.1495914459228516,3.1442854404449463,0.0053060054779052734
initial,5,block2.W1,21,16,2.9589831829071045,2.9817116260528564,0.022728443145751953
initial,5,block2.W1,22,16,2.9031007289886475,2.9068379402160645,0.003737211227416992
initial,5,block2.W1,23,16,2.9529576301574707,2.9578840732574463,0.004926443099975586
initial,5,block2.W1,24,16,3.0683956146240234,3.072770357131958,0.00437474250793457
initial,5,block2.W1,25,16,3.0331060886383057,3.040231704711914,0.0071256160736083984
initial,5,block2.W1,26,16,3.256244421005249,3.265249252319336,0.009004831314086914
initial,5,block2.W1,27,16,2.9646854400634766,2.9658684730529785,0.0011830329895019531
initial,5,block2.W1,28,16,3.018972873687744,2.9992356300354004,0.01973724365234375
initial,5,block2.W1,29,16,3.0450055599212646,3.0333077907562256,0.011697769165039062
initial,5,block2.W1,30,16,2.9439146518707275,2.9460089206695557,0.002094268798828125
initial,5,block2.W1,31,16,2.8615658283233643,2.877741813659668,0.01617598533630371
initial,5,block2.W1,32,16,3.0160372257232666,3.0223236083984375,0.0062863826751708984
initial,5,block2.W1,33,16,3.0974557399749756,3.0945751667022705,0.002880573272705078
initial,5,block2.W1,34,16,3.1205203533172607,3.1168456077575684,0.003674745559692383
initial,5,block2.W1,35,16,3.078148365020752,3.095155715942383,0.01700735092163086
initial,5,block2.W1,36,16,3.0265920162200928,3.012360095977783,0.01423192024230957
initial,5,block2.W1,37,16,3.1877808570861816,3.2004690170288086,0.012688159942626953
initial,5,block2.W1,38,16,2.907485246658325,2.9013121128082275,0.006173133850097656
initial,5,block2.W1,39,16,3.0112810134887695,3.0099074840545654,0.0013735294342041016
initial,5,block2.W1,40,16,3.1423823833465576,3.139828681945801,0.002553701400756836
initial,5,block2.W1,41,16,3.1326756477355957,3.1279964447021484,0.004679203033447266
initial,5,block2.W1,42,16,3.0131399631500244,3.0042428970336914,0.008897066116333008
initial,5,block2.W1,43,16,2.7380428314208984,2.7314741611480713,0.0065686702728271484
initial,5,block2.W1,44,16,3.0010323524475098,3.0114431381225586,0.010410785675048828
initial,5,block2.W1,45,16,2.9105100631713867,2.9079160690307617,0.002593994140625
initial,5,block2.W1,46,16,3.1527507305145264,3.1561594009399414,0.003408670425415039
initial,5,block2.W1,47,16,3.0956664085388184,3.096714735031128,0.0010483264923095703
initial,5,block2.W1,48,16,3.1771554946899414,3.1656851768493652,0.011470317840576172
initial,5,block2.W1,49,16,3.0984091758728027,3.0958433151245117,0.0025658607482910156
initial,5,block2.W1,50,16,3.0995757579803467,3.085921049118042,0.013654708862304688
initial,5,block2.W1,51,16,2.9988973140716553,2.9947385787963867,0.004158735275268555
initial,5,block2.W1,52,16,2.9490957260131836,2.952080726623535,0.0029850006103515625
initial,5,block2.W1,53,16,3.0121920108795166,3.0135982036590576,0.0014061927795410156
initial,5,block2.W1,54,16,3.0140395164489746,3.0230233669281006,0.008983850479125977
initial,5,block2.W1,55,16,3.11720609664917,3.108593463897705,0.008612632751464844
initial,5,block2.W1,56,16,3.090679883956909,3.081249952316284,0.009429931640625
initial,5,block2.W1,57,16,3.1728901863098145,3.1672725677490234,0.005617618560791016
initial,5,block2.W1,58,16,3.10886812210083,3.1152398586273193,0.006371736526489258
initial,5,block2.W1,59,16,3.0814285278320312,3.0808956623077393,0.0005328655242919922
initial,5,block2.W1,60,16,3.200517177581787,3.194741725921631,0.00577545166015625
initial,5,block2.W1,61,16,3.1028218269348145,3.0896964073181152,0.013125419616699219
initial,5,block2.W1,62,16,2.970130205154419,2.9678938388824463,0.0022363662719726562
initial,5,block2.W1,63,16,3.043078660964966,3.0292673110961914,0.013811349868774414
initial,6,block2.W2,0,16,3.180391311645508,3.1868879795074463,0.0064966678619384766
initial,6,block2.W2,1,16,3.0884504318237305,3.0821433067321777,0.006307125091552734
initial,6,block2.W2,2,16,3.036454200744629,3.046496868133545,0.010042667388916016
initial,6,block2.W2,3,16,2.9719979763031006,2.970675468444824,0.0013225078582763672
initial,6,block2.W2,4,16,3.1577224731445312,3.155386209487915,0.002336263656616211
initial,6,block2.W2,5,16,2.8944790363311768,2.8914794921875,0.002999544143676758
initial,6,block2.W2,6,16,3.0364174842834473,3.03531813621521,0.0010993480682373047
initial,6,block2.W2,7,16,3.091172933578491,3.0690319538116455,0.022140979766845703
initial,6,block2.W2,8,16,3.205185890197754,3.20790433883667,0.0027184486389160156
initial,6,block2.W2,9,16,3.3103723526000977,3.309811592102051,0.000560760498046875
initial,6,block2.W2,10,16,3.0148074626922607,3.0140302181243896,0.0007772445678710938
initial,6,block2.W2,11,16,3.1355032920837402,3.12080454826355,0.01469874382019043
initial,6,block2.W2,12,16,3.0496480464935303,3.048321008682251,0.0013270378112792969
initial,6,block2.W2,13,16,2.942286252975464,2.915740966796875,0.026545286178588867
initial,6,block2.W2,14,16,3.0182833671569824,2.9944286346435547,0.023854732513427734
initial,6,block2.W2,15,16,3.1730918884277344,3.166600227355957,0.006491661071777344
initial,6,block2.W2,16,16,2.9434165954589844,2.928549289703369,0.014867305755615234
initial,6,block2.W2,17,16,3.1090586185455322,3.122675895690918,0.013617277145385742
initial,6,block2.W2,18,16,2.9951553344726562,2.9970595836639404,0.0019042491912841797
initial,6,block2.W2,19,16,3.189541816711426,3.1814849376678467,0.008056879043579102
initial,6,block2.W2,20,16,3.0047788619995117,3.0062994956970215,0.0015206336975097656
initial,6,block2.W2,21,16,3.080669403076172,3.0715255737304688,0.009143829345703125
initial,6,block2.W2,22,16,2.9587817192077637,2.955186605453491,0.003595113754272461
initial,6,block2.W2,23,16,3.0205981731414795,3.020956516265869,0.00035834312438964844
initial,6,block2.W2,24,16,3.013331651687622,3.0161705017089844,0.0028388500213623047
initial,6,block2.W2,25,16,2.9796130657196045,2.968406915664673,0.01120615005493164
initial,6,block2.W2,26,16,3.0626754760742188,3.0453763008117676,0.017299175262451172
initial,6,block2.W2,27,16,3.15006685256958,3.1784329414367676,0.0283660888671875
initial,6,block2.W2,28,16,3.046060800552368,3.0341129302978516,0.011947870254516602
initial,6,block2.W2,29,16,3.1632049083709717,3.1746156215667725,0.011410713195800781
initial,6,block2.W2,30,16,3.161419630050659,3.1428170204162598,0.018602609634399414
initial,6,block2.W2,31,16,3.1167654991149902,3.098268747329712,0.01849675178527832
initial,6,block2.W2,32,16,3.124642848968506,3.104620933532715,0.020021915435791016
initial,6,block2.W2,33,16,2.93709659576416,2.939481019973755,0.0023844242095947266
initial,6,block2.W2,34,16,2.976566791534424,2.9950647354125977,0.018497943878173828
initial,6,block2.W2,35,16,2.992997884750366,2.9780373573303223,0.014960527420043945
initial,6,block2.W2,36,16,2.981659173965454,2.9707930088043213,0.010866165161132812
initial,6,block2.W2,37,16,2.9587018489837646,2.9729275703430176,0.01422572135925293
initial,6,block2.W2,38,16,2.895657539367676,2.900524616241455,0.004867076873779297
initial,6,block2.W2,39,16,3.143186092376709,3.152582883834839,0.009396791458129883
initial,6,block2.W2,40,16,3.167921304702759,3.161327838897705,0.006593465805053711
initial,6,block2.W2,41,16,3.128323793411255,3.1513543128967285,0.023030519485473633
initial,6,block2.W2,42,16,2.7823145389556885,2.770578384399414,0.011736154556274414
initial,6,block2.W2,43,16,3.033726453781128,3.053739070892334,0.020012617111206055
initial,6,block2.W2,44,16,3.108673572540283,3.0966992378234863,0.011974334716796875
initial,6,block2.W2,45,16,3.1948561668395996,3.2298953533172607,0.03503918647766113
initial,6,block2.W2,46,16,3.0277247428894043,3.014789342880249,0.012935400009155273
initial,6,block2.W2,47,16,3.1692276000976562,3.1643383502960205,0.004889249801635742
initial,6,block2.W2,48,16,3.192969560623169,3.1744627952575684,0.018506765365600586
initial,6,block2.W2,49,16,3.13942813873291,3.154792070388794,0.015363931655883789
initial,6,block2.W2,50,16,3.147876501083374,3.130901575088501,0.016974925994873047
initial,6,block2.W2,51,16,3.0363118648529053,3.0363786220550537,6.67572021484375e-05
initial,6,block2.W2,52,16,2.797333002090454,2.7762980461120605,0.021034955978393555
initial,6,block2.W2,53,16,3.2905681133270264,3.3200669288635254,0.029498815536499023
initial,6,block2.W2,54,16,3.1783370971679688,3.166476249694824,0.011860847473144531
initial,6,block2.W2,55,16,3.0691628456115723,3.07381272315979,0.0046498775482177734
initial,6,block2.W2,56,16,3.0868890285491943,3.100764513015747,0.013875484466552734
initial,6,block2.W2,57,16,3.0726191997528076,3.0842905044555664,0.011671304702758789
initial,6,block2.W2,58,16,3.0928096771240234,3.092783212661743,2.6464462280273438e-05
initial,6,block2.W2,59,16,3.1395249366760254,3.1368610858917236,0.002663850784301758
initial,6,block2.W2,60,16,3.119598150253296,3.1220359802246094,0.0024378299713134766
initial,6,block2.W2,61,16,2.991633653640747,2.9918079376220703,0.0001742839813232422
initial,6,block2.W2,62,16,2.846118688583374,2.8547534942626953,0.008634805679321289
initial,6,block2.W2,63,16,3.0569040775299072,3.07559871673584,0.018694639205932617
initial,7,block3.W1,0,16,3.0433874130249023,3.0351006984710693,0.008286714553833008
initial,7,block3.W1,1,16,3.141649007797241,3.135340452194214,0.006308555603027344
initial,7,block3.W1,2,16,3.0081608295440674,2.9985148906707764,0.009645938873291016
initial,7,block3.W1,3,16,3.018278121948242,3.0186994075775146,0.00042128562927246094
initial,7,block3.W1,4,16,3.0919008255004883,3.1026954650878906,0.010794639587402344
initial,7,block3.W1,5,16,3.104759693145752,3.0888125896453857,0.01594710350036621
initial,7,block3.W1,6,16,3.1651079654693604,3.1633081436157227,0.0017998218536376953
initial,7,block3.W1,7,16,3.092505693435669,3.083792209625244,0.008713483810424805
initial,7,block3.W1,8,16,3.1092984676361084,3.1311838626861572,0.021885395050048828
initial,7,block3.W1,9,16,3.024308443069458,3.0228381156921387,0.001470327377319336
initial,7,block3.W1,10,16,2.9441258907318115,2.949782133102417,0.005656242370605469
initial,7,block3.W1,11,16,3.10599946975708,3.1009905338287354,0.0050089359283447266
initial,7,block3.W1,12,16,3.093963623046875,3.0949575901031494,0.000993967056274414
initial,7,block3.W1,13,16,3.04655122756958,3.048283576965332,0.0017323493957519531
initial,7,block3.W1,14,16,2.9950523376464844,3.0069377422332764,0.011885404586791992
initial,7,block3.W1,15,16,2.9307138919830322,2.9227700233459473,0.007943868637084961
initial,7,block3.W1,16,16,3.0236151218414307,3.0271923542022705,0.0035772323608398438
initial,7,block3.W1,17,16,2.9479918479919434,2.9396426677703857,0.008349180221557617
initial,7,block3.W1,18,16,2.9851508140563965,2.987095594406128,0.0019447803497314453
initial,7,block3.W1,19,16,2.912051200866699,2.9168474674224854,0.004796266555786133
initial,7,block3.W1,20,16,2.878399133682251,2.8815977573394775,0.0031986236572265625
initial,7,block3.W1,21,16,3.0319905281066895,3.0192692279815674,0.01272130012512207
initial,7,block3.W1,22,16,3.0678822994232178,3.075011730194092,0.0071294307708740234
initial,7,block3.W1,23,16,3.1313343048095703,3.1299149990081787,0.0014193058013916016
initial,7,block3.W1,24,16,2.891437292098999,2.888059139251709,0.003378152847290039
initial,7,block3.W1,25,16,2.977385997772217,2.9718194007873535,0.005566596984863281
initial,7,block3.W1,26,16,3.1610665321350098,3.162612199783325,0.0015456676483154297
initial,7,block3.W1,27,16,2.9449880123138428,2.94490385055542,8.416175842285156e-05
initial,7,block3.W1,28,16,3.030461549758911,3.028764247894287,0.0016973018646240234
initial,7,block3.W1,29,16,3.1335418224334717,3.128871202468872,0.004670619964599609
initial,7,block3.W1,30,16,2.955766439437866,2.9561986923217773,0.0004322528839111328
initial,7,block3.W1,31,16,3.129020929336548,3.137857675552368,0.008836746215820312
initial,7,block3.W1,32,16,3.1282238960266113,3.1065680980682373,0.021655797958374023
initial,7,block3.W1,33,16,3.116838216781616,3.1109731197357178,0.0058650970458984375
initial,7,block3.W1,34,16,2.9750595092773438,2.9844205379486084,0.009361028671264648
initial,7,block3.W1,35,16,3.0344839096069336,3.0242831707000732,0.010200738906860352
initial,7,block3.W1,36,16,3.006702184677124,2.98018479347229,0.026517391204833984
initial,7,block3.W1,37,16,3.020862340927124,3.021756410598755,0.0008940696716308594
initial,7,block3.W1,38,16,3.098994731903076,3.105971574783325,0.0069768428802490234
initial,7,block3.W1,39,16,3.110750675201416,3.114567279815674,0.0038166046142578125
initial,7,block3.W1,40,16,3.061753034591675,3.0651392936706543,0.003386259078979492
initial,7,block3.W1,41,16,3.097137928009033,3.0955588817596436,0.0015790462493896484
initial,7,block3.W1,42,16,3.1259090900421143,3.125189781188965,0.0007193088531494141
initial,7,block3.W1,43,16,2.9365172386169434,2.9347918033599854,0.0017254352569580078
initial,7,block3.W1,44,16,3.026750087738037,3.0176937580108643,0.009056329727172852
initial,7,block3.W1,45,16,3.0450491905212402,3.056255340576172,0.01120615005493164
initial,7,block3.W1,46,16,2.914200782775879,2.91835880279541,0.00415802001953125
initial,7,block3.W1,47,16,2.984858989715576,2.9825873374938965,0.0022716522216796875
initial,7,block3.W1,48,16,3.07446026802063,3.0560920238494873,0.018368244171142578
initial,7,block3.W1,49,16,2.9077725410461426,2.904937267303467,0.0028352737426757812
initial,7,block3.W1,50,16,2.9975526332855225,2.9987752437591553,0.0012226104736328125
initial,7,block3.W1,51,16,2.816223621368408,2.8176486492156982,0.001425027847290039
initial,7,block3.W1,52,16,3.0911028385162354,3.0580549240112305,0.03304791450500488
initial,7,block3.W1,53,16,3.072690725326538,3.0652430057525635,0.007447719573974609
initial,7,block3.W1,54,16,3.1427454948425293,3.139333963394165,0.003411531448364258
initial,7,block3.W1,55,16,3.0491232872009277,3.0559277534484863,0.006804466247558594
initial,7,block3.W1,56,16,3.194371461868286,3.192026138305664,0.0023453235626220703
initial,7,block3.W1,57,16,3.2510671615600586,3.248507499694824,0.002559661865234375
initial,7,block3.W1,58,16,3.1799356937408447,3.17566180229187,0.004273891448974609
initial,7,block3.W1,59,16,2.9926114082336426,2.995232343673706,0.0026209354400634766
initial,7,block3.W1,60,16,3.121476888656616,3.1201181411743164,0.0013587474822998047
initial,7,block3.W1,61,16,3.02386212348938,3.020141839981079,0.0037202835083007812
initial,7,block3.W1,62,16,3.1601340770721436,3.152005672454834,0.00812840461730957
initial,7,block3.W1,63,16,3.1078176498413086,3.096775770187378,0.011041879653930664
initial,8,block3.W2,0,16,2.8893167972564697,2.8902952671051025,0.0009784698486328125
initial,8,block3.W2,1,16,3.050799608230591,3.049288749694824,0.0015108585357666016
initial,8,block3.W2,2,16,2.859844446182251,2.857680082321167,0.0021643638610839844
initial,8,block3.W2,3,16,3.121196985244751,3.122396230697632,0.0011992454528808594
initial,8,block3.W2,4,16,3.2957510948181152,3.302302360534668,0.006551265716552734
initial,8,block3.W2,5,16,3.0769102573394775,3.0643398761749268,0.012570381164550781
initial,8,block3.W2,6,16,3.0896799564361572,3.086310386657715,0.003369569778442383
initial,8,block3.W2,7,16,2.945014715194702,2.9262442588806152,0.018770456314086914
initial,8,block3.W2,8,16,3.279707670211792,3.2777602672576904,0.0019474029541015625
initial,8,block3.W2,9,16,3.0999162197113037,3.1002206802368164,0.0003044605255126953
initial,8,block3.W2,10,16,3.105790853500366,3.088399648666382,0.017391204833984375
initial,8,block3.W2,11,16,3.1128876209259033,3.1027300357818604,0.010157585144042969
initial,8,block3.W2,12,16,3.0719668865203857,3.0610744953155518,0.010892391204833984
initial,8,block3.W2,13,16,3.0303866863250732,3.026401996612549,0.003984689712524414
initial,8,block3.W2,14,16,3.202322244644165,3.205314874649048,0.0029926300048828125
initial,8,block3.W2,15,16,3.1683545112609863,3.1717593669891357,0.003404855728149414
initial,8,block3.W2,16,16,3.067546844482422,3.046436309814453,0.02111053466796875
initial,8,block3.W2,17,16,2.999143362045288,2.99826717376709,0.0008761882781982422
initial,8,block3.W2,18,16,3.1198830604553223,3.106168031692505,0.013715028762817383
initial,8,block3.W2,19,16,2.9458000659942627,2.93935227394104,0.006447792053222656
initial,8,block3.W2,20,16,2.8920681476593018,2.8946313858032227,0.0025632381439208984
initial,8,block3.W2,21,16,3.0892772674560547,3.1071128845214844,0.017835617065429688
initial,8,block3.W2,22,16,2.975525379180908,2.978959798812866,0.003434419631958008
initial,8,block3.W2,23,16,3.0536916255950928,3.0420849323272705,0.011606693267822266
initial,8,block3.W2,24,16,2.978180408477783,2.960738182067871,0.01744222640991211
initial,8,block3.W2,25,16,2.941474437713623,2.9532954692840576,0.01182103157043457
initial,8,block3.W2,26,16,3.1685187816619873,3.1626505851745605,0.005868196487426758
initial,8,block3.W2,27,16,3.2562077045440674,3.2540783882141113,0.0021293163299560547
initial,8,block3.W2,28,16,2.8913235664367676,2.884669065475464,0.006654500961303711
initial,8,block3.W2,29,16,3.205399751663208,3.201655387878418,0.003744363784790039
initial,8,block3.W2,30,16,3.17893385887146,3.1588680744171143,0.020065784454345703
initial,8,block3.W2,31,16,3.0244381427764893,3.033729076385498,0.009290933609008789
initial,8,block3.W2,32,16,3.0175158977508545,3.026691436767578,0.009175539016723633
initial,8,block3.W2,33,16,3.065027952194214,3.0613596439361572,0.0036683082580566406
initial,8,block3.W2,34,16,3.1039206981658936,3.1125693321228027,0.00864863395690918
initial,8,block3.W2,35,16,3.1798713207244873,3.1820602416992188,0.0021889209747314453
initial,8,block3.W2,36,16,3.155771017074585,3.127880334854126,0.027890682220458984
initial,8,block3.W2,37,16,2.8673882484436035,2.863034248352051,0.004354000091552734
initial,8,block3.W2,38,16,3.084223985671997,3.0652496814727783,0.01897430419921875
initial,8,block3.W2,39,16,3.0778486728668213,3.093320369720459,0.015471696853637695
initial,8,block3.W2,40,16,3.0569074153900146,3.0593972206115723,0.002489805221557617
initial,8,block3.W2,41,16,3.1516997814178467,3.1545441150665283,0.0028443336486816406
initial,8,block3.W2,42,16,3.0915944576263428,3.0808603763580322,0.010734081268310547
initial,8,block3.W2,43,16,2.979797124862671,2.9755260944366455,0.004271030426025391
initial,8,block3.W2,44,16,3.1214702129364014,3.1146130561828613,0.006857156753540039
initial,8,block3.W2,45,16,2.9892871379852295,2.9843547344207764,0.004932403564453125
initial,8,block3.W2,46,16,3.016716480255127,3.023204803466797,0.006488323211669922
initial,8,block3.W2,47,16,3.1548609733581543,3.1489782333374023,0.005882740020751953
initial,8,block3.W2,48,16,3.1478381156921387,3.154291868209839,0.006453752517700195
initial,8,block3.W2,49,16,3.0682973861694336,3.0722010135650635,0.003903627395629883
initial,8,block3.W2,50,16,3.0157694816589355,3.004979372024536,0.010790109634399414
initial,8,block3.W2,51,16,3.0131020545959473,3.008059501647949,0.005042552947998047
initial,8,block3.W2,52,16,3.0807666778564453,3.0744106769561768,0.006356000900268555
initial,8,block3.W2,53,16,3.2206153869628906,3.231616973876953,0.0110015869140625
initial,8,block3.W2,54,16,3.072402000427246,3.068403482437134,0.003998517990112305
initial,8,block3.W2,55,16,2.993682622909546,2.9910688400268555,0.0026137828826904297
initial,8,block3.W2,56,16,3.01165509223938,3.0004496574401855,0.011205434799194336
initial,8,block3.W2,57,16,3.0305593013763428,3.039179563522339,0.008620262145996094
initial,8,block3.W2,58,16,3.1685755252838135,3.1730406284332275,0.0044651031494140625
initial,8,block3.W2,59,16,2.9577298164367676,2.9617881774902344,0.004058361053466797
initial,8,block3.W2,60,16,2.9053585529327393,2.9099550247192383,0.0045964717864990234
initial,8,block3.W2,61,16,2.985328197479248,2.9934000968933105,0.0080718994140625
initial,8,block3.W2,62,16,3.0179615020751953,3.0111405849456787,0.0068209171295166016
initial,8,block3.W2,63,16,2.9286842346191406,2.9331023693084717,0.004418134689331055
initial,9,block4.W1,0,16,3.1611645221710205,3.1617891788482666,0.0006246566772460938
initial,9,block4.W1,1,16,3.2329652309417725,3.2346584796905518,0.0016932487487792969
initial,9,block4.W1,2,16,2.8765602111816406,2.8737637996673584,0.0027964115142822266
initial,9,block4.W1,3,16,3.160966157913208,3.1584067344665527,0.0025594234466552734
initial,9,block4.W1,4,16,3.0659570693969727,3.0714385509490967,0.0054814815521240234
initial,9,block4.W1,5,16,3.0252692699432373,3.0327634811401367,0.007494211196899414
initial,9,block4.W1,6,16,3.2450952529907227,3.2377638816833496,0.007331371307373047
initial,9,block4.W1,7,16,3.0042169094085693,3.0143191814422607,0.010102272033691406
initial,9,block4.W1,8,16,3.1209280490875244,3.135101795196533,0.014173746109008789
initial,9,block4.W1,9,16,3.1422948837280273,3.1321191787719727,0.010175704956054688
initial,9,block4.W1,10,16,3.0548529624938965,3.049182653427124,0.005670309066772461
initial,9,block4.W1,11,16,2.912102222442627,2.926975727081299,0.014873504638671875
initial,9,block4.W1,12,16,3.157254695892334,3.152390241622925,0.00486445426940918
initial,9,block4.W1,13,16,2.939166307449341,2.945943832397461,0.006777524948120117
initial,9,block4.W1,14,16,3.024341106414795,3.024439573287964,9.846687316894531e-05
initial,9,block4.W1,15,16,3.0396883487701416,3.0415148735046387,0.0018265247344970703
initial,9,block4.W1,16,16,3.1906425952911377,3.196246385574341,0.005603790283203125
initial,9,block4.W1,17,16,3.224550485610962,3.2213761806488037,0.003174304962158203
initial,9,block4.W1,18,16,2.9074273109436035,2.895695447921753,0.011731863021850586
initial,9,block4.W1,19,16,3.022458076477051,3.0236546993255615,0.0011966228485107422
initial,9,block4.W1,20,16,3.1590960025787354,3.1534125804901123,0.005683422088623047
initial,9,block4.W1,21,16,2.9855306148529053,2.985308885574341,0.00022172927856445312
initial,9,block4.W1,22,16,3.2736058235168457,3.2710423469543457,0.0025634765625
initial,9,block4.W1,23,16,3.105149984359741,3.0980310440063477,0.007118940353393555
initial,9,block4.W1,24,16,2.8852577209472656,2.889991521835327,0.0047338008880615234
initial,9,block4.W1,25,16,2.9068965911865234,2.9082229137420654,0.0013263225555419922
initial,9,block4.W1,26,16,3.08162260055542,3.08612322807312,0.004500627517700195
initial,9,block4.W1,27,16,2.9534523487091064,2.9621405601501465,0.008688211441040039
initial,9,block4.W1,28,16,2.9329802989959717,2.9290292263031006,0.003951072692871094
initial,9,block4.W1,29,16,3.0481419563293457,3.0387396812438965,0.009402275085449219
initial,9,block4.W1,30,16,2.939100503921509,2.9454081058502197,0.0063076019287109375
initial,9,block4.W1,31,16,2.9945836067199707,3.002793788909912,0.008210182189941406
initial,9,block4.W1,32,16,2.8636629581451416,2.8669443130493164,0.0032813549041748047
initial,9,block4.W1,33,16,3.1903178691864014,3.1919829845428467,0.0016651153564453125
initial,9,block4.W1,34,16,3.000161647796631,3.004636287689209,0.004474639892578125
initial,9,block4.W1,35,16,3.091508150100708,3.0866472721099854,0.004860877990722656
initial,9,block4.W1,36,16,3.1052184104919434,3.1023128032684326,0.002905607223510742
initial,9,block4.W1,37,16,3.0572280883789062,3.0656278133392334,0.008399724960327148
initial,9,block4.W1,38,16,3.043612003326416,3.0333871841430664,0.01022481918334961
initial,9,block4.W1,39,16,2.9220690727233887,2.9205451011657715,0.0015239715576171875
initial,9,block4.W1,40,16,3.0596866607666016,3.0492684841156006,0.010418176651000977
initial,9,block4.W1,41,16,3.083319902420044,3.0780467987060547,0.005273103713989258
initial,9,block4.W1,42,16,2.940703868865967,2.948077917098999,0.0073740482330322266
initial,9,block4.W1,43,16,3.086871862411499,3.080223321914673,0.006648540496826172
initial,9,block4.W1,44,16,2.891873359680176,2.8910179138183594,0.0008554458618164062
initial,9,block4.W1,45,16,2.823775291442871,2.8211796283721924,0.002595663070678711
initial,9,block4.W1,46,16,3.1704063415527344,3.1624274253845215,0.00797891616821289
initial,9,block4.W1,47,16,2.8979244232177734,2.9014666080474854,0.003542184829711914
initial,9,block4.W1,48,16,2.9405345916748047,2.9447762966156006,0.0042417049407958984
initial,9,block4.W1,49,16,2.9510045051574707,2.949953079223633,0.0010514259338378906
initial,9,block4.W1,50,16,2.9522273540496826,2.956857681274414,0.004630327224731445
initial,9,block4.W1,51,16,3.0329692363739014,3.0360634326934814,0.003094196319580078
initial,9,block4.W1,52,16,3.146928310394287,3.145507574081421,0.001420736312866211
initial,9,block4.W1,53,16,3.1671483516693115,3.169853687286377,0.0027053356170654297
initial,9,block4.W1,54,16,3.0970542430877686,3.102083206176758,0.005028963088989258
initial,9,block4.W1,55,16,2.9204869270324707,2.922837495803833,0.0023505687713623047
initial,9,block4.W1,56,16,3.200186014175415,3.2088871002197266,0.008701086044311523
initial,9,block4.W1,57,16,2.9893622398376465,2.993410348892212,0.00404810905456543
initial,9,block4.W1,58,16,3.0387673377990723,3.04518461227417,0.006417274475097656
initial,9,block4.W1,59,16,3.1517884731292725,3.151508331298828,0.00028014183044433594
initial,9,block4.W1,60,16,3.222595453262329,3.2055721282958984,0.017023324966430664
initial,9,block4.W1,61,16,3.2641375064849854,3.268749952316284,0.004612445831298828
initial,9,block4.W1,62,16,2.8275933265686035,2.8193681240081787,0.008225202560424805
initial,9,block4.W1,63,16,2.97469162940979,2.9845035076141357,0.009811878204345703
initial,10,block4.W2,0,16,2.9789273738861084,2.9814374446868896,0.00251007080078125
initial,10,block4.W2,1,16,3.2187130451202393,3.2063190937042236,0.012393951416015625
initial,10,block4.W2,2,16,2.9229061603546143,2.9172279834747314,0.0056781768798828125
initial,10,block4.W2,3,16,3.1111862659454346,3.1151814460754395,0.003995180130004883
initial,10,block4.W2,4,16,3.00665283203125,3.0101869106292725,0.003534078598022461
initial,10,block4.W2,5,16,2.9525885581970215,2.9540131092071533,0.001424551010131836
initial,10,block4.W2,6,16,3.0080785751342773,2.996716260910034,0.011362314224243164
initial,10,block4.W2,7,16,3.0543465614318848,3.048515558242798,0.005831003189086914
initial,10,block4.W2,8,16,3.0606157779693604,3.0462944507598877,0.014321327209472656
initial,10,block4.W2,9,16,2.9954302310943604,2.994690179824829,0.00074005126953125
initial,10,block4.W2,10,16,2.9149324893951416,2.913116693496704,0.0018157958984375
initial,10,block4.W2,11,16,3.0268170833587646,3.022437572479248,0.0043795108795166016
initial,10,block4.W2,12,16,2.986659526824951,2.989114761352539,0.0024552345275878906
initial,10,block4.W2,13,16,3.062560558319092,3.0681240558624268,0.005563497543334961
initial,10,block4.W2,14,16,2.978792667388916,2.99507737159729,0.016284704208374023
initial,10,block4.W2,15,16,3.1217546463012695,3.1277658939361572,0.006011247634887695
initial,10,block4.W2,16,16,3.1151342391967773,3.1182608604431152,0.0031266212463378906
initial,10,block4.W2,17,16,3.118626832962036,3.1188251972198486,0.0001983642578125
initial,10,block4.W2,18,16,3.0179643630981445,3.032745361328125,0.014780998229980469
initial,10,block4.W2,19,16,3.0223779678344727,3.0179684162139893,0.0044095516204833984
initial,10,block4.W2,20,16,3.1522576808929443,3.1609559059143066,0.008698225021362305
initial,10,block4.W2,21,16,3.1607539653778076,3.168887138366699,0.008133172988891602
initial,10,block4.W2,22,16,3.022146224975586,3.0324902534484863,0.01034402847290039
initial,10,block4.W2,23,16,3.0643491744995117,3.061000108718872,0.0033490657806396484
initial,10,block4.W2,24,16,2.934880495071411,2.939940929412842,0.005060434341430664
initial,10,block4.W2,25,16,3.133949041366577,3.110520839691162,0.02342820167541504
initial,10,block4.W2,26,16,2.9513440132141113,2.9422261714935303,0.009117841720581055
initial,10,block4.W2,27,16,3.061769723892212,3.065401315689087,0.003631591796875
initial,10,block4.W2,28,16,3.0669820308685303,3.048470973968506,0.018511056900024414
initial,10,block4.W2,29,16,3.074369430541992,3.0844268798828125,0.010057449340820312
initial,10,block4.W2,30,16,3.1029818058013916,3.102433204650879,0.0005486011505126953
initial,10,block4.W2,31,16,2.9599015712738037,2.958094835281372,0.0018067359924316406
initial,10,block4.W2,32,16,2.911740303039551,2.9103734493255615,0.0013668537139892578
initial,10,block4.W2,33,16,2.9376461505889893,2.9410362243652344,0.003390073776245117
initial,10,block4.W2,34,16,3.1909873485565186,3.179250478744507,0.011736869812011719
initial,10,block4.W2,35,16,2.939105272293091,2.9356534481048584,0.003451824188232422
initial,10,block4.W2,36,16,3.1088314056396484,3.1091198921203613,0.0002884864807128906
initial,10,block4.W2,37,16,3.0783803462982178,3.09157133102417,0.013190984725952148
initial,10,block4.W2,38,16,3.034508228302002,3.0279970169067383,0.006511211395263672
initial,10,block4.W2,39,16,3.028034210205078,3.024751663208008,0.0032825469970703125
initial,10,block4.W2,40,16,3.021763563156128,3.0265913009643555,0.004827737808227539
initial,10,block4.W2,41,16,3.022233486175537,3.0433919429779053,0.021158456802368164
initial,10,block4.W2,42,16,3.141353130340576,3.154095411300659,0.012742280960083008
initial,10,block4.W2,43,16,3.121671676635742,3.1355955600738525,0.013923883438110352
initial,10,block4.W2,44,16,2.9295456409454346,2.937520742416382,0.007975101470947266
initial,10,block4.W2,45,16,3.0349302291870117,3.0323827266693115,0.0025475025177001953
initial,10,block4.W2,46,16,3.1025655269622803,3.0976033210754395,0.00496220588684082
initial,10,block4.W2,47,16,3.0511255264282227,3.055508613586426,0.004383087158203125
initial,10,block4.W2,48,16,3.109099864959717,3.095212697982788,0.013887166976928711
initial,10,block4.W2,49,16,3.056211233139038,3.054311513900757,0.00189971923828125
initial,10,block4.W2,50,16,2.916304111480713,2.8971378803253174,0.019166231155395508
initial,10,block4.W2,51,16,3.004333257675171,3.0044822692871094,0.00014901161193847656
initial,10,block4.W2,52,16,2.8692712783813477,2.8644611835479736,0.0048100948333740234
initial,10,block4.W2,53,16,3.0610508918762207,3.0686652660369873,0.0076143741607666016
initial,10,block4.W2,54,16,2.9891183376312256,2.981687068939209,0.0074312686920166016
initial,10,block4.W2,55,16,3.0711100101470947,3.0769922733306885,0.00588226318359375
initial,10,block4.W2,56,16,3.0985360145568848,3.120279312133789,0.021743297576904297
initial,10,block4.W2,57,16,3.094346046447754,3.0934767723083496,0.0008692741394042969
initial,10,block4.W2,58,16,3.137408971786499,3.141903877258301,0.004494905471801758
initial,10,block4.W2,59,16,3.1577579975128174,3.1575989723205566,0.0001590251922607422
initial,10,block4.W2,60,16,3.062181234359741,3.070044755935669,0.007863521575927734
initial,10,block4.W2,61,16,3.0890283584594727,3.0973429679870605,0.00831460952758789
initial,10,block4.W2,62,16,3.319094657897949,3.3233747482299805,0.00428009033203125
initial,10,block4.W2,63,16,3.1341359615325928,3.140944480895996,0.00680851936340332
initial,11,block5.W1,0,16,2.94899582862854,2.9446935653686523,0.004302263259887695
initial,11,block5.W1,1,16,3.2018754482269287,3.1903393268585205,0.011536121368408203
initial,11,block5.W1,2,16,3.1823925971984863,3.1852152347564697,0.0028226375579833984
initial,11,block5.W1,3,16,3.111647367477417,3.1141881942749023,0.0025408267974853516
initial,11,block5.W1,4,16,3.1607024669647217,3.1629152297973633,0.0022127628326416016
initial,11,block5.W1,5,16,2.9744226932525635,2.956681489944458,0.01774120330810547
initial,11,block5.W1,6,16,3.1008546352386475,3.081996440887451,0.01885819435119629
initial,11,block5.W1,7,16,3.1342215538024902,3.118363618850708,0.015857934951782227
initial,11,block5.W1,8,16,3.0939273834228516,3.104233980178833,0.010306596755981445
initial,11,block5.W1,9,16,3.0632922649383545,3.066999912261963,0.0037076473236083984
initial,11,block5.W1,10,16,2.9550061225891113,2.9533865451812744,0.001619577407836914
initial,11,block5.W1,11,16,3.1225039958953857,3.1318860054016113,0.009382009506225586
initial,11,block5.W1,12,16,3.0754446983337402,3.0748815536499023,0.0005631446838378906
initial,11,block5.W1,13,16,3.116358757019043,3.1258082389831543,0.009449481964111328
initial,11,block5.W1,14,16,3.152188301086426,3.155961275100708,0.0037729740142822266
initial,11,block5.W1,15,16,3.2421367168426514,3.2477879524230957,0.005651235580444336
initial,11,block5.W1,16,16,3.0297727584838867,3.0332260131835938,0.0034532546997070312
initial,11,block5.W1,17,16,2.9760167598724365,2.982409954071045,0.0063931941986083984
initial,11,block5.W1,18,16,3.0266056060791016,3.0183475017547607,0.00825810432434082
initial,11,block5.W1,19,16,3.0615217685699463,3.070134401321411,0.008612632751464844
initial,11,block5.W1,20,16,3.1780543327331543,3.1770267486572266,0.0010275840759277344
initial,11,block5.W1,21,16,2.9297780990600586,2.922212839126587,0.00756525993347168
initial,11,block5.W1,22,16,3.0812878608703613,3.078298807144165,0.002989053726196289
initial,11,block5.W1,23,16,3.095073699951172,3.1063501834869385,0.011276483535766602
initial,11,block5.W1,24,16,3.1526620388031006,3.163968563079834,0.011306524276733398
initial,11,block5.W1,25,16,3.0788464546203613,3.098767042160034,0.01992058753967285
initial,11,block5.W1,26,16,3.0513243675231934,3.048302173614502,0.0030221939086914062
initial,11,block5.W1,27,16,2.978771924972534,2.9750897884368896,0.0036821365356445312
initial,11,block5.W1,28,16,3.2041015625,3.183682680130005,0.020418882369995117
initial,11,block5.W1,29,16,3.0065863132476807,3.0044243335723877,0.0021619796752929688
initial,11,block5.W1,30,16,3.0363590717315674,3.0287280082702637,0.007631063461303711
initial,11,block5.W1,31,16,3.127115488052368,3.121556282043457,0.005559206008911133
initial,11,block5.W1,32,16,3.0252647399902344,3.0288853645324707,0.003620624542236328
initial,11,block5.W1,33,16,2.9842047691345215,2.9922473430633545,0.008042573928833008
initial,11,block5.W1,34,16,3.2205562591552734,3.2213380336761475,0.0007817745208740234
initial,11,block5.W1,35,16,3.0946640968322754,3.094062566757202,0.0006015300750732422
initial,11,block5.W1,36,16,3.0916495323181152,3.088791608810425,0.0028579235076904297
initial,11,block5.W1,37,16,2.946173906326294,2.9474618434906006,0.0012879371643066406
initial,11,block5.W1,38,16,3.2134923934936523,3.219247579574585,0.005755186080932617
initial,11,block5.W1,39,16,3.0288877487182617,3.0312483310699463,0.0023605823516845703
initial,11,block5.W1,40,16,2.9688313007354736,2.972707986831665,0.0038766860961914062
initial,11,block5.W1,41,16,3.0877554416656494,3.0815837383270264,0.006171703338623047
initial,11,block5.W1,42,16,3.0264575481414795,3.028538942337036,0.0020813941955566406
initial,11,block5.W1,43,16,3.0104820728302,3.0249569416046143,0.014474868774414062
initial,11,block5.W1,44,16,3.293222427368164,3.3011107444763184,0.007888317108154297
initial,11,block5.W1,45,16,2.973215341567993,2.9682424068450928,0.004972934722900391
initial,11,block5.W1,46,16,3.0049326419830322,2.9977195262908936,0.007213115692138672
initial,11,block5.W1,47,16,3.0542149543762207,3.0590338706970215,0.004818916320800781
initial,11,block5.W1,48,16,2.9581432342529297,2.9622559547424316,0.004112720489501953
initial,11,block5.W1,49,16,2.9326353073120117,2.9379379749298096,0.0053026676177978516
initial,11,block5.W1,50,16,2.9296669960021973,2.9347758293151855,0.005108833312988281
initial,11,block5.W1,51,16,3.1273741722106934,3.1145670413970947,0.012807130813598633
initial,11,block5.W1,52,16,2.9777021408081055,2.979614496231079,0.0019123554229736328
initial,11,block5.W1,53,16,3.01052188873291,3.007392406463623,0.0031294822692871094
initial,11,block5.W1,54,16,2.9855480194091797,2.994784355163574,0.009236335754394531
initial,11,block5.W1,55,16,3.2145564556121826,3.202162981033325,0.012393474578857422
initial,11,block5.W1,56,16,3.1191511154174805,3.114971160888672,0.004179954528808594
initial,11,block5.W1,57,16,2.9599545001983643,2.960153818130493,0.00019931793212890625
initial,11,block5.W1,58,16,3.1030595302581787,3.1037628650665283,0.0007033348083496094
initial,11,block5.W1,59,16,3.0056209564208984,3.0053458213806152,0.0002751350402832031
initial,11,block5.W1,60,16,3.2469661235809326,3.234269142150879,0.012696981430053711
initial,11,block5.W1,61,16,3.074337959289551,3.0653505325317383,0.0089874267578125
initial,11,block5.W1,62,16,3.0127925872802734,3.003762722015381,0.009029865264892578
initial,11,block5.W1,63,16,3.13004207611084,3.1263301372528076,0.0037119388580322266
initial,12,block5.W2,0,16,2.870622158050537,2.8708837032318115,0.00026154518127441406
initial,12,block5.W2,1,16,3.166783571243286,3.16264271736145,0.0041408538818359375
initial,12,block5.W2,2,16,3.100792169570923,3.0970888137817383,0.0037033557891845703
initial,12,block5.W2,3,16,3.1980066299438477,3.1991381645202637,0.0011315345764160156
initial,12,block5.W2,4,16,2.997673273086548,2.9956822395324707,0.0019910335540771484
initial,12,block5.W2,5,16,3.0425760746002197,3.040726661682129,0.0018494129180908203
initial,12,block5.W2,6,16,2.9997148513793945,3.001993179321289,0.0022783279418945312
initial,12,block5.W2,7,16,3.226067543029785,3.2263529300689697,0.0002853870391845703
initial,12,block5.W2,8,16,2.9779646396636963,2.9881904125213623,0.010225772857666016
initial,12,block5.W2,9,16,2.98502254486084,2.9874439239501953,0.0024213790893554688
initial,12,block5.W2,10,16,3.0018622875213623,2.998687267303467,0.003175020217895508
initial,12,block5.W2,11,16,3.1375255584716797,3.1309304237365723,0.006595134735107422
initial,12,block5.W2,12,16,3.2538623809814453,3.255505323410034,0.0016429424285888672
initial,12,block5.W2,13,16,2.8833227157592773,2.882453441619873,0.0008692741394042969
initial,12,block5.W2,14,16,3.293671131134033,3.288334846496582,0.005336284637451172
initial,12,block5.W2,15,16,3.111004590988159,3.111177682876587,0.00017309188842773438
initial,12,block5.W2,16,16,3.0269298553466797,3.0122737884521484,0.01465606689453125
initial,12,block5.W2,17,16,3.1179730892181396,3.119446277618408,0.0014731884002685547
initial,12,block5.W2,18,16,3.1360154151916504,3.139864921569824,0.003849506378173828
initial,12,block5.W2,19,16,2.9833946228027344,2.9809558391571045,0.002438783645629883
initial,12,block5.W2,20,16,3.0486738681793213,3.0479698181152344,0.0007040500640869141
initial,12,block5.W2,21,16,3.0981128215789795,3.089406967163086,0.008705854415893555
initial,12,block5.W2,22,16,3.126342535018921,3.1258177757263184,0.0005247592926025391
initial,12,block5.W2,23,16,3.1404635906219482,3.156764507293701,0.01630091667175293
initial,12,block5.W2,24,16,3.111863613128662,3.113027572631836,0.0011639595031738281
initial,12,block5.W2,25,16,3.00747013092041,3.0105185508728027,0.003048419952392578
initial,12,block5.W2,26,16,2.983639717102051,3.0008606910705566,0.01722097396850586
initial,12,block5.W2,27,16,3.004183292388916,3.011683940887451,0.007500648498535156
initial,12,block5.W2,28,16,3.0891435146331787,3.0935423374176025,0.004398822784423828
initial,12,block5.W2,29,16,3.142793655395508,3.1521565914154053,0.009362936019897461
initial,12,block5.W2,30,16,3.039872169494629,3.0403225421905518,0.00045037269592285156
initial,12,block5.W2,31,16,2.9568231105804443,2.9648964405059814,0.00807332992553711
initial,12,block5.W2,32,16,2.945629596710205,2.947435140609741,0.0018055438995361328
initial,12,block5.W2,33,16,2.9547908306121826,2.9670584201812744,0.012267589569091797
initial,12,block5.W2,34,16,2.9138617515563965,2.9094529151916504,0.004408836364746094
initial,12,block5.W2,35,16,3.005164623260498,3.0095434188842773,0.004378795623779297
initial,12,block5.W2,36,16,3.1239521503448486,3.1309635639190674,0.00701141357421875
initial,12,block5.W2,37,16,2.957291603088379,2.960503101348877,0.003211498260498047
initial,12,block5.W2,38,16,2.976046562194824,2.971543312072754,0.0045032501220703125
initial,12,block5.W2,39,16,3.2015268802642822,3.2094473838806152,0.007920503616333008
initial,12,block5.W2,40,16,3.248542308807373,3.2446320056915283,0.0039103031158447266
initial,12,block5.W2,41,16,3.1753571033477783,3.169229030609131,0.006128072738647461
initial,12,block5.W2,42,16,3.026061534881592,3.0193874835968018,0.006674051284790039
initial,12,block5.W2,43,16,3.1127817630767822,3.1066975593566895,0.0060842037200927734
initial,12,block5.W2,44,16,2.945321559906006,2.9563820362091064,0.011060476303100586
initial,12,block5.W2,45,16,3.0697174072265625,3.072834014892578,0.003116607666015625
initial,12,block5.W2,46,16,2.9423627853393555,2.9357450008392334,0.00661778450012207
initial,12,block5.W2,47,16,3.0661838054656982,3.058408498764038,0.007775306701660156
initial,12,block5.W2,48,16,3.1241512298583984,3.1237125396728516,0.000438690185546875
initial,12,block5.W2,49,16,3.245190143585205,3.2379627227783203,0.007227420806884766
initial,12,block5.W2,50,16,3.224405527114868,3.227231502532959,0.0028259754180908203
initial,12,block5.W2,51,16,3.126793384552002,3.127293825149536,0.0005004405975341797
initial,12,block5.W2,52,16,3.0135016441345215,3.0005502700805664,0.012951374053955078
initial,12,block5.W2,53,16,3.0346410274505615,3.035802125930786,0.0011610984802246094
initial,12,block5.W2,54,16,3.031642436981201,3.0251529216766357,0.00648951530456543
initial,12,block5.W2,55,16,3.116725206375122,3.1243059635162354,0.007580757141113281
initial,12,block5.W2,56,16,3.0981390476226807,3.086728811264038,0.011410236358642578
initial,12,block5.W2,57,16,3.088125467300415,3.083808183670044,0.004317283630371094
initial,12,block5.W2,58,16,3.1949143409729004,3.2040414810180664,0.009127140045166016
initial,12,block5.W2,59,16,2.9426088333129883,2.951883316040039,0.009274482727050781
initial,12,block5.W2,60,16,2.8980114459991455,2.891867160797119,0.006144285202026367
initial,12,block5.W2,61,16,3.197706460952759,3.2020509243011475,0.004344463348388672
initial,12,block5.W2,62,16,3.1340043544769287,3.1375131607055664,0.0035088062286376953
initial,12,block5.W2,63,16,3.0437493324279785,3.0550737380981445,0.011324405670166016
initial,13,block6.W1,0,16,3.071178436279297,3.068953514099121,0.0022249221801757812
initial,13,block6.W1,1,16,3.026799440383911,3.023484706878662,0.0033147335052490234
initial,13,block6.W1,2,16,3.1056694984436035,3.1040802001953125,0.0015892982482910156
initial,13,block6.W1,3,16,2.9169490337371826,2.9166646003723145,0.00028443336486816406
initial,13,block6.W1,4,16,3.0893306732177734,3.0903894901275635,0.001058816909790039
initial,13,block6.W1,5,16,2.997661590576172,2.9964358806610107,0.0012257099151611328
initial,13,block6.W1,6,16,3.0948524475097656,3.103771924972534,0.008919477462768555
initial,13,block6.W1,7,16,3.158491849899292,3.1656494140625,0.007157564163208008
initial,13,block6.W1,8,16,3.021658420562744,3.0264739990234375,0.004815578460693359
initial,13,block6.W1,9,16,3.0152714252471924,3.0243213176727295,0.00904989242553711
initial,13,block6.W1,10,16,3.100576400756836,3.1010191440582275,0.00044274330139160156
initial,13,block6.W1,11,16,3.15014386177063,3.1470038890838623,0.003139972686767578
initial,13,block6.W1,12,16,2.994357109069824,2.9958407878875732,0.0014836788177490234
initial,13,block6.W1,13,16,3.1455087661743164,3.150550603866577,0.005041837692260742
initial,13,block6.W1,14,16,2.8436965942382812,2.8387491703033447,0.0049474239349365234
initial,13,block6.W1,15,16,3.014694929122925,3.021334648132324,0.006639719009399414
initial,13,block6.W1,16,16,3.1388397216796875,3.1415274143218994,0.002687692642211914
initial,13,block6.W1,17,16,2.916404962539673,2.918511152267456,0.002106189727783203
initial,13,block6.W1,18,16,2.854823350906372,2.8482820987701416,0.006541252136230469
initial,13,block6.W1,19,16,3.1346771717071533,3.136261463165283,0.0015842914581298828
initial,13,block6.W1,20,16,3.1236557960510254,3.1325619220733643,0.008906126022338867
initial,13,block6.W1,21,16,3.094857692718506,3.0950467586517334,0.00018906593322753906
initial,13,block6.W1,22,16,3.1582939624786377,3.1621108055114746,0.003816843032836914
initial,13,block6.W1,23,16,3.1221182346343994,3.117349624633789,0.0047686100006103516
initial,13,block6.W1,24,16,3.0672261714935303,3.075685977935791,0.008459806442260742
initial,13,block6.W1,25,16,3.014139413833618,3.01505446434021,0.0009150505065917969
initial,13,block6.W1,26,16,2.92195725440979,2.927643299102783,0.005686044692993164
initial,13,block6.W1,27,16,3.0843560695648193,3.0793216228485107,0.005034446716308594
initial,13,block6.W1,28,16,2.9057257175445557,2.905933141708374,0.00020742416381835938
initial,13,block6.W1,29,16,3.06758451461792,3.0675222873687744,6.222724914550781e-05
initial,13,block6.W1,30,16,3.0593106746673584,3.060202121734619,0.0008914470672607422
initial,13,block6.W1,31,16,2.959890127182007,2.964200258255005,0.004310131072998047
initial,13,block6.W1,32,16,3.0054075717926025,3.0069849491119385,0.0015773773193359375
initial,13,block6.W1,33,16,3.057612657546997,3.0686051845550537,0.01099252700805664
initial,13,block6.W1,34,16,3.03365159034729,3.0428295135498047,0.009177923202514648
initial,13,block6.W1,35,16,3.09834885597229,3.0931003093719482,0.005248546600341797
initial,13,block6.W1,36,16,2.9562525749206543,2.958714485168457,0.0024619102478027344
initial,13,block6.W1,37,16,2.9803059101104736,2.990880012512207,0.010574102401733398
initial,13,block6.W1,38,16,2.97916841506958,2.9787142276763916,0.00045418739318847656
initial,13,block6.W1,39,16,3.0534965991973877,3.051939010620117,0.0015575885772705078
initial,13,block6.W1,40,16,3.0797972679138184,3.0709002017974854,0.008897066116333008
initial,13,block6.W1,41,16,3.1039347648620605,3.113241195678711,0.00930643081665039
initial,13,block6.W1,42,16,3.209810495376587,3.2046890258789062,0.005121469497680664
initial,13,block6.W1,43,16,3.154487133026123,3.1544735431671143,1.3589859008789062e-05
initial,13,block6.W1,44,16,2.9987926483154297,2.996018171310425,0.002774477005004883
initial,13,block6.W1,45,16,2.896547794342041,2.889554738998413,0.00699305534362793
initial,13,block6.W1,46,16,3.0200324058532715,3.0134644508361816,0.006567955017089844
initial,13,block6.W1,47,16,2.9464263916015625,2.936889410018921,0.009536981582641602
initial,13,block6.W1,48,16,3.1923158168792725,3.1977384090423584,0.0054225921630859375
initial,13,block6.W1,49,16,3.1275081634521484,3.12062668800354,0.0068814754486083984
initial,13,block6.W1,50,16,2.942962884902954,2.9453225135803223,0.002359628677368164
initial,13,block6.W1,51,16,2.9844861030578613,2.985407590866089,0.0009214878082275391
initial,13,block6.W1,52,16,3.044626474380493,3.0453879833221436,0.0007615089416503906
initial,13,block6.W1,53,16,2.9696741104125977,2.967667579650879,0.00200653076171875
initial,13,block6.W1,54,16,3.001492977142334,3.0035948753356934,0.002101898193359375
initial,13,block6.W1,55,16,3.124722957611084,3.124525308609009,0.0001976490020751953
initial,13,block6.W1,56,16,3.1040642261505127,3.0982913970947266,0.005772829055786133
initial,13,block6.W1,57,16,3.09795880317688,3.105736255645752,0.00777745246887207
initial,13,block6.W1,58,16,3.1266348361968994,3.128103494644165,0.001468658447265625
initial,13,block6.W1,59,16,3.0615456104278564,3.0599310398101807,0.0016145706176757812
initial,13,block6.W1,60,16,2.9539010524749756,2.9630179405212402,0.009116888046264648
initial,13,block6.W1,61,16,2.971625328063965,2.972822427749634,0.0011970996856689453
initial,13,block6.W1,62,16,3.0390264987945557,3.0251572132110596,0.013869285583496094
initial,13,block6.W1,63,16,2.859099864959717,2.8546853065490723,0.004414558410644531
initial,14,block6.W2,0,16,2.9460995197296143,2.944657802581787,0.0014417171478271484
initial,14,block6.W2,1,16,3.0069797039031982,3.007429599761963,0.00044989585876464844
initial,14,block6.W2,2,16,3.178936719894409,3.17050838470459,0.008428335189819336
initial,14,block6.W2,3,16,2.9867591857910156,2.9853692054748535,0.0013899803161621094
initial,14,block6.W2,4,16,2.9993693828582764,2.996549606323242,0.0028197765350341797
initial,14,block6.W2,5,16,3.074702024459839,3.0737833976745605,0.0009186267852783203
initial,14,block6.W2,6,16,3.0189104080200195,3.0192344188690186,0.00032401084899902344
initial,14,block6.W2,7,16,3.1702497005462646,3.1698241233825684,0.00042557716369628906
initial,14,block6.W2,8,16,3.1573593616485596,3.157891035079956,0.0005316734313964844
initial,14,block6.W2,9,16,3.120600700378418,3.114619493484497,0.0059812068939208984
initial,14,block6.W2,10,16,2.9939615726470947,3.0013999938964844,0.0074384212493896484
initial,14,block6.W2,11,16,2.970034122467041,2.969904661178589,0.00012946128845214844
initial,14,block6.W2,12,16,2.8341894149780273,2.834712266921997,0.0005228519439697266
initial,14,block6.W2,13,16,3.0236337184906006,3.0301129817962646,0.0064792633056640625
initial,14,block6.W2,14,16,2.9433839321136475,2.9494400024414062,0.006056070327758789
initial,14,block6.W2,15,16,3.083399772644043,3.0863850116729736,0.002985239028930664
initial,14,block6.W2,16,16,2.8860490322113037,2.8816115856170654,0.004437446594238281
initial,14,block6.W2,17,16,2.964625120162964,2.9716241359710693,0.006999015808105469
initial,14,block6.W2,18,16,2.964360475540161,2.966439723968506,0.0020792484283447266
initial,14,block6.W2,19,16,3.117893695831299,3.120776891708374,0.0028831958770751953
initial,14,block6.W2,20,16,3.001659631729126,2.9952147006988525,0.0064449310302734375
initial,14,block6.W2,21,16,2.9764022827148438,2.981429100036621,0.005026817321777344
initial,14,block6.W2,22,16,3.1276743412017822,3.1281096935272217,0.0004353523254394531
initial,14,block6.W2,23,16,2.8494136333465576,2.8458526134490967,0.0035610198974609375
initial,14,block6.W2,24,16,2.998940944671631,3.004628896713257,0.0056879520416259766
initial,14,block6.W2,25,16,2.9542388916015625,2.949639081954956,0.004599809646606445
initial,14,block6.W2,26,16,3.0180251598358154,3.0226738452911377,0.004648685455322266
initial,14,block6.W2,27,16,3.067242383956909,3.065765619277954,0.0014767646789550781
initial,14,block6.W2,28,16,2.8401896953582764,2.8413403034210205,0.0011506080627441406
initial,14,block6.W2,29,16,3.0658090114593506,3.0611698627471924,0.004639148712158203
initial,14,block6.W2,30,16,3.0040719509124756,3.0026679039001465,0.0014040470123291016
initial,14,block6.W2,31,16,3.3165230751037598,3.322153091430664,0.005630016326904297
initial,14,block6.W2,32,16,2.965818405151367,2.9686405658721924,0.0028221607208251953
initial,14,block6.W2,33,16,3.1088502407073975,3.0968377590179443,0.012012481689453125
initial,14,block6.W2,34,16,3.1288626194000244,3.133643388748169,0.004780769348144531
initial,14,block6.W2,35,16,3.1364166736602783,3.1348981857299805,0.0015184879302978516
initial,14,block6.W2,36,16,3.045010805130005,3.0405044555664062,0.004506349563598633
initial,14,block6.W2,37,16,3.1756656169891357,3.17083477973938,0.004830837249755859
initial,14,block6.W2,38,16,3.0672037601470947,3.067418336868286,0.00021457672119140625
initial,14,block6.W2,39,16,3.0020675659179688,3.0065770149230957,0.004509449005126953
initial,14,block6.W2,40,16,2.973331928253174,2.9746744632720947,0.0013425350189208984
initial,14,block6.W2,41,16,3.0441434383392334,3.0426552295684814,0.0014882087707519531
initial,14,block6.W2,42,16,3.062957286834717,3.0569045543670654,0.006052732467651367
initial,14,block6.W2,43,16,3.2151105403900146,3.2235844135284424,0.008473873138427734
initial,14,block6.W2,44,16,2.99998140335083,2.9983365535736084,0.0016448497772216797
initial,14,block6.W2,45,16,3.0349133014678955,3.0374162197113037,0.002502918243408203
initial,14,block6.W2,46,16,3.0620779991149902,3.0573768615722656,0.004701137542724609
initial,14,block6.W2,47,16,3.136688709259033,3.1407217979431152,0.004033088684082031
initial,14,block6.W2,48,16,3.055692434310913,3.0513243675231934,0.0043680667877197266
initial,14,block6.W2,49,16,2.985015630722046,2.9778544902801514,0.007161140441894531
initial,14,block6.W2,50,16,3.023908853530884,3.0342905521392822,0.010381698608398438
initial,14,block6.W2,51,16,2.973301410675049,2.972869634628296,0.0004317760467529297
initial,14,block6.W2,52,16,3.1407761573791504,3.14280104637146,0.0020248889923095703
initial,14,block6.W2,53,16,3.0846338272094727,3.0833702087402344,0.0012636184692382812
initial,14,block6.W2,54,16,3.1194968223571777,3.1214475631713867,0.0019507408142089844
initial,14,block6.W2,55,16,3.0451133251190186,3.0457727909088135,0.0006594657897949219
initial,14,block6.W2,56,16,3.0947070121765137,3.0926382541656494,0.002068758010864258
initial,14,block6.W2,57,16,3.2353615760803223,3.232452392578125,0.0029091835021972656
initial,14,block6.W2,58,16,3.175497531890869,3.1699137687683105,0.005583763122558594
initial,14,block6.W2,59,16,3.2660953998565674,3.272547960281372,0.0064525604248046875
initial,14,block6.W2,60,16,3.226987600326538,3.2290098667144775,0.002022266387939453
initial,14,block6.W2,61,16,3.067110300064087,3.068063259124756,0.0009529590606689453
initial,14,block6.W2,62,16,3.018950939178467,3.0174343585968018,0.001516580581665039
initial,14,block6.W2,63,16,3.1288177967071533,3.147010564804077,0.018192768096923828
initial,15,block7.W1,0,16,3.0947790145874023,3.1038920879364014,0.009113073348999023
initial,15,block7.W1,1,16,2.9300355911254883,2.9330079555511475,0.0029723644256591797
initial,15,block7.W1,2,16,2.9623401165008545,2.9659812450408936,0.0036411285400390625
initial,15,block7.W1,3,16,3.109589099884033,3.1138269901275635,0.0042378902435302734
initial,15,block7.W1,4,16,3.0420219898223877,3.0392050743103027,0.002816915512084961
initial,15,block7.W1,5,16,2.939565658569336,2.941582202911377,0.0020165443420410156
initial,15,block7.W1,6,16,2.896554708480835,2.8997151851654053,0.0031604766845703125
initial,15,block7.W1,7,16,3.080430269241333,3.087052583694458,0.006622314453125
initial,15,block7.W1,8,16,3.179164171218872,3.1935741901397705,0.014410018920898438
initial,15,block7.W1,9,16,3.2625834941864014,3.2635324001312256,0.0009489059448242188
initial,15,block7.W1,10,16,3.0932748317718506,3.092238187789917,0.0010366439819335938
initial,15,block7.W1,11,16,3.032245635986328,3.0350866317749023,0.0028409957885742188
initial,15,block7.W1,12,16,2.9358675479888916,2.941251039505005,0.005383491516113281
initial,15,block7.W1,13,16,2.982011318206787,2.981065034866333,0.0009462833404541016
initial,15,block7.W1,14,16,2.8951849937438965,2.8947982788085938,0.0003867149353027344
initial,15,block7.W1,15,16,2.9169797897338867,2.9224963188171387,0.005516529083251953
initial,15,block7.W1,16,16,3.115412712097168,3.122175693511963,0.006762981414794922
initial,15,block7.W1,17,16,3.0373287200927734,3.0412521362304688,0.0039234161376953125
initial,15,block7.W1,18,16,3.0610785484313965,3.0611279010772705,4.935264587402344e-05
initial,15,block7.W1,19,16,3.1127564907073975,3.1027395725250244,0.010016918182373047
initial,15,block7.W1,20,16,3.2333433628082275,3.229796886444092,0.003546476364135742
initial,15,block7.W1,21,16,3.2283260822296143,3.2431600093841553,0.014833927154541016
initial,15,block7.W1,22,16,2.9584412574768066,2.955746650695801,0.0026946067810058594
initial,15,block7.W1,23,16,2.775648832321167,2.775355100631714,0.000293731689453125
initial,15,block7.W1,24,16,3.150996685028076,3.151069402694702,7.271766662597656e-05
initial,15,block7.W1,25,16,3.020440101623535,3.015662670135498,0.004777431488037109
initial,15,block7.W1,26,16,3.150221824645996,3.151149272918701,0.0009274482727050781
initial,15,block7.W1,27,16,2.9082136154174805,2.911062717437744,0.002849102020263672
initial,15,block7.W1,28,16,3.076852321624756,3.0882012844085693,0.011348962783813477
initial,15,block7.W1,29,16,3.0963478088378906,3.0897178649902344,0.00662994384765625
initial,15,block7.W1,30,16,3.051847457885742,3.054011344909668,0.0021638870239257812
initial,15,block7.W1,31,16,3.0764899253845215,3.083590030670166,0.007100105285644531
initial,15,block7.W1,32,16,2.958608865737915,2.9500205516815186,0.008588314056396484
initial,15,block7.W1,33,16,2.975717544555664,2.981027603149414,0.00531005859375
initial,15,block7.W1,34,16,3.133516550064087,3.1254889965057373,0.00802755355834961
initial,15,block7.W1,35,16,3.049893856048584,3.0571980476379395,0.007304191589355469
initial,15,block7.W1,36,16,2.98004412651062,2.9822542667388916,0.0022101402282714844
initial,15,block7.W1,37,16,3.1546783447265625,3.14797043800354,0.006707906723022461
initial,15,block7.W1,38,16,3.12528395652771,3.1240899562835693,0.001194000244140625
initial,15,block7.W1,39,16,2.9966561794281006,2.9867703914642334,0.009885787963867188
initial,15,block7.W1,40,16,3.0045411586761475,3.0064220428466797,0.0018808841705322266
initial,15,block7.W1,41,16,3.0732221603393555,3.0730457305908203,0.00017642974853515625
initial,15,block7.W1,42,16,2.979003429412842,2.9862735271453857,0.007270097732543945
initial,15,block7.W1,43,16,2.9331488609313965,2.9319965839385986,0.0011522769927978516
initial,15,block7.W1,44,16,3.009948253631592,3.0012786388397217,0.008669614791870117
initial,15,block7.W1,45,16,3.1395018100738525,3.1454617977142334,0.005959987640380859
initial,15,block7.W1,46,16,3.092359781265259,3.1029577255249023,0.010597944259643555
initial,15,block7.W1,47,16,2.9502995014190674,2.951765775680542,0.0014662742614746094
initial,15,block7.W1,48,16,2.931809902191162,2.9268882274627686,0.004921674728393555
initial,15,block7.W1,49,16,3.178574323654175,3.1763854026794434,0.0021889209747314453
initial,15,block7.W1,50,16,3.0122694969177246,3.0136001110076904,0.0013306140899658203
initial,15,block7.W1,51,16,3.1722147464752197,3.1689975261688232,0.0032172203063964844
initial,15,block7.W1,52,16,2.979337453842163,2.973351240158081,0.005986213684082031
initial,15,block7.W1,53,16,3.087329387664795,3.0811123847961426,0.006217002868652344
initial,15,block7.W1,54,16,3.1137747764587402,3.1153602600097656,0.0015854835510253906
initial,15,block7.W1,55,16,3.1086671352386475,3.0941832065582275,0.014483928680419922
initial,15,block7.W1,56,16,2.9733564853668213,2.962975025177002,0.010381460189819336
initial,15,block7.W1,57,16,3.126009225845337,3.1201529502868652,0.00585627555847168
initial,15,block7.W1,58,16,3.1666746139526367,3.167741537094116,0.0010669231414794922
initial,15,block7.W1,59,16,2.9592208862304688,2.9598493576049805,0.0006284713745117188
initial,15,block7.W1,60,16,2.89908766746521,2.909527063369751,0.010439395904541016
initial,15,block7.W1,61,16,3.07183575630188,3.075225830078125,0.003390073776245117
initial,15,block7.W1,62,16,3.1822636127471924,3.1873600482940674,0.005096435546875
initial,15,block7.W1,63,16,3.0198774337768555,3.0164549350738525,0.0034224987030029297
initial,16,block7.W2,0,16,2.958751678466797,2.960087776184082,0.0013360977172851562
initial,16,block7.W2,1,16,3.0219569206237793,3.000823497772217,0.0211334228515625
initial,16,block7.W2,2,16,3.1173927783966064,3.12556529045105,0.00817251205444336
initial,16,block7.W2,3,16,2.799985408782959,2.8014566898345947,0.0014712810516357422
initial,16,block7.W2,4,16,3.040210247039795,3.0378780364990234,0.0023322105407714844
initial,16,block7.W2,5,16,3.0234434604644775,3.024827003479004,0.0013835430145263672
initial,16,block7.W2,6,16,3.159573793411255,3.1544175148010254,0.005156278610229492
initial,16,block7.W2,7,16,2.947789192199707,2.936136484146118,0.011652708053588867
initial,16,block7.W2,8,16,3.177152156829834,3.1708984375,0.006253719329833984
initial,16,block7.W2,9,16,3.0110270977020264,3.005115509033203,0.005911588668823242
initial,16,block7.W2,10,16,3.0588409900665283,3.0689945220947266,0.010153532028198242
initial,16,block7.W2,11,16,3.0892739295959473,3.0897958278656006,0.0005218982696533203
initial,16,block7.W2,12,16,3.1466434001922607,3.1467514038085938,0.00010800361633300781
initial,16,block7.W2,13,16,3.006748676300049,3.0139334201812744,0.007184743881225586
initial,16,block7.W2,14,16,3.161406993865967,3.162083864212036,0.0006768703460693359
initial,16,block7.W2,15,16,2.8851776123046875,2.889619827270508,0.0044422149658203125
initial,16,block7.W2,16,16,3.162731170654297,3.158600091934204,0.0041310787200927734
initial,16,block7.W2,17,16,3.0606930255889893,3.0621469020843506,0.0014538764953613281
initial,16,block7.W2,18,16,3.061481475830078,3.0556483268737793,0.005833148956298828
initial,16,block7.W2,19,16,2.9991555213928223,2.9940638542175293,0.005091667175292969
initial,16,block7.W2,20,16,2.934152126312256,2.9363532066345215,0.002201080322265625
initial,16,block7.W2,21,16,2.8911681175231934,2.8968417644500732,0.005673646926879883
initial,16,block7.W2,22,16,3.138805866241455,3.13558030128479,0.003225564956665039
initial,16,block7.W2,23,16,3.0337331295013428,3.0328972339630127,0.0008358955383300781
initial,16,block7.W2,24,16,3.0913491249084473,3.0958478450775146,0.004498720169067383
initial,16,block7.W2,25,16,3.151536226272583,3.1458001136779785,0.005736112594604492
initial,16,block7.W2,26,16,3.005861520767212,2.9877169132232666,0.018144607543945312
initial,16,block7.W2,27,16,2.7465007305145264,2.7452399730682373,0.0012607574462890625
initial,16,block7.W2,28,16,3.14178466796875,3.1364011764526367,0.005383491516113281
initial,16,block7.W2,29,16,3.0907175540924072,3.0960917472839355,0.00537419319152832
initial,16,block7.W2,30,16,3.0446536540985107,3.0497703552246094,0.005116701126098633
initial,16,block7.W2,31,16,3.0434086322784424,3.040356397628784,0.003052234649658203
initial,16,block7.W2,32,16,3.011585235595703,3.015650510787964,0.004065275192260742
initial,16,block7.W2,33,16,3.2017147541046143,3.214430093765259,0.012715339660644531
initial,16,block7.W2,34,16,2.8468074798583984,2.8442232608795166,0.002584218978881836
initial,16,block7.W2,35,16,3.0048420429229736,3.0025010108947754,0.002341032028198242
initial,16,block7.W2,36,16,3.1169188022613525,3.1154794692993164,0.0014393329620361328
initial,16,block7.W2,37,16,3.094167947769165,3.098963737487793,0.00479578971862793
initial,16,block7.W2,38,16,2.9249019622802734,2.9244532585144043,0.0004487037658691406
initial,16,block7.W2,39,16,3.0555953979492188,3.047966718673706,0.007628679275512695
initial,16,block7.W2,40,16,3.006673574447632,3.0187270641326904,0.012053489685058594
initial,16,block7.W2,41,16,3.2239856719970703,3.2279610633850098,0.003975391387939453
initial,16,block7.W2,42,16,3.054203987121582,3.0523831844329834,0.0018208026885986328
initial,16,block7.W2,43,16,3.001049280166626,3.0223605632781982,0.021311283111572266
initial,16,block7.W2,44,16,3.0453474521636963,3.042208671569824,0.0031387805938720703
initial,16,block7.W2,45,16,3.00100040435791,3.00349497795105,0.0024945735931396484
initial,16,block7.W2,46,16,3.0253307819366455,3.0259718894958496,0.0006411075592041016
initial,16,block7.W2,47,16,2.9892385005950928,3.00009822845459,0.01085972785949707
initial,16,block7.W2,48,16,3.0456056594848633,3.0358424186706543,0.009763240814208984
initial,16,block7.W2,49,16,2.938404083251953,2.937525987625122,0.0008780956268310547
initial,16,block7.W2,50,16,3.1495542526245117,3.1475634574890137,0.001990795135498047
initial,16,block7.W2,51,16,3.0293354988098145,3.028564691543579,0.0007708072662353516
initial,16,block7.W2,52,16,3.2408366203308105,3.260530948638916,0.01969432830810547
initial,16,block7.W2,53,16,3.070002317428589,3.0637717247009277,0.006230592727661133
initial,16,block7.W2,54,16,3.1301095485687256,3.124324083328247,0.005785465240478516
initial,16,block7.W2,55,16,2.992917776107788,2.984745740890503,0.008172035217285156
initial,16,block7.W2,56,16,3.0758793354034424,3.0806899070739746,0.0048105716705322266
initial,16,block7.W2,57,16,2.9661662578582764,2.9602012634277344,0.005964994430541992
initial,16,block7.W2,58,16,3.134021043777466,3.1324431896209717,0.0015778541564941406
initial,16,block7.W2,59,16,3.1428983211517334,3.136800527572632,0.0060977935791015625
initial,16,block7.W2,60,16,3.172173023223877,3.1474764347076416,0.02469658851623535
initial,16,block7.W2,61,16,3.2195076942443848,3.2255098819732666,0.006002187728881836
initial,16,block7.W2,62,16,3.0098772048950195,2.9921348094940186,0.017742395401000977
initial,16,block7.W2,63,16,3.1270182132720947,3.134178876876831,0.007160663604736328
initial,17,W_out,0,16,3.1125903129577637,3.084838390350342,0.027751922607421875
initial,17,W_out,1,16,2.958132028579712,3.026844024658203,0.06871199607849121
initial,17,W_out,2,16,3.08512806892395,3.0968780517578125,0.011749982833862305
initial,17,W_out,3,16,3.137895107269287,3.2856485843658447,0.14775347709655762
initial,17,W_out,4,16,3.2518749237060547,3.173454523086548,0.07842040061950684
initial,17,W_out,5,16,3.0145034790039062,2.971558094024658,0.04294538497924805
initial,17,W_out,6,16,3.1209661960601807,3.129671096801758,0.008704900741577148
initial,17,W_out,7,16,3.0195178985595703,2.9768247604370117,0.042693138122558594
initial,17,W_out,8,16,3.1061360836029053,3.0738325119018555,0.032303571701049805
initial,17,W_out,9,16,3.026010751724243,3.0322842597961426,0.006273508071899414
initial,17,W_out,10,16,3.055217742919922,3.024775743484497,0.030441999435424805
initial,17,W_out,11,16,3.0890536308288574,3.0828232765197754,0.006230354309082031
initial,17,W_out,12,16,3.052746534347534,3.016284942626953,0.036461591720581055
initial,17,W_out,13,16,2.9765172004699707,2.95935320854187,0.017163991928100586
initial,17,W_out,14,16,3.0049173831939697,3.122586488723755,0.11766910552978516
initial,17,W_out,15,16,3.0829858779907227,3.1006758213043213,0.017689943313598633
initial,17,W_out,16,16,3.015272617340088,3.049893379211426,0.03462076187133789
initial,17,W_out,17,16,3.0583133697509766,2.9439241886138916,0.11438918113708496
initial,17,W_out,18,16,2.9216976165771484,2.912003993988037,0.009693622589111328
initial,17,W_out,19,16,3.0333449840545654,2.866234064102173,0.16711091995239258
initial,17,W_out,20,16,2.999488115310669,2.977466106414795,0.022022008895874023
initial,17,W_out,21,16,3.056987762451172,3.060303211212158,0.003315448760986328
initial,17,W_out,22,16,3.125556468963623,3.0290701389312744,0.09648633003234863
initial,17,W_out,23,16,3.0907108783721924,3.052102565765381,0.03860831260681152
initial,17,W_out,24,16,3.009848117828369,3.035521984100342,0.025673866271972656
initial,17,W_out,25,16,2.962681531906128,2.9636952877044678,0.0010137557983398438
initial,17,W_out,26,16,2.968045234680176,3.085134744644165,0.11708950996398926
initial,17,W_out,27,16,3.222935199737549,3.152613878250122,0.07032132148742676
initial,17,W_out,28,16,3.1732711791992188,3.170060634613037,0.0032105445861816406
initial,17,W_out,29,16,2.8392090797424316,2.9217276573181152,0.0825185775756836
initial,17,W_out,30,16,2.9231152534484863,2.8908426761627197,0.0322725772857666
initial,17,W_out,31,16,3.203409433364868,3.23960542678833,0.036195993423461914
initial,17,W_out,32,16,3.0571861267089844,3.1021602153778076,0.04497408866882324
initial,17,W_out,33,16,3.1690592765808105,3.1480295658111572,0.02102971076965332
initial,17,W_out,34,16,3.000446081161499,2.9931886196136475,0.0072574615478515625
initial,17,W_out,35,16,3.0663201808929443,3.0100624561309814,0.05625772476196289
initial,17,W_out,36,16,3.119567394256592,3.1307897567749023,0.011222362518310547
initial,17,W_out,37,16,3.0396838188171387,2.9625706672668457,0.07711315155029297
initial,17,W_out,38,16,3.071092128753662,3.0834574699401855,0.012365341186523438
initial,17,W_out,39,16,2.932219982147217,2.9906108379364014,0.05839085578918457
initial,17,W_out,40,16,3.080111503601074,3.057997226715088,0.022114276885986328
initial,17,W_out,41,16,2.851097583770752,2.7964529991149902,0.05464458465576172
initial,17,W_out,42,16,2.9922354221343994,3.0343494415283203,0.0421140193939209
initial,17,W_out,43,16,3.103322982788086,3.181328535079956,0.07800555229187012
initial,17,W_out,44,16,3.1268301010131836,3.2339682579040527,0.10713815689086914
initial,17,W_out,45,16,3.173114538192749,3.1048593521118164,0.06825518608093262
initial,17,W_out,46,16,2.962475299835205,3.001997232437134,0.03952193260192871
initial,17,W_out,47,16,3.063947916030884,2.9956884384155273,0.06825947761535645
initial,17,W_out,48,16,3.1024837493896484,3.130108594894409,0.027624845504760742
initial,17,W_out,49,16,3.057750701904297,3.071578025817871,0.013827323913574219
initial,17,W_out,50,16,3.293658971786499,3.2078158855438232,0.08584308624267578
initial,17,W_out,51,16,3.060563802719116,3.026634454727173,0.03392934799194336
initial,17,W_out,52,16,3.0241713523864746,3.087327003479004,0.0631556510925293
initial,17,W_out,53,16,3.0764784812927246,3.081677198410034,0.00519871711730957
initial,17,W_out,54,16,3.075042486190796,3.067061185836792,0.007981300354003906
initial,17,W_out,55,16,2.9660327434539795,2.9869463443756104,0.02091360092163086
initial,17,W_out,56,16,3.0832459926605225,3.0175094604492188,0.06573653221130371
initial,17,W_out,57,16,3.262760877609253,3.2394518852233887,0.023308992385864258
initial,17,W_out,58,16,3.1527259349823,3.147871255874634,0.004854679107666016
initial,17,W_out,59,16,3.1855876445770264,3.1825881004333496,0.002999544143676758
initial,17,W_out,60,16,3.1609504222869873,3.1305320262908936,0.03041839599609375
initial,17,W_out,61,16,3.230306625366211,3.21431040763855,0.015996217727661133
initial,17,W_out,62,16,3.088763952255249,3.098396062850952,0.009632110595703125
initial,17,W_out,63,16,3.0890250205993652,3.041015625,0.048009395599365234
final,0,W_in,0,16,0.26794642210006714,0.2660295069217682,0.0019169151782989502
final,0,W_in,1,16,0.28344249725341797,0.2838011384010315,0.0003586411476135254
final,0,W_in,2,16,0.2561366558074951,0.2635876536369324,0.007450997829437256
final,0,W_in,3,16,0.2752857208251953,0.27128714323043823,0.00399857759475708
final,0,W_in,4,16,0.29702261090278625,0.3050503134727478,0.008027702569961548
final,0,W_in,5,16,0.2668432593345642,0.2678670585155487,0.001023799180984497
final,0,W_in,6,16,0.36285677552223206,0.3636783957481384,0.0008216202259063721
final,0,W_in,7,16,0.3164381682872772,0.31427785754203796,0.002160310745239258
final,0,W_in,8,16,0.24255132675170898,0.2511698603630066,0.008618533611297607
final,0,W_in,9,16,0.33132705092430115,0.32810407876968384,0.0032229721546173096
final,0,W_in,10,16,0.379485547542572,0.37564152479171753,0.003844022750854492
final,0,W_in,11,16,0.3379647135734558,0.33978012204170227,0.00181540846824646
final,0,W_in,12,16,0.3448740541934967,0.3426065146923065,0.0022675395011901855
final,0,W_in,13,16,0.304393470287323,0.2927250266075134,0.01166844367980957
final,0,W_in,14,16,0.2854234278202057,0.2861205041408539,0.0006970763206481934
final,0,W_in,15,16,0.363982230424881,0.3703255355358124,0.0063433051109313965
final,0,W_in,16,16,0.3215666115283966,0.3216351270675659,6.851553916931152e-05
final,0,W_in,17,16,0.24224461615085602,0.24191510677337646,0.0003295093774795532
final,0,W_in,18,16,0.3289438486099243,0.32524970173835754,0.0036941468715667725
final,0,W_in,19,16,0.34249311685562134,0.33152273297309875,0.010970383882522583
final,0,W_in,20,16,0.3148774206638336,0.31215327978134155,0.0027241408824920654
final,0,W_in,21,16,0.36399874091148376,0.3635254502296448,0.00047329068183898926
final,0,W_in,22,16,0.4172827899456024,0.39778366684913635,0.019499123096466064
final,0,W_in,23,16,0.31092074513435364,0.3146291971206665,0.003708451986312866
final,0,W_in,24,16,0.3992801010608673,0.39637941122055054,0.0029006898403167725
final,0,W_in,25,16,0.2764049172401428,0.27881959080696106,0.0024146735668182373
final,0,W_in,26,16,0.32524171471595764,0.3231571316719055,0.002084583044052124
final,0,W_in,27,16,0.34145933389663696,0.34864071011543274,0.007181376218795776
final,0,W_in,28,16,0.3041863739490509,0.3124602437019348,0.008273869752883911
final,0,W_in,29,16,0.3413032591342926,0.3423261344432831,0.0010228753089904785
final,0,W_in,30,16,0.23327991366386414,0.23468807339668274,0.0014081597328186035
final,0,W_in,31,16,0.3736858069896698,0.3747255206108093,0.0010397136211395264
final,0,W_in,32,16,0.29197725653648376,0.2915405333042145,0.0004367232322692871
final,0,W_in,33,16,0.3508458137512207,0.34925007820129395,0.0015957355499267578
final,0,W_in,34,16,0.26988789439201355,0.2648316025733948,0.005056291818618774
final,0,W_in,35,16,0.3901965618133545,0.3951932489871979,0.004996687173843384
final,0,W_in,36,16,0.29604196548461914,0.286739706993103,0.009302258491516113
final,0,W_in,37,16,0.36231720447540283,0.36847448348999023,0.006157279014587402
final,0,W_in,38,16,0.2895877957344055,0.2841930687427521,0.005394726991653442
final,0,W_in,39,16,0.47640636563301086,0.48346805572509766,0.007061690092086792
final,0,W_in,40,16,0.34532806277275085,0.34760773181915283,0.0022796690464019775
final,0,W_in,41,16,0.24608482420444489,0.2406291514635086,0.005455672740936279
final,0,W_in,42,16,0.3922138810157776,0.39939266443252563,0.007178783416748047
final,0,W_in,43,16,0.2988651692867279,0.3009392321109772,0.0020740628242492676
final,0,W_in,44,16,0.2676631808280945,0.26936644315719604,0.0017032623291015625
final,0,W_in,45,16,0.3671710193157196,0.37012720108032227,0.002956181764602661
final,0,W_in,46,16,0.3261007070541382,0.31779494881629944,0.008305758237838745
final,0,W_in,47,16,0.3524337410926819,0.344647079706192,0.007786661386489868
final,0,W_in,48,16,0.36510759592056274,0.37659305334091187,0.011485457420349121
final,0,W_in,49,16,0.43785586953163147,0.43516382575035095,0.0026920437812805176
final,0,W_in,50,16,0.3038842976093292,0.30046728253364563,0.0034170150756835938
final,0,W_in,51,16,0.340172678232193,0.3359580934047699,0.004214584827423096
final,0,W_in,52,16,0.36316680908203125,0.3624624013900757,0.0007044076919555664
final,0,W_in,53,16,0.3353939354419708,0.326061874628067,0.009332060813903809
final,0,W_in,54,16,0.3401491940021515,0.3478476405143738,0.00769844651222229
final,0,W_in,55,16,0.31234896183013916,0.32320529222488403,0.010856330394744873
final,0,W_in,56,16,0.2982843816280365,0.3034757971763611,0.005191415548324585
final,0,W_in,57,16,0.35022205114364624,0.3477744460105896,0.0024476051330566406
final,0,W_in,58,16,0.27566295862197876,0.27394387125968933,0.0017190873622894287
final,0,W_in,59,16,0.3114449679851532,0.3151675760746002,0.0037226080894470215
final,0,W_in,60,16,0.26458287239074707,0.2652568817138672,0.0006740093231201172
final,0,W_in,61,16,0.32071778178215027,0.3295809030532837,0.008863121271133423
final,0,W_in,62,16,0.35360056161880493,0.3626129925251007,0.009012430906295776
final,0,W_in,63,16,0.4006638824939728,0.41158151626586914,0.010917633771896362
final,1,block0.W1,0,16,0.4445977807044983,0.4407661259174347,0.0038316547870635986
final,1,block0.W1,1,16,0.4234318733215332,0.42649737000465393,0.0030654966831207275
final,1,block0.W1,2,16,0.21179473400115967,0.20783665776252747,0.003958076238632202
final,1,block0.W1,3,16,0.30944740772247314,0.3087601363658905,0.0006872713565826416
final,1,block0.W1,4,16,0.2535550892353058,0.2543520927429199,0.0007970035076141357
final,1,block0.W1,5,16,0.33046185970306396,0.3392632007598877,0.00880134105682373
final,1,block0.W1,6,16,0.325533002614975,0.3254345655441284,9.843707084655762e-05
final,1,block0.W1,7,16,0.3975174129009247,0.40451082587242126,0.006993412971496582
final,1,block0.W1,8,16,0.3466929495334625,0.3417707085609436,0.004922240972518921
final,1,block0.W1,9,16,0.319710910320282,0.3258669972419739,0.0061560869216918945
final,1,block0.W1,10,16,0.3501583933830261,0.36490705609321594,0.01474866271018982
final,1,block0.W1,11,16,0.30442771315574646,0.3045620620250702,0.00013434886932373047
final,1,block0.W1,12,16,0.43703800439834595,0.43824687600135803,0.001208871603012085
final,1,block0.W1,13,16,0.4747718572616577,0.4739070236682892,0.0008648335933685303
final,1,block0.W1,14,16,0.34690141677856445,0.3466290235519409,0.00027239322662353516
final,1,block0.W1,15,16,0.2990109622478485,0.29491302371025085,0.004097938537597656
final,1,block0.W1,16,16,0.32940763235092163,0.3382088840007782,0.008801251649856567
final,1,block0.W1,17,16,0.3001478910446167,0.3023400604724884,0.002192169427871704
final,1,block0.W1,18,16,0.21931804716587067,0.2116451859474182,0.007672861218452454
final,1,block0.W1,19,16,0.2962648570537567,0.29614272713661194,0.0001221299171447754
final,1,block0.W1,20,16,0.328355073928833,0.3318707048892975,0.0035156309604644775
final,1,block0.W1,21,16,0.40223556756973267,0.39194658398628235,0.010288983583450317
final,1,block0.W1,22,16,0.357295423746109,0.3575696647167206,0.00027424097061157227
final,1,block0.W1,23,16,0.3380982577800751,0.33223506808280945,0.005863189697265625
final,1,block0.W1,24,16,0.3737904727458954,0.38176706433296204,0.00797659158706665
final,1,block0.W1,25,16,0.3666098415851593,0.3613152503967285,0.005294591188430786
final,1,block0.W1,26,16,0.31270134449005127,0.3112027645111084,0.001498579978942871
final,1,block0.W1,27,16,0.3413521349430084,0.34676891565322876,0.005416780710220337
final,1,block0.W1,28,16,0.2943824231624603,0.2982879877090454,0.003905564546585083
final,1,block0.W1,29,16,0.38873034715652466,0.38213294744491577,0.006597399711608887
final,1,block0.W1,30,16,0.27797016501426697,0.27824535965919495,0.0002751946449279785
final,1,block0.W1,31,16,0.31901997327804565,0.318642258644104,0.0003777146339416504
final,1,block0.W1,32,16,0.3138255178928375,0.31540679931640625,0.0015812814235687256
final,1,block0.W1,33,16,0.2862201929092407,0.28877097368240356,0.002550780773162842
final,1,block0.W1,34,16,0.27810922265052795,0.2746847867965698,0.00342443585395813
final,1,block0.W1,35,16,0.2548198997974396,0.25104930996894836,0.003770589828491211
final,1,block0.W1,36,16,0.35766837000846863,0.3488526940345764,0.008815675973892212
final,1,block0.W1,37,16,0.3486498296260834,0.34842729568481445,0.0002225339412689209
final,1,block0.W1,38,16,0.24264201521873474,0.23043613135814667,0.012205883860588074
final,1,block0.W1,39,16,0.22784508764743805,0.23564501106739044,0.007799923419952393
final,1,block0.W1,40,16,0.2632121443748474,0.2623225152492523,0.0008896291255950928
final,1,block0.W1,41,16,0.3844003677368164,0.3845115602016449,0.00011119246482849121
final,1,block0.W1,42,16,0.3807004988193512,0.37132546305656433,0.009375035762786865
final,1,block0.W1,43,16,0.34688591957092285,0.34513431787490845,0.0017516016960144043
final,1,block0.W1,44,16,0.3472362756729126,0.349967896938324,0.002731621265411377
final,1,block0.W1,45,16,0.22440585494041443,0.2243141531944275,9.170174598693848e-05
final,1,block0.W1,46,16,0.3247769773006439,0.3200623095035553,0.004714667797088623
final,1,block0.W1,47,16,0.29504483938217163,0.29628098011016846,0.0012361407279968262
final,1,block0.W1,48,16,0.2711199223995209,0.26520824432373047,0.005911678075790405
final,1,block0.W1,49,16,0.31291916966438293,0.30344846844673157,0.009470701217651367
final,1,block0.W1,50,16,0.2908198833465576,0.29140958189964294,0.0005896985530853271
final,1,block0.W1,51,16,0.31922444701194763,0.325354665517807,0.006130218505859375
final,1,block0.W1,52,16,0.3321223556995392,0.3440580666065216,0.011935710906982422
final,1,block0.W1,53,16,0.34115374088287354,0.3420678675174713,0.0009141266345977783
final,1,block0.W1,54,16,0.2835419774055481,0.2769411504268646,0.006600826978683472
final,1,block0.W1,55,16,0.3804522156715393,0.3811793923377991,0.0007271766662597656
final,1,block0.W1,56,16,0.2105380892753601,0.21098017692565918,0.00044208765029907227
final,1,block0.W1,57,16,0.309121698141098,0.30254116654396057,0.006580531597137451
final,1,block0.W1,58,16,0.42042744159698486,0.4159965217113495,0.004430919885635376
final,1,block0.W1,59,16,0.44752466678619385,0.45282894372940063,0.005304276943206787
final,1,block0.W1,60,16,0.28574445843696594,0.28506627678871155,0.0006781816482543945
final,1,block0.W1,61,16,0.4181711971759796,0.41431161761283875,0.003859579563140869
final,1,block0.W1,62,16,0.32375791668891907,0.3251658082008362,0.0014078915119171143
final,1,block0.W1,63,16,0.27725493907928467,0.2879081070423126,0.010653167963027954
final,2,block0.W2,0,16,0.25402140617370605,0.252527117729187,0.001494288444519043
final,2,block0.W2,1,16,0.3048701584339142,0.30331316590309143,0.001556992530822754
final,2,block0.W2,2,16,0.3226938843727112,0.323025643825531,0.0003317594528198242
final,2,block0.W2,3,16,0.29766255617141724,0.30054518580436707,0.002882629632949829
final,2,block0.W2,4,16,0.37542471289634705,0.3761775493621826,0.0007528364658355713
final,2,block0.W2,5,16,0.25918230414390564,0.2565501928329468,0.0026321113109588623
final,2,block0.W2,6,16,0.23805361986160278,0.23633112013339996,0.0017224997282028198
final,2,block0.W2,7,16,0.3630198836326599,0.36644551157951355,0.0034256279468536377
final,2,block0.W2,8,16,0.2551060914993286,0.2506615221500397,0.00444456934928894
final,2,block0.W2,9,16,0.3310241401195526,0.3224867880344391,0.008537352085113525
final,2,block0.W2,10,16,0.3319224417209625,0.32317885756492615,0.008743584156036377
final,2,block0.W2,11,16,0.3479999899864197,0.34738990664482117,0.0006100833415985107
final,2,block0.W2,12,16,0.3194381594657898,0.3178573548793793,0.0015808045864105225
final,2,block0.W2,13,16,0.33357441425323486,0.3398025631904602,0.006228148937225342
final,2,block0.W2,14,16,0.3266153037548065,0.3222583830356598,0.0043569207191467285
final,2,block0.W2,15,16,0.26696449518203735,0.2658400535583496,0.0011244416236877441
final,2,block0.W2,16,16,0.2992880046367645,0.30275022983551025,0.0034622251987457275
final,2,block0.W2,17,16,0.30610108375549316,0.3102973699569702,0.004196286201477051
final,2,block0.W2,18,16,0.31046396493911743,0.31303659081459045,0.0025726258754730225
final,2,block0.W2,19,16,0.2813951373100281,0.27803292870521545,0.003362208604812622
final,2,block0.W2,20,16,0.300391286611557,0.3031674027442932,0.002776116132736206
final,2,block0.W2,21,16,0.3376670479774475,0.3379991054534912,0.00033205747604370117
final,2,block0.W2,22,16,0.27060365676879883,0.27837103605270386,0.007767379283905029
final,2,block0.W2,23,16,0.3902881145477295,0.3934657573699951,0.003177642822265625
final,2,block0.W2,24,16,0.22396895289421082,0.22286424040794373,0.0011047124862670898
final,2,block0.W2,25,16,0.3588094711303711,0.35806354880332947,0.000745922327041626
final,2,block0.W2,26,16,0.3742920458316803,0.37979021668434143,0.005498170852661133
final,2,block0.W2,27,16,0.2805545926094055,0.28105443716049194,0.0004998445510864258
final,2,block0.W2,28,16,0.434182345867157,0.4333430826663971,0.0008392632007598877
final,2,block0.W2,29,16,0.2726620137691498,0.2722724378108978,0.0003895759582519531
final,2,block0.W2,30,16,0.2799358069896698,0.27592697739601135,0.004008829593658447
final,2,block0.W2,31,16,0.40568748116493225,0.41319510340690613,0.007507622241973877
final,2,block0.W2,32,16,0.2627142667770386,0.26162251830101013,0.0010917484760284424
final,2,block0.W2,33,16,0.2827623784542084,0.279344767332077,0.0034176111221313477
final,2,block0.W2,34,16,0.34910154342651367,0.356967955827713,0.00786641240119934
final,2,block0.W2,35,16,0.2928176522254944,0.2914096415042877,0.001408010721206665
final,2,block0.W2,36,16,0.43870481848716736,0.4417187571525574,0.0030139386653900146
final,2,block0.W2,37,16,0.23472769558429718,0.23443622887134552,0.00029146671295166016
final,2,block0.W2,38,16,0.2560354769229889,0.2630253732204437,0.006989896297454834
final,2,block0.W2,39,16,0.27315396070480347,0.2776293456554413,0.004475384950637817
final,2,block0.W2,40,16,0.32399359345436096,0.3190498948097229,0.0049436986446380615
final,2,block0.W2,41,16,0.31095972657203674,0.309076189994812,0.0018835365772247314
final,2,block0.W2,42,16,0.2969760596752167,0.2956514060497284,0.0013246536254882812
final,2,block0.W2,43,16,0.3405013382434845,0.3433534502983093,0.002852112054824829
final,2,block0.W2,44,16,0.2624131739139557,0.25912442803382874,0.003288745880126953
final,2,block0.W2,45,16,0.30323582887649536,0.30332764983177185,9.182095527648926e-05
final,2,block0.W2,46,16,0.27372559905052185,0.2681320309638977,0.0055935680866241455
final,2,block0.W2,47,16,0.324832946062088,0.31933867931365967,0.005494266748428345
final,2,block0.W2,48,16,0.20074613392353058,0.1992228776216507,0.0015232563018798828
final,2,block0.W2,49,16,0.25346213579177856,0.2490440160036087,0.004418119788169861
final,2,block0.W2,50,16,0.3135887384414673,0.31241413950920105,0.0011745989322662354
final,2,block0.W2,51,16,0.34330347180366516,0.3470408618450165,0.0037373900413513184
final,2,block0.W2,52,16,0.28877022862434387,0.2869502007961273,0.0018200278282165527
final,2,block0.W2,53,16,0.2614733874797821,0.26169073581695557,0.00021734833717346191
final,2,block0.W2,54,16,0.3686084747314453,0.36720940470695496,0.0013990700244903564
final,2,block0.W2,55,16,0.25816604495048523,0.2575085461139679,0.000657498836517334
final,2,block0.W2,56,16,0.2936527132987976,0.28642261028289795,0.007230103015899658
final,2,block0.W2,57,16,0.2937924861907959,0.29582664370536804,0.0020341575145721436
final,2,block0.W2,58,16,0.4146512448787689,0.4132629632949829,0.0013882815837860107
final,2,block0.W2,59,16,0.3423622250556946,0.3398534655570984,0.0025087594985961914
final,2,block0.W2,60,16,0.2898297607898712,0.2995030879974365,0.009673327207565308
final,2,block0.W2,61,16,0.2733873724937439,0.27694329619407654,0.0035559237003326416
final,2,block0.W2,62,16,0.29823392629623413,0.3005862832069397,0.0023523569107055664
final,2,block0.W2,63,16,0.35148388147354126,0.3461604714393616,0.0053234100341796875
final,3,block1.W1,0,16,0.3574240803718567,0.3603937029838562,0.0029696226119995117
final,3,block1.W1,1,16,0.30133292078971863,0.29383769631385803,0.007495224475860596
final,3,block1.W1,2,16,0.3587965965270996,0.36565637588500977,0.006859779357910156
final,3,block1.W1,3,16,0.34474241733551025,0.34515899419784546,0.0004165768623352051
final,3,block1.W1,4,16,0.3675151765346527,0.36299657821655273,0.004518598318099976
final,3,block1.W1,5,16,0.3208472430706024,0.31820037961006165,0.0026468634605407715
final,3,block1.W1,6,16,0.25095799565315247,0.2543278932571411,0.0033698976039886475
final,3,block1.W1,7,16,0.24532164633274078,0.24932192265987396,0.004000276327133179
final,3,block1.W1,8,16,0.35171008110046387,0.3454422056674957,0.00626787543296814
final,3,block1.W1,9,16,0.4038727581501007,0.39815858006477356,0.0057141780853271484
final,3,block1.W1,10,16,0.35868486762046814,0.3575737774372101,0.0011110901832580566
final,3,block1.W1,11,16,0.4073752760887146,0.40488582849502563,0.002489447593688965
final,3,block1.W1,12,16,0.3823668360710144,0.39243626594543457,0.010069429874420166
final,3,block1.W1,13,16,0.39633360505104065,0.39274564385414124,0.003587961196899414
final,3,block1.W1,14,16,0.3324124813079834,0.32978910207748413,0.0026233792304992676
final,3,block1.W1,15,16,0.3310551047325134,0.3294057548046112,0.0016493499279022217
final,3,block1.W1,16,16,0.3374268412590027,0.33771994709968567,0.0002931058406829834
final,3,block1.W1,17,16,0.3367577791213989,0.3367201089859009,3.7670135498046875e-05
final,3,block1.W1,18,16,0.2573882043361664,0.2555268108844757,0.0018613934516906738
final,3,block1.W1,19,16,0.28185489773750305,0.28346988558769226,0.001614987850189209
final,3,block1.W1,20,16,0.35270699858665466,0.36052897572517395,0.007821977138519287
final,3,block1.W1,21,16,0.30294039845466614,0.3039475679397583,0.001007169485092163
final,3,block1.W1,22,16,0.3336557149887085,0.3281283378601074,0.005527377128601074
final,3,block1.W1,23,16,0.22983792424201965,0.23222891986370087,0.0023909956216812134
final,3,block1.W1,24,16,0.33253395557403564,0.3344328701496124,0.0018989145755767822
final,3,block1.W1,25,16,0.27552708983421326,0.28005340695381165,0.004526317119598389
final,3,block1.W1,26,16,0.41967061161994934,0.4177059531211853,0.001964658498764038
final,3,block1.W1,27,16,0.2975071370601654,0.2963729202747345,0.0011342167854309082
final,3,block1.W1,28,16,0.30883532762527466,0.300510048866272,0.008325278759002686
final,3,block1.W1,29,16,0.3773033320903778,0.3759140074253082,0.00138932466506958
final,3,block1.W1,30,16,0.3553847372531891,0.3539198637008667,0.0014648735523223877
final,3,block1.W1,31,16,0.3310512602329254,0.33277642726898193,0.0017251670360565186
final,3,block1.W1,32,16,0.41121411323547363,0.4074072539806366,0.003806859254837036
final,3,block1.W1,33,16,0.25967201590538025,0.25979116559028625,0.00011914968490600586
final,3,block1.W1,34,16,0.28775396943092346,0.28105276823043823,0.0067012012004852295
final,3,block1.W1,35,16,0.26715007424354553,0.26579833030700684,0.0013517439365386963
final,3,block1.W1,36,16,0.3525529205799103,0.34800294041633606,0.004549980163574219
final,3,block1.W1,37,16,0.2874049246311188,0.29213687777519226,0.004731953144073486
final,3,block1.W1,38,16,0.3561721742153168,0.35808759927749634,0.0019154250621795654
final,3,block1.W1,39,16,0.2757255434989929,0.27060526609420776,0.005120277404785156
final,3,block1.W1,40,16,0.216621533036232,0.22006095945835114,0.0034394264221191406
final,3,block1.W1,41,16,0.35110288858413696,0.3538493514060974,0.0027464628219604492
final,3,block1.W1,42,16,0.3079758286476135,0.31152215600013733,0.0035463273525238037
final,3,block1.W1,43,16,0.32293784618377686,0.32466188073158264,0.0017240345478057861
final,3,block1.W1,44,16,0.2741534113883972,0.2784197926521301,0.00426638126373291
final,3,block1.W1,45,16,0.38909444212913513,0.38820821046829224,0.0008862316608428955
final,3,block1.W1,46,16,0.25978878140449524,0.2599843442440033,0.00019556283950805664
final,3,block1.W1,47,16,0.34556785225868225,0.34391242265701294,0.0016554296016693115
final,3,block1.W1,48,16,0.27653104066848755,0.2761317193508148,0.0003993213176727295
final,3,block1.W1,49,16,0.30453774333000183,0.30446940660476685,6.833672523498535e-05
final,3,block1.W1,50,16,0.3425317406654358,0.33576908707618713,0.006762653589248657
final,3,block1.W1,51,16,0.3785119354724884,0.3717056214809418,0.006806313991546631
final,3,block1.W1,52,16,0.4466980993747711,0.443361759185791,0.0033363401889801025
final,3,block1.W1,53,16,0.2833835780620575,0.2859775125980377,0.0025939345359802246
final,3,block1.W1,54,16,0.22607724368572235,0.2257259041070938,0.00035133957862854004
final,3,block1.W1,55,16,0.34845298528671265,0.3504739999771118,0.00202101469039917
final,3,block1.W1,56,16,0.31712713837623596,0.31406527757644653,0.0030618607997894287
final,3,block1.W1,57,16,0.23153676092624664,0.23280581831932068,0.0012690573930740356
final,3,block1.W1,58,16,0.3379892110824585,0.34005510807037354,0.002065896987915039
final,3,block1.W1,59,16,0.3103000521659851,0.3071746826171875,0.0031253695487976074
final,3,block1.W1,60,16,0.26980701088905334,0.2627923786640167,0.007014632225036621
final,3,block1.W1,61,16,0.281711220741272,0.278393417596817,0.003317803144454956
final,3,block1.W1,62,16,0.3488551080226898,0.3494270443916321,0.0005719363689422607
final,3,block1.W1,63,16,0.31301698088645935,0.31537699699401855,0.002360016107559204
final,4,block1.W2,0,16,0.3725539445877075,0.3730849623680115,0.0005310177803039551
final,4,block1.W2,1,16,0.29444482922554016,0.2918511927127838,0.0025936365127563477
final,4,block1.W2,2,16,0.3253946304321289,0.32440856099128723,0.0009860694408416748
final,4,block1.W2,3,16,0.23914247751235962,0.24369579553604126,0.004553318023681641
final,4,block1.W2,4,16,0.3308672606945038,0.32685860991477966,0.004008650779724121
final,4,block1.W2,5,16,0.3650154769420624,0.35995399951934814,0.005061477422714233
final,4,block1.W2,6,16,0.2523742616176605,0.25329840183258057,0.0009241402149200439
final,4,block1.W2,7,16,0.35527846217155457,0.35622549057006836,0.0009470283985137939
final,4,block1.W2,8,16,0.34546226263046265,0.3414366841316223,0.004025578498840332
final,4,block1.W2,9,16,0.28329354524612427,0.27985209226608276,0.003441452980041504
final,4,block1.W2,10,16,0.2503022849559784,0.24640820920467377,0.0038940757513046265
final,4,block1.W2,11,16,0.35319891571998596,0.3597167730331421,0.006517857313156128
final,4,block1.W2,12,16,0.3476015627384186,0.3482382595539093,0.0006366968154907227
final,4,block1.W2,13,16,0.31687912344932556,0.31731879711151123,0.00043967366218566895
final,4,block1.W2,14,16,0.3253515660762787,0.3271307349205017,0.0017791688442230225
final,4,block1.W2,15,16,0.2805134952068329,0.2827003300189972,0.0021868348121643066
final,4,block1.W2,16,16,0.3261175751686096,0.3280397951602936,0.00192221999168396
final,4,block1.W2,17,16,0.34347984194755554,0.340439110994339,0.0030407309532165527
final,4,block1.W2,18,16,0.26788201928138733,0.2678791880607605,2.8312206268310547e-06
final,4,block1.W2,19,16,0.27815693616867065,0.27772286534309387,0.0004340708255767822
final,4,block1.W2,20,16,0.33870434761047363,0.33962565660476685,0.0009213089942932129
final,4,block1.W2,21,16,0.34195810556411743,0.347164124250412,0.005206018686294556
final,4,block1.W2,22,16,0.29628124833106995,0.29847079515457153,0.002189546823501587
final,4,block1.W2,23,16,0.33426135778427124,0.3355841636657715,0.0013228058815002441
final,4,block1.W2,24,16,0.430264413356781,0.4346678555011749,0.004403442144393921
final,4,block1.W2,25,16,0.2579152584075928,0.2596849501132965,0.0017696917057037354
final,4,block1.W2,26,16,0.34280869364738464,0.34499096870422363,0.0021822750568389893
final,4,block1.W2,27,16,0.339661180973053,0.3352287709712982,0.004432410001754761
final,4,block1.W2,28,16,0.20845048129558563,0.20740674436092377,0.0010437369346618652
final,4,block1.W2,29,16,0.30707859992980957,0.3087908923625946,0.0017122924327850342
final,4,block1.W2,30,16,0.2914500832557678,0.2896004021167755,0.0018496811389923096
final,4,block1.W2,31,16,0.23813942074775696,0.23894254863262177,0.0008031278848648071
final,4,block1.W2,32,16,0.30915868282318115,0.30781328678131104,0.0013453960418701172
final,4,block1.W2,33,16,0.2600703537464142,0.25730735063552856,0.00276300311088562
final,4,block1.W2,34,16,0.2956499457359314,0.30318397283554077,0.007534027099609375
final,4,block1.W2,35,16,0.31678396463394165,0.3182699382305145,0.001485973596572876
final,4,block1.W2,36,16,0.2857949137687683,0.2834721803665161,0.0023227334022521973
final,4,block1.W2,37,16,0.3469274044036865,0.3456156849861145,0.0013117194175720215
final,4,block1.W2,38,16,0.2665899693965912,0.2658226191997528,0.0007673501968383789
final,4,block1.W2,39,16,0.25497615337371826,0.25388115644454956,0.0010949969291687012
final,4,block1.W2,40,16,0.418384850025177,0.42478281259536743,0.00639796257019043
final,4,block1.W2,41,16,0.2696966528892517,0.268634557723999,0.0010620951652526855
final,4,block1.W2,42,16,0.30396416783332825,0.3088248670101166,0.00486069917678833
final,4,block1.W2,43,16,0.22128738462924957,0.2148289680480957,0.00645841658115387
final,4,block1.W2,44,16,0.30364593863487244,0.3027811050415039,0.0008648335933685303
final,4,block1.W2,45,16,0.47449764609336853,0.47387397289276123,0.0006236732006072998
final,4,block1.W2,46,16,0.28215333819389343,0.2811092436313629,0.0010440945625305176
final,4,block1.W2,47,16,0.3228224217891693,0.3275686502456665,0.004746228456497192
final,4,block1.W2,48,16,0.3310030996799469,0.33064499497413635,0.0003581047058105469
final,4,block1.W2,49,16,0.29575517773628235,0.3026527166366577,0.006897538900375366
final,4,block1.W2,50,16,0.33819106221199036,0.33490628004074097,0.0032847821712493896
final,4,block1.W2,51,16,0.32018235325813293,0.3240463435649872,0.003863990306854248
final,4,block1.W2,52,16,0.40560322999954224,0.40119829773902893,0.004404932260513306
final,4,block1.W2,53,16,0.27378785610198975,0.27275973558425903,0.0010281205177307129
final,4,block1.W2,54,16,0.28676995635032654,0.28975710272789,0.0029871463775634766
final,4,block1.W2,55,16,0.3245181143283844,0.32895123958587646,0.004433125257492065
final,4,block1.W2,56,16,0.3313409686088562,0.33155909180641174,0.000218123197555542
final,4,block1.W2,57,16,0.4090043008327484,0.41249799728393555,0.003493696451187134
final,4,block1.W2,58,16,0.3734092116355896,0.37393051385879517,0.0005213022232055664
final,4,block1.W2,59,16,0.2613629102706909,0.2586905062198639,0.0026724040508270264
final,4,block1.W2,60,16,0.2525116503238678,0.2535618245601654,0.0010501742362976074
final,4,block1.W2,61,16,0.3226047456264496,0.3237278163433075,0.0011230707168579102
final,4,block1.W2,62,16,0.4432508051395416,0.44275808334350586,0.0004927217960357666
final,4,block1.W2,63,16,0.31086745858192444,0.30634355545043945,0.004523903131484985
final,5,block2.W1,0,16,0.41580089926719666,0.4173489809036255,0.001548081636428833
final,5,block2.W1,1,16,0.24314922094345093,0.24592377245426178,0.002774551510810852
final,5,block2.W1,2,16,0.3670787513256073,0.3670137822628021,6.496906280517578e-05
final,5,block2.W1,3,16,0.2643052935600281,0.2627416253089905,0.0015636682510375977
final,5,block2.W1,4,16,0.35351109504699707,0.35231465101242065,0.001196444034576416
final,5,block2.W1,5,16,0.2672719955444336,0.26695185899734497,0.00032013654708862305
final,5,block2.W1,6,16,0.34548377990722656,0.3450048565864563,0.00047892332077026367
final,5,block2.W1,7,16,0.29606813192367554,0.2968840003013611,0.0008158683776855469
final,5,block2.W1,8,16,0.32747069001197815,0.3281441330909729,0.000673443078994751
final,5,block2.W1,9,16,0.32089295983314514,0.32108011841773987,0.00018715858459472656
final,5,block2.W1,10,16,0.3029039204120636,0.307221382856369,0.00431746244430542
final,5,block2.W1,11,16,0.3325327932834625,0.3369799852371216,0.004447191953659058
final,5,block2.W1,12,16,0.30530598759651184,0.30416393280029297,0.001142054796218872
final,5,block2.W1,13,16,0.2889411151409149,0.28768470883369446,0.001256406307220459
final,5,block2.W1,14,16,0.2598607838153839,0.26501619815826416,0.005155414342880249
final,5,block2.W1,15,16,0.34220635890960693,0.34318041801452637,0.0009740591049194336
final,5,block2.W1,16,16,0.3350101411342621,0.3384016752243042,0.0033915340900421143
final,5,block2.W1,17,16,0.2933184504508972,0.29444193840026855,0.0011234879493713379
final,5,block2.W1,18,16,0.39899224042892456,0.4031320810317993,0.004139840602874756
final,5,block2.W1,19,16,0.38451477885246277,0.3854338526725769,0.0009190738201141357
final,5,block2.W1,20,16,0.3673526644706726,0.369380921125412,0.00202825665473938
final,5,block2.W1,21,16,0.26289641857147217,0.263347327709198,0.0004509091377258301
final,5,block2.W1,22,16,0.25966763496398926,0.2615327537059784,0.0018651187419891357
final,5,block2.W1,23,16,0.38618993759155273,0.385490357875824,0.0006995797157287598
final,5,block2.W1,24,16,0.32625624537467957,0.3150348961353302,0.011221349239349365
final,5,block2.W1,25,16,0.2687012255191803,0.26978930830955505,0.0010880827903747559
final,5,block2.W1,26,16,0.36305519938468933,0.3617648482322693,0.001290351152420044
final,5,block2.W1,27,16,0.3200332224369049,0.32078614830970764,0.0007529258728027344
final,5,block2.W1,28,16,0.40851932764053345,0.40441644191741943,0.004102885723114014
final,5,block2.W1,29,16,0.2981872856616974,0.29711824655532837,0.0010690391063690186
final,5,block2.W1,30,16,0.27164217829704285,0.27032923698425293,0.001312941312789917
final,5,block2.W1,31,16,0.41843488812446594,0.4166737198829651,0.0017611682415008545
final,5,block2.W1,32,16,0.27604764699935913,0.27958014607429504,0.003532499074935913
final,5,block2.W1,33,16,0.2726401090621948,0.27517056465148926,0.0025304555892944336
final,5,block2.W1,34,16,0.3054252564907074,0.30610013008117676,0.0006748735904693604
final,5,block2.W1,35,16,0.34011608362197876,0.33706122636795044,0.0030548572540283203
final,5,block2.W1,36,16,0.3155820369720459,0.316180944442749,0.000598907470703125
final,5,block2.W1,37,16,0.26841452717781067,0.2722759246826172,0.0038613975048065186
final,5,block2.W1,38,16,0.25527554750442505,0.255660742521286,0.0003851950168609619
final,5,block2.W1,39,16,0.3365829586982727,0.33322352170944214,0.0033594369888305664
final,5,block2.W1,40,16,0.3317609429359436,0.32926368713378906,0.002497255802154541
final,5,block2.W1,41,16,0.24244147539138794,0.24717245995998383,0.004730984568595886
final,5,block2.W1,42,16,0.3209659457206726,0.31375637650489807,0.007209569215774536
final,5,block2.W1,43,16,0.231300950050354,0.23081526160240173,0.0004856884479522705
final,5,block2.W1,44,16,0.2785157561302185,0.27924007177352905,0.0007243156433105469
final,5,block2.W1,45,16,0.2760773301124573,0.27466854453086853,0.0014087855815887451
final,5,block2.W1,46,16,0.37979188561439514,0.3799566626548767,0.00016477704048156738
final,5,block2.W1,47,16,0.3382859528064728,0.33261093497276306,0.005675017833709717
final,5,block2.W1,48,16,0.35178306698799133,0.3504427969455719,0.0013402700424194336
final,5,block2.W1,49,16,0.34935763478279114,0.34876784682273865,0.0005897879600524902
final,5,block2.W1,50,16,0.3136675953865051,0.3128155469894409,0.000852048397064209
final,5,block2.W1,51,16,0.32392603158950806,0.32506421208381653,0.0011381804943084717
final,5,block2.W1,52,16,0.3203865587711334,0.3209116756916046,0.0005251169204711914
final,5,block2.W1,53,16,0.3485529124736786,0.3490990400314331,0.0005461275577545166
final,5,block2.W1,54,16,0.2546185851097107,0.2529011070728302,0.0017174780368804932
final,5,block2.W1,55,16,0.3252311646938324,0.324468731880188,0.0007624328136444092
final,5,block2.W1,56,16,0.34959879517555237,0.3537004590034485,0.004101663827896118
final,5,block2.W1,57,16,0.3033338487148285,0.3051270842552185,0.0017932355403900146
final,5,block2.W1,58,16,0.33406251668930054,0.3375970423221588,0.0035345256328582764
final,5,block2.W1,59,16,0.3300444185733795,0.32851141691207886,0.0015330016613006592
final,5,block2.W1,60,16,0.2949349284172058,0.29105567932128906,0.003879249095916748
final,5,block2.W1,61,16,0.27660831809043884,0.27394965291023254,0.002658665180206299
final,5,block2.W1,62,16,0.3766538202762604,0.37840208411216736,0.0017482638359069824
final,5,block2.W1,63,16,0.17611293494701385,0.17299547791481018,0.0031174570322036743
final,6,block2.W2,0,16,0.39900100231170654,0.3983971178531647,0.0006038844585418701
final,6,block2.W2,1,16,0.35368961095809937,0.35357165336608887,0.00011795759201049805
final,6,block2.W2,2,16,0.27169284224510193,0.2701272964477539,0.0015655457973480225
final,6,block2.W2,3,16,0.36737531423568726,0.36563006043434143,0.0017452538013458252
final,6,block2.W2,4,16,0.38652125000953674,0.38752442598342896,0.001003175973892212
final,6,block2.W2,5,16,0.37425586581230164,0.37389543652534485,0.0003604292869567871
final,6,block2.W2,6,16,0.30783581733703613,0.306095689535141,0.0017401278018951416
final,6,block2.W2,7,16,0.29865148663520813,0.298414945602417,0.0002365410327911377
final,6,block2.W2,8,16,0.22581005096435547,0.22561456263065338,0.0001954883337020874
final,6,block2.W2,9,16,0.36702948808670044,0.37148892879486084,0.0044594407081604
final,6,block2.W2,10,16,0.32121542096138,0.3195663094520569,0.0016491115093231201
final,6,block2.W2,11,16,0.2849552035331726,0.285115510225296,0.00016030669212341309
final,6,block2.W2,12,16,0.3343775272369385,0.3357900083065033,0.0014124810695648193
final,6,block2.W2,13,16,0.36495476961135864,0.36790090799331665,0.002946138381958008
final,6,block2.W2,14,16,0.25035974383354187,0.25061479210853577,0.0002550482749938965
final,6,block2.W2,15,16,0.2520879805088043,0.25334402918815613,0.0012560486793518066
final,6,block2.W2,16,16,0.4898853898048401,0.49046269059181213,0.0005773007869720459
final,6,block2.W2,17,16,0.3256603181362152,0.32327786087989807,0.0023824572563171387
final,6,block2.W2,18,16,0.2934827506542206,0.29343876242637634,4.398822784423828e-05
final,6,block2.W2,19,16,0.5219622850418091,0.5134257078170776,0.008536577224731445
final,6,block2.W2,20,16,0.3620453178882599,0.36214369535446167,9.837746620178223e-05
final,6,block2.W2,21,16,0.27450841665267944,0.27609196305274963,0.0015835464000701904
final,6,block2.W2,22,16,0.2582826316356659,0.2597920894622803,0.0015094578266143799
final,6,block2.W2,23,16,0.30049797892570496,0.30383387207984924,0.003335893154144287
final,6,block2.W2,24,16,0.20950733125209808,0.20866109430789948,0.0008462369441986084
final,6,block2.W2,25,16,0.26504653692245483,0.2644928991794586,0.0005536377429962158
final,6,block2.W2,26,16,0.3460582494735718,0.3494080901145935,0.0033498406410217285
final,6,block2.W2,27,16,0.2885446846485138,0.2906149923801422,0.002070307731628418
final,6,block2.W2,28,16,0.3058178722858429,0.30476921796798706,0.001048654317855835
final,6,block2.W2,29,16,0.27650684118270874,0.2754811942577362,0.0010256469249725342
final,6,block2.W2,30,16,0.39750948548316956,0.3970746099948883,0.00043487548828125
final,6,block2.W2,31,16,0.3318166732788086,0.32403743267059326,0.007779240608215332
final,6,block2.W2,32,16,0.4667966663837433,0.4676140546798706,0.0008173882961273193
final,6,block2.W2,33,16,0.32373157143592834,0.32535573840141296,0.0016241669654846191
final,6,block2.W2,34,16,0.29897981882095337,0.29668283462524414,0.0022969841957092285
final,6,block2.W2,35,16,0.32381388545036316,0.32208120822906494,0.0017326772212982178
final,6,block2.W2,36,16,0.32848772406578064,0.32960280776023865,0.0011150836944580078
final,6,block2.W2,37,16,0.24778486788272858,0.24917563796043396,0.0013907700777053833
final,6,block2.W2,38,16,0.30070236325263977,0.300406277179718,0.00029608607292175293
final,6,block2.W2,39,16,0.31826525926589966,0.32102349400520325,0.002758234739303589
final,6,block2.W2,40,16,0.26787909865379333,0.2703412175178528,0.0024621188640594482
final,6,block2.W2,41,16,0.3361097574234009,0.338742196559906,0.002632439136505127
final,6,block2.W2,42,16,0.3325916528701782,0.33358344435691833,0.0009917914867401123
final,6,block2.W2,43,16,0.30832839012145996,0.30934417247772217,0.001015782356262207
final,6,block2.W2,44,16,0.3154277801513672,0.3184235692024231,0.002995789051055908
final,6,block2.W2,45,16,0.32042160630226135,0.3250686228275299,0.004647016525268555
final,6,block2.W2,46,16,0.27605298161506653,0.276012659072876,4.032254219055176e-05
final,6,block2.W2,47,16,0.2698241174221039,0.2689023017883301,0.0009218156337738037
final,6,block2.W2,48,16,0.22168567776679993,0.2231108546257019,0.0014251768589019775
final,6,block2.W2,49,16,0.28866273164749146,0.2889210283756256,0.0002582967281341553
final,6,block2.W2,50,16,0.4211242198944092,0.42113542556762695,1.1205673217773438e-05
final,6,block2.W2,51,16,0.3473180830478668,0.3498234152793884,0.0025053322315216064
final,6,block2.W2,52,16,0.25483089685440063,0.25556084513664246,0.0007299482822418213
final,6,block2.W2,53,16,0.3154107332229614,0.3179386854171753,0.002527952194213867
final,6,block2.W2,54,16,0.3043075501918793,0.3049893081188202,0.000681757926940918
final,6,block2.W2,55,16,0.3225574493408203,0.3263721764087677,0.0038147270679473877
final,6,block2.W2,56,16,0.4233500063419342,0.4288681447505951,0.005518138408660889
final,6,block2.W2,57,16,0.3037120997905731,0.2987881600856781,0.0049239397048950195
final,6,block2.W2,58,16,0.3266693651676178,0.3271735608577728,0.0005041956901550293
final,6,block2.W2,59,16,0.36542728543281555,0.3677902817726135,0.0023629963397979736
final,6,block2.W2,60,16,0.30731266736984253,0.31132015585899353,0.004007488489151001
final,6,block2.W2,61,16,0.323822021484375,0.3262801766395569,0.0024581551551818848
final,6,block2.W2,62,16,0.2622474431991577,0.264499306678772,0.002251863479614258
final,6,block2.W2,63,16,0.2682640552520752,0.2693559229373932,0.0010918676853179932
final,7,block3.W1,0,16,0.2625151574611664,0.26177778840065,0.0007373690605163574
final,7,block3.W1,1,16,0.31298571825027466,0.3121197521686554,0.0008659660816192627
final,7,block3.W1,2,16,0.28212854266166687,0.281794935464859,0.00033360719680786133
final,7,block3.W1,3,16,0.2735837399959564,0.26998594403266907,0.0035977959632873535
final,7,block3.W1,4,16,0.2982907295227051,0.2962487041950226,0.002042025327682495
final,7,block3.W1,5,16,0.3104011118412018,0.3120090067386627,0.0016078948974609375
final,7,block3.W1,6,16,0.3476371765136719,0.3475082218647003,0.00012895464897155762
final,7,block3.W1,7,16,0.3794573247432709,0.3776925206184387,0.0017648041248321533
final,7,block3.W1,8,16,0.3376602530479431,0.33717480301856995,0.00048545002937316895
final,7,block3.W1,9,16,0.3828026354312897,0.3838100731372833,0.0010074377059936523
final,7,block3.W1,10,16,0.32545119524002075,0.3259391784667969,0.00048798322677612305
final,7,block3.W1,11,16,0.27872347831726074,0.280032753944397,0.0013092756271362305
final,7,block3.W1,12,16,0.41889259219169617,0.4182545840740204,0.0006380081176757812
final,7,block3.W1,13,16,0.306710422039032,0.30591028928756714,0.0008001327514648438
final,7,block3.W1,14,16,0.32665619254112244,0.3260253369808197,0.0006308555603027344
final,7,block3.W1,15,16,0.2408222109079361,0.24063223600387573,0.00018997490406036377
final,7,block3.W1,16,16,0.4321906864643097,0.425627201795578,0.0065634846687316895
final,7,block3.W1,17,16,0.3707685172557831,0.3708484172821045,7.990002632141113e-05
final,7,block3.W1,18,16,0.40091216564178467,0.4001694917678833,0.0007426738739013672
final,7,block3.W1,19,16,0.2819441556930542,0.2820271849632263,8.302927017211914e-05
final,7,block3.W1,20,16,0.31005367636680603,0.31285372376441956,0.0028000473976135254
final,7,block3.W1,21,16,0.2545472979545593,0.254256933927536,0.00029036402702331543
final,7,block3.W1,22,16,0.33265119791030884,0.3350178301334381,0.0023666322231292725
final,7,block3.W1,23,16,0.32167738676071167,0.3201368451118469,0.001540541648864746
final,7,block3.W1,24,16,0.3996397852897644,0.399170845746994,0.00046893954277038574
final,7,block3.W1,25,16,0.38778141140937805,0.3844588100910187,0.003322601318359375
final,7,block3.W1,26,16,0.4205423891544342,0.419454425573349,0.001087963581085205
final,7,block3.W1,27,16,0.34864723682403564,0.35286498069763184,0.004217743873596191
final,7,block3.W1,28,16,0.259747713804245,0.259420782327652,0.0003269314765930176
final,7,block3.W1,29,16,0.37025734782218933,0.36895260214805603,0.0013047456741333008
final,7,block3.W1,30,16,0.2611091136932373,0.25964364409446716,0.0014654695987701416
final,7,block3.W1,31,16,0.3208460509777069,0.3213135004043579,0.000467449426651001
final,7,block3.W1,32,16,0.36340415477752686,0.36298322677612305,0.0004209280014038086
final,7,block3.W1,33,16,0.3428100347518921,0.34513866901397705,0.002328634262084961
final,7,block3.W1,34,16,0.2800639271736145,0.2768043875694275,0.0032595396041870117
final,7,block3.W1,35,16,0.34437525272369385,0.3434566855430603,0.0009185671806335449
final,7,block3.W1,36,16,0.3741838037967682,0.3761809170246124,0.0019971132278442383
final,7,block3.W1,37,16,0.24385030567646027,0.24406279623508453,0.00021249055862426758
final,7,block3.W1,38,16,0.31647008657455444,0.3143279254436493,0.0021421611309051514
final,7,block3.W1,39,16,0.2900928258895874,0.2948431074619293,0.004750281572341919
final,7,block3.W1,40,16,0.28858062624931335,0.2899734079837799,0.0013927817344665527
final,7,block3.W1,41,16,0.22755442559719086,0.2244929075241089,0.00306151807308197
final,7,block3.W1,42,16,0.351624459028244,0.3522252142429352,0.0006007552146911621
final,7,block3.W1,43,16,0.3613146245479584,0.35983186960220337,0.0014827549457550049
final,7,block3.W1,44,16,0.259115070104599,0.2577405869960785,0.0013744831085205078
final,7,block3.W1,45,16,0.31093794107437134,0.31316980719566345,0.0022318661212921143
final,7,block3.W1,46,16,0.22082014381885529,0.2220281958580017,0.0012080520391464233
final,7,block3.W1,47,16,0.3163803219795227,0.31486690044403076,0.0015134215354919434
final,7,block3.W1,48,16,0.5724262595176697,0.576654851436615,0.0042285919189453125
final,7,block3.W1,49,16,0.292266309261322,0.29244351387023926,0.00017720460891723633
final,7,block3.W1,50,16,0.24745111167430878,0.24717795848846436,0.0002731531858444214
final,7,block3.W1,51,16,0.3259270489215851,0.32274577021598816,0.003181278705596924
final,7,block3.W1,52,16,0.35480356216430664,0.35649099946022034,0.0016874372959136963
final,7,block3.W1,53,16,0.33552470803260803,0.33556798100471497,4.3272972106933594e-05
final,7,block3.W1,54,16,0.30611303448677063,0.3067646324634552,0.0006515979766845703
final,7,block3.W1,55,16,0.4450984299182892,0.45165351033210754,0.006555080413818359
final,7,block3.W1,56,16,0.343916654586792,0.34595444798469543,0.0020377933979034424
final,7,block3.W1,57,16,0.33393871784210205,0.33818063139915466,0.004241913557052612
final,7,block3.W1,58,16,0.3739486634731293,0.37303781509399414,0.0009108483791351318
final,7,block3.W1,59,16,0.3131236732006073,0.31201693415641785,0.0011067390441894531
final,7,block3.W1,60,16,0.24767541885375977,0.24954943358898163,0.0018740147352218628
final,7,block3.W1,61,16,0.2824539542198181,0.27943071722984314,0.0030232369899749756
final,7,block3.W1,62,16,0.35656481981277466,0.35604920983314514,0.0005156099796295166
final,7,block3.W1,63,16,0.28597065806388855,0.287389874458313,0.0014192163944244385
final,8,block3.W2,0,16,0.2928725779056549,0.2922007739543915,0.0006718039512634277
final,8,block3.W2,1,16,0.32067716121673584,0.323141872882843,0.0024647116661071777
final,8,block3.W2,2,16,0.2987824082374573,0.30127599835395813,0.0024935901165008545
final,8,block3.W2,3,16,0.302901029586792,0.3014780282974243,0.0014230012893676758
final,8,block3.W2,4,16,0.3485317826271057,0.34568020701408386,0.0028515756130218506
final,8,block3.W2,5,16,0.2961209714412689,0.2943786680698395,0.0017423033714294434
final,8,block3.W2,6,16,0.3415502607822418,0.3444201946258545,0.002869933843612671
final,8,block3.W2,7,16,0.38585081696510315,0.38468411564826965,0.001166701316833496
final,8,block3.W2,8,16,0.30259954929351807,0.30351266264915466,0.0009131133556365967
final,8,block3.W2,9,16,0.35228872299194336,0.35436317324638367,0.0020744502544403076
final,8,block3.W2,10,16,0.321502685546875,0.31800854206085205,0.0034941434860229492
final,8,block3.W2,11,16,0.2929617762565613,0.2908199429512024,0.0021418333053588867
final,8,block3.W2,12,16,0.28579166531562805,0.28520599007606506,0.0005856752395629883
final,8,block3.W2,13,16,0.2680887281894684,0.26888859272003174,0.0007998645305633545
final,8,block3.W2,14,16,0.3891230523586273,0.39138782024383545,0.00226476788520813
final,8,block3.W2,15,16,0.31921860575675964,0.3197731673717499,0.0005545616149902344
final,8,block3.W2,16,16,0.2990061342716217,0.3061324656009674,0.007126331329345703
final,8,block3.W2,17,16,0.3440875709056854,0.3428993821144104,0.0011881887912750244
final,8,block3.W2,18,16,0.28789153695106506,0.28590476512908936,0.001986771821975708
final,8,block3.W2,19,16,0.37465348839759827,0.37617719173431396,0.0015237033367156982
final,8,block3.W2,20,16,0.3325406014919281,0.3331066071987152,0.0005660057067871094
final,8,block3.W2,21,16,0.3259405195713043,0.32539939880371094,0.0005411207675933838
final,8,block3.W2,22,16,0.25450167059898376,0.25214865803718567,0.0023530125617980957
final,8,block3.W2,23,16,0.28989067673683167,0.29015353322029114,0.00026285648345947266
final,8,block3.W2,24,16,0.36607858538627625,0.36743927001953125,0.0013606846332550049
final,8,block3.W2,25,16,0.3635796010494232,0.3633778989315033,0.00020170211791992188
final,8,block3.W2,26,16,0.36150801181793213,0.3638368844985962,0.0023288726806640625
final,8,block3.W2,27,16,0.30917301774024963,0.3071945011615753,0.0019785165786743164
final,8,block3.W2,28,16,0.27720603346824646,0.2787369191646576,0.0015308856964111328
final,8,block3.W2,29,16,0.31474173069000244,0.31530556082725525,0.0005638301372528076
final,8,block3.W2,30,16,0.3113744854927063,0.3098594546318054,0.001515030860900879
final,8,block3.W2,31,16,0.2763574719429016,0.2772237956523895,0.000866323709487915
final,8,block3.W2,32,16,0.2915780246257782,0.29269206523895264,0.0011140406131744385
final,8,block3.W2,33,16,0.28873294591903687,0.28894639015197754,0.00021344423294067383
final,8,block3.W2,34,16,0.2833341062068939,0.2806398570537567,0.002694249153137207
final,8,block3.W2,35,16,0.3411443829536438,0.3387918174266815,0.0023525655269622803
final,8,block3.W2,36,16,0.333839476108551,0.33556777238845825,0.0017282962799072266
final,8,block3.W2,37,16,0.36749646067619324,0.3667750954627991,0.000721365213394165
final,8,block3.W2,38,16,0.3309389352798462,0.3311748802661896,0.0002359449863433838
final,8,block3.W2,39,16,0.2632269859313965,0.2619694471359253,0.0012575387954711914
final,8,block3.W2,40,16,0.45027804374694824,0.44908949732780457,0.0011885464191436768
final,8,block3.W2,41,16,0.39441952109336853,0.39420583844184875,0.0002136826515197754
final,8,block3.W2,42,16,0.4299434423446655,0.4300399422645569,9.649991989135742e-05
final,8,block3.W2,43,16,0.22312678396701813,0.22410690784454346,0.0009801238775253296
final,8,block3.W2,44,16,0.19918307662010193,0.19705641269683838,0.00212666392326355
final,8,block3.W2,45,16,0.3237408697605133,0.32368749380111694,5.3375959396362305e-05
final,8,block3.W2,46,16,0.31052905321121216,0.3081766664981842,0.002352386713027954
final,8,block3.W2,47,16,0.28548356890678406,0.28649187088012695,0.0010083019733428955
final,8,block3.W2,48,16,0.28389596939086914,0.28396591544151306,6.99460506439209e-05
final,8,block3.W2,49,16,0.2614154517650604,0.2585611641407013,0.002854287624359131
final,8,block3.W2,50,16,0.3286762535572052,0.32635262608528137,0.002323627471923828
final,8,block3.W2,51,16,0.24720269441604614,0.2502671778202057,0.003064483404159546
final,8,block3.W2,52,16,0.4194633960723877,0.41833212971687317,0.0011312663555145264
final,8,block3.W2,53,16,0.387374609708786,0.39298054575920105,0.005605936050415039
final,8,block3.W2,54,16,0.26611992716789246,0.2665005922317505,0.0003806650638580322
final,8,block3.W2,55,16,0.2536360025405884,0.2546941339969635,0.001058131456375122
final,8,block3.W2,56,16,0.37818440794944763,0.3774125576019287,0.0007718503475189209
final,8,block3.W2,57,16,0.35352370142936707,0.35219311714172363,0.0013305842876434326
final,8,block3.W2,58,16,0.3947366178035736,0.39296990633010864,0.0017667114734649658
final,8,block3.W2,59,16,0.36500638723373413,0.3659500181674957,0.0009436309337615967
final,8,block3.W2,60,16,0.2779271900653839,0.27835944294929504,0.0004322528839111328
final,8,block3.W2,61,16,0.3179018199443817,0.31458672881126404,0.0033150911331176758
final,8,block3.W2,62,16,0.3120655119419098,0.3112727999687195,0.0007927119731903076
final,8,block3.W2,63,16,0.3105705678462982,0.3111724853515625,0.0006019175052642822
final,9,block4.W1,0,16,0.3484423756599426,0.34656140208244324,0.0018809735774993896
final,9,block4.W1,1,16,0.1865418255329132,0.18874917924404144,0.002207353711128235
final,9,block4.W1,2,16,0.28821447491645813,0.28652283549308777,0.0016916394233703613
final,9,block4.W1,3,16,0.34202510118484497,0.3443138003349304,0.0022886991500854492
final,9,block4.W1,4,16,0.33625027537345886,0.33603569865226746,0.00021457672119140625
final,9,block4.W1,5,16,0.26058316230773926,0.2612048387527466,0.0006216764450073242
final,9,block4.W1,6,16,0.333972692489624,0.33383598923683167,0.0001367032527923584
final,9,block4.W1,7,16,0.2621069848537445,0.2616720497608185,0.0004349350929260254
final,9,block4.W1,8,16,0.33692511916160583,0.33912935853004456,0.0022042393684387207
final,9,block4.W1,9,16,0.39229732751846313,0.3914840519428253,0.0008132755756378174
final,9,block4.W1,10,16,0.2741309702396393,0.27503183484077454,0.0009008646011352539
final,9,block4.W1,11,16,0.29750990867614746,0.2962301969528198,0.0012797117233276367
final,9,block4.W1,12,16,0.3498004972934723,0.347944438457489,0.0018560588359832764
final,9,block4.W1,13,16,0.32194724678993225,0.3241047263145447,0.0021574795246124268
final,9,block4.W1,14,16,0.361661434173584,0.36201027035713196,0.00034883618354797363
final,9,block4.W1,15,16,0.3425200283527374,0.34471386671066284,0.002193838357925415
final,9,block4.W1,16,16,0.24358969926834106,0.24449503421783447,0.0009053349494934082
final,9,block4.W1,17,16,0.4150259792804718,0.4124661386013031,0.002559840679168701
final,9,block4.W1,18,16,0.30932047963142395,0.30989545583724976,0.0005749762058258057
final,9,block4.W1,19,16,0.4133531451225281,0.4157924950122833,0.002439349889755249
final,9,block4.W1,20,16,0.3161851465702057,0.31505972146987915,0.001125425100326538
final,9,block4.W1,21,16,0.328106164932251,0.32817476987838745,6.860494613647461e-05
final,9,block4.W1,22,16,0.3116937577724457,0.3110121190547943,0.0006816387176513672
final,9,block4.W1,23,16,0.2321319580078125,0.23263461887836456,0.000502660870552063
final,9,block4.W1,24,16,0.33287596702575684,0.33239173889160156,0.00048422813415527344
final,9,block4.W1,25,16,0.3722790777683258,0.37248674035072327,0.00020766258239746094
final,9,block4.W1,26,16,0.27710917592048645,0.27720847725868225,9.930133819580078e-05
final,9,block4.W1,27,16,0.29218289256095886,0.29452311992645264,0.0023402273654937744
final,9,block4.W1,28,16,0.3272016942501068,0.3290361762046814,0.001834481954574585
final,9,block4.W1,29,16,0.3338516652584076,0.33385396003723145,2.294778823852539e-06
final,9,block4.W1,30,16,0.30996060371398926,0.30752405524253845,0.0024365484714508057
final,9,block4.W1,31,16,0.2787700593471527,0.279712975025177,0.000942915678024292
final,9,block4.W1,32,16,0.31071776151657104,0.31117144227027893,0.00045368075370788574
final,9,block4.W1,33,16,0.3768332600593567,0.37634915113449097,0.00048410892486572266
final,9,block4.W1,34,16,0.3895411491394043,0.3914601504802704,0.0019190013408660889
final,9,block4.W1,35,16,0.3680480122566223,0.3701106309890747,0.0020626187324523926
final,9,block4.W1,36,16,0.301521360874176,0.30337241291999817,0.0018510520458221436
final,9,block4.W1,37,16,0.36738327145576477,0.3673985004425049,1.5228986740112305e-05
final,9,block4.W1,38,16,0.28287190198898315,0.2817908525466919,0.0010810494422912598
final,9,block4.W1,39,16,0.3458818793296814,0.34465259313583374,0.0012292861938476562
final,9,block4.W1,40,16,0.36102724075317383,0.36004436016082764,0.0009828805923461914
final,9,block4.W1,41,16,0.31197845935821533,0.31183430552482605,0.00014415383338928223
final,9,block4.W1,42,16,0.27754074335098267,0.27843955159187317,0.0008988082408905029
final,9,block4.W1,43,16,0.20073284208774567,0.19881504774093628,0.0019177943468093872
final,9,block4.W1,44,16,0.3475886285305023,0.34542861580848694,0.002160012722015381
final,9,block4.W1,45,16,0.33138179779052734,0.3304549753665924,0.0009268224239349365
final,9,block4.W1,46,16,0.3425303101539612,0.34741517901420593,0.004884868860244751
final,9,block4.W1,47,16,0.5232646465301514,0.5232365727424622,2.8073787689208984e-05
final,9,block4.W1,48,16,0.36496949195861816,0.36578822135925293,0.0008187294006347656
final,9,block4.W1,49,16,0.3637171983718872,0.36564502120018005,0.0019278228282928467
final,9,block4.W1,50,16,0.23938776552677155,0.23657678067684174,0.0028109848499298096
final,9,block4.W1,51,16,0.3509220480918884,0.3491378724575043,0.0017841756343841553
final,9,block4.W1,52,16,0.30846986174583435,0.30766820907592773,0.0008016526699066162
final,9,block4.W1,53,16,0.25840339064598083,0.2582385241985321,0.00016486644744873047
final,9,block4.W1,54,16,0.18676817417144775,0.18570861220359802,0.0010595619678497314
final,9,block4.W1,55,16,0.288360059261322,0.2880585491657257,0.0003015100955963135
final,9,block4.W1,56,16,0.32687583565711975,0.3297019302845001,0.002826094627380371
final,9,block4.W1,57,16,0.40224337577819824,0.4015975892543793,0.0006457865238189697
final,9,block4.W1,58,16,0.33868223428726196,0.34031644463539124,0.0016342103481292725
final,9,block4.W1,59,16,0.28677141666412354,0.2873935103416443,0.000622093677520752
final,9,block4.W1,60,16,0.3634621798992157,0.36342307925224304,3.910064697265625e-05
final,9,block4.W1,61,16,0.36818137764930725,0.36776411533355713,0.00041726231575012207
final,9,block4.W1,62,16,0.2618107497692108,0.2611832022666931,0.0006275475025177002
final,9,block4.W1,63,16,0.3025170564651489,0.30440211296081543,0.001885056495666504
final,10,block4.W2,0,16,0.4457567632198334,0.4470406174659729,0.0012838542461395264
final,10,block4.W2,1,16,0.2842613756656647,0.2846757769584656,0.0004144012928009033
final,10,block4.W2,2,16,0.2711191773414612,0.2721411883831024,0.0010220110416412354
final,10,block4.W2,3,16,0.27057233452796936,0.2702738344669342,0.00029850006103515625
final,10,block4.W2,4,16,0.26179036498069763,0.26161807775497437,0.0001722872257232666
final,10,block4.W2,5,16,0.38594794273376465,0.38251587748527527,0.00343206524848938
final,10,block4.W2,6,16,0.3818513751029968,0.38276195526123047,0.0009105801582336426
final,10,block4.W2,7,16,0.21087932586669922,0.21156181395053864,0.0006824880838394165
final,10,block4.W2,8,16,0.24392536282539368,0.24360555410385132,0.0003198087215423584
final,10,block4.W2,9,16,0.28870734572410583,0.2883080840110779,0.0003992617130279541
final,10,block4.W2,10,16,0.22562770545482635,0.22675733268260956,0.0011296272277832031
final,10,block4.W2,11,16,0.28711992502212524,0.29021406173706055,0.0030941367149353027
final,10,block4.W2,12,16,0.25368353724479675,0.25273898243904114,0.0009445548057556152
final,10,block4.W2,13,16,0.38356533646583557,0.38209080696105957,0.001474529504776001
final,10,block4.W2,14,16,0.3204944431781769,0.3206019401550293,0.00010749697685241699
final,10,block4.W2,15,16,0.3263178765773773,0.32610127329826355,0.00021660327911376953
final,10,block4.W2,16,16,0.22165803611278534,0.21937046945095062,0.002287566661834717
final,10,block4.W2,17,16,0.3201577663421631,0.3194331228733063,0.0007246434688568115
final,10,block4.W2,18,16,0.3655441403388977,0.3667173385620117,0.0011731982231140137
final,10,block4.W2,19,16,0.32470765709877014,0.3253268003463745,0.0006191432476043701
final,10,block4.W2,20,16,0.33979904651641846,0.3384090065956116,0.0013900399208068848
final,10,block4.W2,21,16,0.4540116786956787,0.4561963677406311,0.0021846890449523926
final,10,block4.W2,22,16,0.2978614270687103,0.29949092864990234,0.0016295015811920166
final,10,block4.W2,23,16,0.31789588928222656,0.3178636133670807,3.2275915145874023e-05
final,10,block4.W2,24,16,0.4136832058429718,0.4149090349674225,0.0012258291244506836
final,10,block4.W2,25,16,0.3937172293663025,0.39398330450057983,0.00026607513427734375
final,10,block4.W2,26,16,0.2670707702636719,0.267807275056839,0.0007365047931671143
final,10,block4.W2,27,16,0.38856205344200134,0.3903392255306244,0.0017771720886230469
final,10,block4.W2,28,16,0.286372572183609,0.2880711853504181,0.001698613166809082
final,10,block4.W2,29,16,0.316580593585968,0.3174865245819092,0.0009059309959411621
final,10,block4.W2,30,16,0.3016047477722168,0.3031608462333679,0.001556098461151123
final,10,block4.W2,31,16,0.2888652980327606,0.2893998920917511,0.0005345940589904785
final,10,block4.W2,32,16,0.3141469657421112,0.31360381841659546,0.0005431473255157471
final,10,block4.W2,33,16,0.20324178040027618,0.20483174920082092,0.0015899688005447388
final,10,block4.W2,34,16,0.378205806016922,0.37507733702659607,0.0031284689903259277
final,10,block4.W2,35,16,0.24491219222545624,0.24586080014705658,0.0009486079216003418
final,10,block4.W2,36,16,0.28862351179122925,0.2897171378135681,0.0010936260223388672
final,10,block4.W2,37,16,0.29702189564704895,0.2962283492088318,0.0007935464382171631
final,10,block4.W2,38,16,0.26624903082847595,0.26601457595825195,0.00023445487022399902
final,10,block4.W2,39,16,0.389577180147171,0.3888867497444153,0.0006904304027557373
final,10,block4.W2,40,16,0.34203284978866577,0.3429575562477112,0.0009247064590454102
final,10,block4.W2,41,16,0.39448174834251404,0.39727914333343506,0.0027973949909210205
final,10,block4.W2,42,16,0.33335572481155396,0.3320648670196533,0.0012908577919006348
final,10,block4.W2,43,16,0.3541584610939026,0.3549922704696655,0.0008338093757629395
final,10,block4.W2,44,16,0.3465636074542999,0.34934744238853455,0.002783834934234619
final,10,block4.W2,45,16,0.28269580006599426,0.2831404209136963,0.00044462084770202637
final,10,block4.W2,46,16,0.38411304354667664,0.3849293291568756,0.0008162856101989746
final,10,block4.W2,47,16,0.35232383012771606,0.3512430787086487,0.0010807514190673828
final,10,block4.W2,48,16,0.2981184720993042,0.29694753885269165,0.0011709332466125488
final,10,block4.W2,49,16,0.2745036482810974,0.27267488837242126,0.0018287599086761475
final,10,block4.W2,50,16,0.23603060841560364,0.23448002338409424,0.0015505850315093994
final,10,block4.W2,51,16,0.23844873905181885,0.23935651779174805,0.0009077787399291992
final,10,block4.W2,52,16,0.2598390579223633,0.25986209511756897,2.3037195205688477e-05
final,10,block4.W2,53,16,0.3738231062889099,0.37399822473526,0.00017511844635009766
final,10,block4.W2,54,16,0.2407575249671936,0.24066898226737976,8.854269981384277e-05
final,10,block4.W2,55,16,0.3433697819709778,0.3402857482433319,0.003084033727645874
final,10,block4.W2,56,16,0.2403649538755417,0.24073651432991028,0.0003715604543685913
final,10,block4.W2,57,16,0.34762558341026306,0.34800755977630615,0.0003819763660430908
final,10,block4.W2,58,16,0.32120728492736816,0.32324910163879395,0.0020418167114257812
final,10,block4.W2,59,16,0.3560560643672943,0.35647979378700256,0.00042372941970825195
final,10,block4.W2,60,16,0.25727009773254395,0.2590709924697876,0.0018008947372436523
final,10,block4.W2,61,16,0.2297239750623703,0.23065002262592316,0.0009260475635528564
final,10,block4.W2,62,16,0.1894902139902115,0.18885160982608795,0.0006386041641235352
final,10,block4.W2,63,16,0.38190925121307373,0.3800119161605835,0.0018973350524902344
final,11,block5.W1,0,16,0.2666754126548767,0.26663506031036377,4.035234451293945e-05
final,11,block5.W1,1,16,0.35731714963912964,0.358231782913208,0.0009146332740783691
final,11,block5.W1,2,16,0.2532236874103546,0.25190597772598267,0.0013177096843719482
final,11,block5.W1,3,16,0.33768874406814575,0.33641496300697327,0.0012737810611724854
final,11,block5.W1,4,16,0.34200936555862427,0.34223830699920654,0.0002289414405822754
final,11,block5.W1,5,16,0.3148391842842102,0.31222671270370483,0.002612471580505371
final,11,block5.W1,6,16,0.33862677216529846,0.3378015458583832,0.0008252263069152832
final,11,block5.W1,7,16,0.26421767473220825,0.2648426592350006,0.0006249845027923584
final,11,block5.W1,8,16,0.2618214786052704,0.2634141445159912,0.0015926659107208252
final,11,block5.W1,9,16,0.3956085741519928,0.39315226674079895,0.0024563074111938477
final,11,block5.W1,10,16,0.3256257176399231,0.32450607419013977,0.0011196434497833252
final,11,block5.W1,11,16,0.30166885256767273,0.30213266611099243,0.00046381354331970215
final,11,block5.W1,12,16,0.43242189288139343,0.4315354824066162,0.0008864104747772217
final,11,block5.W1,13,16,0.3183678686618805,0.315663605928421,0.0027042627334594727
final,11,block5.W1,14,16,0.32392504811286926,0.3220817446708679,0.0018433034420013428
final,11,block5.W1,15,16,0.3256989121437073,0.32674935460090637,0.0010504424571990967
final,11,block5.W1,16,16,0.3631082773208618,0.3627307415008545,0.0003775358200073242
final,11,block5.W1,17,16,0.28554949164390564,0.2866840660572052,0.0011345744132995605
final,11,block5.W1,18,16,0.30743855237960815,0.3084973692893982,0.001058816909790039
final,11,block5.W1,19,16,0.28308406472206116,0.2844448387622833,0.001360774040222168
final,11,block5.W1,20,16,0.3086463510990143,0.3101125955581665,0.0014662444591522217
final,11,block5.W1,21,16,0.29270797967910767,0.29477617144584656,0.0020681917667388916
final,11,block5.W1,22,16,0.27809420228004456,0.27649515867233276,0.001599043607711792
final,11,block5.W1,23,16,0.2989458739757538,0.2987879514694214,0.00015792250633239746
final,11,block5.W1,24,16,0.28013548254966736,0.2788102924823761,0.0013251900672912598
final,11,block5.W1,25,16,0.35179203748703003,0.3527730405330658,0.0009810030460357666
final,11,block5.W1,26,16,0.2811068892478943,0.28327512741088867,0.0021682381629943848
final,11,block5.W1,27,16,0.18766193091869354,0.18742968142032623,0.00023224949836730957
final,11,block5.W1,28,16,0.21942639350891113,0.21999962627887726,0.0005732327699661255
final,11,block5.W1,29,16,0.29919806122779846,0.29893502593040466,0.00026303529739379883
final,11,block5.W1,30,16,0.3138985335826874,0.31216731667518616,0.0017312169075012207
final,11,block5.W1,31,16,0.3297514319419861,0.3295837640762329,0.00016766786575317383
final,11,block5.W1,32,16,0.3492893576622009,0.34586915373802185,0.003420203924179077
final,11,block5.W1,33,16,0.3593739867210388,0.35956278443336487,0.0001887977123260498
final,11,block5.W1,34,16,0.38684532046318054,0.39067554473876953,0.0038302242755889893
final,11,block5.W1,35,16,0.3357420265674591,0.3361370265483856,0.00039499998092651367
final,11,block5.W1,36,16,0.30301791429519653,0.3043358325958252,0.0013179183006286621
final,11,block5.W1,37,16,0.3044253885746002,0.30346983671188354,0.0009555518627166748
final,11,block5.W1,38,16,0.38323596119880676,0.3829992413520813,0.00023671984672546387
final,11,block5.W1,39,16,0.31665268540382385,0.31964027881622314,0.002987593412399292
final,11,block5.W1,40,16,0.3283418118953705,0.32758936285972595,0.0007524490356445312
final,11,block5.W1,41,16,0.26884815096855164,0.26860612630844116,0.00024202466011047363
final,11,block5.W1,42,16,0.31564652919769287,0.317007839679718,0.0013613104820251465
final,11,block5.W1,43,16,0.24768589437007904,0.24874931573867798,0.001063421368598938
final,11,block5.W1,44,16,0.2949077785015106,0.29611504077911377,0.0012072622776031494
final,11,block5.W1,45,16,0.3875211179256439,0.38793569803237915,0.0004145801067352295
final,11,block5.W1,46,16,0.28354543447494507,0.28490206599235535,0.0013566315174102783
final,11,block5.W1,47,16,0.2771207094192505,0.27724409103393555,0.0001233816146850586
final,11,block5.W1,48,16,0.3847975730895996,0.38489747047424316,9.989738464355469e-05
final,11,block5.W1,49,16,0.2610800564289093,0.2609255611896515,0.0001544952392578125
final,11,block5.W1,50,16,0.24718037247657776,0.24804523587226868,0.000864863395690918
final,11,block5.W1,51,16,0.283876895904541,0.28300392627716064,0.0008729696273803711
final,11,block5.W1,52,16,0.31040456891059875,0.3107561767101288,0.0003516077995300293
final,11,block5.W1,53,16,0.34673115611076355,0.3469477891921997,0.00021663308143615723
final,11,block5.W1,54,16,0.285304993391037,0.28466519713401794,0.000639796257019043
final,11,block5.W1,55,16,0.23639541864395142,0.23541444540023804,0.000980973243713379
final,11,block5.W1,56,16,0.284373015165329,0.2845616936683655,0.00018867850303649902
final,11,block5.W1,57,16,0.27997392416000366,0.28215861320495605,0.0021846890449523926
final,11,block5.W1,58,16,0.3096138536930084,0.31140053272247314,0.0017866790294647217
final,11,block5.W1,59,16,0.25071123242378235,0.25152531266212463,0.0008140802383422852
final,11,block5.W1,60,16,0.2351837009191513,0.23564067482948303,0.0004569739103317261
final,11,block5.W1,61,16,0.333996444940567,0.3352353870868683,0.0012389421463012695
final,11,block5.W1,62,16,0.3404759466648102,0.3375961184501648,0.0028798282146453857
final,11,block5.W1,63,16,0.3807351589202881,0.3806518614292145,8.32974910736084e-05
final,12,block5.W2,0,16,0.33661192655563354,0.3393261432647705,0.002714216709136963
final,12,block5.W2,1,16,0.4246791899204254,0.4222235381603241,0.0024556517601013184
final,12,block5.W2,2,16,0.2823107838630676,0.27926117181777954,0.003049612045288086
final,12,block5.W2,3,16,0.3555959165096283,0.35559919476509094,3.2782554626464844e-06
final,12,block5.W2,4,16,0.3516547977924347,0.3539784848690033,0.0023236870765686035
final,12,block5.W2,5,16,0.30242952704429626,0.304336279630661,0.001906752586364746
final,12,block5.W2,6,16,0.24778124690055847,0.24855203926563263,0.0007707923650741577
final,12,block5.W2,7,16,0.27868327498435974,0.27929359674453735,0.0006103217601776123
final,12,block5.W2,8,16,0.30769920349121094,0.30810877680778503,0.0004095733165740967
final,12,block5.W2,9,16,0.3550574481487274,0.35386255383491516,0.0011948943138122559
final,12,block5.W2,10,16,0.3436610698699951,0.3389211893081665,0.004739880561828613
final,12,block5.W2,11,16,0.26993581652641296,0.2719614803791046,0.0020256638526916504
final,12,block5.W2,12,16,0.2706315815448761,0.27066028118133545,2.8699636459350586e-05
final,12,block5.W2,13,16,0.2957608997821808,0.29447391629219055,0.0012869834899902344
final,12,block5.W2,14,16,0.4133744537830353,0.4119880795478821,0.0013863742351531982
final,12,block5.W2,15,16,0.26456066966056824,0.26432543992996216,0.0002352297306060791
final,12,block5.W2,16,16,0.3117578327655792,0.30921587347984314,0.002541959285736084
final,12,block5.W2,17,16,0.3622840642929077,0.36221277713775635,7.128715515136719e-05
final,12,block5.W2,18,16,0.3812359869480133,0.3793722987174988,0.0018636882305145264
final,12,block5.W2,19,16,0.3004911541938782,0.29956674575805664,0.0009244084358215332
final,12,block5.W2,20,16,0.25480780005455017,0.25421541929244995,0.0005923807621002197
final,12,block5.W2,21,16,0.3769724369049072,0.37611865997314453,0.0008537769317626953
final,12,block5.W2,22,16,0.32644107937812805,0.32632461190223694,0.00011646747589111328
final,12,block5.W2,23,16,0.3313925266265869,0.33387795090675354,0.002485424280166626
final,12,block5.W2,24,16,0.261567085981369,0.2608591616153717,0.0007079243659973145
final,12,block5.W2,25,16,0.3017444312572479,0.30132240056991577,0.0004220306873321533
final,12,block5.W2,26,16,0.2891004979610443,0.2894713580608368,0.00037086009979248047
final,12,block5.W2,27,16,0.3811153769493103,0.38083615899086,0.0002792179584503174
final,12,block5.W2,28,16,0.29224756360054016,0.2896016538143158,0.0026459097862243652
final,12,block5.W2,29,16,0.3210706114768982,0.3213404417037964,0.00026983022689819336
final,12,block5.W2,30,16,0.42686164379119873,0.4259931147098541,0.0008685290813446045
final,12,block5.W2,31,16,0.2954983115196228,0.2952246069908142,0.00027370452880859375
final,12,block5.W2,32,16,0.34428417682647705,0.34363827109336853,0.0006459057331085205
final,12,block5.W2,33,16,0.29836905002593994,0.29726335406303406,0.0011056959629058838
final,12,block5.W2,34,16,0.29682058095932007,0.2909807860851288,0.005839794874191284
final,12,block5.W2,35,16,0.303171843290329,0.30449599027633667,0.0013241469860076904
final,12,block5.W2,36,16,0.3453390896320343,0.34469708800315857,0.0006420016288757324
final,12,block5.W2,37,16,0.2483242303133011,0.2475447952747345,0.0007794350385665894
final,12,block5.W2,38,16,0.4259475767612457,0.42492255568504333,0.0010250210762023926
final,12,block5.W2,39,16,0.24236159026622772,0.24411112070083618,0.0017495304346084595
final,12,block5.W2,40,16,0.30250126123428345,0.3008005917072296,0.001700669527053833
final,12,block5.W2,41,16,0.40100786089897156,0.4031068682670593,0.0020990073680877686
final,12,block5.W2,42,16,0.3555636405944824,0.35648590326309204,0.0009222626686096191
final,12,block5.W2,43,16,0.2222212702035904,0.22094783186912537,0.0012734383344650269
final,12,block5.W2,44,16,0.3481162488460541,0.3511767089366913,0.003060460090637207
final,12,block5.W2,45,16,0.20252111554145813,0.20299078524112701,0.0004696696996688843
final,12,block5.W2,46,16,0.24145270884037018,0.23875945806503296,0.0026932507753372192
final,12,block5.W2,47,16,0.27439603209495544,0.2766321301460266,0.002236098051071167
final,12,block5.W2,48,16,0.3832840025424957,0.38402846455574036,0.0007444620132446289
final,12,block5.W2,49,16,0.3718234598636627,0.3721776008605957,0.0003541409969329834
final,12,block5.W2,50,16,0.29039448499679565,0.29170358180999756,0.0013090968132019043
final,12,block5.W2,51,16,0.2812839150428772,0.28110793232917786,0.00017598271369934082
final,12,block5.W2,52,16,0.30127769708633423,0.3024238049983978,0.0011461079120635986
final,12,block5.W2,53,16,0.29890769720077515,0.29930758476257324,0.0003998875617980957
final,12,block5.W2,54,16,0.39635834097862244,0.39613381028175354,0.00022453069686889648
final,12,block5.W2,55,16,0.3634817600250244,0.3602979779243469,0.0031837821006774902
final,12,block5.W2,56,16,0.2298237383365631,0.23052363097667694,0.0006998926401138306
final,12,block5.W2,57,16,0.2865211069583893,0.28655681014060974,3.5703182220458984e-05
final,12,block5.W2,58,16,0.3999892473220825,0.39804598689079285,0.0019432604312896729
final,12,block5.W2,59,16,0.35759237408638,0.35817819833755493,0.0005858242511749268
final,12,block5.W2,60,16,0.3280758559703827,0.32765117287635803,0.0004246830940246582
final,12,block5.W2,61,16,0.33532729744911194,0.33518970012664795,0.00013759732246398926
final,12,block5.W2,62,16,0.3410398066043854,0.3398337960243225,0.0012060105800628662
final,12,block5.W2,63,16,0.33430206775665283,0.33332741260528564,0.0009746551513671875
final,13,block6.W1,0,16,0.3635556995868683,0.3647189736366272,0.0011632740497589111
final,13,block6.W1,1,16,0.29714858531951904,0.29739364981651306,0.00024506449699401855
final,13,block6.W1,2,16,0.2295275777578354,0.23097220063209534,0.0014446228742599487
final,13,block6.W1,3,16,0.3257799446582794,0.32458966970443726,0.001190274953842163
final,13,block6.W1,4,16,0.4225083589553833,0.4236297309398651,0.0011213719844818115
final,13,block6.W1,5,16,0.34777650237083435,0.34689491987228394,0.000881582498550415
final,13,block6.W1,6,16,0.3609046936035156,0.35781362652778625,0.00309106707572937
final,13,block6.W1,7,16,0.27061551809310913,0.2726024389266968,0.0019869208335876465
final,13,block6.W1,8,16,0.3752305507659912,0.3757138252258301,0.0004832744598388672
final,13,block6.W1,9,16,0.2573779225349426,0.2566395103931427,0.0007384121417999268
final,13,block6.W1,10,16,0.34444066882133484,0.3444785475730896,3.787875175476074e-05
final,13,block6.W1,11,16,0.29830852150917053,0.29733794927597046,0.0009705722332000732
final,13,block6.W1,12,16,0.2914200723171234,0.29073554277420044,0.0006845295429229736
final,13,block6.W1,13,16,0.34231922030448914,0.3396124839782715,0.0027067363262176514
final,13,block6.W1,14,16,0.22132562100887299,0.22144481539726257,0.0001191943883895874
final,13,block6.W1,15,16,0.40468165278434753,0.40552663803100586,0.0008449852466583252
final,13,block6.W1,16,16,0.3694760203361511,0.3670695424079895,0.002406477928161621
final,13,block6.W1,17,16,0.29826897382736206,0.29682692885398865,0.001442044973373413
final,13,block6.W1,18,16,0.30149975419044495,0.3015751242637634,7.537007331848145e-05
final,13,block6.W1,19,16,0.2995276153087616,0.2984812259674072,0.0010463893413543701
final,13,block6.W1,20,16,0.35400620102882385,0.3515980839729309,0.0024081170558929443
final,13,block6.W1,21,16,0.29638758301734924,0.29574424028396606,0.0006433427333831787
final,13,block6.W1,22,16,0.31016290187835693,0.3091703951358795,0.000992506742477417
final,13,block6.W1,23,16,0.3127383589744568,0.3094691336154938,0.0032692253589630127
final,13,block6.W1,24,16,0.33821922540664673,0.3371880054473877,0.0010312199592590332
final,13,block6.W1,25,16,0.35266560316085815,0.3525853455066681,8.025765419006348e-05
final,13,block6.W1,26,16,0.33297422528266907,0.3346545100212097,0.0016802847385406494
final,13,block6.W1,27,16,0.27419182658195496,0.2756125032901764,0.0014206767082214355
final,13,block6.W1,28,16,0.29954057931900024,0.3005088269710541,0.000968247652053833
final,13,block6.W1,29,16,0.24286717176437378,0.242921382188797,5.4210424423217773e-05
final,13,block6.W1,30,16,0.27376577258110046,0.2743088901042938,0.0005431175231933594
final,13,block6.W1,31,16,0.36761415004730225,0.36708635091781616,0.000527799129486084
final,13,block6.W1,32,16,0.23521016538143158,0.2365598827600479,0.001349717378616333
final,13,block6.W1,33,16,0.31376829743385315,0.312782347202301,0.000985950231552124
final,13,block6.W1,34,16,0.2748909592628479,0.2743712067604065,0.0005197525024414062
final,13,block6.W1,35,16,0.24484501779079437,0.24364453554153442,0.0012004822492599487
final,13,block6.W1,36,16,0.35903748869895935,0.3600853979587555,0.0010479092597961426
final,13,block6.W1,37,16,0.30113014578819275,0.29969069361686707,0.0014394521713256836
final,13,block6.W1,38,16,0.3090497553348541,0.3102831244468689,0.0012333691120147705
final,13,block6.W1,39,16,0.2839614748954773,0.2849411368370056,0.0009796619415283203
final,13,block6.W1,40,16,0.3237394094467163,0.32182833552360535,0.001911073923110962
final,13,block6.W1,41,16,0.25899767875671387,0.2595600485801697,0.0005623698234558105
final,13,block6.W1,42,16,0.3134489059448242,0.31281861662864685,0.0006302893161773682
final,13,block6.W1,43,16,0.2725788354873657,0.271931529045105,0.0006473064422607422
final,13,block6.W1,44,16,0.3323156237602234,0.33184459805488586,0.0004710257053375244
final,13,block6.W1,45,16,0.2737163305282593,0.27346259355545044,0.0002537369728088379
final,13,block6.W1,46,16,0.24843823909759521,0.2463666796684265,0.002071559429168701
final,13,block6.W1,47,16,0.3302868902683258,0.3318959176540375,0.00160902738571167
final,13,block6.W1,48,16,0.32678672671318054,0.326802134513855,1.5407800674438477e-05
final,13,block6.W1,49,16,0.4014468789100647,0.4015049934387207,5.811452865600586e-05
final,13,block6.W1,50,16,0.3118644654750824,0.3108745515346527,0.0009899139404296875
final,13,block6.W1,51,16,0.3820905387401581,0.3808579444885254,0.0012325942516326904
final,13,block6.W1,52,16,0.40380123257637024,0.39975136518478394,0.004049867391586304
final,13,block6.W1,53,16,0.24220587313175201,0.2431800663471222,0.0009741932153701782
final,13,block6.W1,54,16,0.36350569128990173,0.36322617530822754,0.00027951598167419434
final,13,block6.W1,55,16,0.35383620858192444,0.35191264748573303,0.0019235610961914062
final,13,block6.W1,56,16,0.2549099326133728,0.2550347149372101,0.00012478232383728027
final,13,block6.W1,57,16,0.39460301399230957,0.39713335037231445,0.002530336380004883
final,13,block6.W1,58,16,0.32404717803001404,0.3219875395298004,0.002059638500213623
final,13,block6.W1,59,16,0.32273775339126587,0.3195420801639557,0.0031956732273101807
final,13,block6.W1,60,16,0.30653780698776245,0.3064376711845398,0.00010013580322265625
final,13,block6.W1,61,16,0.366531103849411,0.3677770495414734,0.001245945692062378
final,13,block6.W1,62,16,0.27398011088371277,0.2728267312049866,0.0011533796787261963
final,13,block6.W1,63,16,0.330122709274292,0.3310873508453369,0.0009646415710449219
final,14,block6.W2,0,16,0.26451659202575684,0.2674749791622162,0.0029583871364593506
final,14,block6.W2,1,16,0.3564990162849426,0.35668057203292847,0.00018155574798583984
final,14,block6.W2,2,16,0.28234797716140747,0.2820160686969757,0.0003319084644317627
final,14,block6.W2,3,16,0.348317414522171,0.3497346341609955,0.0014172196388244629
final,14,block6.W2,4,16,0.43022191524505615,0.4318094551563263,0.0015875399112701416
final,14,block6.W2,5,16,0.3194596469402313,0.3199557662010193,0.0004961192607879639
final,14,block6.W2,6,16,0.33432066440582275,0.33339744806289673,0.0009232163429260254
final,14,block6.W2,7,16,0.22060814499855042,0.2206660509109497,5.790591239929199e-05
final,14,block6.W2,8,16,0.23677682876586914,0.23688772320747375,0.00011089444160461426
final,14,block6.W2,9,16,0.2473725974559784,0.24582670629024506,0.0015458911657333374
final,14,block6.W2,10,16,0.3126662075519562,0.31363344192504883,0.0009672343730926514
final,14,block6.W2,11,16,0.2549716532230377,0.2543720006942749,0.0005996525287628174
final,14,block6.W2,12,16,0.47552168369293213,0.47704389691352844,0.0015222132205963135
final,14,block6.W2,13,16,0.3813948333263397,0.381650447845459,0.0002556145191192627
final,14,block6.W2,14,16,0.3045250475406647,0.30667921900749207,0.0021541714668273926
final,14,block6.W2,15,16,0.2868179976940155,0.2885749638080597,0.0017569661140441895
final,14,block6.W2,16,16,0.45294734835624695,0.45502641797065735,0.0020790696144104004
final,14,block6.W2,17,16,0.3173110783100128,0.3178359866142273,0.0005249083042144775
final,14,block6.W2,18,16,0.30503466725349426,0.3047746419906616,0.0002600252628326416
final,14,block6.W2,19,16,0.2745339572429657,0.2740531861782074,0.0004807710647583008
final,14,block6.W2,20,16,0.2618066668510437,0.26225751638412476,0.0004508495330810547
final,14,block6.W2,21,16,0.3173118233680725,0.31530827283859253,0.0020035505294799805
final,14,block6.W2,22,16,0.33203184604644775,0.33253490924835205,0.0005030632019042969
final,14,block6.W2,23,16,0.29474714398384094,0.29493144154548645,0.0001842975616455078
final,14,block6.W2,24,16,0.497315376996994,0.4965417981147766,0.0007735788822174072
final,14,block6.W2,25,16,0.23455366492271423,0.2338954210281372,0.0006582438945770264
final,14,block6.W2,26,16,0.3194141387939453,0.31970924139022827,0.000295102596282959
final,14,block6.W2,27,16,0.4064047634601593,0.4069070518016815,0.0005022883415222168
final,14,block6.W2,28,16,0.30487117171287537,0.3024640679359436,0.0024071037769317627
final,14,block6.W2,29,16,0.3124999403953552,0.31173694133758545,0.0007629990577697754
final,14,block6.W2,30,16,0.2978547215461731,0.295606791973114,0.002247929573059082
final,14,block6.W2,31,16,0.28962835669517517,0.2899554371833801,0.00032708048820495605
final,14,block6.W2,32,16,0.28140056133270264,0.2829540967941284,0.0015535354614257812
final,14,block6.W2,33,16,0.4052945077419281,0.40585455298423767,0.0005600452423095703
final,14,block6.W2,34,16,0.27418380975723267,0.2739240229129791,0.00025978684425354004
final,14,block6.W2,35,16,0.3186376988887787,0.3170676827430725,0.0015700161457061768
final,14,block6.W2,36,16,0.41189488768577576,0.4115012586116791,0.0003936290740966797
final,14,block6.W2,37,16,0.4400516748428345,0.43783316016197205,0.0022185146808624268
final,14,block6.W2,38,16,0.4338522255420685,0.43472862243652344,0.0008763968944549561
final,14,block6.W2,39,16,0.4147791266441345,0.41210833191871643,0.002670794725418091
final,14,block6.W2,40,16,0.3279184401035309,0.3282342851161957,0.0003158450126647949
final,14,block6.W2,41,16,0.29719942808151245,0.2975859045982361,0.0003864765167236328
final,14,block6.W2,42,16,0.23982150852680206,0.2404102087020874,0.0005887001752853394
final,14,block6.W2,43,16,0.2769016623497009,0.2761453688144684,0.0007562935352325439
final,14,block6.W2,44,16,0.3361954391002655,0.33562108874320984,0.0005743503570556641
final,14,block6.W2,45,16,0.3434997797012329,0.34319260716438293,0.0003071725368499756
final,14,block6.W2,46,16,0.3198798596858978,0.32015711069107056,0.0002772510051727295
final,14,block6.W2,47,16,0.24353599548339844,0.2449352741241455,0.0013992786407470703
final,14,block6.W2,48,16,0.2891868054866791,0.2887941002845764,0.00039270520210266113
final,14,block6.W2,49,16,0.26108846068382263,0.2605752944946289,0.0005131661891937256
final,14,block6.W2,50,16,0.2767128348350525,0.27776193618774414,0.0010491013526916504
final,14,block6.W2,51,16,0.2700127363204956,0.26953279972076416,0.0004799365997314453
final,14,block6.W2,52,16,0.4165344536304474,0.4175530672073364,0.001018613576889038
final,14,block6.W2,53,16,0.34890201687812805,0.3495575189590454,0.0006555020809173584
final,14,block6.W2,54,16,0.26266375184059143,0.26194658875465393,0.0007171630859375
final,14,block6.W2,55,16,0.27845072746276855,0.2788892984390259,0.0004385709762573242
final,14,block6.W2,56,16,0.31282883882522583,0.3122422397136688,0.0005865991115570068
final,14,block6.W2,57,16,0.445937842130661,0.445773184299469,0.0001646578311920166
final,14,block6.W2,58,16,0.42604655027389526,0.42596176266670227,8.478760719299316e-05
final,14,block6.W2,59,16,0.30410847067832947,0.3054211735725403,0.0013127028942108154
final,14,block6.W2,60,16,0.23250113427639008,0.2320556789636612,0.00044545531272888184
final,14,block6.W2,61,16,0.34102827310562134,0.3427627980709076,0.0017345249652862549
final,14,block6.W2,62,16,0.2927609086036682,0.29194799065589905,0.000812917947769165
final,14,block6.W2,63,16,0.38375526666641235,0.38255196809768677,0.001203298568725586
final,15,block7.W1,0,16,0.3817977011203766,0.38374170660972595,0.0019440054893493652
final,15,block7.W1,1,16,0.2048470377922058,0.2042957842350006,0.0005512535572052002
final,15,block7.W1,2,16,0.408040314912796,0.4085409343242645,0.0005006194114685059
final,15,block7.W1,3,16,0.3066953420639038,0.30592769384384155,0.0007676482200622559
final,15,block7.W1,4,16,0.19893917441368103,0.19988024234771729,0.0009410679340362549
final,15,block7.W1,5,16,0.26170477271080017,0.26153653860092163,0.00016823410987854004
final,15,block7.W1,6,16,0.32783034443855286,0.32635489106178284,0.0014754533767700195
final,15,block7.W1,7,16,0.24412089586257935,0.2436632215976715,0.0004576742649078369
final,15,block7.W1,8,16,0.3577820062637329,0.3549661636352539,0.002815842628479004
final,15,block7.W1,9,16,0.2573511600494385,0.25575727224349976,0.0015938878059387207
final,15,block7.W1,10,16,0.28674566745758057,0.28623777627944946,0.0005078911781311035
final,15,block7.W1,11,16,0.2905709445476532,0.29035547375679016,0.0002154707908630371
final,15,block7.W1,12,16,0.3107728064060211,0.3105526864528656,0.00022011995315551758
final,15,block7.W1,13,16,0.30992063879966736,0.31011688709259033,0.00019624829292297363
final,15,block7.W1,14,16,0.2678760588169098,0.26736024022102356,0.0005158185958862305
final,15,block7.W1,15,16,0.22664226591587067,0.2254703789949417,0.001171886920928955
final,15,block7.W1,16,16,0.3549773693084717,0.3552682101726532,0.00029084086418151855
final,15,block7.W1,17,16,0.25826698541641235,0.25749456882476807,0.0007724165916442871
final,15,block7.W1,18,16,0.36908891797065735,0.36693474650382996,0.0021541714668273926
final,15,block7.W1,19,16,0.2983124852180481,0.2981420159339905,0.0001704692840576172
final,15,block7.W1,20,16,0.3370566666126251,0.33764511346817017,0.0005884468555450439
final,15,block7.W1,21,16,0.3218957781791687,0.3227282166481018,0.0008324384689331055
final,15,block7.W1,22,16,0.3419624865055084,0.3419491648674011,1.3321638107299805e-05
final,15,block7.W1,23,16,0.34970036149024963,0.3520573079586029,0.0023569464683532715
final,15,block7.W1,24,16,0.21733936667442322,0.21720458567142487,0.00013478100299835205
final,15,block7.W1,25,16,0.2908532917499542,0.2905087471008301,0.0003445446491241455
final,15,block7.W1,26,16,0.18158327043056488,0.17987196147441864,0.0017113089561462402
final,15,block7.W1,27,16,0.3349663019180298,0.3349461853504181,2.0116567611694336e-05
final,15,block7.W1,28,16,0.3294285535812378,0.32801321148872375,0.001415342092514038
final,15,block7.W1,29,16,0.28683653473854065,0.2889840304851532,0.002147495746612549
final,15,block7.W1,30,16,0.37262681126594543,0.3740599453449249,0.0014331340789794922
final,15,block7.W1,31,16,0.29816901683807373,0.29893988370895386,0.000770866870880127
final,15,block7.W1,32,16,0.39176079630851746,0.39032599329948425,0.0014348030090332031
final,15,block7.W1,33,16,0.26416724920272827,0.26465362310409546,0.0004863739013671875
final,15,block7.W1,34,16,0.34126096963882446,0.3396722972393036,0.001588672399520874
final,15,block7.W1,35,16,0.28158363699913025,0.2811984717845917,0.0003851652145385742
final,15,block7.W1,36,16,0.3182624578475952,0.3171653151512146,0.0010971426963806152
final,15,block7.W1,37,16,0.2176264226436615,0.21910879015922546,0.0014823675155639648
final,15,block7.W1,38,16,0.3410201072692871,0.34060171246528625,0.0004183948040008545
final,15,block7.W1,39,16,0.25143635272979736,0.2518679201602936,0.0004315674304962158
final,15,block7.W1,40,16,0.4018641412258148,0.40030428767204285,0.0015598535537719727
final,15,block7.W1,41,16,0.25028470158576965,0.2500903904438019,0.00019431114196777344
final,15,block7.W1,42,16,0.34306782484054565,0.3443334102630615,0.0012655854225158691
final,15,block7.W1,43,16,0.4169493317604065,0.4156160056591034,0.0013333261013031006
final,15,block7.W1,44,16,0.29902738332748413,0.3018965721130371,0.0028691887855529785
final,15,block7.W1,45,16,0.29350805282592773,0.2935284972190857,2.0444393157958984e-05
final,15,block7.W1,46,16,0.3253377676010132,0.32551535964012146,0.00017759203910827637
final,15,block7.W1,47,16,0.2850742042064667,0.28366750478744507,0.0014066994190216064
final,15,block7.W1,48,16,0.24887615442276,0.24967460334300995,0.000798448920249939
final,15,block7.W1,49,16,0.31796908378601074,0.31608736515045166,0.001881718635559082
final,15,block7.W1,50,16,0.3101070821285248,0.31165823340415955,0.0015511512756347656
final,15,block7.W1,51,16,0.30318695306777954,0.3024863004684448,0.0007006525993347168
final,15,block7.W1,52,16,0.3406897485256195,0.3422018587589264,0.0015121102333068848
final,15,block7.W1,53,16,0.35802266001701355,0.35953012108802795,0.0015074610710144043
final,15,block7.W1,54,16,0.290398508310318,0.2901737093925476,0.00022479891777038574
final,15,block7.W1,55,16,0.3487044870853424,0.3490791916847229,0.00037470459938049316
final,15,block7.W1,56,16,0.34970957040786743,0.34895652532577515,0.0007530450820922852
final,15,block7.W1,57,16,0.3295993506908417,0.3305610120296478,0.0009616613388061523
final,15,block7.W1,58,16,0.28605917096138,0.28575095534324646,0.0003082156181335449
final,15,block7.W1,59,16,0.24328072369098663,0.24269026517868042,0.0005904585123062134
final,15,block7.W1,60,16,0.3231450617313385,0.3232589364051819,0.00011387467384338379
final,15,block7.W1,61,16,0.37292224168777466,0.37435439229011536,0.0014321506023406982
final,15,block7.W1,62,16,0.2982117533683777,0.2992427349090576,0.0010309815406799316
final,15,block7.W1,63,16,0.25570711493492126,0.25580868124961853,0.00010156631469726562
final,16,block7.W2,0,16,0.40974777936935425,0.4110305905342102,0.001282811164855957
final,16,block7.W2,1,16,0.3327099680900574,0.3322066068649292,0.0005033612251281738
final,16,block7.W2,2,16,0.33757901191711426,0.33680978417396545,0.0007692277431488037
final,16,block7.W2,3,16,0.2608834505081177,0.26100853085517883,0.00012508034706115723
final,16,block7.W2,4,16,0.3328586220741272,0.3349851071834564,0.0021264851093292236
final,16,block7.W2,5,16,0.3194302022457123,0.3199292719364166,0.0004990696907043457
final,16,block7.W2,6,16,0.2655371427536011,0.2658466696739197,0.0003095269203186035
final,16,block7.W2,7,16,0.3543054163455963,0.35340720415115356,0.000898212194442749
final,16,block7.W2,8,16,0.2913688123226166,0.2891613841056824,0.002207428216934204
final,16,block7.W2,9,16,0.3860042691230774,0.38747328519821167,0.0014690160751342773
final,16,block7.W2,10,16,0.3015601933002472,0.29988792538642883,0.0016722679138183594
final,16,block7.W2,11,16,0.382551372051239,0.3835921287536621,0.0010407567024230957
final,16,block7.W2,12,16,0.3230588138103485,0.32426953315734863,0.001210719347000122
final,16,block7.W2,13,16,0.3053952157497406,0.3059324026107788,0.000537186861038208
final,16,block7.W2,14,16,0.35462507605552673,0.3512346148490906,0.0033904612064361572
final,16,block7.W2,15,16,0.2793358564376831,0.2797262966632843,0.0003904402256011963
final,16,block7.W2,16,16,0.3103150427341461,0.3092297613620758,0.0010852813720703125
final,16,block7.W2,17,16,0.3225921094417572,0.32207226753234863,0.0005198419094085693
final,16,block7.W2,18,16,0.41955137252807617,0.4200439155101776,0.0004925429821014404
final,16,block7.W2,19,16,0.2989563047885895,0.2986420691013336,0.0003142356872558594
final,16,block7.W2,20,16,0.2120443880558014,0.21170996129512787,0.00033442676067352295
final,16,block7.W2,21,16,0.3628750741481781,0.36120495200157166,0.0016701221466064453
final,16,block7.W2,22,16,0.282162606716156,0.28234362602233887,0.00018101930618286133
final,16,block7.W2,23,16,0.28326669335365295,0.28155946731567383,0.001707226037979126
final,16,block7.W2,24,16,0.2847282886505127,0.28444135189056396,0.00028693675994873047
final,16,block7.W2,25,16,0.23936839401721954,0.23981963098049164,0.0004512369632720947
final,16,block7.W2,26,16,0.24825890362262726,0.24943386018276215,0.0011749565601348877
final,16,block7.W2,27,16,0.2898081839084625,0.2889126241207123,0.0008955597877502441
final,16,block7.W2,28,16,0.25732317566871643,0.25700584053993225,0.0003173351287841797
final,16,block7.W2,29,16,0.3348332643508911,0.33479422330856323,3.904104232788086e-05
final,16,block7.W2,30,16,0.33939889073371887,0.3395676612854004,0.00016877055168151855
final,16,block7.W2,31,16,0.2682563066482544,0.2683931589126587,0.00013685226440429688
final,16,block7.W2,32,16,0.4285373091697693,0.42905277013778687,0.0005154609680175781
final,16,block7.W2,33,16,0.30728501081466675,0.30832618474960327,0.0010411739349365234
final,16,block7.W2,34,16,0.2422492951154709,0.24204346537590027,0.00020582973957061768
final,16,block7.W2,35,16,0.2287963628768921,0.22861531376838684,0.00018104910850524902
final,16,block7.W2,36,16,0.3042188286781311,0.30501410365104675,0.0007952749729156494
final,16,block7.W2,37,16,0.3993642330169678,0.39845284819602966,0.0009113848209381104
final,16,block7.W2,38,16,0.31702950596809387,0.3160102963447571,0.001019209623336792
final,16,block7.W2,39,16,0.34786203503608704,0.34875163435935974,0.0008895993232727051
final,16,block7.W2,40,16,0.31190502643585205,0.3101886808872223,0.0017163455486297607
final,16,block7.W2,41,16,0.37259039282798767,0.371110200881958,0.001480191946029663
final,16,block7.W2,42,16,0.26906126737594604,0.2692243754863739,0.00016310811042785645
final,16,block7.W2,43,16,0.31602582335472107,0.3159538805484772,7.194280624389648e-05
final,16,block7.W2,44,16,0.3515814244747162,0.35157397389411926,7.450580596923828e-06
final,16,block7.W2,45,16,0.41558608412742615,0.4161611795425415,0.0005750954151153564
final,16,block7.W2,46,16,0.24486654996871948,0.244159534573555,0.0007070153951644897
final,16,block7.W2,47,16,0.31782060861587524,0.31798243522644043,0.00016182661056518555
final,16,block7.W2,48,16,0.2637498676776886,0.2633368670940399,0.00041300058364868164
final,16,block7.W2,49,16,0.31654277443885803,0.31599512696266174,0.0005476474761962891
final,16,block7.W2,50,16,0.3605796694755554,0.3597855269908905,0.000794142484664917
final,16,block7.W2,51,16,0.41071683168411255,0.40964579582214355,0.0010710358619689941
final,16,block7.W2,52,16,0.42842936515808105,0.4287852644920349,0.0003558993339538574
final,16,block7.W2,53,16,0.30958008766174316,0.31097352504730225,0.001393437385559082
final,16,block7.W2,54,16,0.2657008767127991,0.26431888341903687,0.001381993293762207
final,16,block7.W2,55,16,0.20772230625152588,0.20713333785533905,0.0005889683961868286
final,16,block7.W2,56,16,0.27296581864356995,0.2742226719856262,0.0012568533420562744
final,16,block7.W2,57,16,0.3215251863002777,0.32312464714050293,0.0015994608402252197
final,16,block7.W2,58,16,0.2969094216823578,0.2979072034358978,0.000997781753540039
final,16,block7.W2,59,16,0.3770287036895752,0.3758765161037445,0.0011521875858306885
final,16,block7.W2,60,16,0.28279927372932434,0.28265711665153503,0.00014215707778930664
final,16,block7.W2,61,16,0.33378875255584717,0.33531618118286133,0.0015274286270141602
final,16,block7.W2,62,16,0.31381335854530334,0.3168553113937378,0.0030419528484344482
final,16,block7.W2,63,16,0.2612164616584778,0.26205480098724365,0.0008383393287658691
final,17,W_out,0,16,0.3861198425292969,0.37981611490249634,0.006303727626800537
final,17,W_out,1,16,0.34597790241241455,0.3386252522468567,0.007352650165557861
final,17,W_out,2,16,0.27898985147476196,0.2886321544647217,0.009642302989959717
final,17,W_out,3,16,0.21163590252399445,0.20853129029273987,0.0031046122312545776
final,17,W_out,4,16,0.35165929794311523,0.3442370295524597,0.007422268390655518
final,17,W_out,5,16,0.26700782775878906,0.26677754521369934,0.00023028254508972168
final,17,W_out,6,16,0.22858238220214844,0.22476252913475037,0.0038198530673980713
final,17,W_out,7,16,0.2881753742694855,0.3043329417705536,0.016157567501068115
final,17,W_out,8,16,0.3508487045764923,0.34193071722984314,0.00891798734664917
final,17,W_out,9,16,0.36257728934288025,0.36951127648353577,0.006933987140655518
final,17,W_out,10,16,0.3455299139022827,0.35491707921028137,0.009387165307998657
final,17,W_out,11,16,0.26860880851745605,0.2666589319705963,0.0019498765468597412
final,17,W_out,12,16,0.2259991466999054,0.2176910936832428,0.008308053016662598
final,17,W_out,13,16,0.4296002686023712,0.4377962052822113,0.008195936679840088
final,17,W_out,14,16,0.31897902488708496,0.31706923246383667,0.001909792423248291
final,17,W_out,15,16,0.2772926390171051,0.2738338112831116,0.0034588277339935303
final,17,W_out,16,16,0.2731000781059265,0.28131216764450073,0.008212089538574219
final,17,W_out,17,16,0.2908783257007599,0.2886883318424225,0.0021899938583374023
final,17,W_out,18,16,0.2703127861022949,0.2631038725376129,0.007208913564682007
final,17,W_out,19,16,0.24730327725410461,0.2540225684642792,0.0067192912101745605
final,17,W_out,20,16,0.29252198338508606,0.28500843048095703,0.007513552904129028
final,17,W_out,21,16,0.32116004824638367,0.32875800132751465,0.0075979530811309814
final,17,W_out,22,16,0.2983332574367523,0.28795698285102844,0.010376274585723877
final,17,W_out,23,16,0.2907620966434479,0.29438120126724243,0.0036191046237945557
final,17,W_out,24,16,0.375830739736557,0.3755344748497009,0.0002962648868560791
final,17,W_out,25,16,0.297049880027771,0.28501203656196594,0.012037843465805054
final,17,W_out,26,16,0.36327242851257324,0.3785068988800049,0.01523447036743164
final,17,W_out,27,16,0.34067386388778687,0.32707974314689636,0.013594120740890503
final,17,W_out,28,16,0.37170010805130005,0.35938727855682373,0.012312829494476318
final,17,W_out,29,16,0.3316943347454071,0.3208458125591278,0.010848522186279297
final,17,W_out,30,16,0.24995607137680054,0.24571581184864044,0.004240259528160095
final,17,W_out,31,16,0.2796781361103058,0.2749098241329193,0.004768311977386475
final,17,W_out,32,16,0.3426807224750519,0.3403671979904175,0.0023135244846343994
final,17,W_out,33,16,0.3213849365711212,0.3158373236656189,0.005547612905502319
final,17,W_out,34,16,0.3394710123538971,0.3356499671936035,0.003821045160293579
final,17,W_out,35,16,0.19121895730495453,0.19812403619289398,0.006905078887939453
final,17,W_out,36,16,0.4269634783267975,0.42370691895484924,0.003256559371948242
final,17,W_out,37,16,0.36444154381752014,0.361190527677536,0.003251016139984131
final,17,W_out,38,16,0.29471948742866516,0.29896607995033264,0.0042465925216674805
final,17,W_out,39,16,0.2910075783729553,0.2993318736553192,0.008324295282363892
final,17,W_out,40,16,0.27326270937919617,0.27970537543296814,0.006442666053771973
final,17,W_out,41,16,0.30501097440719604,0.3114676773548126,0.006456702947616577
final,17,W_out,42,16,0.4019418954849243,0.3952898681163788,0.006652027368545532
final,17,W_out,43,16,0.2892184853553772,0.2870739996433258,0.0021444857120513916
final,17,W_out,44,16,0.27781787514686584,0.27547740936279297,0.002340465784072876
final,17,W_out,45,16,0.3505687117576599,0.34637555480003357,0.004193156957626343
final,17,W_out,46,16,0.29661881923675537,0.299265593290329,0.0026467740535736084
final,17,W_out,47,16,0.31005170941352844,0.30720609426498413,0.0028456151485443115
final,17,W_out,48,16,0.3413022458553314,0.3521507680416107,0.010848522186279297
final,17,W_out,49,16,0.29457688331604004,0.29458290338516235,6.020069122314453e-06
final,17,W_out,50,16,0.3512956500053406,0.34956952929496765,0.0017261207103729248
final,17,W_out,51,16,0.3497520983219147,0.3484710454940796,0.001281052827835083
final,17,W_out,52,16,0.2950516939163208,0.2911619544029236,0.003889739513397217
final,17,W_out,53,16,0.45590001344680786,0.45593973994255066,3.972649574279785e-05
final,17,W_out,54,16,0.3878192603588104,0.38255274295806885,0.005266517400741577
final,17,W_out,55,16,0.3128357231616974,0.3200437128543854,0.007207989692687988
final,17,W_out,56,16,0.31705018877983093,0.32617220282554626,0.009122014045715332
final,17,W_out,57,16,0.30711629986763,0.30862438678741455,0.001508086919784546
final,17,W_out,58,16,0.3664597272872925,0.3678838908672333,0.001424163579940796
final,17,W_out,59,16,0.28701087832450867,0.28464141488075256,0.0023694634437561035
final,17,W_out,60,16,0.2958380877971649,0.29281195998191833,0.003026127815246582
final,17,W_out,61,16,0.3550403416156769,0.3603401184082031,0.005299776792526245
final,17,W_out,62,16,0.309599369764328,0.30887648463249207,0.0007228851318359375
final,17,W_out,63,16,0.2877209782600403,0.28887999057769775,0.0011590123176574707
