condition,seed,step,block,stream_rms,branch_rms,branch_stream_rms_ratio
E18a,0,0,0,0.7856100464370263,0.6831396823330099,0.8695658685008552
E18a,0,0,1,1.004124573079603,0.6742416707878521,0.6714721348965543
E18a,0,0,2,1.196421490475536,0.7928884136551554,0.662716626178296
E18a,0,0,3,1.3709708022371763,0.7003856128913969,0.5108683655031123
E18a,0,0,4,1.552614324423022,0.6557449059203546,0.42234887029271784
E18a,0,0,5,1.6834116453314558,0.6514137965076717,0.38696049080699535
E18a,0,0,6,1.7997875717675031,0.5864238871668579,0.3258295014177441
E18a,0,0,7,1.9379439723674994,0.6956604054978531,0.3589682753562767
E18a,0,0,8,2.0353959309897203,0.7861350962801119,0.3862320270522749
E18a,0,0,9,2.2354935595857897,0.6669521346537053,0.29834670370389416
E18a,0,0,10,2.36931965815564,0.620252548209924,0.26178508504536274
E18a,0,0,11,2.515328305497398,0.7338427609740407,0.2917483015518031
E18a,0,0,12,2.5326018509182493,0.6862176746808957,0.27095363388133537
E18a,0,0,13,2.602001304714463,0.7517725010772521,0.28892087783166953
E18a,0,0,14,2.760938499771144,0.7916651574108559,0.2867377007769197
E18a,0,0,15,2.791985650391931,0.7620338812721331,0.27293617399686887
E18a,0,500,0,0.7832042335015413,0.6633301901428772,0.8469440814655297
E18a,0,500,1,0.9885344669025513,0.6772739959034567,0.685129369363933
E18a,0,500,2,1.190373984110575,0.8338136487370646,0.7004636020839069
E18a,0,500,3,1.3792269808839699,0.7086106321481889,0.5137737602073505
E18a,0,500,4,1.561396649859685,0.6667209814296918,0.427002953727105
E18a,0,500,5,1.6965372071681235,0.6023016567950751,0.35501824201099774
E18a,0,500,6,1.7822745420329138,0.5641081996052353,0.31651027173501406
E18a,0,500,7,1.9181085925544339,0.7649905942322526,0.39882548735860635
E18a,0,500,8,2.0516839567669978,0.7364839033359295,0.3589655711381913
E18a,0,500,9,2.254305648012305,0.7474409219195391,0.33156148217016723
E18a,0,500,10,2.4456760217793674,0.6470051105257857,0.2645506210814681
E18a,0,500,11,2.604882569188472,0.7288727498422307,0.27981021427361485
E18a,0,500,12,2.5711421778251378,0.6521389734957485,0.2536378497930347
E18a,0,500,13,2.6127920184275157,0.7795581788106525,0.2983621250036665
E18a,0,500,14,2.742646637217555,0.7495315457602137,0.2732876833599759
E18a,0,500,15,2.7414053975352126,0.7731431221363491,0.28202436707517947
E18a,0,1000,0,0.7737601358743407,0.6781575978417813,0.8764442188217288
E18a,0,1000,1,0.9874406168029207,0.6881170664485424,0.6968693152166343
E18a,0,1000,2,1.194116928062285,0.7999031789604085,0.6698700605965161
E18a,0,1000,3,1.3594166650539152,0.7155096617922327,0.5263358028377968
E18a,0,1000,4,1.5343680231330497,0.6869275088364036,0.4476940984691246
E18a,0,1000,5,1.674211572793243,0.6424974719691032,0.3837612177636336
E18a,0,1000,6,1.7532056753141927,0.5872564409405738,0.3349615217480581
E18a,0,1000,7,1.910467236501873,0.7811143482066386,0.40886037367324035
E18a,0,1000,8,2.0325692249366543,0.7153762358244914,0.35195664041739405
E18a,0,1000,9,2.221343903362881,0.7538336084855418,0.3393592533530342
E18a,0,1000,10,2.387199636280125,0.6401690968821541,0.26816739042391247
E18a,0,1000,11,2.522906309085089,0.7008259438044249,0.27778516438788153
E18a,0,1000,12,2.472109775259771,0.646670147948592,0.2615863399029841
E18a,0,1000,13,2.4902629781414563,0.7382838072314372,0.2964682098685161
E18a,0,1000,14,2.6135644828704323,0.7424430334280262,0.2840729732493969
E18a,0,1000,15,2.596286717981135,0.7846425933740264,0.3022172350764719
E18a,0,1500,0,0.7713770301620904,0.6819675524924583,0.884091081049115
E18a,0,1500,1,0.9892958594650756,0.6927218568749955,0.7002170788924142
E18a,0,1500,2,1.2036614894635227,0.8087514028531443,0.67190934488866
E18a,0,1500,3,1.359238913606055,0.6921054284355614,0.5091860021866271
E18a,0,1500,4,1.5171427831247442,0.6957736438578509,0.458607885557626
E18a,0,1500,5,1.6563970679480073,0.6269895603383084,0.37852612303584987
E18a,0,1500,6,1.7344004625142002,0.5863533519890612,0.3380726450793716
E18a,0,1500,7,1.878010188816717,0.7708544614800257,0.410463407531202
E18a,0,1500,8,1.9846602241501003,0.7205614425514503,0.3630653921428891
E18a,0,1500,9,2.1534883678112284,0.7522029022228499,0.34929508488006233
E18a,0,1500,10,2.306315519844745,0.632577623291791,0.2742806081166095
E18a,0,1500,11,2.4361581177491463,0.7133990838237789,0.29283775902153425
E18a,0,1500,12,2.3733969954498786,0.6441108990568043,0.27138776205230375
E18a,0,1500,13,2.3898742555157404,0.7495813042521536,0.3136488468052861
E18a,0,1500,14,2.502185662574279,0.7453723903416036,0.2978885226185636
E18a,0,1500,15,2.5006832753525097,0.7786633589575992,0.3113802402056832
E18a,0,2000,0,0.7664537340754899,0.6868425386680946,0.8961304618035116
E18a,0,2000,1,0.9942421888781329,0.7124794679846981,0.7166055473753676
E18a,0,2000,2,1.222086289198253,0.8098180375755202,0.6626520931732239
E18a,0,2000,3,1.3692633827857819,0.6870867983044417,0.5017930129019852
E18a,0,2000,4,1.5189078647895058,0.6862828424080945,0.4518265118754924
E18a,0,2000,5,1.6613721279571145,0.6448288402847355,0.38813028666710647
E18a,0,2000,6,1.7394771027972058,0.5869815173445684,0.3374471077547726
E18a,0,2000,7,1.8640538286862884,0.735430651373651,0.394532947523277
E18a,0,2000,8,1.9703906484941531,0.7078878014046871,0.35926266801239726
E18a,0,2000,9,2.1241269094121487,0.7333384246198918,0.34524228348617975
E18a,0,2000,10,2.264715397971011,0.6437605205658896,0.2842566978361358
E18a,0,2000,11,2.390236811999434,0.7069667304460724,0.29577267277324476
E18a,0,2000,12,2.33272281471073,0.6579952656067115,0.28207177529075883
E18a,0,2000,13,2.344072932022769,0.7407300112707123,0.31600126478637963
E18a,0,2000,14,2.457448990537037,0.740941593198676,0.3015084325460423
E18a,0,2000,15,2.4568846230416064,0.7677568013059477,0.31249200475497707
E18a,0,2500,0,0.7638253068391094,0.695915018676551,0.9110918588916787
E18a,0,2500,1,0.9961097221288877,0.7087207293800845,0.7114886178054813
E18a,0,2500,2,1.2222963348895186,0.7976199163243562,0.6525585437482735
E18a,0,2500,3,1.3549189755745512,0.6813003275977918,0.5028347376335824
E18a,0,2500,4,1.5031378877337778,0.7100963426699718,0.47240931684621185
E18a,0,2500,5,1.6600756415986027,0.6507675090021323,0.39201075703722926
E18a,0,2500,6,1.7278849435527255,0.5987063176563097,0.34649663444910994
E18a,0,2500,7,1.8429860461181373,0.7323753014890338,0.3973851581956513
E18a,0,2500,8,1.9594974256945428,0.7162972797365018,0.3655515288480722
E18a,0,2500,9,2.1195606276660772,0.7185764450407454,0.33902141588277906
E18a,0,2500,10,2.245400600195334,0.6476353544374595,0.28842753243279606
E18a,0,2500,11,2.3669166867536533,0.7210766929725883,0.3046481090813474
E18a,0,2500,12,2.3000039274969137,0.6790778168379152,0.2952507205398355
E18a,0,2500,13,2.3210213082170985,0.715446116536719,0.30824625090852426
E18a,0,2500,14,2.4087141848302527,0.7376535588594569,0.30624370608397483
E18a,0,2500,15,2.415540122270421,0.7697832423940434,0.3186795513338469
E18a,0,3000,0,0.7647609630538229,0.7113943578928622,0.9302179272489817
E18a,0,3000,1,1.0043893530379493,0.7192709083515928,0.7161275716195453
E18a,0,3000,2,1.2329448681227715,0.7911553415502981,0.6416794148751168
E18a,0,3000,3,1.362310245339835,0.6725282492916177,0.4936674678856667
E18a,0,3000,4,1.4971446256474212,0.7147178011037463,0.47738728033350525
E18a,0,3000,5,1.6609684565873335,0.6646258369417628,0.40014356341680285
E18a,0,3000,6,1.734062036469729,0.6083355327911832,0.35081532263381787
E18a,0,3000,7,1.84240739202731,0.7197541984283974,0.3906596345319746
E18a,0,3000,8,1.9544014235304383,0.7241920896195373,0.3705441885686687
E18a,0,3000,9,2.11321025062048,0.7207664404142526,0.34107653992432674
E18a,0,3000,10,2.22497686477761,0.6478902731290855,0.29118966735586405
E18a,0,3000,11,2.3410707553902705,0.7341775688403647,0.3136075947939356
E18a,0,3000,12,2.286671355826599,0.6948950034229512,0.3038893200163242
E18a,0,3000,13,2.3165773619603485,0.701016141216583,0.30260856068426945
E18a,0,3000,14,2.391154627181529,0.7482956794103779,0.31294324127101697
E18a,0,3000,15,2.3939030780599304,0.75271206391025,0.3144287965577386
E18a,0,3500,0,0.7576048393391847,0.7118522981052319,0.9396089638579129
E18a,0,3500,1,1.000290977915025,0.7204449853251751,0.7202354127264528
E18a,0,3500,2,1.228363153850843,0.779807315917227,0.6348345059623279
E18a,0,3500,3,1.3542850418238461,0.6770927548557615,0.49996325289387045
E18a,0,3500,4,1.4934502611740335,0.7113766017993283,0.4763309634698512
E18a,0,3500,5,1.6548219930095576,0.667202898584755,0.4031871110023986
E18a,0,3500,6,1.724425925835612,0.6100028074533462,0.35374254023567564
E18a,0,3500,7,1.8222916464150067,0.7200206133026352,0.39511820993040897
E18a,0,3500,8,1.940102509181774,0.7209999777615047,0.37162983623251017
E18a,0,3500,9,2.1021485284488652,0.7095666859681317,0.3375435543042752
E18a,0,3500,10,2.2092890030199346,0.6396433404178747,0.2895245210307613
E18a,0,3500,11,2.3166199623097,0.744989352463399,0.3215846209494953
E18a,0,3500,12,2.254716373218197,0.7056086883782088,0.3129478708539651
E18a,0,3500,13,2.28348262594257,0.6941388382483427,0.3039825354317368
E18a,0,3500,14,2.346531480908781,0.7441263648731797,0.3171175715848437
E18a,0,3500,15,2.3547401336992064,0.7593741420422861,0.3224874503877158
E18a,0,4000,0,0.7591683664797467,0.7164859745712734,0.9437774362143262
E18a,0,4000,1,1.0017323516185788,0.72700661128484,0.7257493582094633
E18a,0,4000,2,1.2273264127142192,0.7816779279187108,0.6368948959470679
E18a,0,4000,3,1.3525297921568606,0.6691579474512773,0.49474544023476213
E18a,0,4000,4,1.4885057429656405,0.7121504832010432,0.4784331444917253
E18a,0,4000,5,1.6518307896197073,0.6786131192290077,0.4108248396224903
E18a,0,4000,6,1.7168218626208194,0.6083625183402297,0.35435389750427115
E18a,0,4000,7,1.8037583132980235,0.7251288183409991,0.40200996607752887
E18a,0,4000,8,1.9142507414987713,0.7225812732660621,0.3774747255421272
E18a,0,4000,9,2.077370082069984,0.692519490891983,0.33336356235665326
E18a,0,4000,10,2.1749821215806873,0.646030705189111,0.29702805314077824
E18a,0,4000,11,2.2798953939033844,0.7344141350066932,0.32212624183134586
E18a,0,4000,12,2.235187010430627,0.7180817415233833,0.3212624886295483
E18a,0,4000,13,2.2679691708820986,0.6975148626015278,0.30755041627406166
E18a,0,4000,14,2.3324304142350307,0.7367142350665852,0.31585689783941784
E18a,0,4000,15,2.3422617550545812,0.7522606966504193,0.32116850092738225
E18a,0,4500,0,0.7598887769033342,0.7088865006275759,0.9328819192677109
E18a,0,4500,1,0.9949243259328069,0.7355592292750692,0.7393117346743273
E18a,0,4500,2,1.2306650603906486,0.7692295437843742,0.6250519077385674
E18a,0,4500,3,1.3457490552480542,0.6743309497669795,0.5010822390231467
E18a,0,4500,4,1.4831075409316585,0.7058858686450774,0.47595056269598224
E18a,0,4500,5,1.6484488361998553,0.6667626916907019,0.4044788512986427
E18a,0,4500,6,1.7065477415827466,0.594824159172244,0.348554068941881
E18a,0,4500,7,1.7839794625864616,0.7241726150574961,0.40593102681102117
E18a,0,4500,8,1.8979275652938663,0.7180615506116537,0.3783398079791693
E18a,0,4500,9,2.0587313127732525,0.6840932804854648,0.3322887626185392
E18a,0,4500,10,2.1624850711417465,0.6455513144476698,0.29852289990923836
E18a,0,4500,11,2.258173873537616,0.7506161506866273,0.332399625858183
E18a,0,4500,12,2.2190721919969763,0.7221263712740463,0.3254181517295271
E18a,0,4500,13,2.2458983678560034,0.687468912824787,0.3060997428307781
E18a,0,4500,14,2.309320095437123,0.7224105393614791,0.3128239089889947
E18a,0,4500,15,2.327086683232412,0.7629621456679105,0.3278615064773294
E18a,0,5000,0,0.7599408109134804,0.7080347214150252,0.9316971943695694
E18a,0,5000,1,0.9921478645845122,0.7418683624311653,0.747739715936235
E18a,0,5000,2,1.2319891129140825,0.774724938681874,0.6288407345170285
E18a,0,5000,3,1.3471908489666096,0.666148118987833,0.494471974404232
E18a,0,5000,4,1.4823445007093858,0.7069968169553039,0.4769450128610224
E18a,0,5000,5,1.6508849779084551,0.6636584389207801,0.4020016220400676
E18a,0,5000,6,1.7021253462884713,0.5868132902659952,0.3447532765701168
E18a,0,5000,7,1.7799673764242718,0.7157035386176748,0.4020880090821845
E18a,0,5000,8,1.895970633839176,0.7112888926747643,0.37515818018471414
E18a,0,5000,9,2.052542381381201,0.6802083924974788,0.33139797680560024
E18a,0,5000,10,2.157661354838946,0.6436699498221451,0.29831833822235304
E18a,0,5000,11,2.244820002454983,0.7664096768039336,0.3414125301653458
E18a,0,5000,12,2.199720413547563,0.7223156932271415,0.3283670455475015
E18a,0,5000,13,2.2244145869307017,0.6750956492923089,0.30349362625958204
E18a,0,5000,14,2.279851793520417,0.7258557396971916,0.3183784760746955
E18a,0,5000,15,2.2935960510333553,0.7667705422472346,0.33430932264719165
E18a,0,5500,0,0.7612822910947684,0.7083734838408028,0.9305004098047787
E18a,0,5500,1,0.9936462912539156,0.7430407367116771,0.7477919892137967
E18a,0,5500,2,1.234237885900873,0.7791537923379658,0.6312833216663575
E18a,0,5500,3,1.3459331281045341,0.6593319488564705,0.48986976773875973
E18a,0,5500,4,1.476036187743251,0.7113637577366074,0.48194194942078583
E18a,0,5500,5,1.6310220534802815,0.6543871533667088,0.4012129400521439
E18a,0,5500,6,1.6844530626938543,0.5813699682394566,0.34513871660496326
E18a,0,5500,7,1.7653126769947556,0.7191882738350691,0.40739993725043966
E18a,0,5500,8,1.8839952426148288,0.7278497206062022,0.38633309901356616
E18a,0,5500,9,2.043501160560241,0.6667329540634978,0.32626991700885943
E18a,0,5500,10,2.1448069002400683,0.6423333407748729,0.2994830633484891
E18a,0,5500,11,2.2398751779524484,0.7608259314891778,0.3396733617025376
E18a,0,5500,12,2.193238923329805,0.7373276486982498,0.336182091634061
E18a,0,5500,13,2.2119817628157104,0.6837505172703338,0.3091121856266859
E18a,0,5500,14,2.273159570604851,0.7169567989014948,0.31540099875642436
E18a,0,5500,15,2.290840336579458,0.7657799166492376,0.33427904355510574
E18a,0,6000,0,0.7602902945950989,0.7203708440094218,0.9474944624843111
E18a,0,6000,1,0.9924825341114905,0.7437529459959004,0.7493864329428601
E18a,0,6000,2,1.232654147855565,0.7874944829904956,0.6388608551396928
E18a,0,6000,3,1.345351595833353,0.6683574287273254,0.49679015567177726
E18a,0,6000,4,1.4772581254650505,0.7161839849646214,0.484806258716067
E18a,0,6000,5,1.6315863032244466,0.6650454256308339,0.4076066490117795
E18a,0,6000,6,1.6844413906842448,0.5820857050866945,0.34556601868483106
E18a,0,6000,7,1.7626364643242045,0.715307982056008,0.40581707943404954
E18a,0,6000,8,1.8736839520864605,0.7268784538811521,0.38794080136712966
E18a,0,6000,9,2.037942234387332,0.6609052068826468,0.3243002651060594
E18a,0,6000,10,2.143732194262589,0.6333581279956564,0.295446478664991
E18a,0,6000,11,2.2341226229068836,0.765131747516676,0.3424752695629304
E18a,0,6000,12,2.182297921733171,0.7412158649500366,0.33964925575393773
E18a,0,6000,13,2.217885084166204,0.6861978952423927,0.3093928987309833
E18a,0,6000,14,2.270841383742399,0.722040281940884,0.3179615657483505
E18a,0,6000,15,2.286975288461266,0.7738442772378153,0.3383701962772309
E18a,0,6500,0,0.7654376250490854,0.7219801129349304,0.9432252731091338
E18a,0,6500,1,1.0016197595472922,0.7422826135947568,0.7410822385635149
E18a,0,6500,2,1.2410646750672976,0.779503116810094,0.6280922601941151
E18a,0,6500,3,1.348392809770377,0.6723282270052495,0.4986145150979727
E18a,0,6500,4,1.4840000392292325,0.7220813148773387,0.48657769258037015
E18a,0,6500,5,1.6430859176168675,0.671470391913858,0.40866419991460884
E18a,0,6500,6,1.6865564157451685,0.5892495731878743,0.3493802921069362
E18a,0,6500,7,1.7638945815944582,0.7239508401456657,0.41042749816219526
E18a,0,6500,8,1.8724606093789191,0.7211068119941476,0.38511187278504794
E18a,0,6500,9,2.032797004712871,0.6583562334532058,0.32386718001200393
E18a,0,6500,10,2.133205817161387,0.6387682354013987,0.29944050886350687
E18a,0,6500,11,2.2227688326528505,0.7589120387555488,0.34142643517715493
E18a,0,6500,12,2.1666329266493625,0.7446795893391903,0.3437036242640402
E18a,0,6500,13,2.2015363951706775,0.6893635705445164,0.3131284007190226
E18a,0,6500,14,2.2664466347921515,0.7325110178480944,0.32319799928369836
E18a,0,6500,15,2.280374726366318,0.7679424014778161,0.336761494766038
E18a,0,7000,0,0.7668368567557247,0.7275598517363723,0.9487804939560123
E18a,0,7000,1,1.007190595199814,0.7438846038436688,0.7385738184897284
E18a,0,7000,2,1.2414599673690132,0.7763298899590643,0.6253362253833409
E18a,0,7000,3,1.3488448810700238,0.6662073284011196,0.4939095204725281
E18a,0,7000,4,1.482822634330145,0.7195797339170223,0.48527700970931537
E18a,0,7000,5,1.641133754502005,0.6677833394896734,0.40690366501681596
E18a,0,7000,6,1.6787693158182513,0.5846189216367867,0.3482425584791183
E18a,0,7000,7,1.7538498901752637,0.722427182783774,0.411909358281273
E18a,0,7000,8,1.8694798119054057,0.7132770166096916,0.3815376941047079
E18a,0,7000,9,2.028941248317899,0.652588853087606,0.3216400936343707
E18a,0,7000,10,2.1274756233254366,0.6353997547302124,0.29866370630231953
E18a,0,7000,11,2.2143251381906706,0.7602815266611127,0.3433468344591618
E18a,0,7000,12,2.1737237557208124,0.7553176436725024,0.34747637168000545
E18a,0,7000,13,2.20664392281723,0.670781251669668,0.30398255229746324
E18a,0,7000,14,2.256934426110796,0.7225066130025352,0.32012742800311483
E18a,0,7000,15,2.2680517976957972,0.7588202029607668,0.3345691680109255
E18a,0,7500,0,0.7660819182548333,0.7302298622642646,0.9532007542062326
E18a,0,7500,1,1.0066703763318496,0.7469095217769508,0.7419603669063681
E18a,0,7500,2,1.2437413795167647,0.7702341142208788,0.6192880022373628
E18a,0,7500,3,1.3555858669889964,0.6697498094225351,0.4940666804900907
E18a,0,7500,4,1.4990407427575718,0.714381442543418,0.476559056846762
E18a,0,7500,5,1.6529251163470071,0.667833858546991,0.4040315268624602
E18a,0,7500,6,1.689851858758171,0.5921522899823205,0.35041668706834345
E18a,0,7500,7,1.7657696317697134,0.7174449938156132,0.4063072446752671
E18a,0,7500,8,1.872714442066655,0.7198658774911976,0.38439703423058
E18a,0,7500,9,2.0284177036469684,0.6516105448111612,0.3212408093459282
E18a,0,7500,10,2.12413669828392,0.6259032621650401,0.2946624210535529
E18a,0,7500,11,2.2025516636506755,0.759366673475934,0.34476679299195295
E18a,0,7500,12,2.162868743684721,0.7579176713080874,0.3504224070559541
E18a,0,7500,13,2.201439610508476,0.6661718630218018,0.30260737557453743
E18a,0,7500,14,2.249474650543079,0.7201157118510749,0.3201261733166102
E18a,0,7500,15,2.2607494592152846,0.7540316926579846,0.33353173638254996
E18a,0,8000,0,0.7673973741497333,0.7340990322656384,0.9566087362222355
E18a,0,8000,1,1.008214957861414,0.7507603458399319,0.744643133873371
E18a,0,8000,2,1.241589300804293,0.7558195119596647,0.6087516310506622
E18a,0,8000,3,1.3474821982911376,0.6650925379320466,0.4935816879625644
E18a,0,8000,4,1.4869076663203002,0.7234857881721376,0.4865707565840802
E18a,0,8000,5,1.6499128128893172,0.6634699443065349,0.4021242450652107
E18a,0,8000,6,1.6920473762460198,0.5904783976641705,0.3489727332423796
E18a,0,8000,7,1.7641776681461179,0.7102856734174869,0.40261572643297827
E18a,0,8000,8,1.8739483009873166,0.7198908834775203,0.3841572806988514
E18a,0,8000,9,2.024472019093757,0.6530246860176087,0.3225654293359566
E18a,0,8000,10,2.126061410272179,0.6219551393496563,0.2925386521502375
E18a,0,8000,11,2.206796138731708,0.7722282120867879,0.3499318303731507
E18a,0,8000,12,2.1554530088800976,0.7489513542305001,0.347468189352748
E18a,0,8000,13,2.192017762561767,0.6579796442849792,0.3001707629941884
E18a,0,8000,14,2.2457327591351373,0.7210713746907119,0.3210851209956106
E18a,0,8000,15,2.2562724674827863,0.7580344902569157,0.3359676196831928
E18a,0,8500,0,0.7650337513774207,0.7376529202946369,0.9642096429948542
E18a,0,8500,1,1.009267852482923,0.7483437243893563,0.7414718724552046
E18a,0,8500,2,1.2404841788034933,0.7482511312358604,0.6031928048913809
E18a,0,8500,3,1.3440594391850296,0.6604789188571255,0.4914060342878935
E18a,0,8500,4,1.4813281741239714,0.720872987895622,0.4866396254982001
E18a,0,8500,5,1.6420634352049845,0.6554586208276372,0.39916766111159036
E18a,0,8500,6,1.6788186861755818,0.5861391936447097,0.3491378780039427
E18a,0,8500,7,1.7481066692822835,0.7073998140398909,0.40466627493065205
E18a,0,8500,8,1.851167795546927,0.7245659629764054,0.3914102031805996
E18a,0,8500,9,2.006189881078774,0.6517623066503866,0.32487568240545567
E18a,0,8500,10,2.107135053039404,0.6222779452668347,0.29531944066387184
E18a,0,8500,11,2.1833232506555067,0.7678205942047014,0.3516751786407148
E18a,0,8500,12,2.1338239532598466,0.7530727705448339,0.35292169693491504
E18a,0,8500,13,2.1758589622446327,0.6659413689614995,0.30605906932244786
E18a,0,8500,14,2.2407226349684595,0.7240963665997694,0.323153055759604
E18a,0,8500,15,2.245087379839973,0.7580978501800787,0.3376696412743253
E18a,0,9000,0,0.765519753325118,0.7400782117776241,0.9667656628885332
E18a,0,9000,1,1.0113615235632862,0.7500634459717404,0.7416373161291269
E18a,0,9000,2,1.241199268569813,0.7531062941856989,0.6067569593828998
E18a,0,9000,3,1.3480434740883473,0.646964530172311,0.4799285353981919
E18a,0,9000,4,1.473252960693174,0.7162275695261275,0.4861538300857297
E18a,0,9000,5,1.6350733700355415,0.6629456541013113,0.4054531535101088
E18a,0,9000,6,1.671318781406305,0.5964692886555601,0.3568854100674142
E18a,0,9000,7,1.7470631450610512,0.7110789722044212,0.4070138931238072
E18a,0,9000,8,1.8443590140886508,0.722238969602859,0.3915934826602821
E18a,0,9000,9,1.99247360601201,0.6405380603532591,0.3214788182992865
E18a,0,9000,10,2.0839466572289815,0.6206177796975553,0.2978088606753443
E18a,0,9000,11,2.158353526499736,0.7692756157601468,0.35641780010325885
E18a,0,9000,12,2.1152825283416257,0.7537119936242859,0.35631741080714807
E18a,0,9000,13,2.164921253478265,0.658673254314424,0.30424813524102473
E18a,0,9000,14,2.223699528429535,0.7242965835323019,0.3257169299504366
E18a,0,9000,15,2.2311445204311084,0.7455721702885755,0.3341657895583177
E18a,0,9500,0,0.7656870934808968,0.7312445278768757,0.9550174400257402
E18a,0,9500,1,1.0057472498255673,0.7450133943579534,0.7407560840829199
E18a,0,9500,2,1.2340602645740877,0.751523066994229,0.6089840898115318
E18a,0,9500,3,1.3459145534618278,0.6529624273717132,0.4851440425339247
E18a,0,9500,4,1.4703517418326946,0.7163586387220067,0.4872022240264182
E18a,0,9500,5,1.6272152580670882,0.6711044519673919,0.4124251223925796
E18a,0,9500,6,1.664298925801658,0.6026889711212375,0.36212783760040873
E18a,0,9500,7,1.7443921501414097,0.7096475831173995,0.40681654240411
E18a,0,9500,8,1.8496901813337794,0.7113713151285338,0.3845894422251711
E18a,0,9500,9,1.9929887881385653,0.6352454845629649,0.3187401195348815
E18a,0,9500,10,2.0811221667184214,0.6191879511898682,0.2975259987577871
E18a,0,9500,11,2.1536058234558992,0.7571970129322457,0.3515949876645341
E18a,0,9500,12,2.1085570492193084,0.7494276048779567,0.3554220196012395
E18a,0,9500,13,2.15801169792338,0.6737776028354607,0.31222147844880827
E18a,0,9500,14,2.227420805824452,0.7135691393670656,0.32035668226729475
E18a,0,9500,15,2.238404125851134,0.7469230537436854,0.33368552403810203
E18a,0,10000,0,0.7698532346041119,0.7321595701871403,0.951037856668414
E18a,0,10000,1,1.0095679706252099,0.7460219498705275,0.7389516818848043
E18a,0,10000,2,1.2385064429191246,0.7461100891255305,0.6024272973235166
E18a,0,10000,3,1.344421606808056,0.6489544187650247,0.482701568822433
E18a,0,10000,4,1.4710964910358664,0.7180316671632742,0.488092841998199
E18a,0,10000,5,1.6317705415483321,0.6578907144607591,0.40317599669161125
E18a,0,10000,6,1.6689524407360659,0.604283441572205,0.362073494021013
E18a,0,10000,7,1.748295707501731,0.7011273265078273,0.4010347468676909
E18a,0,10000,8,1.846280945496577,0.7039906189079357,0.3813020009902068
E18a,0,10000,9,1.984354803360935,0.6335749155051854,0.31928509681438466
E18a,0,10000,10,2.0751663657975636,0.6241102435236197,0.30075190780366706
E18a,0,10000,11,2.1490738200516972,0.7670058645993261,0.3569006599228291
E18a,0,10000,12,2.099877932618695,0.7425744486435915,0.3536274357231561
E18a,0,10000,13,2.137858254580358,0.6680132615188273,0.3124684529891586
E18a,0,10000,14,2.2047488456322037,0.713457076768826,0.3236001588943999
E18a,0,10000,15,2.2198125805904296,0.7498078949954591,0.3377798204909821
E18a,0,10500,0,0.7716636743973306,0.7418043975556768,0.9613053227301727
E18a,0,10500,1,1.0143922526427394,0.7435036290053909,0.732954758939042
E18a,0,10500,2,1.2417319666275726,0.74459183016983,0.599639737222898
E18a,0,10500,3,1.3450742730718064,0.6477445660906453,0.48156787997391554
E18a,0,10500,4,1.474798215285663,0.717841043260667,0.4867384811159565
E18a,0,10500,5,1.6393608871088279,0.6586969786718488,0.40180108227025285
E18a,0,10500,6,1.6694638872716592,0.6154391394485691,0.3686447752124532
E18a,0,10500,7,1.7467568452364397,0.6988646013918713,0.40009266504249685
E18a,0,10500,8,1.8512575493930308,0.7002237773264129,0.3782422265102953
E18a,0,10500,9,1.9867688299868764,0.6342353724171418,0.319229576609238
E18a,0,10500,10,2.0660889119635963,0.623622726497301,0.3018373134313055
E18a,0,10500,11,2.1368419323947165,0.7785898639424722,0.3643647441296334
E18a,0,10500,12,2.096361767380501,0.7305068164305819,0.3484640999455849
E18a,0,10500,13,2.135083120824499,0.6574916334746927,0.30794662140403745
E18a,0,10500,14,2.1982256539079588,0.7187418079724042,0.32696452554570105
E18a,0,10500,15,2.2098913486626675,0.7446088125020257,0.33694362980905435
E18a,0,11000,0,0.7714776690106147,0.7405015076084557,0.959848272158176
E18a,0,11000,1,1.0134658400898608,0.747448981113096,0.7375176858914376
E18a,0,11000,2,1.2430257650405163,0.7424448751539662,0.5972884038568309
E18a,0,11000,3,1.3391823009584198,0.6472311992754495,0.4833032805259165
E18a,0,11000,4,1.4675165607825562,0.7120154707970201,0.4851839426039161
E18a,0,11000,5,1.6327336566427941,0.6511549393995808,0.3988127131148121
E18a,0,11000,6,1.6593865382211723,0.6141064917234683,0.37008043489480014
E18a,0,11000,7,1.7429992606704974,0.7011896890049344,0.4022891488406028
E18a,0,11000,8,1.8485837962341811,0.6894151807930288,0.372942347648758
E18a,0,11000,9,1.983011694611333,0.6394207609033536,0.322449314162355
E18a,0,11000,10,2.0670768818496796,0.6184186075358202,0.2991754264033186
E18a,0,11000,11,2.142888168086522,0.7666801493088335,0.3577788895971345
E18a,0,11000,12,2.096426982996283,0.7313013465204925,0.34883225242373683
E18a,0,11000,13,2.1322482077393987,0.6620405631830675,0.3104894452625477
E18a,0,11000,14,2.1876962773293984,0.7228645251669565,0.33042270659681516
E18a,0,11000,15,2.211272406324603,0.7539641349964997,0.3409639322771985
E18a,0,11500,0,0.7738068546205206,0.7385390478040232,0.954422984746248
E18a,0,11500,1,1.0141918278940492,0.7614474174530307,0.7507923023144076
E18a,0,11500,2,1.2507376318502346,0.7529841966572945,0.6020320948873937
E18a,0,11500,3,1.348813256755532,0.6420735466777424,0.4760284965038093
E18a,0,11500,4,1.4745717359994908,0.7142179020830298,0.4843561589080102
E18a,0,11500,5,1.647727844236612,0.6512984149478148,0.3952706250767764
E18a,0,11500,6,1.669019145436544,0.6076590604950234,0.3640815398412256
E18a,0,11500,7,1.7426118465432654,0.6959754574145921,0.3993863916368782
E18a,0,11500,8,1.8387391405166342,0.7006724329172694,0.38106135746933634
E18a,0,11500,9,1.9742310964912062,0.6316453224713618,0.3199449768540181
E18a,0,11500,10,2.0528400971448932,0.6225519107399786,0.3032637133334588
E18a,0,11500,11,2.12926797362187,0.7820189087964169,0.36727124931401106
E18a,0,11500,12,2.0843931944714345,0.7414603088172056,0.35571998161566964
E18a,0,11500,13,2.118059867654433,0.657082691926486,0.31022857378160323
E18a,0,11500,14,2.1747112538315228,0.7235431414111426,0.3327076825193991
E18a,0,11500,15,2.1998007034856135,0.7516424220867842,0.3416865995614043
E18a,0,12000,0,0.7739735187159088,0.7443262508045797,0.9616947257310346
E18a,0,12000,1,1.0216039139905977,0.7583800307599962,0.7423425266624183
E18a,0,12000,2,1.2475484587617753,0.7458188434372984,0.5978275538711685
E18a,0,12000,3,1.3425824012965217,0.6356923198277357,0.47348477025607694
E18a,0,12000,4,1.46497222088633,0.7115905726135758,0.4857365637848429
E18a,0,12000,5,1.6429683608869274,0.6570051701950863,0.3998891188874834
E18a,0,12000,6,1.6603381697102788,0.5944167037895509,0.35800941918553486
E18a,0,12000,7,1.7318655801475753,0.7036077985430086,0.4062715990250542
E18a,0,12000,8,1.8226074295616335,0.7046427721248849,0.3866124765519928
E18a,0,12000,9,1.958160160854588,0.6297435548631298,0.32159961552291755
E18a,0,12000,10,2.0360087787385726,0.6310894748668631,0.30996402444682003
E18a,0,12000,11,2.112761789334827,0.7737363587087003,0.3662203484626159
E18a,0,12000,12,2.072685981680231,0.7377576870837971,0.3559428170039201
E18a,0,12000,13,2.1120767787987123,0.6521632472660359,0.30877819112095317
E18a,0,12000,14,2.151909890511795,0.7183403960847553,0.3338152769556305
E18a,0,12000,15,2.1824464568224236,0.7459150777226627,0.3417793253946274
E18a,1,0,0,0.7540337712597609,0.7116535386445352,0.9437953123181456
E18a,1,0,1,1.008411201427227,0.7979933074793036,0.7913372108023847
E18a,1,0,2,1.305423162159696,0.819028340452332,0.627404480166668
E18a,1,0,3,1.4709065304231874,0.7615384428973297,0.5177340824492983
E18a,1,0,4,1.6691666078052796,0.6712912359778826,0.4021714985423394
E18a,1,0,5,1.873317337120698,0.6948625298320518,0.3709262259324736
E18a,1,0,6,1.9499102626154154,0.6433287280031357,0.3299273511901202
E18a,1,0,7,1.962965539023237,0.7536638882296509,0.3839414769373235
E18a,1,0,8,2.150026381657477,0.5987158701795151,0.27846908079237565
E18a,1,0,9,2.262625828717737,0.6236612794596945,0.27563606476336056
E18a,1,0,10,2.264941682258209,0.691700817718169,0.30539453758850177
E18a,1,0,11,2.294359804603384,0.7988541568482935,0.3481817260071761
E18a,1,0,12,2.3795203203193593,0.6683862931738687,0.2808911894831658
E18a,1,0,13,2.4953036389066816,0.6710360634313999,0.2689196027964816
E18a,1,0,14,2.612619843712918,0.6676736764779061,0.255557148157094
E18a,1,0,15,2.6315506220157285,0.8057442266594954,0.30618610180575107
E18a,1,500,0,0.7568622276007286,0.6835780014234567,0.903173624597987
E18a,1,500,1,0.9872820001967939,0.7820273861593254,0.7921013307276388
E18a,1,500,2,1.271540800122133,0.7974753159875845,0.6271724162614255
E18a,1,500,3,1.4188025989514839,0.756032357106159,0.5328664873216881
E18a,1,500,4,1.5944982988947176,0.6881380450875699,0.43157025978928726
E18a,1,500,5,1.7847414271863096,0.7211868538202729,0.4040847838430256
E18a,1,500,6,1.8994115984996907,0.6293149795614003,0.3313210154441956
E18a,1,500,7,1.9416628042311066,0.730244669919791,0.3760924236322104
E18a,1,500,8,2.112166544628353,0.6215541479361173,0.29427326624259315
E18a,1,500,9,2.2632164370259353,0.6488455815382794,0.286691794440535
E18a,1,500,10,2.288251477926622,0.6777151713448443,0.29617163055824614
E18a,1,500,11,2.3180025471059476,0.8110915476141423,0.3499096878158306
E18a,1,500,12,2.404658744280958,0.6662104627452213,0.2770498992132174
E18a,1,500,13,2.495577574547233,0.6728017254809655,0.26959760030822943
E18a,1,500,14,2.6043717433732345,0.6615402738015275,0.2540114618755183
E18a,1,500,15,2.6091377132516436,0.8318372593695784,0.31881692374638954
E18a,1,1000,0,0.7533677123603467,0.6625453032726282,0.8794447816151206
E18a,1,1000,1,0.9857133251962172,0.7576447770763829,0.7686258851431934
E18a,1,1000,2,1.248649451732229,0.7835904485545984,0.6275503885157979
E18a,1,1000,3,1.3708370544304707,0.7480680538684183,0.5457016583048314
E18a,1,1000,4,1.5373543062641817,0.669225797955518,0.43531006172660175
E18a,1,1000,5,1.7106621287801977,0.6952447335182026,0.4064184983237764
E18a,1,1000,6,1.808038161824355,0.6540820511350351,0.36176341016776453
E18a,1,1000,7,1.8918050194110185,0.7218892874518916,0.38158757379586594
E18a,1,1000,8,2.029400908842483,0.6344121805408358,0.3126105727934693
E18a,1,1000,9,2.181545547812824,0.6586087331050702,0.3019000606085804
E18a,1,1000,10,2.2044935981995364,0.6768852884436137,0.30704797192264127
E18a,1,1000,11,2.2458901408490726,0.8111559402208455,0.361173472142401
E18a,1,1000,12,2.3478532173044386,0.6632880464661726,0.28250831081667493
E18a,1,1000,13,2.3974787315364305,0.6786044785651719,0.28304921734604355
E18a,1,1000,14,2.5009923209851337,0.6830987540032267,0.2731310881171183
E18a,1,1000,15,2.507201925881514,0.8350288067759196,0.33305207616348237
E18a,1,1500,0,0.7513669044176414,0.6448551798953942,0.8582427254966722
E18a,1,1500,1,0.9847323933989448,0.7517867266354131,0.7634426689676711
E18a,1,1500,2,1.2170027479896015,0.7590553066852049,0.6237087861462172
E18a,1,1500,3,1.3219387208002689,0.7447304893671023,0.5633623386992257
E18a,1,1500,4,1.4959699956416128,0.6653510807419847,0.4447623165440691
E18a,1,1500,5,1.6537557750882406,0.6854311504761494,0.4144693919146413
E18a,1,1500,6,1.7643934991963746,0.6782883676152068,0.3844314592658303
E18a,1,1500,7,1.8744603640865942,0.6924289061136529,0.3694017325626763
E18a,1,1500,8,1.976292528291731,0.6317002972625828,0.3196390656845787
E18a,1,1500,9,2.113372431777666,0.6844579179734818,0.3238699945554552
E18a,1,1500,10,2.1390273613076927,0.6684280912505968,0.3124916040540752
E18a,1,1500,11,2.1612466980943217,0.7897904838587081,0.3654328238211332
E18a,1,1500,12,2.258394789949314,0.6666618580291409,0.2951927895848994
E18a,1,1500,13,2.3011548551078453,0.6934794621190964,0.3013614927217038
E18a,1,1500,14,2.3876737815684583,0.7061435016952855,0.29574538496269
E18a,1,1500,15,2.3937687572440995,0.827777754138688,0.3458052293621264
E18a,1,2000,0,0.7549196546418571,0.6485614379896857,0.8591131970161394
E18a,1,2000,1,0.995083250079881,0.7442657399559158,0.7479431895735049
E18a,1,2000,2,1.2169995569322023,0.7474473044096801,0.6141722075017317
E18a,1,2000,3,1.3119102164778258,0.751570894457641,0.5728828733992439
E18a,1,2000,4,1.4829578016914984,0.6699718717334493,0.4517808065538094
E18a,1,2000,5,1.6454522590648704,0.6948087087397572,0.4222600229888317
E18a,1,2000,6,1.7605499907353064,0.6742569651120635,0.38298086885363314
E18a,1,2000,7,1.8521959136792994,0.674074780633109,0.3639327652408494
E18a,1,2000,8,1.9462411524691867,0.6263183922964041,0.32180924316691023
E18a,1,2000,9,2.065687879899914,0.6947262101505542,0.3363171255979945
E18a,1,2000,10,2.1000042160441716,0.671465077655487,0.31974463314190005
E18a,1,2000,11,2.1164626948116343,0.7851228743547987,0.3709599400355482
E18a,1,2000,12,2.2072357105726437,0.6703695525928464,0.3037145282589353
E18a,1,2000,13,2.2499802675895304,0.6961033414481785,0.3093819761334771
E18a,1,2000,14,2.3373309855478923,0.7229509001543716,0.3093061721358668
E18a,1,2000,15,2.3446383158693864,0.8136961656744436,0.3470454953188492
E18a,1,2500,0,0.7549096218361376,0.6422399245481065,0.8507507468059701
E18a,1,2500,1,0.988982337467255,0.7412569943580771,0.7495148965515473
E18a,1,2500,2,1.2106803664745516,0.7512240227195792,0.62049740255317
E18a,1,2500,3,1.299528656694403,0.7172845896807666,0.551957500887526
E18a,1,2500,4,1.462548438054835,0.6643516951007583,0.45424252477021204
E18a,1,2500,5,1.615265615878812,0.6905496665943445,0.4275146203856011
E18a,1,2500,6,1.7241729244954858,0.6759651035935885,0.3920518029195849
E18a,1,2500,7,1.8273676421960299,0.6667712195686429,0.3648807192226267
E18a,1,2500,8,1.916025985103008,0.6204641949847118,0.3238286953354419
E18a,1,2500,9,2.035142101683834,0.6994203754184457,0.3436715179936379
E18a,1,2500,10,2.068498369062452,0.6745381745452589,0.32610041401724366
E18a,1,2500,11,2.089345985848634,0.7620544414899147,0.3647334843780742
E18a,1,2500,12,2.1752040512874773,0.6754509385462761,0.3105230234131298
E18a,1,2500,13,2.2186628807778623,0.7017266434185925,0.31628358210624924
E18a,1,2500,14,2.303097968131541,0.7474822879656452,0.3245551419473759
E18a,1,2500,15,2.3097343255253255,0.8083702964913588,0.3499841031749412
E18a,1,3000,0,0.7553315908328885,0.6413461003453821,0.8490921181228274
E18a,1,3000,1,0.9919735732977369,0.7377425447048516,0.7437118937072944
E18a,1,3000,2,1.2077096970575663,0.7535817767486338,0.6239759261556329
E18a,1,3000,3,1.2906116453572167,0.7256856246034773,0.5622803941170245
E18a,1,3000,4,1.4583676079426109,0.673214295360734,0.4616218103681483
E18a,1,3000,5,1.6147897964795077,0.6855613770030247,0.42455146700682334
E18a,1,3000,6,1.7234230518622877,0.6768373250084496,0.3927284854853695
E18a,1,3000,7,1.820430148254229,0.6557866747136766,0.36023720841064305
E18a,1,3000,8,1.8941857612922572,0.6104950409468117,0.32229945627419243
E18a,1,3000,9,2.003867678305005,0.7191542607404761,0.3588831081644977
E18a,1,3000,10,2.045712053908245,0.675221608771782,0.33006678896074354
E18a,1,3000,11,2.062528955346175,0.7612565465487916,0.36908890155242563
E18a,1,3000,12,2.153029283622454,0.6715770280866801,0.3119219200571008
E18a,1,3000,13,2.1964548971147844,0.696097033975897,0.31691842836849277
E18a,1,3000,14,2.2807174780012267,0.7390988688703268,0.324064192956533
E18a,1,3000,15,2.286887532741125,0.7970933955323781,0.34854945165447665
E18a,1,3500,0,0.7544179520967872,0.644226626817408,0.8539386225193615
E18a,1,3500,1,0.9950078805177383,0.7371086516636387,0.7408068479619424
E18a,1,3500,2,1.2126059501630806,0.7592742847281219,0.6261508816000851
E18a,1,3500,3,1.2935455107590437,0.716189164841878,0.5536636777639335
E18a,1,3500,4,1.45458063448296,0.6749962384565896,0.464048690361206
E18a,1,3500,5,1.6150082225848004,0.6806709819251491,0.4214659544183272
E18a,1,3500,6,1.723438812505771,0.6853105179357912,0.39764133949112657
E18a,1,3500,7,1.8188355273086771,0.6421598875186814,0.35306099857686557
E18a,1,3500,8,1.8767449804083942,0.6086232836442408,0.3242972753345527
E18a,1,3500,9,1.9796478996414253,0.7236650386487711,0.36555239887853236
E18a,1,3500,10,2.027118847165672,0.6858935295674458,0.33835881429767456
E18a,1,3500,11,2.0476235571494086,0.7579236678611274,0.370147952837712
E18a,1,3500,12,2.126639993562617,0.6750444127520155,0.31742298404778846
E18a,1,3500,13,2.1628982688415284,0.6975908443014859,0.32252596173888615
E18a,1,3500,14,2.251174300673394,0.7605344023984684,0.33783896794262874
E18a,1,3500,15,2.260396704501237,0.7895687151635625,0.3493053735175141
E18a,1,4000,0,0.7559318500209083,0.6467965982416423,0.8556281868845088
E18a,1,4000,1,1.0042190768666877,0.7329340014291756,0.729854688397315
E18a,1,4000,2,1.215770307637194,0.7660901305088673,0.6301273568670517
E18a,1,4000,3,1.296528253546194,0.7117090316471143,0.5489344560756669
E18a,1,4000,4,1.449240568026162,0.6747841700727479,0.46561225579807713
E18a,1,4000,5,1.6152791763260541,0.6785581019921811,0.4200871972704798
E18a,1,4000,6,1.7183448250691697,0.6802054024195286,0.3958491872503808
E18a,1,4000,7,1.8122635741581474,0.6361813110353811,0.35104237601360333
E18a,1,4000,8,1.8636616113808746,0.609818369346815,0.32721517984961435
E18a,1,4000,9,1.9720093130514529,0.7214740302732603,0.36585731390733844
E18a,1,4000,10,2.018640270981809,0.690316273144288,0.34197092125212475
E18a,1,4000,11,2.03098480551138,0.7565155532347367,0.37248705710737917
E18a,1,4000,12,2.110361919060977,0.6788789410855514,0.3216883961721714
E18a,1,4000,13,2.158345943262583,0.6891446247033928,0.3192929413630852
E18a,1,4000,14,2.2374310138503257,0.7803295920470465,0.34876140860504184
E18a,1,4000,15,2.2550120354325816,0.7742407402026785,0.34334217646610254
E18a,1,4500,0,0.7553673588383731,0.6523515947959265,0.8636216367611286
E18a,1,4500,1,1.0045008624406344,0.734934184482576,0.7316411682284746
E18a,1,4500,2,1.2232614251020477,0.7709753638382368,0.6302621402239673
E18a,1,4500,3,1.3023842083043475,0.7096729535586539,0.5449029165384459
E18a,1,4500,4,1.4487875152527199,0.6808682634635743,0.46995729621869825
E18a,1,4500,5,1.614668557218432,0.6791649185673335,0.4206218765647619
E18a,1,4500,6,1.717854866765947,0.6925418092603317,0.4031433752981233
E18a,1,4500,7,1.8169965031608133,0.6364592001189113,0.35028091634284314
E18a,1,4500,8,1.8700816378275864,0.6060505474324116,0.32407705373570805
E18a,1,4500,9,1.9695702089425842,0.7312802791316408,0.3712892669737567
E18a,1,4500,10,2.0204278943922622,0.702471050282431,0.3476842960999268
E18a,1,4500,11,2.0307363228078037,0.7407861473260217,0.36478696865074606
E18a,1,4500,12,2.11604951937652,0.6717611257026743,0.3174600213990287
E18a,1,4500,13,2.157303474135419,0.6891195331189784,0.31943560161147766
E18a,1,4500,14,2.2393282912215415,0.7881434909656141,0.35195531358900756
E18a,1,4500,15,2.2574948199884064,0.7621470584102487,0.3376074450590158
E18a,1,5000,0,0.7606512281642342,0.6465925681371576,0.8500513036673228
E18a,1,5000,1,1.0059665835285074,0.7442776534355156,0.7398631978657807
E18a,1,5000,2,1.2299598928586342,0.7767094754004282,0.6314917095347105
E18a,1,5000,3,1.312785733647713,0.714855330039548,0.5445331341720537
E18a,1,5000,4,1.4659562892652953,0.6782873346562727,0.46269274167527547
E18a,1,5000,5,1.6273701804714549,0.6893628500754975,0.4236054330771789
E18a,1,5000,6,1.733491356735588,0.6965802309335775,0.40183657577926296
E18a,1,5000,7,1.8395789672203255,0.631895721941051,0.34350018846751096
E18a,1,5000,8,1.8876395328196178,0.6121739086561249,0.3243065733751106
E18a,1,5000,9,1.9876654184524285,0.7351285124965431,0.36984519913261105
E18a,1,5000,10,2.043573277095638,0.703697871078491,0.3443467767784666
E18a,1,5000,11,2.0464945908212817,0.7637283441949662,0.37318854768556864
E18a,1,5000,12,2.127288061166495,0.6701114797905778,0.31500739933787963
E18a,1,5000,13,2.16550656720331,0.6832732713510223,0.3155258366329733
E18a,1,5000,14,2.2521381597001215,0.7789909595593635,0.34588950780137234
E18a,1,5000,15,2.262846681958962,0.7739930635321881,0.3420439704125854
E18a,1,5500,0,0.7597921306669133,0.6479478084455815,0.8527961560707933
E18a,1,5500,1,1.0060319265933244,0.7401440245617386,0.7357062981768892
E18a,1,5500,2,1.230006242643548,0.78893062451497,0.6414037564715024
E18a,1,5500,3,1.3089420212008256,0.7095255610198637,0.5420603430310411
E18a,1,5500,4,1.45890230015252,0.6744358867004282,0.4622899604928443
E18a,1,5500,5,1.6144587540812918,0.6881643247775459,0.4262507933621048
E18a,1,5500,6,1.7160912919070344,0.6999725292118065,0.40788769951390563
E18a,1,5500,7,1.8279784251480735,0.6173120441499506,0.33770204049314523
E18a,1,5500,8,1.8757972300131722,0.6146394290053154,0.32766837436954704
E18a,1,5500,9,1.9848724352139107,0.7520281430795746,0.3788798361737177
E18a,1,5500,10,2.0488126468436603,0.700285094002927,0.34180045456170205
E18a,1,5500,11,2.0513355524366452,0.7526288421765139,0.3668969912223849
E18a,1,5500,12,2.123800292707629,0.689805999161878,0.32479795841936043
E18a,1,5500,13,2.1632364780520565,0.6786534646735307,0.3137213483403544
E18a,1,5500,14,2.2516070078139245,0.7984947355353502,0.3546332609395302
E18a,1,5500,15,2.2655970880524485,0.7662989852007951,0.3382326845500674
E18a,1,6000,0,0.76197500986778,0.6441251309949166,0.8453362940428808
E18a,1,6000,1,1.0044237087506507,0.7452261006628466,0.7419439566891484
E18a,1,6000,2,1.2330588047478406,0.7912866450067167,0.6417266086255587
E18a,1,6000,3,1.3118211601070344,0.7084339805536044,0.5400385373382769
E18a,1,6000,4,1.4608573467465653,0.6667743257383222,0.45642671902446647
E18a,1,6000,5,1.61328774141089,0.6943764467549729,0.4304107871964059
E18a,1,6000,6,1.723187637822803,0.6921799355781189,0.4016857598007538
E18a,1,6000,7,1.8360432283791566,0.6130373738913708,0.3338904903848887
E18a,1,6000,8,1.8897972187586412,0.6220565275869613,0.32916575461761666
E18a,1,6000,9,2.0034155652806875,0.7541670794856875,0.3764406609170102
E18a,1,6000,10,2.063105596545149,0.6940717591508146,0.33642086004376054
E18a,1,6000,11,2.066872990494824,0.773073785532269,0.37403061972723817
E18a,1,6000,12,2.1412712202200415,0.6813075737587259,0.3181790178306853
E18a,1,6000,13,2.1645710932210087,0.6856731623459773,0.3167709134125299
E18a,1,6000,14,2.257743218440638,0.7824337169138473,0.34655567139927146
E18a,1,6000,15,2.2647327120523792,0.7600114338196915,0.3355854886429149
E18a,1,6500,0,0.7595635473624669,0.6417125438603247,0.8448437870519566
E18a,1,6500,1,1.003111834014318,0.7362481354969329,0.7339641608558912
E18a,1,6500,2,1.2328515418737698,0.7929272850078347,0.6431652620579856
E18a,1,6500,3,1.3114211386267969,0.7189400934845528,0.5482145073834654
E18a,1,6500,4,1.462252051909658,0.6584141297654259,0.45027403374511016
E18a,1,6500,5,1.615416638935026,0.6944396072745341,0.4298826634176233
E18a,1,6500,6,1.7241940245037464,0.6892080788706905,0.39972768091981803
E18a,1,6500,7,1.8488955783171093,0.6113690615838632,0.3306671662551867
E18a,1,6500,8,1.9018740183913851,0.6158171645441732,0.32379492994232845
E18a,1,6500,9,2.0075834262948327,0.7565535978467128,0.3768478997871572
E18a,1,6500,10,2.0694518457934006,0.6967486280397693,0.33668269665518363
E18a,1,6500,11,2.0739480152924967,0.7794469709875698,0.3758276317632973
E18a,1,6500,12,2.1446829155378597,0.6914738873919108,0.3224131093609695
E18a,1,6500,13,2.1704586380190354,0.6854068644443938,0.31578895466534235
E18a,1,6500,14,2.269885507349277,0.7748171863887573,0.3413463735858519
E18a,1,6500,15,2.275595578051075,0.7566498340015594,0.3325062859585925
E18a,1,7000,0,0.7647298969134191,0.640417607041061,0.8374428796701897
E18a,1,7000,1,1.0058340032841517,0.7314921593239049,0.7272493840290819
E18a,1,7000,2,1.2319551963710065,0.792573860370776,0.6433463349198703
E18a,1,7000,3,1.309817443363744,0.7206744884713783,0.5502098724694131
E18a,1,7000,4,1.459356684377453,0.6653726674246307,0.4559356013149534
E18a,1,7000,5,1.6130150211760093,0.6979314868720183,0.4326875309339486
E18a,1,7000,6,1.7226919968220558,0.6849135354096748,0.3975832805128092
E18a,1,7000,7,1.8485348015120378,0.6074004231771283,0.3285847919553885
E18a,1,7000,8,1.8893783209453199,0.6140577938834472,0.3250052078380011
E18a,1,7000,9,1.9901883044288782,0.7615304146649894,0.38264239266722294
E18a,1,7000,10,2.0621607618309628,0.6932766886155526,0.33618944819801644
E18a,1,7000,11,2.0709146570209214,0.768406695798015,0.37104701209821617
E18a,1,7000,12,2.1442365188569017,0.6968637343157408,0.3249938745970247
E18a,1,7000,13,2.170964962652114,0.688186322851595,0.3169955916796034
E18a,1,7000,14,2.27306063068588,0.7829267349264122,0.34443724217341687
E18a,1,7000,15,2.2814364507553364,0.7538743099329828,0.330438443588201
E18a,1,7500,0,0.7617179227627368,0.6440821360003043,0.8455651583780914
E18a,1,7500,1,1.002593408693754,0.7444712995188176,0.7425455753681492
E18a,1,7500,2,1.2341543230897019,0.799912184237737,0.6481459970380035
E18a,1,7500,3,1.3193721326026522,0.7135181729351963,0.5408013063969136
E18a,1,7500,4,1.4710857515087505,0.6666833221626672,0.4531913394436147
E18a,1,7500,5,1.6281189613534484,0.6979305518855667,0.4286729461742648
E18a,1,7500,6,1.7331933673121414,0.6767348746716986,0.3904554952925926
E18a,1,7500,7,1.8524538829201687,0.6075363949709525,0.32796303355916484
E18a,1,7500,8,1.8861115905667387,0.6098499532111449,0.3233371536770511
E18a,1,7500,9,1.986636018106559,0.767592038301013,0.386377792059059
E18a,1,7500,10,2.0560678515292015,0.6896757990450593,0.33543435764151097
E18a,1,7500,11,2.05690486567833,0.7625499287062877,0.3707268826236222
E18a,1,7500,12,2.1307712113715573,0.6909823610616841,0.3242874492456209
E18a,1,7500,13,2.171950855380042,0.6813198738475246,0.3136902808642551
E18a,1,7500,14,2.2743171606296064,0.782639434058952,0.3441206211724188
E18a,1,7500,15,2.2890374290771813,0.768100256970463,0.3355560058623071
E18a,1,8000,0,0.7647609199523098,0.6382411511106111,0.8345629783886075
E18a,1,8000,1,1.0029723678614835,0.7413061513854472,0.7391092468140917
E18a,1,8000,2,1.2366989340803518,0.8022014847357385,0.6486635207883321
E18a,1,8000,3,1.3173977489240507,0.7176395140512705,0.5447402006245898
E18a,1,8000,4,1.4730919594324372,0.6687265888993874,0.45396119679930835
E18a,1,8000,5,1.6300814765399072,0.7067138638188865,0.4335451166030012
E18a,1,8000,6,1.7402316677019027,0.6732576278041635,0.3868781612813926
E18a,1,8000,7,1.8623141828827274,0.6117809699447022,0.32850577822358074
E18a,1,8000,8,1.8922986282852896,0.6082296504634941,0.3214237126064202
E18a,1,8000,9,1.98656642631611,0.7584806340260833,0.3818048185947702
E18a,1,8000,10,2.0546152622500777,0.699599915908101,0.34050166411299104
E18a,1,8000,11,2.0519305526883596,0.7557521810048315,0.3683127482139561
E18a,1,8000,12,2.121252030690035,0.6914692800930212,0.32597224190662955
E18a,1,8000,13,2.1555836939450663,0.6689722794921296,0.31034391351690094
E18a,1,8000,14,2.26010448083517,0.768206095804251,0.3398984880205087
E18a,1,8000,15,2.2793197466009,0.7696383712662437,0.3376614327208759
E18a,1,8500,0,0.7654840530731881,0.6379409497516723,0.8333824162509086
E18a,1,8500,1,0.9995426137592204,0.7403183446879841,0.7406571110597183
E18a,1,8500,2,1.2307820603540764,0.7984861574378229,0.6487632401857654
E18a,1,8500,3,1.308297855783473,0.7167896678897832,0.5478795709410792
E18a,1,8500,4,1.4577592271930573,0.6655937732221114,0.45658690461779805
E18a,1,8500,5,1.6138776289836805,0.6995250995892313,0.43344370541262695
E18a,1,8500,6,1.7277383716146237,0.6812165933285705,0.39428226201398364
E18a,1,8500,7,1.8460316139071418,0.6132726950222598,0.3322113718975066
E18a,1,8500,8,1.8824817966235607,0.6071287107933866,0.3225150500165999
E18a,1,8500,9,1.9791225246910258,0.7587183143604215,0.38336096168622513
E18a,1,8500,10,2.046489053196962,0.6977279622483584,0.34093901511879054
E18a,1,8500,11,2.046718485814668,0.751283339074564,0.36706725633326465
E18a,1,8500,12,2.1163886700270345,0.7032909796784773,0.33230709918206736
E18a,1,8500,13,2.1546819112764926,0.6749331918399865,0.31324029236414647
E18a,1,8500,14,2.271164887240025,0.7789812570547846,0.34298753975605073
E18a,1,8500,15,2.299233705470564,0.7662414131313616,0.33325947306193554
E18a,1,9000,0,0.7641015050419632,0.6371609867684791,0.83386956126135
E18a,1,9000,1,1.0029866413588773,0.7423757503221637,0.7401651424951883
E18a,1,9000,2,1.2312256100831251,0.7968743041209895,0.6472203774799561
E18a,1,9000,3,1.3100255073771618,0.7154126929124035,0.5461059260935697
E18a,1,9000,4,1.4565586973341096,0.6695833826143907,0.4597022995639699
E18a,1,9000,5,1.617939484330163,0.7025965388218598,0.4342539048132193
E18a,1,9000,6,1.734325270173129,0.6789775649839757,0.39149378531294576
E18a,1,9000,7,1.8513120260383897,0.6177301791784384,0.3336715639990278
E18a,1,9000,8,1.8866576838179083,0.5985576203318964,0.31725819976024144
E18a,1,9000,9,1.9841772825761541,0.7699142733041006,0.38802695709956087
E18a,1,9000,10,2.0498611019315027,0.6961995920114183,0.3396325689362158
E18a,1,9000,11,2.052865966102926,0.7585408913429287,0.36950336937141137
E18a,1,9000,12,2.1178124562601197,0.7008166760629829,0.3309153622132182
E18a,1,9000,13,2.1526021466831997,0.6760976289081789,0.314083877482856
E18a,1,9000,14,2.2713369765602187,0.7949005014795036,0.349970308097271
E18a,1,9000,15,2.311100125242502,0.7600369186605924,0.32886369152043654
E18a,1,9500,0,0.7641125400408189,0.634018874081797,0.8297454116482995
E18a,1,9500,1,1.000095397592151,0.7455070958245977,0.7454359830267143
E18a,1,9500,2,1.233556485119394,0.7997858165624168,0.6483576765315345
E18a,1,9500,3,1.310644942627165,0.7176383536970427,0.5475459679099277
E18a,1,9500,4,1.4514353011769952,0.6719241430843331,0.4629377158867899
E18a,1,9500,5,1.6142026130327516,0.7100997037311112,0.43990741806382117
E18a,1,9500,6,1.732078336306907,0.6805324062094835,0.39289932328378246
E18a,1,9500,7,1.8594297768209416,0.6274568463566375,0.33744584182651816
E18a,1,9500,8,1.8898288418194356,0.589270436430914,0.3118115373155132
E18a,1,9500,9,1.9870992575601214,0.7674002259274033,0.3861911894978326
E18a,1,9500,10,2.0479177285222607,0.6918644015014006,0.3378379862948093
E18a,1,9500,11,2.0441157453896257,0.7523860917759955,0.36807411394044337
E18a,1,9500,12,2.1042815446792225,0.6945461155453149,0.33006330227127084
E18a,1,9500,13,2.135960726285455,0.6580574818117229,0.3080850100442242
E18a,1,9500,14,2.2481285377787152,0.7774735124239247,0.34583143239314723
E18a,1,9500,15,2.283653747780462,0.7620129130575967,0.33368145840770097
E18a,1,10000,0,0.7634378900838171,0.6203226470784072,0.8125384594289689
E18a,1,10000,1,0.99010318089025,0.7413493951790653,0.7487597348313556
E18a,1,10000,2,1.2194869484933244,0.7939365845342096,0.6510414773320189
E18a,1,10000,3,1.3077266232023306,0.7286905186138339,0.5572193038552916
E18a,1,10000,4,1.4550891314183552,0.6803885872260357,0.4675923780441021
E18a,1,10000,5,1.6183648118312273,0.7120021243104396,0.43995156043017786
E18a,1,10000,6,1.7288954372912162,0.6976809085494697,0.40354141349495154
E18a,1,10000,7,1.8658661735583122,0.6217712592997255,0.333234648931961
E18a,1,10000,8,1.8948201631434278,0.5866063241579094,0.3095841682330179
E18a,1,10000,9,1.988244849163268,0.7651414970515764,0.3848326313399369
E18a,1,10000,10,2.055848337530595,0.692993783810743,0.33708409864666383
E18a,1,10000,11,2.0556750732174924,0.7588715404773769,0.3691592851245745
E18a,1,10000,12,2.1179180617077433,0.7001257671947573,0.33057264105402834
E18a,1,10000,13,2.1542025178238338,0.6596314618632791,0.3062068010809105
E18a,1,10000,14,2.2611915540913983,0.783804117417535,0.3466332235317793
E18a,1,10000,15,2.292276183632131,0.7522208579867126,0.3281545493330617
E18a,1,10500,0,0.7606588226974033,0.6190228277138512,0.8137982617735362
E18a,1,10500,1,0.9919259207164506,0.7430789395614119,0.7491274540186419
E18a,1,10500,2,1.2232462965080468,0.7924294879284873,0.6478086140057032
E18a,1,10500,3,1.3109127289887124,0.7178264176973692,0.5475775784488168
E18a,1,10500,4,1.4560280027648438,0.6856599096796473,0.47091121075807013
E18a,1,10500,5,1.6189445772535977,0.709563331363068,0.43828759880513146
E18a,1,10500,6,1.7268695368594227,0.7026306617183836,0.4068811492246399
E18a,1,10500,7,1.8675978594755631,0.634108934301583,0.3395318382296958
E18a,1,10500,8,1.903545416035024,0.5890443710098022,0.3094459244564534
E18a,1,10500,9,1.9983081991835987,0.7613381990402703,0.3809913802842385
E18a,1,10500,10,2.0646055943323582,0.6856351309767448,0.332090125522721
E18a,1,10500,11,2.0637500601509693,0.762526776443705,0.3694860105239314
E18a,1,10500,12,2.1272790014591894,0.701278509103646,0.3296598653127351
E18a,1,10500,13,2.168148477353556,0.6664343988233218,0.3073748895817191
E18a,1,10500,14,2.2687652675329764,0.7914747327160356,0.34885703869077395
E18a,1,10500,15,2.30662076935831,0.7563987363539246,0.32792505226784674
E18a,1,11000,0,0.7605272430212188,0.6260357709195665,0.8231602176834842
E18a,1,11000,1,0.9954513383114088,0.734603917780923,0.7379606511223712
E18a,1,11000,2,1.224583102286799,0.7912199034712725,0.6461136871754479
E18a,1,11000,3,1.3132641325019627,0.7119569392572851,0.5421277575752425
E18a,1,11000,4,1.4571627102276064,0.6746243673983344,0.46297119921011376
E18a,1,11000,5,1.6174272892622816,0.6952377326169671,0.4298417228598073
E18a,1,11000,6,1.7164580329893615,0.6926607165966562,0.40354072356218756
E18a,1,11000,7,1.849179052497983,0.6443093340361677,0.3484299333619401
E18a,1,11000,8,1.8897445617784057,0.5876723224636958,0.3109797664456024
E18a,1,11000,9,1.9862067168812907,0.749571068089941,0.3773882455029179
E18a,1,11000,10,2.0468592627061666,0.6740361159647028,0.32930261901521996
E18a,1,11000,11,2.043860726996139,0.7562099529861054,0.369990940673099
E18a,1,11000,12,2.1062923149061796,0.7016102421530621,0.3331020282359592
E18a,1,11000,13,2.1502813600084942,0.6700708974844805,0.31162010234876125
E18a,1,11000,14,2.248974815270722,0.7937099333587163,0.3529207743765565
E18a,1,11000,15,2.297947126510682,0.7549161305738429,0.32851762421537756
E18a,1,11500,0,0.7623402809330051,0.6231437965576295,0.8174089866994602
E18a,1,11500,1,0.9925271887964092,0.7330957393402692,0.7386152718186589
E18a,1,11500,2,1.2225513485864274,0.7892714812910809,0.6455937267613949
E18a,1,11500,3,1.314370089338289,0.717705459837273,0.5460451859480437
E18a,1,11500,4,1.4556427397299745,0.6668577462488006,0.4581191030242107
E18a,1,11500,5,1.612422287712332,0.7000848340318868,0.43418206220973987
E18a,1,11500,6,1.7167861608445347,0.6901988756633779,0.4020296128924117
E18a,1,11500,7,1.8518217160063997,0.6429488067926625,0.34719800574497667
E18a,1,11500,8,1.8900236896968186,0.5948830879839561,0.31474901146841294
E18a,1,11500,9,1.9892601695368293,0.7599364965405737,0.38201966146917526
E18a,1,11500,10,2.0497269298849097,0.6741876576300881,0.32891584132523605
E18a,1,11500,11,2.04649377295988,0.7556431916362276,0.3692379628125267
E18a,1,11500,12,2.1020355280390355,0.7170653655495899,0.34112904181906567
E18a,1,11500,13,2.1483798400243073,0.6800222819204151,0.3165279571384924
E18a,1,11500,14,2.24528589668821,0.7995854078523741,0.35611741428196747
E18a,1,11500,15,2.290357475930233,0.7566287315454603,0.3303539903691907
E18a,1,12000,0,0.765580931478513,0.6264610346250714,0.8182819201298953
E18a,1,12000,1,0.9950667276839766,0.7352916773883763,0.7389370551056127
E18a,1,12000,2,1.227519545925999,0.7701837898228054,0.6274309784955847
E18a,1,12000,3,1.3168175349123605,0.7125113959200083,0.5410858961317133
E18a,1,12000,4,1.4538245898530988,0.6557053894013588,0.451020978719045
E18a,1,12000,5,1.6030915681958802,0.7009238150498347,0.4372325505015628
E18a,1,12000,6,1.7053308875172677,0.6849822977623159,0.4016711963503798
E18a,1,12000,7,1.8394295990609126,0.6393306375145775,0.3475700498899094
E18a,1,12000,8,1.884125125229387,0.6032737802651925,0.32018774771752256
E18a,1,12000,9,1.9804183769228996,0.7469814128764718,0.37718364037658736
E18a,1,12000,10,2.030479090567502,0.6798085217826956,0.33480203019115784
E18a,1,12000,11,2.0284418721569444,0.7633231574747662,0.3763100969036329
E18a,1,12000,12,2.0889068254970566,0.7181124068999276,0.34377426419153584
E18a,1,12000,13,2.1381476482451345,0.687360864560804,0.32147492953770024
E18a,1,12000,14,2.2358916357840783,0.7909170085501177,0.35373673566821157
E18a,1,12000,15,2.279793037054238,0.7574756597616256,0.33225632653934833
E18a,2,0,0,0.7763289243904447,0.7386916597180848,0.9515189200223195
E18a,2,0,1,1.0534466624157397,0.8732904007876963,0.8289839741720637
E18a,2,0,2,1.3600077097750127,0.6624331415650273,0.48708043109153715
E18a,2,0,3,1.4866156237870882,0.6061218980170161,0.4077193111107948
E18a,2,0,4,1.66111648101052,0.6172410674564676,0.3715820500925838
E18a,2,0,5,1.8130068634930983,0.6261467096856778,0.34536367307473315
E18a,2,0,6,2.0512862328979224,0.7526415875245573,0.3669120259542106
E18a,2,0,7,2.143654261236524,0.6502824016710311,0.30335227719787644
E18a,2,0,8,2.1954005485048516,0.6811272448860222,0.3102519243469693
E18a,2,0,9,2.267632793859873,0.693688380033802,0.3059086029766899
E18a,2,0,10,2.3635700244832174,0.7188983917650527,0.30415785625908676
E18a,2,0,11,2.5124736152745113,0.5778937309538135,0.2300098705278038
E18a,2,0,12,2.5776979058128573,0.7691280404772739,0.2983778815752016
E18a,2,0,13,2.6971540763774104,0.6137285575589124,0.22754671782904623
E18a,2,0,14,2.7177523064729145,0.6008309322363695,0.22107641333073688
E18a,2,0,15,2.6748765217388892,0.6488982804773042,0.24258999441793563
E18a,2,500,0,0.7803885388938524,0.7840112583340942,1.0046421996988535
E18a,2,500,1,1.0885188439030893,0.8397393355406972,0.7714513535931576
E18a,2,500,2,1.3696947634643801,0.6747274594361012,0.49261154925460005
E18a,2,500,3,1.5137306415288598,0.6327911893152106,0.41803420764218324
E18a,2,500,4,1.6753347091464712,0.6300891986529523,0.3760975017189027
E18a,2,500,5,1.8194867147462102,0.6367696045632409,0.34997210993764266
E18a,2,500,6,2.041774791418983,0.7335164446848336,0.35925433488923514
E18a,2,500,7,2.1139374892478044,0.6333263079628709,0.299595570438663
E18a,2,500,8,2.133802313709548,0.7425809507086065,0.34800831639255886
E18a,2,500,9,2.2812957557382307,0.6917823136481459,0.3032409594012873
E18a,2,500,10,2.367371547207897,0.7322785445894677,0.30932134225112434
E18a,2,500,11,2.535608598487995,0.5712594838308048,0.22529482041173535
E18a,2,500,12,2.605249062157742,0.7794389225515798,0.29918019504285936
E18a,2,500,13,2.701441321555946,0.5862845241561869,0.21702656262713318
E18a,2,500,14,2.7063728552479596,0.6015403407843347,0.22226809569785655
E18a,2,500,15,2.6795636360025274,0.6469536131389846,0.24143991374063203
E18a,2,1000,0,0.7789868701332441,0.7957794978132494,1.0215570099110054
E18a,2,1000,1,1.0958589389293985,0.8169741196292937,0.7455102938955247
E18a,2,1000,2,1.3522441428541325,0.6973826353631168,0.5157224300422383
E18a,2,1000,3,1.5019994686302087,0.6321666777148485,0.4208834230090447
E18a,2,1000,4,1.6755136488039437,0.6392572798110683,0.3815291390000903
E18a,2,1000,5,1.8266696490853658,0.6251729531205807,0.34224740824571753
E18a,2,1000,6,2.014263440537763,0.7357934516265787,0.3652915685299528
E18a,2,1000,7,2.092166196070344,0.6021747496748425,0.28782357291016847
E18a,2,1000,8,2.095878236910175,0.715266589171485,0.3412729692856388
E18a,2,1000,9,2.2483419432731524,0.6708327988328446,0.2983677820181753
E18a,2,1000,10,2.3148748250399924,0.7078883536641375,0.30579984110022357
E18a,2,1000,11,2.4764010740001803,0.5480556572807157,0.2213113469521439
E18a,2,1000,12,2.5204011026046613,0.7271676333675701,0.28851266277264054
E18a,2,1000,13,2.590153856799915,0.6083079421940689,0.2348539800433406
E18a,2,1000,14,2.5976587503365343,0.6128553415598221,0.2359260397388321
E18a,2,1000,15,2.585601212632668,0.6929417586738907,0.2680002450835545
E18a,2,1500,0,0.7803782154373159,0.7914735645754409,1.0142179124412223
E18a,2,1500,1,1.089627343381065,0.7724368356689816,0.708900010963514
E18a,2,1500,2,1.3247492555333205,0.6999179132887177,0.528339918188475
E18a,2,1500,3,1.461925324307564,0.6150385040404306,0.42070445994342526
E18a,2,1500,4,1.626769843699794,0.6495321031447435,0.3992771968697798
E18a,2,1500,5,1.7792324530054402,0.6264607225342401,0.35209605213531064
E18a,2,1500,6,1.9589856872434526,0.749828399358352,0.3827635925270378
E18a,2,1500,7,2.0265230348559835,0.6162623072628689,0.30409834808843617
E18a,2,1500,8,2.0337920864338384,0.6940991476068392,0.3412832374738513
E18a,2,1500,9,2.166223663317939,0.6445429486728058,0.2975421973212032
E18a,2,1500,10,2.2285519062767625,0.7018115970560721,0.3149182189023308
E18a,2,1500,11,2.364610464370947,0.5429624329869777,0.2296202445045937
E18a,2,1500,12,2.4135264457602794,0.688699737488836,0.28534998599192485
E18a,2,1500,13,2.4602404372571414,0.6467002285937387,0.26286058012879754
E18a,2,1500,14,2.4525709093114787,0.6174993473186523,0.25177634822880846
E18a,2,1500,15,2.449895743178228,0.7320002940499775,0.2987883448053834
E18a,2,2000,0,0.7789997822451689,0.7933723509736398,1.0184500291990422
E18a,2,2000,1,1.0894278188252244,0.7654516627689324,0.7026180620156652
E18a,2,2000,2,1.3196744123570374,0.7053030202366918,0.5344522964395193
E18a,2,2000,3,1.4604438906060713,0.6118215769063446,0.41892850580685037
E18a,2,2000,4,1.61698090853185,0.6563913537421032,0.4059363659018576
E18a,2,2000,5,1.7630599812402135,0.6491605548217066,0.3682010605022404
E18a,2,2000,6,1.9510121265191154,0.7536493191119124,0.3862863325491116
E18a,2,2000,7,2.010399039317329,0.6224802903337682,0.30963021676788294
E18a,2,2000,8,2.0187694686055404,0.6830210768812152,0.33833535106562224
E18a,2,2000,9,2.136152863729646,0.6328490067152079,0.2962564231523564
E18a,2,2000,10,2.1942032209321045,0.6932316513235817,0.3159377603270014
E18a,2,2000,11,2.311082085982577,0.5492889386080666,0.2376760833981938
E18a,2,2000,12,2.362923861450022,0.6794094561884664,0.287529135945812
E18a,2,2000,13,2.40241928332001,0.6730901968559607,0.2801718257629815
E18a,2,2000,14,2.389710468356557,0.6378496254684157,0.26691502335304884
E18a,2,2000,15,2.3916768948869795,0.7426921058872372,0.3105319566681409
E18a,2,2500,0,0.7760257272556462,0.7855023750182109,1.0122117700866413
E18a,2,2500,1,1.081650407877769,0.7734493459740718,0.7150640727733861
E18a,2,2500,2,1.3098706010300807,0.6944390960721641,0.5301585481238056
E18a,2,2500,3,1.4415791331927412,0.615444197897207,0.42692363098663216
E18a,2,2500,4,1.5834035974677099,0.6385834381109362,0.4032979583551557
E18a,2,2500,5,1.727063943938567,0.6598549389140063,0.38206746266105696
E18a,2,2500,6,1.9022746976104292,0.752342894634709,0.3954964525259027
E18a,2,2500,7,1.9699452292181396,0.6181436293690181,0.3137872161117677
E18a,2,2500,8,1.9819027479704947,0.6786473804939309,0.3424221401321929
E18a,2,2500,9,2.0980716098402747,0.636170803969046,0.303216916422351
E18a,2,2500,10,2.1605878968094583,0.6868489395756185,0.317899096162618
E18a,2,2500,11,2.2642160691639677,0.5581652808857768,0.24651590830369471
E18a,2,2500,12,2.3151118247147324,0.6625339447191803,0.2861779451196996
E18a,2,2500,13,2.3533712702786147,0.7015987441553136,0.2981249720415987
E18a,2,2500,14,2.3424500303485702,0.6564593044995252,0.280244742041238
E18a,2,2500,15,2.3566357481383102,0.7537807160817646,0.3198545709396263
E18a,2,3000,0,0.7739642257298538,0.7831187466258475,1.011828093071564
E18a,2,3000,1,1.0728873563896477,0.7900022718926821,0.7363329124793709
E18a,2,3000,2,1.3114795483016628,0.6918371204555369,0.5275241397027127
E18a,2,3000,3,1.4402833253936274,0.6114818446716965,0.42455663680240097
E18a,2,3000,4,1.582518676668606,0.6491192867530199,0.4101811222345223
E18a,2,3000,5,1.730724871036326,0.6618915385560167,0.38243602413807587
E18a,2,3000,6,1.9025040805517817,0.7621221193270274,0.40058895385180454
E18a,2,3000,7,1.9684701781264553,0.6238832755385447,0.3169381393079282
E18a,2,3000,8,1.9812071810539893,0.6830600409277144,0.34476961695865194
E18a,2,3000,9,2.0873918123403827,0.639275856148579,0.30625580323217955
E18a,2,3000,10,2.149713900550322,0.7057279130589188,0.32828922624459655
E18a,2,3000,11,2.249814263934876,0.5573615356569249,0.24773668857539902
E18a,2,3000,12,2.300084851468373,0.6361413746868317,0.2765730030701778
E18a,2,3000,13,2.3374538657382016,0.718678455623336,0.30746209204705177
E18a,2,3000,14,2.3275627848184333,0.6721539495888007,0.28878015835832055
E18a,2,3000,15,2.3462971291701495,0.7576277856201649,0.3229035982702355
E18a,2,3500,0,0.7747672095909791,0.7867891736693247,1.0155168725902743
E18a,2,3500,1,1.0747672252049774,0.7870198496279319,0.732270049896463
E18a,2,3500,2,1.3127964030918835,0.6990160855614591,0.5324634375255327
E18a,2,3500,3,1.4495446882037675,0.6180501957853903,0.42637539967895693
E18a,2,3500,4,1.5891805126096965,0.6358593798685436,0.40011778071979853
E18a,2,3500,5,1.7341453239930231,0.6684919463263862,0.38548784642057815
E18a,2,3500,6,1.9099028013525998,0.7531515546936625,0.39434025342037193
E18a,2,3500,7,1.9649937740082324,0.6247623116654,0.31794620417091585
E18a,2,3500,8,1.9728507284786645,0.6689267779300532,0.3390660876030324
E18a,2,3500,9,2.069782931103332,0.6348874589606072,0.306741083531001
E18a,2,3500,10,2.1126138521709734,0.7040834438698355,0.3332759761781843
E18a,2,3500,11,2.2131187026523196,0.5595911416998111,0.2528518425284496
E18a,2,3500,12,2.2665443103475527,0.6400622060092465,0.28239562892600106
E18a,2,3500,13,2.2995405297018037,0.7292447352143464,0.3171262805743686
E18a,2,3500,14,2.28685583804102,0.6779186180074372,0.29644134393192
E18a,2,3500,15,2.3096094603181543,0.7551786206901715,0.32697243134176623
E18a,2,4000,0,0.7773556855687811,0.7866601033822184,1.0119693185322616
E18a,2,4000,1,1.078166141306597,0.7874755267085101,0.7303842112442821
E18a,2,4000,2,1.3074572562980875,0.6943861410390735,0.5310966287380948
E18a,2,4000,3,1.4421030245769084,0.6123397388794344,0.42461580652955483
E18a,2,4000,4,1.5641859572629029,0.6460948471136285,0.4130550105718889
E18a,2,4000,5,1.7219800411211206,0.6591916821326679,0.38281029186812837
E18a,2,4000,6,1.8829663687219027,0.7353902707475417,0.3905488079676649
E18a,2,4000,7,1.929602214097612,0.6483552190252853,0.33600459943941957
E18a,2,4000,8,1.9471213983592819,0.6681027684178024,0.34312332501752124
E18a,2,4000,9,2.0354785541837397,0.6327860898410184,0.3108782888134019
E18a,2,4000,10,2.084278998116729,0.7020707827327652,0.33684107711449773
E18a,2,4000,11,2.174619395361992,0.5649780859675153,0.25980550305607286
E18a,2,4000,12,2.231483129482475,0.6435891821180693,0.28841319641405055
E18a,2,4000,13,2.265942690094835,0.7435891695645978,0.32815885980482445
E18a,2,4000,14,2.2579598781335686,0.6912861073739156,0.3061551775425404
E18a,2,4000,15,2.282939194931486,0.7570541889933897,0.3316138207597377
E18a,2,4500,0,0.7768680782719246,0.782553283778008,1.0073181092969217
E18a,2,4500,1,1.07448378199362,0.7908177411910514,0.7359978386307064
E18a,2,4500,2,1.306516550815414,0.6902148508746925,0.5282863431342836
E18a,2,4500,3,1.4429299054591718,0.6102228205118243,0.42290538036748093
E18a,2,4500,4,1.5605321991403267,0.6455779349782148,0.41369087759538303
E18a,2,4500,5,1.7126805935767773,0.6596199208928212,0.3851389006021637
E18a,2,4500,6,1.8721727971630995,0.7239132937286182,0.38667012725831873
E18a,2,4500,7,1.906749128246552,0.659328686863652,0.3457868038833043
E18a,2,4500,8,1.927657359529125,0.6795215823857392,0.3525116012068286
E18a,2,4500,9,2.01884819494971,0.6306563613796693,0.31238424115161323
E18a,2,4500,10,2.065558811590716,0.7016953043365585,0.3397120916620975
E18a,2,4500,11,2.1533393303970367,0.5744174246366165,0.26675657502187744
E18a,2,4500,12,2.2174726218368517,0.6408083364677165,0.2889813971804083
E18a,2,4500,13,2.254875693759837,0.7465791444011893,0.3310954774435146
E18a,2,4500,14,2.2454484036134534,0.698074582894096,0.3108842678240703
E18a,2,4500,15,2.2683786212738064,0.7565973024565271,0.3335410126690669
E18a,2,5000,0,0.7792937167743829,0.7794685312612026,1.0002243242606181
E18a,2,5000,1,1.0770053490111868,0.7919874122046816,0.7353607045051502
E18a,2,5000,2,1.3088194881226343,0.6840169418434443,0.5226212996145065
E18a,2,5000,3,1.4436880333303466,0.6084514609941265,0.4214563305553838
E18a,2,5000,4,1.5593201300791224,0.6502115891658111,0.4169840282462193
E18a,2,5000,5,1.7174536781886331,0.6653236157970558,0.38738955480811593
E18a,2,5000,6,1.8834055095704085,0.7177481448833336,0.3810906048836222
E18a,2,5000,7,1.9176601949794776,0.6557027534067447,0.3419285414190713
E18a,2,5000,8,1.9328710599910282,0.6773731238079932,0.35044920368932286
E18a,2,5000,9,2.011096454273855,0.6310032399670867,0.3137608037775207
E18a,2,5000,10,2.055457128406806,0.6885759736881794,0.334998947033207
E18a,2,5000,11,2.138375960811442,0.5801612614987031,0.2713092889795447
E18a,2,5000,12,2.2105897330424957,0.6394095484317539,0.28924840230381277
E18a,2,5000,13,2.248009562566185,0.7511433533917629,0.33413708104262035
E18a,2,5000,14,2.2406746117004097,0.7026950774886714,0.3136087113315432
E18a,2,5000,15,2.2616489382716303,0.7548306967442641,0.3337523715422923
E18a,2,5500,0,0.7772676069691079,0.7800007730725257,1.003516377215404
E18a,2,5500,1,1.078942618516225,0.7964897066750328,0.7382132219138541
E18a,2,5500,2,1.3166196084696822,0.6825519056253015,0.5184123806409334
E18a,2,5500,3,1.4481134723142526,0.6072696315837133,0.4193522422060105
E18a,2,5500,4,1.5634627286931977,0.6567606918890531,0.4200680194263402
E18a,2,5500,5,1.7239250832340416,0.6659076532502582,0.3862741250919278
E18a,2,5500,6,1.8946241116344973,0.7248996216864675,0.38260867537524085
E18a,2,5500,7,1.9250545819662142,0.6542843529125221,0.3398783385374188
E18a,2,5500,8,1.940875278961622,0.6750484144836782,0.34780617889307786
E18a,2,5500,9,2.01634784368429,0.6407194939732229,0.31776238211086344
E18a,2,5500,10,2.057322697916005,0.6859170927949225,0.33340277317201245
E18a,2,5500,11,2.140830620083508,0.5766926529087142,0.26937799165364096
E18a,2,5500,12,2.212432755765458,0.6406452886772425,0.28956599336534045
E18a,2,5500,13,2.249156608619809,0.7622222606064257,0.3388924798234313
E18a,2,5500,14,2.252869793035103,0.7024946577942617,0.3118221301408855
E18a,2,5500,15,2.280058976297014,0.772667763793576,0.3388806043291241
E18a,2,6000,0,0.7743892917884511,0.7743432858985689,0.999940590746321
E18a,2,6000,1,1.0754157275914231,0.7866049169248266,0.7314426381754361
E18a,2,6000,2,1.3077739485197246,0.6718734236107393,0.5137534849743994
E18a,2,6000,3,1.4331952533994685,0.6187623260873439,0.43173623734775163
E18a,2,6000,4,1.557827157306674,0.6519674988209309,0.4185108057482557
E18a,2,6000,5,1.7114388287185085,0.6606811564431415,0.3860384288101296
E18a,2,6000,6,1.8813986569238295,0.7253842416549708,0.3855558411214167
E18a,2,6000,7,1.9045791549705529,0.647857029048246,0.3401575762065204
E18a,2,6000,8,1.9174822139420833,0.6687808932917975,0.3487807544857872
E18a,2,6000,9,1.9888610902503545,0.6256778512363738,0.31459102614231066
E18a,2,6000,10,2.031738772174768,0.6951779087382339,0.34215909951559237
E18a,2,6000,11,2.1094875972103972,0.5891154742229058,0.27926946572331435
E18a,2,6000,12,2.19041325667154,0.6467468547429785,0.29526248198741634
E18a,2,6000,13,2.2270346129942213,0.7531316698549825,0.33817690369994113
E18a,2,6000,14,2.2360989477977555,0.7027305215517103,0.31426629051625893
E18a,2,6000,15,2.2696405688104897,0.7736527313795504,0.3408701545130641
E18a,2,6500,0,0.7749164418447416,0.7772336357019063,1.0029902499573353
E18a,2,6500,1,1.0750812507914154,0.7877302081418376,0.7327169063379667
E18a,2,6500,2,1.3105723197892725,0.6665087704082246,0.5085631371456044
E18a,2,6500,3,1.4340262685632073,0.6173835590331946,0.4305245814302755
E18a,2,6500,4,1.5492265742494995,0.647417018084658,0.4178969227908383
E18a,2,6500,5,1.7010987245899365,0.6596408966442087,0.38777343555014443
E18a,2,6500,6,1.8698043112445257,0.7131938775686816,0.38142701526556316
E18a,2,6500,7,1.8983698633296933,0.6547097133604163,0.3448799551695747
E18a,2,6500,8,1.917034412159185,0.6652483471382199,0.3470195124921835
E18a,2,6500,9,1.9870846410047291,0.6183710899560733,0.31119514347582417
E18a,2,6500,10,2.0334540874904983,0.7080750793599431,0.34821296616231157
E18a,2,6500,11,2.110804768633041,0.5913723129619038,0.2801643817324124
E18a,2,6500,12,2.1992836663220294,0.644434107460955,0.29302000343533396
E18a,2,6500,13,2.2324622641484395,0.7590860739160927,0.34002190590470827
E18a,2,6500,14,2.238735295728207,0.7094499512473328,0.31689764868631587
E18a,2,6500,15,2.269635176196079,0.762352811839423,0.33589222613174796
E18a,2,7000,0,0.7831048183930037,0.7879066332636351,1.006131765196497
E18a,2,7000,1,1.083201960433935,0.7904023419701125,0.7296906494274384
E18a,2,7000,2,1.316003376847646,0.66554111865332,0.5057290356256965
E18a,2,7000,3,1.4462818829153172,0.6148893729945947,0.4251518187831699
E18a,2,7000,4,1.551923751981754,0.639747565257354,0.4122287351040398
E18a,2,7000,5,1.701533574563116,0.6535707633778108,0.3841068863690339
E18a,2,7000,6,1.862102903058298,0.7216961938113906,0.38757052181492463
E18a,2,7000,7,1.891373096390888,0.6546220693956918,0.3461094326893195
E18a,2,7000,8,1.9079273164845645,0.6704199909584919,0.3513865466289191
E18a,2,7000,9,1.980374176830627,0.6223783980950292,0.31427313352019054
E18a,2,7000,10,2.0313535521239645,0.7116035248545685,0.3503100305264548
E18a,2,7000,11,2.09635840721444,0.5912128124461808,0.2820189574509645
E18a,2,7000,12,2.1838764364525534,0.6628497342973256,0.30351979774736976
E18a,2,7000,13,2.2146122481039203,0.7458485907417217,0.3367851827697121
E18a,2,7000,14,2.2258411455855485,0.7011800310104126,0.31501800225098914
E18a,2,7000,15,2.250808177184493,0.7793446477868101,0.34625102915775
E18a,2,7500,0,0.7834434971889774,0.7878525703678492,1.0056278125923461
E18a,2,7500,1,1.0855194254178289,0.7833182053376874,0.7216068059179864
E18a,2,7500,2,1.3054648626526844,0.6735925100375049,0.5159790426444534
E18a,2,7500,3,1.4422849975324115,0.6151498001924237,0.42651057262945696
E18a,2,7500,4,1.5491821175334526,0.641548381162628,0.4141206988524218
E18a,2,7500,5,1.6892139472314454,0.6605273221359436,0.3910264435233451
E18a,2,7500,6,1.8538898520733382,0.7251415629819808,0.39114597998958944
E18a,2,7500,7,1.880587599220948,0.6492884712634507,0.34525829667941277
E18a,2,7500,8,1.8982980893867976,0.6741740267720665,0.35514655498064757
E18a,2,7500,9,1.9768930789346506,0.6135597832081525,0.31036568934663905
E18a,2,7500,10,2.023963003618478,0.7080646864087456,0.34984072591389004
E18a,2,7500,11,2.09160845435111,0.5996449239683005,0.2866908109502413
E18a,2,7500,12,2.180788664563404,0.6646955340556314,0.30479594142090066
E18a,2,7500,13,2.2137230723528876,0.741364710637774,0.33489496491076626
E18a,2,7500,14,2.2313480354872914,0.6955518034066981,0.31171820457618593
E18a,2,7500,15,2.2597404323903874,0.7810347260427932,0.3456302833934794
E18a,2,8000,0,0.7854010252220905,0.7880079870893453,1.0033192748462705
E18a,2,8000,1,1.08998061504402,0.7874213322386895,0.7224177397016264
E18a,2,8000,2,1.313613953651664,0.6817484787351586,0.5189869343576876
E18a,2,8000,3,1.4497938366898575,0.6161561729302478,0.4249957182443569
E18a,2,8000,4,1.5542229514523365,0.6442269388505851,0.4145009815024223
E18a,2,8000,5,1.6976500677855757,0.6525456071267459,0.3843816929704071
E18a,2,8000,6,1.8617597761259799,0.7156125773949045,0.3843742821020541
E18a,2,8000,7,1.8775131697775291,0.6456756321866889,0.34389938913887697
E18a,2,8000,8,1.89178980390101,0.6699007633235146,0.3541095115018222
E18a,2,8000,9,1.9644821078595487,0.6300393710501316,0.32071525036010995
E18a,2,8000,10,2.0177849979919067,0.7171771656934123,0.35542794024494423
E18a,2,8000,11,2.0880302462645557,0.5823853695575159,0.2789161558360525
E18a,2,8000,12,2.1712674248332178,0.6679116695265572,0.30761372914617446
E18a,2,8000,13,2.2011805919164544,0.7304778768350815,0.33185731307902006
E18a,2,8000,14,2.2167678131048034,0.7031448803751494,0.3171937431689453
E18a,2,8000,15,2.2531626838420213,0.7973666580940161,0.35388774357578645
E18a,2,8500,0,0.7866310826020815,0.7881262173416789,1.001900680983329
E18a,2,8500,1,1.0893374642628377,0.7770072406571331,0.7132842357376732
E18a,2,8500,2,1.316719003879831,0.6732566338354519,0.5113138276668299
E18a,2,8500,3,1.453348964048606,0.612209317726675,0.42124041291586195
E18a,2,8500,4,1.5595903895626122,0.651558516938053,0.41777541160713544
E18a,2,8500,5,1.7080029540099906,0.639573581453221,0.37445695275388846
E18a,2,8500,6,1.862826624918027,0.7078350830283108,0.37997904558587614
E18a,2,8500,7,1.8727258687371333,0.6453006842883279,0.34457829363113585
E18a,2,8500,8,1.885307381534752,0.6686856937579575,0.3546825840217141
E18a,2,8500,9,1.9611635407823929,0.6272152467909137,0.31981792122277086
E18a,2,8500,10,2.010074043465373,0.7260892576972868,0.3612251300183485
E18a,2,8500,11,2.0873856378017543,0.5920023340166582,0.2836094698055418
E18a,2,8500,12,2.1798660360949835,0.6694425890828185,0.3071026283257568
E18a,2,8500,13,2.2114617972123707,0.7236143571261787,0.32721087836033225
E18a,2,8500,14,2.221502105538523,0.6966527985113378,0.3135953806996098
E18a,2,8500,15,2.261894715018489,0.7997500306388781,0.3535752682601501
E18a,2,9000,0,0.7890832006462571,0.7908263673928897,1.0022091038628183
E18a,2,9000,1,1.0962073026164347,0.7718325246304595,0.7040935804644292
E18a,2,9000,2,1.3186542164358732,0.6755729917710854,0.512320048236041
E18a,2,9000,3,1.4542519400958258,0.60754627699324,0.4177723682137269
E18a,2,9000,4,1.555131000240553,0.6503092059997808,0.4181700486320373
E18a,2,9000,5,1.701682945081243,0.6531602449888202,0.3838319276083692
E18a,2,9000,6,1.8676259941462277,0.7104667495270347,0.38041168400626146
E18a,2,9000,7,1.8787959611361609,0.6412907045239105,0.341330680813314
E18a,2,9000,8,1.8892630989071488,0.6707645625195234,0.35504031328803787
E18a,2,9000,9,1.9550129599040307,0.6434999305678846,0.3291537927193451
E18a,2,9000,10,2.0189533267483704,0.7331477526795916,0.3631325910145552
E18a,2,9000,11,2.095780702995243,0.5931584596853806,0.2830250602258394
E18a,2,9000,12,2.1869434554733402,0.6700259188903872,0.3063755110876277
E18a,2,9000,13,2.207983149910834,0.7341074115531556,0.332478720040414
E18a,2,9000,14,2.2147756126002642,0.6985388710528193,0.3153993872240166
E18a,2,9000,15,2.261852402403566,0.8019138654867825,0.3545385475350317
E18a,2,9500,0,0.7886689463177122,0.7938504318461697,1.0065699119416958
E18a,2,9500,1,1.0967252091376436,0.7721673887846907,0.704066417322391
E18a,2,9500,2,1.3152769814597556,0.6792696964033977,0.5164461219791991
E18a,2,9500,3,1.4531811457882153,0.609519800002327,0.41943827978288234
E18a,2,9500,4,1.5502171742399353,0.6545065373752308,0.42220312627882767
E18a,2,9500,5,1.690423108070561,0.6573936397339533,0.3888929562044964
E18a,2,9500,6,1.856661637889891,0.7107297208731456,0.38279980927536955
E18a,2,9500,7,1.8699826584591395,0.6373695803823952,0.34084250861854837
E18a,2,9500,8,1.8844216204288895,0.6745079478965129,0.3579389774476248
E18a,2,9500,9,1.948037492220516,0.632198285339027,0.32453086137392617
E18a,2,9500,10,2.0149139076565783,0.733722346852538,0.36414575534191684
E18a,2,9500,11,2.0889680781229307,0.5960750821457258,0.2853442751893733
E18a,2,9500,12,2.187301680381312,0.6721987995364669,0.3073187414272377
E18a,2,9500,13,2.2105896026068232,0.7432290702570569,0.33621304894432186
E18a,2,9500,14,2.216902547402697,0.7071561838816902,0.3189838834865285
E18a,2,9500,15,2.265189120349066,0.7898679892262414,0.3486984738406842
E18a,2,10000,0,0.7855777795892078,0.7907769756408196,1.0066183084434115
E18a,2,10000,1,1.0909886158065183,0.7717093139835459,0.70734864030919
E18a,2,10000,2,1.3119502160456962,0.6816655937082684,0.5195819059071106
E18a,2,10000,3,1.4526046567178603,0.6101159218431391,0.42001512181689366
E18a,2,10000,4,1.555240930710879,0.6572701274878232,0.4226162741147728
E18a,2,10000,5,1.6937028696168388,0.6645984894278865,0.39239379075872766
E18a,2,10000,6,1.8637609631862344,0.7049660700838526,0.3782491875345763
E18a,2,10000,7,1.874964166675555,0.6448908471678313,0.3439483583898399
E18a,2,10000,8,1.883134321544237,0.670613483673164,0.35611558665833093
E18a,2,10000,9,1.9454843184869952,0.6274894076841705,0.32253634826117206
E18a,2,10000,10,2.0094601545018387,0.7126615471326323,0.3546532363610399
E18a,2,10000,11,2.0841204502880744,0.6028658866049319,0.2892663360803363
E18a,2,10000,12,2.189290634334312,0.6735752961801805,0.30766828561571574
E18a,2,10000,13,2.2112961049220017,0.7310091013031339,0.33057947313162683
E18a,2,10000,14,2.211932856367835,0.7067128809293166,0.31950015069164167
E18a,2,10000,15,2.257809372170621,0.7785893027946047,0.34484279868414297
E18a,2,10500,0,0.7848227172684665,0.7893741015283037,1.005799251422892
E18a,2,10500,1,1.0910478895984506,0.7658129690806783,0.701905916671108
E18a,2,10500,2,1.3058893080608058,0.6919206291539013,0.5298463084756978
E18a,2,10500,3,1.4566923927490751,0.6048042443794353,0.4151900891292818
E18a,2,10500,4,1.5598557900505732,0.6544096620342744,0.4195321556059085
E18a,2,10500,5,1.6949442340387555,0.6643995435607207,0.3919890284399345
E18a,2,10500,6,1.8628287398159513,0.6968328526606637,0.37407241887921017
E18a,2,10500,7,1.8743545805086883,0.6511519848056255,0.3474006421073791
E18a,2,10500,8,1.8845018411775092,0.6712352911713519,0.35618712410062614
E18a,2,10500,9,1.9528788213213286,0.6358749967692221,0.32560903924340046
E18a,2,10500,10,2.0206999981645986,0.7215588140770446,0.35708359218708186
E18a,2,10500,11,2.090036862970858,0.6025648247162507,0.2883034435381882
E18a,2,10500,12,2.1996743337477906,0.6915114630349167,0.3143699285051547
E18a,2,10500,13,2.2135824006696705,0.7299580467179448,0.32976321391835794
E18a,2,10500,14,2.2190922385547918,0.7063431389987511,0.3183027396187753
E18a,2,10500,15,2.2581065596295944,0.788602296216002,0.34923165731618944
E18a,2,11000,0,0.7845021611678451,0.7934435689495634,1.0113975565961573
E18a,2,11000,1,1.0931145070377788,0.7555246279981842,0.6911669574723454
E18a,2,11000,2,1.3113472017769752,0.695761201698654,0.530569784078423
E18a,2,11000,3,1.4648087540436747,0.6071967251477565,0.414522867556301
E18a,2,11000,4,1.5677272014833865,0.6471126700747004,0.41277122031333074
E18a,2,11000,5,1.6968264955182277,0.6579539825255175,0.3877556039249445
E18a,2,11000,6,1.8631986287226272,0.6987728055279204,0.37503935155157636
E18a,2,11000,7,1.8747127343967895,0.64754359440824,0.34540950329469794
E18a,2,11000,8,1.8848736182133348,0.6685387840075695,0.354686265194414
E18a,2,11000,9,1.9576832758817742,0.6326443897155593,0.3231597253292187
E18a,2,11000,10,2.0231555300569513,0.7144642556434516,0.35314351518162307
E18a,2,11000,11,2.091874172501437,0.6049063526613818,0.2891695689029146
E18a,2,11000,12,2.2017703883194724,0.6906101134820011,0.3136612778270297
E18a,2,11000,13,2.2185604387625144,0.7351192743962534,0.33134967231557316
E18a,2,11000,14,2.2224984063294757,0.6968937252953364,0.313563205854567
E18a,2,11000,15,2.252084422467141,0.7995140752063628,0.35501070351994235
E18a,2,11500,0,0.7862455975450334,0.7891945312676468,1.0037506521267923
E18a,2,11500,1,1.0928831521915057,0.7559544908331813,0.6917066013116795
E18a,2,11500,2,1.3132916069229215,0.6958011177388473,0.5298146383263109
E18a,2,11500,3,1.4654337723050468,0.6048950427935761,0.41277542132941936
E18a,2,11500,4,1.562308648567558,0.6527398603692974,0.4178046770513486
E18a,2,11500,5,1.6977355722677019,0.661371031858997,0.3895606846333493
E18a,2,11500,6,1.8617268666857656,0.6986096735623953,0.3752482096399328
E18a,2,11500,7,1.8756246056781445,0.6573638677515024,0.35047731073768257
E18a,2,11500,8,1.8875868287438315,0.6718832575462665,0.35594826543338276
E18a,2,11500,9,1.9594698710029683,0.6334900993429803,0.32329667769717935
E18a,2,11500,10,2.0278446661092673,0.7122582337529123,0.3512390498427523
E18a,2,11500,11,2.0972813809201853,0.603887958456798,0.2879384540150932
E18a,2,11500,12,2.2086628286451107,0.690996964857887,0.31285760592157674
E18a,2,11500,13,2.222276622384755,0.7448474002201236,0.33517312503644026
E18a,2,11500,14,2.227343216192262,0.6832406697001281,0.30675140891315217
E18a,2,11500,15,2.2532276536530444,0.8113586111466488,0.360087277391272
E18a,2,12000,0,0.7846013917545335,0.7802896421380892,0.9945045348354502
E18a,2,12000,1,1.0866836755467655,0.7589709716199142,0.6984286123908483
E18a,2,12000,2,1.3076841677511766,0.6956544629406192,0.5319743712558175
E18a,2,12000,3,1.4573373820994022,0.6177502913482315,0.42388969015418826
E18a,2,12000,4,1.5566551160792583,0.649914222605561,0.4175068811918324
E18a,2,12000,5,1.6908432910107258,0.6633119336544233,0.39229651688059103
E18a,2,12000,6,1.846438136929252,0.7016561440502544,0.3800052273709829
E18a,2,12000,7,1.8618919416953943,0.6645722208238195,0.35693382947813607
E18a,2,12000,8,1.882914613456823,0.6709715609642865,0.35634731185842616
E18a,2,12000,9,1.95071889894757,0.6275460216729452,0.3216998728066416
E18a,2,12000,10,2.0145875392955666,0.7328119817642487,0.3637528613030578
E18a,2,12000,11,2.090804515155163,0.5991478719822576,0.2865633145707042
E18a,2,12000,12,2.2000825154989148,0.6922890251487697,0.31466502745774455
E18a,2,12000,13,2.2189459668993288,0.7423291848025309,0.3345413524601654
E18a,2,12000,14,2.2167991488759857,0.6878283892462356,0.3102799771440704
E18a,2,12000,15,2.2440701652817827,0.8118604688304187,0.36178034064655695
E18b,0,0,0,0.7856100464370263,0.6831396823330099,0.8695658685008552
E18b,0,0,1,1.004124573079603,0.6742416707878521,0.6714721348965543
E18b,0,0,2,1.196421490475536,0.7928884136551554,0.662716626178296
E18b,0,0,3,1.3709708022371763,0.7003856128913969,0.5108683655031123
E18b,0,0,4,1.552614324423022,0.6557449059203546,0.42234887029271784
E18b,0,0,5,1.6834116453314558,0.6514137965076717,0.38696049080699535
E18b,0,0,6,1.7997875717675031,0.5864238871668579,0.3258295014177441
E18b,0,0,7,1.9379439723674994,0.6956604054978531,0.3589682753562767
E18b,0,0,8,2.0353959309897203,0.7861350962801119,0.3862320270522749
E18b,0,0,9,2.2354935595857897,0.6669521346537053,0.29834670370389416
E18b,0,0,10,2.36931965815564,0.620252548209924,0.26178508504536274
E18b,0,0,11,2.515328305497398,0.7338427609740407,0.2917483015518031
E18b,0,0,12,2.5326018509182493,0.6862176746808957,0.27095363388133537
E18b,0,0,13,2.602001304714463,0.7517725010772521,0.28892087783166953
E18b,0,0,14,2.760938499771144,0.7916651574108559,0.2867377007769197
E18b,0,0,15,2.791985650391931,0.7620338812721331,0.27293617399686887
E18b,0,0,16,2.8771935173521874,0.6995856077755579,0.24314861115750389
E18b,0,0,17,3.0229691612938825,0.6826641842712934,0.22582571896932666
E18b,0,0,18,3.0649713023777037,0.7368123805748689,0.24039780731495727
E18b,0,0,19,3.122924803876982,0.808431196587349,0.25886988876059874
E18b,0,0,20,3.251853775623933,0.5145291797183289,0.15822641951961883
E18b,0,0,21,3.307579967451653,0.7271087287992388,0.2198310353655469
E18b,0,0,22,3.469799209049676,0.6565891816032837,0.18922973406957266
E18b,0,0,23,3.4782669454715753,0.8169958110562389,0.23488588537458344
E18b,0,500,0,0.788904378697235,0.6667041651414497,0.8451013622746247
E18b,0,500,1,0.9956174297667131,0.6786431949865839,0.6816304884754774
E18b,0,500,2,1.198156769804893,0.8210044006750677,0.685222853440756
E18b,0,500,3,1.3920349042575508,0.682388343794946,0.4902092194009326
E18b,0,500,4,1.5647902630975281,0.6612437008046703,0.4225765691407918
E18b,0,500,5,1.6900547540105482,0.6469392340895381,0.3827918785201088
E18b,0,500,6,1.8056960040957963,0.5586185586160453,0.3093646756424949
E18b,0,500,7,1.9259550543472628,0.6801995410423122,0.3531751893726527
E18b,0,500,8,2.0134326831218865,0.7557970588888298,0.37537736683450684
E18b,0,500,9,2.174571339404365,0.6858616184532242,0.3154008360291772
E18b,0,500,10,2.3211338855358,0.6660182652074245,0.28693659997716325
E18b,0,500,11,2.48104459176827,0.7505687269343168,0.3025212563387978
E18b,0,500,12,2.4937667729605604,0.6796573099453568,0.2725424515695501
E18b,0,500,13,2.5545614191235266,0.7402530082805452,0.28977694673496124
E18b,0,500,14,2.711247868483418,0.7464874800453974,0.2753298540951764
E18b,0,500,15,2.7381265746988657,0.7546549817068556,0.27560996948793404
E18b,0,500,16,2.82349033380101,0.7349480671827372,0.26029770967671173
E18b,0,500,17,2.9632074724369524,0.6634497729984697,0.2238958220677158
E18b,0,500,18,2.9904819009938723,0.7237445366494347,0.2420160230392639
E18b,0,500,19,3.053143149782233,0.8026084820430581,0.26287941399023645
E18b,0,500,20,3.165666748777984,0.5250746769575885,0.1658654301373569
E18b,0,500,21,3.2240474023912777,0.7015896586567892,0.21761145885647332
E18b,0,500,22,3.3606386041349894,0.6701795203233982,0.19942028860193342
E18b,0,500,23,3.369221113153299,0.8052932044597475,0.2390146498001916
E18b,0,1000,0,0.7958988730246397,0.6530067884293231,0.8204645220161119
E18b,0,1000,1,0.9976504206302464,0.6787485038910964,0.6803470332446812
E18b,0,1000,2,1.205781942721892,0.8228579787588202,0.6824268548103548
E18b,0,1000,3,1.4042229064935399,0.6685690405137952,0.4761131850378848
E18b,0,1000,4,1.563236677665657,0.6411879013846676,0.4101668739900204
E18b,0,1000,5,1.668271871702102,0.6368600226494348,0.381748342972216
E18b,0,1000,6,1.7751406217705736,0.5786976225909122,0.32600100267758136
E18b,0,1000,7,1.8795905484878819,0.6835323707658392,0.3636602510667743
E18b,0,1000,8,1.9597899813446251,0.734243003572661,0.3746539223906492
E18b,0,1000,9,2.100293838434111,0.7032038968270207,0.33481215054713453
E18b,0,1000,10,2.2387192976756456,0.6746172677580762,0.3013407122806771
E18b,0,1000,11,2.3931994824714855,0.7254592246603574,0.3031336209011574
E18b,0,1000,12,2.420758330953514,0.6896138366162036,0.2848751268552161
E18b,0,1000,13,2.467604647455087,0.7425217647283524,0.30090791306222286
E18b,0,1000,14,2.6430754389448916,0.7243796605259045,0.2740669637545703
E18b,0,1000,15,2.666859805790559,0.7437078201823238,0.2788702347860616
E18b,0,1000,16,2.728490143542519,0.7254417381735592,0.2658766204050443
E18b,0,1000,17,2.8783796994005657,0.6508273659809987,0.22610893417450662
E18b,0,1000,18,2.892151212913855,0.7184109854795062,0.2484002158226381
E18b,0,1000,19,2.946210406216851,0.7767988016546357,0.2636603278623613
E18b,0,1000,20,3.042329602527945,0.557974403207071,0.1834036663034264
E18b,0,1000,21,3.0914999497094326,0.7131691336899723,0.23068709212076888
E18b,0,1000,22,3.2062947765760206,0.664695481769755,0.20730953579994246
E18b,0,1000,23,3.220909996501211,0.7961882627770189,0.24719357685930282
E18b,0,1500,0,0.7977644697404573,0.6503622248629912,0.8152308726842378
E18b,0,1500,1,0.9980359975845251,0.689167611222935,0.6905238016372935
E18b,0,1500,2,1.2205495312179837,0.8253207598621272,0.6761878471564701
E18b,0,1500,3,1.4103710947072576,0.6576138393526776,0.4662700773013039
E18b,0,1500,4,1.5558039968047965,0.6520051675016484,0.4190792470264197
E18b,0,1500,5,1.664366824400027,0.6321092727541078,0.3797896374087914
E18b,0,1500,6,1.7573476647103803,0.5896476355240469,0.3355327163570811
E18b,0,1500,7,1.8717699119425204,0.6682115683815457,0.3569945024322336
E18b,0,1500,8,1.9290081531379086,0.7489370059289535,0.38824978770082497
E18b,0,1500,9,2.0712550693210963,0.7215974167114272,0.3483865543165324
E18b,0,1500,10,2.219842877098356,0.6920164296403464,0.3117411762696053
E18b,0,1500,11,2.372001821275928,0.724759905990815,0.30554778646879704
E18b,0,1500,12,2.417937259716012,0.7079643840907198,0.29279683798489897
E18b,0,1500,13,2.462526168575044,0.7414158609039619,0.3010793835880277
E18b,0,1500,14,2.6073690034834267,0.714844954481565,0.27416332461056997
E18b,0,1500,15,2.6336527271252845,0.72189705051002,0.27410487460053
E18b,0,1500,16,2.663612881756575,0.7237031918132895,0.27169983925593133
E18b,0,1500,17,2.8030437072770993,0.6413634372273717,0.2288096455871527
E18b,0,1500,18,2.7994548649526934,0.7348204027523175,0.26248696199812993
E18b,0,1500,19,2.8549407189622547,0.7648165820470177,0.26789228125374936
E18b,0,1500,20,2.9306451477502105,0.5816405940553686,0.19846844798043217
E18b,0,1500,21,2.959951776628854,0.7115933990257375,0.2404070919818109
E18b,0,1500,22,3.0625442642529945,0.6685247720692146,0.2182906480315898
E18b,0,1500,23,3.09261042922278,0.8043138298746888,0.2600760258306524
E18b,0,2000,0,0.7949256652815703,0.6599468937327956,0.8301995048795362
E18b,0,2000,1,0.9982250317330489,0.6792859888393605,0.680493843817993
E18b,0,2000,2,1.2165308029180686,0.828193255814322,0.6807828078234855
E18b,0,2000,3,1.4093781888376162,0.637621963991639,0.45241367366236684
E18b,0,2000,4,1.5455794403628853,0.6547479970621821,0.42362623360754226
E18b,0,2000,5,1.6543175794133698,0.6327894155375,0.3825078228098686
E18b,0,2000,6,1.735894915723356,0.5849333925831665,0.33696359571363904
E18b,0,2000,7,1.8476173034143135,0.6862506146063481,0.37142465235532696
E18b,0,2000,8,1.8983933150782506,0.7556669786310511,0.39805606805979665
E18b,0,2000,9,2.0361260837853545,0.7287420424880923,0.35790614750796307
E18b,0,2000,10,2.1737616152156582,0.6967354799346388,0.32052064727691676
E18b,0,2000,11,2.313879544497931,0.7233420790782321,0.3126100841326137
E18b,0,2000,12,2.3631625032958903,0.7151584540376154,0.3026277088605577
E18b,0,2000,13,2.3921580607193627,0.7488842223873788,0.3130580017618805
E18b,0,2000,14,2.5365230248571304,0.7105566965855592,0.2801301977637602
E18b,0,2000,15,2.558571888625771,0.7247477330050405,0.2832626029492993
E18b,0,2000,16,2.5960738724590193,0.7255201951362921,0.27946823964954215
E18b,0,2000,17,2.7204067721757696,0.6395413325501506,0.23509033247945055
E18b,0,2000,18,2.7233327940736585,0.7284341476114522,0.2674789321366172
E18b,0,2000,19,2.7745403303544625,0.7401939245897774,0.26678074075615027
E18b,0,2000,20,2.8574140748834314,0.5975511474145992,0.20912305033668474
E18b,0,2000,21,2.8758473866806766,0.7216953416519978,0.2509505007096304
E18b,0,2000,22,2.965600865661506,0.664762116616888,0.22415764856091192
E18b,0,2000,23,2.9971475601078086,0.8223472641752543,0.27437663567878323
E18b,0,2500,0,0.7944736679959209,0.6673087176759684,0.8399381182252029
E18b,0,2500,1,1.0043323293709177,0.7023759365592488,0.6993461387419392
E18b,0,2500,2,1.2423906513897587,0.8166319120921082,0.6573068713762537
E18b,0,2500,3,1.4194321152920082,0.6284090110645209,0.4427186085861129
E18b,0,2500,4,1.5423704611418212,0.6532268168527299,0.42352134802240976
E18b,0,2500,5,1.6510787398163178,0.6206357433358511,0.3758971200882259
E18b,0,2500,6,1.720090084631137,0.5820417815210118,0.33837866209537926
E18b,0,2500,7,1.8358083465467223,0.6796021549249575,0.37019232220146203
E18b,0,2500,8,1.8854355972156749,0.7619635426153237,0.4041313019339174
E18b,0,2500,9,2.0293616739511897,0.7205080200219808,0.3550417006837148
E18b,0,2500,10,2.1598686978005848,0.6881701178422637,0.3186166448650485
E18b,0,2500,11,2.2894818613660086,0.713411920923786,0.3116040939053923
E18b,0,2500,12,2.3465326914851112,0.7164861449325436,0.30533823267515714
E18b,0,2500,13,2.3681056493304076,0.757790773342486,0.3199987186199884
E18b,0,2500,14,2.516881198269563,0.7072534208775305,0.2810038953621609
E18b,0,2500,15,2.549624136252762,0.7114686137779588,0.27904843057519046
E18b,0,2500,16,2.5751627238562182,0.7237580720555882,0.2810533351351813
E18b,0,2500,17,2.6965158566928515,0.6408573650290784,0.23766126330703632
E18b,0,2500,18,2.700506731513228,0.7324547014917535,0.2712286153352126
E18b,0,2500,19,2.74369604423921,0.7379543029945781,0.2689635772679779
E18b,0,2500,20,2.819911103457881,0.600995494269086,0.21312568808716087
E18b,0,2500,21,2.83571227070991,0.7360611684979054,0.2595683546954625
E18b,0,2500,22,2.911204384188409,0.6565310494654777,0.2255187073196534
E18b,0,2500,23,2.939427015505935,0.8341411496760199,0.2837767855013224
E18b,0,3000,0,0.7959625653951831,0.6627339199211993,0.8326194581678125
E18b,0,3000,1,1.004449648300952,0.6874936774660387,0.6844481240338418
E18b,0,3000,2,1.2333505868982952,0.8134712379939234,0.6595620471869966
E18b,0,3000,3,1.420035687436614,0.6278945258542041,0.442168130990885
E18b,0,3000,4,1.5453093471270363,0.6738246728794711,0.43604516735255183
E18b,0,3000,5,1.659502371267944,0.6146935752645117,0.37040837416511474
E18b,0,3000,6,1.7338990851099683,0.5753641598406805,0.3318325528755841
E18b,0,3000,7,1.8506192800676733,0.6780180025357226,0.3663735755043733
E18b,0,3000,8,1.9039144901037157,0.7562980726351445,0.39723321428891756
E18b,0,3000,9,2.045879891701546,0.7114735824002606,0.3477592136694458
E18b,0,3000,10,2.1788637740982937,0.6753549229609628,0.3099573874187951
E18b,0,3000,11,2.2973836754141574,0.7186264596615797,0.31280210935251396
E18b,0,3000,12,2.35471306890825,0.7355288834882328,0.3123645480208154
E18b,0,3000,13,2.3785874307329506,0.7559179487171221,0.317801203752342
E18b,0,3000,14,2.5171636233175256,0.7132362836211001,0.2833491939157622
E18b,0,3000,15,2.54669612838612,0.7092687454347846,0.2785054477167871
E18b,0,3000,16,2.5637783653106228,0.7274383897868786,0.2837368470026634
E18b,0,3000,17,2.6675511211544105,0.6406660369867777,0.24017010654683266
E18b,0,3000,18,2.6776081130689047,0.7245960645251123,0.27061318681718
E18b,0,3000,19,2.7157018236339976,0.7425775934802752,0.273438559056016
E18b,0,3000,20,2.7829572896468076,0.5966333815598162,0.2143882638010361
E18b,0,3000,21,2.7938500519469214,0.7403698700158028,0.2649998590654029
E18b,0,3000,22,2.878744085109646,0.6568838138324304,0.22818416448692797
E18b,0,3000,23,2.9084371092939496,0.8383086079753602,0.2882333626182027
E18b,0,3500,0,0.7946021342754731,0.6546692102289693,0.8238956101293433
E18b,0,3500,1,0.9969146834721876,0.6903748292642492,0.6925114462751412
E18b,0,3500,2,1.226422728752532,0.8106564185944832,0.6609926574167868
E18b,0,3500,3,1.4185494309488536,0.6255422427220547,0.4409731723649811
E18b,0,3500,4,1.5412832693021712,0.6798404766061898,0.44108730052847017
E18b,0,3500,5,1.6642473513042155,0.6219236193295695,0.3736966255900534
E18b,0,3500,6,1.7436336328750763,0.5775437355491503,0.33122998126437764
E18b,0,3500,7,1.8647551124003907,0.6943383656989004,0.3723482837406564
E18b,0,3500,8,1.9178489544902688,0.7501493215784405,0.39114098105698697
E18b,0,3500,9,2.056006340583877,0.723172720965407,0.3517366200145258
E18b,0,3500,10,2.1936805964067716,0.6737132256758965,0.307115460099083
E18b,0,3500,11,2.315568357518592,0.7053121371580517,0.30459568808146864
E18b,0,3500,12,2.3635232782495343,0.7213996213649141,0.3052221351080557
E18b,0,3500,13,2.376004506453119,0.7612177194939912,0.32037722042469147
E18b,0,3500,14,2.505326955603135,0.7120495983902059,0.2842142406992888
E18b,0,3500,15,2.531341841664871,0.7114135703420101,0.2810420776176604
E18b,0,3500,16,2.5410732673966074,0.7229290679032062,0.2844975299133602
E18b,0,3500,17,2.645789714919898,0.6419139480730139,0.24261714544175256
E18b,0,3500,18,2.660901783253155,0.7190780433781981,0.27023847625787617
E18b,0,3500,19,2.7110877921021705,0.7398128440438319,0.27288413388862737
E18b,0,3500,20,2.7556162092163805,0.5998374557505792,0.21767815624845524
E18b,0,3500,21,2.765502656811301,0.7220212075727006,0.2610813646460967
E18b,0,3500,22,2.8510534557563196,0.6589669917231918,0.23113105452047122
E18b,0,3500,23,2.8739603521241177,0.841346530185365,0.2927481339690485
E18b,0,4000,0,0.796653449076707,0.6605231657231778,0.8291223322872708
E18b,0,4000,1,1.0000861582532867,0.6939129879936917,0.6938532068133553
E18b,0,4000,2,1.232524663280606,0.8008916481499773,0.6497976649150754
E18b,0,4000,3,1.4187863076092253,0.6335284919193587,0.4465284789694
E18b,0,4000,4,1.5439428901400554,0.6809688675568177,0.4410583266425387
E18b,0,4000,5,1.6641565783436232,0.6120564020409897,0.3677877490651659
E18b,0,4000,6,1.7402945112012953,0.5773191020666281,0.33173643791366936
E18b,0,4000,7,1.8563723940149053,0.6835405329898173,0.3682130456117573
E18b,0,4000,8,1.9084746123051028,0.7501401688595033,0.39305745228303846
E18b,0,4000,9,2.0419750267352588,0.7211545850470178,0.3531652324857326
E18b,0,4000,10,2.1822383248043526,0.6782101393777187,0.31078646711904084
E18b,0,4000,11,2.297206667349495,0.6891439878828787,0.29999215903286985
E18b,0,4000,12,2.3438155532210305,0.7263186841921873,0.30988730456798563
E18b,0,4000,13,2.358024532197534,0.7543311970008364,0.3198996391686587
E18b,0,4000,14,2.4851541594085713,0.7162432424783765,0.28820877761918456
E18b,0,4000,15,2.513861330635451,0.7094781401337688,0.28222644244041406
E18b,0,4000,16,2.52598993791345,0.7131239353346119,0.28231463816664115
E18b,0,4000,17,2.629586842780063,0.6302830186682329,0.23968899159910703
E18b,0,4000,18,2.638441916967645,0.7157309181812761,0.2712702953885238
E18b,0,4000,19,2.6890592342818564,0.747939793835785,0.2781418067332127
E18b,0,4000,20,2.7370909469409335,0.594907372821796,0.2173502394893691
E18b,0,4000,21,2.7379949815970686,0.7113590330992885,0.259810203408172
E18b,0,4000,22,2.8196714622035643,0.6617751489691275,0.23469938176838243
E18b,0,4000,23,2.8419844103787795,0.835404998606665,0.29395129528360864
E18b,0,4500,0,0.7939178341486427,0.6667904261141117,0.8398733438569798
E18b,0,4500,1,1.004123474491683,0.6997952019735512,0.6969214640936546
E18b,0,4500,2,1.2358791294831621,0.796133786346576,0.6441841822181387
E18b,0,4500,3,1.4167348893566458,0.629426261008302,0.44427949487015955
E18b,0,4500,4,1.5399159750627818,0.6895015093372899,0.44775268294049564
E18b,0,4500,5,1.6551782774732242,0.6125758100534995,0.3700965741217016
E18b,0,4500,6,1.738725376560526,0.5784778842561678,0.3327022726271406
E18b,0,4500,7,1.8521730911762302,0.6769518699527125,0.36549060839816616
E18b,0,4500,8,1.9000973103791556,0.7537029612503617,0.39666545346562476
E18b,0,4500,9,2.0303677013195323,0.7058321784390094,0.3476376116406355
E18b,0,4500,10,2.1654948992182823,0.6776400601230876,0.3129261862347067
E18b,0,4500,11,2.2775410362847404,0.6945209050016037,0.3049433112013416
E18b,0,4500,12,2.3086450693184637,0.7133506025388726,0.3089910233578959
E18b,0,4500,13,2.3247104442479345,0.7649547163189453,0.3290537616035942
E18b,0,4500,14,2.456259200323862,0.7279640778365906,0.2963710335377501
E18b,0,4500,15,2.493121534080307,0.7055583864176055,0.28300200241857865
E18b,0,4500,16,2.4983569115332664,0.6959762590975231,0.2785735920615104
E18b,0,4500,17,2.5967920220433673,0.6239581832772878,0.24028038363515408
E18b,0,4500,18,2.602121145529857,0.708445610611827,0.2722569669090367
E18b,0,4500,19,2.6526848515480954,0.7414892011131613,0.2795240454893959
E18b,0,4500,20,2.7085327438232554,0.6043615046449363,0.22313243434961913
E18b,0,4500,21,2.706650824650912,0.7151379262007433,0.26421506597289945
E18b,0,4500,22,2.791369137020809,0.6580773688675856,0.23575433293281403
E18b,0,4500,23,2.8122893373202946,0.8319704283650953,0.29583386649605653
E18b,0,5000,0,0.790088627770888,0.6612420808163468,0.8369214004281247
E18b,0,5000,1,0.9980478038653862,0.7048986684109281,0.7062774605393579
E18b,0,5000,2,1.2335801141071643,0.7854188705908929,0.6366987126404516
E18b,0,5000,3,1.414007840607825,0.6313135916091103,0.44647106860293934
E18b,0,5000,4,1.5349285393550112,0.6868903497878999,0.4475064031818292
E18b,0,5000,5,1.6532755216751422,0.6129356534851481,0.3707401733403187
E18b,0,5000,6,1.7356005453977015,0.5784501157208943,0.33328528114073985
E18b,0,5000,7,1.8432159983951237,0.6752577759365203,0.3663476101143126
E18b,0,5000,8,1.887454765057684,0.736044833713491,0.3899668735589519
E18b,0,5000,9,2.0175368758640193,0.7056193292692771,0.34974296515254144
E18b,0,5000,10,2.1475752408976074,0.6808944739849163,0.31705267457838987
E18b,0,5000,11,2.255500444334801,0.6857996689627488,0.304056543498047
E18b,0,5000,12,2.2890480231895878,0.7246076501810184,0.3165541495155445
E18b,0,5000,13,2.3014297396850134,0.7645142483203459,0.3321910007233076
E18b,0,5000,14,2.424928612445567,0.7351867382896089,0.30317871401095187
E18b,0,5000,15,2.467833741038967,0.7049202876106141,0.285643346181757
E18b,0,5000,16,2.475661746827387,0.6919490551146901,0.27950064503013683
E18b,0,5000,17,2.5785092273436776,0.6350192877603879,0.24627380853493028
E18b,0,5000,18,2.59020605546202,0.71218724101378,0.2749538939236036
E18b,0,5000,19,2.6492140285231756,0.737684311831345,0.2784540259446583
E18b,0,5000,20,2.70115144377273,0.6115863997050945,0.22641692346241965
E18b,0,5000,21,2.697737935452196,0.7203221721973598,0.2670096908714816
E18b,0,5000,22,2.784325384051169,0.6607838178397037,0.2373227718372014
E18b,0,5000,23,2.8115255320802097,0.8292082629193719,0.29493179181832
E18b,0,5500,0,0.7879639789788415,0.6610691050122833,0.8389585344611729
E18b,0,5500,1,0.9974526100807647,0.7070961287347202,0.7089019784884476
E18b,0,5500,2,1.235043119320624,0.7823286931600152,0.6334424125939512
E18b,0,5500,3,1.408650725006877,0.6331205882551081,0.449451788875498
E18b,0,5500,4,1.535617240259222,0.6967444509897471,0.4537227329331964
E18b,0,5500,5,1.662257581358193,0.6092115682909638,0.36649648954718006
E18b,0,5500,6,1.7415952221017688,0.5868883809017538,0.3369832286250148
E18b,0,5500,7,1.845131915616567,0.6775016116695474,0.36718329238977704
E18b,0,5500,8,1.8905619035454317,0.7380816582714103,0.39040332764944746
E18b,0,5500,9,2.0176412974217053,0.6995441543560057,0.3467138362254659
E18b,0,5500,10,2.1385064137321788,0.6801741004045738,0.3180603509238561
E18b,0,5500,11,2.2453229366480745,0.6845277994330816,0.30486830569458195
E18b,0,5500,12,2.279680940177824,0.733828408517472,0.3218996112939517
E18b,0,5500,13,2.2914054270347433,0.7693021991100989,0.33573377719788144
E18b,0,5500,14,2.4148043495648164,0.7499818508326753,0.3105766522939356
E18b,0,5500,15,2.457476938956169,0.7198860368855735,0.2929370467221354
E18b,0,5500,16,2.467839751983581,0.6873599574791722,0.2785269817161716
E18b,0,5500,17,2.5554214849445103,0.6459237836379133,0.2527660456184742
E18b,0,5500,18,2.5769128570211324,0.7063283826852308,0.2740986683972443
E18b,0,5500,19,2.6370682015113553,0.7529087240470544,0.28550976558571667
E18b,0,5500,20,2.684876700944826,0.6047536476236929,0.22524447674296405
E18b,0,5500,21,2.6813358679097754,0.7161334076959177,0.267080829472578
E18b,0,5500,22,2.757972007606092,0.6616183095415568,0.23989304739747475
E18b,0,5500,23,2.7834882838436052,0.8297756671961075,0.29810639836798747
E18b,0,6000,0,0.7877758994489247,0.6574594874652038,0.8345767976973127
E18b,0,6000,1,0.997621968548635,0.7079772290005228,0.7096648342964074
E18b,0,6000,2,1.2369709583692206,0.7885355100198633,0.6374729371653487
E18b,0,6000,3,1.406540810353411,0.6378400060248615,0.4534813361473644
E18b,0,6000,4,1.535760358911611,0.6915618698505341,0.45030584741791496
E18b,0,6000,5,1.6629625253481346,0.6087037032400751,0.3660357307887292
E18b,0,6000,6,1.7443584030024797,0.5845542252548998,0.33511130754364177
E18b,0,6000,7,1.8501667000245505,0.6759948944107813,0.36536972284811486
E18b,0,6000,8,1.8963326269160383,0.7412139273308842,0.39086704347659895
E18b,0,6000,9,2.026205910595098,0.6999417357900897,0.34544452374266166
E18b,0,6000,10,2.147558218481048,0.6914322005127267,0.3219620285785647
E18b,0,6000,11,2.2604426000006375,0.6832159404782682,0.30224874565630444
E18b,0,6000,12,2.289640714764515,0.7334595144499297,0.3203382564435943
E18b,0,6000,13,2.3006755596965007,0.7578558026202561,0.32940576928640497
E18b,0,6000,14,2.4129127596113493,0.7539212873580269,0.3124527749107108
E18b,0,6000,15,2.4566016082495206,0.7245233391802246,0.2949291153873712
E18b,0,6000,16,2.466702219746301,0.6855055896446806,0.27790366593791144
E18b,0,6000,17,2.553552662174052,0.6395443003919127,0.25045275543579953
E18b,0,6000,18,2.5779625648765196,0.698930192020062,0.2711172774743297
E18b,0,6000,19,2.6391178501478354,0.7481427242205786,0.2834821204284871
E18b,0,6000,20,2.6895384781331693,0.6047896093725328,0.22486743145326638
E18b,0,6000,21,2.687175548371694,0.7160718679539596,0.2664775170300528
E18b,0,6000,22,2.769232631655323,0.6555102189732227,0.23671186431939023
E18b,0,6000,23,2.791008004893101,0.8278620168754629,0.2966175716529953
E18b,0,6500,0,0.7904075758210686,0.6539794051236713,0.8273951631148311
E18b,0,6500,1,0.996509450387765,0.7072461282082401,0.7097234531323654
E18b,0,6500,2,1.239721172637513,0.7839518065387884,0.6323613920950684
E18b,0,6500,3,1.4069781940450499,0.6427864766887887,0.4568560333126296
E18b,0,6500,4,1.5369852265941917,0.6959531949505154,0.45280408875020833
E18b,0,6500,5,1.660909816012959,0.6098191545239118,0.36715970285960053
E18b,0,6500,6,1.7403087937087376,0.5793114442172398,0.3328785364479373
E18b,0,6500,7,1.8380275042188816,0.6738529392766017,0.366617440560539
E18b,0,6500,8,1.8837263864693166,0.737213388820045,0.39135906048532343
E18b,0,6500,9,2.011369409391005,0.708226449744785,0.3521115745512005
E18b,0,6500,10,2.139334359526486,0.6835062331033251,0.3194948139170776
E18b,0,6500,11,2.248088728221163,0.675668783870822,0.3005525428729212
E18b,0,6500,12,2.2748090823270557,0.733294684334993,0.32235438570732994
E18b,0,6500,13,2.2854661345117506,0.7589186651479647,0.33206296680046593
E18b,0,6500,14,2.40109948352594,0.7455506821674528,0.31050387011563335
E18b,0,6500,15,2.4360464395102417,0.7312829662579062,0.3001925391885912
E18b,0,6500,16,2.4459693809668765,0.6908315724478766,0.28243672133573283
E18b,0,6500,17,2.5386108019498748,0.6429255648672365,0.25325881555905044
E18b,0,6500,18,2.5668666730351872,0.6926055054908545,0.2698252748250007
E18b,0,6500,19,2.6212327553799377,0.7451600684265378,0.2842784819078494
E18b,0,6500,20,2.6653867036020475,0.6089924113143228,0.22848182235295178
E18b,0,6500,21,2.6594443252964246,0.7143183431736094,0.26859684046741256
E18b,0,6500,22,2.7412862823957194,0.6496377301443658,0.23698281143282177
E18b,0,6500,23,2.763653063886792,0.8162541711377888,0.2953533429372686
E18b,0,7000,0,0.7902372146600872,0.6554145809184518,0.8293896677599168
E18b,0,7000,1,0.999061592403287,0.6992561822820555,0.6999129859451045
E18b,0,7000,2,1.2391427734922795,0.7871182906728865,0.6352119445078543
E18b,0,7000,3,1.4177510335075074,0.6404686568584252,0.45174973723976747
E18b,0,7000,4,1.5438600233025397,0.6872475807684478,0.4451488932904202
E18b,0,7000,5,1.6616990270896017,0.6163254206926561,0.3709007531719658
E18b,0,7000,6,1.7467402383301378,0.5774402600413812,0.3305816442365849
E18b,0,7000,7,1.8408291900551725,0.6669466809773584,0.36230774945358674
E18b,0,7000,8,1.8904430672715073,0.7233885143485531,0.3826555408476945
E18b,0,7000,9,2.007863895992549,0.708865061974442,0.35304437884920886
E18b,0,7000,10,2.138118490779321,0.6876275883267077,0.3216040604354321
E18b,0,7000,11,2.247027043957313,0.67378687566914,0.2998570388732446
E18b,0,7000,12,2.284506785258819,0.7245761902080485,0.3171696380520748
E18b,0,7000,13,2.2951359360447556,0.7609062929460122,0.3315299460028037
E18b,0,7000,14,2.4127727412926037,0.7437733341426495,0.30826497722457896
E18b,0,7000,15,2.449044307957438,0.7311043727733589,0.29852639676540504
E18b,0,7000,16,2.4665460147649223,0.6817529801190153,0.2763998628195026
E18b,0,7000,17,2.5479965494481505,0.6417808989365589,0.2518766750589034
E18b,0,7000,18,2.5681773485877786,0.6819461370100107,0.2655370110576701
E18b,0,7000,19,2.620972360940783,0.7345231288862759,0.2802483306701575
E18b,0,7000,20,2.6702906287706827,0.6076619121601501,0.22756396087114247
E18b,0,7000,21,2.6593299762272324,0.7157006916081028,0.2691282007144751
E18b,0,7000,22,2.7401853789754615,0.6387935436339309,0.23312055765831868
E18b,0,7000,23,2.765565592178489,0.825541733909962,0.2985073781091075
E18b,0,7500,0,0.7931970733215948,0.6559777565818146,0.8270047616727074
E18b,0,7500,1,1.0006307019592482,0.7029378884536497,0.7024948235920485
E18b,0,7500,2,1.240274712550584,0.7918633333856235,0.6384580168994841
E18b,0,7500,3,1.4144418829135637,0.6461536076198944,0.45682584447294733
E18b,0,7500,4,1.5407163057297866,0.691147580985325,0.44858847694089354
E18b,0,7500,5,1.6518404816703423,0.6223177454911712,0.3767420355637992
E18b,0,7500,6,1.7408838282224204,0.5686033284518531,0.32661761757672364
E18b,0,7500,7,1.8358457434548994,0.6828332503041472,0.37194478497911015
E18b,0,7500,8,1.885338369984132,0.7314024860074807,0.38794229070595776
E18b,0,7500,9,2.006053387664413,0.7080567570462658,0.3529600764367666
E18b,0,7500,10,2.1337891160804197,0.6834870188524785,0.32031610513975406
E18b,0,7500,11,2.2375887190627646,0.6694554644996936,0.2991861099389621
E18b,0,7500,12,2.280382846003317,0.714145564727889,0.3131691531444059
E18b,0,7500,13,2.2914377372085277,0.7546048762085484,0.3293150252154886
E18b,0,7500,14,2.409453965777264,0.7475650417003608,0.3102632597752098
E18b,0,7500,15,2.4438442774441973,0.7374227994915707,0.30174704922802065
E18b,0,7500,16,2.4540273750536645,0.6675207139943864,0.2720102965354203
E18b,0,7500,17,2.5357303839632586,0.6499905549707795,0.2563326760137909
E18b,0,7500,18,2.5612617814784695,0.6895287145199074,0.2692144627722833
E18b,0,7500,19,2.6128210034201307,0.7181410808603493,0.27485276638557216
E18b,0,7500,20,2.6580803852036574,0.6123282698576287,0.23036484271363117
E18b,0,7500,21,2.65834527598155,0.709967824256447,0.267071335943862
E18b,0,7500,22,2.7361880041268893,0.6434492060719991,0.2351626441975145
E18b,0,7500,23,2.7594135185797937,0.8074507033283013,0.29261678175146344
E18b,0,8000,0,0.7909777612800369,0.6558666304000536,0.8291846654938396
E18b,0,8000,1,1.001114637859565,0.7004752810606771,0.6996953741065355
E18b,0,8000,2,1.237942925496792,0.7895632083412124,0.6378025933823703
E18b,0,8000,3,1.4123796676402434,0.6547804242522993,0.4636008569468325
E18b,0,8000,4,1.5411198247300237,0.6935515126098575,0.4500308811038461
E18b,0,8000,5,1.6529019007142174,0.6327494842353101,0.3828112751046506
E18b,0,8000,6,1.749224263544395,0.5637442286445908,0.3222824199238436
E18b,0,8000,7,1.8444443551589842,0.6863840438754029,0.3721359454166017
E18b,0,8000,8,1.8958810186363693,0.7238590067678223,0.381806136383213
E18b,0,8000,9,2.015936664782883,0.7034881667282495,0.3489634267870293
E18b,0,8000,10,2.1424142874254555,0.6822699292246229,0.3184584481298005
E18b,0,8000,11,2.2395181874634096,0.6644008184702492,0.29667132072849245
E18b,0,8000,12,2.2846408606429027,0.7088839567950559,0.31028244701689106
E18b,0,8000,13,2.2984254020656176,0.7566048895386889,0.3291840095652966
E18b,0,8000,14,2.4177068991383943,0.7289215685864207,0.30149294310496805
E18b,0,8000,15,2.442358834529296,0.7515379117485269,0.30770986684000806
E18b,0,8000,16,2.4492379062143548,0.6683696837950764,0.2728888370130351
E18b,0,8000,17,2.5251532128889815,0.6531844384032675,0.2586712105504169
E18b,0,8000,18,2.544548256694574,0.7016014651888605,0.2757273175476172
E18b,0,8000,19,2.594790836253737,0.728506593933139,0.28075734805080854
E18b,0,8000,20,2.6459820463490544,0.6186331679214916,0.23380096957766067
E18b,0,8000,21,2.6497899610454234,0.7178709052647033,0.2709161540416891
E18b,0,8000,22,2.72801944003203,0.6388572450727037,0.2341835383200945
E18b,0,8000,23,2.7570239139671515,0.8084210443285835,0.29322235481277564
E18b,0,8500,0,0.7919085143223132,0.6620015367779787,0.8359570894934698
E18b,0,8500,1,1.0053339427595664,0.699146110427057,0.695436690924762
E18b,0,8500,2,1.2422377351399982,0.786496192914651,0.633128563612676
E18b,0,8500,3,1.4146894666091459,0.6537302495297531,0.46210158834127196
E18b,0,8500,4,1.5484568953860833,0.7051559381451654,0.45539268173774117
E18b,0,8500,5,1.6699448570542776,0.635905026792537,0.38079402688436703
E18b,0,8500,6,1.7679525927461026,0.5590499968195867,0.31621322829207354
E18b,0,8500,7,1.8581899173162821,0.6805075160408078,0.36622064822289035
E18b,0,8500,8,1.9132182403718345,0.7285173222657018,0.3807810875376738
E18b,0,8500,9,2.031336484443537,0.7061663600973624,0.34763632982785186
E18b,0,8500,10,2.1537445110190836,0.6898894283049029,0.3203209223634743
E18b,0,8500,11,2.2611080014282843,0.6554169568855855,0.2898653918661008
E18b,0,8500,12,2.287909414328475,0.707250500908292,0.30912521994052694
E18b,0,8500,13,2.295845839158305,0.757721135204306,0.33004007598441326
E18b,0,8500,14,2.4151097889558364,0.7165244765617779,0.29668401819180423
E18b,0,8500,15,2.4341375071156,0.7466723941608694,0.3067502932673923
E18b,0,8500,16,2.4429368372357456,0.6598938234578422,0.2701231621708776
E18b,0,8500,17,2.5169218623833247,0.6553515529254681,0.2603781876267316
E18b,0,8500,18,2.543395016116739,0.7036420326249404,0.27665464002491547
E18b,0,8500,19,2.599612296814371,0.7308759311819862,0.28114805122195324
E18b,0,8500,20,2.658120525404309,0.6198010400035601,0.233172662443245
E18b,0,8500,21,2.664327502633688,0.7171076721685057,0.26915147310518117
E18b,0,8500,22,2.742866000264394,0.6363649840856123,0.2320073179018847
E18b,0,8500,23,2.766238194003754,0.8200894714986859,0.2964637945048824
E18b,0,9000,0,0.7910774019790144,0.6613856786815112,0.8360568473160055
E18b,0,9000,1,1.0032044380122236,0.7053386036656304,0.70308560941298
E18b,0,9000,2,1.2451274395697882,0.7861699038684609,0.631397139669571
E18b,0,9000,3,1.416348664764871,0.665952146133099,0.470189412183796
E18b,0,9000,4,1.5572593376258552,0.706923265258389,0.45395346053030594
E18b,0,9000,5,1.672636029017094,0.6430148229456706,0.38443200540378836
E18b,0,9000,6,1.7746626709762812,0.5633244227450153,0.3174261970784104
E18b,0,9000,7,1.864107052998511,0.6755831918478966,0.3624165204252549
E18b,0,9000,8,1.9153179662396476,0.7324998600246273,0.3824429535649099
E18b,0,9000,9,2.0285034599181597,0.7096642030132698,0.34984618810652723
E18b,0,9000,10,2.151280563860061,0.6926247302456532,0.3219592748064765
E18b,0,9000,11,2.254152238757941,0.6613325833595104,0.2933841698837124
E18b,0,9000,12,2.276322505610517,0.6989028283443999,0.3070315505038474
E18b,0,9000,13,2.280720222151046,0.7445635530964945,0.32645983749565927
E18b,0,9000,14,2.385001993999227,0.7308833302273833,0.30644977742841256
E18b,0,9000,15,2.4107795288743423,0.7433839326923417,0.30835832301904753
E18b,0,9000,16,2.4249982384783,0.6533657672146829,0.26942937807025935
E18b,0,9000,17,2.4954439512090687,0.6556660789184113,0.2627452636636997
E18b,0,9000,18,2.5313477827011757,0.7000709992141314,0.27656057535764317
E18b,0,9000,19,2.5952122355007834,0.723454112266495,0.27876491269967146
E18b,0,9000,20,2.655717830144016,0.6217922260670484,0.23413339286626303
E18b,0,9000,21,2.665751417306153,0.7205489259959975,0.27029861873772937
E18b,0,9000,22,2.744276375295355,0.6409941888965545,0.2335749397061245
E18b,0,9000,23,2.7691166880595626,0.8322430813808023,0.30054460506104214
E18b,0,9500,0,0.7903337680747127,0.6615699982635577,0.8370767199725894
E18b,0,9500,1,1.0019256942706738,0.7063170373903156,0.7049595009183401
E18b,0,9500,2,1.241873477391833,0.7777323122051175,0.6262572849518464
E18b,0,9500,3,1.407825102086352,0.672727141960568,0.47784852036208747
E18b,0,9500,4,1.552592021754628,0.7191427439234236,0.46318848341800706
E18b,0,9500,5,1.670192558064653,0.6484903072841814,0.3882727797779341
E18b,0,9500,6,1.7717113493524,0.5671805510341175,0.32013146568228207
E18b,0,9500,7,1.8658668202301287,0.6855211640563137,0.3674009080518213
E18b,0,9500,8,1.9208180796828302,0.7317548885278267,0.3809600171238786
E18b,0,9500,9,2.0324861052492764,0.7058435312531134,0.34728086427264626
E18b,0,9500,10,2.1604467913625376,0.686754298040883,0.3178760526695336
E18b,0,9500,11,2.258092613992023,0.6603352289469963,0.29243053400702057
E18b,0,9500,12,2.2823461153228823,0.6996617408408035,0.30655374140824504
E18b,0,9500,13,2.2896050475786756,0.7472053111586823,0.3263468133724084
E18b,0,9500,14,2.388595707109537,0.7377734746548608,0.3088733151696264
E18b,0,9500,15,2.4099172606369863,0.7560112788089629,0.3137083961999322
E18b,0,9500,16,2.4218472670626103,0.6501261631337607,0.26844226387664827
E18b,0,9500,17,2.486222123465365,0.6651137502717119,0.26751984225152736
E18b,0,9500,18,2.5244962964159714,0.6951595857067517,0.2753656587627679
E18b,0,9500,19,2.5947282470814046,0.7324578701643416,0.2822869296575558
E18b,0,9500,20,2.656773285828973,0.6195656685799645,0.23320231044352965
E18b,0,9500,21,2.660807436382833,0.7243838380036756,0.2722421127131322
E18b,0,9500,22,2.724959658021858,0.6423214435279664,0.2357177808622127
E18b,0,9500,23,2.749182083189902,0.8238438721886157,0.29966871864402006
E18b,0,10000,0,0.7893307689177389,0.657460130838861,0.8329336150677524
E18b,0,10000,1,1.0004356033783168,0.7032281252659676,0.7029219300985237
E18b,0,10000,2,1.2361298887145555,0.7811862062884622,0.6319612634727353
E18b,0,10000,3,1.4061129334085805,0.6804741144825789,0.4839398730463498
E18b,0,10000,4,1.5583059106479866,0.7229297478987576,0.46392030150109836
E18b,0,10000,5,1.68019372906542,0.6436789442452185,0.38309805179623796
E18b,0,10000,6,1.7714791808831256,0.5735294172059634,0.32375735678702416
E18b,0,10000,7,1.8610146292090124,0.6903049577926011,0.3709293559320389
E18b,0,10000,8,1.9243859989859562,0.7261470046259045,0.3773395800055412
E18b,0,10000,9,2.041520373807901,0.7036593147168159,0.34467415742921576
E18b,0,10000,10,2.166300921531355,0.6889540712512344,0.3180324877322278
E18b,0,10000,11,2.2657206820172893,0.6696606861823149,0.2955618896439084
E18b,0,10000,12,2.291573575520099,0.7038871462363269,0.3071632321805646
E18b,0,10000,13,2.294138950338586,0.7580408949096052,0.33042501405493685
E18b,0,10000,14,2.392475398500922,0.7368264346960469,0.30797659827880686
E18b,0,10000,15,2.4095988068171548,0.7578250168375783,0.31450256976122565
E18b,0,10000,16,2.4192637457297064,0.6530663868889643,0.26994427045902114
E18b,0,10000,17,2.475486499442573,0.6693550666701279,0.27039334160006623
E18b,0,10000,18,2.5128719668257413,0.6929188250166652,0.2757477635806332
E18b,0,10000,19,2.582632045798828,0.7312129489415665,0.2831270331873376
E18b,0,10000,20,2.6379124038518267,0.6243119789721497,0.23666895764261994
E18b,0,10000,21,2.6454889410973363,0.7122914546290466,0.2692475646235707
E18b,0,10000,22,2.7131551172929442,0.6484176536241701,0.2389902624775579
E18b,0,10000,23,2.7365136037534885,0.819235747286396,0.29937207188106296
E18b,0,10500,0,0.7903582708200938,0.6561250539684683,0.8301615586152569
E18b,0,10500,1,1.0031982920369031,0.7127203327699053,0.7104481122299274
E18b,0,10500,2,1.2468530353983267,0.7811878804727561,0.6265276326036239
E18b,0,10500,3,1.4146645286902546,0.6767057286923044,0.47835067252221414
E18b,0,10500,4,1.5627335904328443,0.7146359054519236,0.4572986143172263
E18b,0,10500,5,1.6760552321539273,0.6406947747441277,0.3822635211852535
E18b,0,10500,6,1.7654212662984665,0.5715759471994708,0.3237617888210251
E18b,0,10500,7,1.8563181847671952,0.6869579355862027,0.37006475572093556
E18b,0,10500,8,1.9198072740192542,0.7164126478836237,0.3731690454447349
E18b,0,10500,9,2.0328632786699528,0.7096832823229089,0.3491052692865973
E18b,0,10500,10,2.165497288225161,0.6831378093481119,0.31546463394928137
E18b,0,10500,11,2.271050454330645,0.6714154604744663,0.2956409265122888
E18b,0,10500,12,2.2942212562345663,0.7000438233705087,0.3051335268854883
E18b,0,10500,13,2.29064955020815,0.7558429973496688,0.32996884978803753
E18b,0,10500,14,2.3897675524897104,0.7362841587008375,0.3080986508222363
E18b,0,10500,15,2.415720885016585,0.7599248842754676,0.3145747875877847
E18b,0,10500,16,2.423520221073358,0.6663967854351217,0.27497059015252606
E18b,0,10500,17,2.4861438721775837,0.659021957889429,0.26507796482115875
E18b,0,10500,18,2.5204854373539365,0.6938540664279507,0.2752858858634687
E18b,0,10500,19,2.5946786947657903,0.7468844622896411,0.2878523895063851
E18b,0,10500,20,2.6463665144861546,0.6176384315828943,0.23339111502581164
E18b,0,10500,21,2.6563069538456103,0.7309938798603761,0.2751917954369301
E18b,0,10500,22,2.7274322697764757,0.6542445403036659,0.2398756323130561
E18b,0,10500,23,2.74775951113609,0.825956757830489,0.3005928118829397
E18b,0,11000,0,0.7887821858709111,0.6559308375145799,0.8315741015250653
E18b,0,11000,1,1.001893791945475,0.714064165447587,0.7127144325957135
E18b,0,11000,2,1.246107072502478,0.7760058682282341,0.6227441327893521
E18b,0,11000,3,1.4141823816441554,0.6804165819283382,0.48113778728969375
E18b,0,11000,4,1.5649331153516142,0.7238717173824509,0.4625576072749979
E18b,0,11000,5,1.6849664446477046,0.6490783306426862,0.3852173630546076
E18b,0,11000,6,1.7695652430770092,0.5777170033998154,0.32647397752639623
E18b,0,11000,7,1.8620268782235778,0.6894449774820186,0.37026585681715135
E18b,0,11000,8,1.9311711570723913,0.7150327428095721,0.37025860716226955
E18b,0,11000,9,2.0418178540279284,0.7004398114074458,0.34304715772059513
E18b,0,11000,10,2.167561395447764,0.6851454935331526,0.31609046690537623
E18b,0,11000,11,2.2816995579273733,0.6721545426895601,0.29458503436803263
E18b,0,11000,12,2.305383090583916,0.7054556466527837,0.3060036527265858
E18b,0,11000,13,2.306469198359393,0.7521491403881163,0.3261041339390637
E18b,0,11000,14,2.405246040852283,0.7384999175695579,0.307037161698383
E18b,0,11000,15,2.4278661074007077,0.7604676611769419,0.31322471155178505
E18b,0,11000,16,2.429881884861178,0.6660564176985836,0.274110614943177
E18b,0,11000,17,2.4931017831889952,0.6682500261127992,0.2680396085786847
E18b,0,11000,18,2.526737575896494,0.7035032136507406,0.27842353727657515
E18b,0,11000,19,2.5897522592692845,0.7512760739205052,0.2900957306752124
E18b,0,11000,20,2.637012091686502,0.623697179205823,0.2365166171107457
E18b,0,11000,21,2.649963320114198,0.725611157603421,0.27381932123202046
E18b,0,11000,22,2.723475887084297,0.6595841857641761,0.24218469819841684
E18b,0,11000,23,2.7468298315195074,0.8104094795989095,0.295034468571576
E18b,0,11500,0,0.7901849933848041,0.6585215407201337,0.8333764197410505
E18b,0,11500,1,1.0044725042629938,0.7086499625490497,0.7054946347874436
E18b,0,11500,2,1.2505434466739271,0.7668015709381846,0.6131746745606066
E18b,0,11500,3,1.4136808833398538,0.6778899982078928,0.4795212315571262
E18b,0,11500,4,1.5581286664629763,0.7171876033742194,0.46028779189479146
E18b,0,11500,5,1.6775340562917316,0.6530038539088575,0.38926414129102893
E18b,0,11500,6,1.767011590711779,0.5722588522483099,0.3238568752216251
E18b,0,11500,7,1.859351676639738,0.6861751988012834,0.3690400301471503
E18b,0,11500,8,1.9270333470094156,0.7070921766137607,0.366933025684846
E18b,0,11500,9,2.0369539107731867,0.697144063638168,0.3422483247907883
E18b,0,11500,10,2.1600323979295704,0.6847523851390732,0.3170102382702318
E18b,0,11500,11,2.277954263043855,0.6791405567330201,0.29813616882085103
E18b,0,11500,12,2.300331418682398,0.7036075599548951,0.3058722557282259
E18b,0,11500,13,2.2975720196712617,0.74166942881825,0.32280573686842196
E18b,0,11500,14,2.3974740559803056,0.7414041137007146,0.3092438526503934
E18b,0,11500,15,2.4240501511340944,0.7472614803516098,0.3082698103428276
E18b,0,11500,16,2.422705133728698,0.6658164044709869,0.2748235413387897
E18b,0,11500,17,2.485334734657022,0.6738090738483281,0.2711140131155469
E18b,0,11500,18,2.513206187610959,0.7013304419444553,0.2790580595423157
E18b,0,11500,19,2.5810186008651463,0.748709953688422,0.29008312975251616
E18b,0,11500,20,2.6261860146888334,0.6215459091295442,0.2366724617575076
E18b,0,11500,21,2.6361577945460475,0.7216477671293828,0.27374983721475304
E18b,0,11500,22,2.7138103252114685,0.6577341921650277,0.24236557214578916
E18b,0,11500,23,2.7428416272645455,0.825611652441655,0.30100595099435
E18b,0,12000,0,0.791693059876447,0.6600853952807564,0.833764281555999
E18b,0,12000,1,1.0063307476219998,0.704209766967909,0.699779638684384
E18b,0,12000,2,1.2528125194563664,0.7627531308915995,0.6088326218376084
E18b,0,12000,3,1.412535059569088,0.6771684512527505,0.47939939378165203
E18b,0,12000,4,1.5524650396644866,0.7144278912888988,0.460189358881343
E18b,0,12000,5,1.67317986086977,0.6600509216736453,0.39448892322343077
E18b,0,12000,6,1.7639559842898502,0.5690736213347319,0.3226121436152699
E18b,0,12000,7,1.853530700303439,0.6818181950884777,0.36784834207324335
E18b,0,12000,8,1.9207908799394846,0.7056316390161957,0.36736515483581794
E18b,0,12000,9,2.033440758633017,0.6925257103981379,0.34056842200000415
E18b,0,12000,10,2.1607471395891755,0.6896796178149278,0.31918571367219634
E18b,0,12000,11,2.277482308470764,0.6786601764969753,0.29798702451948694
E18b,0,12000,12,2.311288354477502,0.7013127957647108,0.3034293814556307
E18b,0,12000,13,2.308446609908056,0.7427409790564554,0.3217492559145816
E18b,0,12000,14,2.405958669300326,0.7367927515516453,0.3062366618982325
E18b,0,12000,15,2.4332149625144703,0.7382792199430565,0.3034171790478072
E18b,0,12000,16,2.4337109710315397,0.6693051758126937,0.27501424112371303
E18b,0,12000,17,2.4970983956229524,0.6652079684104762,0.2663923734749453
E18b,0,12000,18,2.5186376643445105,0.699346226202923,0.2776684539040004
E18b,0,12000,19,2.590680143601219,0.7441115287717845,0.2872263218636554
E18b,0,12000,20,2.635731383799916,0.624626546942487,0.23698414443203508
E18b,0,12000,21,2.646668245113253,0.7183977940925593,0.2714347729145851
E18b,0,12000,22,2.727238513698239,0.6551395684895427,0.24022085534467924
E18b,0,12000,23,2.7514112537198394,0.8244954250829275,0.2996627363387535
E18b,1,0,0,0.7540337712597609,0.7116535386445352,0.9437953123181456
E18b,1,0,1,1.008411201427227,0.7979933074793036,0.7913372108023847
E18b,1,0,2,1.305423162159696,0.819028340452332,0.627404480166668
E18b,1,0,3,1.4709065304231874,0.7615384428973297,0.5177340824492983
E18b,1,0,4,1.6691666078052796,0.6712912359778826,0.4021714985423394
E18b,1,0,5,1.873317337120698,0.6948625298320518,0.3709262259324736
E18b,1,0,6,1.9499102626154154,0.6433287280031357,0.3299273511901202
E18b,1,0,7,1.962965539023237,0.7536638882296509,0.3839414769373235
E18b,1,0,8,2.150026381657477,0.5987158701795151,0.27846908079237565
E18b,1,0,9,2.262625828717737,0.6236612794596945,0.27563606476336056
E18b,1,0,10,2.264941682258209,0.691700817718169,0.30539453758850177
E18b,1,0,11,2.294359804603384,0.7988541568482935,0.3481817260071761
E18b,1,0,12,2.3795203203193593,0.6683862931738687,0.2808911894831658
E18b,1,0,13,2.4953036389066816,0.6710360634313999,0.2689196027964816
E18b,1,0,14,2.612619843712918,0.6676736764779061,0.255557148157094
E18b,1,0,15,2.6315506220157285,0.8057442266594954,0.30618610180575107
E18b,1,0,16,2.7521367918105075,0.8392217296323976,0.3049345992283731
E18b,1,0,17,2.9257874924364433,0.642787802878698,0.21969736508218435
E18b,1,0,18,3.0778229122713814,0.8425397581038478,0.27374536551294554
E18b,1,0,19,3.2681558058922437,0.690086816055695,0.21115480933054642
E18b,1,0,20,3.400311827107208,0.6061611979050855,0.1782663557714861
E18b,1,0,21,3.430934363210117,0.681907547235702,0.19875272303305813
E18b,1,0,22,3.499534645659655,0.6764138668031688,0.19328680390179884
E18b,1,0,23,3.5673106422725778,0.5684775096195521,0.15935744504083893
E18b,1,500,0,0.7495038993277592,0.7101706696038127,0.9475209805322894
E18b,1,500,1,1.0077459877898824,0.8190446820669371,0.8127491371741487
E18b,1,500,2,1.320279416335007,0.7932129790479541,0.6007917484996106
E18b,1,500,3,1.4993878311011972,0.7419703388038617,0.4948488465848996
E18b,1,500,4,1.7046353693053935,0.6741973953080611,0.39550827552216267
E18b,1,500,5,1.9178033504017467,0.7163019711282025,0.37350126173163145
E18b,1,500,6,1.974984614271947,0.6481937040770256,0.3282019006087164
E18b,1,500,7,1.988679812673828,0.7004969783262333,0.3522422130812492
E18b,1,500,8,2.121455293826286,0.6250680468927505,0.29464115916643674
E18b,1,500,9,2.24114758607437,0.6316828782900441,0.2818568853809891
E18b,1,500,10,2.218353968908588,0.6721364247981954,0.3029888080164596
E18b,1,500,11,2.2534370463505904,0.8391495954763252,0.3723865269878811
E18b,1,500,12,2.3798308408231743,0.6251048284375822,0.2626677567643257
E18b,1,500,13,2.4981912305562495,0.6579140815751117,0.26335617286936835
E18b,1,500,14,2.5540300827772406,0.6686744544204953,0.2618115028987371
E18b,1,500,15,2.5663942241050974,0.7975059332579614,0.3107495823390313
E18b,1,500,16,2.712184607688234,0.808582512293225,0.2981296000283811
E18b,1,500,17,2.8228247058630402,0.6350782945839047,0.22497971385358773
E18b,1,500,18,2.9740976306802946,0.7956352978472618,0.2675215802062518
E18b,1,500,19,3.153514711174014,0.7358481137574516,0.23334221690803675
E18b,1,500,20,3.275755293685222,0.6507192852894489,0.19864709874509284
E18b,1,500,21,3.331316318592143,0.6605974574947459,0.1982992289888349
E18b,1,500,22,3.4236245144648985,0.6818801148827439,0.19916907125818953
E18b,1,500,23,3.4684588436535706,0.5466877568959035,0.15761690754849467
E18b,1,1000,0,0.7496991622428574,0.6860919116027488,0.9151563002287262
E18b,1,1000,1,0.999200892148325,0.8146740802472154,0.8153256133465124
E18b,1,1000,2,1.3166423779573941,0.8136135799696058,0.6179457638541344
E18b,1,1000,3,1.4862345982624523,0.7214038566233025,0.485390299395998
E18b,1,1000,4,1.6746170974312773,0.6783572795271068,0.4050820217753958
E18b,1,1000,5,1.8870978756007324,0.6840347465916877,0.3624797396234334
E18b,1,1000,6,1.9389749072618876,0.6506977322617843,0.3355885266100031
E18b,1,1000,7,1.9687479131254375,0.6699042138464889,0.3402691677183794
E18b,1,1000,8,2.069316299349666,0.6577981260967722,0.31788186576576116
E18b,1,1000,9,2.182856752710043,0.6520200811377198,0.29870035233793013
E18b,1,1000,10,2.1595963278593633,0.6775306547802424,0.31373023098804065
E18b,1,1000,11,2.190438954087496,0.8047222631278459,0.36737945224457585
E18b,1,1000,12,2.3009692695522705,0.607623125617095,0.2640726817422156
E18b,1,1000,13,2.3915730625302536,0.6883777367728152,0.2878347091117176
E18b,1,1000,14,2.4558710971821434,0.7076377776641728,0.28814125402433116
E18b,1,1000,15,2.4782515556797957,0.7927091236951473,0.31986628713230186
E18b,1,1000,16,2.6259451512363032,0.7812830251808862,0.2975245026778475
E18b,1,1000,17,2.697429303973107,0.6326575102406874,0.23454090504200842
E18b,1,1000,18,2.8394401384675407,0.7513274498264283,0.2646040815045755
E18b,1,1000,19,3.0028152234813485,0.7314985723016301,0.24360425729211493
E18b,1,1000,20,3.118352443899723,0.6663936278535054,0.21370054855638207
E18b,1,1000,21,3.1700910076612807,0.6803819198022446,0.2146253587540356
E18b,1,1000,22,3.2714143947002765,0.7114787327618487,0.21748352453130096
E18b,1,1000,23,3.345351597136299,0.5604008288742696,0.16751627223697088
E18b,1,1500,0,0.7482164286366354,0.6813341499739831,0.9106110530284373
E18b,1,1500,1,0.9963524435267321,0.8120602616536593,0.8150331410632725
E18b,1,1500,2,1.3076935159097427,0.8131222604852879,0.6217988011660446
E18b,1,1500,3,1.4647426692816965,0.7161631985701868,0.488934482205936
E18b,1,1500,4,1.6485094937059896,0.683730592530045,0.414756842554155
E18b,1,1500,5,1.860210311311024,0.6644913094821546,0.357213001907209
E18b,1,1500,6,1.9045548183348329,0.664835274623085,0.34907647090166494
E18b,1,1500,7,1.9344258014061815,0.6572438271369532,0.3397617146437907
E18b,1,1500,8,2.010608438144168,0.6718789145756592,0.334166962512013
E18b,1,1500,9,2.1283113917790963,0.6673324432911957,0.3135501909489662
E18b,1,1500,10,2.1126215918236064,0.6668089239320935,0.31563102758810047
E18b,1,1500,11,2.1305613018875915,0.778244818393007,0.3652768956722876
E18b,1,1500,12,2.2268319754568906,0.5904338666101265,0.26514522564684484
E18b,1,1500,13,2.296415703722093,0.7067578613656849,0.3077656454883811
E18b,1,1500,14,2.362858882436755,0.6898470781480747,0.2919544130526548
E18b,1,1500,15,2.39957052579779,0.7569075709077401,0.3154346008046959
E18b,1,1500,16,2.5428251843240277,0.7594357117196484,0.29865824689853115
E18b,1,1500,17,2.5956893751167773,0.5990932163668932,0.2308031238676009
E18b,1,1500,18,2.688697524054462,0.7659695759068156,0.28488499321848604
E18b,1,1500,19,2.853904734513091,0.7280227024788567,0.255097058312658
E18b,1,1500,20,2.9548382614177844,0.6765866499301704,0.22897586604470593
E18b,1,1500,21,3.0026455919662647,0.6719288433322252,0.22377893852341615
E18b,1,1500,22,3.0972205244005466,0.718769522100294,0.23206921058338545
E18b,1,1500,23,3.189322826428333,0.5702184929529992,0.17878983219506095
E18b,1,2000,0,0.7450204428136725,0.6786123364261555,0.9108640480565638
E18b,1,2000,1,0.9909508573459423,0.8233815840516236,0.8309005214011133
E18b,1,2000,2,1.3017824608489978,0.8091266871021292,0.6215529179694371
E18b,1,2000,3,1.4522973519316509,0.7228294043871565,0.49771446833924604
E18b,1,2000,4,1.6264489931728001,0.6790960167786054,0.4175329319451063
E18b,1,2000,5,1.8390822364881183,0.6676433562209351,0.3630307242246307
E18b,1,2000,6,1.8968133725178493,0.668101183081205,0.3522229402012074
E18b,1,2000,7,1.9402676740344176,0.6166161113086932,0.3177995075424605
E18b,1,2000,8,1.9989580286517026,0.6727052652323371,0.336527958861686
E18b,1,2000,9,2.116322847610972,0.680188384676844,0.3214010496766503
E18b,1,2000,10,2.1105659347593315,0.6613958269870924,0.3133736862205689
E18b,1,2000,11,2.1203691000066978,0.7727564523899386,0.364444309430607
E18b,1,2000,12,2.2175886402166207,0.5887239394760887,0.26547932686856673
E18b,1,2000,13,2.2674628643019674,0.7234957867267487,0.3190772374344817
E18b,1,2000,14,2.314349437340877,0.699600729295116,0.3022882880205583
E18b,1,2000,15,2.3658413988454168,0.7278221268685029,0.3076377508753107
E18b,1,2000,16,2.4899293826540743,0.741036516471742,0.29761346712646675
E18b,1,2000,17,2.532652643781544,0.6114140786450923,0.24141252853852876
E18b,1,2000,18,2.6141848536738466,0.73799052151719,0.2823023477012555
E18b,1,2000,19,2.7726007279025544,0.7313464335015015,0.2637763260109789
E18b,1,2000,20,2.8695867776853135,0.6776387445453573,0.2361450609595989
E18b,1,2000,21,2.923437175033911,0.677129223216681,0.23162092519016642
E18b,1,2000,22,3.0188356388542026,0.7405475831402303,0.2453090104041917
E18b,1,2000,23,3.1175210194651606,0.5816818672128738,0.18658474588654633
E18b,1,2500,0,0.7392905493705607,0.679773790947382,0.9194947663353037
E18b,1,2500,1,0.9901889274651711,0.8202136864163261,0.8283405960880897
E18b,1,2500,2,1.2995430899463214,0.8203438105740999,0.6312555673763652
E18b,1,2500,3,1.4573085830747428,0.7113005892868219,0.48809195083862383
E18b,1,2500,4,1.6189239670956688,0.6715814478747664,0.4148319881134232
E18b,1,2500,5,1.8294793937426335,0.6649002685033754,0.36343687213834336
E18b,1,2500,6,1.8867752607438237,0.679067674079332,0.35990914668428664
E18b,1,2500,7,1.923962710947163,0.6044493171468993,0.31416893565953263
E18b,1,2500,8,1.9818146651401165,0.6664124129357446,0.33626374083200583
E18b,1,2500,9,2.088896065599147,0.6761070691816652,0.3236671657896684
E18b,1,2500,10,2.0784055706246494,0.6637466349952361,0.31935376058280673
E18b,1,2500,11,2.078470851188527,0.7456148823893891,0.3587324219452132
E18b,1,2500,12,2.156549008252619,0.5904905203266013,0.2738127063502519
E18b,1,2500,13,2.2043647784148805,0.7379223866265064,0.33475511578312067
E18b,1,2500,14,2.253499330336847,0.7020836523478835,0.3115526341172411
E18b,1,2500,15,2.291763296593462,0.7151617268987194,0.3120574135914276
E18b,1,2500,16,2.4097008997830254,0.7472878447557872,0.3101164318040777
E18b,1,2500,17,2.4450697634847107,0.6174233723534004,0.2525176915498105
E18b,1,2500,18,2.513062436897329,0.7398825581617826,0.29441471381636447
E18b,1,2500,19,2.6741382633883526,0.7240345727437695,0.2707543520305335
E18b,1,2500,20,2.763950662394111,0.6732988317713923,0.24360016295956108
E18b,1,2500,21,2.816555773982818,0.6780840058123303,0.2407493620669437
E18b,1,2500,22,2.909705721177533,0.7496262309538614,0.25762956903095136
E18b,1,2500,23,3.010743938670591,0.595676090526152,0.19785013360823228
E18b,1,3000,0,0.7404617834796148,0.6765650068841009,0.913706854261611
E18b,1,3000,1,0.9890308079824164,0.8190506139031634,0.8281345811400902
E18b,1,3000,2,1.2968986161762937,0.8301471275827823,0.6401017914803114
E18b,1,3000,3,1.4547285286782483,0.7073854789628035,0.4862663136231519
E18b,1,3000,4,1.6080731495998462,0.666356954104032,0.4143822401797136
E18b,1,3000,5,1.8170331296939486,0.6663614569691969,0.3667304938360894
E18b,1,3000,6,1.8757145523099816,0.6814420602739989,0.3632973148471812
E18b,1,3000,7,1.920402704449781,0.6146458260547639,0.320060904221059
E18b,1,3000,8,1.9802182606287482,0.6715014693899773,0.33910477584262144
E18b,1,3000,9,2.079546549252643,0.6766731966676872,0.325394589946002
E18b,1,3000,10,2.0710980972529205,0.6649107618962651,0.3210426211960673
E18b,1,3000,11,2.0656604456154586,0.7499805603765773,0.36307059176568707
E18b,1,3000,12,2.1459831689494706,0.60529912797192,0.28206145170664776
E18b,1,3000,13,2.1931254239238354,0.7419482863268129,0.3383063632536594
E18b,1,3000,14,2.2431841909996657,0.6968104906327632,0.31063454059126216
E18b,1,3000,15,2.28746091646661,0.7140898578205414,0.31217576338903313
E18b,1,3000,16,2.4034334864471782,0.7527214218036906,0.31318587597628267
E18b,1,3000,17,2.4426042191630803,0.6130768028584533,0.25099309910654066
E18b,1,3000,18,2.4975430030791257,0.7391115555096551,0.2959354672165535
E18b,1,3000,19,2.6585904485993845,0.7153209022103252,0.2690602091748186
E18b,1,3000,20,2.744435286955606,0.6791468714770907,0.24746324852515153
E18b,1,3000,21,2.794009623046669,0.6687824708614343,0.23936298047970733
E18b,1,3000,22,2.8775782962867007,0.7435629237466748,0.2583988504174455
E18b,1,3000,23,2.9735325193690176,0.600887318128698,0.20207860994108315
E18b,1,3500,0,0.7408926484243389,0.6779462060426679,0.9150397260446036
E18b,1,3500,1,0.9883328672005964,0.8310940331481399,0.8409049832595088
E18b,1,3500,2,1.3024066404013144,0.8327065463609508,0.6393598746581686
E18b,1,3500,3,1.4601648207806424,0.7011605624740462,0.48019275118488847
E18b,1,3500,4,1.6053724846469521,0.6687789467529689,0.4165880212529271
E18b,1,3500,5,1.8096340039561676,0.6542498519971377,0.3615371122375222
E18b,1,3500,6,1.8653163734258542,0.6696220951995335,0.3589858024833077
E18b,1,3500,7,1.9115751737318254,0.607358191345677,0.3177265533115169
E18b,1,3500,8,1.958408310033449,0.6683735522318102,0.3412840666614586
E18b,1,3500,9,2.053317941265986,0.6768154029804844,0.32962036194121486
E18b,1,3500,10,2.055467491897071,0.6810534037832839,0.3313374726032341
E18b,1,3500,11,2.0570251964843065,0.7469871991537705,0.3631395475517062
E18b,1,3500,12,2.130237260118117,0.6193751033579623,0.290754046487582
E18b,1,3500,13,2.1808713804018662,0.7484564720343817,0.3431914778470176
E18b,1,3500,14,2.2372287088348077,0.7109745783375774,0.31779253302531896
E18b,1,3500,15,2.2750399405317636,0.7317132654387447,0.32162655802329143
E18b,1,3500,16,2.39284889898773,0.7507794906460022,0.3137596740703568
E18b,1,3500,17,2.440397423080487,0.6255698309598475,0.2563393261455741
E18b,1,3500,18,2.483651175467056,0.7255467783881887,0.29212909830292416
E18b,1,3500,19,2.6363962046328893,0.7139450311833468,0.2708033906014372
E18b,1,3500,20,2.7202580475853306,0.6849391171163823,0.2517919642676461
E18b,1,3500,21,2.771286764109851,0.6791596237535458,0.24507013584777637
E18b,1,3500,22,2.857488685663485,0.7492821348883898,0.2622170084688936
E18b,1,3500,23,2.96051766189078,0.6009933636296942,0.20300279622242168
E18b,1,4000,0,0.7401110965400424,0.6708327666457093,0.9063946882863891
E18b,1,4000,1,0.9876906341309902,0.8320598733897576,0.8424296481477089
E18b,1,4000,2,1.2997862405478187,0.8421738136799288,0.6479325502976392
E18b,1,4000,3,1.4617621173117,0.7118636412323365,0.4869900736937361
E18b,1,4000,4,1.6163785555194203,0.6654973429609732,0.41172121511295157
E18b,1,4000,5,1.81724779242229,0.6633846442347728,0.3650490852161213
E18b,1,4000,6,1.8744328436311568,0.6783503802062459,0.3618963370766293
E18b,1,4000,7,1.9059061370668602,0.6021440420005121,0.3159358324577285
E18b,1,4000,8,1.9525460480952566,0.6596865859318668,0.337859681504261
E18b,1,4000,9,2.049216202835286,0.6755686940861457,0.3296717511560918
E18b,1,4000,10,2.0485485482295545,0.686471278258466,0.3351012983567046
E18b,1,4000,11,2.0489783167122084,0.7620352919285108,0.3719098858748652
E18b,1,4000,12,2.1253042804775366,0.6134863358172575,0.28865811895857696
E18b,1,4000,13,2.164819583365886,0.7515779483654523,0.34717809933929483
E18b,1,4000,14,2.221730599930221,0.7022612755069894,0.3160875020261438
E18b,1,4000,15,2.2629190822827883,0.7281016035299352,0.3217532651655581
E18b,1,4000,16,2.3850478263378387,0.7398695712316045,0.3102116289079408
E18b,1,4000,17,2.4295517786724767,0.6172968780145855,0.25407850264128995
E18b,1,4000,18,2.4653896206537094,0.7292206690443461,0.2957831342094277
E18b,1,4000,19,2.610036621064246,0.7126604993687398,0.2730461686312093
E18b,1,4000,20,2.6892569510376614,0.6880990625707903,0.25586958594837295
E18b,1,4000,21,2.7313818153238483,0.6705153223535039,0.24548575325196845
E18b,1,4000,22,2.813370716710602,0.7474669582029121,0.2656837770305834
E18b,1,4000,23,2.920884733648425,0.6163800979557699,0.21102513593059882
E18b,1,4500,0,0.7406587291604947,0.67347347037132,0.9092898576037491
E18b,1,4500,1,0.9873637697094617,0.8303051041894289,0.8409313058283997
E18b,1,4500,2,1.2986506708412087,0.8540806139623539,0.6576677109088298
E18b,1,4500,3,1.4655071139815634,0.7153901650526985,0.48815195656682314
E18b,1,4500,4,1.6141733753287963,0.6595545252325212,0.4086020345231964
E18b,1,4500,5,1.8137238452796418,0.6696681820438313,0.36922279198495134
E18b,1,4500,6,1.8727621394735559,0.6781466025688313,0.36211037604565316
E18b,1,4500,7,1.9057099045501371,0.6054148412654792,0.317684680034443
E18b,1,4500,8,1.9571844713045947,0.6582084677742008,0.33630374521388917
E18b,1,4500,9,2.0478289156648666,0.6701447216642211,0.32724643965028
E18b,1,4500,10,2.0344448814072154,0.6937251782599827,0.3409899106139147
E18b,1,4500,11,2.033358406100291,0.7550959548366699,0.3713540871945162
E18b,1,4500,12,2.099643294149604,0.6279489947448939,0.2990741315415794
E18b,1,4500,13,2.144770812399819,0.760930236610998,0.3547839387834548
E18b,1,4500,14,2.2102008656536234,0.7063028087344672,0.31956498602021494
E18b,1,4500,15,2.2561023848046537,0.7213885419961047,0.31974991332610403
E18b,1,4500,16,2.3797561947748687,0.7419991414906452,0.3117962853168832
E18b,1,4500,17,2.4224847925059008,0.6189043496539056,0.25548327550642325
E18b,1,4500,18,2.459557827781696,0.7293884432537698,0.2965526709781058
E18b,1,4500,19,2.5909059706625714,0.710450307052976,0.27420922067321984
E18b,1,4500,20,2.6619530220416676,0.6936425172112246,0.2605765434129314
E18b,1,4500,21,2.707069245320361,0.6679611289229828,0.24674696817514716
E18b,1,4500,22,2.7910032646918186,0.7538265940868399,0.2700916203228007
E18b,1,4500,23,2.89679153436308,0.631961500963491,0.2181591231080565
E18b,1,5000,0,0.7414719262040473,0.6740811604985344,0.9091121816971294
E18b,1,5000,1,0.9905094084263703,0.8253292140570488,0.8332371273163932
E18b,1,5000,2,1.2965856346726146,0.8614473206948903,0.6643967800186249
E18b,1,5000,3,1.460192985740833,0.7108345804785212,0.4868086529794398
E18b,1,5000,4,1.6033369890853244,0.6560412964453692,0.40917243281440746
E18b,1,5000,5,1.8009994717587927,0.6708031006602098,0.3724615754634992
E18b,1,5000,6,1.8637850009955017,0.6861325122009488,0.3681393035325778
E18b,1,5000,7,1.8944103713641334,0.6028764661246372,0.318239635528661
E18b,1,5000,8,1.9503761289251642,0.6513201381346219,0.3339459135472289
E18b,1,5000,9,2.0394751415815238,0.6645911382099726,0.32586380910463625
E18b,1,5000,10,2.035212124527661,0.703897232638862,0.3458593942890473
E18b,1,5000,11,2.0264874087480322,0.7502510959049327,0.37022243151682804
E18b,1,5000,12,2.089644377735533,0.624066364099061,0.298647162525969
E18b,1,5000,13,2.1297190167759554,0.7708369807349078,0.3619430425624073
E18b,1,5000,14,2.1988508576589423,0.717678784590826,0.3263881140874281
E18b,1,5000,15,2.244611394877855,0.7237097522638957,0.3224209562133483
E18b,1,5000,16,2.3661578867430637,0.7358952790322519,0.31100852701135123
E18b,1,5000,17,2.3957153985321606,0.6228270382542528,0.25997538715819707
E18b,1,5000,18,2.4348588893428462,0.7290050606002926,0.29940341257190745
E18b,1,5000,19,2.562455541896536,0.7055606173431055,0.27534550582715783
E18b,1,5000,20,2.630584692572054,0.6946706406533939,0.26407461528036935
E18b,1,5000,21,2.680504918090258,0.6680810133149107,0.24923700337430793
E18b,1,5000,22,2.7613945562765823,0.7536106803747867,0.2729094539068487
E18b,1,5000,23,2.874347670240561,0.6453326240192669,0.2245144631252132
E18b,1,5500,0,0.7417954895950942,0.6737537200093683,0.9082742204015473
E18b,1,5500,1,0.9923233756737365,0.8145553470702138,0.8208567560117916
E18b,1,5500,2,1.2978281611846796,0.8596364447654525,0.6623653812387318
E18b,1,5500,3,1.4473920744587534,0.7087865804797514,0.4896990891322929
E18b,1,5500,4,1.5827797098563428,0.6597323878014398,0.4168188306263535
E18b,1,5500,5,1.7808238793258357,0.6787481507229126,0.3811427725126111
E18b,1,5500,6,1.8484834050638026,0.6838812863228128,0.3699688536285279
E18b,1,5500,7,1.8734329753250119,0.6021200661958422,0.32139931031767155
E18b,1,5500,8,1.932809824942096,0.6461923034530254,0.3343279277216962
E18b,1,5500,9,2.024258518874975,0.6677632050741875,0.32988039761112686
E18b,1,5500,10,2.0254460257752,0.709937234136321,0.35050908545667436
E18b,1,5500,11,2.0285406578781977,0.7551486955460905,0.3722620459261374
E18b,1,5500,12,2.0950113788990437,0.6206161134988213,0.2962351993643888
E18b,1,5500,13,2.1395900932963765,0.765720491336354,0.3578818642577657
E18b,1,5500,14,2.209114043024768,0.709907569397233,0.3213539706737873
E18b,1,5500,15,2.246656537199501,0.7204676389719806,0.3206843712168202
E18b,1,5500,16,2.371525042816098,0.7394568041601147,0.3118064497780033
E18b,1,5500,17,2.4081362509571367,0.6158507583264003,0.2557375057501936
E18b,1,5500,18,2.4451450310985017,0.7294588212802886,0.2983294700325294
E18b,1,5500,19,2.569738914824823,0.6956439926466577,0.2707060972745082
E18b,1,5500,20,2.6327563549231776,0.6954384810594028,0.2641484388629252
E18b,1,5500,21,2.676072065495162,0.669618905267099,0.2502245413720565
E18b,1,5500,22,2.7567643431129563,0.7585433003043597,0.2751571066273324
E18b,1,5500,23,2.8618347109002333,0.6461592636081207,0.22578496974231665
E18b,1,6000,0,0.740616734795054,0.6725389883444832,0.9080796540880088
E18b,1,6000,1,0.9911559775730654,0.8052568791172735,0.8124421355849737
E18b,1,6000,2,1.29140971231274,0.866343050588102,0.6708506543880632
E18b,1,6000,3,1.4486998014041899,0.70193432513159,0.4845271079979593
E18b,1,6000,4,1.584909940393624,0.6598322208693223,0.4163215865157916
E18b,1,6000,5,1.7842205535555649,0.6837418081255295,0.38321596887950893
E18b,1,6000,6,1.8524907908863668,0.6895762679717388,0.37224275087586
E18b,1,6000,7,1.8816077074051756,0.5986340002628332,0.3181502700626037
E18b,1,6000,8,1.930221205347131,0.6319017294819521,0.32737270097926985
E18b,1,6000,9,2.009731330390221,0.6682968241809635,0.3325304303492165
E18b,1,6000,10,2.012657339607091,0.7147039610431783,0.35510464050611923
E18b,1,6000,11,2.0236885794994484,0.7657822456253884,0.37840913536943604
E18b,1,6000,12,2.086695915125073,0.6195990286076004,0.296928279830587
E18b,1,6000,13,2.1324356844534127,0.7772724888462704,0.36449985081050706
E18b,1,6000,14,2.2114103712519904,0.7165869825564501,0.3240407080802259
E18b,1,6000,15,2.2520202609791973,0.7370317520377317,0.32727580866313527
E18b,1,6000,16,2.386992117928525,0.7490930943919214,0.3138230280550729
E18b,1,6000,17,2.4267387447528246,0.6138045233695248,0.2529339116939199
E18b,1,6000,18,2.4572320469763893,0.7229444742562174,0.2942109090371814
E18b,1,6000,19,2.571290279037414,0.6897729667781359,0.26825946973064385
E18b,1,6000,20,2.6397100577330037,0.693950489898107,0.2628889062513461
E18b,1,6000,21,2.687842162367893,0.6733350461340399,0.25051137881580654
E18b,1,6000,22,2.767836669661043,0.7574051361959391,0.2736451700702025
E18b,1,6000,23,2.8729457366876283,0.6541091290334031,0.2276789013730417
E18b,1,6500,0,0.7412896765268986,0.6674343563316427,0.9003691505036413
E18b,1,6500,1,0.9902157552559541,0.8040578749586133,0.8120027081883563
E18b,1,6500,2,1.2885625539495238,0.8821812098252582,0.6846242792958078
E18b,1,6500,3,1.4521149369427964,0.7000811627684833,0.4821113983183701
E18b,1,6500,4,1.5824552816386308,0.6629116256605012,0.418913338880614
E18b,1,6500,5,1.7850773243455065,0.6749324986310444,0.37809706583915437
E18b,1,6500,6,1.8485734597510122,0.6941220813544047,0.37549066697511563
E18b,1,6500,7,1.8740385349931847,0.5985879473429627,0.3194106930918257
E18b,1,6500,8,1.9166797069456016,0.6327521391167391,0.3301293047679236
E18b,1,6500,9,1.9970606011571823,0.6756919462950776,0.338343236005734
E18b,1,6500,10,2.003674759458751,0.7183780019874383,0.35853024478957474
E18b,1,6500,11,2.0108912816139526,0.751758007695205,0.37384318812692835
E18b,1,6500,12,2.07364596727138,0.6250318129237998,0.30141683912719774
E18b,1,6500,13,2.117032037216858,0.7746684902031031,0.3659219494956325
E18b,1,6500,14,2.1974737766045376,0.7223358855352504,0.3287119478856214
E18b,1,6500,15,2.24051269636378,0.7337679750480777,0.32750002989893334
E18b,1,6500,16,2.366631278204299,0.7558227915894993,0.31936651837162655
E18b,1,6500,17,2.4124629260447272,0.6130326185200936,0.25411068991023655
E18b,1,6500,18,2.4452387008076335,0.7221915293356626,0.29534602454031633
E18b,1,6500,19,2.552169063604228,0.6884536505025496,0.26975236880675163
E18b,1,6500,20,2.6213290224484282,0.690613679630524,0.26345936496955374
E18b,1,6500,21,2.6711761790317543,0.6759980629083563,0.2530713130099084
E18b,1,6500,22,2.7502547762511647,0.7555610733204642,0.27472402914989547
E18b,1,6500,23,2.8510209031698346,0.6536042222854201,0.22925269385388478
E18b,1,7000,0,0.7419179510791064,0.6645235652659932,0.8956833626945615
E18b,1,7000,1,0.9876881969228803,0.8109161098433073,0.8210244005848177
E18b,1,7000,2,1.2938327440001027,0.8810709118063998,0.6809774415527776
E18b,1,7000,3,1.4595270389624384,0.7008004957133103,0.4801558840674179
E18b,1,7000,4,1.5873599477493638,0.6539910776960206,0.41199923093894425
E18b,1,7000,5,1.7803178641231325,0.673550893288529,0.3783318175152255
E18b,1,7000,6,1.849684439113589,0.7000994143996473,0.37849667737657505
E18b,1,7000,7,1.8767620372478027,0.5934100692334122,0.3161882313559713
E18b,1,7000,8,1.9113890364394481,0.6474337100769548,0.3387241936277922
E18b,1,7000,9,1.9955025124211423,0.6800292235778723,0.3407809408131454
E18b,1,7000,10,2.0037245527583516,0.734274516659443,0.36645481817779385
E18b,1,7000,11,2.010368886149367,0.7473039976445797,0.3717248126914437
E18b,1,7000,12,2.0686483911951012,0.6385779308977908,0.3086933157011139
E18b,1,7000,13,2.1222105954689443,0.7651816974944567,0.3605587961572564
E18b,1,7000,14,2.2013942621614495,0.7353604826725365,0.3340430632132743
E18b,1,7000,15,2.2452575009308697,0.7367307032470113,0.32812748780109513
E18b,1,7000,16,2.3681413833633713,0.7511628836523238,0.317195117204311
E18b,1,7000,17,2.414318201343514,0.6111697219763832,0.25314381577220474
E18b,1,7000,18,2.4516755268878425,0.7260095123461737,0.29612789473318696
E18b,1,7000,19,2.561520076778101,0.692624343442635,0.27039582852453103
E18b,1,7000,20,2.6273474154951124,0.6822768916938121,0.25968278411526324
E18b,1,7000,21,2.67649252276471,0.6652264376134472,0.24854410462775922
E18b,1,7000,22,2.7495037178079036,0.7468160900916557,0.27161850527958903
E18b,1,7000,23,2.8522557285628856,0.646582473916902,0.2266916207554376
E18b,1,7500,0,0.7411504546307787,0.6603230987981887,0.890943390336506
E18b,1,7500,1,0.9856348051164512,0.8079359219231169,0.81971123354117
E18b,1,7500,2,1.284459023626959,0.8823845438383771,0.6869697885314907
E18b,1,7500,3,1.4607384593990664,0.7073254685964112,0.4842245810981098
E18b,1,7500,4,1.5816358675094713,0.6667182804487854,0.4215371528584742
E18b,1,7500,5,1.7809961019056464,0.6626221839925537,0.37205145102987885
E18b,1,7500,6,1.8474250307098474,0.6946763396968215,0.37602410281834375
E18b,1,7500,7,1.8771227301025946,0.596961097704005,0.3180192153292917
E18b,1,7500,8,1.9088635161248508,0.6497361036752484,0.3403785017559903
E18b,1,7500,9,1.991869045463516,0.6807286288556433,0.34175370635233454
E18b,1,7500,10,1.9981988847383705,0.7265637232916969,0.3636093127871142
E18b,1,7500,11,2.0080969562378415,0.752834914390346,0.374899684027597
E18b,1,7500,12,2.0732486659991882,0.6362194531240417,0.30687078861204525
E18b,1,7500,13,2.1232522393887288,0.7776164526037633,0.36623837628808265
E18b,1,7500,14,2.1958026372950785,0.7256360621787693,0.3304650654180156
E18b,1,7500,15,2.2438744171709826,0.7362547488770936,0.328117626923767
E18b,1,7500,16,2.3706307623533127,0.7460864234559921,0.31472063693097274
E18b,1,7500,17,2.4155238177641105,0.6228570627620826,0.25785589783114615
E18b,1,7500,18,2.454968082782696,0.7277429129415717,0.2964368123746351
E18b,1,7500,19,2.563987669287244,0.6907823638892095,0.26941719422591387
E18b,1,7500,20,2.626173913823919,0.6753625777321147,0.2571659760144114
E18b,1,7500,21,2.6772568706386695,0.6596249177819351,0.24638088523219634
E18b,1,7500,22,2.749141759843627,0.7497146648446632,0.272708623395
E18b,1,7500,23,2.855291095742627,0.6494909914822631,0.22746927360600278
E18b,1,8000,0,0.740910918594453,0.6631182502364522,0.8950040195040213
E18b,1,8000,1,0.9905301269909597,0.8016052612215401,0.8092689352686959
E18b,1,8000,2,1.2874775092623079,0.8779002092155617,0.6818761515442521
E18b,1,8000,3,1.4531607108680018,0.6921685560341138,0.4763193436606662
E18b,1,8000,4,1.5746198183063551,0.6752194211549603,0.42881425300566794
E18b,1,8000,5,1.7764839513171509,0.6680964581981343,0.3760779587695025
E18b,1,8000,6,1.838561876403089,0.6995707258811455,0.38049887515875513
E18b,1,8000,7,1.873303813920599,0.606765847523728,0.32390146382814444
E18b,1,8000,8,1.9024543270015921,0.6518202346667595,0.34262070075242024
E18b,1,8000,9,1.9806487430677888,0.6852126793441686,0.34595365874054773
E18b,1,8000,10,1.9871550113328595,0.7300157617868555,0.3673672952656101
E18b,1,8000,11,1.9882757305608652,0.7449497020184868,0.3746712242010552
E18b,1,8000,12,2.056549874894332,0.6370191365363415,0.3097513677216665
E18b,1,8000,13,2.106362201424728,0.7760379036718661,0.36842566921631986
E18b,1,8000,14,2.184935619297686,0.734980371729763,0.33638536771440947
E18b,1,8000,15,2.2308385239652115,0.7417315686781168,0.33249003041229697
E18b,1,8000,16,2.3603333338211185,0.7469210993856066,0.3164472952540241
E18b,1,8000,17,2.413353658016996,0.6294324803695719,0.26081236717156653
E18b,1,8000,18,2.4513270619647223,0.721743378406237,0.2944296538821566
E18b,1,8000,19,2.5599306589284265,0.691978338512715,0.2703113602312859
E18b,1,8000,20,2.6216647121276107,0.6801277949953394,0.25942592576736556
E18b,1,8000,21,2.683147780699363,0.6519088165278113,0.24296418602701458
E18b,1,8000,22,2.750971499098548,0.7464975316842747,0.2713577846694852
E18b,1,8000,23,2.856350067366506,0.6517639221952103,0.22818068752900542
E18b,1,8500,0,0.7432903400898119,0.6604536787472737,0.8885540994215948
E18b,1,8500,1,0.9967399244066895,0.807693639690625,0.8103353943320827
E18b,1,8500,2,1.2952562602671949,0.875508971909476,0.6759349472118125
E18b,1,8500,3,1.4524513475044802,0.6874396382743405,0.4732961551211064
E18b,1,8500,4,1.568364989700338,0.6777079574949726,0.4321111233326242
E18b,1,8500,5,1.7739455391948795,0.6746491827848242,0.38030997450520354
E18b,1,8500,6,1.835507748674359,0.6960195937335377,0.37919730616022584
E18b,1,8500,7,1.8655676671430956,0.6020315970841006,0.32270692062649403
E18b,1,8500,8,1.8971649412461764,0.6480038848090005,0.3415643367220096
E18b,1,8500,9,1.9807411396610553,0.6837420963517382,0.34519508009448435
E18b,1,8500,10,1.9822246141855344,0.7328942644178768,0.3697332074140406
E18b,1,8500,11,1.9843948863823055,0.7426856832765045,0.3742630503500611
E18b,1,8500,12,2.0517333052653153,0.6363205590806394,0.3101380464252663
E18b,1,8500,13,2.0985733458768348,0.7758031688014645,0.369681226689418
E18b,1,8500,14,2.1713312615077203,0.7571490393897542,0.3487026842988518
E18b,1,8500,15,2.220206582531264,0.7451075542606836,0.33560280386664937
E18b,1,8500,16,2.3471612599568847,0.7555166052895202,0.3218852569607418
E18b,1,8500,17,2.399923112772813,0.6309834796663434,0.2629182061325791
E18b,1,8500,18,2.4406222981271393,0.7256542585279894,0.2973234568432956
E18b,1,8500,19,2.554154562586126,0.7002232267709572,0.2741506865042532
E18b,1,8500,20,2.6157571797084,0.6798190917220428,0.2598938070382465
E18b,1,8500,21,2.6776447496169085,0.6463790777120295,0.24139836989373112
E18b,1,8500,22,2.7579030544352414,0.7463243477371143,0.2706129740626236
E18b,1,8500,23,2.855175134567376,0.654183596279326,0.229122055722319
E18b,1,9000,0,0.7459088013064944,0.6565566705533722,0.8802103814881689
E18b,1,9000,1,0.9976765366422257,0.8078927836829182,0.8097742645145865
E18b,1,9000,2,1.2950526132129287,0.8746655947652751,0.6753900079744984
E18b,1,9000,3,1.4512079360596828,0.6904546416714351,0.47577926258187114
E18b,1,9000,4,1.5659838745748078,0.6677916111684117,0.42643581585393325
E18b,1,9000,5,1.7639534798894572,0.667916864487472,0.37864766395615423
E18b,1,9000,6,1.8278030568539732,0.7049938455063813,0.38570558401397
E18b,1,9000,7,1.8581718166740435,0.5946336130886067,0.32001002692686736
E18b,1,9000,8,1.8854325550157165,0.6572815076176937,0.3486104585757589
E18b,1,9000,9,1.9742586893748704,0.6885045865040598,0.3487408160893383
E18b,1,9000,10,1.978240794081477,0.7319886746533696,0.3700200081018153
E18b,1,9000,11,1.980941777289638,0.7377194608581901,0.3724084520381774
E18b,1,9000,12,2.0531162619596492,0.6499993791040908,0.31659160815553733
E18b,1,9000,13,2.0973215505542244,0.7852000862690782,0.37438230969475633
E18b,1,9000,14,2.16198652324404,0.7513262454178684,0.34751661832309233
E18b,1,9000,15,2.2215693000085923,0.7426921422311458,0.33430968920405646
E18b,1,9000,16,2.3452471369977004,0.7430128748166025,0.3168164510661253
E18b,1,9000,17,2.3908937882213124,0.6339389936462677,0.2651472837352101
E18b,1,9000,18,2.43019228759959,0.7209622354357618,0.2966688023472779
E18b,1,9000,19,2.5564580979650118,0.7003914295788624,0.273969454119505
E18b,1,9000,20,2.612012090409376,0.6873531965574149,0.26315084799231814
E18b,1,9000,21,2.677270011049505,0.6536675835882441,0.24415452341021168
E18b,1,9000,22,2.7538621945460635,0.7365714736694969,0.2674685302439074
E18b,1,9000,23,2.850564884393164,0.6646558864443932,0.23316637698141257
E18b,1,9500,0,0.7466022696882825,0.6569641522619785,0.8799385950651754
E18b,1,9500,1,0.9951375922805284,0.8063798682791365,0.8103199743777931
E18b,1,9500,2,1.2950303387062319,0.8648877505553227,0.6678513427101388
E18b,1,9500,3,1.4557218246157082,0.6901075178216987,0.47406551591948426
E18b,1,9500,4,1.5700175733929824,0.6674273606743323,0.42510821024248
E18b,1,9500,5,1.7721662029577228,0.6590419648224166,0.37188496413174116
E18b,1,9500,6,1.8386785295691201,0.69523917840576,0.37811894098131654
E18b,1,9500,7,1.8695730949533096,0.5916733794275831,0.3164751252704348
E18b,1,9500,8,1.890934822180901,0.6626552144865206,0.35043789278905463
E18b,1,9500,9,1.973116556849931,0.695138601396524,0.35230488487021194
E18b,1,9500,10,1.9731702112905487,0.7356389256813822,0.372820814682905
E18b,1,9500,11,1.9650356563948281,0.7411845609719122,0.377186316472106
E18b,1,9500,12,2.0427828125991363,0.6463132013613984,0.3163886035143703
E18b,1,9500,13,2.0863155491152803,0.7823990060384035,0.37501470301085876
E18b,1,9500,14,2.1463954980838857,0.7586729242407103,0.35346371389521974
E18b,1,9500,15,2.2119369606835004,0.7431029859460534,0.33595124958553546
E18b,1,9500,16,2.326894598581434,0.739266965044236,0.3177053939163905
E18b,1,9500,17,2.3694853757668413,0.6361755747165911,0.26848681204065433
E18b,1,9500,18,2.415839946804853,0.7284549764863515,0.301532797091874
E18b,1,9500,19,2.539130171561998,0.7051581185209013,0.27771641108384326
E18b,1,9500,20,2.5966439625886535,0.6851187773852674,0.2638477924798966
E18b,1,9500,21,2.671673600142424,0.6586001883253363,0.2465122192659414
E18b,1,9500,22,2.750307240435735,0.734282849700626,0.2669821170904137
E18b,1,9500,23,2.84309865139957,0.6653258932718566,0.23401435365049228
E18b,1,10000,0,0.7456297228445146,0.6601021881823402,0.885294896324822
E18b,1,10000,1,0.9950284313967128,0.8003921912906313,0.8043912777116606
E18b,1,10000,2,1.2899184230435528,0.8681025934519733,0.6729903053897717
E18b,1,10000,3,1.4588718516994439,0.6881615545560298,0.4717080213415513
E18b,1,10000,4,1.569984752488433,0.6687625940467845,0.4259675726065446
E18b,1,10000,5,1.7697297869329156,0.6539772921628738,0.3695351103833027
E18b,1,10000,6,1.8373870913160175,0.7011478458878319,0.38160050715586497
E18b,1,10000,7,1.87361608895992,0.594235620602827,0.31715975546126873
E18b,1,10000,8,1.8959785447558772,0.6528755692562378,0.34434755132753936
E18b,1,10000,9,1.9735796221890511,0.6991887106653749,0.3542743869081148
E18b,1,10000,10,1.9723015271802886,0.7336165587568069,0.37195963631667706
E18b,1,10000,11,1.970910195363383,0.7392828792566237,0.3750971916405962
E18b,1,10000,12,2.045872237536417,0.6528261459978497,0.31909428849964017
E18b,1,10000,13,2.086138840359093,0.7796520227342416,0.373729690301935
E18b,1,10000,14,2.1508313294110324,0.7520751280260622,0.34966718112294043
E18b,1,10000,15,2.210862637061544,0.7443547811062725,0.3366807003874261
E18b,1,10000,16,2.326466340484909,0.7340214435141302,0.31550916114313393
E18b,1,10000,17,2.3778584797479527,0.6283412794840038,0.26424670973295533
E18b,1,10000,18,2.4159432733985255,0.7286727646681833,0.30161004717762013
E18b,1,10000,19,2.528357114930724,0.6884709494393162,0.2722997259262484
E18b,1,10000,20,2.580233265576658,0.6884837105973131,0.2668300264873313
E18b,1,10000,21,2.655731030840577,0.6607297597700349,0.24879392984345422
E18b,1,10000,22,2.7342611160055466,0.7369033531756282,0.2695073081579577
E18b,1,10000,23,2.8279267646210133,0.670155143020704,0.23697754531861626
E18b,1,10500,0,0.7455277182347758,0.6644545839653129,0.8912540308207132
E18b,1,10500,1,0.9979527376708531,0.8048608008655601,0.8065119423832083
E18b,1,10500,2,1.2953726728999762,0.8691235075622181,0.6709447603341009
E18b,1,10500,3,1.4551526836532198,0.690506904876198,0.47452539697941004
E18b,1,10500,4,1.5686968869099902,0.6726756488976948,0.428811744646684
E18b,1,10500,5,1.7662956193531096,0.6525201111474422,0.3694285962088396
E18b,1,10500,6,1.834147779167979,0.7005135421132196,0.3819286265095783
E18b,1,10500,7,1.8731158272518107,0.5909633093327463,0.3154974725721009
E18b,1,10500,8,1.893442012256996,0.6591964511899581,0.348147155773834
E18b,1,10500,9,1.974529956666179,0.6966142752205622,0.3528000539413109
E18b,1,10500,10,1.9756558902005805,0.7279944282313929,0.36848240214417227
E18b,1,10500,11,1.9663653139858324,0.7430283693835577,0.37786893620363726
E18b,1,10500,12,2.0364428842114846,0.644484103792407,0.31647541347173735
E18b,1,10500,13,2.079129918827936,0.7823854571302304,0.3763042655705148
E18b,1,10500,14,2.1477933208588884,0.7469887041684226,0.3477935688289163
E18b,1,10500,15,2.210729381341201,0.7534625357454673,0.34082079068780374
E18b,1,10500,16,2.3285326829300073,0.7332230193568462,0.3148862907237476
E18b,1,10500,17,2.3711192499650173,0.6340434722813835,0.26740260840560337
E18b,1,10500,18,2.410134752684335,0.7268158662131063,0.3015664851949049
E18b,1,10500,19,2.5177778425271007,0.696685592922089,0.2767065390578001
E18b,1,10500,20,2.5717536079564534,0.6857014930273955,0.266627989130056
E18b,1,10500,21,2.6508823793135345,0.6600486648886312,0.24899206016811493
E18b,1,10500,22,2.7199390864115016,0.7428412368495114,0.2731095121065981
E18b,1,10500,23,2.8186456297682794,0.6678522445406373,0.2369408333872539
E18b,1,11000,0,0.7475148057187295,0.6618111356237496,0.8853485316420234
E18b,1,11000,1,0.9983358781306191,0.8056922417162794,0.807035246719707
E18b,1,11000,2,1.2960130683348503,0.8677832457488232,0.6695790860070359
E18b,1,11000,3,1.4574115533777847,0.6919027632697541,0.4747476865173455
E18b,1,11000,4,1.572076519145633,0.6884198591540873,0.43790480346861155
E18b,1,11000,5,1.7746999825935525,0.6475962351335507,0.36490462697089304
E18b,1,11000,6,1.8328310981793112,0.7017160110776527,0.3828590707429178
E18b,1,11000,7,1.8765584207656563,0.5941813207508134,0.3166335319890446
E18b,1,11000,8,1.8945518243826152,0.6505531627444756,0.3433810331139787
E18b,1,11000,9,1.9737435960789282,0.6922605901725704,0.3507348125398997
E18b,1,11000,10,1.9815399614758407,0.7235793402224577,0.36516010491332185
E18b,1,11000,11,1.971607735704352,0.7412214060072041,0.37594770632323804
E18b,1,11000,12,2.0354783425507588,0.6543764217673746,0.3214853275949589
E18b,1,11000,13,2.0822611618273292,0.7895878738913782,0.37919733046284154
E18b,1,11000,14,2.1528672116884655,0.755813431402594,0.35107294462895344
E18b,1,11000,15,2.2227839327783268,0.7602620389032987,0.3420314622991824
E18b,1,11000,16,2.3495206773188744,0.7394207949030102,0.31471133752557173
E18b,1,11000,17,2.3925441998239863,0.643351588730365,0.268898517643977
E18b,1,11000,18,2.429834041901062,0.7342849352959314,0.30219550908976445
E18b,1,11000,19,2.532106066557625,0.6963480189704662,0.2750074446593562
E18b,1,11000,20,2.588697610314615,0.6950752591834515,0.2685038439460591
E18b,1,11000,21,2.6665081691620665,0.6511571115008921,0.24419843112856995
E18b,1,11000,22,2.735209581094503,0.7475085405768473,0.2732911385451236
E18b,1,11000,23,2.8300092219175186,0.6717251085686412,0.23735792214609922
E18b,1,11500,0,0.7491456608354395,0.6651786538833607,0.8879163140871167
E18b,1,11500,1,1.001891348492575,0.8105188336888416,0.8089887540283998
E18b,1,11500,2,1.3052037871371027,0.8703837266252481,0.6668565745847167
E18b,1,11500,3,1.4616889376364341,0.699087805632967,0.47827399361959944
E18b,1,11500,4,1.5801791116817674,0.686555005336136,0.4344792310318816
E18b,1,11500,5,1.780579633913785,0.6345978779196924,0.3563996048437446
E18b,1,11500,6,1.8466771009907608,0.6917844165160546,0.37461038323641166
E18b,1,11500,7,1.8902963546735863,0.5951944356632927,0.31486831902930373
E18b,1,11500,8,1.9028875690196108,0.6502652382488969,0.3417255169646838
E18b,1,11500,9,1.9806196778162013,0.704052854789841,0.3554709986351939
E18b,1,11500,10,1.9801545042011983,0.721198111525195,0.3642130500398144
E18b,1,11500,11,1.9675857761410482,0.7519134322521082,0.38215026829824295
E18b,1,11500,12,2.0332091645760495,0.654142833800459,0.32172923730493624
E18b,1,11500,13,2.080201286078278,0.7865549182768651,0.378114812033275
E18b,1,11500,14,2.1542644674636198,0.7712536845322635,0.3580125356847757
E18b,1,11500,15,2.225210857318661,0.7479486259750294,0.33612483217716005
E18b,1,11500,16,2.345364128447368,0.7440214780043718,0.3172306888214046
E18b,1,11500,17,2.3854288811733135,0.6454664654717597,0.27058717640505636
E18b,1,11500,18,2.4193826838237893,0.7390148349733274,0.30545594953392335
E18b,1,11500,19,2.525246593127609,0.70937965224528,0.2809150021925929
E18b,1,11500,20,2.5819705150606835,0.6931111600607861,0.26844270917032376
E18b,1,11500,21,2.6628021466436556,0.657633809279168,0.24697058702167804
E18b,1,11500,22,2.7251511001307662,0.7489200436288435,0.2748178049991087
E18b,1,11500,23,2.829223167503449,0.6690627607107715,0.2364828509803145
E18b,1,12000,0,0.7511172277304818,0.669662494773169,0.8915552327252162
E18b,1,12000,1,1.010771807718459,0.8159345265200832,0.8072391021291268
E18b,1,12000,2,1.3178571069644232,0.8757968330991809,0.6645613006682551
E18b,1,12000,3,1.4727007496905002,0.693867031335818,0.4711527657479903
E18b,1,12000,4,1.5944931483568918,0.6962290552704351,0.43664600000814785
E18b,1,12000,5,1.8048377882472235,0.6283898166212148,0.3481696918765639
E18b,1,12000,6,1.8676540126207934,0.6995143304005373,0.3745417115126912
E18b,1,12000,7,1.915497461588917,0.5952530095701237,0.3107563552062124
E18b,1,12000,8,1.926187339921009,0.656497336758957,0.34082735523839514
E18b,1,12000,9,2.0000899962630028,0.7058990342377193,0.3529336357647062
E18b,1,12000,10,1.9903253590898307,0.7142966895210778,0.358884383529999
E18b,1,12000,11,1.9835930784649398,0.754838679850544,0.3805410938591787
E18b,1,12000,12,2.0511607899420463,0.6508265174224054,0.31729668420621177
E18b,1,12000,13,2.0935174970242247,0.7980683780434248,0.38120931837341604
E18b,1,12000,14,2.1713277056919664,0.7663595070461351,0.3529451151188203
E18b,1,12000,15,2.2421762702624344,0.7477420792818794,0.3334894268568636
E18b,1,12000,16,2.3743010190739184,0.7358848002131695,0.3099374486644481
E18b,1,12000,17,2.4029798609385726,0.645060062111168,0.2684417262902969
E18b,1,12000,18,2.428482400354769,0.7364588094152035,0.3032588621221289
E18b,1,12000,19,2.539122511489605,0.7076328130210715,0.2786918747791853
E18b,1,12000,20,2.596153834585072,0.7005594925586499,0.2698451390769054
E18b,1,12000,21,2.6740243352121644,0.6546548901724162,0.24482009439920602
E18b,1,12000,22,2.7313024930546015,0.7485352480206683,0.27405798146639204
E18b,1,12000,23,2.8360676875143165,0.669696766365998,0.2361356780426339
E18b,2,0,0,0.7763289243904447,0.7386916597180848,0.9515189200223195
E18b,2,0,1,1.0534466624157397,0.8732904007876963,0.8289839741720637
E18b,2,0,2,1.3600077097750127,0.6624331415650273,0.48708043109153715
E18b,2,0,3,1.4866156237870882,0.6061218980170161,0.4077193111107948
E18b,2,0,4,1.66111648101052,0.6172410674564676,0.3715820500925838
E18b,2,0,5,1.8130068634930983,0.6261467096856778,0.34536367307473315
E18b,2,0,6,2.0512862328979224,0.7526415875245573,0.3669120259542106
E18b,2,0,7,2.143654261236524,0.6502824016710311,0.30335227719787644
E18b,2,0,8,2.1954005485048516,0.6811272448860222,0.3102519243469693
E18b,2,0,9,2.267632793859873,0.693688380033802,0.3059086029766899
E18b,2,0,10,2.3635700244832174,0.7188983917650527,0.30415785625908676
E18b,2,0,11,2.5124736152745113,0.5778937309538135,0.2300098705278038
E18b,2,0,12,2.5776979058128573,0.7691280404772739,0.2983778815752016
E18b,2,0,13,2.6971540763774104,0.6137285575589124,0.22754671782904623
E18b,2,0,14,2.7177523064729145,0.6008309322363695,0.22107641333073688
E18b,2,0,15,2.6748765217388892,0.6488982804773042,0.24258999441793563
E18b,2,0,16,2.6856250169046008,0.7623378712580284,0.2838586423865995
E18b,2,0,17,2.798574725091794,0.6748276314290608,0.24113261131768646
E18b,2,0,18,2.9358895461312025,0.6696820841476531,0.2281019342264198
E18b,2,0,19,3.0283994469927236,0.7411131039658619,0.24472105379024744
E18b,2,0,20,3.1386050946617314,0.703183705992223,0.2240433838548936
E18b,2,0,21,3.331292531150769,0.5579737803396295,0.16749468115514965
E18b,2,0,22,3.359292501345024,0.7624252684098916,0.22696007212965968
E18b,2,0,23,3.4852222592721396,0.747488748275788,0.21447376742965454
E18b,2,500,0,0.762543326731569,0.744951862788423,0.9769305384671754
E18b,2,500,1,1.0358449045694405,0.8789714706613109,0.8485550942847611
E18b,2,500,2,1.336586134788058,0.6642953300293747,0.49700899383840436
E18b,2,500,3,1.4832472904447684,0.6158403734856879,0.4151973696179962
E18b,2,500,4,1.6640020872337913,0.6361036428451347,0.3822733443216904
E18b,2,500,5,1.822503478824186,0.620345111417212,0.34038075571599813
E18b,2,500,6,2.0243147407639177,0.7728625903349833,0.3817897359396431
E18b,2,500,7,2.1589750308554088,0.65488136334861,0.3033297532344036
E18b,2,500,8,2.241829687243922,0.6678872231139485,0.29792059000478355
E18b,2,500,9,2.289423000796497,0.7232574338833955,0.3159125393742319
E18b,2,500,10,2.397699986330959,0.7373684588797261,0.30753157737973386
E18b,2,500,11,2.5515112393091326,0.5454211592729153,0.21376396500632225
E18b,2,500,12,2.5821621613255243,0.7134486468619113,0.2762989317819104
E18b,2,500,13,2.681977224791202,0.6853935494635962,0.2555553205776964
E18b,2,500,14,2.6981127630399566,0.6182662741727225,0.22914767782949275
E18b,2,500,15,2.666842938637056,0.7324943900393128,0.2746672402138796
E18b,2,500,16,2.65803409215674,0.7329334978436833,0.27574270021833247
E18b,2,500,17,2.770101682660334,0.6656551051958078,0.24029988117856016
E18b,2,500,18,2.8903146905499235,0.6640540405508609,0.2297514671056511
E18b,2,500,19,2.9769919947685897,0.710293989295651,0.23859452445415938
E18b,2,500,20,3.0403634846321075,0.6499465971605098,0.21377266252727517
E18b,2,500,21,3.2163687567527566,0.5836326839646158,0.18145701817905074
E18b,2,500,22,3.2215969646499927,0.7201674575239686,0.2235436230621761
E18b,2,500,23,3.354149155299501,0.7471229918300009,0.22274590581326972
E18b,2,1000,0,0.758298024763577,0.7532340626950802,0.9933219368861265
E18b,2,1000,1,1.0310775374387557,0.8661898839268962,0.8400821979679161
E18b,2,1000,2,1.3260628020131027,0.6629860005819217,0.49996576299059087
E18b,2,1000,3,1.4811226555801453,0.6157709391137599,0.4157460807137318
E18b,2,1000,4,1.6478204441002122,0.6424651096179362,0.3898878132737044
E18b,2,1000,5,1.7859865077635102,0.6149819190770909,0.3443373823955691
E18b,2,1000,6,1.9666913360424636,0.7936290504938367,0.4035351333223655
E18b,2,1000,7,2.090432755851266,0.6761560764267798,0.3234526796110385
E18b,2,1000,8,2.1939007284994143,0.6624234842946424,0.30193867739299546
E18b,2,1000,9,2.232478034317579,0.7324167870239011,0.32807345728164594
E18b,2,1000,10,2.329115242981996,0.7284025830176152,0.31273788843742745
E18b,2,1000,11,2.4819631754140103,0.5377535723164567,0.21666460552008607
E18b,2,1000,12,2.512272351428306,0.7127519854459695,0.2837080880346224
E18b,2,1000,13,2.6095076365835888,0.7214477306820107,0.27646890952445813
E18b,2,1000,14,2.6239162656403554,0.6221715075346286,0.23711561061678557
E18b,2,1000,15,2.6051817679909086,0.7541625372498054,0.2894855731434849
E18b,2,1000,16,2.573428386707317,0.7240681500430254,0.2813632404861537
E18b,2,1000,17,2.668990459248404,0.6343425821899149,0.23767135622078908
E18b,2,1000,18,2.7859255619965224,0.6971771363662853,0.2502497359860025
E18b,2,1000,19,2.8830168316344933,0.6913336486579753,0.2397952176595624
E18b,2,1000,20,2.922327313418636,0.6794826611537964,0.2325142218100528
E18b,2,1000,21,3.080281468042937,0.601221889426827,0.19518407511272484
E18b,2,1000,22,3.0788797186262453,0.7151813593119337,0.23228622897650514
E18b,2,1000,23,3.1905815426331863,0.753587485849408,0.23619126349846317
E18b,2,1500,0,0.7478475529872399,0.7513196185407466,1.0046427450884043
E18b,2,1500,1,1.0224826303737544,0.8731688508581406,0.8539693730923974
E18b,2,1500,2,1.331197685280139,0.6712984830689119,0.5042815882959134
E18b,2,1500,3,1.4920782762281501,0.6054532561717969,0.405778480806203
E18b,2,1500,4,1.6508631108136038,0.6480130434937972,0.3925298465082507
E18b,2,1500,5,1.7751447810775662,0.6126551798413272,0.3451296966715172
E18b,2,1500,6,1.9460750034057919,0.8277365436798569,0.4253364039059387
E18b,2,1500,7,2.0625512097488743,0.665273501606188,0.3225488407083906
E18b,2,1500,8,2.1530803269457572,0.6559372011250744,0.30465059427464614
E18b,2,1500,9,2.1954475359388654,0.7540598872412995,0.3434652274297376
E18b,2,1500,10,2.2674081090066425,0.7231355751408275,0.31892607787207533
E18b,2,1500,11,2.4228282519359574,0.5428580976403234,0.22405966960578136
E18b,2,1500,12,2.455025853683038,0.7178257747483392,0.2923903117645195
E18b,2,1500,13,2.5475775317252536,0.7345016546880097,0.28831375906765644
E18b,2,1500,14,2.5633779508292798,0.6295789751688966,0.24560520814545556
E18b,2,1500,15,2.549696627345048,0.7768639306236821,0.30468877053526805
E18b,2,1500,16,2.517543320184453,0.7090282419417284,0.28163497178264246
E18b,2,1500,17,2.5854597919871227,0.6158982099326271,0.23821612381728915
E18b,2,1500,18,2.7024639163995188,0.7173906236135661,0.2654579841973774
E18b,2,1500,19,2.804798288611734,0.6863469839216624,0.2447045788313631
E18b,2,1500,20,2.8183548106073886,0.7304054973209569,0.25916023581273145
E18b,2,1500,21,2.9494817918399123,0.6160279541648473,0.20885972439943892
E18b,2,1500,22,2.953760724795032,0.711695092916183,0.24094541136725595
E18b,2,1500,23,3.0397861762165883,0.739339657713012,0.24322094214969323
E18b,2,2000,0,0.7500446389644034,0.7444068752112571,0.9924834290383964
E18b,2,2000,1,1.0194857482965844,0.8547220287778697,0.8383854607148639
E18b,2,2000,2,1.3131532243201887,0.6636817363639129,0.5054107350705375
E18b,2,2000,3,1.4657692891466054,0.6160432717018105,0.4202866551123341
E18b,2,2000,4,1.6256227938880936,0.6326381815822458,0.389166652904226
E18b,2,2000,5,1.7394155200227996,0.6271993384709453,0.36058051181624745
E18b,2,2000,6,1.9169167778508442,0.8066604670763321,0.42081141779181536
E18b,2,2000,7,2.0217701357143105,0.671566482331727,0.33216757457664997
E18b,2,2000,8,2.1132953070068523,0.6652775456993286,0.3148057649555796
E18b,2,2000,9,2.1420848351436574,0.7335057253190255,0.3424260856922753
E18b,2,2000,10,2.2063184082022085,0.7245695483545969,0.32840660969918817
E18b,2,2000,11,2.3562411559342915,0.5470823000899377,0.23218434102642177
E18b,2,2000,12,2.390497416547636,0.7266039085833168,0.30395511141471154
E18b,2,2000,13,2.479909843289998,0.7469375917082618,0.3011954622984718
E18b,2,2000,14,2.4909104922485996,0.6423736851094237,0.25788710076432286
E18b,2,2000,15,2.493288409813876,0.7924631797325408,0.3178385527375464
E18b,2,2000,16,2.4622337605119853,0.6960294432323075,0.28268211345115274
E18b,2,2000,17,2.5214497638188997,0.6211135081668064,0.24633189884619777
E18b,2,2000,18,2.6314784243109255,0.7360592148047614,0.2797131863231995
E18b,2,2000,19,2.749815045836323,0.6899917922194424,0.2509229823526512
E18b,2,2000,20,2.750083281468123,0.7459788445172205,0.27125681958219905
E18b,2,2000,21,2.8579854724916394,0.6429448942569969,0.22496436753979257
E18b,2,2000,22,2.854476632220674,0.6989728180252116,0.24486899284280964
E18b,2,2000,23,2.912581981903196,0.7361850731869517,0.25276029233206315
E18b,2,2500,0,0.7500470962431205,0.7637938342487742,1.0183278331114263
E18b,2,2500,1,1.0324828418056853,0.8416433017892754,0.8151644441057683
E18b,2,2500,2,1.3205647070153568,0.6605636972725942,0.5002130480721022
E18b,2,2500,3,1.4711362468266744,0.6134944441435183,0.417020820108852
E18b,2,2500,4,1.6223485209349544,0.6402813747186832,0.3946632714588916
E18b,2,2500,5,1.733958306207619,0.6268365718579733,0.3615061386504398
E18b,2,2500,6,1.8951495858340774,0.8084602797044007,0.42659444180422723
E18b,2,2500,7,2.0011235219008165,0.6772354881649071,0.33842762865613524
E18b,2,2500,8,2.0876388931844634,0.6728012013747138,0.3222785336924
E18b,2,2500,9,2.11432859274972,0.7194083811900547,0.3402538203650039
E18b,2,2500,10,2.169145636468439,0.7119376057769224,0.3282110679004568
E18b,2,2500,11,2.3186355132631458,0.5652299350279454,0.243776967873862
E18b,2,2500,12,2.3572766854003637,0.7296008254467818,0.30951005029045425
E18b,2,2500,13,2.4403724021386592,0.7486988847877346,0.3067969807114686
E18b,2,2500,14,2.4617845501672964,0.6513774735896717,0.2645956460915338
E18b,2,2500,15,2.472293056048424,0.794694709629028,0.32144033559647006
E18b,2,2500,16,2.444168549695514,0.6824480677760222,0.2792148143224571
E18b,2,2500,17,2.4987014613433187,0.6301572267979214,0.2521938841221731
E18b,2,2500,18,2.6041707557189397,0.7388430257842064,0.2837152764125224
E18b,2,2500,19,2.7188462780866174,0.6948004690151997,0.2555497435125917
E18b,2,2500,20,2.7150879094496605,0.7608456638268278,0.2802287399898771
E18b,2,2500,21,2.806614773837411,0.6567612045823459,0.23400475573082422
E18b,2,2500,22,2.80418751632306,0.6872993076324265,0.24509748496906342
E18b,2,2500,23,2.8478377051426595,0.7378443932863694,0.2590893406439423
E18b,2,3000,0,0.753450216224284,0.7658779067348257,1.0164943751331306
E18b,2,3000,1,1.039492488925998,0.8257247055146995,0.7943537007831937
E18b,2,3000,2,1.325938399456707,0.666123047251766,0.5023785777112305
E18b,2,3000,3,1.4706644552868433,0.6132853405488307,0.41701241798844824
E18b,2,3000,4,1.6250997133504197,0.6365372865693117,0.3916912182926805
E18b,2,3000,5,1.7337651677189967,0.6295242129555583,0.3630965857872106
E18b,2,3000,6,1.8893967270575769,0.8080936005030558,0.4276992697883668
E18b,2,3000,7,1.993088332485555,0.6730678957002993,0.3377009863185165
E18b,2,3000,8,2.0786292123481647,0.6728631811698296,0.32370524630976216
E18b,2,3000,9,2.1064388826707443,0.7152072380457978,0.3395338188682644
E18b,2,3000,10,2.1654149478991496,0.7232894480143012,0.33401886724575575
E18b,2,3000,11,2.3149581591360358,0.5875861590952614,0.2538215028968619
E18b,2,3000,12,2.3483580653133895,0.7264736846533189,0.30935388235029254
E18b,2,3000,13,2.425364625928974,0.7521745760898342,0.3101284516350744
E18b,2,3000,14,2.442069787498559,0.6504885793285442,0.26636772735100556
E18b,2,3000,15,2.4543028391090194,0.8028547240647685,0.3271212954128461
E18b,2,3000,16,2.420601848555277,0.6676972343507055,0.27583934745369915
E18b,2,3000,17,2.4646017237288733,0.620904377507547,0.251928890388073
E18b,2,3000,18,2.5778905226290254,0.7411610903208223,0.2875068137358136
E18b,2,3000,19,2.6914978889332475,0.685375506382486,0.25464463828880385
E18b,2,3000,20,2.688681379686751,0.7742675027663538,0.2879729478606205
E18b,2,3000,21,2.7704016347163907,0.6637746265063776,0.23959508909773258
E18b,2,3000,22,2.7723060925230683,0.6751213402860526,0.24352337647955263
E18b,2,3000,23,2.8074176407736857,0.7290503738586502,0.2596871812979468
E18b,2,3500,0,0.7537722937313704,0.7689669547795601,1.0201581580731391
E18b,2,3500,1,1.041611159689361,0.8199463459804692,0.7871904389206058
E18b,2,3500,2,1.3203009154344876,0.6692442548525115,0.5068876700977482
E18b,2,3500,3,1.4640718651063558,0.6265549665614751,0.42795369646418263
E18b,2,3500,4,1.6215050112615124,0.6334557529161625,0.3906591398218012
E18b,2,3500,5,1.7340656955465874,0.6304394125953005,0.3635614349643093
E18b,2,3500,6,1.8884125000766778,0.7971757790660181,0.42214070232729833
E18b,2,3500,7,1.9896208778583768,0.66797465327879,0.3357296159848284
E18b,2,3500,8,2.067473406621374,0.6719006243344277,0.3249863442898813
E18b,2,3500,9,2.1009653132726114,0.7191927283070608,0.3423153746345272
E18b,2,3500,10,2.1544805281758403,0.7228194604110386,0.33549593554370005
E18b,2,3500,11,2.2950182663586247,0.5852877375397058,0.2550253068217834
E18b,2,3500,12,2.3262366867625084,0.7224332846308453,0.31055880458848617
E18b,2,3500,13,2.4003277623055994,0.7484443158592785,0.31180921522999483
E18b,2,3500,14,2.435190400803685,0.6757314364380616,0.27748607920557267
E18b,2,3500,15,2.4594535864058202,0.7999977398357568,0.3252745830446234
E18b,2,3500,16,2.425974609625935,0.6812178394291262,0.2808017185036262
E18b,2,3500,17,2.4643963882871818,0.6325131402399173,0.2566604720109698
E18b,2,3500,18,2.580307735571585,0.7473250226351666,0.28962631562611685
E18b,2,3500,19,2.6783043035943743,0.6934232903982601,0.25890384803088384
E18b,2,3500,20,2.677102086032228,0.7720905688613341,0.2884053517756063
E18b,2,3500,21,2.7520774875804834,0.6821154105601613,0.24785472561670127
E18b,2,3500,22,2.751081696823111,0.6668256298838027,0.24238670580151742
E18b,2,3500,23,2.7800115379619377,0.7380408469812456,0.26548121721908857
E18b,2,4000,0,0.7547918410672292,0.7621863702114954,1.0097967793793463
E18b,2,4000,1,1.0426369411343326,0.8296399491576593,0.7957131734226258
E18b,2,4000,2,1.3248848461520915,0.6733328870329571,0.5082199324632182
E18b,2,4000,3,1.4697164970237657,0.6292734308903459,0.42815973840169147
E18b,2,4000,4,1.6339458633104698,0.6304985079331443,0.38587478452665347
E18b,2,4000,5,1.7498861976579938,0.6386809878205006,0.3649842993648936
E18b,2,4000,6,1.9076338609363237,0.814110639056406,0.4267646196303185
E18b,2,4000,7,2.0101336329958017,0.6702568678479345,0.33343895990089845
E18b,2,4000,8,2.088677392443505,0.6622636056314335,0.31707319092330655
E18b,2,4000,9,2.112862146800399,0.7315094536434501,0.34621731226109914
E18b,2,4000,10,2.1602694505199143,0.7208012433835631,0.3336626563922788
E18b,2,4000,11,2.2970801593347443,0.5895785489446577,0.25666433387131127
E18b,2,4000,12,2.331728334617384,0.700849622272173,0.30057087348778827
E18b,2,4000,13,2.3996087661953167,0.7544736132491237,0.31441525963641737
E18b,2,4000,14,2.435669082939182,0.6680035037582706,0.2742587276889742
E18b,2,4000,15,2.4560308140522897,0.7857259892992718,0.3199169915962396
E18b,2,4000,16,2.4200031498682932,0.6811493261696209,0.2814662973503534
E18b,2,4000,17,2.4672579398241785,0.6243217617170368,0.25304276121268743
E18b,2,4000,18,2.5846846710702627,0.749462278582057,0.28996275134472044
E18b,2,4000,19,2.6791250842699075,0.6983086380303621,0.2606480160744937
E18b,2,4000,20,2.6709288840933167,0.7688281386564677,0.2878504715101978
E18b,2,4000,21,2.742723524090617,0.6791588900372535,0.24762207494553679
E18b,2,4000,22,2.737152164329657,0.6632365269580648,0.24230897193123163
E18b,2,4000,23,2.7700141197153885,0.7301260748473196,0.26358207694708
E18b,2,4500,0,0.7565863123012766,0.7647681084157766,1.0108140948117523
E18b,2,4500,1,1.0490229011506071,0.8310404539372056,0.7922043008076274
E18b,2,4500,2,1.3328932608799837,0.6754886080784486,0.5067837222258046
E18b,2,4500,3,1.4823480429820701,0.6218233295466998,0.4194853782757827
E18b,2,4500,4,1.6394152262004793,0.6257795944240176,0.3817090291849546
E18b,2,4500,5,1.7502160958531885,0.6349728478628821,0.36279682798445984
E18b,2,4500,6,1.911781466991374,0.8155596537712442,0.42659669415810064
E18b,2,4500,7,2.013947017930513,0.6838735094055937,0.33956876884890785
E18b,2,4500,8,2.080486026670711,0.6710359539928369,0.3225380730226097
E18b,2,4500,9,2.1096282630393834,0.7422151520424702,0.3518227192183831
E18b,2,4500,10,2.1586657285510547,0.7226128942631114,0.3347497876607999
E18b,2,4500,11,2.2960421463048215,0.5933933114703365,0.25844182016663986
E18b,2,4500,12,2.3317875970612203,0.7032923265519455,0.3016108017035142
E18b,2,4500,13,2.4071605653967088,0.7440161872331356,0.30908456956651703
E18b,2,4500,14,2.4439985549602095,0.663030687763906,0.27128931251544897
E18b,2,4500,15,2.467300866593067,0.7866493308185484,0.31882991712509734
E18b,2,4500,16,2.432351993190915,0.6861595244452929,0.2820971332957221
E18b,2,4500,17,2.4743241435731327,0.6182704610304893,0.24987448093104514
E18b,2,4500,18,2.5898421701974916,0.7582125949388333,0.2927640161489126
E18b,2,4500,19,2.6865570944150816,0.6925031300903765,0.25776602013408856
E18b,2,4500,20,2.675512471035663,0.7830553462759655,0.2926749005108741
E18b,2,4500,21,2.7353739052585255,0.6879509978397312,0.25150163073399345
E18b,2,4500,22,2.7249445201745837,0.655257534566325,0.24046637636657037
E18b,2,4500,23,2.7489916250826214,0.732413989611974,0.2664300549078469
E18b,2,5000,0,0.7572052064273741,0.776210156500824,1.0250988106158416
E18b,2,5000,1,1.0533002935524605,0.8388918162881795,0.7964412631642335
E18b,2,5000,2,1.3376051631537105,0.6749553615916776,0.5045998476862303
E18b,2,5000,3,1.4851116897422172,0.6221228217020445,0.4189064203043418
E18b,2,5000,4,1.644930603362387,0.6328739404839563,0.3847420305697424
E18b,2,5000,5,1.7612895994156934,0.6314151749778042,0.3584959425112575
E18b,2,5000,6,1.9232908557032586,0.8250964988213696,0.4290024550237202
E18b,2,5000,7,2.0304853388429533,0.6948723698073759,0.3422198409978868
E18b,2,5000,8,2.1056865457661442,0.6828892915102727,0.3243071922947613
E18b,2,5000,9,2.1355647639876185,0.7350564656612509,0.34419769330185135
E18b,2,5000,10,2.1765929517545985,0.7161874708403746,0.32904060920671474
E18b,2,5000,11,2.322107275375035,0.5879035043297407,0.25317672037128025
E18b,2,5000,12,2.363754962827468,0.7117143194932037,0.30109479649357046
E18b,2,5000,13,2.4324047528831865,0.7530003779938741,0.3095703447797185
E18b,2,5000,14,2.469577362051758,0.6805914170055797,0.2755902396352286
E18b,2,5000,15,2.4820089333906075,0.7823340036794287,0.31520192903202116
E18b,2,5000,16,2.4394593797154096,0.6838398829991231,0.280324357390571
E18b,2,5000,17,2.4735195529941683,0.6240905179746854,0.2523087061184662
E18b,2,5000,18,2.5927611101972095,0.7744709175921536,0.29870508106057103
E18b,2,5000,19,2.6869575460452664,0.6949399799917976,0.2586345217901296
E18b,2,5000,20,2.676041486699052,0.7924580448116308,0.2961307022893516
E18b,2,5000,21,2.7273068999588364,0.6863179204295171,0.25164675102749745
E18b,2,5000,22,2.7257117502875636,0.649808905330593,0.23839971532647863
E18b,2,5000,23,2.742938131459407,0.7261381475201177,0.2647300495741655
E18b,2,5500,0,0.7573081503352679,0.7773403100181787,1.0264517946545832
E18b,2,5500,1,1.059824616096405,0.8354730324204197,0.788312537500471
E18b,2,5500,2,1.3410382299610202,0.6720458441202285,0.5011384680209772
E18b,2,5500,3,1.4874454701667323,0.6182475769296105,0.41564386011428656
E18b,2,5500,4,1.6465303611761843,0.6377430205500633,0.38732539380233305
E18b,2,5500,5,1.7576563602448467,0.6311973304673515,0.35911304663638793
E18b,2,5500,6,1.920338834898946,0.822589641086564,0.42835650987074425
E18b,2,5500,7,2.030980656825659,0.7032578232915616,0.346265150742856
E18b,2,5500,8,2.098927198788881,0.6827482937664358,0.3252844091783621
E18b,2,5500,9,2.124912700336979,0.7338466192233697,0.3453537734077229
E18b,2,5500,10,2.16876864983962,0.7120545995515039,0.32832206404503317
E18b,2,5500,11,2.307621453412315,0.6011404435009002,0.26050219051828655
E18b,2,5500,12,2.350757752723297,0.7029348491720635,0.29902479247711944
E18b,2,5500,13,2.422636081456912,0.7554078254783787,0.31181233997971974
E18b,2,5500,14,2.4617688219809364,0.6775337608148733,0.2752223339434754
E18b,2,5500,15,2.483538124761518,0.7964634753202297,0.32069710039048027
E18b,2,5500,16,2.4430148554523674,0.6795675694025987,0.27816759602829544
E18b,2,5500,17,2.4794485957278427,0.6243609265815331,0.2518144266662047
E18b,2,5500,18,2.5897748973195376,0.7804904498712898,0.30137385711750897
E18b,2,5500,19,2.6893401942127815,0.6917063598554652,0.25720299772559646
E18b,2,5500,20,2.680301816006813,0.7817803971279254,0.29167625543478654
E18b,2,5500,21,2.726557785307162,0.6873954209146356,0.25211107742475247
E18b,2,5500,22,2.7298093974874056,0.6548935422338775,0.2399044940048416
E18b,2,5500,23,2.7437859145811805,0.7194860582882279,0.26222383257552817
E18b,2,6000,0,0.7573575349239696,0.7756548319260597,1.0241593912496387
E18b,2,6000,1,1.0569740533874405,0.832507829864783,0.787633175286302
E18b,2,6000,2,1.3377567108002864,0.6735087332404956,0.5034613004016122
E18b,2,6000,3,1.4868804283061774,0.5990502121148179,0.4028906431953262
E18b,2,6000,4,1.6331080997139904,0.6383758206973936,0.3908962430651062
E18b,2,6000,5,1.7455833712816742,0.6344627340123352,0.3634674484476146
E18b,2,6000,6,1.904939523764682,0.8216224826917229,0.43131158361813604
E18b,2,6000,7,2.0163097835938437,0.7081261581340452,0.3511990885011184
E18b,2,6000,8,2.093247644957862,0.6777889015923354,0.32379776144737027
E18b,2,6000,9,2.121623560196993,0.7329668080483995,0.3454744855776128
E18b,2,6000,10,2.163656099205988,0.7157997058021087,0.33082877915061953
E18b,2,6000,11,2.3039128332457337,0.5930335415062458,0.25740276843320714
E18b,2,6000,12,2.3499767344750424,0.7024628374073829,0.2989233157511685
E18b,2,6000,13,2.4144421058916024,0.7504462516061416,0.31081559163292416
E18b,2,6000,14,2.464713715643949,0.6779066599837715,0.27504478742540556
E18b,2,6000,15,2.4836259475241302,0.7871935371754235,0.3169533391129847
E18b,2,6000,16,2.447426752851799,0.687650515040141,0.2809687825136644
E18b,2,6000,17,2.4805830261071793,0.629371961865981,0.25371936969739933
E18b,2,6000,18,2.5907730099149044,0.7746244877869221,0.29899357636598395
E18b,2,6000,19,2.684791483655525,0.6907394768601797,0.25727863078576635
E18b,2,6000,20,2.675660396802248,0.7877015861364047,0.29439520317219914
E18b,2,6000,21,2.721699503160282,0.694777020245005,0.25527322889182646
E18b,2,6000,22,2.7301299839868483,0.6521673468131246,0.2388777642963194
E18b,2,6000,23,2.744970574433508,0.7266088846192721,0.26470552777026607
E18b,2,6500,0,0.7587547794717693,0.7752334247505817,1.021718011832867
E18b,2,6500,1,1.0586977082511884,0.8354811546704319,0.7891593116325177
E18b,2,6500,2,1.336860429167151,0.6738296635288777,0.5040389025118097
E18b,2,6500,3,1.4822559664151593,0.6021288915255074,0.40622463674864334
E18b,2,6500,4,1.6270094967948525,0.6389267990772693,0.39270010429314095
E18b,2,6500,5,1.7383049035123286,0.6317894975457911,0.3634514844140576
E18b,2,6500,6,1.8948374510621107,0.815083468002138,0.4301601003005616
E18b,2,6500,7,1.9985910147897894,0.7015642402205141,0.35102941773922874
E18b,2,6500,8,2.0787165440630564,0.6778028726654676,0.3260679646781639
E18b,2,6500,9,2.1058294063526746,0.7267661737101979,0.3451211059726661
E18b,2,6500,10,2.1456785194012893,0.7070990742699994,0.3295456741894876
E18b,2,6500,11,2.287481768703388,0.5894078826961112,0.2576667017679467
E18b,2,6500,12,2.326291802414006,0.6989083887506953,0.30043883059959814
E18b,2,6500,13,2.380853571076781,0.7477845183431151,0.31408253217559995
E18b,2,6500,14,2.4278106485288835,0.6791744828513624,0.27974771560661205
E18b,2,6500,15,2.443769571103122,0.788067974613249,0.32248047603666397
E18b,2,6500,16,2.4097509812881985,0.6840868845621509,0.28388281190633796
E18b,2,6500,17,2.4496687041733973,0.645536303204246,0.2635198392764185
E18b,2,6500,18,2.564653690001881,0.7605424895081326,0.29654783118401257
E18b,2,6500,19,2.645028793402029,0.7013233974831026,0.265147736475512
E18b,2,6500,20,2.6514480634821895,0.774348159825715,0.29204726673346604
E18b,2,6500,21,2.711128509973147,0.7056698150854869,0.26028637613068234
E18b,2,6500,22,2.723365389303062,0.6543329892292777,0.24026632335102432
E18b,2,6500,23,2.740566584108414,0.7151687087730187,0.26095651640796896
E18b,2,7000,0,0.7586867752085921,0.7734135971480355,1.0194109379795033
E18b,2,7000,1,1.0558829350854477,0.834447100748134,0.7902837265578178
E18b,2,7000,2,1.3336601920439273,0.6707945880555536,0.5029726403001608
E18b,2,7000,3,1.4760764377443971,0.602469723130329,0.4081561819731824
E18b,2,7000,4,1.6220824110815641,0.6320313510513216,0.38964194835815946
E18b,2,7000,5,1.7333207527402437,0.6295940673428729,0.36322998287970315
E18b,2,7000,6,1.8834038265185413,0.8120212336432068,0.43114557919541996
E18b,2,7000,7,1.9982499432765808,0.7068480366949306,0.3537335452320314
E18b,2,7000,8,2.0685986645154717,0.6751728335442135,0.3263914093758537
E18b,2,7000,9,2.090916717163502,0.7373315960799427,0.3526355641176339
E18b,2,7000,10,2.13118073990592,0.7161520775544551,0.33603535549315694
E18b,2,7000,11,2.27424037374037,0.5895267298459936,0.25921918221705736
E18b,2,7000,12,2.3128418357396843,0.6929839825564699,0.2996244584683597
E18b,2,7000,13,2.3715858110948127,0.7514165897127109,0.31684140889923307
E18b,2,7000,14,2.4139652896342207,0.67227547901559,0.27849426083398965
E18b,2,7000,15,2.432749833171231,0.7853151734830159,0.32280967108702335
E18b,2,7000,16,2.4006896487645344,0.6872075717306992,0.2862542320221843
E18b,2,7000,17,2.438010655738912,0.6351715398144263,0.26052861513106007
E18b,2,7000,18,2.551535466602586,0.756199409214859,0.2963703303806126
E18b,2,7000,19,2.635602254513612,0.6979492608752044,0.26481585363646143
E18b,2,7000,20,2.6335157623010255,0.7809793214995041,0.2965538815750721
E18b,2,7000,21,2.694404534343878,0.704640443761859,0.26151991461573454
E18b,2,7000,22,2.7102504976547026,0.6598501416574858,0.2434646325970543
E18b,2,7000,23,2.7254571771250324,0.7300630092000352,0.2678680902886712
E18b,2,7500,0,0.7596702238247014,0.7756606980283668,1.021049231235046
E18b,2,7500,1,1.059612626928697,0.8434121762805576,0.7959627460510739
E18b,2,7500,2,1.3431832798531778,0.66989724695363,0.4987385243708929
E18b,2,7500,3,1.4842518568584968,0.5994594587845746,0.40387987794292846
E18b,2,7500,4,1.6277177566127636,0.6294596107058988,0.38671299624806404
E18b,2,7500,5,1.7378686004129509,0.6247338863186374,0.35948280909741315
E18b,2,7500,6,1.8895188506926388,0.8132077757014801,0.43037822851218627
E18b,2,7500,7,2.009705885907823,0.7164890095685004,0.3565143609284144
E18b,2,7500,8,2.076390024909939,0.6763919556517711,0.32575380710621016
E18b,2,7500,9,2.095957104550807,0.7390260915693448,0.35259600015894815
E18b,2,7500,10,2.1361959406653006,0.7116969561184106,0.3331608971678686
E18b,2,7500,11,2.278072276215029,0.5900176577634694,0.2589986559793317
E18b,2,7500,12,2.3175948448245984,0.690646335981439,0.298001325608622
E18b,2,7500,13,2.3682167289906846,0.7504496409700523,0.3168838526404161
E18b,2,7500,14,2.406101977080365,0.6636968505475555,0.2758390362792955
E18b,2,7500,15,2.4298587942940344,0.7857970869964697,0.3233920789313905
E18b,2,7500,16,2.3937096163655993,0.6872921449889167,0.2871242778530678
E18b,2,7500,17,2.4413408904123113,0.628519160094249,0.2574483401980377
E18b,2,7500,18,2.5515815406756324,0.7626148101402808,0.2988792629132864
E18b,2,7500,19,2.6303813453571054,0.7031936574708577,0.2673352511080065
E18b,2,7500,20,2.634305614328955,0.7863611986515402,0.2985079614051737
E18b,2,7500,21,2.690755735354173,0.7117721501696498,0.26452499601416335
E18b,2,7500,22,2.705724288014784,0.655357456376122,0.2422114696900489
E18b,2,7500,23,2.7244753870508913,0.7340831291480936,0.26944017649676844
E18b,2,8000,0,0.7597676477170502,0.7790678835001907,1.025402813401089
E18b,2,8000,1,1.060462628014464,0.8476153817157052,0.79928830995461
E18b,2,8000,2,1.3486754328740025,0.6710733133194069,0.4975795487646439
E18b,2,8000,3,1.4828090702195518,0.5963197236542114,0.4021554329755465
E18b,2,8000,4,1.6275015085071871,0.6296920806960383,0.38690721784560334
E18b,2,8000,5,1.7359580550629536,0.6264169898052623,0.3608479985897733
E18b,2,8000,6,1.8897617464971659,0.8080010949523665,0.4275677060613938
E18b,2,8000,7,2.008858507325732,0.7143044755556404,0.3555772957382396
E18b,2,8000,8,2.0799219970613985,0.6711047847613093,0.32265863128976685
E18b,2,8000,9,2.1012206820309283,0.7380835626130285,0.35126418130419135
E18b,2,8000,10,2.136344265676229,0.7099105392123786,0.33230156329118926
E18b,2,8000,11,2.277787913852043,0.5874137211609537,0.257887803157037
E18b,2,8000,12,2.3106199601467114,0.6790575788088449,0.2938854465559661
E18b,2,8000,13,2.3516020715609405,0.7462152981273875,0.3173220959241912
E18b,2,8000,14,2.390197602990884,0.6705021673644914,0.28052164663100815
E18b,2,8000,15,2.4112606863969184,0.7823184132450454,0.3244437308908489
E18b,2,8000,16,2.3652982102293683,0.6924334283147405,0.292746777264755
E18b,2,8000,17,2.408452924587462,0.6376387567121954,0.26475035081759585
E18b,2,8000,18,2.521124704484591,0.7480482759897265,0.2967121279875977
E18b,2,8000,19,2.603059909840345,0.7114825687601569,0.2733254682577762
E18b,2,8000,20,2.615289699334382,0.7856273179385195,0.30039781754903466
E18b,2,8000,21,2.673195230165577,0.707668162665306,0.2647274522562548
E18b,2,8000,22,2.687817177013051,0.6688131159937314,0.2488313274108092
E18b,2,8000,23,2.7101765117794856,0.7326856147943008,0.2703460869097503
E18b,2,8500,0,0.7624173007741969,0.7816957576713963,1.0252859646254395
E18b,2,8500,1,1.0655114991605181,0.8477217984015644,0.7956007974287062
E18b,2,8500,2,1.3534677879429295,0.6611070551672948,0.48845422185634696
E18b,2,8500,3,1.4826930192939414,0.5973476660243123,0.4028802039607426
E18b,2,8500,4,1.633753681432888,0.632627061853926,0.387223036767133
E18b,2,8500,5,1.7429789138420202,0.6352249292111416,0.3644478565784399
E18b,2,8500,6,1.9027671736378562,0.8084689165228828,0.4248911415563208
E18b,2,8500,7,2.0184881149658525,0.7132437371282265,0.3533554306512688
E18b,2,8500,8,2.0889144730081863,0.6687077967972821,0.32012215216944473
E18b,2,8500,9,2.0974518757904574,0.7232194972487078,0.3448086249779396
E18b,2,8500,10,2.1276385632845476,0.7121081065718746,0.33469411527893905
E18b,2,8500,11,2.2724327690516826,0.5926361681848352,0.2607937080717906
E18b,2,8500,12,2.30044742048976,0.6739345450490549,0.2929580302711617
E18b,2,8500,13,2.3358503979072895,0.7509973791222747,0.32150919416547413
E18b,2,8500,14,2.379728504062643,0.6666432739016824,0.2801341719291076
E18b,2,8500,15,2.400182331436479,0.7614607800607389,0.3172512229956356
E18b,2,8500,16,2.3521398256226953,0.6952218817722079,0.2955699632304631
E18b,2,8500,17,2.4067669891290877,0.6370494074666906,0.2646909361579756
E18b,2,8500,18,2.5253343306703084,0.7553918909398843,0.2991254986579848
E18b,2,8500,19,2.6065159010488115,0.72045958298393,0.27640713133345207
E18b,2,8500,20,2.6206485553680428,0.7794832520932331,0.2974390635083699
E18b,2,8500,21,2.675274458870685,0.7123491682038626,0.26627143463424946
E18b,2,8500,22,2.6919586267391784,0.670533682560063,0.2490876627521922
E18b,2,8500,23,2.7112386617957718,0.7214319050944534,0.2660894133962436
E18b,2,9000,0,0.7623010888855988,0.7848390795627903,1.0295657332854393
E18b,2,9000,1,1.0689167202152163,0.8426383612399196,0.788310581455085
E18b,2,9000,2,1.3560436494017338,0.6573469170789549,0.484753508759815
E18b,2,9000,3,1.4807183478081367,0.5931338001090036,0.40057165563390357
E18b,2,9000,4,1.6282731881402746,0.6312107123376715,0.38765651669214435
E18b,2,9000,5,1.7380612916389044,0.6311567865606665,0.36313839425393185
E18b,2,9000,6,1.8953755059479085,0.8006919832384174,0.4224450409566616
E18b,2,9000,7,2.002873971348796,0.7134665191816006,0.35622137457861647
E18b,2,9000,8,2.0762383312843222,0.6710847246538503,0.3232214310573535
E18b,2,9000,9,2.0928902190436256,0.7142019116221963,0.3412514928511446
E18b,2,9000,10,2.126537840046988,0.7143097501707355,0.3359026755691082
E18b,2,9000,11,2.2704836773968204,0.5920619337117912,0.26076467301038186
E18b,2,9000,12,2.305151596097977,0.6758404266226772,0.2931869764082759
E18b,2,9000,13,2.344683073179098,0.7423538474735708,0.3166115949594123
E18b,2,9000,14,2.3888368819141474,0.6642539799952996,0.2780658591737082
E18b,2,9000,15,2.4149693809396107,0.7610694191816231,0.31514661228769203
E18b,2,9000,16,2.372357116804557,0.6897524050680665,0.2907456049437984
E18b,2,9000,17,2.4245460752552956,0.6374345921569415,0.2629088383440278
E18b,2,9000,18,2.5387619993366077,0.7561066593353415,0.297824947566143
E18b,2,9000,19,2.6161829317238854,0.7055146006056725,0.2696732678936892
E18b,2,9000,20,2.6304847360896892,0.786888240630169,0.29914191473314033
E18b,2,9000,21,2.677384065665839,0.7051751629974803,0.2633821467904009
E18b,2,9000,22,2.6954571726207144,0.6548241002654598,0.24293619164751684
E18b,2,9000,23,2.718119425522483,0.7238964194862302,0.26632252162617215
E18b,2,9500,0,0.762691984483467,0.7818502116815783,1.0251192192757685
E18b,2,9500,1,1.067513925420476,0.8406702683524258,0.7875028590575994
E18b,2,9500,2,1.3525334203196993,0.661141475455072,0.48881710834087744
E18b,2,9500,3,1.4800947063733305,0.5849072557050274,0.39518231717632657
E18b,2,9500,4,1.6236312094019585,0.6324221024442541,0.3895109300573237
E18b,2,9500,5,1.7356986001207517,0.6275398397595864,0.3615488539979975
E18b,2,9500,6,1.8898492426489637,0.8036509195159434,0.4252460468166667
E18b,2,9500,7,1.9893085086041429,0.7221353439929149,0.36300822163557855
E18b,2,9500,8,2.0638632975629454,0.6690838492614717,0.3241900033066824
E18b,2,9500,9,2.0879247997693957,0.7169247773596064,0.3433671449464024
E18b,2,9500,10,2.1295475141095253,0.7083601550646421,0.3326341161074513
E18b,2,9500,11,2.278432599426422,0.5955222095171869,0.26137363451835494
E18b,2,9500,12,2.3115126277368923,0.6761152422914468,0.29249904767053064
E18b,2,9500,13,2.350965476913646,0.7438928699690602,0.3164201589832127
E18b,2,9500,14,2.386633327900206,0.6587183285418452,0.27600315508934714
E18b,2,9500,15,2.414576204899503,0.7629214354398965,0.3159649440310997
E18b,2,9500,16,2.377231048577674,0.6840210895613162,0.28773858139307673
E18b,2,9500,17,2.4312473603841513,0.6456133382677371,0.26554819093591797
E18b,2,9500,18,2.550039246758852,0.7584620804346872,0.2974315322396339
E18b,2,9500,19,2.6220978475544787,0.7182731710538066,0.2739307275370025
E18b,2,9500,20,2.6383640319740542,0.7878699327853858,0.2986206312841115
E18b,2,9500,21,2.6823469407685705,0.7053253876059975,0.26295084237086097
E18b,2,9500,22,2.6974711739235455,0.6502745847596342,0.24106822384084722
E18b,2,9500,23,2.7244703668580246,0.7365847786257662,0.27035888794607343
E18b,2,10000,0,0.7625242334573583,0.7845736777773713,1.0289163850177439
E18b,2,10000,1,1.0705952557077307,0.8431849965097555,0.7875852167422106
E18b,2,10000,2,1.3599543511232997,0.664680181882945,0.48875183298169544
E18b,2,10000,3,1.493178803086345,0.5893082473425428,0.3946668986490195
E18b,2,10000,4,1.6349638902235397,0.6257360965016356,0.38272166146500164
E18b,2,10000,5,1.7460362060538188,0.6327506737729998,0.3623926420191863
E18b,2,10000,6,1.9078183884199063,0.8048901977042806,0.4218903657653216
E18b,2,10000,7,2.0054337773098596,0.7248536225579818,0.36144480598622364
E18b,2,10000,8,2.0726799415543002,0.66362514405457,0.3201773369587001
E18b,2,10000,9,2.100918589056676,0.7243533028537471,0.34477932968311054
E18b,2,10000,10,2.139795883621934,0.7037810743974248,0.32890103200225196
E18b,2,10000,11,2.2872193520289015,0.594912187924172,0.2601028132244723
E18b,2,10000,12,2.3197189191229564,0.6766420653573189,0.2916914026864707
E18b,2,10000,13,2.3602422392936626,0.7447342022087444,0.31553295242763607
E18b,2,10000,14,2.3949733836136717,0.6601580692218374,0.27564317571903596
E18b,2,10000,15,2.4178770292631904,0.7593362408445153,0.3140508105475947
E18b,2,10000,16,2.375660363628877,0.6983684238030976,0.2939681254505267
E18b,2,10000,17,2.4188411010859077,0.6423166767044106,0.26554728064445854
E18b,2,10000,18,2.528442806468027,0.764355916333422,0.30230302792616776
E18b,2,10000,19,2.5988360336071494,0.7208862273532544,0.27738811453705836
E18b,2,10000,20,2.6107553871626075,0.7819787495945061,0.29952202854376475
E18b,2,10000,21,2.656600442466792,0.7100617963636202,0.26728211928787105
E18b,2,10000,22,2.672501064287619,0.6551405324826873,0.24514135512882254
E18b,2,10000,23,2.7023310413242068,0.7459498465934613,0.27603940271800603
E18b,2,10500,0,0.762886312499985,0.7835070820846084,1.027029937812161
E18b,2,10500,1,1.0675250564438412,0.8434534231946225,0.7901017574279238
E18b,2,10500,2,1.356950803678756,0.6645062781239504,0.4897055046671134
E18b,2,10500,3,1.4892344026163853,0.5856504895471056,0.39325608414511254
E18b,2,10500,4,1.6301153917256832,0.6260859393475974,0.38407461369026535
E18b,2,10500,5,1.7396010367195365,0.6384033632534837,0.36698262979732227
E18b,2,10500,6,1.9019777548726065,0.8070123910280724,0.4243016980406933
E18b,2,10500,7,1.9996143944553784,0.717465346896623,0.3588018514399794
E18b,2,10500,8,2.0609248658146377,0.6616393457710542,0.32104001302809404
E18b,2,10500,9,2.092896988290466,0.7181709809275162,0.34314683663152357
E18b,2,10500,10,2.133690132914506,0.7059292398075031,0.330848996730018
E18b,2,10500,11,2.27343031830076,0.6063850675237621,0.2667269203909426
E18b,2,10500,12,2.3106382704167214,0.6767866954117608,0.2929003228574168
E18b,2,10500,13,2.346529827564202,0.7533678011399283,0.32105613672166966
E18b,2,10500,14,2.3798241118907906,0.6689291841047688,0.2810834551858115
E18b,2,10500,15,2.4044157180146835,0.7565820866227395,0.3146635920544748
E18b,2,10500,16,2.3590465812430623,0.6965331777566338,0.29526045958346725
E18b,2,10500,17,2.4024275704580673,0.6376427774649526,0.26541602556757793
E18b,2,10500,18,2.512663824301275,0.7716634862516062,0.3071097210810489
E18b,2,10500,19,2.583173380885456,0.7184692483383197,0.278134349654859
E18b,2,10500,20,2.599781666657166,0.7779584101287442,0.2992399016064505
E18b,2,10500,21,2.6482049785834167,0.7214080431708643,0.27241397437322296
E18b,2,10500,22,2.6766698500696604,0.6593379985172044,0.24632772640975695
E18b,2,10500,23,2.7031094257591253,0.7419441597747831,0.27447803359511425
E18b,2,11000,0,0.7629964979350768,0.7794102555403868,1.0215122319037258
E18b,2,11000,1,1.0671724246659806,0.8381224171355927,0.7853673855918087
E18b,2,11000,2,1.3497886955940674,0.6680565518001742,0.49493417301598447
E18b,2,11000,3,1.4851070913211613,0.5858442374155797,0.39447945595250555
E18b,2,11000,4,1.625056480617655,0.6205278284736199,0.38185000698423005
E18b,2,11000,5,1.7296749436480547,0.634171158012451,0.36664181344670554
E18b,2,11000,6,1.891668026445196,0.7925728216261613,0.41898092611712445
E18b,2,11000,7,1.9863751501787597,0.7217180803850817,0.36333422733370996
E18b,2,11000,8,2.052416346146111,0.6658412440050265,0.3244182133197771
E18b,2,11000,9,2.0858911003909175,0.7157232489521527,0.3431258941648578
E18b,2,11000,10,2.1279087059914366,0.7151568887349652,0.33608438497447607
E18b,2,11000,11,2.268372356563919,0.6111234285063335,0.2694105430874012
E18b,2,11000,12,2.29801730459738,0.6911346238888327,0.30075257592976296
E18b,2,11000,13,2.3470041534350417,0.7577041909517754,0.3228388794467238
E18b,2,11000,14,2.3862566493330215,0.6661711052101967,0.27916993144739777
E18b,2,11000,15,2.417191351279265,0.7532196724139454,0.3116094520259285
E18b,2,11000,16,2.383832440647207,0.6972105953921399,0.29247466537658506
E18b,2,11000,17,2.4187960021767227,0.6366245761206352,0.26319895334196186
E18b,2,11000,18,2.5267606495323336,0.770060125171505,0.3047618005741984
E18b,2,11000,19,2.5787464524892885,0.7165929991613339,0.27788424041052967
E18b,2,11000,20,2.5994187591716225,0.7708182029894788,0.29653483120785107
E18b,2,11000,21,2.643044101724181,0.7201820451296147,0.2724820386688994
E18b,2,11000,22,2.663565631161956,0.6581064208561304,0.2470772310457533
E18b,2,11000,23,2.684608496034899,0.7435298513820665,0.2769602541600542
E18b,2,11500,0,0.76521000649428,0.7816337893835519,1.0214631052258654
E18b,2,11500,1,1.0714506629031106,0.8314873612986041,0.7760388696252961
E18b,2,11500,2,1.3450705310472606,0.6613462914961041,0.491681496420255
E18b,2,11500,3,1.4671370386475566,0.5876861046151783,0.40056660634573166
E18b,2,11500,4,1.6071708913749765,0.6322373322578279,0.393385255824869
E18b,2,11500,5,1.7183471270384416,0.6394363701768311,0.3721229314584969
E18b,2,11500,6,1.8802737334986126,0.8017070827638497,0.42637785577747706
E18b,2,11500,7,1.972426323511022,0.7198850971432782,0.3649743914702198
E18b,2,11500,8,2.0418466098762735,0.6638688714128042,0.3251316079286835
E18b,2,11500,9,2.0767340107865486,0.7074902662979067,0.34067447377622984
E18b,2,11500,10,2.1237201618193753,0.7192197155127004,0.33866030395292296
E18b,2,11500,11,2.273748445091437,0.6141202602931136,0.27009155811359653
E18b,2,11500,12,2.3053543499064384,0.6865576180022791,0.29781001694170905
E18b,2,11500,13,2.352961865662558,0.769195318220524,0.32690513579740077
E18b,2,11500,14,2.3893771877428973,0.675840058492609,0.28285197580338284
E18b,2,11500,15,2.420064057266389,0.7471869097955183,0.3087467488937098
E18b,2,11500,16,2.384094810595201,0.690130596899889,0.28947279857867503
E18b,2,11500,17,2.4154961076474204,0.6359134000826479,0.26326409637728526
E18b,2,11500,18,2.5192100045779124,0.7781263121663018,0.3088771125679437
E18b,2,11500,19,2.57586488297889,0.7170560857022545,0.27837488310838976
E18b,2,11500,20,2.598310483069015,0.7743454738434575,0.29801883912227195
E18b,2,11500,21,2.643298873800259,0.719338838614356,0.2721367779271081
E18b,2,11500,22,2.665827697438486,0.6524194078541735,0.24473427464237987
E18b,2,11500,23,2.680721124119637,0.7474470156686258,0.27882311552048944
E18b,2,12000,0,0.7648594380521422,0.7806835623771666,1.0206889312437897
E18b,2,12000,1,1.0711066824533872,0.8357924064824037,0.7803073402249789
E18b,2,12000,2,1.3436684483541834,0.6590073254894334,0.49045382162290885
E18b,2,12000,3,1.4590855433657173,0.5872141905343358,0.40245357320160324
E18b,2,12000,4,1.5959794453816971,0.6381585121082065,0.3998538414481795
E18b,2,12000,5,1.7184804070168045,0.6453506229034087,0.37553563035595205
E18b,2,12000,6,1.8822600619908996,0.8068295870420396,0.42864936856209
E18b,2,12000,7,1.9786243664592118,0.7254372429105361,0.36663717237482557
E18b,2,12000,8,2.0443434064631805,0.6718031764038009,0.3286156201937008
E18b,2,12000,9,2.076616625792948,0.7123004370663003,0.3430100810226881
E18b,2,12000,10,2.1182185200055783,0.7177104389341858,0.3388273835563933
E18b,2,12000,11,2.2642696880214843,0.6109651873855229,0.26982880644371626
E18b,2,12000,12,2.2947036914665695,0.6726339024075831,0.2931245131599957
E18b,2,12000,13,2.340729649971304,0.7691531003578008,0.3285954447440054
E18b,2,12000,14,2.3717547743279996,0.6725019692478845,0.2835461644378592
E18b,2,12000,15,2.4063686893131875,0.7409618101495496,0.3079169927036538
E18b,2,12000,16,2.3724009750828405,0.7008978918611118,0.2954382076312532
E18b,2,12000,17,2.4110707250556924,0.6448436321061859,0.26745114749435267
E18b,2,12000,18,2.5151379623229797,0.783489634718615,0.3115096056182081
E18b,2,12000,19,2.57324251296084,0.7086727014845938,0.275400665858414
E18b,2,12000,20,2.588308967214853,0.7630625737363758,0.2948112390760939
E18b,2,12000,21,2.6384034142768145,0.720690350240046,0.2731539636206797
E18b,2,12000,22,2.659857787809881,0.6514279451098327,0.244910817448709
E18b,2,12000,23,2.6733032059992463,0.7489357568622489,0.28015368970550664
E18c,0,0,0,0.7856100464370263,0.6831396823330099,0.8695658685008552
E18c,0,0,1,1.004124573079603,0.6742416707878521,0.6714721348965543
E18c,0,0,2,1.196421490475536,0.7928884136551554,0.662716626178296
E18c,0,0,3,1.3709708022371763,0.7003856128913969,0.5108683655031123
E18c,0,0,4,1.552614324423022,0.6557449059203546,0.42234887029271784
E18c,0,0,5,1.6834116453314558,0.6514137965076717,0.38696049080699535
E18c,0,0,6,1.7997875717675031,0.5864238871668579,0.3258295014177441
E18c,0,0,7,1.9379439723674994,0.6956604054978531,0.3589682753562767
E18c,0,0,8,2.0353959309897203,0.7861350962801119,0.3862320270522749
E18c,0,0,9,2.2354935595857897,0.6669521346537053,0.29834670370389416
E18c,0,0,10,2.36931965815564,0.620252548209924,0.26178508504536274
E18c,0,0,11,2.515328305497398,0.7338427609740407,0.2917483015518031
E18c,0,0,12,2.5326018509182493,0.6862176746808957,0.27095363388133537
E18c,0,0,13,2.602001304714463,0.7517725010772521,0.28892087783166953
E18c,0,0,14,2.760938499771144,0.7916651574108559,0.2867377007769197
E18c,0,0,15,2.791985650391931,0.7620338812721331,0.27293617399686887
E18c,0,0,16,2.8771935173521874,0.6995856077755579,0.24314861115750389
E18c,0,0,17,3.0229691612938825,0.6826641842712934,0.22582571896932666
E18c,0,0,18,3.0649713023777037,0.7368123805748689,0.24039780731495727
E18c,0,0,19,3.122924803876982,0.808431196587349,0.25886988876059874
E18c,0,0,20,3.251853775623933,0.5145291797183289,0.15822641951961883
E18c,0,0,21,3.307579967451653,0.7271087287992388,0.2198310353655469
E18c,0,0,22,3.469799209049676,0.6565891816032837,0.18922973406957266
E18c,0,0,23,3.4782669454715753,0.8169958110562389,0.23488588537458344
E18c,0,0,24,3.391117669178027,0.6434283885456724,0.18973932824384504
E18c,0,0,25,3.3732073794537802,0.665093351790753,0.19716942274045743
E18c,0,0,26,3.4743599042565965,0.5526173102160641,0.15905586221480034
E18c,0,0,27,3.5686834110268615,0.6676254264326874,0.1870789166586742
E18c,0,0,28,3.6629365150036546,0.7310960207885873,0.19959287249286597
E18c,0,0,29,3.7157963606740267,0.6077185192193247,0.1635500065749264
E18c,0,0,30,3.781957449542726,0.7261358472358433,0.19200000447483617
E18c,0,0,31,3.8655497311312006,0.6397883973024253,0.16551032629327989
E18c,0,500,0,0.7861563036815781,0.7105906200384635,0.9038795678553493
E18c,0,500,1,1.0207387248709174,0.6732554683902547,0.6595766889077267
E18c,0,500,2,1.2168866829645595,0.7824474081917947,0.6429911832756762
E18c,0,500,3,1.3932908963340342,0.7022695809902211,0.5040365819069097
E18c,0,500,4,1.5742168726176726,0.6501062105294471,0.41297118703118946
E18c,0,500,5,1.7152553204050933,0.6847029315977431,0.3991842633877015
E18c,0,500,6,1.8301442087209168,0.6056909705131619,0.3309525924935051
E18c,0,500,7,1.9697758099442775,0.6470535023434051,0.3284909374339963
E18c,0,500,8,2.0563360480076756,0.7694243499523823,0.3741724756991228
E18c,0,500,9,2.2288193207743725,0.6499943803832852,0.291631705775708
E18c,0,500,10,2.326494571165457,0.6317781544145713,0.2715579749227965
E18c,0,500,11,2.449139406133058,0.7189882177388615,0.29356769808137245
E18c,0,500,12,2.4889255195519486,0.7005537187853729,0.28146833373763835
E18c,0,500,13,2.5744454111645787,0.7446494526571082,0.2892465497336989
E18c,0,500,14,2.7529458114493206,0.8096834161548743,0.2941152756394456
E18c,0,500,15,2.8008491642354696,0.7130935105705655,0.25459904077526935
E18c,0,500,16,2.8486123140341015,0.6916514341243932,0.2428029362636931
E18c,0,500,17,2.9938785103307524,0.6740105125423466,0.22512954691267162
E18c,0,500,18,3.0578252324846664,0.7575554749989352,0.24774322186601092
E18c,0,500,19,3.0886091752210207,0.7872694793207164,0.2548944960847562
E18c,0,500,20,3.2108793583056383,0.5655824991039483,0.17614567101094786
E18c,0,500,21,3.2771882882456373,0.7264739307004667,0.22167598160475754
E18c,0,500,22,3.4381757036461456,0.6734174433121151,0.1958647554277007
E18c,0,500,23,3.4724075488393304,0.8143352439139709,0.23451603317305497
E18c,0,500,24,3.372664576773562,0.6741525387233653,0.19988721777019672
E18c,0,500,25,3.3670138030901184,0.6811002948750787,0.20228616058835
E18c,0,500,26,3.5018618805044,0.6075791673711629,0.17350175081252736
E18c,0,500,27,3.6143406487429566,0.6757525403610845,0.18696426431086585
E18c,0,500,28,3.721385776788313,0.6800581137814102,0.18274324527792557
E18c,0,500,29,3.761028628110223,0.5639504832444224,0.14994580977911529
E18c,0,500,30,3.8305128688869314,0.7452750264816829,0.19456272619134798
E18c,0,500,31,3.9169531181340265,0.6264232266072569,0.1599261486452702
E18c,0,1000,0,0.7826660455616878,0.7184096771526814,0.9179006566422692
E18c,0,1000,1,1.0245463868496751,0.6810912935703002,0.6647735059264156
E18c,0,1000,2,1.2266397044539046,0.7780428091589615,0.6342879708963467
E18c,0,1000,3,1.3986235199742036,0.6863903965159028,0.49076137124346564
E18c,0,1000,4,1.564121815739458,0.657110993644224,0.4201149725244172
E18c,0,1000,5,1.693285500044067,0.7003294044321376,0.4135920400983248
E18c,0,1000,6,1.813774854287288,0.6040339599855009,0.3330258761486979
E18c,0,1000,7,1.9617782477919097,0.6617440653069465,0.3373184844167664
E18c,0,1000,8,2.0559136331804506,0.759653370636375,0.36949673292511265
E18c,0,1000,9,2.228994523845648,0.6540496052829174,0.2934280897893353
E18c,0,1000,10,2.3242937725085016,0.616201097501219,0.26511325925731927
E18c,0,1000,11,2.420348118262253,0.72676812592558,0.3002742128051318
E18c,0,1000,12,2.4712093345980226,0.6663689164577741,0.2696529618629692
E18c,0,1000,13,2.5247494825609875,0.752408353618865,0.2980130736993586
E18c,0,1000,14,2.7324602213806273,0.7698373295508955,0.2817377993381805
E18c,0,1000,15,2.7666846778785086,0.7023108342221065,0.25384563692333667
E18c,0,1000,16,2.796271215179481,0.6734677830554707,0.2408449435804258
E18c,0,1000,17,2.9456375586578663,0.642978549521036,0.2182816238308691
E18c,0,1000,18,2.9914282842051927,0.7295463503098515,0.24387893708228686
E18c,0,1000,19,3.024172410061351,0.7470681703403489,0.24703226835046524
E18c,0,1000,20,3.0976490723853853,0.5744304157804179,0.18544076567655554
E18c,0,1000,21,3.152043610666968,0.7030741234470892,0.2230534251073765
E18c,0,1000,22,3.281260819328478,0.6806783489285239,0.20744414614008866
E18c,0,1000,23,3.329489888884641,0.7785985823999243,0.23384921065513434
E18c,0,1000,24,3.2286635527237286,0.700332998472258,0.21691111106372513
E18c,0,1000,25,3.23056827533806,0.7015182106862405,0.21715009586442832
E18c,0,1000,26,3.3537845425105814,0.6318200513227804,0.18839017334423383
E18c,0,1000,27,3.479695669834827,0.6836126120985687,0.19645758622650417
E18c,0,1000,28,3.573935362970224,0.6790354090952779,0.1899965556542538
E18c,0,1000,29,3.586465243548198,0.5707827974462182,0.1591491227952137
E18c,0,1000,30,3.651849110052413,0.7695463906160218,0.21072787166854684
E18c,0,1000,31,3.713059963704617,0.6439882242744224,0.17343868145665456
E18c,0,1500,0,0.7773992085698913,0.7200985197087951,0.9262918096269909
E18c,0,1500,1,1.0228868001766622,0.6806636505267587,0.6654339956378376
E18c,0,1500,2,1.223222546765146,0.7614885721514092,0.622526599240009
E18c,0,1500,3,1.3895480954745703,0.6854175915380074,0.49326654742664217
E18c,0,1500,4,1.5573502133820678,0.6627926890495619,0.4255900075360619
E18c,0,1500,5,1.6927244932495722,0.6985100752397084,0.4126543203133774
E18c,0,1500,6,1.7999494560752292,0.597339973571159,0.3318648596242544
E18c,0,1500,7,1.9552349262401907,0.6811845269004748,0.3483901181175989
E18c,0,1500,8,2.062856951977884,0.7551042276243397,0.36604778964452167
E18c,0,1500,9,2.220888373500456,0.6994739674214951,0.31495232978279697
E18c,0,1500,10,2.335522000718836,0.6089299677928462,0.26072542566733575
E18c,0,1500,11,2.410816373271028,0.7164913216733984,0.29719862931794067
E18c,0,1500,12,2.4505310743663458,0.6659197520506727,0.27174507559463007
E18c,0,1500,13,2.495689472597005,0.7474875909187108,0.29951145730517426
E18c,0,1500,14,2.703938818252594,0.753605401869245,0.27870652870624435
E18c,0,1500,15,2.737904235093061,0.7170672880083637,0.26190371409538754
E18c,0,1500,16,2.7524513625353,0.6377684353745271,0.23170924800177925
E18c,0,1500,17,2.8828162378782474,0.6404671041958389,0.2221671627142015
E18c,0,1500,18,2.9312031345946608,0.7124585100572377,0.24306009421478034
E18c,0,1500,19,2.9556133336980386,0.7321675548630235,0.24772102173018068
E18c,0,1500,20,3.007981605801333,0.582805989295535,0.19375317594080638
E18c,0,1500,21,3.0637997110018156,0.6797928795997557,0.2218790207332038
E18c,0,1500,22,3.163992560451187,0.6633462069067645,0.20965479350310828
E18c,0,1500,23,3.20984936884709,0.7474863207603899,0.2328727098583044
E18c,0,1500,24,3.131920238290829,0.7015958288352877,0.22401459023687237
E18c,0,1500,25,3.131763284567222,0.7271434876075915,0.23218341283673213
E18c,0,1500,26,3.234550856314531,0.6357565546471483,0.19655172631032106
E18c,0,1500,27,3.3409936371533964,0.6877544268008187,0.20585325848953168
E18c,0,1500,28,3.4057949154586113,0.6840019504264887,0.20083474413619634
E18c,0,1500,29,3.4015144990365944,0.588471554983356,0.1730028065880736
E18c,0,1500,30,3.469744371149255,0.7805849125773515,0.2249689974477298
E18c,0,1500,31,3.5061078752612835,0.6409317775233376,0.182804351812927
E18c,0,2000,0,0.7781820558421794,0.7278259589002749,0.9352900821037218
E18c,0,2000,1,1.0298900862827214,0.6853129618963575,0.6654233990832183
E18c,0,2000,2,1.2300504925141122,0.770432596644756,0.6263422528859456
E18c,0,2000,3,1.3954422307853063,0.6969600684859194,0.4994546195536124
E18c,0,2000,4,1.5708136567086564,0.6763716145838354,0.4305867928351505
E18c,0,2000,5,1.7134914030354422,0.7046748417286522,0.41125087670724464
E18c,0,2000,6,1.824664899902285,0.5925254790164185,0.3247311213407731
E18c,0,2000,7,1.9781385542137622,0.6857106108340428,0.34664437906706075
E18c,0,2000,8,2.08738823640114,0.743010369223569,0.3559521684881156
E18c,0,2000,9,2.216440833533241,0.6933989697592858,0.3128434376720693
E18c,0,2000,10,2.3381059305589624,0.5962683466362123,0.25502195552519924
E18c,0,2000,11,2.3947480036782065,0.7147251110163046,0.2984552487019614
E18c,0,2000,12,2.443972676734662,0.6775063715347639,0.2772151988376422
E18c,0,2000,13,2.504105716561029,0.7408122895705248,0.29583906329158766
E18c,0,2000,14,2.6995932590813454,0.7570526091452687,0.28043210087244363
E18c,0,2000,15,2.7174150020345387,0.7059704658186085,0.2597948658155069
E18c,0,2000,16,2.714768760749382,0.6307684734647458,0.2323470354398174
E18c,0,2000,17,2.840229010469167,0.6447366805892255,0.2270016531106144
E18c,0,2000,18,2.8925208438936605,0.7012776922448496,0.2424451646477508
E18c,0,2000,19,2.9046790412277863,0.7250480349258424,0.2496138212294085
E18c,0,2000,20,2.9428691682177046,0.5901948276801656,0.2005508209655159
E18c,0,2000,21,3.001566204727836,0.6689827409403819,0.2228778895120327
E18c,0,2000,22,3.0953153988665347,0.662986086317593,0.21419015540722283
E18c,0,2000,23,3.150140981896232,0.7494213064682906,0.23790087833376125
E18c,0,2000,24,3.0840636713142775,0.7169703224538138,0.2324758496792889
E18c,0,2000,25,3.072352653961204,0.750563975100511,0.24429616637035598
E18c,0,2000,26,3.1743136544962205,0.6390340896427457,0.20131409784839413
E18c,0,2000,27,3.255707293158842,0.6832845702649295,0.20987285057864472
E18c,0,2000,28,3.2970782249910586,0.688943562643597,0.20895578316024496
E18c,0,2000,29,3.2863988601766163,0.6182108498026369,0.18811193531433162
E18c,0,2000,30,3.3463523973229186,0.7833272349283862,0.2340839044791122
E18c,0,2000,31,3.3688063250997637,0.6523430627699389,0.19364219839815827
E18c,0,2500,0,0.779661468941412,0.7395576309268903,0.94856249845337
E18c,0,2500,1,1.0340362750721968,0.6869662375629796,0.6643540987138148
E18c,0,2500,2,1.2293684634285411,0.7814562785038742,0.6356566820695068
E18c,0,2500,3,1.3953970554735509,0.6898641562067928,0.4943855610851035
E18c,0,2500,4,1.561056589306799,0.6809661383464004,0.4362213022967921
E18c,0,2500,5,1.7005289682904725,0.7178458371073307,0.42213090778981266
E18c,0,2500,6,1.8257306383158534,0.5867107835224449,0.32135670575351505
E18c,0,2500,7,1.9664415615505706,0.7030123913388681,0.3575048478860117
E18c,0,2500,8,2.0703513287790543,0.7310393885590342,0.35309919548299523
E18c,0,2500,9,2.183800729321375,0.7005227725007076,0.32078145368071104
E18c,0,2500,10,2.308106710680131,0.5953685952490505,0.25794673725185474
E18c,0,2500,11,2.354609357435079,0.7257844314747859,0.30823984844152524
E18c,0,2500,12,2.4040966586672816,0.6733998083489309,0.2801051305159386
E18c,0,2500,13,2.4601945996751873,0.7494486740631435,0.30462983463263077
E18c,0,2500,14,2.663430919237316,0.7511086587026679,0.282007936934873
E18c,0,2500,15,2.6749062259909793,0.702380318810191,0.26258128677014775
E18c,0,2500,16,2.6802153530582284,0.6357042477271165,0.23718401844156053
E18c,0,2500,17,2.805680775762601,0.6377652107784897,0.22731210773796645
E18c,0,2500,18,2.85628766204346,0.6932737232104383,0.2427184531947503
E18c,0,2500,19,2.862373672239004,0.7108231769717045,0.24833346668385364
E18c,0,2500,20,2.8874341620172346,0.6045658260289316,0.2093782202834944
E18c,0,2500,21,2.9387048599286434,0.6575341846595326,0.22374965027127583
E18c,0,2500,22,3.024219482062206,0.6573124288776139,0.21734944595667854
E18c,0,2500,23,3.0742769732332964,0.7363568502395166,0.23952196131016493
E18c,0,2500,24,3.0160256338547953,0.7166447962506481,0.23761230282870685
E18c,0,2500,25,2.9977738169798047,0.7796325423533017,0.2600705022965226
E18c,0,2500,26,3.100055736401479,0.64669551540966,0.2086077059247777
E18c,0,2500,27,3.176767266064529,0.6721720774380983,0.21158996588088255
E18c,0,2500,28,3.2011617267301653,0.7184117671485253,0.22442220308636165
E18c,0,2500,29,3.188748478833716,0.6328139560626073,0.19845213890750604
E18c,0,2500,30,3.2451261593863308,0.7906617208548887,0.24364591144413528
E18c,0,2500,31,3.264792234085447,0.6583274759589763,0.2016445239871109
E18c,0,3000,0,0.7796820678993833,0.7375887791844833,0.9460122395423206
E18c,0,3000,1,1.0361161884605972,0.6866829467943711,0.6627470494545653
E18c,0,3000,2,1.2303805445089704,0.7811284661319468,0.634867374665523
E18c,0,3000,3,1.3982716690861055,0.6931719800147164,0.4957348384722446
E18c,0,3000,4,1.558169977538267,0.6696348180510469,0.42975723297466845
E18c,0,3000,5,1.6925804835565392,0.7141653933962298,0.42193880901638886
E18c,0,3000,6,1.824210719734962,0.5921394449806107,0.32460035377198204
E18c,0,3000,7,1.9662264368623041,0.7042090922640497,0.358152590699484
E18c,0,3000,8,2.074744433531519,0.714809100239019,0.34452874710082204
E18c,0,3000,9,2.167132814686401,0.7039363055569648,0.3248237951944949
E18c,0,3000,10,2.301581482118713,0.5973709874111973,0.2595480507869265
E18c,0,3000,11,2.35238554459369,0.7135903758101183,0.303347543284352
E18c,0,3000,12,2.3993691407051623,0.6750134004462301,0.2813295332488302
E18c,0,3000,13,2.4573093017896377,0.7261581312066294,0.2955094544580833
E18c,0,3000,14,2.6447517462627523,0.7444464672055973,0.28148066004968525
E18c,0,3000,15,2.645196533789294,0.6982340592626438,0.26396301762213875
E18c,0,3000,16,2.6437599552510367,0.6321633034003123,0.23911524272266452
E18c,0,3000,17,2.7617059513665914,0.6418753225483649,0.2324198643344857
E18c,0,3000,18,2.8150199516428716,0.6667331945554992,0.2368484792324074
E18c,0,3000,19,2.823933589560082,0.7180185515619227,0.25426184036919125
E18c,0,3000,20,2.8382567541480865,0.6096324992705919,0.2147911736243099
E18c,0,3000,21,2.8831302146132285,0.641201750211313,0.22239777688893947
E18c,0,3000,22,2.9588247946425854,0.6689673109691922,0.2260922350591566
E18c,0,3000,23,3.0100170142609337,0.7194752375787276,0.23902696701380086
E18c,0,3000,24,2.9539479541522304,0.7167576030600601,0.24264395114089485
E18c,0,3000,25,2.9376119031882553,0.800599631081035,0.272534173153413
E18c,0,3000,26,3.023473749009986,0.640741515193457,0.2119223014267159
E18c,0,3000,27,3.0856865949788443,0.6947539571807391,0.2251537658786447
E18c,0,3000,28,3.0958119273617957,0.7135597017510017,0.230491941530533
E18c,0,3000,29,3.0917273822714497,0.6479402011025891,0.20957222969204883
E18c,0,3000,30,3.146273339911234,0.7823794890553096,0.24866863254715907
E18c,0,3000,31,3.16303162962834,0.6600508312847316,0.20867664588048662
E18c,0,3500,0,0.7839247150717549,0.7336098260019692,0.9358166822624285
E18c,0,3500,1,1.0424338124506463,0.683879658887851,0.6560413243696745
E18c,0,3500,2,1.2362363536299643,0.785733372423561,0.6355850724793927
E18c,0,3500,3,1.4121697676342593,0.6856899192617519,0.4855577105367831
E18c,0,3500,4,1.566733973882165,0.6731195896432222,0.42963234401263317
E18c,0,3500,5,1.7064048351372905,0.7287079361118428,0.42704282190645215
E18c,0,3500,6,1.8430949054652261,0.5813769865455477,0.31543518720692193
E18c,0,3500,7,1.9774358557892755,0.7046600392876897,0.3563503904436036
E18c,0,3500,8,2.0822486675588463,0.7114023119583655,0.3416509867634532
E18c,0,3500,9,2.1623601481186654,0.7083422255281651,0.3275782834531285
E18c,0,3500,10,2.297996994224129,0.6101107160699626,0.2654967424254416
E18c,0,3500,11,2.355111718957889,0.7130326964307585,0.3027596061329386
E18c,0,3500,12,2.3984912176843314,0.6820182215869242,0.28435302016464814
E18c,0,3500,13,2.4635645918886375,0.7340887971735295,0.29797830330511305
E18c,0,3500,14,2.655868162426162,0.7404079126862803,0.27878187748969824
E18c,0,3500,15,2.655359531196749,0.6933443028572374,0.26111127126530875
E18c,0,3500,16,2.650240263308423,0.6263060385883052,0.2363204752638001
E18c,0,3500,17,2.7622042985790105,0.6373429553653363,0.23073708041552582
E18c,0,3500,18,2.823346858193165,0.6533496944399735,0.23140964509691614
E18c,0,3500,19,2.826310888477197,0.7058981282146053,0.2497595473635032
E18c,0,3500,20,2.839957147208689,0.6095004583557497,0.21461607579354144
E18c,0,3500,21,2.8822456635351297,0.6498257619837066,0.22545814543326706
E18c,0,3500,22,2.952545089449948,0.670111190591058,0.22696052737196235
E18c,0,3500,23,3.0053793922922685,0.6999107889860252,0.2328860012752626
E18c,0,3500,24,2.9562522634356903,0.7194433946669231,0.24336332983667708
E18c,0,3500,25,2.942587586509963,0.8115506813369687,0.2757949109339862
E18c,0,3500,26,3.0278510495245476,0.6427656489039713,0.2122844348650844
E18c,0,3500,27,3.0822627703490424,0.7018685821390114,0.22771211750370335
E18c,0,3500,28,3.070329331472511,0.7276841770852795,0.23700525205101913
E18c,0,3500,29,3.052410970261666,0.6464706018127506,0.21179015804589782
E18c,0,3500,30,3.1018677729556967,0.7921906343223419,0.25539149064612837
E18c,0,3500,31,3.1188742713099136,0.6631866350440713,0.21263654041608282
E18c,0,4000,0,0.7874155088112503,0.737938045399672,0.9371647334121298
E18c,0,4000,1,1.0510010248582078,0.6904482473053413,0.6569434576892926
E18c,0,4000,2,1.2494275930889818,0.7846254837618605,0.6279879587275778
E18c,0,4000,3,1.4225362377631343,0.6880041343420483,0.483646121679051
E18c,0,4000,4,1.5729768141516312,0.6768009558047464,0.4302675981716692
E18c,0,4000,5,1.7087243679633963,0.7293687235896524,0.4268498403045404
E18c,0,4000,6,1.847794209903888,0.5725080265190122,0.309833218142182
E18c,0,4000,7,1.9715591071669096,0.7183186785679362,0.36434042274296585
E18c,0,4000,8,2.0797617419849574,0.7106714042342287,0.3417080860214078
E18c,0,4000,9,2.1483497266365226,0.7165273257112162,0.3335245266761192
E18c,0,4000,10,2.2946101733008843,0.6053301115504698,0.26380520691219606
E18c,0,4000,11,2.3467253109678343,0.7116846767185124,0.3032671414043768
E18c,0,4000,12,2.3948694118829055,0.6864091173083747,0.28661651190772147
E18c,0,4000,13,2.4572086572175484,0.7306617040418111,0.29735435853021336
E18c,0,4000,14,2.639869832654103,0.7434871993044081,0.28163782551237093
E18c,0,4000,15,2.6412491968376655,0.7007211117369824,0.26529912913024145
E18c,0,4000,16,2.63589690011723,0.6289434059878115,0.23860698267820704
E18c,0,4000,17,2.7465780217542903,0.6459933039835264,0.2351993276240223
E18c,0,4000,18,2.800209459509579,0.6578122367879842,0.23491536840361635
E18c,0,4000,19,2.7969002517348964,0.7030968586035543,0.251384316679663
E18c,0,4000,20,2.810000489097739,0.6020162763287965,0.21424063044277175
E18c,0,4000,21,2.8513002301864887,0.6443464572137796,0.22598337782606506
E18c,0,4000,22,2.91393868928542,0.6664260789808122,0.2287028486327688
E18c,0,4000,23,2.968171806631002,0.6976366090668251,0.2350391603034164
E18c,0,4000,24,2.924664725188159,0.713470521768469,0.243949508339821
E18c,0,4000,25,2.91649237018965,0.8090654080040178,0.2774104318851371
E18c,0,4000,26,2.9964000472143044,0.6394749998174524,0.2134144272264179
E18c,0,4000,27,3.0459690330029474,0.711686696196834,0.23364869717509873
E18c,0,4000,28,3.023720565703473,0.7362137096216756,0.24347941339956275
E18c,0,4000,29,3.01504651124595,0.6486516217497179,0.21513818089713863
E18c,0,4000,30,3.068773377299231,0.7918539042481616,0.2580359664567532
E18c,0,4000,31,3.0906238667636012,0.6568614373804906,0.21253360670780497
E18c,0,4500,0,0.7883759055920918,0.7392537876675745,0.9376920101488576
E18c,0,4500,1,1.0519762642337356,0.6827353155957778,0.6490025857124119
E18c,0,4500,2,1.244570507268865,0.7893586487889654,0.6342418080604894
E18c,0,4500,3,1.4250029934007147,0.6748150028295173,0.47355339318908896
E18c,0,4500,4,1.5694215928931121,0.675125615716486,0.43017479737356107
E18c,0,4500,5,1.7029538356027094,0.7290510442738345,0.4281096933058134
E18c,0,4500,6,1.8405608891549987,0.577026202123429,0.31350563055175085
E18c,0,4500,7,1.957228208663766,0.7302482519750172,0.3731032736716841
E18c,0,4500,8,2.068221493326914,0.7083076547718162,0.3424718566445424
E18c,0,4500,9,2.1333617187033918,0.707432180923612,0.33160442259813916
E18c,0,4500,10,2.275288744301254,0.6085667771142349,0.2674679328671874
E18c,0,4500,11,2.33116576896794,0.7068638684643853,0.3032233391009898
E18c,0,4500,12,2.371752543071243,0.6918988360783002,0.2917247155904143
E18c,0,4500,13,2.4270514102839185,0.741151985924813,0.305371358342225
E18c,0,4500,14,2.6075121147265623,0.7480314530735992,0.2868755427247715
E18c,0,4500,15,2.6129260625867285,0.7055456211179172,0.270021272786971
E18c,0,4500,16,2.611991877492342,0.6394770828568169,0.24482353424113654
E18c,0,4500,17,2.726319307815813,0.6451835259570586,0.23665002265414997
E18c,0,4500,18,2.7790420128369098,0.6625343516077687,0.23840386311088493
E18c,0,4500,19,2.778568522736525,0.70454041679087,0.25356236890533485
E18c,0,4500,20,2.796396556001433,0.599197505512528,0.21427486892964867
E18c,0,4500,21,2.8304942295286972,0.6486523842778179,0.22916576812305475
E18c,0,4500,22,2.8792850468012663,0.6602838213727825,0.22932214443523852
E18c,0,4500,23,2.9381480953412757,0.6843954174198134,0.23293428214356857
E18c,0,4500,24,2.8970719591269853,0.7267476422941086,0.2508559167833406
E18c,0,4500,25,2.88847141014577,0.8087308164591445,0.2799857438846282
E18c,0,4500,26,2.968581967316287,0.6375640124193762,0.21477056030080205
E18c,0,4500,27,3.020563166529654,0.7110342885176267,0.23539792062502665
E18c,0,4500,28,3.001844494545455,0.7474846754353929,0.24900846022957576
E18c,0,4500,29,2.996108192647137,0.6472742554189688,0.2160383450128634
E18c,0,4500,30,3.048343556178815,0.7747637408445519,0.25415893142167356
E18c,0,4500,31,3.055624996484375,0.647269316804832,0.21182878054392884
E18c,0,5000,0,0.7883649497908409,0.7333954992127407,0.9302741064367663
E18c,0,5000,1,1.049862450161568,0.6891481889146036,0.6564175990945742
E18c,0,5000,2,1.2472551418520998,0.7894786402610858,0.63297284875391
E18c,0,5000,3,1.4293520198179293,0.6758297159007901,0.4728224443876864
E18c,0,5000,4,1.5791686205825988,0.6805708325039298,0.4309678039656389
E18c,0,5000,5,1.7147376296046672,0.7326163881662948,0.4272469300946055
E18c,0,5000,6,1.8468262301320924,0.5807687865913606,0.31446856077510965
E18c,0,5000,7,1.9581067370491143,0.7292079027807129,0.37240457273521066
E18c,0,5000,8,2.0658431955238186,0.7143261760520017,0.3457794752282135
E18c,0,5000,9,2.1297514313865515,0.7127737817942544,0.33467463446201834
E18c,0,5000,10,2.2715221815792166,0.6136941885904732,0.2701686972582492
E18c,0,5000,11,2.332544125055296,0.706262154984619,0.3027861927233107
E18c,0,5000,12,2.372044412523947,0.6903957665067834,0.2910551602076352
E18c,0,5000,13,2.420811754896845,0.7518210930968411,0.31056569829357816
E18c,0,5000,14,2.6059325686475954,0.7483618738955747,0.28717622355207495
E18c,0,5000,15,2.61394825152748,0.6945902734066883,0.26572456933713184
E18c,0,5000,16,2.6091290312144717,0.6348344999529532,0.24331280375867675
E18c,0,5000,17,2.7191638553243194,0.6487851131936925,0.2385972849423268
E18c,0,5000,18,2.764964974541534,0.6647421878963695,0.24041613330258987
E18c,0,5000,19,2.7665198521595724,0.697174452145671,0.2520041385574912
E18c,0,5000,20,2.786583760793274,0.5967345352245155,0.214145558307079
E18c,0,5000,21,2.8194581646440295,0.6505335381653429,0.23072998433636127
E18c,0,5000,22,2.8613098944769493,0.661879351261,0.23132040068032975
E18c,0,5000,23,2.926596244797282,0.6818556182507997,0.23298588572405898
E18c,0,5000,24,2.8869091272509744,0.7320663270534515,0.2535813545854674
E18c,0,5000,25,2.8761589187538017,0.815001785988794,0.2833646571733674
E18c,0,5000,26,2.950119639228781,0.638904512275742,0.21656901766965767
E18c,0,5000,27,3.0000526256541593,0.720699688759237,0.24022901551671577
E18c,0,5000,28,2.976443729921312,0.7448715317316084,0.2502555396037339
E18c,0,5000,29,2.9764204732939197,0.6376895085951614,0.21424711807920357
E18c,0,5000,30,3.02658587934426,0.7669862754490755,0.25341632652275864
E18c,0,5000,31,3.036137971479882,0.6533425372775452,0.2151886849065332
E18c,0,5500,0,0.7882229416826515,0.7329428007975636,0.9298673789333267
E18c,0,5500,1,1.0492683173964752,0.6990862086609189,0.6662606666667922
E18c,0,5500,2,1.2504995975202242,0.7987546725858784,0.6387484443576242
E18c,0,5500,3,1.43633071535015,0.6852156618654626,0.4770598125783449
E18c,0,5500,4,1.595536310629409,0.6712433132184795,0.4207007441614956
E18c,0,5500,5,1.7179111241047331,0.7266381372843281,0.42297772398616146
E18c,0,5500,6,1.8516135510104326,0.5896064760320674,0.31842847321478984
E18c,0,5500,7,1.9607659529411068,0.7172332196042711,0.3657923672779185
E18c,0,5500,8,2.058522091867657,0.7068042954518435,0.34335521500795446
E18c,0,5500,9,2.1156152354636775,0.7125837074686868,0.33682103225755533
E18c,0,5500,10,2.2617563844092436,0.6187343562047097,0.2735636607327713
E18c,0,5500,11,2.3237667012452468,0.7037565419800945,0.3028516337732912
E18c,0,5500,12,2.3618708003442728,0.6928661039891371,0.29335478633638346
E18c,0,5500,13,2.4211537178234614,0.7479687791543184,0.3089307273834385
E18c,0,5500,14,2.596215298064094,0.7477244412356518,0.288005560167989
E18c,0,5500,15,2.611675997868562,0.6989676302142356,0.26763183135453106
E18c,0,5500,16,2.6043473132550408,0.6408035202228517,0.24605148359492193
E18c,0,5500,17,2.701981284241858,0.6487198454790397,0.240090428924293
E18c,0,5500,18,2.745290379451493,0.6587959623408781,0.23997314355959132
E18c,0,5500,19,2.748694265503248,0.7077171071854901,0.25747392719063167
E18c,0,5500,20,2.764723749340186,0.6077093221934677,0.21980833431857355
E18c,0,5500,21,2.798340593077429,0.6463798238932674,0.23098683037093132
E18c,0,5500,22,2.8352784053283426,0.671564649274036,0.2368602138019193
E18c,0,5500,23,2.893009029598341,0.6765157550130908,0.23384502021655176
E18c,0,5500,24,2.857088315839179,0.7369158251384859,0.257925462455311
E18c,0,5500,25,2.8434264421045246,0.8066223783941102,0.2836797064449817
E18c,0,5500,26,2.92543374576429,0.6496475648922304,0.22206880119327588
E18c,0,5500,27,2.9712503575209217,0.729329463868049,0.24546213752131235
E18c,0,5500,28,2.9373338676242535,0.7587793254874801,0.25832246509355394
E18c,0,5500,29,2.9414140967974074,0.646167358857336,0.21967915349317146
E18c,0,5500,30,2.9975629906588113,0.7534863291853163,0.2513663037385291
E18c,0,5500,31,3.021074525451391,0.6500309307873919,0.21516547351319254
E18c,0,6000,0,0.7891195585629438,0.7319807046253438,0.9275916389125434
E18c,0,6000,1,1.0499957566821994,0.6959441722060732,0.6628066521003223
E18c,0,6000,2,1.2469492344441648,0.7928280250773975,0.6358141961014198
E18c,0,6000,3,1.429058548056598,0.6738301314939933,0.47152031133388256
E18c,0,6000,4,1.5868627588546755,0.6701832962163013,0.42233223539760223
E18c,0,6000,5,1.706137865314891,0.7203037688948519,0.42218380093329094
E18c,0,6000,6,1.8376543414398896,0.5864532894315679,0.31913144719700326
E18c,0,6000,7,1.9478281300933904,0.7236983820792565,0.3715411903639353
E18c,0,6000,8,2.045859589933994,0.7068147607637143,0.3454854694043389
E18c,0,6000,9,2.105855723515018,0.7186024885426522,0.34124013365131534
E18c,0,6000,10,2.2586049789666043,0.621242158487728,0.2750556933474792
E18c,0,6000,11,2.3261178669106988,0.6955362443671561,0.299011608251345
E18c,0,6000,12,2.363989174860707,0.6914316800520194,0.29248512954496103
E18c,0,6000,13,2.4203287592684526,0.7478278313787805,0.30897779011013876
E18c,0,6000,14,2.5974367212551934,0.7456890976994593,0.2870865309623829
E18c,0,6000,15,2.6151780978964507,0.6950155006936781,0.2657622061200046
E18c,0,6000,16,2.5968559477375295,0.6403030315202547,0.24656855998427976
E18c,0,6000,17,2.6968247312546145,0.6596458144307266,0.2446009215155212
E18c,0,6000,18,2.7397588147617498,0.6522602040303949,0.23807212536958863
E18c,0,6000,19,2.7421365537708873,0.7024265272599016,0.25616030182521365
E18c,0,6000,20,2.759655475198962,0.6082403310772619,0.22040444415743957
E18c,0,6000,21,2.7912160517080022,0.6460500045128151,0.23145825781471982
E18c,0,6000,22,2.823908772490837,0.6652904153438257,0.23559203534645504
E18c,0,6000,23,2.879003634170017,0.6685270396865246,0.2322077790218744
E18c,0,6000,24,2.851999909912783,0.7388517144374931,0.2590644241850933
E18c,0,6000,25,2.8411645017018974,0.8107027200848909,0.28534170393839164
E18c,0,6000,26,2.9159139689800937,0.6484337653724264,0.22237753660449408
E18c,0,6000,27,2.9616990442825024,0.7211001434800193,0.2434751582447541
E18c,0,6000,28,2.9270724882395105,0.7565012901644019,0.258449796923
E18c,0,6000,29,2.936085464231357,0.6395499783763704,0.21782403345121948
E18c,0,6000,30,2.9940371384349036,0.7554822044891286,0.2523289356671266
E18c,0,6000,31,3.0136626753788724,0.6507589713936731,0.21593623490454544
E18c,0,6500,0,0.7872390167836683,0.7402062537146894,0.940256056843911
E18c,0,6500,1,1.0579738869284454,0.6906664210887824,0.6528199132532037
E18c,0,6500,2,1.246771607016522,0.7958496188328119,0.638328314788344
E18c,0,6500,3,1.432640114635729,0.6667767279677641,0.46541816130654867
E18c,0,6500,4,1.5892331952824732,0.6648028012637549,0.41831670974226765
E18c,0,6500,5,1.7075324519918795,0.7162967606088629,0.41949232635273476
E18c,0,6500,6,1.8439476687404417,0.5809557978970361,0.3150608923158181
E18c,0,6500,7,1.951479093011465,0.7111760648055971,0.36442925130605996
E18c,0,6500,8,2.048606004522021,0.7039609802609531,0.34362926727103915
E18c,0,6500,9,2.103869662309205,0.7263716266802676,0.3452550505828403
E18c,0,6500,10,2.258655054764286,0.6191139972112535,0.2741073701826791
E18c,0,6500,11,2.3179206953612805,0.7079480211514861,0.30542374575983605
E18c,0,6500,12,2.350123794840502,0.6901247765318272,0.2936546483410524
E18c,0,6500,13,2.4050430714627278,0.7547065713886733,0.31380168627486027
E18c,0,6500,14,2.5887733091522933,0.7419802118450849,0.286614594341615
E18c,0,6500,15,2.6018394939135123,0.7001167346113838,0.2690852899455051
E18c,0,6500,16,2.577344797535155,0.641791087422075,0.24901250621796986
E18c,0,6500,17,2.676792029962078,0.6649184872683829,0.24840125038694275
E18c,0,6500,18,2.719772568873738,0.6505763448422512,0.23920248048963
E18c,0,6500,19,2.726734718858413,0.7037642831289012,0.25809781870659654
E18c,0,6500,20,2.7405641458010894,0.6075465162600532,0.22168666155502897
E18c,0,6500,21,2.770398849854613,0.6558919533599992,0.23675000926109233
E18c,0,6500,22,2.8026653016508605,0.6622330609275806,0.23628688753434238
E18c,0,6500,23,2.866016360436002,0.6752746133531281,0.2356143609907376
E18c,0,6500,24,2.8464596925358787,0.7338330508496969,0.2578055304187123
E18c,0,6500,25,2.842324107427399,0.8037433375535377,0.28277680770227487
E18c,0,6500,26,2.9173239963148205,0.6456071555469471,0.2213011500822266
E18c,0,6500,27,2.955823658248957,0.7193020026705781,0.24335078334703353
E18c,0,6500,28,2.9215353666320243,0.7598269989270261,0.26007797393291954
E18c,0,6500,29,2.9369794405394902,0.6460492847386836,0.2199706527806036
E18c,0,6500,30,2.990586290114845,0.7470784549893105,0.24981003138371943
E18c,0,6500,31,3.01004926461468,0.6584067079787127,0.21873619004139327
E18c,0,7000,0,0.7862345711086517,0.7438667132829512,0.9461129548577868
E18c,0,7000,1,1.0618339623838604,0.6891102853439758,0.6489812058722394
E18c,0,7000,2,1.2489509779751202,0.8015615420736949,0.6417878333169154
E18c,0,7000,3,1.4355112951680673,0.6666374714778541,0.4643902654906002
E18c,0,7000,4,1.5922963287897998,0.6648915354072662,0.41756771235703766
E18c,0,7000,5,1.7122509457387673,0.7188033207042277,0.41980021824084496
E18c,0,7000,6,1.846795976822231,0.5812633698002466,0.31474151833513436
E18c,0,7000,7,1.959167950417588,0.7067977137496184,0.3607642283036365
E18c,0,7000,8,2.05539541988606,0.7028610391043015,0.3419590373239541
E18c,0,7000,9,2.1139125442816247,0.7340889816917453,0.34726554023133077
E18c,0,7000,10,2.2674046755293404,0.6208120596901263,0.2737985267430013
E18c,0,7000,11,2.3294721121071174,0.7042087965419672,0.30230402539783024
E18c,0,7000,12,2.358469052811095,0.6900130616056195,0.2925682068133065
E18c,0,7000,13,2.4103097305456394,0.7531410489186561,0.3124665014517292
E18c,0,7000,14,2.593829146843561,0.7499672262985266,0.2891351680626938
E18c,0,7000,15,2.6042968047627686,0.6998909066880892,0.26874467818265585
E18c,0,7000,16,2.572517816833628,0.6415392319499522,0.24938184208169564
E18c,0,7000,17,2.656705499431122,0.6730269926584994,0.2533314260096251
E18c,0,7000,18,2.7012251667450013,0.6530999783337079,0.24177916982785214
E18c,0,7000,19,2.7103117012502835,0.7096494940083353,0.2618331661561176
E18c,0,7000,20,2.719009316220778,0.6124666080140007,0.22525358937176576
E18c,0,7000,21,2.7502151554595704,0.6635327541654412,0.2412657616434968
E18c,0,7000,22,2.7749913763198033,0.6668765451250928,0.24031661893288664
E18c,0,7000,23,2.8342329507946884,0.6788414082500547,0.23951503635567953
E18c,0,7000,24,2.8053276013120176,0.73355880068538,0.26148774936028985
E18c,0,7000,25,2.805764702504936,0.7962830443049003,0.2838025026097139
E18c,0,7000,26,2.8835189165678363,0.6555886818089182,0.22735716351368526
E18c,0,7000,27,2.9176701173344854,0.7225957091287678,0.2476618946177898
E18c,0,7000,28,2.88418238041015,0.7529969789408627,0.2610781426498353
E18c,0,7000,29,2.901146382419956,0.6459407404590649,0.2226501717987292
E18c,0,7000,30,2.956546201614254,0.7458249355634279,0.2522622292038638
E18c,0,7000,31,2.9855856121353166,0.6587591328262581,0.2206465392077998
E18c,0,7500,0,0.7859604483807833,0.7491856883924536,0.953210419094126
E18c,0,7500,1,1.0678995960466426,0.687276773026168,0.6435780812826057
E18c,0,7500,2,1.2542263607208484,0.8053750541428557,0.6421289484618854
E18c,0,7500,3,1.4447677419520908,0.6674912267121167,0.46200590401488284
E18c,0,7500,4,1.6057791015657061,0.6537343422660998,0.4071134950185114
E18c,0,7500,5,1.7209538764697916,0.7195885383730218,0.418133541062193
E18c,0,7500,6,1.857430719752952,0.5853267005393843,0.3151270700514934
E18c,0,7500,7,1.96691797134944,0.7007187943699899,0.35625216942283006
E18c,0,7500,8,2.0687660098540217,0.7090010702361578,0.3427168983147529
E18c,0,7500,9,2.1220406706254447,0.7344620380772329,0.3461111976995047
E18c,0,7500,10,2.2739236764766124,0.6149734508081163,0.27044595083375983
E18c,0,7500,11,2.3415342691119125,0.7015833302924738,0.2996254804156966
E18c,0,7500,12,2.370408509940804,0.6872834380738693,0.2899430352159142
E18c,0,7500,13,2.417624012369373,0.7552047398196541,0.312374767935698
E18c,0,7500,14,2.6051772579478603,0.7493817395543203,0.28765096012876307
E18c,0,7500,15,2.621036317415753,0.707046237906137,0.2697582758423046
E18c,0,7500,16,2.5997860034385023,0.6400672381248241,0.24619997079692904
E18c,0,7500,17,2.6789742560275247,0.6713619150992897,0.25060409355885643
E18c,0,7500,18,2.7273460683393433,0.6460214735413345,0.23686817050492284
E18c,0,7500,19,2.738848680550374,0.7135589156823496,0.26053243494232015
E18c,0,7500,20,2.7517273909323032,0.6103688500289395,0.22181297901829677
E18c,0,7500,21,2.779655138751003,0.6630620945520064,0.23854113602378155
E18c,0,7500,22,2.799321228180621,0.6642468008271051,0.23728852342495285
E18c,0,7500,23,2.8572509162457,0.6837744996720152,0.23931202394029305
E18c,0,7500,24,2.8294732752049683,0.7282020213765159,0.25736310279296226
E18c,0,7500,25,2.833665044676356,0.8089799457051473,0.2854889102806941
E18c,0,7500,26,2.911710073412154,0.6496110238141971,0.22310292145705826
E18c,0,7500,27,2.9429790133612803,0.7180911770437823,0.24400146035143655
E18c,0,7500,28,2.90426257982502,0.7420367261141635,0.25549918635761604
E18c,0,7500,29,2.9152468556167546,0.6459282953055521,0.22156898790956706
E18c,0,7500,30,2.971703598059509,0.7483431718203595,0.25182295176040426
E18c,0,7500,31,2.998236346020669,0.6572263048006917,0.21920430177993744
E18c,0,8000,0,0.788202183329846,0.7491121360749076,0.9504060657510509
E18c,0,8000,1,1.0692596254377467,0.6892928390387613,0.6446449698842506
E18c,0,8000,2,1.2562714751389232,0.8047325772867293,0.6405721957491226
E18c,0,8000,3,1.4459802584711137,0.6681225790189548,0.4620551180452384
E18c,0,8000,4,1.6077919973307095,0.6499187051539225,0.4042305884299283
E18c,0,8000,5,1.7182495126050805,0.7115819992887163,0.4141319372236395
E18c,0,8000,6,1.8438121212562106,0.5880373340522559,0.31892475771968526
E18c,0,8000,7,1.9472267827207734,0.6990642195961849,0.3590050351605238
E18c,0,8000,8,2.043405550719852,0.7077411239542952,0.34635372489076965
E18c,0,8000,9,2.1044156142125447,0.7309124040134012,0.347323218416103
E18c,0,8000,10,2.2572441561969714,0.6234436995023126,0.2761968384282793
E18c,0,8000,11,2.3212237155031303,0.7070656270859352,0.30460899669581276
E18c,0,8000,12,2.353487282844093,0.6902167228943282,0.29327403973062033
E18c,0,8000,13,2.400848403430605,0.7576497330482731,0.31557583226231906
E18c,0,8000,14,2.5882201665376754,0.7566038917987956,0.29232593949336344
E18c,0,8000,15,2.6003137888444448,0.7047107429013955,0.2710098857778862
E18c,0,8000,16,2.581156020104085,0.6409575611834074,0.24832189770440952
E18c,0,8000,17,2.6636864303793444,0.6728614903914863,0.2526053677780916
E18c,0,8000,18,2.716699578519342,0.6415257038595424,0.2361415700624459
E18c,0,8000,19,2.7367138226856618,0.7197664093717231,0.26300390030017223
E18c,0,8000,20,2.752586535031782,0.6057916428495459,0.22008087126043843
E18c,0,8000,21,2.7754916179815687,0.6622157680109726,0.2385940435635537
E18c,0,8000,22,2.7940816120546623,0.6634864088760007,0.2374613561799642
E18c,0,8000,23,2.8548786625863825,0.6897802498032147,0.24161455926057013
E18c,0,8000,24,2.8360829233464755,0.7297908442713313,0.2573235212072729
E18c,0,8000,25,2.838100131943119,0.7997373221738929,0.28178615446747785
E18c,0,8000,26,2.9118655724022457,0.645759912016325,0.221768449112705
E18c,0,8000,27,2.936646602917516,0.7163122510281874,0.2439218427973395
E18c,0,8000,28,2.8987448120874375,0.7462868616049765,0.25745172824218426
E18c,0,8000,29,2.9167834270076924,0.6514373325653517,0.22334100178073787
E18c,0,8000,30,2.972588439292485,0.7473983885420422,0.251430160550558
E18c,0,8000,31,3.0040288850591756,0.661546607904559,0.22021978922866695
E18c,0,8500,0,0.7884712704261366,0.7500555066287232,0.951278169239253
E18c,0,8500,1,1.069764467058881,0.6916630640725254,0.6465564013115193
E18c,0,8500,2,1.2532098384716468,0.8080347178947206,0.6447720829260007
E18c,0,8500,3,1.441459507490346,0.6672239744292613,0.4628808308260646
E18c,0,8500,4,1.5992516190418045,0.6489249046936872,0.40576785852028224
E18c,0,8500,5,1.7122119718323254,0.7136802511793384,0.4168176971777582
E18c,0,8500,6,1.8413781360295056,0.587520308228571,0.3190655394092052
E18c,0,8500,7,1.9454582494575998,0.7049146663709785,0.3623386246235359
E18c,0,8500,8,2.0421617814932,0.7050143669237833,0.3452294393680635
E18c,0,8500,9,2.102936857024616,0.7328863068566339,0.34850609251937953
E18c,0,8500,10,2.256982131961558,0.6180071209171063,0.27382012119874083
E18c,0,8500,11,2.3177821030518,0.7038151342021609,0.3036588872074966
E18c,0,8500,12,2.3514630110290953,0.6909251169829301,0.2938277632870582
E18c,0,8500,13,2.4026224438202473,0.7651101077693667,0.31844791500108394
E18c,0,8500,14,2.5858934684026758,0.7537484681698445,0.2914847333735833
E18c,0,8500,15,2.59123422987761,0.7127924089037648,0.2750783393817053
E18c,0,8500,16,2.5745338611070876,0.648356450152732,0.2518345009740634
E18c,0,8500,17,2.666097537260259,0.6682978750893976,0.2506652010099208
E18c,0,8500,18,2.720206085668702,0.6521511639397951,0.23974329275109987
E18c,0,8500,19,2.7420571126793614,0.7199568433272473,0.2625608489327751
E18c,0,8500,20,2.759027118933666,0.5997836346458494,0.21738953942491845
E18c,0,8500,21,2.78422718332424,0.6644001537140821,0.23863000752719424
E18c,0,8500,22,2.796166324160132,0.6673218559480616,0.23865599488202874
E18c,0,8500,23,2.8577957537159135,0.7039959682147351,0.24634229626079765
E18c,0,8500,24,2.8352182272625073,0.7270802939586763,0.2564459719422358
E18c,0,8500,25,2.8319433982151105,0.7964770446390659,0.28124751544860027
E18c,0,8500,26,2.9054554052015518,0.6387740416083052,0.21985332848844513
E18c,0,8500,27,2.9230093321341952,0.7286716283842107,0.24928816352843497
E18c,0,8500,28,2.889769449224924,0.7502565736179266,0.25962506241428907
E18c,0,8500,29,2.9052903907089043,0.6508675589106258,0.22402840039401745
E18c,0,8500,30,2.9633401469606966,0.7443172435100716,0.2511750951956929
E18c,0,8500,31,2.991165964218121,0.6680603675819008,0.22334446686462253
E18c,0,9000,0,0.7875012177844334,0.7514209303871812,0.9541838328850323
E18c,0,9000,1,1.0682213072459021,0.6928374833775371,0.6485898368417843
E18c,0,9000,2,1.250447277069532,0.810204364019164,0.6479316472405833
E18c,0,9000,3,1.442147938549678,0.6695961577369249,0.4643047636363273
E18c,0,9000,4,1.603928323563571,0.6478257412019107,0.40389943346257917
E18c,0,9000,5,1.7184779694387646,0.7104882678117806,0.4134404283598806
E18c,0,9000,6,1.8493913162845614,0.5855918270533248,0.31664030316189784
E18c,0,9000,7,1.9533553625837972,0.7087250595955827,0.36282443695146077
E18c,0,9000,8,2.052515016141752,0.7014834703395014,0.341767765313662
E18c,0,9000,9,2.1194133317526407,0.7293268237772559,0.3441173143768714
E18c,0,9000,10,2.2678636971647954,0.623891674377968,0.2751010456042556
E18c,0,9000,11,2.327042861314346,0.7102108344308777,0.3051988625726218
E18c,0,9000,12,2.3622716506079144,0.6911886809907325,0.2925949184603133
E18c,0,9000,13,2.420378726431033,0.7662551244198466,0.3165848038789067
E18c,0,9000,14,2.595321489089517,0.7682321691912181,0.296006553492811
E18c,0,9000,15,2.6000491959904672,0.7089806966754707,0.27267972381783734
E18c,0,9000,16,2.58074121272136,0.641018236915155,0.24838532192044516
E18c,0,9000,17,2.662550628160989,0.6744210425110082,0.2532988613917278
E18c,0,9000,18,2.720754712363364,0.6509757957603275,0.23926294891716351
E18c,0,9000,19,2.745753210112123,0.7189059340434306,0.2618246721503693
E18c,0,9000,20,2.7578445468159263,0.6074616591314306,0.22026682389795188
E18c,0,9000,21,2.790920141553086,0.6657587436549364,0.23854453366209763
E18c,0,9000,22,2.807977828191261,0.6632035243364606,0.2361854561948797
E18c,0,9000,23,2.8698901986690326,0.6965603118472767,0.24271322720650432
E18c,0,9000,24,2.8432375359993154,0.73270143285053,0.25769969043160046
E18c,0,9000,25,2.845114348911853,0.7906687424994701,0.2779040296928208
E18c,0,9000,26,2.916898655991358,0.6473766388199849,0.2219400518047696
E18c,0,9000,27,2.9331571580414453,0.7345083093582148,0.25041559990896206
E18c,0,9000,28,2.8968798314069346,0.7492011172695979,0.2586234710694684
E18c,0,9000,29,2.915753761424818,0.6445572332508223,0.2210602423902393
E18c,0,9000,30,2.973894663389414,0.7422125482686664,0.24957593737457742
E18c,0,9000,31,3.0063286727948837,0.655228887259987,0.21794985132175934
E18c,0,9500,0,0.7871827035337385,0.7504861256585625,0.9533823879635038
E18c,0,9500,1,1.0704222456525496,0.7011091153903837,0.6549836928725022
E18c,0,9500,2,1.2573205704229853,0.8098442911106368,0.6441032702091167
E18c,0,9500,3,1.4513724421337317,0.662722465549775,0.45661778211488924
E18c,0,9500,4,1.6149365419982076,0.660598916691423,0.4090556498734278
E18c,0,9500,5,1.7344707920853315,0.7124603508553615,0.4107652628723599
E18c,0,9500,6,1.8618911202907416,0.5871950541579427,0.3153756134065723
E18c,0,9500,7,1.9677817934306898,0.7097659293895547,0.3606934121247903
E18c,0,9500,8,2.065441718999289,0.6975382820194264,0.33771869503894075
E18c,0,9500,9,2.133854603576621,0.7396583338287969,0.3466301464912521
E18c,0,9500,10,2.2915262633953213,0.6226920212476275,0.271736803192905
E18c,0,9500,11,2.344043806489421,0.7101382107425138,0.3029543256728034
E18c,0,9500,12,2.3778878466970963,0.6910015012312832,0.2905946561740031
E18c,0,9500,13,2.4321372322948744,0.7661528885638036,0.31501219519627605
E18c,0,9500,14,2.613336730500754,0.7675634321164769,0.2937101151788428
E18c,0,9500,15,2.605711507586556,0.7014269426355253,0.26918825840593386
E18c,0,9500,16,2.5913626685289115,0.6394314908454963,0.2467549211120243
E18c,0,9500,17,2.673105684765166,0.6695410527964629,0.25047309450291433
E18c,0,9500,18,2.7299694018425797,0.6532379663264589,0.2392839882694506
E18c,0,9500,19,2.750122220925364,0.7209578441411713,0.26215483757612146
E18c,0,9500,20,2.7669381815303646,0.6105477467696954,0.22065825353279406
E18c,0,9500,21,2.7968958003791076,0.6536780064467443,0.23371553790389368
E18c,0,9500,22,2.8176402351722643,0.6560640158364518,0.2328416551009187
E18c,0,9500,23,2.8790440545337823,0.6977911804330541,0.2423690527882703
E18c,0,9500,24,2.849114053072231,0.7269377544202805,0.25514519281403125
E18c,0,9500,25,2.8543868196516047,0.794861602385719,0.2784701768216323
E18c,0,9500,26,2.92049053523491,0.629878775959657,0.2156756778905269
E18c,0,9500,27,2.933337542281138,0.7237145864834577,0.24672052774419342
E18c,0,9500,28,2.8891322318207964,0.750245048229821,0.2596783352338981
E18c,0,9500,29,2.904537997074009,0.6437950373562615,0.2216514426751558
E18c,0,9500,30,2.961904732377588,0.751332804264068,0.2536654187594198
E18c,0,9500,31,2.9898606350007637,0.6518930269753529,0.21803458640980647
E18c,0,10000,0,0.7883730253145298,0.7577021658206383,0.9610960059400117
E18c,0,10000,1,1.0786054779548202,0.7029079727360196,0.6516821832472303
E18c,0,10000,2,1.2701323392399524,0.8030295219475709,0.6322408280920585
E18c,0,10000,3,1.4627100106702853,0.6587211638693508,0.45034296549833036
E18c,0,10000,4,1.62700596861607,0.663654194859603,0.4078990536366051
E18c,0,10000,5,1.746296324716776,0.7015009140421993,0.4017078339530793
E18c,0,10000,6,1.8792276269994332,0.5879964980514873,0.31289264248969273
E18c,0,10000,7,1.9864284065860465,0.7128922640621391,0.35888142844641635
E18c,0,10000,8,2.081965291022193,0.6997446854321229,0.3360981513234381
E18c,0,10000,9,2.1436773966392617,0.7406025105182894,0.34548225944788374
E18c,0,10000,10,2.2949217070843755,0.6265368135837829,0.2730101038522041
E18c,0,10000,11,2.3509263194749557,0.7113503890191739,0.3025830214781225
E18c,0,10000,12,2.3892002169905253,0.6873142943653017,0.2876754695891723
E18c,0,10000,13,2.434336878750172,0.7629694049273331,0.3134198111968193
E18c,0,10000,14,2.6218521456662227,0.7735595134150973,0.2950431490554296
E18c,0,10000,15,2.611956107162499,0.7045987854190251,0.2697590451412549
E18c,0,10000,16,2.594429573686749,0.6386805149351373,0.2461737722283039
E18c,0,10000,17,2.679111195705659,0.670839014030242,0.25039610715133
E18c,0,10000,18,2.7307180896753,0.6571618091364028,0.24065531027208434
E18c,0,10000,19,2.7451790624279613,0.7209542950406527,0.26262559878444064
E18c,0,10000,20,2.7593681297317536,0.6121788669670435,0.22185472839629963
E18c,0,10000,21,2.782843126683526,0.6570885694332551,0.23612131173787912
E18c,0,10000,22,2.801251674953048,0.6570375025525488,0.23455140015706066
E18c,0,10000,23,2.8569988660934147,0.7069610678510229,0.24744884439443368
E18c,0,10000,24,2.823291165214831,0.7233668517695476,0.2562140457498669
E18c,0,10000,25,2.827824451214232,0.7895540283266934,0.2792089968624711
E18c,0,10000,26,2.8998899469842545,0.635532868591604,0.21915758191186788
E18c,0,10000,27,2.915416396054674,0.7192732338524436,0.24671372323549035
E18c,0,10000,28,2.8697285676923117,0.7389518858949183,0.2574988778430517
E18c,0,10000,29,2.8848483203962805,0.6427980129028594,0.222818651628298
E18c,0,10000,30,2.9419011010285527,0.7461515731117481,0.2536290471664317
E18c,0,10000,31,2.969640783885531,0.6567002003411719,0.2211379247970637
E18c,0,10500,0,0.7921737041255734,0.7582093041775491,0.957125060108483
E18c,0,10500,1,1.080126953668459,0.7035323072990367,0.6513422379745403
E18c,0,10500,2,1.269290227559664,0.8081106639791898,0.6366634253009751
E18c,0,10500,3,1.4640567230161796,0.659572973211801,0.450510532032516
E18c,0,10500,4,1.6235771184522385,0.6616340018955109,0.4075162148911342
E18c,0,10500,5,1.7404677926734742,0.7007715975159742,0.40263405072238795
E18c,0,10500,6,1.876533863068264,0.5876043692698697,0.31313283540169934
E18c,0,10500,7,1.9869178566781305,0.7084864819194314,0.3565756276929984
E18c,0,10500,8,2.082205650901905,0.7057806280483185,0.3389581753092498
E18c,0,10500,9,2.139515637581144,0.7368239220105225,0.34438819191971315
E18c,0,10500,10,2.2913113140107484,0.6256962861852218,0.2730734502811811
E18c,0,10500,11,2.350168791483437,0.7023062342445756,0.29883225272567626
E18c,0,10500,12,2.3823964379962264,0.6841893958094349,0.28718536717797033
E18c,0,10500,13,2.429870694489411,0.7615988441236993,0.3134318405711437
E18c,0,10500,14,2.6124871430051764,0.7800435763677557,0.2985827426773331
E18c,0,10500,15,2.6057651014657424,0.7117905573769667,0.273159908764065
E18c,0,10500,16,2.5843798531689,0.6413748807109483,0.24817361113712091
E18c,0,10500,17,2.6669255770905913,0.6780856909598908,0.2542574478961013
E18c,0,10500,18,2.719361991654575,0.6589291868319554,0.24231021425398205
E18c,0,10500,19,2.7381184110615373,0.7180283854267437,0.2622342344750431
E18c,0,10500,20,2.7644486368081767,0.6086411089928101,0.22016726984500792
E18c,0,10500,21,2.7904803974051746,0.6666406955709812,0.23889818261790344
E18c,0,10500,22,2.8102402495532814,0.6593289181760448,0.23461656642376122
E18c,0,10500,23,2.861087308407565,0.7024367774166469,0.24551392589540086
E18c,0,10500,24,2.8201437611219764,0.741940295004359,0.26308598349935985
E18c,0,10500,25,2.8219174830332903,0.7859352084768056,0.27851105257408193
E18c,0,10500,26,2.893596318251932,0.6298544627452805,0.21767184965378503
E18c,0,10500,27,2.9111884749867567,0.7157602787921287,0.24586531752994273
E18c,0,10500,28,2.8643218338187397,0.7406456561345927,0.2585762700929306
E18c,0,10500,29,2.8776097509950884,0.6360496715259822,0.2210340270448534
E18c,0,10500,30,2.932025701164048,0.7509528697049792,0.2561208346184831
E18c,0,10500,31,2.9523664620545738,0.6510753103805108,0.2205265907022337
E18c,0,11000,0,0.7930178028711354,0.7589099623681002,0.9569898174044174
E18c,0,11000,1,1.083501750304492,0.6983705476139999,0.6445495334158341
E18c,0,11000,2,1.2678031379495045,0.8026515751034418,0.633104266015321
E18c,0,11000,3,1.4643316364327288,0.6582210627544769,0.4495027262799396
E18c,0,11000,4,1.628398114159632,0.6626977085944638,0.4069629550857484
E18c,0,11000,5,1.746370112125569,0.701644927797852,0.40177332566912466
E18c,0,11000,6,1.885236513413343,0.5863413887546205,0.31101741589600945
E18c,0,11000,7,1.9995499774181786,0.711883595721152,0.3560219068094197
E18c,0,11000,8,2.093442964062959,0.7077012249320305,0.33805612910443106
E18c,0,11000,9,2.154017489308113,0.728714056617879,0.3383046146259228
E18c,0,11000,10,2.301840683586771,0.6211846391867503,0.2698643062554654
E18c,0,11000,11,2.3653782002275503,0.7028357896074009,0.2971346356112472
E18c,0,11000,12,2.3969405351783575,0.6816252907611116,0.28437305004330926
E18c,0,11000,13,2.438200044769098,0.7670320806719628,0.3145894785448592
E18c,0,11000,14,2.6203462708140988,0.7827598578973535,0.2987238238762096
E18c,0,11000,15,2.6091474214562025,0.7139914249503264,0.2736493227936648
E18c,0,11000,16,2.595060950429387,0.6370487143390315,0.24548506817677
E18c,0,11000,17,2.674779834362685,0.6775414676655371,0.25330737840969764
E18c,0,11000,18,2.7141352424697267,0.6623508096946749,0.24403751122290018
E18c,0,11000,19,2.7347984043210114,0.7099081394087139,0.25958335294003804
E18c,0,11000,20,2.763140394847205,0.6098755707995016,0.22071827111529244
E18c,0,11000,21,2.7844676840020073,0.661698876603332,0.2376392731742169
E18c,0,11000,22,2.8031432251280948,0.6533299817985307,0.23307049598533292
E18c,0,11000,23,2.8493304070412475,0.7011209474427338,0.2460651617341843
E18c,0,11000,24,2.8103754240414918,0.740430263765427,0.2634631150811314
E18c,0,11000,25,2.8170507847806707,0.7862831584163771,0.27911572012273655
E18c,0,11000,26,2.8850594325019654,0.6339851039917407,0.21974767550696161
E18c,0,11000,27,2.8985807198214326,0.7106955857037638,0.24518743978520158
E18c,0,11000,28,2.851504904368426,0.7361641803668508,0.2581668996041591
E18c,0,11000,29,2.866436859225916,0.6347293890067579,0.22143498014401308
E18c,0,11000,30,2.9242470897459185,0.7554007235260044,0.2583231513420569
E18c,0,11000,31,2.949640491844306,0.6439697910472102,0.21832145064043335
E18c,0,11500,0,0.7930493876992194,0.7640102271950306,0.9633829103778307
E18c,0,11500,1,1.0876681552951184,0.6930232679344794,0.6371642532335062
E18c,0,11500,2,1.2674424025428634,0.8048575071434625,0.6350249175257833
E18c,0,11500,3,1.465934467421907,0.6578951424729268,0.4487889173040227
E18c,0,11500,4,1.6279494993637544,0.6615594542570776,0.4063759069403765
E18c,0,11500,5,1.7450683555139133,0.7046824123545966,0.4038136443927845
E18c,0,11500,6,1.886065803250763,0.5898726030334328,0.31275292835316093
E18c,0,11500,7,2.0059487508346128,0.7038715155434473,0.3508920730156183
E18c,0,11500,8,2.097029546386498,0.7123257287582665,0.33968321046582894
E18c,0,11500,9,2.15386570174065,0.7240686832308874,0.33617169475595904
E18c,0,11500,10,2.2981665089553878,0.6275438782237045,0.2730628419561076
E18c,0,11500,11,2.365621938405036,0.7042727312687693,0.29771144739366445
E18c,0,11500,12,2.3993435007363253,0.676386501809768,0.2819048217156878
E18c,0,11500,13,2.4408204217056597,0.770117682138294,0.3155159123095714
E18c,0,11500,14,2.624685814058248,0.7739379585101879,0.29486880081602496
E18c,0,11500,15,2.621133698042167,0.7214009807130534,0.2752247934746318
E18c,0,11500,16,2.6051194092240038,0.6402132087760531,0.24575196304216848
E18c,0,11500,17,2.681706288011799,0.6806241458107561,0.25380264380681555
E18c,0,11500,18,2.7193547420124764,0.6573665058521744,0.24173620884992958
E18c,0,11500,19,2.735747690668353,0.7051050933402075,0.25773761803594825
E18c,0,11500,20,2.754739944394322,0.6065809804069932,0.22019536967231243
E18c,0,11500,21,2.7741907027191606,0.6631041803863614,0.23902617067255358
E18c,0,11500,22,2.7933159815190294,0.6558862104486475,0.23480559119987954
E18c,0,11500,23,2.834654895319121,0.7094428788485663,0.2502748676814496
E18c,0,11500,24,2.7930569435116235,0.7465404459300345,0.26728436298596636
E18c,0,11500,25,2.7995720809191127,0.7996964848326426,0.28564954275801263
E18c,0,11500,26,2.8704157965277113,0.6552397268892488,0.2282734535121637
E18c,0,11500,27,2.89172619695277,0.7215216033023688,0.24951242066509982
E18c,0,11500,28,2.850461348245542,0.7302333052200219,0.2561807426960833
E18c,0,11500,29,2.8691940823149493,0.6322788801410678,0.2203681110449408
E18c,0,11500,30,2.928189815687772,0.7547718577494277,0.25776056378098805
E18c,0,11500,31,2.9565577599311643,0.6396172079482012,0.21633847869188694
E18c,0,12000,0,0.7921147418767011,0.7581023613327377,0.957061295863046
E18c,0,12000,1,1.0802667512920656,0.6963819558676374,0.6446388866775004
E18c,0,12000,2,1.2651132735399937,0.7995910191761013,0.6320311674058363
E18c,0,12000,3,1.460516986418113,0.6564883742071194,0.44949040669300483
E18c,0,12000,4,1.6217469348692395,0.6651564322699677,0.41014810508866406
E18c,0,12000,5,1.7377998664721215,0.7133865534333695,0.4105113409184475
E18c,0,12000,6,1.8753202216254876,0.586241426730013,0.3126087054198517
E18c,0,12000,7,1.994738381123032,0.705504946765317,0.3536829458147388
E18c,0,12000,8,2.088863155658308,0.7141387018454526,0.34187912210093574
E18c,0,12000,9,2.147519376420926,0.7280607103923682,0.3390240471803148
E18c,0,12000,10,2.293206192225084,0.6243812715236499,0.2722743701114013
E18c,0,12000,11,2.359927869995471,0.7064724326154865,0.2993618752495356
E18c,0,12000,12,2.3942255346431853,0.6721963952411355,0.28075734115888706
E18c,0,12000,13,2.437072897840026,0.7734265582884361,0.3173588114553007
E18c,0,12000,14,2.6208932055688763,0.7736791867840441,0.29519676160025515
E18c,0,12000,15,2.6143239219994148,0.7280739409245929,0.2784941585845137
E18c,0,12000,16,2.598054203868912,0.6315433943898859,0.2430832249186404
E18c,0,12000,17,2.672109889126537,0.6769447313646928,0.253337160316402
E18c,0,12000,18,2.713934290025743,0.655263194159123,0.2414440160056003
E18c,0,12000,19,2.732264977691148,0.7108647362147595,0.2601741566132664
E18c,0,12000,20,2.74811692659124,0.6041221447944263,0.21983131028699657
E18c,0,12000,21,2.766721366462893,0.6645845766310893,0.2402065436320845
E18c,0,12000,22,2.7944990660882394,0.6632554895524287,0.23734324967260007
E18c,0,12000,23,2.83600679806766,0.7049777512269421,0.2485811217756196
E18c,0,12000,24,2.8014764194406547,0.750060943488701,0.26773773224850445
E18c,0,12000,25,2.8102799334871476,0.7872706879576935,0.2801395969763074
E18c,0,12000,26,2.874847591138147,0.6550315789461477,0.22784914962633618
E18c,0,12000,27,2.894270224982524,0.7157197375771729,0.24728849828854338
E18c,0,12000,28,2.8470800737147623,0.7318057748316487,0.25703729992982466
E18c,0,12000,29,2.864314856791096,0.637312407773379,0.22250082118673323
E18c,0,12000,30,2.9301436146265907,0.7554251065908856,0.25781163176438876
E18c,0,12000,31,2.96201004487285,0.6382734163029719,0.21548658061028653
E18c,1,0,0,0.7540337712597609,0.7116535386445352,0.9437953123181456
E18c,1,0,1,1.008411201427227,0.7979933074793036,0.7913372108023847
E18c,1,0,2,1.305423162159696,0.819028340452332,0.627404480166668
E18c,1,0,3,1.4709065304231874,0.7615384428973297,0.5177340824492983
E18c,1,0,4,1.6691666078052796,0.6712912359778826,0.4021714985423394
E18c,1,0,5,1.873317337120698,0.6948625298320518,0.3709262259324736
E18c,1,0,6,1.9499102626154154,0.6433287280031357,0.3299273511901202
E18c,1,0,7,1.962965539023237,0.7536638882296509,0.3839414769373235
E18c,1,0,8,2.150026381657477,0.5987158701795151,0.27846908079237565
E18c,1,0,9,2.262625828717737,0.6236612794596945,0.27563606476336056
E18c,1,0,10,2.264941682258209,0.691700817718169,0.30539453758850177
E18c,1,0,11,2.294359804603384,0.7988541568482935,0.3481817260071761
E18c,1,0,12,2.3795203203193593,0.6683862931738687,0.2808911894831658
E18c,1,0,13,2.4953036389066816,0.6710360634313999,0.2689196027964816
E18c,1,0,14,2.612619843712918,0.6676736764779061,0.255557148157094
E18c,1,0,15,2.6315506220157285,0.8057442266594954,0.30618610180575107
E18c,1,0,16,2.7521367918105075,0.8392217296323976,0.3049345992283731
E18c,1,0,17,2.9257874924364433,0.642787802878698,0.21969736508218435
E18c,1,0,18,3.0778229122713814,0.8425397581038478,0.27374536551294554
E18c,1,0,19,3.2681558058922437,0.690086816055695,0.21115480933054642
E18c,1,0,20,3.400311827107208,0.6061611979050855,0.1782663557714861
E18c,1,0,21,3.430934363210117,0.681907547235702,0.19875272303305813
E18c,1,0,22,3.499534645659655,0.6764138668031688,0.19328680390179884
E18c,1,0,23,3.5673106422725778,0.5684775096195521,0.15935744504083893
E18c,1,0,24,3.618161678934666,0.5263792270268871,0.1454825056855598
E18c,1,0,25,3.6573358663417297,0.6502509941219027,0.1777936229773504
E18c,1,0,26,3.6919161934475495,0.6602233610661535,0.17882945507753525
E18c,1,0,27,3.760081773443116,0.6886646684566392,0.18315151370392335
E18c,1,0,28,3.777176789083083,0.5845489553161664,0.15475816673597284
E18c,1,0,29,3.8894444366935237,0.6890938433538562,0.17717025003696038
E18c,1,0,30,4.056618299064652,0.7323612861712078,0.18053492642876226
E18c,1,0,31,4.1289103191627525,0.696291301002292,0.1686380296929006
E18c,1,500,0,0.7566143283406102,0.7001322421440245,0.9253489075200824
E18c,1,500,1,0.996165540850187,0.7868461414555802,0.7898748844334033
E18c,1,500,2,1.2811244930636887,0.8304038288846237,0.6481835554472861
E18c,1,500,3,1.462204755211367,0.7545032799439022,0.5160038477886334
E18c,1,500,4,1.6548600680267533,0.6400061369601154,0.38674335632695245
E18c,1,500,5,1.855785709905575,0.6836789853619887,0.36840405749043903
E18c,1,500,6,1.9098284926404974,0.6519810871725231,0.3413820087431541
E18c,1,500,7,1.93897649629704,0.75573213293755,0.3897582742136428
E18c,1,500,8,2.143197418104488,0.5683055053420326,0.2651671285814911
E18c,1,500,9,2.2602188090091624,0.628849005985059,0.27822483534712933
E18c,1,500,10,2.2581106486152978,0.7222105846979676,0.31982958192984756
E18c,1,500,11,2.2873507506350785,0.8405186419377509,0.3674638188762185
E18c,1,500,12,2.4094102431433266,0.6558405442267575,0.27219961652157054
E18c,1,500,13,2.5066303399787486,0.6908371269894918,0.27560391174206755
E18c,1,500,14,2.6052638052556936,0.6678482995324051,0.2563457482444313
E18c,1,500,15,2.6586253887583573,0.7674491092845864,0.2886638758997949
E18c,1,500,16,2.792309511064255,0.8627402607746983,0.3089701400780157
E18c,1,500,17,2.948160224122129,0.6271340620336858,0.2127204813708614
E18c,1,500,18,3.07243191934753,0.8630203342948617,0.2808916053958114
E18c,1,500,19,3.274948974683233,0.7092355293295038,0.21656384108949486
E18c,1,500,20,3.433410489099171,0.6462145397299461,0.1882135974657357
E18c,1,500,21,3.4783165663760163,0.6755328896804477,0.19421259588924392
E18c,1,500,22,3.570852073002193,0.6350448659344259,0.17784126952100596
E18c,1,500,23,3.6096572026036524,0.5641287792309777,0.15628320019531788
E18c,1,500,24,3.6521358230180545,0.5241908863239214,0.14352995390262901
E18c,1,500,25,3.7102557454268403,0.6478579350682611,0.17461274357348358
E18c,1,500,26,3.7332765234585574,0.647892388117923,0.17354524478612873
E18c,1,500,27,3.8125134669808936,0.6653036910103777,0.17450526975770336
E18c,1,500,28,3.7812724497199794,0.5746813153532385,0.15198093313688527
E18c,1,500,29,3.8757390077202314,0.6650956600041916,0.17160486262861416
E18c,1,500,30,4.0003856990224795,0.7510258828022183,0.18773836807429253
E18c,1,500,31,4.0417339481045085,0.6985514047168025,0.17283458379154545
E18c,1,1000,0,0.7618002073394822,0.7052154265497829,0.9257222822407511
E18c,1,1000,1,1.0141852078810412,0.7931031407875396,0.7820101640454675
E18c,1,1000,2,1.2963536500842217,0.8279873276602746,0.6387048222577858
E18c,1,1000,3,1.459496421773463,0.7555146024178375,0.5176543026393973
E18c,1,1000,4,1.6349602415536268,0.6523820986547022,0.39902016090297937
E18c,1,1000,5,1.8344076151307465,0.6473694739735465,0.3529038304430532
E18c,1,1000,6,1.8851677843407706,0.6466088608649824,0.3429980430580596
E18c,1,1000,7,1.9279801246513366,0.758397087030484,0.39336354007676066
E18c,1,1000,8,2.141303639968588,0.5643981661797446,0.26357689570266835
E18c,1,1000,9,2.2538564874117863,0.623980346745217,0.2768500790668194
E18c,1,1000,10,2.249731984217637,0.7169367148969079,0.3186765001015126
E18c,1,1000,11,2.2809566161692247,0.834838760408905,0.36600378739819406
E18c,1,1000,12,2.3934924939537754,0.6537520361132991,0.2731372827634716
E18c,1,1000,13,2.4939572193837876,0.6924166435823772,0.27763773901200317
E18c,1,1000,14,2.578320522009805,0.6695155562196304,0.25967118925064525
E18c,1,1000,15,2.641618727239894,0.7742671825242812,0.29310330614338026
E18c,1,1000,16,2.7679927041716357,0.8551644457433895,0.30894750714283786
E18c,1,1000,17,2.8950207732178326,0.611230596158686,0.21113167885123657
E18c,1,1000,18,2.99417014245871,0.8337982898329233,0.2784739177006944
E18c,1,1000,19,3.138499906568945,0.7022304409528787,0.22374716006302753
E18c,1,1000,20,3.2885693957173903,0.6688827906194827,0.20339628273940324
E18c,1,1000,21,3.3372572694961886,0.6748102439643368,0.20220504128715552
E18c,1,1000,22,3.426529933249572,0.6500795371018883,0.18971949749914518
E18c,1,1000,23,3.4696191562684047,0.5511397809179307,0.15884734205545623
E18c,1,1000,24,3.497303615614506,0.5274920909735841,0.15082822338285867
E18c,1,1000,25,3.559614846449111,0.647522088118111,0.18190790747039548
E18c,1,1000,26,3.5860984971032477,0.6314473396309443,0.17608198440199294
E18c,1,1000,27,3.6499748614116303,0.6579703157846555,0.18026708149167497
E18c,1,1000,28,3.6085930508451582,0.618142165456258,0.17129727756680257
E18c,1,1000,29,3.721118749657761,0.6691020749190062,0.1798120726409349
E18c,1,1000,30,3.8241616316837193,0.7565506281548282,0.19783437548421054
E18c,1,1000,31,3.853041505361174,0.693782793540153,0.18006107449785172
E18c,1,1500,0,0.7628766222494856,0.7087971637612235,0.929111134210931
E18c,1,1500,1,1.006284206012434,0.7849578990693643,0.7800558672980554
E18c,1,1500,2,1.2750845744771677,0.808851221363057,0.6343510364359292
E18c,1,1500,3,1.4248500016463732,0.7803544747918166,0.5476748246412881
E18c,1,1500,4,1.6149012180230284,0.6531262102271426,0.40443725160273486
E18c,1,1500,5,1.8131753425809185,0.6264457842151289,0.34549652728203906
E18c,1,1500,6,1.8639934062655372,0.6319372698331586,0.3390233397333892
E18c,1,1500,7,1.914428494364199,0.7442854426370619,0.3887768306981069
E18c,1,1500,8,2.118620819342083,0.5444745722037198,0.25699481815382186
E18c,1,1500,9,2.199757845934533,0.6286893481601122,0.28579934346956415
E18c,1,1500,10,2.1870678312997094,0.7108939236144313,0.32504429603903423
E18c,1,1500,11,2.201401803777552,0.8193041059211758,0.3721738142102318
E18c,1,1500,12,2.3224771037710816,0.6367801513182078,0.27418145491477486
E18c,1,1500,13,2.3925773314672627,0.6784976378065684,0.283584412876835
E18c,1,1500,14,2.4499008502388673,0.6646669503256412,0.2713036122506083
E18c,1,1500,15,2.500481052579992,0.7805231676116027,0.312149202972868
E18c,1,1500,16,2.621457938513757,0.8191063025805233,0.3124621190927511
E18c,1,1500,17,2.7167156550015417,0.589070552088806,0.21683187602070622
E18c,1,1500,18,2.798379866524295,0.8136129861929804,0.29074429670033386
E18c,1,1500,19,2.9157274050492523,0.6981949882065872,0.23945825216633834
E18c,1,1500,20,3.0358695868448375,0.6756883056258718,0.22256829099438058
E18c,1,1500,21,3.1073918358260197,0.6727131240742875,0.2164880258480386
E18c,1,1500,22,3.18074008672303,0.6549123659615759,0.2058993655895669
E18c,1,1500,23,3.219836994133381,0.559568086059922,0.1737877063588835
E18c,1,1500,24,3.2359870042173284,0.5638302252384361,0.17423748133216216
E18c,1,1500,25,3.2975989267449672,0.6586520579466066,0.19973686084279407
E18c,1,1500,26,3.3424633910068136,0.6192206898735069,0.18525877995839046
E18c,1,1500,27,3.410829272822677,0.650173738054014,0.1906204286548632
E18c,1,1500,28,3.354130669267691,0.66097182773915,0.19706203869614305
E18c,1,1500,29,3.456770368275429,0.6849812763199736,0.19815643023511234
E18c,1,1500,30,3.548657202446318,0.7383037906077162,0.2080515948677026
E18c,1,1500,31,3.573333199872316,0.6962309059093371,0.19484074587117015
E18c,1,2000,0,0.7696663521708658,0.7084730421931529,0.9204937180830168
E18c,1,2000,1,1.0085836420049095,0.7779919745179219,0.7713708036860416
E18c,1,2000,2,1.2713263317815287,0.8239207112008231,0.6480796398248518
E18c,1,2000,3,1.412651615386329,0.772250899516598,0.5466676221549531
E18c,1,2000,4,1.60902328023083,0.652588495855898,0.40558051823978447
E18c,1,2000,5,1.808449410523431,0.6277638216845597,0.34712821825790635
E18c,1,2000,6,1.8589453765049584,0.6400239345177731,0.34429410493012724
E18c,1,2000,7,1.917784138073565,0.7360630394665963,0.38380911847877713
E18c,1,2000,8,2.107330355582977,0.5525449807579695,0.2622014053440198
E18c,1,2000,9,2.19354226258735,0.6315596719940173,0.2879177131737017
E18c,1,2000,10,2.185184613648114,0.7040286428634328,0.32218268354364515
E18c,1,2000,11,2.195225428619633,0.8258867003450505,0.37621953972370464
E18c,1,2000,12,2.304175486457473,0.6629103720531921,0.28769960272096107
E18c,1,2000,13,2.3587271982092735,0.6889798654001863,0.2920981561255809
E18c,1,2000,14,2.408304034831002,0.675844902629886,0.28063105523855175
E18c,1,2000,15,2.4592049738812105,0.7712443471442076,0.3136153168749495
E18c,1,2000,16,2.5604383277428515,0.7876733316679368,0.3076322218478539
E18c,1,2000,17,2.6252220553231003,0.5884528111974456,0.22415353779473773
E18c,1,2000,18,2.70185807880919,0.790109087972083,0.29243175064188187
E18c,1,2000,19,2.810235106453062,0.6887629426466879,0.24509086128242488
E18c,1,2000,20,2.909358597167937,0.6800207087190911,0.23373561079099878
E18c,1,2000,21,2.9761223533618186,0.669144986948029,0.2248378619891635
E18c,1,2000,22,3.0466294212635376,0.6672233614727751,0.2190037806422993
E18c,1,2000,23,3.085993650133506,0.5694468895713704,0.1845262674298552
E18c,1,2000,24,3.0940315026441407,0.5822914531755384,0.18819829490356374
E18c,1,2000,25,3.1588651317431062,0.6613756832320462,0.2093712949584175
E18c,1,2000,26,3.214209975313529,0.6266560457039781,0.19496425265211592
E18c,1,2000,27,3.2951363347898215,0.6610563894454292,0.20061579318161787
E18c,1,2000,28,3.239879399597832,0.681921775613843,0.21047751829851766
E18c,1,2000,29,3.3333736395948437,0.6954973395223052,0.20864667892641034
E18c,1,2000,30,3.427865530803903,0.7490516115312721,0.2185183767566298
E18c,1,2000,31,3.4542611007876594,0.7003565405361797,0.20275147711806749
E18c,1,2500,0,0.7735369926917179,0.7075517482426454,0.9146967177103449
E18c,1,2500,1,1.0137826294031864,0.7785510453566497,0.7679664484042131
E18c,1,2500,2,1.2745242574201807,0.8223171793483383,0.6451953931522855
E18c,1,2500,3,1.4086293709543765,0.7750530409055371,0.5502178620487106
E18c,1,2500,4,1.60704460908459,0.6449056683836946,0.4012991703765136
E18c,1,2500,5,1.804362374880982,0.6333341978428269,0.35100166499792057
E18c,1,2500,6,1.8620901160382548,0.6350506115286535,0.3410418250217526
E18c,1,2500,7,1.9311157817655995,0.7386672946766119,0.38250803066880634
E18c,1,2500,8,2.113417586546211,0.5386826110571867,0.2548869728757735
E18c,1,2500,9,2.185694024093115,0.6266992361642687,0.2867277987019697
E18c,1,2500,10,2.1751812267596726,0.6801714688054642,0.31269645969623555
E18c,1,2500,11,2.179713357328245,0.8270016866796635,0.3794084593275833
E18c,1,2500,12,2.279820695386805,0.6620765050492163,0.29040727035635816
E18c,1,2500,13,2.3226309721757175,0.7036852933607248,0.3029690475114735
E18c,1,2500,14,2.3574746373974538,0.6754085285023408,0.2864966255789549
E18c,1,2500,15,2.4095141455559568,0.7758245800783429,0.32198382462674185
E18c,1,2500,16,2.504412193921735,0.7763790829826644,0.31000451318155775
E18c,1,2500,17,2.551152495983472,0.5745527994443871,0.22521303620577818
E18c,1,2500,18,2.608807689374189,0.7638981557205199,0.2928150506577841
E18c,1,2500,19,2.697357608203721,0.6684739885535224,0.24782549652312735
E18c,1,2500,20,2.775471013294506,0.6739647507214157,0.24282896398237439
E18c,1,2500,21,2.8329347354172465,0.6790977884810357,0.23971529594063004
E18c,1,2500,22,2.9000757689204995,0.6684779413415346,0.23050361252815246
E18c,1,2500,23,2.935065042216333,0.5819996694522319,0.1982919155388635
E18c,1,2500,24,2.945228053527956,0.5905655855642096,0.2005160805312844
E18c,1,2500,25,3.0015884977038714,0.6668829090826928,0.22217666065579575
E18c,1,2500,26,3.071878828168549,0.6200838410295468,0.20185817075318696
E18c,1,2500,27,3.1503986954431205,0.6553835016992441,0.20803192391084357
E18c,1,2500,28,3.098568627712727,0.6918861095509782,0.22329216895922308
E18c,1,2500,29,3.189231129099002,0.6916783235304556,0.21687933408760607
E18c,1,2500,30,3.273321013055633,0.7296275672250971,0.22290131774884875
E18c,1,2500,31,3.2976996776487435,0.6933982895510511,0.21026726425416742
E18c,1,3000,0,0.7742619051438178,0.7040325460106538,0.9092950864990329
E18c,1,3000,1,1.0062354586512123,0.7831970043265708,0.7783436745276211
E18c,1,3000,2,1.2760715103012776,0.8249993619793965,0.6465149917692434
E18c,1,3000,3,1.4053181019823324,0.7773427246248775,0.55314360750663
E18c,1,3000,4,1.6114342839131846,0.6492271458237474,0.4028877580084577
E18c,1,3000,5,1.7935342761681987,0.6204353602500473,0.3459289116991832
E18c,1,3000,6,1.844026044812661,0.6396354366300997,0.34686898182887743
E18c,1,3000,7,1.9245090942756071,0.730988963848732,0.3798313897414339
E18c,1,3000,8,2.106889550395044,0.5294292788932577,0.25128478082488437
E18c,1,3000,9,2.171905264098002,0.6350599392418336,0.2923976242147816
E18c,1,3000,10,2.1655907147705524,0.6797912484876177,0.3139056904201968
E18c,1,3000,11,2.1586219400436524,0.8283185079755673,0.38372560410407797
E18c,1,3000,12,2.264515899134293,0.6754856615300887,0.29829141927787817
E18c,1,3000,13,2.3094216435860146,0.7024755334535823,0.30417811983557713
E18c,1,3000,14,2.357666621363177,0.6748442115339873,0.28623394224574455
E18c,1,3000,15,2.408810408519026,0.766137096610207,0.31805620479747093
E18c,1,3000,16,2.49392246616002,0.7816468600050842,0.313420673902751
E18c,1,3000,17,2.53363382482337,0.5955245839859782,0.23504761349146205
E18c,1,3000,18,2.589937840412339,0.7658805550184882,0.2957138750853394
E18c,1,3000,19,2.6737955742855255,0.670963408481212,0.25094042900437613
E18c,1,3000,20,2.7461721762419606,0.684775941807679,0.24935652168203473
E18c,1,3000,21,2.8013589637181737,0.6897740623360398,0.24622837389626065
E18c,1,3000,22,2.8579570051659937,0.6531849321540176,0.22854960063196605
E18c,1,3000,23,2.8896356493377984,0.5854826153646251,0.2026146844841137
E18c,1,3000,24,2.8995404419955615,0.6010435356284566,0.20728924036486215
E18c,1,3000,25,2.9428661387937147,0.6705016284061477,0.2278396626905318
E18c,1,3000,26,3.0094146979115615,0.6369016093577607,0.21163637228187604
E18c,1,3000,27,3.092890846809018,0.6590627084438236,0.2130895466691909
E18c,1,3000,28,3.0349005132648452,0.6969931058405235,0.22965929288097867
E18c,1,3000,29,3.129597635639161,0.6882415682908551,0.21991375519118286
E18c,1,3000,30,3.2019562248463824,0.7393596691957395,0.23090873743322682
E18c,1,3000,31,3.227139331727908,0.6769995669083742,0.20978318483258301
E18c,1,3500,0,0.7738024231565023,0.7146577313079056,0.9235661583904932
E18c,1,3500,1,1.0166401221489056,0.7857588149969913,0.772897702813565
E18c,1,3500,2,1.2846856421097308,0.8287659829652233,0.6451118902552775
E18c,1,3500,3,1.4102441070155456,0.7750236688117786,0.549567032371393
E18c,1,3500,4,1.6131494439429732,0.6538506019413025,0.4053254981405287
E18c,1,3500,5,1.7894293914243882,0.6102310092213536,0.3410198872030424
E18c,1,3500,6,1.837205031611235,0.6394942183134056,0.34807994062185155
E18c,1,3500,7,1.9261349296432104,0.7283091517379404,0.37811948712899857
E18c,1,3500,8,2.1041602226837,0.530066490031422,0.25191355882365346
E18c,1,3500,9,2.1702214210301265,0.6517230766753408,0.30030257298169655
E18c,1,3500,10,2.1608873444833425,0.6863943263878924,0.3176446602550703
E18c,1,3500,11,2.1509406720246464,0.827996588139847,0.38494626974553736
E18c,1,3500,12,2.240740337461005,0.6810132902269089,0.30392334124647785
E18c,1,3500,13,2.2776967125570042,0.7160918397103123,0.3143929724104524
E18c,1,3500,14,2.324445178051582,0.6859371847271981,0.2950971660696127
E18c,1,3500,15,2.369092794960191,0.7678981710763785,0.32413174051685123
E18c,1,3500,16,2.4566980792016273,0.7819475345943733,0.3182920771641947
E18c,1,3500,17,2.497905323971104,0.5999032791621544,0.24016253674836802
E18c,1,3500,18,2.543952783238178,0.761729599668998,0.29942756983854013
E18c,1,3500,19,2.6224550772865727,0.6571176010816863,0.2505734442405012
E18c,1,3500,20,2.6819622149916253,0.6924806813322607,0.25819926823034045
E18c,1,3500,21,2.744832836722997,0.6946287033354593,0.25306776210268717
E18c,1,3500,22,2.7989371088575266,0.6487417747229824,0.2317814761432016
E18c,1,3500,23,2.8352308697027273,0.5929130610389461,0.20912337946613596
E18c,1,3500,24,2.8494615146186613,0.5986083848647624,0.21007772233234503
E18c,1,3500,25,2.8759880712778516,0.6777310742380079,0.2356515595479783
E18c,1,3500,26,2.942571738914525,0.635194696931674,0.21586379306626138
E18c,1,3500,27,3.0211375867055077,0.6681243880413628,0.2211499373551999
E18c,1,3500,28,2.960490962438697,0.6858972282351865,0.2316836082046947
E18c,1,3500,29,3.0537120373353175,0.6861876389430336,0.22470607265962245
E18c,1,3500,30,3.128183762505694,0.7308974972810084,0.23364915643432504
E18c,1,3500,31,3.155801232961646,0.6878474122088557,0.21796284411845765
E18c,1,4000,0,0.7740985284062812,0.7207354848686489,0.9310642746634638
E18c,1,4000,1,1.0200316082017327,0.7903130404123181,0.7747926966749613
E18c,1,4000,2,1.2858144236686484,0.8331431092211897,0.6479497304471745
E18c,1,4000,3,1.410194572368427,0.7739080957946013,0.5487952591498205
E18c,1,4000,4,1.6044603516013982,0.6656576793717438,0.4148794818814666
E18c,1,4000,5,1.7857653351622667,0.6106916321430869,0.341977537651998
E18c,1,4000,6,1.8312649492511155,0.6334506436629366,0.3459087904904106
E18c,1,4000,7,1.9139892239886929,0.7247661647745408,0.3786678397614753
E18c,1,4000,8,2.096472964341409,0.5288450244426347,0.25225463597083275
E18c,1,4000,9,2.161785848265696,0.6590871399068465,0.3048808652511083
E18c,1,4000,10,2.149763583873046,0.6919136630852255,0.32185569998290864
E18c,1,4000,11,2.141200625554266,0.8138125649661181,0.3800730091583345
E18c,1,4000,12,2.2305080405753923,0.6897869998957826,0.3092510707640587
E18c,1,4000,13,2.2570914996156484,0.7242166645324339,0.3208627849849056
E18c,1,4000,14,2.3031609271078777,0.6998761835627417,0.30387637065447676
E18c,1,4000,15,2.359237574736973,0.7621198150317388,0.3230364856819077
E18c,1,4000,16,2.447225383726012,0.7716990097904609,0.3153363049117749
E18c,1,4000,17,2.4712253704734573,0.6075198241434037,0.24583748265218325
E18c,1,4000,18,2.512432323173028,0.7582605039696226,0.30180335485096454
E18c,1,4000,19,2.5915485668805203,0.651533718202878,0.25140710327768906
E18c,1,4000,20,2.638849326668495,0.6738108710885522,0.25534268450985326
E18c,1,4000,21,2.701526406770221,0.6913594061951084,0.2559143617706314
E18c,1,4000,22,2.758308904940899,0.6502419861745299,0.23573936371294943
E18c,1,4000,23,2.7934437185473944,0.6073469383806559,0.21741871309169586
E18c,1,4000,24,2.8154165099032173,0.6075083181287211,0.21577919856327218
E18c,1,4000,25,2.8429111559857367,0.67749459673416,0.23831015447236126
E18c,1,4000,26,2.9149166428400517,0.6331269069047832,0.2172024055850589
E18c,1,4000,27,3.001477111069186,0.6830395279360829,0.2275677950090283
E18c,1,4000,28,2.9510457398839622,0.6879385501259836,0.23311687136134798
E18c,1,4000,29,3.041382404194988,0.6917165977417886,0.22743493116409885
E18c,1,4000,30,3.1158151350720704,0.7395423449194488,0.23735116265244754
E18c,1,4000,31,3.1432715101977817,0.6892179259236848,0.21926770362905038
E18c,1,4500,0,0.7754676758601642,0.7217518068879969,0.9307310018917493
E18c,1,4500,1,1.019392715655706,0.7945672426088318,0.7794515601357233
E18c,1,4500,2,1.2900162108828421,0.8342378001165578,0.6466878424307819
E18c,1,4500,3,1.4153393327074697,0.771990605626999,0.5454455958276956
E18c,1,4500,4,1.6042742866647242,0.6610215351339456,0.412037729849928
E18c,1,4500,5,1.7742871505564184,0.6095865384414554,0.3435670140824096
E18c,1,4500,6,1.8224238027697977,0.6274779594312196,0.34430957194344797
E18c,1,4500,7,1.905617175951279,0.7323449933140856,0.3843085602691952
E18c,1,4500,8,2.0822511133700985,0.5270855027341969,0.2531325349520958
E18c,1,4500,9,2.151953702924585,0.6585315595127947,0.30601567246443356
E18c,1,4500,10,2.1412687604726153,0.6920135750822066,0.32317922339158733
E18c,1,4500,11,2.133716637408122,0.8209154876421392,0.3847350080371147
E18c,1,4500,12,2.21920395396686,0.6879295692989493,0.30998934012769086
E18c,1,4500,13,2.2451051490447966,0.7259492131725123,0.32334753384774645
E18c,1,4500,14,2.29394885546855,0.6868926211786098,0.2994367636144655
E18c,1,4500,15,2.3532369913952134,0.7663349447155338,0.3256514101714764
E18c,1,4500,16,2.446316376871594,0.7622545034765913,0.3115927729884963
E18c,1,4500,17,2.46633622578716,0.6119532922140614,0.2481224116224256
E18c,1,4500,18,2.5147381059978433,0.7613427280749762,0.30275229307541623
E18c,1,4500,19,2.591222733912053,0.6602570438087276,0.25480520650261357
E18c,1,4500,20,2.6346514844035624,0.6900311746082758,0.2619060542516068
E18c,1,4500,21,2.6930144649034378,0.6870822182967018,0.25513498989740413
E18c,1,4500,22,2.7509035610616053,0.6515031351489624,0.23683241549098139
E18c,1,4500,23,2.7781757548629944,0.6046708154761656,0.21765031043040867
E18c,1,4500,24,2.7950842188167004,0.6067269165437794,0.21706927915060728
E18c,1,4500,25,2.826095393176414,0.6793575522994968,0.24038733934452478
E18c,1,4500,26,2.89232195973464,0.6255643068813471,0.216284464727689
E18c,1,4500,27,2.9735000806344662,0.6809424490976356,0.22900367601548557
E18c,1,4500,28,2.9228697499465213,0.6967453219909018,0.23837713671765562
E18c,1,4500,29,2.99925662090205,0.6897746307288463,0.229981864813352
E18c,1,4500,30,3.068559660174312,0.7552351008838882,0.24612039019016058
E18c,1,4500,31,3.0923278655669253,0.6853158091344439,0.221618094499434
E18c,1,5000,0,0.779340553174645,0.7255672607998187,0.9310015471981014
E18c,1,5000,1,1.027471910704179,0.7930658322840531,0.7718613268371732
E18c,1,5000,2,1.2933744814637662,0.831889063304469,0.6431927297367003
E18c,1,5000,3,1.4119566994811055,0.7657628364773684,0.5423415865081319
E18c,1,5000,4,1.6018014978403408,0.6598406000406802,0.41193656076007096
E18c,1,5000,5,1.771880506801706,0.598824046841701,0.33795961101383476
E18c,1,5000,6,1.8175881556865556,0.623983751910966,0.34330315696586905
E18c,1,5000,7,1.9012973500404828,0.7322084183746547,0.3851098926525429
E18c,1,5000,8,2.07119223864798,0.5291968019456071,0.2555034690024973
E18c,1,5000,9,2.142616133143703,0.666034825985998,0.3108512139357291
E18c,1,5000,10,2.1384285265008125,0.6873424938637217,0.32142411371047547
E18c,1,5000,11,2.129281359865096,0.8258300791250189,0.38784450692666594
E18c,1,5000,12,2.202928541564483,0.6902535333332,0.3133345091815795
E18c,1,5000,13,2.238818345429292,0.7245056693821121,0.3236107435251468
E18c,1,5000,14,2.2979045926772708,0.6846326775544624,0.2979378167989134
E18c,1,5000,15,2.3564352773593287,0.7718970167405174,0.3275697933047079
E18c,1,5000,16,2.4377488933029476,0.7627587163799986,0.312894703172862
E18c,1,5000,17,2.45130049804384,0.61776868957636,0.2520167111577487
E18c,1,5000,18,2.502375701912817,0.7671854692170084,0.30658284790352286
E18c,1,5000,19,2.5789347894815116,0.6542693594711385,0.2536975196657368
E18c,1,5000,20,2.6196193934140206,0.6886288284275176,0.2628736182663779
E18c,1,5000,21,2.678262255406788,0.6936222510413075,0.25898219998472727
E18c,1,5000,22,2.737701697881912,0.6634515058931235,0.24233885905335067
E18c,1,5000,23,2.769931066686459,0.6048191615745602,0.21835170154543862
E18c,1,5000,24,2.785331323122683,0.6094888601542259,0.21882095501332222
E18c,1,5000,25,2.8258993917135498,0.6758927749841519,0.23917793286133537
E18c,1,5000,26,2.8850825467733956,0.6225190692335056,0.21577166654372348
E18c,1,5000,27,2.968475789894383,0.6839634962336093,0.230408985837794
E18c,1,5000,28,2.9133439938303867,0.7093368354972899,0.24347857204623227
E18c,1,5000,29,2.9954251889367836,0.6927845793116144,0.23128088188292095
E18c,1,5000,30,3.0591289123868384,0.7511282140457742,0.2455366333221041
E18c,1,5000,31,3.0775972890453125,0.6862134191301722,0.22297050415684483
E18c,1,5500,0,0.7805422533462774,0.7288257966533429,0.9337429120957643
E18c,1,5500,1,1.0313039022245494,0.7950458820399605,0.7709132878533921
E18c,1,5500,2,1.3002430176933044,0.835497422892628,0.6425702053565662
E18c,1,5500,3,1.4151521396843592,0.7677851804075724,0.5425460336574286
E18c,1,5500,4,1.6045840010123982,0.6635825189721823,0.4135542411949146
E18c,1,5500,5,1.7785121565404947,0.6017590613594254,0.3383497037939555
E18c,1,5500,6,1.8265688820171015,0.628236560384508,0.3439435361948896
E18c,1,5500,7,1.9166895938993966,0.7239103945797373,0.3776878618655108
E18c,1,5500,8,2.0882024701592017,0.5209677237712116,0.24948142300180964
E18c,1,5500,9,2.151262169877344,0.6676444893507943,0.310350127799096
E18c,1,5500,10,2.141874528418859,0.7025138749560422,0.32799020933996587
E18c,1,5500,11,2.136120832192395,0.826038370676499,0.38670020825961393
E18c,1,5500,12,2.206523186237234,0.6968100082929556,0.3157954616743548
E18c,1,5500,13,2.2365667936441223,0.7324353675999827,0.3274820003951674
E18c,1,5500,14,2.292226831518662,0.6867685593345224,0.2996075911385785
E18c,1,5500,15,2.350935142734859,0.7717037123648967,0.3282539353540687
E18c,1,5500,16,2.427499204440061,0.7621162033939359,0.31395116505083653
E18c,1,5500,17,2.43746702800657,0.6214781506362145,0.25496884408913506
E18c,1,5500,18,2.484913424952727,0.7606778069736924,0.30611843428233865
E18c,1,5500,19,2.5621324959247964,0.6477086250278858,0.25280059718148834
E18c,1,5500,20,2.596346918057113,0.6858327667013147,0.26415297660396403
E18c,1,5500,21,2.650533923758196,0.6921266373026502,0.2611272510412856
E18c,1,5500,22,2.7131664085264147,0.6637278567546675,0.2446321960454884
E18c,1,5500,23,2.7381303894472966,0.6009463002510862,0.2194732225196879
E18c,1,5500,24,2.7528692254367435,0.6238986267945713,0.22663576643223565
E18c,1,5500,25,2.7970404721095727,0.6793133328022497,0.24286861043876876
E18c,1,5500,26,2.8644470391582026,0.6188182729968804,0.21603411218199284
E18c,1,5500,27,2.943111066730022,0.6902701576832468,0.2345375835408684
E18c,1,5500,28,2.8901798993371863,0.7098980454270226,0.24562417224956332
E18c,1,5500,29,2.9671914505200423,0.6890147666861136,0.2322110919284814
E18c,1,5500,30,3.0319812805327353,0.7579014232359934,0.2499690311751615
E18c,1,5500,31,3.050046583296998,0.6922510439022964,0.22696408890712624
E18c,1,6000,0,0.7806595055482802,0.729941031888266,0.9350312481952127
E18c,1,6000,1,1.0320611516087068,0.7923289140059625,0.7677150842960555
E18c,1,6000,2,1.2996828951382882,0.8388954129169042,0.6454616091778637
E18c,1,6000,3,1.4121403646292843,0.774891856710217,0.5487357178644504
E18c,1,6000,4,1.5981650093282544,0.6676969106180731,0.41778971928481995
E18c,1,6000,5,1.774337987242737,0.60217391154785,0.33937948456122985
E18c,1,6000,6,1.8250693614733395,0.6296432937579333,0.3449969119253833
E18c,1,6000,7,1.9113190372385258,0.7080762026201919,0.3704646837208405
E18c,1,6000,8,2.074919705653174,0.5184264547976465,0.2498537429593925
E18c,1,6000,9,2.1321200593343534,0.6773211239552552,0.3176749456438745
E18c,1,6000,10,2.1235966341499024,0.6960638255176499,0.3277759129601801
E18c,1,6000,11,2.1225875653377932,0.8321758317834519,0.392057244362033
E18c,1,6000,12,2.1994116206126715,0.6998897124683373,0.318216793031845
E18c,1,6000,13,2.2185130637091324,0.7324411382494902,0.3301495719051218
E18c,1,6000,14,2.2818591428663484,0.6993876486690861,0.3064990452436749
E18c,1,6000,15,2.345418214451241,0.7707350190678122,0.3286130440699001
E18c,1,6000,16,2.419874881870114,0.7692879166479283,0.31790400504236466
E18c,1,6000,17,2.4325456952785474,0.6270064560514022,0.2577573187087055
E18c,1,6000,18,2.472277565618181,0.7468960801127099,0.30210850533117717
E18c,1,6000,19,2.5571840067029834,0.6436700446142354,0.2517104920596344
E18c,1,6000,20,2.587261102872048,0.6868738269254616,0.2654829951886115
E18c,1,6000,21,2.6385152286336373,0.6911437022055721,0.2619441778107466
E18c,1,6000,22,2.7020535901008467,0.659809149899905,0.2441880325087407
E18c,1,6000,23,2.7293210287319725,0.6152911066722251,0.22543742571685896
E18c,1,6000,24,2.754153424534012,0.6228683836169867,0.22615602241635202
E18c,1,6000,25,2.80233866506265,0.6825678677507563,0.24357079901172352
E18c,1,6000,26,2.8694013148886945,0.6192328324511971,0.2158055860775325
E18c,1,6000,27,2.947781695319749,0.68760770940052,0.23326276518110153
E18c,1,6000,28,2.896964361043451,0.7032073427024925,0.24273938338999998
E18c,1,6000,29,2.9745913391059804,0.6724127780499545,0.22605215352104452
E18c,1,6000,30,3.028699341828323,0.7506417183828826,0.24784292980687403
E18c,1,6000,31,3.046506088970979,0.6905364615586778,0.22666505215878982
E18c,1,6500,0,0.7794017970196897,0.7338585593611406,0.9415664194864584
E18c,1,6500,1,1.0309452773716694,0.7892072555006023,0.7655180859964138
E18c,1,6500,2,1.2944924929555728,0.8430051929529944,0.6512244741012387
E18c,1,6500,3,1.4104314986120043,0.7808015653087935,0.5535905615247354
E18c,1,6500,4,1.5941965884889469,0.6633641484724702,0.4161118856120733
E18c,1,6500,5,1.7691365978944582,0.5978938087319374,0.3379579674308485
E18c,1,6500,6,1.8201022106230145,0.6381203627491244,0.35059589457379875
E18c,1,6500,7,1.9076843918301003,0.7135138706361572,0.37402091965100237
E18c,1,6500,8,2.0660980977987764,0.5185328814789975,0.2509720530847219
E18c,1,6500,9,2.12543155041231,0.6822324979276547,0.32098540072735315
E18c,1,6500,10,2.114804162972053,0.6955275710364494,0.32888509641431074
E18c,1,6500,11,2.1049403260408677,0.8407885861424766,0.3994358299571827
E18c,1,6500,12,2.186643165127482,0.697774883084538,0.3191077969248162
E18c,1,6500,13,2.210245750558452,0.7261964599192703,0.3285591476584836
E18c,1,6500,14,2.2735442892502964,0.7045841328625985,0.3099056113373256
E18c,1,6500,15,2.3398396107609836,0.7676316024204276,0.3280701800627999
E18c,1,6500,16,2.414256580492601,0.7595487842776615,0.31460980179773784
E18c,1,6500,17,2.4278091945344933,0.6203511405741062,0.2555189023794154
E18c,1,6500,18,2.474647125984827,0.7488899910519753,0.3026249614291743
E18c,1,6500,19,2.554615285521687,0.6374925752060865,0.2495454320731123
E18c,1,6500,20,2.5807882212269337,0.6816446851621636,0.26412267366831926
E18c,1,6500,21,2.630264314302842,0.6937182180555479,0.263744679302095
E18c,1,6500,22,2.701143698889777,0.6633796479189727,0.245592134987722
E18c,1,6500,23,2.7219467124468824,0.612581193394218,0.22505260319499082
E18c,1,6500,24,2.749751472800046,0.6278796567448393,0.22834051111734666
E18c,1,6500,25,2.793691045952708,0.6810178116914013,0.24376990887306932
E18c,1,6500,26,2.8556081517777274,0.6224467243380185,0.21797343726957816
E18c,1,6500,27,2.9374935060864997,0.6960491114430044,0.2369534128333518
E18c,1,6500,28,2.887171786139859,0.690205637234645,0.23905942852034037
E18c,1,6500,29,2.9561136573823896,0.6821601314279497,0.23076248429229748
E18c,1,6500,30,3.005480971288619,0.7429555576339606,0.24720022010833553
E18c,1,6500,31,3.0206391157725485,0.7002130409745905,0.231809565504983
E18c,1,7000,0,0.7802250809276795,0.7344408911962239,0.9413192540836823
E18c,1,7000,1,1.0304430286501947,0.7927993723833575,0.7693772002338324
E18c,1,7000,2,1.292140521423077,0.8427494131434035,0.6522118911767086
E18c,1,7000,3,1.412866032577707,0.7909214337957082,0.5597993125736838
E18c,1,7000,4,1.600474563645135,0.6638680702489879,0.41479451490750713
E18c,1,7000,5,1.7754478162527882,0.5950502262925622,0.3351550075678704
E18c,1,7000,6,1.8229732249911255,0.6321041435581047,0.3467435148759148
E18c,1,7000,7,1.9141390894319126,0.7225556186106694,0.3774833409964544
E18c,1,7000,8,2.078653198426089,0.5250876367445625,0.25260954407505176
E18c,1,7000,9,2.138481293511271,0.6876769482984321,0.3215725806837915
E18c,1,7000,10,2.1197817186391807,0.6949863628609796,0.3278575132288311
E18c,1,7000,11,2.113621435089128,0.8486322916668722,0.4015062856471678
E18c,1,7000,12,2.2010039158792805,0.6979719560722625,0.3171152722794813
E18c,1,7000,13,2.2171556248167197,0.7241020567457511,0.3265905417918549
E18c,1,7000,14,2.2790781665118214,0.7011186597079773,0.3076325639067723
E18c,1,7000,15,2.3468807430984278,0.7674208462773071,0.32699609834632387
E18c,1,7000,16,2.418947067790995,0.7535235615484251,0.31150890880657006
E18c,1,7000,17,2.435585592142124,0.6166161070398654,0.25316954946245385
E18c,1,7000,18,2.4797699546590697,0.7394570251990839,0.29819581603114786
E18c,1,7000,19,2.554286831680064,0.6291067233640586,0.2462944707545895
E18c,1,7000,20,2.5835461717199317,0.6823888080315491,0.26412874501765365
E18c,1,7000,21,2.627902941744391,0.7001654126452361,0.26643503514649186
E18c,1,7000,22,2.7065435086111562,0.6657343157592877,0.24597214626004832
E18c,1,7000,23,2.7206795744107457,0.6102723148611289,0.2243087795420759
E18c,1,7000,24,2.750474184371492,0.627413621637232,0.22811107452026555
E18c,1,7000,25,2.795426110344778,0.6821123626717148,0.2440101565008225
E18c,1,7000,26,2.85745332938537,0.6116717375369489,0.214061847046341
E18c,1,7000,27,2.931286193045196,0.6961212174375746,0.23747978586642274
E18c,1,7000,28,2.880878946200262,0.7032011089796735,0.24409255720625164
E18c,1,7000,29,2.9539346687038224,0.6892543090566734,0.23333431045687822
E18c,1,7000,30,3.0073864799406134,0.7438796673946135,0.2473508717141346
E18c,1,7000,31,3.0224958716178687,0.6949619166991529,0.2299298150330166
E18c,1,7500,0,0.781602840611173,0.7365907424553119,0.9424105238401334
E18c,1,7500,1,1.037585041839643,0.8004283240710678,0.7714339469002991
E18c,1,7500,2,1.2985685046566415,0.8461506418206234,0.6516026214915451
E18c,1,7500,3,1.4243664764998674,0.7900251730688849,0.5546502154489301
E18c,1,7500,4,1.6062993299355093,0.6621839847408887,0.41224196038696875
E18c,1,7500,5,1.7800215754970827,0.5927966425865555,0.3330277850261524
E18c,1,7500,6,1.8298556911765327,0.6288223215311518,0.3436458539125789
E18c,1,7500,7,1.918483564918887,0.7280116741191466,0.3794724580556554
E18c,1,7500,8,2.0847514145564787,0.5244325719406234,0.25155640537228946
E18c,1,7500,9,2.140941353747479,0.6878687916964097,0.32129268300244285
E18c,1,7500,10,2.120730537507522,0.7050415907367394,0.3324522273185019
E18c,1,7500,11,2.110700091254111,0.8264622883574795,0.39155837050559933
E18c,1,7500,12,2.1949138484060846,0.6973356144226258,0.3177052324532104
E18c,1,7500,13,2.2144574110664133,0.7223237731297244,0.3261854436757381
E18c,1,7500,14,2.2853269752396668,0.6996579972758178,0.3061522507966035
E18c,1,7500,15,2.359748916608157,0.7742510556702862,0.32810738897728786
E18c,1,7500,16,2.4338906241275233,0.7499891022038554,0.30814412725415874
E18c,1,7500,17,2.4398063599472244,0.6201145290314273,0.2541654695271968
E18c,1,7500,18,2.477534420176216,0.7404468235302154,0.2988643941736037
E18c,1,7500,19,2.5544058197760036,0.6282310002138092,0.24594016947115274
E18c,1,7500,20,2.581331473423373,0.6764192070507564,0.2620427535227339
E18c,1,7500,21,2.6224845291836147,0.6930579900900714,0.264275339807561
E18c,1,7500,22,2.6973991908324946,0.665845443631179,0.2468472022584392
E18c,1,7500,23,2.720365003367323,0.615393432098273,0.22621722869413718
E18c,1,7500,24,2.740454545613678,0.6253011895243743,0.228174260552951
E18c,1,7500,25,2.7856013879891925,0.6824606666190193,0.24499580936512194
E18c,1,7500,26,2.8515592309885642,0.6104685250152815,0.21408235830459932
E18c,1,7500,27,2.9247053397455076,0.6993516886569584,0.2391186828816787
E18c,1,7500,28,2.8776364334667344,0.7154178225356221,0.24861299857596914
E18c,1,7500,29,2.9522605040187186,0.6898551592066359,0.23367015148818382
E18c,1,7500,30,3.0025496434513363,0.7464826359568818,0.24861625105349583
E18c,1,7500,31,3.0135981609524483,0.6981231495952435,0.23165767707218188
E18c,1,8000,0,0.7808641839532786,0.7369078563662618,0.9437081012417815
E18c,1,8000,1,1.0368666432285762,0.7941651349334745,0.7659279427300485
E18c,1,8000,2,1.291599156708442,0.8412022337657569,0.6512873823094675
E18c,1,8000,3,1.4095498282784504,0.7915104556900308,0.5615342145490094
E18c,1,8000,4,1.5847036854564676,0.6626183359704565,0.4181339022882325
E18c,1,8000,5,1.7614103223948216,0.5950361498100537,0.337818021300704
E18c,1,8000,6,1.8119297329231818,0.6298936364603835,0.3476369006010943
E18c,1,8000,7,1.9058593034485931,0.7347698315371846,0.3855320433190642
E18c,1,8000,8,2.077346197934621,0.5271276891932098,0.25375052541425247
E18c,1,8000,9,2.1373487615237496,0.6862996010281198,0.32109855601612064
E18c,1,8000,10,2.1159907881497184,0.7072828317077202,0.3342561015240469
E18c,1,8000,11,2.111065579280224,0.8294458581653483,0.3929038805360803
E18c,1,8000,12,2.2030477279532237,0.7106406807345551,0.3225716228103633
E18c,1,8000,13,2.224609301138822,0.7433853661025863,0.334164460124316
E18c,1,8000,14,2.30365992054142,0.6939409307481149,0.3012341034196665
E18c,1,8000,15,2.3725103614002334,0.7803118376349885,0.3288971253109536
E18c,1,8000,16,2.4474843913654762,0.7419052294755534,0.3031297082395843
E18c,1,8000,17,2.4457943712630734,0.6137515328390881,0.25094159184041726
E18c,1,8000,18,2.486213109244474,0.7317636961301588,0.29432862911439306
E18c,1,8000,19,2.558304963255761,0.6191038015046091,0.24199765485218874
E18c,1,8000,20,2.5799149664966716,0.6816702011108343,0.26422196466284725
E18c,1,8000,21,2.6289230323777937,0.695630086884379,0.26460648650302987
E18c,1,8000,22,2.697091890950906,0.6541628824043063,0.24254378747684047
E18c,1,8000,23,2.7147990543097147,0.6217917548043298,0.22903785597583806
E18c,1,8000,24,2.732758572923343,0.6380485698128772,0.23348149965927312
E18c,1,8000,25,2.7717606935125962,0.6942849478137167,0.25048516974741547
E18c,1,8000,26,2.8446187426994616,0.6249420403921191,0.21969272402356002
E18c,1,8000,27,2.91667495757447,0.6952086357226044,0.2383565689818057
E18c,1,8000,28,2.864143582144569,0.7116124242011297,0.24845556927991005
E18c,1,8000,29,2.9350384758900283,0.6799355141514014,0.23166153348133403
E18c,1,8000,30,2.9793742803327077,0.7368850728384385,0.24732880246121688
E18c,1,8000,31,2.9947668856422336,0.6902899123680274,0.23049871283052917
E18c,1,8500,0,0.778171327936085,0.7400517272927605,0.9510138715282305
E18c,1,8500,1,1.0374624530676178,0.8010902208016192,0.7721630970189985
E18c,1,8500,2,1.2953902507199613,0.837254524082201,0.6463338160966285
E18c,1,8500,3,1.4164874052946441,0.7945428444028542,0.5609247505011038
E18c,1,8500,4,1.5962177309752117,0.6610435576438147,0.4141311957736174
E18c,1,8500,5,1.7724810028535225,0.5895097310111976,0.33259015473911663
E18c,1,8500,6,1.8245338028650067,0.632238091070529,0.34652034951489846
E18c,1,8500,7,1.9198881079389691,0.7300871989368507,0.3802759108293093
E18c,1,8500,8,2.093390166640064,0.5303565006321672,0.25334813790751715
E18c,1,8500,9,2.148879771862652,0.696009692382051,0.3238941989661659
E18c,1,8500,10,2.1284241094610215,0.703541073541864,0.3305455291614889
E18c,1,8500,11,2.114432341522654,0.8239839477391698,0.38969511180754973
E18c,1,8500,12,2.207394032899962,0.7076720625444535,0.32059163520286854
E18c,1,8500,13,2.2289736795181025,0.7362172314154618,0.33029426869438394
E18c,1,8500,14,2.3067108478512974,0.6920958164802807,0.30003579214315845
E18c,1,8500,15,2.3705755347343507,0.7816118721722312,0.32971397060326935
E18c,1,8500,16,2.448559976760581,0.7495163405748027,0.3061049546216977
E18c,1,8500,17,2.438539141001036,0.6129262647278593,0.25134977512653295
E18c,1,8500,18,2.4813431253602465,0.7258660205553269,0.29252948257607225
E18c,1,8500,19,2.5567296853736408,0.6214049923997194,0.2430468093496975
E18c,1,8500,20,2.575828875658706,0.6845163142016195,0.26574603641966354
E18c,1,8500,21,2.6306061756827086,0.6951346257380414,0.26424883821982076
E18c,1,8500,22,2.6975331887377636,0.653960942252895,0.24242924794519324
E18c,1,8500,23,2.717147593600563,0.617001458334371,0.22707690218504706
E18c,1,8500,24,2.7337209657007464,0.6335840872549958,0.23176618799226514
E18c,1,8500,25,2.7688446213481246,0.691456517332571,0.24972745382726
E18c,1,8500,26,2.846734818048758,0.6256590046028642,0.21978127384260912
E18c,1,8500,27,2.9230804895978233,0.6989362245944477,0.23910946930189117
E18c,1,8500,28,2.862483584300008,0.7193623549400628,0.251307067361218
E18c,1,8500,29,2.9355724946466837,0.6785312972882815,0.2311410460908912
E18c,1,8500,30,2.980392067251347,0.7387809404680629,0.24788045458374885
E18c,1,8500,31,2.995289052729975,0.6788701472959758,0.22664595481268762
E18c,1,9000,0,0.7783373914101368,0.7400762316521085,0.9508424493281641
E18c,1,9000,1,1.0379570851899123,0.8094347374108619,0.7798344931214202
E18c,1,9000,2,1.3025908824877475,0.8377193763324021,0.6431177951533696
E18c,1,9000,3,1.42160304588103,0.7938998781517803,0.5584539794368305
E18c,1,9000,4,1.5923563772739033,0.6553987871341321,0.411590518610016
E18c,1,9000,5,1.7656277743150672,0.5927371689297102,0.33570901950704096
E18c,1,9000,6,1.8222073285548959,0.6398497858717417,0.3511399476036437
E18c,1,9000,7,1.9192445423334665,0.731028394434122,0.38089382478864264
E18c,1,9000,8,2.092598945011292,0.5301478750029528,0.2533442331445369
E18c,1,9000,9,2.1510439256815546,0.6966056245127255,0.32384537395813856
E18c,1,9000,10,2.135089278980173,0.7065198636414357,0.33090881519432547
E18c,1,9000,11,2.113703602218062,0.8317155917922638,0.393487332339068
E18c,1,9000,12,2.2028688786318282,0.7145063657027051,0.3243526533210979
E18c,1,9000,13,2.229212969490102,0.7316298450824533,0.3282009637911816
E18c,1,9000,14,2.306018840243953,0.6956279768276742,0.3016575427259232
E18c,1,9000,15,2.3715369820420604,0.7801597937242117,0.32896800666900805
E18c,1,9000,16,2.4476928935795645,0.7465630248860011,0.30500681962360465
E18c,1,9000,17,2.438407953023126,0.622493006287445,0.2552866535378878
E18c,1,9000,18,2.485318495894825,0.7259075813695833,0.29207829200507535
E18c,1,9000,19,2.564085758560591,0.6241600542503402,0.24342401659791865
E18c,1,9000,20,2.582714077000465,0.6995201080371108,0.27084690259230154
E18c,1,9000,21,2.635384889686217,0.6899112548777111,0.2617876643285511
E18c,1,9000,22,2.6989269129167424,0.6534454996315349,0.24211307705452217
E18c,1,9000,23,2.720256803082985,0.6185216102579763,0.2273761835856743
E18c,1,9000,24,2.7341713140508177,0.6315748804693861,0.2309931631656522
E18c,1,9000,25,2.768255565079367,0.6914849573891528,0.24979086689538638
E18c,1,9000,26,2.8456321282973485,0.6355020175522853,0.22332542960587484
E18c,1,9000,27,2.9179990452730915,0.7061837995250654,0.24200960609258
E18c,1,9000,28,2.8561412881799293,0.7193091634645847,0.25184649178296187
E18c,1,9000,29,2.9333440291625554,0.6920414252488423,0.2359223529080611
E18c,1,9000,30,2.986092043727382,0.7459919761447454,0.24982216395900603
E18c,1,9000,31,3.000130250151901,0.6766551088378002,0.22554191065655907
E18c,1,9500,0,0.7795810356328764,0.7433222842739953,0.9534894389401793
E18c,1,9500,1,1.0418695271264102,0.8125705198200281,0.7799158135099568
E18c,1,9500,2,1.3076439983183343,0.8351955453364759,0.6387025416784385
E18c,1,9500,3,1.4227778774436726,0.7946873445170216,0.5585463178165582
E18c,1,9500,4,1.595494195313016,0.6487763732399511,0.40663035637849454
E18c,1,9500,5,1.772586549645713,0.5832372999416394,0.32903177566038233
E18c,1,9500,6,1.8218351629055096,0.6319805281955382,0.34689226614093854
E18c,1,9500,7,1.9166314024417792,0.7274089443057519,0.3795246928434108
E18c,1,9500,8,2.088662583050058,0.5276356563409599,0.2526189058121861
E18c,1,9500,9,2.142005096484468,0.6921276874681457,0.3231214008799929
E18c,1,9500,10,2.127658513765172,0.7089826765747342,0.33322202411142376
E18c,1,9500,11,2.106029579959801,0.8215207059870174,0.3900803264134107
E18c,1,9500,12,2.1951586994236707,0.7161240500882304,0.3262288281372302
E18c,1,9500,13,2.228538087332384,0.7387497869381309,0.3314952484489206
E18c,1,9500,14,2.3108344464947637,0.6943411329636276,0.30047203685095364
E18c,1,9500,15,2.372624544642844,0.7781588890758843,0.32797388479896306
E18c,1,9500,16,2.451534884418008,0.7461933262409257,0.3043780168023476
E18c,1,9500,17,2.4507680561799208,0.6245000517053939,0.2548180967720051
E18c,1,9500,18,2.495300084467003,0.7254807314195494,0.2907388718237119
E18c,1,9500,19,2.5794024762409786,0.6323908566452412,0.24516951599071063
E18c,1,9500,20,2.601118940072129,0.6985351972117579,0.26855180916578447
E18c,1,9500,21,2.6514712152158677,0.7010365874259824,0.2643953226431342
E18c,1,9500,22,2.717117785512472,0.6563037706899167,0.24154410021872944
E18c,1,9500,23,2.7401804999032136,0.6142266625649245,0.22415554836136514
E18c,1,9500,24,2.7499941502790035,0.6296840279355908,0.22897649723062338
E18c,1,9500,25,2.7834755170883905,0.6919204458226138,0.24858147361985278
E18c,1,9500,26,2.854831867958999,0.6361966314750149,0.22284907164422615
E18c,1,9500,27,2.925124669421774,0.705899835825,0.2413229915306616
E18c,1,9500,28,2.8635167320862167,0.7223438602032448,0.25225760063115843
E18c,1,9500,29,2.9388675671074833,0.6860426521360772,0.23343775671092923
E18c,1,9500,30,2.9881569506842656,0.7474631127576498,0.2501418516810124
E18c,1,9500,31,3.001515639471763,0.6663138027382227,0.22199244740749954
E18c,1,10000,0,0.7792668984082601,0.747226318111068,0.9588836888072128
E18c,1,10000,1,1.0405149979877628,0.8084264784426349,0.7769484149733924
E18c,1,10000,2,1.3078290466641866,0.8319678644770564,0.636144201414638
E18c,1,10000,3,1.4217234165565371,0.7832123857431599,0.5508894181683573
E18c,1,10000,4,1.5994707486986923,0.650464693843825,0.4066749544329174
E18c,1,10000,5,1.7756693411530933,0.5850996347941722,0.3295093412010015
E18c,1,10000,6,1.8172077392050034,0.641942524422926,0.35325764389698483
E18c,1,10000,7,1.9210038153556952,0.7244142661595782,0.37710194033396277
E18c,1,10000,8,2.0864160780040626,0.5269166668012447,0.2525463028953033
E18c,1,10000,9,2.144287748346031,0.6871780838001258,0.32046915547140153
E18c,1,10000,10,2.1304968819087593,0.70499433444798,0.33090606254084726
E18c,1,10000,11,2.112804141501211,0.8233122011538612,0.3896774835782332
E18c,1,10000,12,2.200873664100303,0.7251619154851471,0.3294882061218115
E18c,1,10000,13,2.228319051382861,0.7380817673784136,0.3312280469533172
E18c,1,10000,14,2.306313476672859,0.6873365390553751,0.29802390091694847
E18c,1,10000,15,2.3672552390883284,0.7764954370029777,0.3280150886061698
E18c,1,10000,16,2.4472279426278827,0.7343288753677446,0.300065581377437
E18c,1,10000,17,2.446166569621671,0.6225209881266831,0.2544883884268615
E18c,1,10000,18,2.4877362217834915,0.7237616824937744,0.29093184243420306
E18c,1,10000,19,2.565786772289916,0.6359472629699597,0.2478566301136508
E18c,1,10000,20,2.586385764148053,0.7083320789963929,0.2738694624812533
E18c,1,10000,21,2.6356608624230855,0.6940779667156396,0.263341151591689
E18c,1,10000,22,2.6898881299001762,0.6596711507488737,0.24524110999863574
E18c,1,10000,23,2.7213008386253708,0.6225694151718095,0.2287764022026658
E18c,1,10000,24,2.733596501224604,0.636187171292558,0.2327289967658201
E18c,1,10000,25,2.768665499850905,0.6884295386534309,0.2486503113830484
E18c,1,10000,26,2.8394213411953784,0.6368696304670985,0.22429557080069717
E18c,1,10000,27,2.910878362820692,0.6953229146656463,0.23887048100212138
E18c,1,10000,28,2.8518215358079986,0.7162508044273853,0.2511555493336479
E18c,1,10000,29,2.920300396290297,0.6831648550371394,0.2339365004726823
E18c,1,10000,30,2.96896949249534,0.7368661885012691,0.24818920853307677
E18c,1,10000,31,2.989974013603897,0.6843002461173923,0.22886494765638
E18c,1,10500,0,0.7782046864562244,0.7478711101950776,0.9610210825132918
E18c,1,10500,1,1.0392187079634174,0.804794726236242,0.7744228621648066
E18c,1,10500,2,1.302822305329203,0.8318520817381453,0.6385000305378938
E18c,1,10500,3,1.4230992586268785,0.7911879743981075,0.5559612020046373
E18c,1,10500,4,1.601372884973254,0.655307940595594,0.4092163335253044
E18c,1,10500,5,1.7768832381163653,0.5798124794312102,0.3263087112273379
E18c,1,10500,6,1.8157561265379467,0.6424857390069443,0.3538392241208926
E18c,1,10500,7,1.9211752252158916,0.728194730557601,0.37903608218546037
E18c,1,10500,8,2.0828225562077667,0.5322097439840032,0.25552332453754834
E18c,1,10500,9,2.1434676285516927,0.6897905179669057,0.3218105600377022
E18c,1,10500,10,2.124177640669782,0.6980425750854761,0.3286177962335456
E18c,1,10500,11,2.115166249036351,0.8279657802036153,0.3914424128981958
E18c,1,10500,12,2.200562845507851,0.7313399310447405,0.332342215328079
E18c,1,10500,13,2.22377285551122,0.7337641410091724,0.32996361979627115
E18c,1,10500,14,2.3017540402243033,0.6935952712653679,0.30133335671163974
E18c,1,10500,15,2.360989200500762,0.7764082963065307,0.3288487283812462
E18c,1,10500,16,2.4377623353499156,0.7321929012148766,0.30035450568637073
E18c,1,10500,17,2.4317444960443533,0.62870031123251,0.2585388030096082
E18c,1,10500,18,2.475502219294856,0.720551906942766,0.2910730199821895
E18c,1,10500,19,2.5495444860237546,0.6338846399072865,0.24862662463124421
E18c,1,10500,20,2.569666275252637,0.7100802985478517,0.27633171878633933
E18c,1,10500,21,2.6310193124670938,0.701061555179686,0.26646005670034556
E18c,1,10500,22,2.684746932971073,0.6566087751201504,0.24457008109643869
E18c,1,10500,23,2.7158545706964006,0.6199367068145375,0.2282657965207515
E18c,1,10500,24,2.7273500346042874,0.6356267811557632,0.23305654686454158
E18c,1,10500,25,2.765145619955783,0.6829896932377648,0.2469995389424324
E18c,1,10500,26,2.840750625302495,0.6391751116259432,0.22500218989052626
E18c,1,10500,27,2.909957390229892,0.6962595887922659,0.23926796699152358
E18c,1,10500,28,2.8577547584258105,0.7227799640827212,0.25291882095609325
E18c,1,10500,29,2.932656414505416,0.6909036648680177,0.23558970681007532
E18c,1,10500,30,2.981564632875109,0.737051242708557,0.24720283926826095
E18c,1,10500,31,3.0018400433235572,0.6896400558574965,0.22973910864815617
E18c,1,11000,0,0.7794760799691063,0.7480436174851233,0.9596748851033007
E18c,1,11000,1,1.0424026434489546,0.8085916879750376,0.7756999591824553
E18c,1,11000,2,1.3063798108298168,0.8270237311342784,0.6330653032742064
E18c,1,11000,3,1.4227695993336464,0.7868839122427026,0.5530648902051599
E18c,1,11000,4,1.6034183622935891,0.6582181878287062,0.41050932389670686
E18c,1,11000,5,1.7835070991068191,0.5700858067341026,0.319643138521625
E18c,1,11000,6,1.8155880712062717,0.642493155004507,0.35387606098206864
E18c,1,11000,7,1.9224385799950878,0.7305127023415742,0.3799927394005174
E18c,1,11000,8,2.092070072526918,0.5270600687563527,0.2519323208518252
E18c,1,11000,9,2.1530420003461344,0.6976603699637064,0.3240347238240345
E18c,1,11000,10,2.1340004425446057,0.7065280772252113,0.3310815045486773
E18c,1,11000,11,2.1268240006450942,0.8293978532053344,0.3899701399616362
E18c,1,11000,12,2.2191154613745527,0.7269311110329691,0.3275769664471164
E18c,1,11000,13,2.2392209324404027,0.7349411756235045,0.32821289091047073
E18c,1,11000,14,2.32059866087575,0.6948734886417844,0.2994371669505111
E18c,1,11000,15,2.3755467959654593,0.7664914584348425,0.32265895992308935
E18c,1,11000,16,2.447868619072041,0.7344087608009,0.3000196804186762
E18c,1,11000,17,2.43105857936737,0.6271985809493162,0.2579940221401539
E18c,1,11000,18,2.4658281997386404,0.726739108763531,0.29472414535633906
E18c,1,11000,19,2.544485240346602,0.6289340049456239,0.2471753402114262
E18c,1,11000,20,2.5655178406145067,0.7083851435225401,0.27611780058908647
E18c,1,11000,21,2.6240758787154594,0.7002701514734826,0.26686352980626443
E18c,1,11000,22,2.6730475651243357,0.6576453449788292,0.2460282987699993
E18c,1,11000,23,2.704302705930532,0.6165286550232073,0.2279806375488812
E18c,1,11000,24,2.71344714255448,0.628246517094961,0.2315307739893987
E18c,1,11000,25,2.748146990457069,0.6850535577661171,0.2492783537943797
E18c,1,11000,26,2.815818464644178,0.6282341750815907,0.2231089052684999
E18c,1,11000,27,2.882825572768591,0.7104886128250798,0.24645563697520032
E18c,1,11000,28,2.832223735190862,0.7294278831868855,0.2575459961455798
E18c,1,11000,29,2.905293730947369,0.6902288051980043,0.2375762553182297
E18c,1,11000,30,2.9570913331479294,0.7415737847442697,0.2507781130841292
E18c,1,11000,31,2.980848588284206,0.680027097044084,0.22813204928181596
E18c,1,11500,0,0.7804727671706653,0.7458864158579478,0.9556853835680925
E18c,1,11500,1,1.0442337630183993,0.8108386963398838,0.7764915529987483
E18c,1,11500,2,1.3083495673888876,0.8268753513808426,0.6319987960335879
E18c,1,11500,3,1.4201079288980576,0.7841044445162269,0.5521442621087667
E18c,1,11500,4,1.5988766717194398,0.6578479157280647,0.41144381387503254
E18c,1,11500,5,1.777703654023336,0.5695865214115216,0.3204057774885153
E18c,1,11500,6,1.8126367169436963,0.6458339569283438,0.35629530776431056
E18c,1,11500,7,1.9215994339648925,0.7337363302931506,0.381836254384823
E18c,1,11500,8,2.0964253775557578,0.5256559303438137,0.2507391562664067
E18c,1,11500,9,2.1568667142379336,0.6934538112425612,0.3215098117398381
E18c,1,11500,10,2.1350910245514485,0.7052935103198824,0.33033416477784794
E18c,1,11500,11,2.128193338329086,0.8222625440961346,0.38636646834996663
E18c,1,11500,12,2.2207252631912073,0.7319158923118483,0.3295841698401165
E18c,1,11500,13,2.238186366055551,0.7288303785769705,0.325634357187788
E18c,1,11500,14,2.3194925626350265,0.6906712913479565,0.2977682715927009
E18c,1,11500,15,2.372354018484791,0.775376377492237,0.3268383940384519
E18c,1,11500,16,2.4439296960760277,0.7479224153772738,0.3060327048597747
E18c,1,11500,17,2.4313550207964307,0.627190260031384,0.25795914404385806
E18c,1,11500,18,2.463600646761234,0.7275816686242309,0.2953326341997613
E18c,1,11500,19,2.5377890958269798,0.6323090888777413,0.24915746147600698
E18c,1,11500,20,2.558013817039032,0.7140627485933555,0.2791473383908074
E18c,1,11500,21,2.609935984085801,0.7011106006718663,0.26863133998186883
E18c,1,11500,22,2.657874573921039,0.6667787136073954,0.25086914188871134
E18c,1,11500,23,2.690036323433675,0.6168796437035877,0.22932019108060842
E18c,1,11500,24,2.7039167476027592,0.6330011968569752,0.23410528353662588
E18c,1,11500,25,2.7407545064476575,0.6922213395042287,0.25256597695115335
E18c,1,11500,26,2.802302872595478,0.6329345330086761,0.2258622860499213
E18c,1,11500,27,2.8715256120493255,0.7159070672841216,0.24931244362929406
E18c,1,11500,28,2.8211352082746917,0.7270068200116329,0.257700098130442
E18c,1,11500,29,2.894492412735909,0.6921074640014349,0.23911185980523839
E18c,1,11500,30,2.949332293661553,0.7387728979282863,0.2504881866027753
E18c,1,11500,31,2.9732095476263227,0.6903645989002917,0.23219506995443623
E18c,1,12000,0,0.7808560452481166,0.7421474467511515,0.9504279966422423
E18c,1,12000,1,1.0431843533765832,0.8166757676832928,0.782868114384455
E18c,1,12000,2,1.3077844433209693,0.8302339817830261,0.6348400808888212
E18c,1,12000,3,1.4233044724817498,0.7768817233159743,0.545829608728315
E18c,1,12000,4,1.6014131587221807,0.658926742061473,0.41146579723826665
E18c,1,12000,5,1.7767309896403722,0.5733594223355755,0.32270468949924097
E18c,1,12000,6,1.813037724729215,0.6540040490547373,0.3607228024736306
E18c,1,12000,7,1.92533174248609,0.7388150622301739,0.38373390202156893
E18c,1,12000,8,2.1027321990155152,0.5228003995990389,0.24862909306463774
E18c,1,12000,9,2.166121658251128,0.7003240313065368,0.32330780159040595
E18c,1,12000,10,2.1431630151992778,0.7101008551864042,0.33133310445840114
E18c,1,12000,11,2.1402483351590575,0.8214605877080369,0.38381554804339474
E18c,1,12000,12,2.2363039051538935,0.7333010328284767,0.3279075939269595
E18c,1,12000,13,2.249031813021996,0.7321161925205486,0.3255250496153779
E18c,1,12000,14,2.3308938746036563,0.6884533259272195,0.2953602192825204
E18c,1,12000,15,2.384063859316363,0.7740187736435632,0.3246636077380558
E18c,1,12000,16,2.456117374037649,0.7325593628127822,0.2982591021733284
E18c,1,12000,17,2.439060561242344,0.6254833630733816,0.25644437576194884
E18c,1,12000,18,2.4688303916750205,0.7293910939912678,0.29543993643743177
E18c,1,12000,19,2.5330458972784315,0.6276075982540594,0.24776795356466966
E18c,1,12000,20,2.554517485490412,0.7143790674286974,0.279653230594956
E18c,1,12000,21,2.6002277853957385,0.6998622299092087,0.2691542001973854
E18c,1,12000,22,2.6474769261915103,0.6674777327297121,0.2521184325069464
E18c,1,12000,23,2.678579319579033,0.6174581079429545,0.2305170145344042
E18c,1,12000,24,2.6896331015020922,0.6245010595040456,0.2321881966559965
E18c,1,12000,25,2.7226848734865663,0.690352642898855,0.25355583733596604
E18c,1,12000,26,2.787881204668864,0.6329550380126523,0.22703802333924508
E18c,1,12000,27,2.8556128325994163,0.7139040251660032,0.25000028610886593
E18c,1,12000,28,2.8073191984904415,0.7200215905895224,0.2564801291483684
E18c,1,12000,29,2.8807524571111442,0.6914723821859644,0.2400318640635238
E18c,1,12000,30,2.941431581691682,0.7447804940885026,0.25320340569001537
E18c,1,12000,31,2.967942065645924,0.6974078390269121,0.23498027373897967
E18c,2,0,0,0.7763289243904447,0.7386916597180848,0.9515189200223195
E18c,2,0,1,1.0534466624157397,0.8732904007876963,0.8289839741720637
E18c,2,0,2,1.3600077097750127,0.6624331415650273,0.48708043109153715
E18c,2,0,3,1.4866156237870882,0.6061218980170161,0.4077193111107948
E18c,2,0,4,1.66111648101052,0.6172410674564676,0.3715820500925838
E18c,2,0,5,1.8130068634930983,0.6261467096856778,0.34536367307473315
E18c,2,0,6,2.0512862328979224,0.7526415875245573,0.3669120259542106
E18c,2,0,7,2.143654261236524,0.6502824016710311,0.30335227719787644
E18c,2,0,8,2.1954005485048516,0.6811272448860222,0.3102519243469693
E18c,2,0,9,2.267632793859873,0.693688380033802,0.3059086029766899
E18c,2,0,10,2.3635700244832174,0.7188983917650527,0.30415785625908676
E18c,2,0,11,2.5124736152745113,0.5778937309538135,0.2300098705278038
E18c,2,0,12,2.5776979058128573,0.7691280404772739,0.2983778815752016
E18c,2,0,13,2.6971540763774104,0.6137285575589124,0.22754671782904623
E18c,2,0,14,2.7177523064729145,0.6008309322363695,0.22107641333073688
E18c,2,0,15,2.6748765217388892,0.6488982804773042,0.24258999441793563
E18c,2,0,16,2.6856250169046008,0.7623378712580284,0.2838586423865995
E18c,2,0,17,2.798574725091794,0.6748276314290608,0.24113261131768646
E18c,2,0,18,2.9358895461312025,0.6696820841476531,0.2281019342264198
E18c,2,0,19,3.0283994469927236,0.7411131039658619,0.24472105379024744
E18c,2,0,20,3.1386050946617314,0.703183705992223,0.2240433838548936
E18c,2,0,21,3.331292531150769,0.5579737803396295,0.16749468115514965
E18c,2,0,22,3.359292501345024,0.7624252684098916,0.22696007212965968
E18c,2,0,23,3.4852222592721396,0.747488748275788,0.21447376742965454
E18c,2,0,24,3.544182444039593,0.6347055788086736,0.179083777099592
E18c,2,0,25,3.5699178347897695,0.7077790921279404,0.19826201186773845
E18c,2,0,26,3.592013360448577,0.6840430929925868,0.19043445119791044
E18c,2,0,27,3.7151965012999146,0.5574669486506654,0.15005046124898444
E18c,2,0,28,3.7162682518819765,0.7972190128624345,0.2145213851176406
E18c,2,0,29,3.8695388971896483,0.6866317525330657,0.17744536772372274
E18c,2,0,30,3.7952137486390196,0.6613918300253739,0.17426998156890425
E18c,2,0,31,3.7882506489979395,0.6792626958434451,0.1793077488215101
E18c,2,500,0,0.7790999521225813,0.7784630687785986,0.9991825396186361
E18c,2,500,1,1.093961158725038,0.8619097322743761,0.7878796476457105
E18c,2,500,2,1.3828708743549136,0.695059649847864,0.5026207889236931
E18c,2,500,3,1.5231051495796968,0.6058852003241514,0.397796042178274
E18c,2,500,4,1.6781483583244299,0.621171441584271,0.37015287623585796
E18c,2,500,5,1.8596958212753014,0.6211318244315381,0.333996461854494
E18c,2,500,6,2.1385652216587676,0.7290442506986969,0.3409034446624066
E18c,2,500,7,2.1958989025376368,0.6574546114401587,0.29940112938732627
E18c,2,500,8,2.2449618813556365,0.7431053705550746,0.331010239740171
E18c,2,500,9,2.3419428986645325,0.7099446987564305,0.3031434708170164
E18c,2,500,10,2.4348356706978476,0.6947795671217996,0.28534967492186813
E18c,2,500,11,2.564315562261399,0.5641117224672009,0.21998529774148637
E18c,2,500,12,2.653888010142721,0.8487719961617897,0.3198220847744605
E18c,2,500,13,2.7710184159899405,0.5883274055956322,0.21231450581516742
E18c,2,500,14,2.777766570399496,0.6197440515188406,0.2231087587139151
E18c,2,500,15,2.7569582873423126,0.6963526085084404,0.2525800305741002
E18c,2,500,16,2.7654614063546705,0.6876921329897004,0.2486717519938891
E18c,2,500,17,2.8940067049736595,0.6470783510284439,0.2235925541970482
E18c,2,500,18,3.032984222406517,0.6692949556841501,0.2206720861716514
E18c,2,500,19,3.126464409293432,0.7052799583569304,0.2255838755945796
E18c,2,500,20,3.229612751586829,0.7119042340151592,0.220430215252703
E18c,2,500,21,3.4412409410261686,0.5338830589611826,0.15514259771708405
E18c,2,500,22,3.455649691768724,0.6900137172957639,0.19967698662840747
E18c,2,500,23,3.5334596547721384,0.7416897517701135,0.2099046895210532
E18c,2,500,24,3.600572271990254,0.628803626915641,0.174639912607021
E18c,2,500,25,3.6359625925720853,0.6869566818624606,0.1889339244759684
E18c,2,500,26,3.656702495951566,0.7027947166053725,0.19219357259264475
E18c,2,500,27,3.7716158666410036,0.5406309682345838,0.14334200177073417
E18c,2,500,28,3.7621033811316096,0.7978186229675509,0.21206717151073443
E18c,2,500,29,3.8837241002213907,0.7032255074767736,0.18106989305359936
E18c,2,500,30,3.775881207543447,0.6870101092229417,0.18194696057980703
E18c,2,500,31,3.8011669789059073,0.7383429976535997,0.19424113745882257
E18c,2,1000,0,0.7768869214079204,0.774238023844293,0.9965903692150887
E18c,2,1000,1,1.0849473148021769,0.8369989544029797,0.771465068380388
E18c,2,1000,2,1.3601994520287448,0.7056957077108016,0.5188178150331207
E18c,2,1000,3,1.5117492795879253,0.6253047934582188,0.413629959611203
E18c,2,1000,4,1.681147233156463,0.6167847071684462,0.36688321819998654
E18c,2,1000,5,1.8645248064049276,0.6097254927237388,0.3270138807642776
E18c,2,1000,6,2.13469520518934,0.7164477618356772,0.3356206357207472
E18c,2,1000,7,2.18808406677458,0.6664147172201875,0.30456540831291684
E18c,2,1000,8,2.2372534079974673,0.7402087321017328,0.33085600828932593
E18c,2,1000,9,2.3332650129782846,0.7044723695506867,0.30192557023407574
E18c,2,1000,10,2.4141139250024457,0.7066158744007657,0.2927019587114348
E18c,2,1000,11,2.5460924398770817,0.5487982072625712,0.21554527976567328
E18c,2,1000,12,2.6315932443406096,0.8296628097411632,0.31527015488636023
E18c,2,1000,13,2.740775426815279,0.5934600536906464,0.21652998194756656
E18c,2,1000,14,2.7295330320985665,0.626648867308922,0.22958097958137955
E18c,2,1000,15,2.704755556474451,0.7427355949803511,0.2746035933644516
E18c,2,1000,16,2.700636262417176,0.6623032738868482,0.24523971743386896
E18c,2,1000,17,2.822751051951708,0.6537639358494711,0.23160524035495278
E18c,2,1000,18,2.962065592291622,0.6752923262344882,0.22798020678267417
E18c,2,1000,19,3.047943839467966,0.7218291681298254,0.23682495680623314
E18c,2,1000,20,3.142199875625572,0.7099807129211858,0.22595020718719802
E18c,2,1000,21,3.3379204338479744,0.5604319156508997,0.16789852447286482
E18c,2,1000,22,3.337720806291433,0.6759936603465676,0.20253151763693178
E18c,2,1000,23,3.415899191681626,0.7313728365331211,0.2141084368983005
E18c,2,1000,24,3.4888354092610387,0.6371261648644396,0.18261857901728523
E18c,2,1000,25,3.513804631009207,0.6978733637436761,0.198609039781258
E18c,2,1000,26,3.533733612127419,0.707205134443548,0.20012972455436115
E18c,2,1000,27,3.6411362017199647,0.5383685784134085,0.1478573029372258
E18c,2,1000,28,3.6550207453622403,0.7991220640312894,0.21863680665705504
E18c,2,1000,29,3.7748524585047227,0.6956110421866397,0.18427502792047717
E18c,2,1000,30,3.688298437167586,0.7023853900975465,0.19043615967175925
E18c,2,1000,31,3.7193890435942167,0.7378841795494611,0.19838854470475334
E18c,2,1500,0,0.7693927597316585,0.7654966712146397,0.9949361513118765
E18c,2,1500,1,1.0694159538458785,0.8353129402005667,0.7810926489328864
E18c,2,1500,2,1.3493253684882123,0.713733553963041,0.5289558550008661
E18c,2,1500,3,1.5109620616578006,0.6252856855738583,0.4138328164823715
E18c,2,1500,4,1.6738311972275501,0.6165758609947104,0.3683620319754917
E18c,2,1500,5,1.8434831062228985,0.6073745808439094,0.32947119438938366
E18c,2,1500,6,2.1034862660622795,0.7393207664208518,0.35147401642172743
E18c,2,1500,7,2.183586528584228,0.6683598446649623,0.3060835171475008
E18c,2,1500,8,2.234634929118841,0.7342682507506898,0.3285853278236484
E18c,2,1500,9,2.33839868697373,0.7157819334501281,0.306099185497092
E18c,2,1500,10,2.401505558018574,0.702519748846041,0.29253305140200203
E18c,2,1500,11,2.5178050632465876,0.5616577524603751,0.22307435975052994
E18c,2,1500,12,2.594999255332321,0.8162407523122233,0.31454373277178216
E18c,2,1500,13,2.7004749391337173,0.58453437736633,0.21645613847238374
E18c,2,1500,14,2.6831112688629757,0.6560610394937126,0.24451503264407376
E18c,2,1500,15,2.661240681367664,0.7750963653412866,0.2912537639936232
E18c,2,1500,16,2.6373719637858164,0.6458287368814579,0.24487586345401308
E18c,2,1500,17,2.732027376938151,0.6679015975543812,0.24447104856720528
E18c,2,1500,18,2.878823650974233,0.6809820901910502,0.236548734049964
E18c,2,1500,19,2.961932724471338,0.7181488012817059,0.2424595249407243
E18c,2,1500,20,3.043226259913709,0.7167014528256395,0.23550712027766268
E18c,2,1500,21,3.215382505763451,0.5800156437616034,0.1803877587571455
E18c,2,1500,22,3.2032588806081432,0.6849419982125515,0.21382661337772185
E18c,2,1500,23,3.2855942014180544,0.7582868571486591,0.2307913913475329
E18c,2,1500,24,3.3627171640035565,0.6465896830867298,0.19228191119021093
E18c,2,1500,25,3.3910301535065983,0.6933330179961574,0.20446088256667233
E18c,2,1500,26,3.4027583819937974,0.6964933037454946,0.20468491310787523
E18c,2,1500,27,3.500257736518815,0.548509093468421,0.15670534422243468
E18c,2,1500,28,3.526958200700407,0.7757906051041356,0.2199602493020966
E18c,2,1500,29,3.6328087711432175,0.7105205726329199,0.19558435838320343
E18c,2,1500,30,3.5677780872255567,0.7256335171920075,0.20338527213621865
E18c,2,1500,31,3.605259012349691,0.7170583630352394,0.19889232939408255
E18c,2,2000,0,0.769873218858753,0.7637060186576637,0.9919893301260285
E18c,2,2000,1,1.0748443962452285,0.8299365091855747,0.7721457283350087
E18c,2,2000,2,1.3509730040608992,0.7181615740489231,0.5315883973182264
E18c,2,2000,3,1.515314089693252,0.629663335960625,0.4155332153534512
E18c,2,2000,4,1.6736037532355774,0.6188284176084932,0.36975802450975176
E18c,2,2000,5,1.8445013720048251,0.6017933078943656,0.32626341027887906
E18c,2,2000,6,2.101230719978605,0.7489844433958288,0.356450358484886
E18c,2,2000,7,2.1794812745739938,0.6732304946865686,0.308894828572528
E18c,2,2000,8,2.2340050467697448,0.7515607618875912,0.3364185604568392
E18c,2,2000,9,2.349847386904615,0.7127353310919662,0.3033113278181148
E18c,2,2000,10,2.4097251871734526,0.697184588621722,0.28932120240628023
E18c,2,2000,11,2.5116446031706783,0.5554717165070451,0.22115856511141044
E18c,2,2000,12,2.586754103035653,0.8281747330127471,0.32015982193315284
E18c,2,2000,13,2.6790011100988176,0.5805221603016123,0.21669351241149698
E18c,2,2000,14,2.6657900467737567,0.6485719229205085,0.24329444987816484
E18c,2,2000,15,2.638152263680301,0.7853241750820713,0.29767962444537627
E18c,2,2000,16,2.608379579762666,0.6434653938721238,0.2466916237439154
E18c,2,2000,17,2.7119042021321986,0.6798480156718888,0.2506902770154518
E18c,2,2000,18,2.869029917647053,0.696439604734799,0.24274393252265655
E18c,2,2000,19,2.951298574101053,0.7010001401317882,0.23752260997358035
E18c,2,2000,20,3.0211255530282344,0.7003378193426234,0.23181354334666351
E18c,2,2000,21,3.1742234124825197,0.5957903444266756,0.18769641169041582
E18c,2,2000,22,3.163159157366961,0.6698455098569266,0.21176471891933232
E18c,2,2000,23,3.2237926553535963,0.7562295368985851,0.23457759780014117
E18c,2,2000,24,3.3036468320231105,0.653354515206076,0.19776766356286643
E18c,2,2000,25,3.326933609847259,0.6907381245502254,0.2076200506393446
E18c,2,2000,26,3.342226937682622,0.7139698241737218,0.2136209890848293
E18c,2,2000,27,3.4460051856286653,0.531311051084804,0.15418173289483175
E18c,2,2000,28,3.4711980640369204,0.7743757429559894,0.2230860148773559
E18c,2,2000,29,3.5705321735838527,0.7021183496978323,0.19664249348944937
E18c,2,2000,30,3.5177289275099444,0.7128142005863608,0.2026347723987171
E18c,2,2000,31,3.5586193021982258,0.7191694513045096,0.2020922695665325
E18c,2,2500,0,0.766903246499187,0.7593060844202039,0.9900937150629324
E18c,2,2500,1,1.0650243371235768,0.8293812861089641,0.7787439753245089
E18c,2,2500,2,1.3472852238571347,0.7211983675024145,0.5352974668850743
E18c,2,2500,3,1.5196622456464746,0.6210954421882956,0.40870623980269866
E18c,2,2500,4,1.6732657146470413,0.6085623075788851,0.3636973507864262
E18c,2,2500,5,1.8406943805268556,0.6011079621848635,0.3265658702194823
E18c,2,2500,6,2.0824648149518947,0.7463505245339269,0.35839766375652676
E18c,2,2500,7,2.1672595622154693,0.6679013738681978,0.3081778415066441
E18c,2,2500,8,2.2342711457190436,0.7536436299595441,0.3373107294535655
E18c,2,2500,9,2.3388504089029896,0.7173429958783173,0.30670751457541
E18c,2,2500,10,2.392432319675367,0.6857721213494876,0.2866422241957261
E18c,2,2500,11,2.4869404835251125,0.5533778322723103,0.22251350039866058
E18c,2,2500,12,2.5475509351328762,0.795903868472145,0.31241921701974995
E18c,2,2500,13,2.620012224458729,0.5949276639071701,0.22707056797419212
E18c,2,2500,14,2.592696481561957,0.6584298129703942,0.2539556086309518
E18c,2,2500,15,2.568416818736226,0.8050924380210209,0.31345863807929814
E18c,2,2500,16,2.524675267240268,0.6437310692195226,0.25497578939060445
E18c,2,2500,17,2.6170462029525026,0.6968902377375971,0.266288855332924
E18c,2,2500,18,2.7787646810238615,0.6989190332995153,0.2515214901327996
E18c,2,2500,19,2.8605912935005913,0.6931566938076729,0.24231238324138094
E18c,2,2500,20,2.9221447865731722,0.7002131426460532,0.2396230145280378
E18c,2,2500,21,3.0681160834403385,0.6106450779193114,0.1990293265679124
E18c,2,2500,22,3.0527496450505396,0.6699274532089188,0.21945050564335675
E18c,2,2500,23,3.119070011702208,0.7698675447140543,0.24682599038355832
E18c,2,2500,24,3.1999574614301065,0.6666933560584275,0.20834444335409158
E18c,2,2500,25,3.227731013869577,0.6875938128800163,0.21302698704613926
E18c,2,2500,26,3.2485965376136243,0.7020956077075579,0.2161227470319561
E18c,2,2500,27,3.335621051518318,0.5384425522409789,0.16142197927306193
E18c,2,2500,28,3.3753096825844877,0.7778214188462239,0.23044446050670025
E18c,2,2500,29,3.4657798286735275,0.6930818817416242,0.19997862414903902
E18c,2,2500,30,3.4368157837127566,0.7362481406331335,0.21422391741863225
E18c,2,2500,31,3.477810707362078,0.7088949849391527,0.2038336886589351
E18c,2,3000,0,0.7664024018056892,0.7550896693130947,0.9852391740084048
E18c,2,3000,1,1.059987415357637,0.8351836123609243,0.7879184226721555
E18c,2,3000,2,1.3426869439901443,0.716338268067272,0.5335110103465265
E18c,2,3000,3,1.510479129493039,0.6384086718884254,0.42265309028314346
E18c,2,3000,4,1.6700855804620984,0.601855461463091,0.3603740242440526
E18c,2,3000,5,1.84443211872473,0.6019505523660619,0.3263609141562012
E18c,2,3000,6,2.0859640336494647,0.7490058794844479,0.35906941222473365
E18c,2,3000,7,2.176879359714775,0.6637977962635939,0.3049309063918764
E18c,2,3000,8,2.234343045589429,0.7511664650302555,0.3361911979062708
E18c,2,3000,9,2.3337763854463525,0.717608689688182,0.30748819559716895
E18c,2,3000,10,2.3788192575925544,0.6836332086775565,0.2873834178429413
E18c,2,3000,11,2.4680164279753067,0.5419623938627314,0.2195943218689766
E18c,2,3000,12,2.514747778956603,0.7833144437991265,0.3114882734379558
E18c,2,3000,13,2.582160318407137,0.5927494603829804,0.2295556384154455
E18c,2,3000,14,2.5561728187745114,0.6589327481125747,0.25778098541415617
E18c,2,3000,15,2.539315019498376,0.8093145355041443,0.31871371975896823
E18c,2,3000,16,2.4985838675675383,0.6460502564445093,0.2585665683791766
E18c,2,3000,17,2.59339757267575,0.7063229153617631,0.2723542748723294
E18c,2,3000,18,2.7624899493202224,0.7031130244521581,0.254521477851956
E18c,2,3000,19,2.8417238371910214,0.6964653405631005,0.2450855116349168
E18c,2,3000,20,2.9012109420430914,0.6825056232305248,0.23524853478936988
E18c,2,3000,21,3.040283935740311,0.6213745872305662,0.2043804461570005
E18c,2,3000,22,3.0283709012748528,0.6664686579901717,0.22007497751005617
E18c,2,3000,23,3.0880918947738496,0.7735821568899545,0.25050490181303564
E18c,2,3000,24,3.158593610078964,0.6732025820799231,0.21313364908095703
E18c,2,3000,25,3.1875967792092337,0.6869565087914081,0.21550922415030974
E18c,2,3000,26,3.203092955471587,0.7039778788891813,0.21978065846844447
E18c,2,3000,27,3.2915314373905753,0.5382965412103101,0.16353984503853167
E18c,2,3000,28,3.330378366948092,0.7645929573545663,0.22958140881008296
E18c,2,3000,29,3.4207070467298384,0.6920625597789186,0.20231564712345756
E18c,2,3000,30,3.3931715864912713,0.7527219380811749,0.22183432782411439
E18c,2,3000,31,3.4389811590353747,0.7190333111845261,0.20908323655550734
E18c,2,3500,0,0.768520400411137,0.7520683531992902,0.9785925693019399
E18c,2,3500,1,1.060219791833117,0.8303919284972238,0.7832262092197679
E18c,2,3500,2,1.3492586364956076,0.7206318423332737,0.5340946671313893
E18c,2,3500,3,1.5069561252412758,0.648023586517817,0.4300215352414877
E18c,2,3500,4,1.6736684181710566,0.5798785090263255,0.346471560752758
E18c,2,3500,5,1.832336566916303,0.5988752228793917,0.32683691069226306
E18c,2,3500,6,2.076004627820652,0.74182734100526,0.35733414611123265
E18c,2,3500,7,2.1611385321985805,0.659143089168268,0.3049980736300626
E18c,2,3500,8,2.210568163659097,0.7372833660373169,0.33352663725008624
E18c,2,3500,9,2.3042487552778996,0.7144078856794602,0.31003939311808393
E18c,2,3500,10,2.343774400022245,0.6881229331406122,0.29359606160647594
E18c,2,3500,11,2.4342611839035744,0.5459523547221746,0.2242784621191252
E18c,2,3500,12,2.47692945549008,0.7588626985373922,0.3063723501916389
E18c,2,3500,13,2.535233218676642,0.6035114061083584,0.2380496601505495
E18c,2,3500,14,2.5189188024214193,0.6611866627013117,0.26248827952124437
E18c,2,3500,15,2.5009813767943068,0.8154758028465366,0.3260623251388591
E18c,2,3500,16,2.4721958673647118,0.6344834339363067,0.2566477204788176
E18c,2,3500,17,2.5654813996729766,0.7149616855593076,0.2786851955545046
E18c,2,3500,18,2.731161859531657,0.7124153359339865,0.2608469847540095
E18c,2,3500,19,2.8058326793935606,0.686595611989535,0.24470297784753597
E18c,2,3500,20,2.8629525948895287,0.6781410032583454,0.23686770240934166
E18c,2,3500,21,2.98989993060942,0.644627922777475,0.21560183876992933
E18c,2,3500,22,2.9730763268355243,0.6686740013288219,0.22490979975631623
E18c,2,3500,23,3.0201815829629437,0.7790602645415261,0.2579514652152903
E18c,2,3500,24,3.098056097565386,0.6736739742522286,0.21745054093166252
E18c,2,3500,25,3.122812101150906,0.6770933753079709,0.2168216829499378
E18c,2,3500,26,3.1496164357123537,0.692162471660101,0.2197608774871514
E18c,2,3500,27,3.2378582507186335,0.5463423741961748,0.16873572957522637
E18c,2,3500,28,3.2832497879910503,0.7433323014227405,0.22640138564588763
E18c,2,3500,29,3.359026326342373,0.6893801337139699,0.20523213179595184
E18c,2,3500,30,3.343457832822557,0.7630969773633102,0.2282358610514018
E18c,2,3500,31,3.4079017498632806,0.7147953438354161,0.2097464646285922
E18c,2,4000,0,0.7632930113039792,0.7511024167160277,0.9840289451004857
E18c,2,4000,1,1.0559203853097352,0.8289569569137117,0.7850563058033511
E18c,2,4000,2,1.3445344282480534,0.701487433722057,0.5217325930702308
E18c,2,4000,3,1.4955797556611663,0.6378293174534397,0.42647629793000774
E18c,2,4000,4,1.6654028000691439,0.5809820302738647,0.3488537609338375
E18c,2,4000,5,1.8233402385734867,0.6076151259829989,0.3332428655544696
E18c,2,4000,6,2.0556625480756803,0.7320290770297736,0.3561037183437676
E18c,2,4000,7,2.137358937707136,0.6574676579867649,0.3076075086817505
E18c,2,4000,8,2.1841797489812866,0.73575125914852,0.3368547206298742
E18c,2,4000,9,2.2724732814085544,0.7174297555769075,0.31570437436880255
E18c,2,4000,10,2.3138442651592928,0.6815676624302996,0.2945607328431753
E18c,2,4000,11,2.3976687232322824,0.5422084149597426,0.22613983729528522
E18c,2,4000,12,2.4365234511518237,0.7558042363374633,0.31019780908743977
E18c,2,4000,13,2.4913053356642973,0.6054870731929866,0.24304009007853533
E18c,2,4000,14,2.4781789401996903,0.6491709582340927,0.2619548361514939
E18c,2,4000,15,2.4645579927094663,0.8286677017117698,0.3362338010154736
E18c,2,4000,16,2.4336107102848077,0.6386019032196227,0.26240922614319306
E18c,2,4000,17,2.5309311760910878,0.7137510990745326,0.2820112636080804
E18c,2,4000,18,2.6927135883672526,0.7109476101073972,0.26402645018718296
E18c,2,4000,19,2.77828088735591,0.6804477445414555,0.2449168288340484
E18c,2,4000,20,2.833105767171366,0.6761238176587783,0.2386511034968648
E18c,2,4000,21,2.94903114218349,0.6462556839666218,0.2191416952918741
E18c,2,4000,22,2.93870486442027,0.6619455762229687,0.22525078453346262
E18c,2,4000,23,2.973167173283355,0.7716092576178692,0.259524343115143
E18c,2,4000,24,3.0586072515375515,0.6765127918576772,0.22118328252756103
E18c,2,4000,25,3.0817280423346807,0.6805993375796237,0.22084990246706185
E18c,2,4000,26,3.1096261961644274,0.7113377578262439,0.22875346197676247
E18c,2,4000,27,3.2123191929469788,0.5482406714991678,0.17066818039218956
E18c,2,4000,28,3.260050022383203,0.7282854277928893,0.2233970101049213
E18c,2,4000,29,3.322303772972972,0.6930191557302238,0.20859596324934304
E18c,2,4000,30,3.3142771993853835,0.7881648467294382,0.23780896989412942
E18c,2,4000,31,3.3664325930540517,0.7246670955210451,0.21526261865936308
E18c,2,4500,0,0.7620861703138356,0.7596764779388355,0.9968380316178579
E18c,2,4500,1,1.0638533925361204,0.8265090525315111,0.776901270729791
E18c,2,4500,2,1.353167775375959,0.702308855611751,0.5190109226600702
E18c,2,4500,3,1.498344846462212,0.6430790164498947,0.4291929310987977
E18c,2,4500,4,1.6692139942187116,0.5821556855790601,0.3487603672119598
E18c,2,4500,5,1.8245666525193078,0.618372606733172,0.3389147806024742
E18c,2,4500,6,2.0575580346491704,0.737062535764854,0.3582219909974636
E18c,2,4500,7,2.138896224367582,0.6667911032576794,0.31174542068062827
E18c,2,4500,8,2.183750550982463,0.7295745578982038,0.3340924436492851
E18c,2,4500,9,2.2753226147940624,0.7212054487257374,0.3169684351733186
E18c,2,4500,10,2.317876526735216,0.6679763236642211,0.28818460170744364
E18c,2,4500,11,2.3983851168779426,0.5404103927891946,0.22532260936169612
E18c,2,4500,12,2.437743687664554,0.7453238453023341,0.30574331873929744
E18c,2,4500,13,2.4755962118311032,0.6164960043174372,0.24902930509068716
E18c,2,4500,14,2.467704401634628,0.6502237664250379,0.2634933770812761
E18c,2,4500,15,2.454987303120575,0.8282355248996435,0.3373685574042927
E18c,2,4500,16,2.4201669832126647,0.6377804961034513,0.2635274758012052
E18c,2,4500,17,2.5110509689648715,0.7058642232553218,0.28110310462805926
E18c,2,4500,18,2.668607964702275,0.7286410311654828,0.27304161600476007
E18c,2,4500,19,2.7570575843614784,0.6807200294377787,0.24690091106509485
E18c,2,4500,20,2.803201679607354,0.6801451295416043,0.2426315361072674
E18c,2,4500,21,2.9111298702300026,0.6607559386606148,0.22697576821208934
E18c,2,4500,22,2.90327316518572,0.6486483772533407,0.22341968541973112
E18c,2,4500,23,2.935092566934231,0.7621405605490941,0.25966491453629575
E18c,2,4500,24,3.011696870003612,0.6705341777440078,0.22264331594009448
E18c,2,4500,25,3.030484562587473,0.6822630881770905,0.22513333233895905
E18c,2,4500,26,3.0624089188165033,0.7063407576029954,0.2306487397104262
E18c,2,4500,27,3.1640292898994837,0.5499939380297081,0.17382706910629786
E18c,2,4500,28,3.2054497597640146,0.7411246365918842,0.23120769069437727
E18c,2,4500,29,3.2599009150277274,0.6938895120083445,0.2128560131412591
E18c,2,4500,30,3.255738329859899,0.7986230543641035,0.24529706427557704
E18c,2,4500,31,3.3155033180471545,0.7235564772357544,0.21823427933166187
E18c,2,5000,0,0.7623187893741526,0.7592205350035524,0.9959357496971262
E18c,2,5000,1,1.06308598429618,0.8217446665044323,0.7729804349254698
E18c,2,5000,2,1.3524252270272592,0.6968307946514766,0.5152453390589049
E18c,2,5000,3,1.4968975063364924,0.6389451828889678,0.42684631391545474
E18c,2,5000,4,1.6657515907121636,0.5874354214841835,0.3526548764891382
E18c,2,5000,5,1.8177183523607008,0.6224616785203825,0.3424412135752391
E18c,2,5000,6,2.0558216218166394,0.7435273755686157,0.3616692069380967
E18c,2,5000,7,2.1459049405240442,0.6672023195610036,0.3109188608317703
E18c,2,5000,8,2.1876644631015463,0.7286157965821394,0.33305646678062745
E18c,2,5000,9,2.275907300609413,0.7322339672672473,0.321732773154328
E18c,2,5000,10,2.3141174870865875,0.6618285813455903,0.2859961022025787
E18c,2,5000,11,2.4018452885463817,0.542505210405947,0.22587017281794866
E18c,2,5000,12,2.438364357199328,0.739102268181452,0.30311395669774915
E18c,2,5000,13,2.477442386409492,0.6153693792681864,0.24838897673016283
E18c,2,5000,14,2.463013806994189,0.6451771476644805,0.26194621639244536
E18c,2,5000,15,2.4562169840325696,0.8386196930686565,0.3414273651393074
E18c,2,5000,16,2.4187621777305877,0.6443533689377793,0.2663979844195952
E18c,2,5000,17,2.512691696419744,0.7096590240524073,0.28242980428660563
E18c,2,5000,18,2.680766987809019,0.7272041697806959,0.2712672056496179
E18c,2,5000,19,2.7721973502353943,0.6852137225269637,0.24717350028084417
E18c,2,5000,20,2.8047100135861447,0.6879074987169954,0.24526867140800288
E18c,2,5000,21,2.91133318465605,0.6648615630205711,0.22837013864461514
E18c,2,5000,22,2.9060280971744206,0.6481230912051598,0.22302712483590253
E18c,2,5000,23,2.928177278968663,0.7628725159895424,0.260528118112519
E18c,2,5000,24,2.990619889083562,0.675409547093515,0.2258426587607848
E18c,2,5000,25,3.0117670458332166,0.6875071447078125,0.22827367928704162
E18c,2,5000,26,3.0485826209001434,0.7059919340261468,0.23158038400733624
E18c,2,5000,27,3.1436168989432454,0.548479911924335,0.17447415812935455
E18c,2,5000,28,3.183259727382593,0.7367691886846965,0.2314511701156407
E18c,2,5000,29,3.237060467756613,0.694565327730307,0.21456668315240435
E18c,2,5000,30,3.237353753424738,0.7892737510860423,0.24380213322411362
E18c,2,5000,31,3.2931897460401336,0.7199589833929001,0.21862055906696792
E18c,2,5500,0,0.7637068074873772,0.7636163363271737,0.9998815367896208
E18c,2,5500,1,1.0691121662598864,0.8185375641284957,0.7656236548051035
E18c,2,5500,2,1.3580605835629997,0.6892094661592886,0.5074953757593661
E18c,2,5500,3,1.4969533919290616,0.6412861163205218,0.42839417698511173
E18c,2,5500,4,1.6664166345490932,0.5847159339866367,0.35088219948359545
E18c,2,5500,5,1.8150686867660075,0.6232737064572574,0.3433884959845642
E18c,2,5500,6,2.0491710015460547,0.7402934418842767,0.36126484384453106
E18c,2,5500,7,2.135486796004572,0.6722900844439608,0.31481818838767545
E18c,2,5500,8,2.179570009394221,0.7312548171104754,0.3355041654815744
E18c,2,5500,9,2.267195232296033,0.7416380754593449,0.3271169879394433
E18c,2,5500,10,2.2945484158125358,0.6569033317483948,0.286288721223507
E18c,2,5500,11,2.3827359644995614,0.5492292319663291,0.2305036060013817
E18c,2,5500,12,2.4157088709365127,0.7327512784291417,0.30332764317956556
E18c,2,5500,13,2.451617349931257,0.6197029669813754,0.2527731201603512
E18c,2,5500,14,2.4388299056661054,0.6267327961268286,0.2569809377319622
E18c,2,5500,15,2.4251785354447923,0.841014134928366,0.3467844212855524
E18c,2,5500,16,2.39543786114424,0.6526554976203665,0.2724577031226389
E18c,2,5500,17,2.4908433417305047,0.706074459708447,0.2834680318425422
E18c,2,5500,18,2.6626258147445743,0.7264962835777551,0.2728495605934204
E18c,2,5500,19,2.7565956265379428,0.6822802457625576,0.2475082812996571
E18c,2,5500,20,2.7813411609128478,0.691548948342532,0.2486386632683215
E18c,2,5500,21,2.8849579799826928,0.6704368099588286,0.23239049393809563
E18c,2,5500,22,2.8824050436746536,0.6338292118275529,0.2198959557118702
E18c,2,5500,23,2.9011324746689615,0.7595818182301516,0.26182252098530073
E18c,2,5500,24,2.9714330814455834,0.6822814092673952,0.2296135873049746
E18c,2,5500,25,2.991736922800844,0.6908712521048714,0.23092647178953235
E18c,2,5500,26,3.0353788772489034,0.6999773664247545,0.23060625863588224
E18c,2,5500,27,3.127664590044428,0.5555999238481152,0.17764050711084176
E18c,2,5500,28,3.1701153783601455,0.7257251953499431,0.2289270606060244
E18c,2,5500,29,3.210057200883632,0.6931108982706485,0.21591855063512763
E18c,2,5500,30,3.214989703675467,0.7955737540808351,0.24745763669828016
E18c,2,5500,31,3.270357663037184,0.7210217651051263,0.2204718380666391
E18c,2,6000,0,0.7650917294734284,0.7662185056723803,1.0014727334717464
E18c,2,6000,1,1.0743464033409613,0.8130515361414311,0.7567871345899558
E18c,2,6000,2,1.3569272504100378,0.690590337835916,0.5089368922521326
E18c,2,6000,3,1.501950953700749,0.640465839293449,0.42642260568853196
E18c,2,6000,4,1.6699293266652915,0.58927526304992,0.3528743723703883
E18c,2,6000,5,1.817638129215547,0.6215797124766015,0.3419711011150837
E18c,2,6000,6,2.045980497891736,0.7469204172306377,0.3650672222928302
E18c,2,6000,7,2.1377773032296554,0.6790186840984543,0.3176283530902046
E18c,2,6000,8,2.17891790969195,0.7280746463736053,0.3341450557338981
E18c,2,6000,9,2.272770678865384,0.7510850765228387,0.3304711221009753
E18c,2,6000,10,2.29440350729268,0.649682480923764,0.28315964426430285
E18c,2,6000,11,2.3872420356351935,0.5400783461079172,0.22623526984108838
E18c,2,6000,12,2.416163368645617,0.7307803636131228,0.3024548642266531
E18c,2,6000,13,2.455018956058365,0.6093403562370252,0.24820189462624212
E18c,2,6000,14,2.440806209874905,0.6394475986798711,0.26198212545216515
E18c,2,6000,15,2.4259673411261455,0.837634269567757,0.345278460829948
E18c,2,6000,16,2.3961996797366023,0.6656738887644408,0.27780401374463654
E18c,2,6000,17,2.487436251772892,0.7101469800895756,0.2854935396167143
E18c,2,6000,18,2.6586556208070404,0.7291970559834005,0.27427285063796686
E18c,2,6000,19,2.752136111027185,0.6866133028220199,0.24948377373884825
E18c,2,6000,20,2.774879377958283,0.6994517457230919,0.2520656397820573
E18c,2,6000,21,2.8788683230491654,0.66483703388161,0.2309369374620945
E18c,2,6000,22,2.888191284175052,0.6314694421609127,0.21863837261086327
E18c,2,6000,23,2.911541087752624,0.764936371684636,0.26272559741723556
E18c,2,6000,24,2.9698860791439747,0.6801499517892439,0.22901550216541872
E18c,2,6000,25,3.00336312923076,0.6915367097883557,0.23025411181813246
E18c,2,6000,26,3.045569942535605,0.6932253222266779,0.22761760041850476
E18c,2,6000,27,3.134309325316552,0.5610928850592878,0.17901643610195359
E18c,2,6000,28,3.1797841827931643,0.7349515126101729,0.23113251414584426
E18c,2,6000,29,3.2277935423125537,0.6867592719995117,0.21276431190437378
E18c,2,6000,30,3.2337353271796525,0.7821308421393534,0.24186606602139568
E18c,2,6000,31,3.287896403992113,0.7125020791261056,0.2167045404049217
E18c,2,6500,0,0.7669109207637775,0.7675614948532534,1.0008483046359908
E18c,2,6500,1,1.0776966295583936,0.8210958840870263,0.7618989069525862
E18c,2,6500,2,1.362504748842598,0.6884564763617953,0.5052873958396225
E18c,2,6500,3,1.5056165215151698,0.6465548505589686,0.429428636920317
E18c,2,6500,4,1.6779569106470318,0.5955133542628152,0.35490384197838615
E18c,2,6500,5,1.8253869966159453,0.6201079331720076,0.3397131316929591
E18c,2,6500,6,2.0542826840017936,0.745850724547069,0.363071124707206
E18c,2,6500,7,2.1501499904667285,0.6706162454728968,0.3118927742000583
E18c,2,6500,8,2.1858489177526566,0.7243834868989549,0.3313968687477804
E18c,2,6500,9,2.2738059619646522,0.7588497829987926,0.3337355058842041
E18c,2,6500,10,2.295960847357615,0.6408463004564088,0.27911900204829215
E18c,2,6500,11,2.38439119208717,0.5423006136559493,0.22743776921153946
E18c,2,6500,12,2.411469171201874,0.7239668056294154,0.30021814679413505
E18c,2,6500,13,2.445558302220323,0.6189283530381274,0.2530826406699044
E18c,2,6500,14,2.4329023125236917,0.6438441110413896,0.2646403465223883
E18c,2,6500,15,2.4127936248054143,0.8443300375537929,0.349938771751308
E18c,2,6500,16,2.3823968014322676,0.6675712699071674,0.2802099421497845
E18c,2,6500,17,2.470393239752091,0.7172463785191276,0.2903369257078702
E18c,2,6500,18,2.6390311449282575,0.733800533620621,0.27805679180060205
E18c,2,6500,19,2.73337434234936,0.6872707782742163,0.2514367562561888
E18c,2,6500,20,2.752862988003597,0.6879013403744136,0.24988578922094715
E18c,2,6500,21,2.8482157843069467,0.6704965114236229,0.2354093096168885
E18c,2,6500,22,2.855938322473429,0.6205885591376258,0.21729760557299277
E18c,2,6500,23,2.879867690191433,0.7600309667876517,0.2639117655912624
E18c,2,6500,24,2.933984176522131,0.6918285064394045,0.23579830865327986
E18c,2,6500,25,2.960882614747384,0.690408621768969,0.23317662724291188
E18c,2,6500,26,3.0015393075233203,0.6964972508156776,0.23204668653511085
E18c,2,6500,27,3.084443007885376,0.572956229916172,0.18575678929758463
E18c,2,6500,28,3.133672918751337,0.7319668973926522,0.23358114148183542
E18c,2,6500,29,3.175369727113867,0.7016407700680366,0.22096348783477465
E18c,2,6500,30,3.2000517199488936,0.7792688629066016,0.24351758380925384
E18c,2,6500,31,3.2577106512820238,0.7129960816070623,0.2188641527529381
E18c,2,7000,0,0.7671080685413411,0.7694136560754788,1.0030055576635009
E18c,2,7000,1,1.079243322524766,0.8247438881384771,0.7641871586558288
E18c,2,7000,2,1.3612541209053792,0.6929543798756133,0.5090558546222983
E18c,2,7000,3,1.5033880051431414,0.6505229204995991,0.43270461003688876
E18c,2,7000,4,1.6782137528927874,0.5930509058413892,0.353382222508384
E18c,2,7000,5,1.8304663369660938,0.6173277574862714,0.3372516309201628
E18c,2,7000,6,2.056956698763065,0.7428281626419537,0.36112970345396556
E18c,2,7000,7,2.151173179204469,0.6659559534507629,0.30957802927658373
E18c,2,7000,8,2.1863220927765714,0.7247085201612743,0.33147381282732846
E18c,2,7000,9,2.265487822476586,0.7532323274477115,0.33248129606995325
E18c,2,7000,10,2.285138760926803,0.6480101945268041,0.28357586226579307
E18c,2,7000,11,2.3714308723089212,0.5471180961346359,0.2307122263285455
E18c,2,7000,12,2.399356897365512,0.7280791253099356,0.30344761386243313
E18c,2,7000,13,2.4410874992844276,0.6134777161695266,0.251313284079067
E18c,2,7000,14,2.4281697495011896,0.6383537758463378,0.2628950368801327
E18c,2,7000,15,2.412843605132405,0.8461258797385147,0.35067580755698563
E18c,2,7000,16,2.381789439088368,0.6706504586707484,0.28157420117180487
E18c,2,7000,17,2.4719954974027263,0.7166654232455989,0.28991372516599817
E18c,2,7000,18,2.6406080030592363,0.7378731064770035,0.27943303421869203
E18c,2,7000,19,2.7362176715895834,0.6835518725982973,0.24981633577462914
E18c,2,7000,20,2.7549749706166935,0.6786098487793558,0.24632160219860397
E18c,2,7000,21,2.8472531249845647,0.6778648092494377,0.23807676363621955
E18c,2,7000,22,2.8446487397169276,0.6205035723528293,0.21813012049233746
E18c,2,7000,23,2.871716436489903,0.7654131101933856,0.2665350591261544
E18c,2,7000,24,2.9291263347416363,0.6986088968678079,0.23850418760767747
E18c,2,7000,25,2.960394866091086,0.6829321058440853,0.23068953188188399
E18c,2,7000,26,2.9978883460708934,0.6925165946862955,0.2310014632779519
E18c,2,7000,27,3.0763448323750224,0.5756698765487215,0.18712787672254821
E18c,2,7000,28,3.1277382349119147,0.7366611709103084,0.235525199227887
E18c,2,7000,29,3.169946548654688,0.7029159040253636,0.22174377177548255
E18c,2,7000,30,3.194415476983056,0.7770014217363567,0.24323743336924675
E18c,2,7000,31,3.2580085178312257,0.7151571092549303,0.2195074400023338
E18c,2,7500,0,0.7668330900711049,0.7763808585555457,1.012450908298122
E18c,2,7500,1,1.0882581753583307,0.8244404840310094,0.7575780294593661
E18c,2,7500,2,1.3722339320811678,0.6943018696487647,0.5059646561834886
E18c,2,7500,3,1.5172254097324696,0.653613071735549,0.4307949679347907
E18c,2,7500,4,1.6938046268643145,0.5901796861306277,0.3484343334350244
E18c,2,7500,5,1.8430021927869573,0.6081460108823892,0.3299757391838807
E18c,2,7500,6,2.0647611944726196,0.7476215005185801,0.3620861833901025
E18c,2,7500,7,2.157624768331798,0.6617421220111099,0.30669935371697943
E18c,2,7500,8,2.1880921038581023,0.7273759046786361,0.33242471987175837
E18c,2,7500,9,2.2671904576787205,0.7593229633828269,0.3349180307331856
E18c,2,7500,10,2.291015895530253,0.6544523936415139,0.28566034610163266
E18c,2,7500,11,2.3731850286030465,0.5535859554063856,0.2332670856819996
E18c,2,7500,12,2.395419503146961,0.7274882329346841,0.30369972022810743
E18c,2,7500,13,2.430282732027073,0.6138006718769733,0.2525634831651907
E18c,2,7500,14,2.422286509406281,0.6447876458381878,0.26618966969197616
E18c,2,7500,15,2.4083337089627093,0.851541052128451,0.3535810045590473
E18c,2,7500,16,2.3646417678970577,0.6699021510462726,0.28329963554777066
E18c,2,7500,17,2.453286995903704,0.7086790751039986,0.28886920946766215
E18c,2,7500,18,2.612024012310176,0.7351124928614867,0.2814340486140189
E18c,2,7500,19,2.708179131255461,0.6807468413238209,0.2513669917426176
E18c,2,7500,20,2.72808898449554,0.6745178791991091,0.2472492220864403
E18c,2,7500,21,2.8242812046425434,0.677867797717602,0.24001427216359522
E18c,2,7500,22,2.8276024228565904,0.625083091360665,0.22106470354809418
E18c,2,7500,23,2.8512873629157953,0.7650458224520106,0.26831593069232285
E18c,2,7500,24,2.909572371759709,0.6991279975146467,0.24028548122754348
E18c,2,7500,25,2.9355765276426564,0.680450364927715,0.23179445622360736
E18c,2,7500,26,2.979147793761728,0.6810032520155642,0.2285899522815117
E18c,2,7500,27,3.0554769678649394,0.5794923296061463,0.18965691304525698
E18c,2,7500,28,3.094893722068457,0.739786188950132,0.23903444039936195
E18c,2,7500,29,3.1349464055107106,0.710087294668894,0.22650699655365064
E18c,2,7500,30,3.156076337319179,0.7791833123836532,0.24688354434592158
E18c,2,7500,31,3.2181367861049335,0.7132575743123596,0.22163681090002693
E18c,2,8000,0,0.7677357079170088,0.7696558517730427,1.0025010479989833
E18c,2,8000,1,1.0836920076876648,0.8223560876235702,0.7588466850265677
E18c,2,8000,2,1.365107364722673,0.6897156530427213,0.505246452305852
E18c,2,8000,3,1.507474777087223,0.6535006584243543,0.4335068608491501
E18c,2,8000,4,1.6867095434733883,0.5945304716284717,0.3524794615225652
E18c,2,8000,5,1.836859926585961,0.6095530102983626,0.33184512410333583
E18c,2,8000,6,2.0613588025425336,0.7536302193093514,0.3655987586342583
E18c,2,8000,7,2.161245191584885,0.6549938723579212,0.303063194730627
E18c,2,8000,8,2.1909837171857527,0.7235338881268515,0.33023243507085814
E18c,2,8000,9,2.272168171710847,0.7548906864096803,0.3322336329714888
E18c,2,8000,10,2.296655799839725,0.6459177874877868,0.28124274762150386
E18c,2,8000,11,2.374202033805309,0.5464983052137405,0.23018188740148088
E18c,2,8000,12,2.3983064507836014,0.7296916323185821,0.3042528748067909
E18c,2,8000,13,2.4332138939831847,0.6105592884562024,0.2509270927500391
E18c,2,8000,14,2.420548008229319,0.6417528057529874,0.26512707187429135
E18c,2,8000,15,2.4096049656580707,0.8441076640759203,0.3503095636447578
E18c,2,8000,16,2.364479963965891,0.6613545313936946,0.2797040116527014
E18c,2,8000,17,2.452446127011232,0.7155741035631036,0.29177974418348
E18c,2,8000,18,2.6112106343629886,0.7415712807383577,0.2839951978516914
E18c,2,8000,19,2.703109445254177,0.68115474973793,0.2519893343326615
E18c,2,8000,20,2.7257073705523553,0.6665688683287013,0.2445489473778777
E18c,2,8000,21,2.819101100632774,0.6804175859169108,0.24135976739684314
E18c,2,8000,22,2.8198909800388186,0.6271985782978831,0.2224194420059633
E18c,2,8000,23,2.845441619040351,0.7501432732579988,0.26362982400988105
E18c,2,8000,24,2.897489064920911,0.6961339405331891,0.24025420801793104
E18c,2,8000,25,2.926136022971379,0.6777974791210769,0.23163567031747195
E18c,2,8000,26,2.96956351982505,0.6883348981273857,0.23179665749932787
E18c,2,8000,27,3.0438420553865524,0.5804659254717234,0.19070172331856003
E18c,2,8000,28,3.0751286564964446,0.7399324904868443,0.2406183848352752
E18c,2,8000,29,3.1180277101641707,0.7054647536703337,0.22625352281849653
E18c,2,8000,30,3.134682388656862,0.7689925656312,0.24531753788322244
E18c,2,8000,31,3.1910892974320717,0.709512548425034,0.22234180315668126
E18c,2,8500,0,0.7673564856739782,0.7672363603987972,0.9998434557113628
E18c,2,8500,1,1.0820437812345194,0.8266553431895408,0.7639758737362714
E18c,2,8500,2,1.3711579804461274,0.6905974681274186,0.5036600289506553
E18c,2,8500,3,1.5181083239337223,0.6476776378012342,0.4266346660447602
E18c,2,8500,4,1.6910792880004644,0.5937774238821314,0.3511233495055191
E18c,2,8500,5,1.839811866392762,0.6114693303932118,0.33235427032661374
E18c,2,8500,6,2.0668765784738903,0.7565263390422522,0.36602395465763365
E18c,2,8500,7,2.163550930010987,0.6473302644682178,0.2991980708607264
E18c,2,8500,8,2.1995628391342366,0.7288265373947027,0.3313506322381651
E18c,2,8500,9,2.2846855848793513,0.7563400617323598,0.3310477672455312
E18c,2,8500,10,2.3139401138647386,0.647100576931586,0.27965312198629017
E18c,2,8500,11,2.3923845309896152,0.5412694275320991,0.22624683470436993
E18c,2,8500,12,2.406843811591844,0.7150293423829588,0.2970817378922694
E18c,2,8500,13,2.443603573947949,0.6068130537129263,0.2483271264546988
E18c,2,8500,14,2.429764212637916,0.6372591156251827,0.2622719983735916
E18c,2,8500,15,2.422843412924509,0.8646603968405011,0.3568783654065399
E18c,2,8500,16,2.3769233046465197,0.6679468059789664,0.2810131924211577
E18c,2,8500,17,2.4730706568586274,0.7184556637367219,0.29051157990339305
E18c,2,8500,18,2.6313424803856647,0.7428722964248226,0.2823168409138224
E18c,2,8500,19,2.722699337935241,0.6840524789839975,0.2512405499399536
E18c,2,8500,20,2.7405617417330554,0.6646103004310524,0.2425087858122004
E18c,2,8500,21,2.829461757538052,0.6822555333480126,0.24112555383736697
E18c,2,8500,22,2.8304497962143227,0.6302000826070963,0.22265015385539708
E18c,2,8500,23,2.8557356187812037,0.7466489222880082,0.26145589857042495
E18c,2,8500,24,2.906859645570281,0.7150873956423413,0.24599997345315658
E18c,2,8500,25,2.9381370127950888,0.685531079609927,0.23332168534842157
E18c,2,8500,26,2.983217234086234,0.6840152128570046,0.22928776524935837
E18c,2,8500,27,3.0540134859137806,0.5834019582943214,0.1910279574681589
E18c,2,8500,28,3.081114150219342,0.7313531150342667,0.23736644583005864
E18c,2,8500,29,3.11573026825179,0.7060465279605098,0.2266070767276869
E18c,2,8500,30,3.1366284096041186,0.7623595814047397,0.2430506524363716
E18c,2,8500,31,3.188325315759999,0.7042936833284569,0.22089768564302695
E18c,2,9000,0,0.767437938827462,0.7776095040283416,1.0132539254137218
E18c,2,9000,1,1.0901437337586586,0.8252737270274734,0.7570320329981153
E18c,2,9000,2,1.3769394504401051,0.6853844263566118,0.49775930679997976
E18c,2,9000,3,1.5189565263638298,0.6456234513115923,0.4250440615684537
E18c,2,9000,4,1.6869222988381973,0.5902805768862188,0.34991568805080814
E18c,2,9000,5,1.840469380112601,0.6097280120657433,0.33128940837279225
E18c,2,9000,6,2.0568647067205177,0.7562521936040815,0.3676723078251735
E18c,2,9000,7,2.148753971920102,0.646275816133411,0.3007677121619961
E18c,2,9000,8,2.182729739441189,0.7290411914200217,0.3340043333109426
E18c,2,9000,9,2.264184369233507,0.7637238292437043,0.337306378235553
E18c,2,9000,10,2.3032358195454123,0.6505723670591806,0.282460163886989
E18c,2,9000,11,2.3876127580554405,0.5565306836368459,0.23309084848838926
E18c,2,9000,12,2.4032951074014512,0.7066914087153846,0.2940510329085181
E18c,2,9000,13,2.437852993612159,0.6009477959438645,0.24650698689318506
E18c,2,9000,14,2.4230208753256304,0.6381576719492044,0.26337275029190255
E18c,2,9000,15,2.4205073298959277,0.8697311058538861,0.35931769142433506
E18c,2,9000,16,2.3667640995865757,0.663731785800029,0.28043850501026657
E18c,2,9000,17,2.4512645318125634,0.7073421636491294,0.2885621500532593
E18c,2,9000,18,2.602098113090989,0.7525103449366665,0.2891936861069285
E18c,2,9000,19,2.6935438833553813,0.6789923976137872,0.252081431384722
E18c,2,9000,20,2.705798171605298,0.6618941872134271,0.2446206794576766
E18c,2,9000,21,2.7903608776982436,0.6799247181450442,0.24366909799348646
E18c,2,9000,22,2.7947283632130437,0.6265363276232264,0.224185053499407
E18c,2,9000,23,2.8276667454550255,0.7510064810055465,0.26559228813390284
E18c,2,9000,24,2.879231512275044,0.7110482704094493,0.24695765775625655
E18c,2,9000,25,2.909942405559645,0.6839022077381011,0.23502259234803372
E18c,2,9000,26,2.950523606958548,0.6814650120712801,0.23096409412353297
E18c,2,9000,27,3.024123086544356,0.5849262565972747,0.19342012208427198
E18c,2,9000,28,3.0567926624227373,0.7385432810304271,0.24160725393951848
E18c,2,9000,29,3.0907144942497404,0.7154214358933031,0.23147444942725745
E18c,2,9000,30,3.118248472101865,0.7564990448661668,0.24260383726132198
E18c,2,9000,31,3.1685583503341306,0.6970678412486694,0.21999526730355534
E18c,2,9500,0,0.7658071381856355,0.7774210686098199,1.0151656074291764
E18c,2,9500,1,1.0886621634424405,0.8225322824315929,0.7555441073020094
E18c,2,9500,2,1.3717045252717703,0.6799000531494647,0.4956607203834651
E18c,2,9500,3,1.5138560014526026,0.6440879543250413,0.4254618363351695
E18c,2,9500,4,1.6837639027668314,0.6092885250154577,0.3618610210221571
E18c,2,9500,5,1.8467928164929817,0.6127056527611602,0.33176740091759427
E18c,2,9500,6,2.0642259049186067,0.7589340373354131,0.3676603590367878
E18c,2,9500,7,2.160212492028477,0.6389433271144446,0.2957779984479516
E18c,2,9500,8,2.18638032247398,0.7354017295408848,0.3363558123816021
E18c,2,9500,9,2.266972743498107,0.765024427028265,0.3374652073883233
E18c,2,9500,10,2.298852286428018,0.6596028375026931,0.28692702066890574
E18c,2,9500,11,2.375071550130414,0.5587300137554271,0.23524765547578874
E18c,2,9500,12,2.3892192682966034,0.7028754634931256,0.294186252731103
E18c,2,9500,13,2.4216507740531963,0.597369587706905,0.2466786681661237
E18c,2,9500,14,2.405692686486434,0.6372351684091278,0.26488635559674223
E18c,2,9500,15,2.3961280759825057,0.8623457467137929,0.35989134110045334
E18c,2,9500,16,2.353462986196456,0.6686771970309924,0.28412479862777595
E18c,2,9500,17,2.4380768260927494,0.7002108591496701,0.28719802905957836
E18c,2,9500,18,2.581730971537424,0.7515779136355825,0.2911139549091038
E18c,2,9500,19,2.6775046347010902,0.6838953276060281,0.25542264941116577
E18c,2,9500,20,2.69203477151745,0.6608543296303491,0.24548506454017224
E18c,2,9500,21,2.7697963684876274,0.6895199331629837,0.2489424641492607
E18c,2,9500,22,2.7836745215576353,0.6370991010022744,0.22886982514240878
E18c,2,9500,23,2.821034979461926,0.7515709643317233,0.2664167476842401
E18c,2,9500,24,2.8689594174522104,0.7139886615915354,0.2488667693409186
E18c,2,9500,25,2.898013780134301,0.6842391603315969,0.23610624801787095
E18c,2,9500,26,2.932663468810855,0.6877957437748463,0.23452937955193875
E18c,2,9500,27,3.0076984654243284,0.5914177539066806,0.19663465626805876
E18c,2,9500,28,3.040961370545819,0.7386953600379851,0.24291507521037578
E18c,2,9500,29,3.0824729501004158,0.7131356278419745,0.2313517877971137
E18c,2,9500,30,3.0987442938247822,0.7605260974334866,0.24543041481321093
E18c,2,9500,31,3.151114777544034,0.7071396812293946,0.22440936974708883
E18c,2,10000,0,0.7658242604465335,0.7808260653084006,1.019589095875756
E18c,2,10000,1,1.0904021341317172,0.8156200014608967,0.7479992710307484
E18c,2,10000,2,1.3691278724507137,0.6790499431547171,0.49597262375444173
E18c,2,10000,3,1.5103744384394366,0.6391784373069452,0.42319203837120234
E18c,2,10000,4,1.679220409635182,0.6104101718095828,0.36350807095192295
E18c,2,10000,5,1.8433363487628203,0.6176036248836289,0.335046626351258
E18c,2,10000,6,2.060066104749484,0.7578640687990953,0.36788337376739466
E18c,2,10000,7,2.160590266092308,0.6404939160048,0.2964439514777652
E18c,2,10000,8,2.185705767307332,0.7430598761649031,0.33996335978941555
E18c,2,10000,9,2.2728162491285784,0.764662615770387,0.33643837950541167
E18c,2,10000,10,2.3066216307769394,0.6608680396100031,0.28650907924911934
E18c,2,10000,11,2.3794121077730153,0.5527894304608418,0.23232185322374402
E18c,2,10000,12,2.3885703518344816,0.6983145524135288,0.292356702777126
E18c,2,10000,13,2.4225116860173017,0.5910872102796861,0.24399767138025874
E18c,2,10000,14,2.4057713642336047,0.6323614673281777,0.262851855637423
E18c,2,10000,15,2.393801977998371,0.857606827733974,0.3582613915504742
E18c,2,10000,16,2.346660681091048,0.6747412993250912,0.28753253709069665
E18c,2,10000,17,2.4337267972059204,0.6956967423584826,0.2858565485481725
E18c,2,10000,18,2.5744185753246764,0.747334582178487,0.2902925691033891
E18c,2,10000,19,2.6696079007232036,0.6849069973080295,0.25655715100426785
E18c,2,10000,20,2.6869742406143953,0.6519898093338851,0.24264832891915
E18c,2,10000,21,2.7671411515895894,0.6914189222994723,0.2498676014059801
E18c,2,10000,22,2.7810220981918095,0.6413941432079956,0.23063252306589838
E18c,2,10000,23,2.8224854374538975,0.7510239080709294,0.26608601699231854
E18c,2,10000,24,2.872638033283637,0.7080624577546974,0.24648509472853072
E18c,2,10000,25,2.895237582077485,0.6823588989464092,0.23568321410665746
E18c,2,10000,26,2.926903608944164,0.6885427792983954,0.23524614107356162
E18c,2,10000,27,3.002050647603713,0.5962798624988785,0.1986241847634513
E18c,2,10000,28,3.034439113415065,0.7352163957188745,0.24229070620284618
E18c,2,10000,29,3.0729897856255373,0.7036203730763274,0.22896931723224018
E18c,2,10000,30,3.0928027438824968,0.7496240610563207,0.24237693869712915
E18c,2,10000,31,3.1428092341313865,0.7103148372812912,0.2260127116743721
E18c,2,10500,0,0.7660161445259005,0.7798279883422398,1.018030747674238
E18c,2,10500,1,1.088915420905455,0.8134996100650288,0.7470732753408778
E18c,2,10500,2,1.3635547418858858,0.6704386332394551,0.49168442794764106
E18c,2,10500,3,1.5034130297698327,0.6424558920686687,0.4273315977360037
E18c,2,10500,4,1.6737330271348618,0.6075103184382402,0.36296727649462207
E18c,2,10500,5,1.8371993022126345,0.6230905021013994,0.3391523725003483
E18c,2,10500,6,2.053981084779264,0.7537688051478687,0.3669794287462361
E18c,2,10500,7,2.1578351800149287,0.6392123913411887,0.29622855223667566
E18c,2,10500,8,2.180514612522406,0.7428551617976125,0.34067882761779894
E18c,2,10500,9,2.2626939385621574,0.7661465544243096,0.3385992870565438
E18c,2,10500,10,2.2910631840651963,0.6464726761584823,0.2821714742111127
E18c,2,10500,11,2.3560363352590583,0.5624156707757393,0.23871264732167163
E18c,2,10500,12,2.3678557591728744,0.6963517353992705,0.29408536930582124
E18c,2,10500,13,2.4015407689762185,0.5980952922248515,0.2490464871349324
E18c,2,10500,14,2.3867652428511,0.6318364350564689,0.2647250025736555
E18c,2,10500,15,2.3749256040823576,0.8504727153228901,0.35810499236733034
E18c,2,10500,16,2.3388317555380302,0.6763365041379268,0.2891770656595779
E18c,2,10500,17,2.429054707523239,0.6938348518499936,0.28563986216574566
E18c,2,10500,18,2.565726248965398,0.739229110610338,0.28811690682450025
E18c,2,10500,19,2.658348028012509,0.69303919135319,0.2607029568928696
E18c,2,10500,20,2.679834017512127,0.6558968791372524,0.24475279993130555
E18c,2,10500,21,2.762225478457216,0.6911333954145623,0.25020889887692316
E18c,2,10500,22,2.772630901263347,0.6449021363977614,0.2325957400618713
E18c,2,10500,23,2.81575311867328,0.7510270305552474,0.26672332370854823
E18c,2,10500,24,2.862822902142601,0.7110252796321023,0.248365094152333
E18c,2,10500,25,2.8926320807453263,0.6780678855354708,0.2344120740584324
E18c,2,10500,26,2.9229556991979044,0.6937021856301455,0.23732901111724206
E18c,2,10500,27,2.9987061062458524,0.5919051385608047,0.19738684538906817
E18c,2,10500,28,3.0398204136271163,0.7334219738325342,0.2412714812180021
E18c,2,10500,29,3.078519689362611,0.6985219927661639,0.2269019084658798
E18c,2,10500,30,3.1056638491444906,0.7576401658993431,0.24395433720492588
E18c,2,10500,31,3.1505359951340597,0.7152629456255412,0.2270289711751431
E18c,2,11000,0,0.7648988256073475,0.779094358484271,1.0185587065918842
E18c,2,11000,1,1.085267419681839,0.8128770964453448,0.749010872070269
E18c,2,11000,2,1.361252296961088,0.6691738424051471,0.4915869335163191
E18c,2,11000,3,1.4976564469926736,0.6447391551855498,0.430498701140839
E18c,2,11000,4,1.6711831317842845,0.6042833826833163,0.36159016399246235
E18c,2,11000,5,1.8340881115782746,0.628273065249074,0.3425533709546979
E18c,2,11000,6,2.055532884419375,0.7590251120776059,0.3692595325673942
E18c,2,11000,7,2.1606516306725907,0.6392175692361192,0.29584480911304367
E18c,2,11000,8,2.1819431531694597,0.740978949032551,0.33959590008393
E18c,2,11000,9,2.2628453121035674,0.7638995694194544,0.33758364539258956
E18c,2,11000,10,2.287316717054056,0.6459004179278643,0.28238346404417064
E18c,2,11000,11,2.350734920290906,0.5675280604588944,0.24142580074007758
E18c,2,11000,12,2.3616280933836955,0.6915372188545922,0.29282223597864254
E18c,2,11000,13,2.3961026651152677,0.6011701904478185,0.250895005126543
E18c,2,11000,14,2.378350465002201,0.6378994623659782,0.26821087629967433
E18c,2,11000,15,2.3695366136097906,0.8538103681098612,0.36032799122236503
E18c,2,11000,16,2.3358045950412185,0.6832118713225649,0.29249530237802646
E18c,2,11000,17,2.424260663599766,0.6942581543960482,0.28637933404617866
E18c,2,11000,18,2.5635020199046425,0.7390995679391622,0.28831635871566635
E18c,2,11000,19,2.6486568576605616,0.7020417499126513,0.2650557575558251
E18c,2,11000,20,2.6654143057990125,0.6474584095954007,0.24291098317689555
E18c,2,11000,21,2.748566429529899,0.679550624349371,0.2472382028130926
E18c,2,11000,22,2.759848990764673,0.638172070286405,0.23123441623868932
E18c,2,11000,23,2.811331176058844,0.7420777808274933,0.26395957443469864
E18c,2,11000,24,2.855440848958859,0.6988347802950287,0.24473796420956695
E18c,2,11000,25,2.8872789547750815,0.6786013851076521,0.23503145894003685
E18c,2,11000,26,2.9150260519024935,0.6956374030188754,0.23863848577437832
E18c,2,11000,27,2.9859511592426875,0.5974646931899652,0.2000919175588583
E18c,2,11000,28,3.026101514693533,0.7392720821824064,0.24429850703712291
E18c,2,11000,29,3.066948093204263,0.7010451094810322,0.2285806893942569
E18c,2,11000,30,3.0868503432595613,0.7506957361405465,0.24319149056894315
E18c,2,11000,31,3.1303592489656555,0.7085029252446067,0.22633278448111435
E18c,2,11500,0,0.7657302793668908,0.7830176999062244,1.0225763836237833
E18c,2,11500,1,1.0892887475313673,0.8095406418907907,0.7431827820910075
E18c,2,11500,2,1.3647944002833554,0.6705414930467503,0.49131319186797223
E18c,2,11500,3,1.5013663309640988,0.6421227703257073,0.4276922674250792
E18c,2,11500,4,1.6710837438645496,0.6040264876166385,0.3614579399951353
E18c,2,11500,5,1.8338891640777886,0.6330515358027349,0.34519618099225685
E18c,2,11500,6,2.058292055885174,0.7562964118782382,0.36743882371590403
E18c,2,11500,7,2.1550515321825094,0.6336389575032854,0.29402496786773963
E18c,2,11500,8,2.183828442831467,0.7304880840939276,0.33449884146888625
E18c,2,11500,9,2.262388065747722,0.7639560961897859,0.3376768591365856
E18c,2,11500,10,2.2789179070468437,0.6574104991477319,0.2884748490127243
E18c,2,11500,11,2.346474912163552,0.5695984939857061,0.24274646663940314
E18c,2,11500,12,2.359874775869304,0.6886716539103376,0.2918255074177199
E18c,2,11500,13,2.3945921807690995,0.6017212529386741,0.2512833950478416
E18c,2,11500,14,2.384106850887396,0.6242285301777882,0.261829091236176
E18c,2,11500,15,2.3758398719532368,0.8581524440598712,0.3611996137409559
E18c,2,11500,16,2.340275788602109,0.6884319568515407,0.2941670209145539
E18c,2,11500,17,2.4338868698894993,0.6902735823086112,0.28360955919859593
E18c,2,11500,18,2.570034934737791,0.7414473356613852,0.28849698719641403
E18c,2,11500,19,2.6604730154944565,0.7007931472915832,0.263409229565645
E18c,2,11500,20,2.6746751775754327,0.637315652001235,0.23827777568824468
E18c,2,11500,21,2.7529019342417076,0.6821155973884934,0.2477805652660793
E18c,2,11500,22,2.7658595341667036,0.6431600217641682,0.23253531635254898
E18c,2,11500,23,2.8158432781499174,0.7427146960616436,0.26376279597123975
E18c,2,11500,24,2.8616606945730596,0.7047328114418709,0.246267075890006
E18c,2,11500,25,2.893311825428523,0.6775755420707074,0.23418683603878504
E18c,2,11500,26,2.9237651863710368,0.6926600428108489,0.2369068644909119
E18c,2,11500,27,2.994568852451321,0.596647638050798,0.1992432525177669
E18c,2,11500,28,3.0385606987995346,0.7278190156241731,0.23952755523749045
E18c,2,11500,29,3.0797571582621956,0.6998493820396471,0.2272417421490949
E18c,2,11500,30,3.0970713624770525,0.7480118096033944,0.2415223035109953
E18c,2,11500,31,3.1378517498786467,0.7069014343063551,0.22528197335444347
E18c,2,12000,0,0.7676068343859622,0.7909926136603758,1.0304658299363902
E18c,2,12000,1,1.0944044092250775,0.8146465099206063,0.7443742944141084
E18c,2,12000,2,1.3722600937887452,0.6614571956244242,0.4820202807167351
E18c,2,12000,3,1.5011132390444426,0.6417195157188587,0.42749574051279127
E18c,2,12000,4,1.6727794890560639,0.6040400820723127,0.361099646441246
E18c,2,12000,5,1.8373612573469398,0.6393169987667504,0.34795389105455127
E18c,2,12000,6,2.066101592478217,0.7501938005039345,0.36309627911573467
E18c,2,12000,7,2.164081789428878,0.6349525666944178,0.29340506897476726
E18c,2,12000,8,2.1889959459372497,0.7373710853481469,0.3368535637156838
E18c,2,12000,9,2.2677080374450593,0.7680278761747932,0.33868022844779483
E18c,2,12000,10,2.279764102893346,0.660766538253674,0.28983987308821424
E18c,2,12000,11,2.3491444713154035,0.5692111348555713,0.242305716743271
E18c,2,12000,12,2.3572788797546913,0.6845381439452346,0.29039336407089456
E18c,2,12000,13,2.381812718807671,0.6052560793485939,0.25411573066566856
E18c,2,12000,14,2.3642093184265063,0.6203348744532416,0.2623857666148207
E18c,2,12000,15,2.356061700246156,0.8628409676322633,0.3662217197207168
E18c,2,12000,16,2.3221006568796723,0.6854057508176844,0.29516625336073926
E18c,2,12000,17,2.4145255293892576,0.691164438119278,0.2862526942484243
E18c,2,12000,18,2.5478389089571873,0.7427777786730003,0.2915324732900849
E18c,2,12000,19,2.6380281316881136,0.7032768548982418,0.26659187081837693
E18c,2,12000,20,2.659899462493525,0.6404482279032329,0.24077911099047486
E18c,2,12000,21,2.736914262926929,0.6748039562465721,0.24655648347746148
E18c,2,12000,22,2.7412883890154647,0.6344904544131187,0.23145702471712445
E18c,2,12000,23,2.78893312719323,0.7378545861935291,0.26456517691268655
E18c,2,12000,24,2.845712394996026,0.6878891103103062,0.2417282616190969
E18c,2,12000,25,2.875869502533686,0.690015010945844,0.23993265700614372
E18c,2,12000,26,2.9203053933110934,0.6904171399853237,0.23641949967517495
E18c,2,12000,27,2.9913158201972774,0.5933646360643996,0.19836241698653778
E18c,2,12000,28,3.0379383973274927,0.7207174704164496,0.23723900097858225
E18c,2,12000,29,3.0734548647465694,0.7061906978391619,0.22977096749959686
E18c,2,12000,30,3.092186892474105,0.7524854843244686,0.2433505834191004
E18c,2,12000,31,3.120409476799854,0.7153981821484019,0.229264199928684
E18d,0,0,0,0.8040786493652522,0.7334732255227359,0.9121908983676498
E18d,0,0,1,1.0697882273441024,0.6916001842542556,0.6464832633008581
E18d,0,0,2,1.2412326217788525,0.6870696957625666,0.5535382197560227
E18d,0,0,3,1.4020658006896423,0.7223461142344844,0.5152012936048934
E18d,0,0,4,1.536091921655755,0.6620908494755333,0.4310229356338682
E18d,0,0,5,1.7224741051077244,0.6485043301149329,0.376495837117026
E18d,0,0,6,1.9211534129388221,0.6994016387433093,0.36405298714454165
E18d,0,0,7,2.025118895915889,0.6229645321795142,0.3076187444776024
E18d,0,0,8,2.092428152105386,0.8237450504884224,0.39367901337954
E18d,0,0,9,2.3794364221689936,0.5987867563320174,0.25165066431411043
E18d,0,0,10,2.5789036442319957,0.7578157895534986,0.2938519208534362
E18d,0,0,11,2.7486607894743464,0.7374443942272416,0.26829225237657295
E18d,0,0,12,3.018528497487293,0.7751763040829351,0.25680602476611153
E18d,0,0,13,3.17139328660567,0.6790465818423163,0.21411616929072116
E18d,0,0,14,3.2496043825967975,0.6838400517804459,0.2104379399051589
E18d,0,0,15,3.2789988358212976,0.8023948414723217,0.24470726634806633
E18d,0,500,0,0.802078167449726,0.6848888446730533,0.8538928903285251
E18d,0,500,1,1.0375374475587724,0.7323212036655051,0.7058262864522025
E18d,0,500,2,1.2281840387841103,0.6944771617810264,0.56545040470364
E18d,0,500,3,1.4080438842381697,0.7218494948873173,0.5126612195598421
E18d,0,500,4,1.5433275593609588,0.6771185063320523,0.43873933451458924
E18d,0,500,5,1.7399107184515308,0.6944849259363317,0.39914974864595515
E18d,0,500,6,1.9237913191259017,0.7472557969929026,0.38842871862652306
E18d,0,500,7,2.0613199803520406,0.6553995403812457,0.3179513838842788
E18d,0,500,8,2.073904281402859,0.8023504298762311,0.38687920029438105
E18d,0,500,9,2.2894011429679133,0.6380633294160819,0.27870315841151155
E18d,0,500,10,2.5010644560446202,0.7330290469788682,0.2930868275734636
E18d,0,500,11,2.665708192552585,0.7044312456011633,0.2642566983022345
E18d,0,500,12,2.8890731420730487,0.8010045552336591,0.27725312439092487
E18d,0,500,13,3.0366232153764776,0.7075285149103063,0.23299845411429737
E18d,0,500,14,3.097484248309645,0.6819169842914602,0.22015188121250173
E18d,0,500,15,3.1380157217491753,0.7852117485859962,0.2502255623334825
E18d,0,1000,0,0.8027412533828723,0.6575380084731574,0.8191157557957728
E18d,0,1000,1,1.0108537028709192,0.7513519791417937,0.7432845890635645
E18d,0,1000,2,1.2306017823787896,0.69465363949387,0.5644828810105281
E18d,0,1000,3,1.3983043154102488,0.6532200649091687,0.4671515761699701
E18d,0,1000,4,1.5126669700801476,0.6745213815635961,0.44591532366695164
E18d,0,1000,5,1.653001824874854,0.7049762442277631,0.4264824355418577
E18d,0,1000,6,1.794684194635419,0.7500240208442384,0.4179142063468174
E18d,0,1000,7,1.9312779359480148,0.6565194645905738,0.33994043652153316
E18d,0,1000,8,1.939594645147355,0.7833118417374676,0.40385337405278193
E18d,0,1000,9,2.143156057507748,0.6447519542769664,0.3008422797856079
E18d,0,1000,10,2.3139113347421367,0.7101930912002536,0.306923208567712
E18d,0,1000,11,2.396790805037449,0.6808728401081605,0.28407687424248196
E18d,0,1000,12,2.558860292063958,0.7204790872688934,0.2815624946400494
E18d,0,1000,13,2.641256015080109,0.7147680048743107,0.2706167068975447
E18d,0,1000,14,2.7236460282001445,0.7599131976380982,0.2790058582393206
E18d,0,1000,15,2.799310512508174,0.7873647970911157,0.2812709749679178
E18d,0,1500,0,0.7989907365501691,0.6640371969090408,0.8310949883801882
E18d,0,1500,1,1.0149418907297836,0.7666441096367005,0.7553576383426768
E18d,0,1500,2,1.2500950299392652,0.7006190970858762,0.56045266984216
E18d,0,1500,3,1.4104439594076255,0.6903083006662185,0.48942625196972883
E18d,0,1500,4,1.522467438559074,0.697772005149289,0.4583165376657837
E18d,0,1500,5,1.6517630190134167,0.7258709509793769,0.43945223535330946
E18d,0,1500,6,1.7715741524749689,0.7577762855698439,0.4277417823641174
E18d,0,1500,7,1.894955898039156,0.669713869034381,0.3534192377391901
E18d,0,1500,8,1.8963881501118143,0.7597263424898498,0.40061753309577214
E18d,0,1500,9,2.075611841140666,0.640385136429179,0.308528369195105
E18d,0,1500,10,2.2119717884818986,0.7263868128407857,0.3283888233218893
E18d,0,1500,11,2.270542605324486,0.6855905241078224,0.30195008122732137
E18d,0,1500,12,2.418765968337358,0.6832650591592925,0.2824849812274165
E18d,0,1500,13,2.470625654152455,0.72540852198867,0.29361328810354337
E18d,0,1500,14,2.5541158474557606,0.7650979785882389,0.2995549240064339
E18d,0,1500,15,2.604927928981858,0.7644380328341842,0.2934584194553768
E18d,0,2000,0,0.8026584828736075,0.6715813754954324,0.8366962909195149
E18d,0,2000,1,1.0117891471439269,0.7721048528357608,0.7631084549733058
E18d,0,2000,2,1.2508486460048054,0.7034834791463076,0.5624049571410776
E18d,0,2000,3,1.4047655962316756,0.7094999942743717,0.5050664653075403
E18d,0,2000,4,1.5057884726993351,0.6749849203416057,0.44826011925274034
E18d,0,2000,5,1.6207648548250932,0.7281485263487175,0.4492622876051298
E18d,0,2000,6,1.7419376089247944,0.7905724758941461,0.4538466084225167
E18d,0,2000,7,1.8632187276321686,0.6552544012657906,0.3516787329088875
E18d,0,2000,8,1.8370001808141065,0.7671577133964123,0.41761439188124067
E18d,0,2000,9,2.007785882254788,0.6452619644026041,0.32137986929062407
E18d,0,2000,10,2.1188942657217447,0.7254553626946791,0.3423744990161518
E18d,0,2000,11,2.1772085260044105,0.6768270798563866,0.3108692032813652
E18d,0,2000,12,2.3031541465189296,0.6718054382607016,0.2916893075854661
E18d,0,2000,13,2.364676943006953,0.7476596408039182,0.3161783443674909
E18d,0,2000,14,2.434891552149398,0.7689931731562453,0.3158223504769308
E18d,0,2000,15,2.486764396845686,0.7603928211894301,0.30577598028745445
E18d,0,2500,0,0.8099838505236253,0.6723159845559225,0.8300362829719314
E18d,0,2500,1,1.0294078528785486,0.7508949185619943,0.7294435499615197
E18d,0,2500,2,1.2612567909573382,0.6882719163559357,0.545703239253533
E18d,0,2500,3,1.3975664495330578,0.7143710948277998,0.5111535806161338
E18d,0,2500,4,1.4943907938423249,0.6782743610773814,0.4538801790483641
E18d,0,2500,5,1.6001014434649778,0.7464634592183111,0.46651008426182283
E18d,0,2500,6,1.7155969928518517,0.7798872117156874,0.4545864879485911
E18d,0,2500,7,1.8389804825725262,0.6461231594589644,0.351348568177902
E18d,0,2500,8,1.827844781800642,0.7624259184273614,0.41711743033031623
E18d,0,2500,9,1.986267339128701,0.6526366110577818,0.32857440597299875
E18d,0,2500,10,2.0815886140413085,0.7311855122489251,0.3512632166205801
E18d,0,2500,11,2.132856750643905,0.6686503599865871,0.3134998915350142
E18d,0,2500,12,2.2631654053711827,0.6733656292898822,0.29753266274386303
E18d,0,2500,13,2.330714326617863,0.7298618240905677,0.31314941336018726
E18d,0,2500,14,2.3939674676363385,0.7616707562427866,0.3181625341779665
E18d,0,2500,15,2.4265774232707393,0.7734043618726935,0.31872231005522
E18d,0,3000,0,0.8074384418191386,0.6699695576794297,0.8297469168918996
E18d,0,3000,1,1.0241661022089221,0.7535643078925925,0.7357832936154639
E18d,0,3000,2,1.2538709219577207,0.6713440101164269,0.5354171616550686
E18d,0,3000,3,1.3873198332897336,0.7315933746069027,0.5273429796444882
E18d,0,3000,4,1.489326445069494,0.6888332885122261,0.4625132997487896
E18d,0,3000,5,1.6073473172815682,0.7522611151484943,0.4680140421802293
E18d,0,3000,6,1.7300488349433962,0.7793051806370828,0.4504527068234927
E18d,0,3000,7,1.8387105639582952,0.6456272957398828,0.3511304652266775
E18d,0,3000,8,1.8249882713154744,0.7510766629113494,0.41155150129812285
E18d,0,3000,9,1.9793619738275052,0.6437422535433298,0.32522714998839813
E18d,0,3000,10,2.067390447607755,0.7304190565114265,0.35330484251613825
E18d,0,3000,11,2.119359717939526,0.6515622807477328,0.30743354949729423
E18d,0,3000,12,2.2340263356710035,0.670664649552313,0.30020445096985604
E18d,0,3000,13,2.3038919342741275,0.7455894245734529,0.32362170008132823
E18d,0,3000,14,2.358325037984217,0.7309814254533527,0.3099578784433212
E18d,0,3000,15,2.3842795938315087,0.7415295067821857,0.31100778142824964
E18d,0,3500,0,0.8113009841864056,0.6678443565738863,0.8231770570864259
E18d,0,3500,1,1.0332262968427794,0.7523631394041685,0.7281687871312974
E18d,0,3500,2,1.2571256698522169,0.675046781330028,0.5369763719878412
E18d,0,3500,3,1.3949010123121934,0.7411319735063465,0.531315101906653
E18d,0,3500,4,1.4925217299713676,0.6756679475735562,0.45270225150190485
E18d,0,3500,5,1.6037758569926555,0.7542262976418713,0.4702816134520008
E18d,0,3500,6,1.7273241309454428,0.793469506554843,0.45936341207746645
E18d,0,3500,7,1.8338711330698845,0.649073800475924,0.3539364292132022
E18d,0,3500,8,1.8293085913963625,0.7487225704072328,0.409292655120431
E18d,0,3500,9,1.978246722687446,0.6417377550128219,0.32439722894676243
E18d,0,3500,10,2.050902163566997,0.7089756882961324,0.3456896681327101
E18d,0,3500,11,2.0867222920426975,0.6777349250687092,0.3247844371304784
E18d,0,3500,12,2.2020873923099993,0.6641467432932426,0.3015987220182709
E18d,0,3500,13,2.2583951412862198,0.7683757222127882,0.34023086047518525
E18d,0,3500,14,2.2990175442271674,0.7203330803070589,0.31332213280225507
E18d,0,3500,15,2.3319105729289276,0.7429551424636175,0.3186036167460961
E18d,0,4000,0,0.8136957031350354,0.6609233541330714,0.8122487947111465
E18d,0,4000,1,1.0365865193430033,0.7623494649788227,0.7354421948898253
E18d,0,4000,2,1.2742808507738468,0.66991916621353,0.5257233252831985
E18d,0,4000,3,1.4030618696550812,0.7350248060500042,0.5238719845124845
E18d,0,4000,4,1.495564089083071,0.6621903222042086,0.4427696058215712
E18d,0,4000,5,1.6013536117077918,0.7507380801617344,0.46881467945177735
E18d,0,4000,6,1.724044840360011,0.7776838450280091,0.4510809851474716
E18d,0,4000,7,1.8328660611438332,0.6619621657286684,0.36116232373005963
E18d,0,4000,8,1.8163994379613353,0.7353735842970798,0.4048523518166456
E18d,0,4000,9,1.9582304808468738,0.6568629748362658,0.3354370086978694
E18d,0,4000,10,2.0289643846770797,0.6869712263809836,0.33858220063843986
E18d,0,4000,11,2.0859240735264954,0.6885931287366501,0.3301141865497069
E18d,0,4000,12,2.1970952385296143,0.7053439929485601,0.32103478291665
E18d,0,4000,13,2.251356971629858,0.7542983646701712,0.3350416545111906
E18d,0,4000,14,2.2827231820755167,0.7067777853833062,0.30962045285783785
E18d,0,4000,15,2.314357028665755,0.7349572200645185,0.3175643217365763
E18d,0,4500,0,0.8132161253096638,0.6622252038753879,0.8143286676997702
E18d,0,4500,1,1.0408077129880535,0.7532378023401329,0.7237050542003225
E18d,0,4500,2,1.2738789925545018,0.6678709352740485,0.5242813007966879
E18d,0,4500,3,1.3956712003414842,0.7264487738476623,0.5205013714332711
E18d,0,4500,4,1.4932737033355143,0.6601490440750201,0.44208174469318656
E18d,0,4500,5,1.6033199624406917,0.7510772940081663,0.4684512833388671
E18d,0,4500,6,1.7173778600848162,0.7902820323615891,0.46016782370919784
E18d,0,4500,7,1.8282930285951093,0.6493444081262588,0.3551642969536595
E18d,0,4500,8,1.8155261118798662,0.7372791259276977,0.40609667969153596
E18d,0,4500,9,1.9485138998194003,0.6765918970867457,0.3472348322223702
E18d,0,4500,10,2.013983407726972,0.7002811824646527,0.34770950931269395
E18d,0,4500,11,2.0748030187098445,0.6779459535512965,0.32675196027662295
E18d,0,4500,12,2.196417229440971,0.707689110627548,0.32220158408048366
E18d,0,4500,13,2.26102793769859,0.7613266133806765,0.3367170306420895
E18d,0,4500,14,2.2837026254825723,0.7005002752518947,0.3067388316829872
E18d,0,4500,15,2.311455848719995,0.719805462301059,0.31140783532580235
E18d,0,5000,0,0.8171486502466817,0.6734764982886785,0.8241786828937044
E18d,0,5000,1,1.0475019736060827,0.7492344137355017,0.7152582358925983
E18d,0,5000,2,1.2716153313833714,0.6703547423042758,0.5271678673258893
E18d,0,5000,3,1.3902574197186013,0.7108129495293543,0.5112815363885835
E18d,0,5000,4,1.4889785186566848,0.6521796170055579,0.4380047185596313
E18d,0,5000,5,1.5891955910054893,0.74685179174342,0.4699558669621556
E18d,0,5000,6,1.7205123375247318,0.7789790211062467,0.45275991582074265
E18d,0,5000,7,1.8279630543335246,0.6328872601058082,0.34622541117854205
E18d,0,5000,8,1.8189931551177383,0.7392063046863344,0.4063821255217905
E18d,0,5000,9,1.933741459178449,0.664243322961903,0.3435016195205884
E18d,0,5000,10,1.9884026012292675,0.6882345562329961,0.34612434916727464
E18d,0,5000,11,2.036467388156774,0.6639841729367854,0.32604704440553983
E18d,0,5000,12,2.14632640378903,0.6975930714339451,0.3250172341925464
E18d,0,5000,13,2.2158041229650633,0.7591306084868268,0.34259824711897424
E18d,0,5000,14,2.238353258258009,0.7121803535674964,0.3181715624823887
E18d,0,5000,15,2.287567107821945,0.7058537303490011,0.3085608845902072
E18d,0,5500,0,0.8149046254022828,0.6772211649982113,0.8310434667908491
E18d,0,5500,1,1.0456334907488394,0.754250830368238,0.7213338488499205
E18d,0,5500,2,1.2752580743371444,0.6658480173829463,0.5221280545344061
E18d,0,5500,3,1.3835220118845395,0.7035117553453577,0.5084933591964192
E18d,0,5500,4,1.4815397784394628,0.6302791929851075,0.42542171473046364
E18d,0,5500,5,1.578849674035124,0.7474643296886968,0.473423367646126
E18d,0,5500,6,1.7037664482791517,0.7895868390237526,0.46343607706399886
E18d,0,5500,7,1.8206384344258417,0.647530537815141,0.3556612480387117
E18d,0,5500,8,1.8192186749503398,0.736623668483792,0.4049121079432081
E18d,0,5500,9,1.9362661361812472,0.6682670992209511,0.34513184253633866
E18d,0,5500,10,1.9883217821661574,0.7037767354072036,0.35395515037836633
E18d,0,5500,11,2.0389670707005916,0.6639071546344555,0.3256095520985222
E18d,0,5500,12,2.151995177823062,0.7044544389689663,0.32734945051391134
E18d,0,5500,13,2.2183125071317473,0.7668798799212287,0.3457041681258858
E18d,0,5500,14,2.2239996619623246,0.7170688112421228,0.3224230756444559
E18d,0,5500,15,2.2794084353321917,0.7173043643832885,0.3146888259535424
E18d,0,6000,0,0.8125451345347846,0.6760740740689272,0.8320449478243536
E18d,0,6000,1,1.0454442343223747,0.7364034416376818,0.7043928479982448
E18d,0,6000,2,1.2641410098396089,0.6694069293501868,0.5295350155874774
E18d,0,6000,3,1.3693938017888045,0.6918469333883835,0.5052213121489534
E18d,0,6000,4,1.4676194339780133,0.6316129688091796,0.4303656344323401
E18d,0,6000,5,1.5782331262977671,0.7576025919338989,0.480032119026097
E18d,0,6000,6,1.70397056684026,0.7875235330761553,0.4621696808627929
E18d,0,6000,7,1.8345107445421465,0.6591403531029172,0.3593003502780923
E18d,0,6000,8,1.8292799831206255,0.7445978789359501,0.40704423915781196
E18d,0,6000,9,1.948787605983852,0.6890621337487132,0.35358503493808796
E18d,0,6000,10,2.0070796411068508,0.6978094819327565,0.3476740372633809
E18d,0,6000,11,2.058520135668239,0.6653057236644998,0.32319612139646503
E18d,0,6000,12,2.1695958481918756,0.714943021589784,0.32952820322992965
E18d,0,6000,13,2.225525227746021,0.7372093398620209,0.3312518459333106
E18d,0,6000,14,2.244490224122381,0.7238388162100975,0.32249586495442456
E18d,0,6000,15,2.291617765963469,0.7162039414213544,0.3125320252176695
E18d,0,6500,0,0.8137528308524389,0.6694866048353303,0.8227149319210553
E18d,0,6500,1,1.0360619826766206,0.7434563392518608,0.717579017165724
E18d,0,6500,2,1.264065464175905,0.6627558296941728,0.5243049893197184
E18d,0,6500,3,1.3712776617145517,0.688445194830066,0.5020465322604916
E18d,0,6500,4,1.4650826005650106,0.6393153434191711,0.4363681222974175
E18d,0,6500,5,1.574055538068594,0.765957367361833,0.4866139401292549
E18d,0,6500,6,1.6910383519581949,0.7651034472545318,0.4524459462250247
E18d,0,6500,7,1.8155183097187515,0.6575390622571485,0.36217704813949814
E18d,0,6500,8,1.8100475872885853,0.7343146794903797,0.40568805187623175
E18d,0,6500,9,1.920370682933886,0.683985714964194,0.35617379552952805
E18d,0,6500,10,1.9808537362823446,0.7073756982093988,0.3571064764917967
E18d,0,6500,11,2.030996791054299,0.6544582470011754,0.32223499804814726
E18d,0,6500,12,2.140285534105379,0.7103842130596058,0.33191095381417896
E18d,0,6500,13,2.2020322048736616,0.7341781300640132,0.33340935179743914
E18d,0,6500,14,2.230030790172263,0.7271398653474935,0.32606718640477794
E18d,0,6500,15,2.2809695458723462,0.714900583841389,0.3134196092775884
E18d,0,7000,0,0.8204807357241908,0.6669347162227082,0.8128584708744484
E18d,0,7000,1,1.040220968265074,0.7360126550313689,0.7075541423270125
E18d,0,7000,2,1.2658547070524717,0.6603493323301355,0.5216628169497836
E18d,0,7000,3,1.3682389854161119,0.6914460264315332,0.5053547178538033
E18d,0,7000,4,1.4573988068122143,0.6295544328051632,0.4319712832633609
E18d,0,7000,5,1.5664306025616015,0.7719383161186699,0.49280083960075255
E18d,0,7000,6,1.6832477955918925,0.7551272037963478,0.44861321415295063
E18d,0,7000,7,1.8066489120838078,0.6599823339301245,0.3653074648404675
E18d,0,7000,8,1.7955617761048681,0.7466289144581052,0.41581911822481293
E18d,0,7000,9,1.913753943986605,0.6997687786322251,0.36565242926398017
E18d,0,7000,10,1.9686581781093808,0.7103108426997327,0.3608096370401317
E18d,0,7000,11,2.019758302803778,0.6685741802493885,0.33101692381771153
E18d,0,7000,12,2.1387254944863896,0.6845712542768809,0.3200837396111366
E18d,0,7000,13,2.1952558234246085,0.7501098873555608,0.34169588771908427
E18d,0,7000,14,2.21164334580856,0.7154341584489877,0.32348532135837227
E18d,0,7000,15,2.2539501093143124,0.7170945893112333,0.3181501606215165
E18d,0,7500,0,0.8212377989133806,0.6659908560118932,0.810959818085697
E18d,0,7500,1,1.048148990050609,0.7262636542169161,0.6929011630129502
E18d,0,7500,2,1.2692746957042778,0.6602462615965546,0.5201760216532216
E18d,0,7500,3,1.3710395332131118,0.6955019258138395,0.5072807231049639
E18d,0,7500,4,1.4647503242402715,0.6357221824936284,0.43401402407837747
E18d,0,7500,5,1.5700984872039168,0.7632713780258766,0.4861296181395191
E18d,0,7500,6,1.68056609139407,0.7541778357505746,0.44876416322607454
E18d,0,7500,7,1.8239247261589167,0.6630698720185765,0.36354015190910016
E18d,0,7500,8,1.8173760548968076,0.7488116937152028,0.412029030369128
E18d,0,7500,9,1.9311530944454167,0.7168457816825903,0.37120090776047565
E18d,0,7500,10,1.984262340459528,0.7323031089719958,0.36905559010025074
E18d,0,7500,11,2.0419966147583732,0.6505338338577981,0.3185773321836652
E18d,0,7500,12,2.163317879289979,0.6861505963721217,0.31717511464257053
E18d,0,7500,13,2.213175202270391,0.752015247202922,0.33979020116955283
E18d,0,7500,14,2.2344125041218157,0.7030212745751849,0.31463361097305137
E18d,0,7500,15,2.2657211271037436,0.710168069013739,0.3134401937283174
E18d,0,8000,0,0.8191506854026359,0.6677911402458973,0.8152238069820559
E18d,0,8000,1,1.0491920299843518,0.7170489866131368,0.6834296926786902
E18d,0,8000,2,1.265229716871967,0.6608327929880881,0.522302617600437
E18d,0,8000,3,1.369955510729909,0.678821677389374,0.49550636650068985
E18d,0,8000,4,1.4658277834963753,0.6483339311781859,0.4422988419770181
E18d,0,8000,5,1.5677104196761116,0.77814572640494,0.4963580752150034
E18d,0,8000,6,1.6811040961415231,0.7606174895739269,0.45245115476174214
E18d,0,8000,7,1.828117626041209,0.6648389208109154,0.3636740389898351
E18d,0,8000,8,1.8229488661102933,0.7777416232745722,0.426639297312861
E18d,0,8000,9,1.9388557525847296,0.6999261125770524,0.3609995801100552
E18d,0,8000,10,1.9944163846901675,0.7348636725054469,0.3684605071170271
E18d,0,8000,11,2.054500527614262,0.632994115833213,0.30810121843495547
E18d,0,8000,12,2.1727777293268735,0.6806601854953557,0.31326728744878296
E18d,0,8000,13,2.2149358402335295,0.7339031214526559,0.33134283536415104
E18d,0,8000,14,2.2221259798584914,0.7041532072638621,0.31688266716034874
E18d,0,8000,15,2.2584491618741738,0.7190046508149714,0.31836211456639807
E18d,0,8500,0,0.8208580047962946,0.6719909006881094,0.8186445119151536
E18d,0,8500,1,1.0512217598804987,0.7320597998795136,0.6963895039261108
E18d,0,8500,2,1.2685285841173717,0.6576100555619214,0.5184038135171225
E18d,0,8500,3,1.3744370722408892,0.6682238050214309,0.4861799921708714
E18d,0,8500,4,1.4642156410289566,0.6467179229737378,0.4416821572260121
E18d,0,8500,5,1.5736520878402567,0.752827233795394,0.4783949639266226
E18d,0,8500,6,1.6706871270749433,0.7522051010891101,0.45023696471886915
E18d,0,8500,7,1.8180754606079401,0.6605129355101572,0.3633033665661438
E18d,0,8500,8,1.8110941628138082,0.7700438209470712,0.4251815486781162
E18d,0,8500,9,1.9363413400157143,0.7070031976626825,0.36512322649525464
E18d,0,8500,10,1.995581368508936,0.7479316937882343,0.374793884925412
E18d,0,8500,11,2.064279838676666,0.6205854190841079,0.3006304704704874
E18d,0,8500,12,2.1740818595037847,0.6839416150487141,0.3145887134189224
E18d,0,8500,13,2.22663399182463,0.731503726030138,0.3285244583150832
E18d,0,8500,14,2.2277525916553884,0.7052624338486808,0.3165802326929929
E18d,0,8500,15,2.260666016876339,0.7211475390017525,0.31899782348132677
E18d,0,9000,0,0.8226140773137182,0.6714707383201899,0.8162645848620858
E18d,0,9000,1,1.0487428756035546,0.7413836717597164,0.7069260626281232
E18d,0,9000,2,1.2744498784733873,0.6539260870333892,0.5131045936594236
E18d,0,9000,3,1.3767003756494927,0.6788261748642618,0.49308200017306497
E18d,0,9000,4,1.4792415462065158,0.6388821511028437,0.4318984636020018
E18d,0,9000,5,1.5889812193053037,0.7391051551450523,0.46514404711981816
E18d,0,9000,6,1.6724804868752574,0.7520004009105179,0.44963179350181925
E18d,0,9000,7,1.8161614259299044,0.6704560119017834,0.36916102408600543
E18d,0,9000,8,1.8202913216181749,0.7552607759402745,0.41491203466754667
E18d,0,9000,9,1.940779903388494,0.7101150894863999,0.36589161308120427
E18d,0,9000,10,1.9931095561272258,0.7393786686672139,0.3709673993555512
E18d,0,9000,11,2.046637694085157,0.6318474023096556,0.3087245994421549
E18d,0,9000,12,2.165306629327525,0.6760868243788128,0.3122360663481568
E18d,0,9000,13,2.231159654117372,0.7536834371885671,0.3377989718475426
E18d,0,9000,14,2.22176828743692,0.6918377453415606,0.3113905933636669
E18d,0,9000,15,2.2688366989988533,0.7251530311509131,0.31961446651091907
E18d,0,9500,0,0.8256189944447385,0.6739554519973333,0.8163032301002172
E18d,0,9500,1,1.050704298939754,0.7470306310812241,0.7109808457384621
E18d,0,9500,2,1.2785860117089807,0.666986171838547,0.5216592123880985
E18d,0,9500,3,1.3863396115225721,0.6708363026362008,0.4838903087385946
E18d,0,9500,4,1.483360704113085,0.6401565662826092,0.4315582612560609
E18d,0,9500,5,1.59483338135064,0.7360214937119938,0.4615036920588334
E18d,0,9500,6,1.6625956741193277,0.7297179050246115,0.43890280504377055
E18d,0,9500,7,1.790162189463755,0.6782459427190061,0.37887401862854414
E18d,0,9500,8,1.7873613241675264,0.742846171138629,0.4156105209922307
E18d,0,9500,9,1.8948741211245492,0.695090937030059,0.36682697245215634
E18d,0,9500,10,1.9451672015966197,0.7292768793595856,0.3749173226656224
E18d,0,9500,11,1.9961095638888664,0.6348067553590828,0.31802199981565027
E18d,0,9500,12,2.1214723820614405,0.6851786251102472,0.3229731534117155
E18d,0,9500,13,2.192574790594625,0.7594235036633827,0.3463615047117401
E18d,0,9500,14,2.191813451588348,0.6931895408177523,0.3162630196996996
E18d,0,9500,15,2.2459100585565865,0.6966232060689155,0.3101741333829837
E18d,0,10000,0,0.826868810009037,0.6685016698980917,0.8084736802332471
E18d,0,10000,1,1.0506243405301547,0.7493066998595358,0.7132013517614
E18d,0,10000,2,1.2719532152528525,0.6593881431514419,0.5184059722042227
E18d,0,10000,3,1.3776077337097699,0.660455098482574,0.4794217412703032
E18d,0,10000,4,1.4746359765053894,0.6410239268748701,0.4346997747837243
E18d,0,10000,5,1.5881212893878465,0.7501648225053923,0.4723599057062884
E18d,0,10000,6,1.6717568908428275,0.7275402493410261,0.43519500552154555
E18d,0,10000,7,1.792424374303051,0.677815933405306,0.37815594516720485
E18d,0,10000,8,1.7793406588548435,0.7459237584395663,0.4192135748303708
E18d,0,10000,9,1.8962128678497276,0.6992950936683291,0.3687851219263782
E18d,0,10000,10,1.9509459058333563,0.7289689424072723,0.37364897726156565
E18d,0,10000,11,1.9995559497493187,0.6436624979268304,0.32190271945504967
E18d,0,10000,12,2.125896674673053,0.6749122257973187,0.31747179147411536
E18d,0,10000,13,2.199054364418018,0.7497769712372938,0.34095426805681683
E18d,0,10000,14,2.1860464114219735,0.690003608180438,0.3156399628915501
E18d,0,10000,15,2.2443550010443403,0.6990327909837013,0.3114626655134452
E18d,0,10500,0,0.8218670586992006,0.671487572004398,0.8170269934740859
E18d,0,10500,1,1.0415956869547534,0.7504062221396942,0.7204390643490555
E18d,0,10500,2,1.268955136852697,0.6563726069660079,0.5172543834717153
E18d,0,10500,3,1.372511376820238,0.6586615068185768,0.47989511631191656
E18d,0,10500,4,1.4538703184226143,0.6364237424848639,0.4377445047336518
E18d,0,10500,5,1.561559486686275,0.7467348720547613,0.4781981592256716
E18d,0,10500,6,1.6577502214537545,0.733999611821731,0.44276851984254556
E18d,0,10500,7,1.7855896078979998,0.6585166318148248,0.36879506293163977
E18d,0,10500,8,1.7700956835022086,0.7392087152879088,0.4176094672042549
E18d,0,10500,9,1.893131857633214,0.7034580323077552,0.37158427685391954
E18d,0,10500,10,1.9386051233620252,0.7320483173534952,0.37761600262560985
E18d,0,10500,11,1.9937743903847167,0.6494994019767107,0.3257637399241466
E18d,0,10500,12,2.122404510347133,0.6830590419251614,0.3218326377441795
E18d,0,10500,13,2.190301904267021,0.7282371536986106,0.33248254602705707
E18d,0,10500,14,2.1920026408814457,0.6923435712940332,0.31584978885592435
E18d,0,10500,15,2.261066984007974,0.6925457454562565,0.3062915651568393
E18d,0,11000,0,0.8202047214950822,0.6801402866596065,0.8292323475288413
E18d,0,11000,1,1.0527967239852671,0.7453853142689806,0.7080049712231167
E18d,0,11000,2,1.2822694705344069,0.6620958480494671,0.5163468859424125
E18d,0,11000,3,1.3955740075841934,0.655837524267267,0.46994105701535227
E18d,0,11000,4,1.4790269490739452,0.6391676708667591,0.43215417492355873
E18d,0,11000,5,1.57960039231487,0.7387012740689652,0.4676507284139216
E18d,0,11000,6,1.653640092644629,0.7328343419592382,0.4431643531254935
E18d,0,11000,7,1.7779569212175124,0.6448874655066628,0.3627126494521901
E18d,0,11000,8,1.7573493118960521,0.7387370384761358,0.42037006158957224
E18d,0,11000,9,1.87708324140093,0.7141227274232529,0.380442759102297
E18d,0,11000,10,1.9248043736947635,0.7184845656487809,0.3732766692906105
E18d,0,11000,11,1.9636894298323766,0.6343169276589433,0.32302303919469055
E18d,0,11000,12,2.084629646220755,0.6907334596708194,0.33134588722896496
E18d,0,11000,13,2.155045725176014,0.7197019700822307,0.333961345541032
E18d,0,11000,14,2.1660816499827527,0.6957317078647954,0.32119366685477213
E18d,0,11000,15,2.239670969040186,0.6955664294224004,0.3105663461452493
E18d,0,11500,0,0.8216473294991268,0.6798083576335137,0.8273724421984336
E18d,0,11500,1,1.0564807313163658,0.7385041913719939,0.6990228685494567
E18d,0,11500,2,1.2736823912724209,0.6587669228989762,0.5172144385547026
E18d,0,11500,3,1.3877200157977319,0.6641069877296774,0.47855978163427654
E18d,0,11500,4,1.4732935356964134,0.6315267534936697,0.4286496466538505
E18d,0,11500,5,1.57983743590169,0.7212032113515419,0.45650469786463577
E18d,0,11500,6,1.6499469919464482,0.7125980373699069,0.4318914733916709
E18d,0,11500,7,1.7607447869228665,0.6605124376889856,0.3751324113492439
E18d,0,11500,8,1.740823971762821,0.7516982993959134,0.4318060364453257
E18d,0,11500,9,1.8529711597657283,0.6959914738765557,0.3756083683269793
E18d,0,11500,10,1.9063079220763381,0.7098660007370416,0.37237740687971344
E18d,0,11500,11,1.9539300882093518,0.6319838131381537,0.323442387704529
E18d,0,11500,12,2.0652255265463344,0.672874544722588,0.32581165401719225
E18d,0,11500,13,2.143675808442871,0.7311453112084508,0.3410708411826237
E18d,0,11500,14,2.1360937016678028,0.69391505493581,0.3248523481877318
E18d,0,11500,15,2.2137632761461123,0.7022037919872491,0.31719913305712566
E18d,0,12000,0,0.8216622639128464,0.6791775212876183,0.8265896477383542
E18d,0,12000,1,1.0581752604611925,0.7378631440324291,0.6972976704358413
E18d,0,12000,2,1.2691370388218035,0.6577003828286763,0.518226450501554
E18d,0,12000,3,1.3854127020946068,0.6616173539590058,0.4775597574345218
E18d,0,12000,4,1.47361791324564,0.6384353293330217,0.4332434639905194
E18d,0,12000,5,1.5944431711308302,0.7328894649208801,0.4596522962941924
E18d,0,12000,6,1.6670753133852882,0.7081577529958576,0.42479049825158727
E18d,0,12000,7,1.771914578155285,0.6677262215930059,0.3768388328788209
E18d,0,12000,8,1.7462714891389486,0.7575543770685302,0.43381248664952154
E18d,0,12000,9,1.8541060272100802,0.6976754519012437,0.3762867072661715
E18d,0,12000,10,1.9027773869880686,0.6922472959499447,0.3638088725900364
E18d,0,12000,11,1.938686433491973,0.6342721347524275,0.3271659221393389
E18d,0,12000,12,2.04115486940155,0.6638134988660316,0.3252146658820927
E18d,0,12000,13,2.1198211780641203,0.7441749705532051,0.35105554103049696
E18d,0,12000,14,2.114023617580557,0.6888503791299999,0.32584800538717285
E18d,0,12000,15,2.1909440643390905,0.7013221160277416,0.32010042038170383
E18d,1,0,0,0.7516173726154646,0.6828712840715687,0.9085357908842974
E18d,1,0,1,0.9894419354150151,0.6383761719848213,0.6451881097166743
E18d,1,0,2,1.1495903546447468,0.7239724559263654,0.629765596937434
E18d,1,0,3,1.3285521310692174,0.6421817254827782,0.4833696100174488
E18d,1,0,4,1.5412976554833295,0.769998272989051,0.4995779175097689
E18d,1,0,5,1.7100750004073761,0.7744981134644006,0.45290300909603304
E18d,1,0,6,2.0022479716269137,0.7923619071358226,0.3957361517474751
E18d,1,0,7,2.221869745028079,0.603642431720899,0.2716821870731538
E18d,1,0,8,2.2789601275975895,0.5197163246171143,0.2280497663489108
E18d,1,0,9,2.3284290560012377,0.7938723996117277,0.34094764346185247
E18d,1,0,10,2.479148088929864,0.6619750338378859,0.26701714060317816
E18d,1,0,11,2.58916850368462,0.7190067663362069,0.2776979425298104
E18d,1,0,12,2.7984277063710667,0.6400304076525963,0.22871071716287866
E18d,1,0,13,2.8938926982025728,0.6053901917592814,0.20919579780387007
E18d,1,0,14,2.9534564677429667,0.8827648638173327,0.2988921196092462
E18d,1,0,15,3.080177924193452,0.6478083370980627,0.21031523276944855
E18d,1,500,0,0.7546542761575933,0.6952264485071242,0.9212515856226874
E18d,1,500,1,0.976476739625464,0.6977996070089696,0.7146095536045401
E18d,1,500,2,1.1457561485857715,0.729552137493942,0.6367429390577062
E18d,1,500,3,1.3111424076312899,0.6475850877243537,0.4939090398992441
E18d,1,500,4,1.5326292488093514,0.7062304070230851,0.4607966392209545
E18d,1,500,5,1.6879413771993705,0.7494645465821851,0.444011004591697
E18d,1,500,6,1.8640326021095472,0.8119217641070379,0.4355727272088356
E18d,1,500,7,2.0267714796698706,0.645993822181915,0.3187304679692539
E18d,1,500,8,2.109543947739781,0.4984218213540569,0.23626993971283639
E18d,1,500,9,2.156103900042101,0.7426735732108154,0.3444516626477572
E18d,1,500,10,2.292382753172772,0.7378059143569407,0.32185110158230795
E18d,1,500,11,2.3980616649485422,0.7538505739487925,0.31435829402033694
E18d,1,500,12,2.5697277004073484,0.6449596702413605,0.2509836626422024
E18d,1,500,13,2.62533299258245,0.6215275336387622,0.23674236197648474
E18d,1,500,14,2.6862734663535788,0.8250966035604218,0.307152869540282
E18d,1,500,15,2.823136324200614,0.641320439629589,0.22716594807414492
E18d,1,1000,0,0.7559040763030948,0.6956857493981358,0.9203360204121809
E18d,1,1000,1,0.968605804142345,0.7238172772617352,0.7472774519482066
E18d,1,1000,2,1.1322575931576269,0.7281533483947549,0.6430986665888363
E18d,1,1000,3,1.302760909082327,0.6820859663103446,0.5235695679499704
E18d,1,1000,4,1.5206173830919263,0.707746514807797,0.46543366048381646
E18d,1,1000,5,1.6447425154682387,0.7232670255393281,0.43974483467001674
E18d,1,1000,6,1.7927809395625762,0.8219643161876261,0.45848563985077767
E18d,1,1000,7,1.9203683239580243,0.6544063712254822,0.3407712796869619
E18d,1,1000,8,2.0131563564364745,0.49506832070910084,0.24591647793588695
E18d,1,1000,9,2.0545695449278787,0.7483794943463197,0.36425123510364793
E18d,1,1000,10,2.184001485961415,0.7295582126365514,0.33404657337739585
E18d,1,1000,11,2.2285689733865675,0.7140692801996811,0.3204160556514302
E18d,1,1000,12,2.3521645560945452,0.6689986080061341,0.2844182845425223
E18d,1,1000,13,2.404231968864517,0.642810226809065,0.2673661423413543
E18d,1,1000,14,2.4383230691570086,0.7961538214254024,0.326516954006695
E18d,1,1000,15,2.558763359798793,0.6909981962492856,0.270051622242872
E18d,1,1500,0,0.7559559805014652,0.7119729625433362,0.9418180170637016
E18d,1,1500,1,0.9653031083372717,0.7189565466604038,0.7447987481349787
E18d,1,1500,2,1.142685496859268,0.7050928980190591,0.6170489605031695
E18d,1,1500,3,1.3041958828457971,0.6807576783326376,0.5219750248307812
E18d,1,1500,4,1.5234825197753004,0.693515124663886,0.4552169884864666
E18d,1,1500,5,1.6182089832417135,0.684412745714003,0.42294459665088363
E18d,1,1500,6,1.7368314066484491,0.8052587531883256,0.4636366835064478
E18d,1,1500,7,1.8273187994922304,0.6402183392315006,0.35035941151013306
E18d,1,1500,8,1.9271326391859351,0.5110474430946974,0.26518540172230987
E18d,1,1500,9,1.9656916435221323,0.7350910704786922,0.3739605206651607
E18d,1,1500,10,2.0729512560947314,0.7528570340223241,0.3631812527230594
E18d,1,1500,11,2.0940918813808667,0.7089063847021587,0.33852687697480505
E18d,1,1500,12,2.210095104808001,0.6898299785162008,0.3121268297529345
E18d,1,1500,13,2.2709525952243492,0.6558954676072642,0.28881953281920786
E18d,1,1500,14,2.2939529499119957,0.7681329294858393,0.3348512137161783
E18d,1,1500,15,2.401058099793692,0.6990750178969594,0.29115289544931316
E18d,1,2000,0,0.754409000969713,0.7154007903287999,0.9482930206416252
E18d,1,2000,1,0.9689369599206041,0.7195588360482233,0.7426270911444898
E18d,1,2000,2,1.1579567593764482,0.7128240661555961,0.6155878104977314
E18d,1,2000,3,1.3249312768343728,0.6803747718619186,0.5135170282095854
E18d,1,2000,4,1.5468965806614172,0.7287150678954364,0.47108195661267455
E18d,1,2000,5,1.6374793621740116,0.6763702112310862,0.41305571652096934
E18d,1,2000,6,1.7383119539209633,0.7984977305744447,0.45935237848036475
E18d,1,2000,7,1.8132812875828423,0.6545919014841399,0.3609985422376085
E18d,1,2000,8,1.9131384432678484,0.5347843425760956,0.27953248467613556
E18d,1,2000,9,1.9661103639106903,0.7289876734131885,0.37077657836216077
E18d,1,2000,10,2.0533141665854107,0.7381082513711039,0.3594716597112618
E18d,1,2000,11,2.071213144867093,0.6842952588447531,0.3303837948984547
E18d,1,2000,12,2.1711853988865837,0.6813646066652863,0.3138214760539106
E18d,1,2000,13,2.223227420337388,0.6544696676047582,0.2943781916406188
E18d,1,2000,14,2.235627593003063,0.7451700602575885,0.33331582710366353
E18d,1,2000,15,2.3378221650487143,0.6938979974662034,0.29681385001829014
E18d,1,2500,0,0.7579132329060972,0.7136543886312131,0.9416043389225695
E18d,1,2500,1,0.9787919826151557,0.7073770383021334,0.7227041607064961
E18d,1,2500,2,1.1597913171473129,0.7206208340577251,0.621336634792373
E18d,1,2500,3,1.3189359331209847,0.6921995015053366,0.5248166223414598
E18d,1,2500,4,1.5504637167208395,0.7444947006503723,0.48017550660582037
E18d,1,2500,5,1.6366938613239923,0.6520265450623636,0.39838027163791717
E18d,1,2500,6,1.729991823374846,0.8041128028829189,0.46480728522419595
E18d,1,2500,7,1.7942987712325102,0.663022986355415,0.36951649133660286
E18d,1,2500,8,1.8937052420642315,0.5572323436323718,0.29425505683501263
E18d,1,2500,9,1.9409551194341133,0.7128676244887404,0.3672767171950774
E18d,1,2500,10,2.0181121978165435,0.7692399434735049,0.3811680759403609
E18d,1,2500,11,2.037096763738159,0.6786738005655865,0.33315737015859337
E18d,1,2500,12,2.12948445735401,0.668688627437623,0.3140143263917041
E18d,1,2500,13,2.1845381225276346,0.6660693030837612,0.3049016614610878
E18d,1,2500,14,2.205987798545202,0.7198208912443681,0.3263032060825873
E18d,1,2500,15,2.314160972599584,0.7014699904624065,0.3031206552906382
E18d,1,3000,0,0.7601403029197734,0.7124498277310638,0.9372609569502817
E18d,1,3000,1,0.9837094423291808,0.7160938762178723,0.7279526305270986
E18d,1,3000,2,1.1606125241792686,0.72555970663874,0.6251524014457989
E18d,1,3000,3,1.3150302600969273,0.6849472597256727,0.5208604550857918
E18d,1,3000,4,1.532051513373267,0.7240780296798484,0.4726198978032894
E18d,1,3000,5,1.6258172769377013,0.6605393324714574,0.40628140802859003
E18d,1,3000,6,1.7195922467765576,0.8016673173895342,0.4661961688256566
E18d,1,3000,7,1.7896431643541202,0.6623292458574791,0.3700901157558484
E18d,1,3000,8,1.8927335683971083,0.5350447861094019,0.28268362491320587
E18d,1,3000,9,1.9377644381192185,0.717794910937095,0.3704242356897529
E18d,1,3000,10,2.012522460409968,0.769441491953547,0.38232690918480744
E18d,1,3000,11,2.0217538179574976,0.6740790535820217,0.33341302368011283
E18d,1,3000,12,2.1163986136690407,0.6718926931925921,0.3174698229591931
E18d,1,3000,13,2.153881304852276,0.6443662727236216,0.2991651727845864
E18d,1,3000,14,2.175512772921318,0.7497549208207313,0.344633656098441
E18d,1,3000,15,2.2837206450977567,0.7072103066235418,0.3096746128479602
E18d,1,3500,0,0.7627168800179602,0.7216851799725349,0.9462032359314518
E18d,1,3500,1,0.9908355217674454,0.7236817185845168,0.730375226448905
E18d,1,3500,2,1.1678532110180062,0.7339356516473773,0.628448545350672
E18d,1,3500,3,1.32778731716435,0.6847662010705793,0.515719793538155
E18d,1,3500,4,1.547282826076251,0.7288298836346419,0.47103856602795685
E18d,1,3500,5,1.6258939597260833,0.6656290034291616,0.40939262948076954
E18d,1,3500,6,1.7079596785988553,0.8055506876655112,0.4716450263781134
E18d,1,3500,7,1.7892199300670504,0.6494213233850091,0.3629633855915479
E18d,1,3500,8,1.888963201041436,0.5178168741335217,0.27412756047763953
E18d,1,3500,9,1.9273697217447816,0.7241959318155062,0.37574312994806025
E18d,1,3500,10,1.9905496842366976,0.7821591085055175,0.39293624002429595
E18d,1,3500,11,2.0008286749203794,0.6812520242883101,0.34048493648034095
E18d,1,3500,12,2.0984388113884096,0.6672105707644119,0.3179556950354722
E18d,1,3500,13,2.135135796843803,0.633887177638895,0.29688377599959626
E18d,1,3500,14,2.151886052077058,0.7623293735669849,0.35426103200546527
E18d,1,3500,15,2.2535502192401586,0.7305473386318815,0.32417619647198453
E18d,1,4000,0,0.7689822029502743,0.7156123171669732,0.9305967217725684
E18d,1,4000,1,0.9885379149243804,0.7355697442887522,0.7440986665089327
E18d,1,4000,2,1.169954060716877,0.7300031381346797,0.623958805431538
E18d,1,4000,3,1.3288069868976649,0.6905616903389329,0.5196854751277094
E18d,1,4000,4,1.5424717348217754,0.7213083328914259,0.4676314752534311
E18d,1,4000,5,1.6180061428096106,0.6757709596963147,0.41765660946309036
E18d,1,4000,6,1.703266354623377,0.7947962168163573,0.4666306092754947
E18d,1,4000,7,1.7642906112117134,0.6520874875168645,0.3696032180713195
E18d,1,4000,8,1.8598240530495849,0.514627326155317,0.2767075333343893
E18d,1,4000,9,1.892440993538973,0.72917435212677,0.3853088971419776
E18d,1,4000,10,1.959652983550011,0.7677543940822479,0.39178079003121347
E18d,1,4000,11,1.962784612945324,0.6784992416251651,0.34568196487286484
E18d,1,4000,12,2.0551633933701288,0.6570989360345882,0.3197307514109885
E18d,1,4000,13,2.099475159748107,0.6514422804906096,0.31028815819319766
E18d,1,4000,14,2.1261329924333143,0.7703512778544976,0.36232506649212326
E18d,1,4000,15,2.242564626411969,0.7374854287332259,0.32885804941692076
E18d,1,4500,0,0.7721097131444352,0.7113797045688911,0.9213453638237243
E18d,1,4500,1,0.9841358350787548,0.7335235386301114,0.7453478600049268
E18d,1,4500,2,1.1622385527010872,0.7189502847457554,0.6185909795152529
E18d,1,4500,3,1.3246450281702549,0.687683229007198,0.5191452912914349
E18d,1,4500,4,1.5356763570557057,0.7068561497074791,0.4602897911788573
E18d,1,4500,5,1.607020525781689,0.6729124912820966,0.418732978506779
E18d,1,4500,6,1.6965456032975714,0.81584471147138,0.48088581284559917
E18d,1,4500,7,1.7555954819029196,0.6574284650676855,0.3744760520544788
E18d,1,4500,8,1.85294733802156,0.5263552234500177,0.2840637791746531
E18d,1,4500,9,1.8844589546182289,0.7174380724100828,0.38071302675596247
E18d,1,4500,10,1.950109544866456,0.7942657055159218,0.4072928659863122
E18d,1,4500,11,1.9537259963921252,0.6674231842555068,0.34161555176519787
E18d,1,4500,12,2.0525248766264337,0.6570481339600165,0.32011701365586004
E18d,1,4500,13,2.089473459769714,0.6341658563422142,0.3035051023869464
E18d,1,4500,14,2.111709238897294,0.7794529317194511,0.3691099690061833
E18d,1,4500,15,2.22386140331317,0.7215626935862612,0.3244638773402233
E18d,1,5000,0,0.7755782960921038,0.725786690547407,0.935800671839863
E18d,1,5000,1,0.9986820544120466,0.7388251591893074,0.7398001755666626
E18d,1,5000,2,1.1738215649704677,0.7139108505556947,0.6081936742861391
E18d,1,5000,3,1.3266247369966249,0.692332128766167,0.5218748825184377
E18d,1,5000,4,1.5370224942015358,0.7126708766083086,0.46366977666031645
E18d,1,5000,5,1.6165403074023665,0.67541289564322,0.4178138290461481
E18d,1,5000,6,1.7063262575050988,0.8319776095028129,0.4875841333645578
E18d,1,5000,7,1.7708615668014487,0.6541329160722253,0.36938681618898533
E18d,1,5000,8,1.858924520583174,0.5318502446488999,0.2861064226975983
E18d,1,5000,9,1.8832784268661844,0.7087150723664962,0.37631985916485716
E18d,1,5000,10,1.9362406468292548,0.7871917376452627,0.40655676707043137
E18d,1,5000,11,1.9402839395707405,0.6727172358249389,0.3467107169756648
E18d,1,5000,12,2.029239222128657,0.6625821203124903,0.32651750128180873
E18d,1,5000,13,2.0843098061281524,0.6292042064855723,0.30187652748916066
E18d,1,5000,14,2.1044694117556926,0.7680234464948804,0.36494873349294377
E18d,1,5000,15,2.228992402737624,0.7162456738617669,0.3213315904451185
E18d,1,5500,0,0.7801023101966211,0.7200601229619749,0.923032932411759
E18d,1,5500,1,0.9921990503053189,0.7390250182431832,0.7448354420574893
E18d,1,5500,2,1.1715725617916488,0.6941559988564786,0.5924993649517771
E18d,1,5500,3,1.3251511476446995,0.6870555485713106,0.5184733453179821
E18d,1,5500,4,1.5209872736532826,0.707181198528267,0.4649487939696416
E18d,1,5500,5,1.5953800365229396,0.6940147982904598,0.4350153458125466
E18d,1,5500,6,1.6879012063092524,0.82525911543694,0.48892619565184336
E18d,1,5500,7,1.7417086244905837,0.6492058003537795,0.3727407622751249
E18d,1,5500,8,1.833465694419647,0.5292017362753123,0.28863465397034455
E18d,1,5500,9,1.8566334376671667,0.7003483632267326,0.3772141280115639
E18d,1,5500,10,1.9166120823674315,0.7774718095201105,0.40564901821956806
E18d,1,5500,11,1.9161329937477725,0.6584245380522458,0.34362152324533096
E18d,1,5500,12,2.004363837640193,0.6554770389560913,0.32702497752494236
E18d,1,5500,13,2.0619438622964825,0.6279514439355014,0.30454342400773354
E18d,1,5500,14,2.092726732566837,0.7669829471819621,0.3664993308711731
E18d,1,5500,15,2.2128287159599234,0.7216914717940871,0.32613978053923526
E18d,1,6000,0,0.7770732277930489,0.7151326776153218,0.920289944419211
E18d,1,6000,1,0.9885676364375435,0.7401106204483254,0.7486696844693689
E18d,1,6000,2,1.158878353959205,0.6873353439067265,0.5931039626018609
E18d,1,6000,3,1.3110363216631586,0.6995646489856667,0.5335966955501361
E18d,1,6000,4,1.516883372213523,0.7075977019976152,0.4664812832413398
E18d,1,6000,5,1.5946539195306095,0.6607743695318725,0.4143685105833955
E18d,1,6000,6,1.683302608663654,0.8470454053713452,0.5032044749480906
E18d,1,6000,7,1.7271008227819071,0.6682817961645328,0.3869384967856745
E18d,1,6000,8,1.8321501222068088,0.5421044130814757,0.29588427635423004
E18d,1,6000,9,1.8559570955006,0.6997310386031785,0.3770189732831312
E18d,1,6000,10,1.9074250743090115,0.7795378980407619,0.4086859864328664
E18d,1,6000,11,1.903294735028031,0.6400028364357997,0.33626049852251283
E18d,1,6000,12,1.97048866375228,0.6483647646265611,0.329037551219361
E18d,1,6000,13,2.029283829458549,0.6523107525867753,0.3214487510900947
E18d,1,6000,14,2.0671298347208253,0.7939417037090721,0.38407926312780316
E18d,1,6000,15,2.2026424698698306,0.7223478036140247,0.3279460073503047
E18d,1,6500,0,0.7764769119757651,0.7170790524805934,0.9235033797153964
E18d,1,6500,1,0.9897585817472851,0.7313982630013472,0.7389663262228677
E18d,1,6500,2,1.1660030523413432,0.683769416130203,0.5864216347951995
E18d,1,6500,3,1.308358290170307,0.7134663568457768,0.545314201932336
E18d,1,6500,4,1.5286076807540723,0.7132394381763653,0.4665941740031815
E18d,1,6500,5,1.608445773814456,0.6696767026977275,0.41635018948110264
E18d,1,6500,6,1.6985754272509919,0.8407301819098406,0.4949619359974464
E18d,1,6500,7,1.7425860298205076,0.6681124365692177,0.38340284217591003
E18d,1,6500,8,1.8516840124564253,0.5416129478281639,0.29249750183329914
E18d,1,6500,9,1.873705271529989,0.7071654439182503,0.3774155170843965
E18d,1,6500,10,1.9149298802039614,0.7928971619097387,0.41406067663704027
E18d,1,6500,11,1.8971546410714297,0.6560908166949165,0.3458288546917742
E18d,1,6500,12,1.9732166274013703,0.6593782323417577,0.33416413747239027
E18d,1,6500,13,2.0354315156481304,0.6515733953558025,0.32011560710669545
E18d,1,6500,14,2.068409562823387,0.7907613178340277,0.38230403303426785
E18d,1,6500,15,2.2065111542934224,0.7216753218418325,0.32706624683840774
E18d,1,7000,0,0.7776337883770228,0.7197280640976723,0.9255359976060147
E18d,1,7000,1,0.9907786715132133,0.724938095891751,0.7316852055207801
E18d,1,7000,2,1.1675099235302981,0.6830292820652623,0.5850308149843635
E18d,1,7000,3,1.3172224907137517,0.7055569133029529,0.5356398924836449
E18d,1,7000,4,1.5351988125769467,0.7345432975517415,0.4784678645749832
E18d,1,7000,5,1.6149396984684818,0.6780525879076533,0.4198624806552717
E18d,1,7000,6,1.7090986948128937,0.8478832827325059,0.49609966077782847
E18d,1,7000,7,1.752827088059858,0.6632993161143357,0.37841685619345267
E18d,1,7000,8,1.8470454731947366,0.547184560407013,0.29624855930621835
E18d,1,7000,9,1.864189010322192,0.6952784031978306,0.37296561633397035
E18d,1,7000,10,1.905473844554701,0.7908584713465443,0.4150455665432467
E18d,1,7000,11,1.8902173297674512,0.6442102973575441,0.3408128193580786
E18d,1,7000,12,1.961069518541292,0.6722247430265287,0.3427847593728098
E18d,1,7000,13,2.011443173114412,0.6551940215805317,0.3257332995224837
E18d,1,7000,14,2.0422318030212385,0.7755614498517835,0.3797617139760691
E18d,1,7000,15,2.1707736364041095,0.7158167385208631,0.3297519034304355
E18d,1,7500,0,0.7842810510900589,0.7163189096343242,0.9133446595945737
E18d,1,7500,1,0.9967628964254643,0.7224847053720624,0.7248310585827351
E18d,1,7500,2,1.1698814852164388,0.6876482381576751,0.5877930772025628
E18d,1,7500,3,1.3116970805332606,0.6899340405854107,0.5259858017713382
E18d,1,7500,4,1.5264777144401989,0.716222236013384,0.46919927440672937
E18d,1,7500,5,1.593873999100556,0.6682371990501753,0.41925346635133665
E18d,1,7500,6,1.6851073279970081,0.8641526910392465,0.5128175972425543
E18d,1,7500,7,1.7488364276741502,0.6527249655271604,0.37323385720827323
E18d,1,7500,8,1.839243501659722,0.5589130037331432,0.30388200541623966
E18d,1,7500,9,1.8505972073391015,0.6885562050250525,0.3720724327770382
E18d,1,7500,10,1.8810702683845582,0.807110341509697,0.42906974559904887
E18d,1,7500,11,1.8792170651287041,0.64477847440912,0.34311016346850826
E18d,1,7500,12,1.9428080714661105,0.6585562162981217,0.3389713199004533
E18d,1,7500,13,1.996835104692102,0.655742207087409,0.3283907647389442
E18d,1,7500,14,2.0296532097551125,0.7856239721827456,0.38707300754966656
E18d,1,7500,15,2.1670237397825804,0.7220546384620676,0.3332010744536246
E18d,1,8000,0,0.7856715817537527,0.7241035457397771,0.9216364223375048
E18d,1,8000,1,1.0087895146129606,0.7181764197955353,0.7119189973649518
E18d,1,8000,2,1.1760356487897308,0.6901484089017884,0.5868431025981453
E18d,1,8000,3,1.3193946382131594,0.7018100360305966,0.5319182113556635
E18d,1,8000,4,1.542381727802372,0.7034855375558089,0.4561033918355312
E18d,1,8000,5,1.6199893575725448,0.6644768929747624,0.41017361618377574
E18d,1,8000,6,1.704273316532905,0.8721640848911961,0.5117512997653959
E18d,1,8000,7,1.7673520094775104,0.6475106019904625,0.3663733079308229
E18d,1,8000,8,1.8574967018083328,0.5543951374477736,0.2984635918373648
E18d,1,8000,9,1.867635015151959,0.6779157515354303,0.3629808533442344
E18d,1,8000,10,1.9076553404622567,0.8136327112814907,0.42650928290030315
E18d,1,8000,11,1.9001719060120572,0.6548398807121841,0.3446213885387425
E18d,1,8000,12,1.9736801847113397,0.656029080964724,0.33238874567749255
E18d,1,8000,13,2.0176297274754322,0.648997040190643,0.32166310366704565
E18d,1,8000,14,2.0488860236269573,0.775621129468368,0.37855747978374915
E18d,1,8000,15,2.168550429342047,0.7304627609787558,0.3368437971720968
E18d,1,8500,0,0.7893419633552604,0.719267444759581,0.9112241311765394
E18d,1,8500,1,1.0110143454405636,0.721974554687689,0.714109110264977
E18d,1,8500,2,1.1729992245476495,0.6855866217129393,0.5844732096709834
E18d,1,8500,3,1.3095732730333498,0.7061487734209639,0.5392205140116517
E18d,1,8500,4,1.5291800086050575,0.6915665970899652,0.4522466898588501
E18d,1,8500,5,1.5986623555574504,0.6682120982753474,0.4179820059892154
E18d,1,8500,6,1.6762962484021517,0.854370848471333,0.5096777191297306
E18d,1,8500,7,1.7457869096106193,0.6435811179422855,0.3686481519590669
E18d,1,8500,8,1.8381337190999396,0.5470727041513218,0.297623996810853
E18d,1,8500,9,1.8617612952044873,0.6913174613736512,0.3713244351756277
E18d,1,8500,10,1.918310842192722,0.8112109631388598,0.4228777449913208
E18d,1,8500,11,1.8871225011484076,0.6409965839971746,0.3396687727516875
E18d,1,8500,12,1.9515040624004445,0.648941408548867,0.33253397779281973
E18d,1,8500,13,1.9978717785071516,0.6553133348949669,0.3280057018396995
E18d,1,8500,14,2.039505193768357,0.7881412856593251,0.386437498696971
E18d,1,8500,15,2.143034531046712,0.724486408864705,0.33806567200335663
E18d,1,9000,0,0.7924749443889099,0.71919898927735,0.9075353036327677
E18d,1,9000,1,1.015680465943116,0.7203340464171782,0.7092132521701182
E18d,1,9000,2,1.169010276111001,0.6752286732219774,0.5776071323070752
E18d,1,9000,3,1.3074475736846574,0.6963784889343244,0.5326244072424151
E18d,1,9000,4,1.5196698165001443,0.6978901214961112,0.4592379962532768
E18d,1,9000,5,1.5857183656541283,0.6824777914895716,0.43039029267220547
E18d,1,9000,6,1.6704644957001704,0.8227708764125138,0.4925401758195715
E18d,1,9000,7,1.744062102166021,0.6495001770243137,0.3724065652350758
E18d,1,9000,8,1.835008072366985,0.5474463939273055,0.29833459709043786
E18d,1,9000,9,1.8694100871893975,0.6968382864783388,0.3727583857889707
E18d,1,9000,10,1.9336936816695323,0.8124561839150151,0.4201576452447982
E18d,1,9000,11,1.9106310534115938,0.6498484242807578,0.3401224025540663
E18d,1,9000,12,1.9666693463970317,0.6441677881383814,0.32754249682007125
E18d,1,9000,13,2.0024286843505252,0.6519803062880309,0.3255947696831443
E18d,1,9000,14,2.049327955487053,0.77564930797641,0.37848959503998253
E18d,1,9000,15,2.164983208646115,0.7294957635570559,0.33695215770899695
E18d,1,9500,0,0.7924370390572717,0.7289584976776124,0.9198945301002375
E18d,1,9500,1,1.0192407480185661,0.7213766735166823,0.7077588635649229
E18d,1,9500,2,1.17711587223469,0.6761145528216385,0.574382326132492
E18d,1,9500,3,1.3145711002888176,0.6964331204481098,0.5297797283806863
E18d,1,9500,4,1.5282838244881665,0.707135412203257,0.4626990097471469
E18d,1,9500,5,1.6061235049382543,0.6737884774470141,0.41951224508909557
E18d,1,9500,6,1.685393305527297,0.8282858918125376,0.4914496154079583
E18d,1,9500,7,1.7558003647271427,0.6506428998990713,0.37056769833863396
E18d,1,9500,8,1.8400747074970072,0.5495151484065492,0.2986374119309735
E18d,1,9500,9,1.8768473789041884,0.7015579566765308,0.3737959540887873
E18d,1,9500,10,1.933377362503407,0.7996810464264098,0.41361870782998816
E18d,1,9500,11,1.922324841413877,0.6497600400347234,0.33800740958891345
E18d,1,9500,12,1.970617375867044,0.643124674401973,0.3263569489835677
E18d,1,9500,13,2.0086067189834624,0.6511031294845736,0.32415660235075333
E18d,1,9500,14,2.0430540997965907,0.7754455412498931,0.37955213292056117
E18d,1,9500,15,2.1508456051755807,0.7271295463750865,0.3380668257290967
E18d,1,10000,0,0.7903940213825443,0.7327571026378612,0.9270782455516736
E18d,1,10000,1,1.0254742042826681,0.7310689407748399,0.7129081723574233
E18d,1,10000,2,1.1871664887474884,0.6684072123674226,0.5630273585911449
E18d,1,10000,3,1.320802508380817,0.6983404945076808,0.5287243854221494
E18d,1,10000,4,1.5267976167480979,0.7110836448111886,0.4657353646685108
E18d,1,10000,5,1.6015352231679367,0.6711649260527074,0.419075969322174
E18d,1,10000,6,1.682894821636321,0.810805574390977,0.48179218568312565
E18d,1,10000,7,1.7550063055547496,0.6611094122217289,0.37669916633875294
E18d,1,10000,8,1.8348901372296387,0.5383049220660119,0.29337174533989135
E18d,1,10000,9,1.8717490342032694,0.7077999235471589,0.3781489455120471
E18d,1,10000,10,1.9343908725244823,0.7968488809360328,0.4119378830071209
E18d,1,10000,11,1.930358143607427,0.6463528980880288,0.33483574031507607
E18d,1,10000,12,1.9758023428314346,0.6518826687816643,0.3299331388824452
E18d,1,10000,13,2.009012289590568,0.6415615904958467,0.3193417948810036
E18d,1,10000,14,2.0396461941215143,0.7744784643041577,0.37971216112691025
E18d,1,10000,15,2.155718504581738,0.7239488947971224,0.3358271932343904
E18d,1,10500,0,0.7915364110055141,0.7337158112320958,0.926951433983982
E18d,1,10500,1,1.0236106921268724,0.7187141601044481,0.702136237568107
E18d,1,10500,2,1.1803849672843731,0.6746500282630998,0.5715508473606019
E18d,1,10500,3,1.3117576129710549,0.7143359792476103,0.5445640049533852
E18d,1,10500,4,1.5374799011333582,0.6962124295270852,0.4528270119263803
E18d,1,10500,5,1.6100937643790454,0.6613190441350906,0.4107332496813546
E18d,1,10500,6,1.6834338427743807,0.813199596952889,0.4830600266492781
E18d,1,10500,7,1.7613731620854822,0.6535581792608857,0.37105037894813087
E18d,1,10500,8,1.8302487878003089,0.5453252763965141,0.2979514479296092
E18d,1,10500,9,1.8672723878988984,0.7177229636520136,0.38436971933142194
E18d,1,10500,10,1.9370531205128487,0.8045220162350067,0.41533296517031176
E18d,1,10500,11,1.9236844776461712,0.6325650843667858,0.3288299571563811
E18d,1,10500,12,1.9661243592865423,0.6421539849350885,0.32660903767456
E18d,1,10500,13,2.00157086941822,0.6477464868878473,0.32361906180025607
E18d,1,10500,14,2.0275865270061417,0.7865149948023112,0.38790699401798145
E18d,1,10500,15,2.1472057873893804,0.725234985055674,0.3377575588306468
E18d,1,11000,0,0.7961827247812503,0.7414303770782068,0.9312314296720183
E18d,1,11000,1,1.034667494939769,0.7096375020189861,0.6858604387299286
E18d,1,11000,2,1.1794488589042071,0.6723651018362573,0.5700671943172957
E18d,1,11000,3,1.30975705882388,0.6994501601523335,0.5340304565950706
E18d,1,11000,4,1.5209796259221016,0.6948835794748678,0.45686580387530906
E18d,1,11000,5,1.5995462327453582,0.6768480506230713,0.4231500389090804
E18d,1,11000,6,1.6728147111251015,0.7966727723514795,0.4762468712483126
E18d,1,11000,7,1.7602113762070841,0.6567813266321366,0.37312639578967705
E18d,1,11000,8,1.835376151702373,0.5402042735860872,0.294328916219724
E18d,1,11000,9,1.8783885671326952,0.711116164819799,0.37857777526047065
E18d,1,11000,10,1.9414003170746534,0.8097900017159956,0.4171164466152997
E18d,1,11000,11,1.9216574527404233,0.6313496471776183,0.32854432317126436
E18d,1,11000,12,1.969154662943531,0.6436703012066072,0.3268764578626019
E18d,1,11000,13,2.006595307242586,0.6474583374654561,0.32266513089536597
E18d,1,11000,14,2.038596050187928,0.7814662309224797,0.3833354974127612
E18d,1,11000,15,2.1508754344660477,0.7248468518822561,0.33700085103356925
E18d,1,11500,0,0.7994845822566442,0.739537904567149,0.9250183442934092
E18d,1,11500,1,1.035183421430289,0.7266678857931431,0.701970173352586
E18d,1,11500,2,1.178361442778244,0.6864959495025482,0.5825852107685944
E18d,1,11500,3,1.317335384585512,0.6965369224775765,0.5287468404993431
E18d,1,11500,4,1.5203958346590767,0.6921442849524875,0.45523952984762633
E18d,1,11500,5,1.6007002259723453,0.6741518446824094,0.4211605856886138
E18d,1,11500,6,1.6673225474107636,0.793721785319292,0.4760457336535675
E18d,1,11500,7,1.7557930703434086,0.6520471223437432,0.371369003191368
E18d,1,11500,8,1.8248960131195007,0.5273357181149144,0.2889675435333326
E18d,1,11500,9,1.865996469726073,0.7163551629068676,0.3838995274262379
E18d,1,11500,10,1.920225314342426,0.7977866897861474,0.4154651455885772
E18d,1,11500,11,1.9098508382918515,0.6306385299485071,0.3302030280608421
E18d,1,11500,12,1.9517659732414048,0.6342856970278753,0.3249804052964825
E18d,1,11500,13,2.002708493217408,0.6634531928084675,0.33127796434448187
E18d,1,11500,14,2.0458142067111678,0.7907085241963057,0.3865006517221529
E18d,1,11500,15,2.1600368783792394,0.7398380721206821,0.34251177816733
E18d,1,12000,0,0.8009359259876502,0.7354506212979949,0.918239021918134
E18d,1,12000,1,1.0293600121419355,0.7271045626412329,0.7063656583358462
E18d,1,12000,2,1.171081289237865,0.6756247534589832,0.576923873404789
E18d,1,12000,3,1.3107174824068009,0.688246819036401,0.5250916603115798
E18d,1,12000,4,1.5099804347729215,0.6923388560241133,0.45850849460061427
E18d,1,12000,5,1.5931518451021556,0.6630744764074715,0.4162029366164743
E18d,1,12000,6,1.6604934300852916,0.8014918260253615,0.4826829251496603
E18d,1,12000,7,1.7475947373397436,0.6592499503274648,0.3772327395143113
E18d,1,12000,8,1.8088977328211873,0.5254715622563271,0.2904926866356302
E18d,1,12000,9,1.8370894107181648,0.7253894845465488,0.3948580185125425
E18d,1,12000,10,1.8988578227729656,0.7859545127932075,0.41390908964708684
E18d,1,12000,11,1.8991666871863122,0.6438345601292749,0.33900897929246027
E18d,1,12000,12,1.9393053495808674,0.63415963710069,0.3270035001129388
E18d,1,12000,13,2.0023417094962155,0.6801749109270836,0.33968972813247444
E18d,1,12000,14,2.053185878069852,0.7888514746209248,0.38420850398722983
E18d,1,12000,15,2.1735059144096773,0.7357595840022865,0.3385128051064532
E18d,2,0,0,0.776641216477326,0.7107626113070041,0.9151749819960203
E18d,2,0,1,1.067537556864757,0.6780314061469266,0.6351358805007591
E18d,2,0,2,1.3050810025458959,0.8745608936076411,0.6701200093339688
E18d,2,0,3,1.622761658885492,0.6983948621587666,0.43037426866396516
E18d,2,0,4,1.7308656538567166,0.763135843107664,0.4408983686326226
E18d,2,0,5,1.8610435498096323,0.7722380350358875,0.41494893287955587
E18d,2,0,6,2.001321621383058,0.678592773676132,0.3390723242210192
E18d,2,0,7,2.1688686186214756,0.6120620336274861,0.28220337016841085
E18d,2,0,8,2.258020639373314,0.7035469519315116,0.31157684728992224
E18d,2,0,9,2.4458475500909653,0.4751977134663527,0.19428754398395734
E18d,2,0,10,2.5384574503252786,0.6957874434811623,0.2740985252252323
E18d,2,0,11,2.73032623833321,0.6822994369302802,0.2498966707168318
E18d,2,0,12,2.9747147780544636,0.8054875247450777,0.2707780694429757
E18d,2,0,13,2.964687631139357,0.6999355657183876,0.23609083073935713
E18d,2,0,14,2.903548314833497,0.6328667987789687,0.21796324020021007
E18d,2,0,15,2.948153591279216,0.7720352705832593,0.26187077663354374
E18d,2,500,0,0.7671242963156988,0.7083749161654996,0.9234160872855189
E18d,2,500,1,1.0609198676567047,0.6979895754370131,0.6579097976350373
E18d,2,500,2,1.3138172729228472,0.8358280824442434,0.6361828997610741
E18d,2,500,3,1.5869587812668629,0.666117631084145,0.41974475893594787
E18d,2,500,4,1.6745078609713193,0.6725744578520615,0.4016550017638772
E18d,2,500,5,1.7836719919456807,0.6716801702909745,0.3765715744396964
E18d,2,500,6,1.873335794524101,0.6650124881485469,0.3549884062923623
E18d,2,500,7,1.976539853255586,0.6071081577517756,0.3071570536520169
E18d,2,500,8,2.0574025898637402,0.654831421661513,0.31828064419073265
E18d,2,500,9,2.173298366316435,0.5402347898644274,0.248578289220399
E18d,2,500,10,2.2683497994389863,0.6400553099504469,0.28216781649318234
E18d,2,500,11,2.4243536508488317,0.6965429524115959,0.287310785770763
E18d,2,500,12,2.6295686449867617,0.7833339820444536,0.297894479209687
E18d,2,500,13,2.6424144458200876,0.6901803352934573,0.26119306772078144
E18d,2,500,14,2.6138363279310144,0.5871749292198419,0.22464104693373094
E18d,2,500,15,2.6944088840221516,0.8790303180884177,0.326242361840873
E18d,2,1000,0,0.7589902944133274,0.7117724099622768,0.9377885530307757
E18d,2,1000,1,1.0657578934946865,0.6910858689315617,0.6484454613471808
E18d,2,1000,2,1.2856745200615922,0.7806344639834951,0.6071789179940329
E18d,2,1000,3,1.5094768085839363,0.668286136846129,0.44272699855061615
E18d,2,1000,4,1.605561264091941,0.6483335715361024,0.40380494101094366
E18d,2,1000,5,1.707930758671082,0.673199993513505,0.39416117433081005
E18d,2,1000,6,1.7767326980461724,0.6581887365143047,0.3704489354184217
E18d,2,1000,7,1.8582264492961247,0.633462608026002,0.34089634676438413
E18d,2,1000,8,1.9433562334369894,0.6613386774981564,0.3403074876954099
E18d,2,1000,9,2.034680344396708,0.5233423885568523,0.25721110935095104
E18d,2,1000,10,2.10996688477038,0.6021232161699731,0.2853709318928481
E18d,2,1000,11,2.2434873517743754,0.6909482079827676,0.30797954240138514
E18d,2,1000,12,2.429347223470799,0.7544058766829721,0.31053851396555626
E18d,2,1000,13,2.4812427517326396,0.6580776194733483,0.26522097405173917
E18d,2,1000,14,2.47260230755545,0.5990169851265053,0.24226175931976954
E18d,2,1000,15,2.563814079768107,0.8850480762967019,0.34520758867848683
E18d,2,1500,0,0.7683533175169177,0.7159845072552313,0.9318428006129702
E18d,2,1500,1,1.0716380950711848,0.6974930790013026,0.6508662599895452
E18d,2,1500,2,1.2943848498952537,0.796783566865514,0.615569292957958
E18d,2,1500,3,1.5122675295880663,0.6987197551416799,0.4620344889187745
E18d,2,1500,4,1.618474143790958,0.658356347620219,0.4067759439629653
E18d,2,1500,5,1.7149239221650099,0.6807130784899259,0.39693485506375004
E18d,2,1500,6,1.776438196586016,0.6787608348728729,0.38209088060441676
E18d,2,1500,7,1.866799738135652,0.6235271261471026,0.3340085781080143
E18d,2,1500,8,1.9303349936214418,0.6673492269566691,0.3457167948370847
E18d,2,1500,9,1.987973094526172,0.5552044219147524,0.27928165800809485
E18d,2,1500,10,2.0748252303927295,0.625367450651054,0.301407290354129
E18d,2,1500,11,2.2074206720974243,0.7006892167957383,0.31742441558724943
E18d,2,1500,12,2.3734452942414537,0.8275707837841703,0.3486791061888197
E18d,2,1500,13,2.406964517284728,0.6544297824228876,0.2718900830167381
E18d,2,1500,14,2.3970460045015565,0.6005475645438695,0.2505365201235459
E18d,2,1500,15,2.476694558445253,0.8193778994148488,0.3308352645346845
E18d,2,2000,0,0.7694067434588902,0.7122481834561738,0.9257108668611892
E18d,2,2000,1,1.0800168218190558,0.6833223886624362,0.632696060707209
E18d,2,2000,2,1.2819959236466087,0.7857901699450576,0.6129427991548483
E18d,2,2000,3,1.4926418018808938,0.712960796849276,0.4776502949005358
E18d,2,2000,4,1.595739757045709,0.6619147014804354,0.41480115949851293
E18d,2,2000,5,1.695066233993476,0.6901503488051377,0.40715243744734636
E18d,2,2000,6,1.749334176494909,0.6870857987188904,0.39276989379787036
E18d,2,2000,7,1.816060899541426,0.6377186049793807,0.35115485672336827
E18d,2,2000,8,1.8729842574080537,0.6936776870440278,0.3703595928798568
E18d,2,2000,9,1.913869936381213,0.564498873503665,0.29495153394333146
E18d,2,2000,10,2.001791874594411,0.6282542438163231,0.3138459356288553
E18d,2,2000,11,2.139831552398184,0.6794710058025585,0.31753481017748875
E18d,2,2000,12,2.2834342697353653,0.8580486386090443,0.37577111370430927
E18d,2,2000,13,2.3361750052449084,0.671005796015381,0.28722411399356507
E18d,2,2000,14,2.350898834214348,0.6365010936885481,0.27074797282855506
E18d,2,2000,15,2.4458590873950383,0.7768957977456932,0.3176371859480776
E18d,2,2500,0,0.7660453065577896,0.7053551347489555,0.9207746966278741
E18d,2,2500,1,1.0635499820247298,0.6903248077833996,0.6490760372814787
E18d,2,2500,2,1.2585660728484895,0.7745555990807933,0.6154270449446931
E18d,2,2500,3,1.4624761510837994,0.7345778778155797,0.5022836627258537
E18d,2,2500,4,1.5679718977123587,0.65846029247666,0.4199439374119786
E18d,2,2500,5,1.6747514128296923,0.6772334465916219,0.4043784894901836
E18d,2,2500,6,1.730338164935458,0.708500096678927,0.4094575910283723
E18d,2,2500,7,1.8152232441584892,0.6300630033262169,0.34709945752061194
E18d,2,2500,8,1.865746533994645,0.685388061426046,0.3673532545487838
E18d,2,2500,9,1.886773785826193,0.5495432019572168,0.2912607786293677
E18d,2,2500,10,1.9704150780432352,0.6656350235313196,0.3378146213702056
E18d,2,2500,11,2.1168548719259426,0.688209288408838,0.3251093391124617
E18d,2,2500,12,2.2540922069111398,0.8491554637638244,0.37671727055365295
E18d,2,2500,13,2.2882235757469256,0.683293996586071,0.29861330152715915
E18d,2,2500,14,2.2979124437155938,0.6386275200007048,0.27791638525969264
E18d,2,2500,15,2.369305609320696,0.7262205775477109,0.3065119901336517
E18d,2,3000,0,0.7668095787587446,0.6941014899024776,0.9051810372870387
E18d,2,3000,1,1.0559611394205424,0.6828971135265048,0.6467066713281172
E18d,2,3000,2,1.2467289483725479,0.7783355562905065,0.6243021446694796
E18d,2,3000,3,1.4491451086346496,0.7445962459783892,0.5138175891025366
E18d,2,3000,4,1.5468726797867354,0.6569422203480432,0.4246905572335886
E18d,2,3000,5,1.659483964892506,0.6634170668675835,0.3997731107396128
E18d,2,3000,6,1.6964694802079194,0.7120710399519493,0.41973701752929726
E18d,2,3000,7,1.7966778398582077,0.6123656502145295,0.3408321940804128
E18d,2,3000,8,1.8555878112472912,0.7047109364479406,0.37977773521493824
E18d,2,3000,9,1.8760632945991687,0.545331524492652,0.29067863864857774
E18d,2,3000,10,1.9710139559410342,0.668373069170344,0.3391011348020812
E18d,2,3000,11,2.109703091591512,0.6892932106334149,0.32672522184788944
E18d,2,3000,12,2.2486345324411587,0.825806654820009,0.3672480533879813
E18d,2,3000,13,2.265850349124168,0.6743578645584595,0.2976180067757444
E18d,2,3000,14,2.2556987341844823,0.6420244563618281,0.28462331721525014
E18d,2,3000,15,2.317194067544906,0.7086218165550638,0.30581030155400707
E18d,2,3500,0,0.7641342209288892,0.6934341607047896,0.9074769087842239
E18d,2,3500,1,1.0537751641812372,0.6783684953682163,0.6437506959990801
E18d,2,3500,2,1.245184740861241,0.7699786537943272,0.6183649931830725
E18d,2,3500,3,1.4365287352580411,0.7338258000707591,0.5108326635310524
E18d,2,3500,4,1.5327616303057268,0.6507140328283127,0.4245370055998338
E18d,2,3500,5,1.64028191501051,0.6665910708679175,0.4063881121701243
E18d,2,3500,6,1.6809431409793458,0.7184122654868028,0.42738641657340276
E18d,2,3500,7,1.7828012994923121,0.6040438614686061,0.33881726563729764
E18d,2,3500,8,1.8626570805404352,0.7046738552763795,0.37831647201100693
E18d,2,3500,9,1.8757407740097751,0.548441843718661,0.29238680062717604
E18d,2,3500,10,1.9626220108836834,0.6692654440201867,0.3410057771230465
E18d,2,3500,11,2.0982763632471433,0.7052991906065647,0.33613264818705474
E18d,2,3500,12,2.225477965854837,0.8373945275972077,0.37627626085057764
E18d,2,3500,13,2.226596856773864,0.6781263587962072,0.3045573143306914
E18d,2,3500,14,2.235751969822128,0.6620829200334282,0.2961343337589018
E18d,2,3500,15,2.3163193173074585,0.7199766572111418,0.3108278948552131
E18d,2,4000,0,0.7662621669960439,0.679619970569353,0.8869287821342506
E18d,2,4000,1,1.0469585602867673,0.6713683732206888,0.6412559185119968
E18d,2,4000,2,1.232977528195187,0.7682151084868445,0.6230568610697599
E18d,2,4000,3,1.4114580780359314,0.7432990581389243,0.5266178781400563
E18d,2,4000,4,1.5139918404406272,0.6365322745942222,0.420433094546248
E18d,2,4000,5,1.6170331623955267,0.6626429195910575,0.4097893197251417
E18d,2,4000,6,1.6655686152269655,0.7192626379359638,0.4318420936611792
E18d,2,4000,7,1.750798095118584,0.6209012069450671,0.35463895504353554
E18d,2,4000,8,1.8388711822139305,0.7155248521756652,0.3891109171193823
E18d,2,4000,9,1.8413853382509482,0.5355024937781365,0.2908150090337892
E18d,2,4000,10,1.9266691655988615,0.6803801748341112,0.3531380410204626
E18d,2,4000,11,2.0752561584713116,0.7036680973887606,0.33907529656825647
E18d,2,4000,12,2.18657143354434,0.8471523200607809,0.3874340929660747
E18d,2,4000,13,2.175184897413361,0.6687720317865817,0.3074552570596906
E18d,2,4000,14,2.1942494128918026,0.6706799178002054,0.305653456648903
E18d,2,4000,15,2.2757673873234907,0.7108922043214528,0.3123747217229994
E18d,2,4500,0,0.7651286135822822,0.6760361360758762,0.8835588214518852
E18d,2,4500,1,1.046536508815994,0.6701703617767969,0.6403697875146264
E18d,2,4500,2,1.2388333939426477,0.7855384128011353,0.6340952840326018
E18d,2,4500,3,1.4259099169032798,0.73524188248602,0.515629966360555
E18d,2,4500,4,1.5269983121814144,0.6332719637550174,0.414716872116478
E18d,2,4500,5,1.6255986479744362,0.6741153890980687,0.4146874690982578
E18d,2,4500,6,1.66646531955708,0.7184485844051878,0.431121233651679
E18d,2,4500,7,1.7520005531473748,0.6112848133499958,0.34890674677690914
E18d,2,4500,8,1.820157585619475,0.6921681537871663,0.3802792457399192
E18d,2,4500,9,1.8390016015732582,0.5392180514560049,0.2932123881755764
E18d,2,4500,10,1.9342100459971192,0.6840876428516189,0.35367805283989195
E18d,2,4500,11,2.079766721787107,0.7049078671620239,0.33893602574634374
E18d,2,4500,12,2.1981020482893237,0.8439695808816297,0.3839537757304991
E18d,2,4500,13,2.189411100439012,0.6684987310294653,0.3053326672617219
E18d,2,4500,14,2.2124222610734967,0.6736308040516582,0.30447659829855606
E18d,2,4500,15,2.2843069903643025,0.7152454384488223,0.31311266019229517
E18d,2,5000,0,0.7672480578152135,0.6797117355222362,0.8859087078796362
E18d,2,5000,1,1.0436330191474734,0.672273289775683,0.6441663663773805
E18d,2,5000,2,1.2393984094811177,0.7875823419743326,0.6354553434549421
E18d,2,5000,3,1.4253919583181465,0.7339011172774665,0.5148767067154032
E18d,2,5000,4,1.5240713760551896,0.6295174213572082,0.4130498290615571
E18d,2,5000,5,1.6272986923764823,0.6844671532481268,0.42061556151596324
E18d,2,5000,6,1.6747783520730724,0.7072430583176761,0.4222905421736776
E18d,2,5000,7,1.7573707079024745,0.6272530253610868,0.35692698332826445
E18d,2,5000,8,1.8223974526551745,0.6981964598555213,0.38311975186218106
E18d,2,5000,9,1.8489004646088254,0.5296077188853202,0.28644468916685034
E18d,2,5000,10,1.9301230528820035,0.6908756429287165,0.3579438325950882
E18d,2,5000,11,2.0817040463962164,0.6850407860655763,0.3290769344717845
E18d,2,5000,12,2.2058239340642616,0.8524397190786143,0.38644957374634253
E18d,2,5000,13,2.2007459834025718,0.6914311263087893,0.3141803422672926
E18d,2,5000,14,2.222996563654587,0.6672972609910173,0.30017916892052515
E18d,2,5000,15,2.295117460117981,0.7105754349906719,0.3096030801639863
E18d,2,5500,0,0.7695543383991243,0.6851850641399787,0.8903660598747895
E18d,2,5500,1,1.0441438103617442,0.6644996256324285,0.6364062297148629
E18d,2,5500,2,1.2338163812480232,0.7902934056448107,0.6405275676802227
E18d,2,5500,3,1.4368290599015512,0.7430929452551076,0.5171756098154243
E18d,2,5500,4,1.5298687052559552,0.6262553189787158,0.4093523299268612
E18d,2,5500,5,1.6343281224366968,0.6744992595272069,0.41270736902058824
E18d,2,5500,6,1.673070526607707,0.699174228744949,0.41789883787062115
E18d,2,5500,7,1.7570103724173853,0.6216038082381757,0.3537849394610808
E18d,2,5500,8,1.812803622561371,0.7022115123599476,0.3873621519841015
E18d,2,5500,9,1.837392615081999,0.5275964607827853,0.2871441065192481
E18d,2,5500,10,1.9232315468235055,0.683746004200707,0.3555193368838049
E18d,2,5500,11,2.0589691949043556,0.7055350944760704,0.34266423034505106
E18d,2,5500,12,2.1902814563022446,0.8427753445998649,0.3847794730557986
E18d,2,5500,13,2.1867985406621098,0.6994075771527911,0.31983173765107203
E18d,2,5500,14,2.220466900146485,0.6669784419849409,0.3003775656106111
E18d,2,5500,15,2.2909412255664665,0.7215857308930733,0.3149734802623107
E18d,2,6000,0,0.7725060143329965,0.6890046447456261,0.8919084537361591
E18d,2,6000,1,1.0504193885496473,0.6799221256117614,0.6472863439340689
E18d,2,6000,2,1.2415473431402342,0.7985827645634654,0.6432157170451651
E18d,2,6000,3,1.4407118694274157,0.7546303012925271,0.5237898828392668
E18d,2,6000,4,1.5315395653020931,0.6349174729369463,0.41456158712537744
E18d,2,6000,5,1.63851148548429,0.6688957529064675,0.40823378952925926
E18d,2,6000,6,1.6846150943471574,0.697890019265262,0.4142726855571224
E18d,2,6000,7,1.7603735731657646,0.6305654559846047,0.3581997966776043
E18d,2,6000,8,1.8138182630548148,0.7077745934323201,0.3902125189986196
E18d,2,6000,9,1.8462365831932839,0.5271403274562197,0.28552154813467534
E18d,2,6000,10,1.9260719440096485,0.6957213258442779,0.3612125331081572
E18d,2,6000,11,2.062072525653877,0.6901556490619248,0.3346902887632813
E18d,2,6000,12,2.1921180092637305,0.8265825404119526,0.3770702749208187
E18d,2,6000,13,2.1899798248843925,0.7003322217525824,0.3197893486482472
E18d,2,6000,14,2.213444614167027,0.671921606716554,0.30356377675590246
E18d,2,6000,15,2.282051349105483,0.7162160355535153,0.31384746703191285
E18d,2,6500,0,0.7703507677016863,0.6917233832817877,0.8979330095892802
E18d,2,6500,1,1.0490209080368398,0.6698845218102969,0.6385807152918745
E18d,2,6500,2,1.238453127571068,0.8168778626542771,0.6595953003537479
E18d,2,6500,3,1.4440393678093806,0.7584485351576048,0.5252270485590551
E18d,2,6500,4,1.5462506357585497,0.6297201819214329,0.4072562153628534
E18d,2,6500,5,1.6587422472600903,0.6786830381590678,0.40915521340347855
E18d,2,6500,6,1.6924690440796604,0.7045181637114944,0.41626649903933755
E18d,2,6500,7,1.772861083963912,0.6362925131611128,0.3589071467113692
E18d,2,6500,8,1.824836282409241,0.6993885507154608,0.38326098481124715
E18d,2,6500,9,1.845751645984343,0.5280738842913073,0.2861023504652948
E18d,2,6500,10,1.9245780097764196,0.6943949249761535,0.36080373019372813
E18d,2,6500,11,2.0582353430498133,0.6794590469569862,0.33011727704091903
E18d,2,6500,12,2.1791717377422155,0.8503595380868024,0.39022144210067555
E18d,2,6500,13,2.1901173252459705,0.702069309384859,0.32056241978087185
E18d,2,6500,14,2.2180628024157922,0.6680358252263755,0.3011798513995129
E18d,2,6500,15,2.2909184666515765,0.7176242181536018,0.3132473846624872
E18d,2,7000,0,0.7715350045046788,0.6951837400175908,0.9010397920492212
E18d,2,7000,1,1.0569864872272379,0.6564233889397227,0.6210329052187784
E18d,2,7000,2,1.237912913141997,0.8158482407054628,0.659051401794271
E18d,2,7000,3,1.4415546632593377,0.7523975192201093,0.5219347822155752
E18d,2,7000,4,1.536569419356516,0.6162697338384068,0.40106859219968594
E18d,2,7000,5,1.6383835306811358,0.6745618215191859,0.411724000447408
E18d,2,7000,6,1.6697119582546027,0.7041118736228176,0.4216966106889752
E18d,2,7000,7,1.760390534520676,0.6252158897937331,0.35515749348423337
E18d,2,7000,8,1.8099744311514856,0.6830528956202725,0.3773826214692557
E18d,2,7000,9,1.8383001166772173,0.5299964413875201,0.2883078973772273
E18d,2,7000,10,1.9223924397739731,0.7010753783446778,0.36468900097583995
E18d,2,7000,11,2.0607122667969797,0.6865806566572488,0.3331763816422656
E18d,2,7000,12,2.1684804743780086,0.830170135896761,0.3828349601049007
E18d,2,7000,13,2.1880575425861744,0.6974047669612472,0.31873237032740454
E18d,2,7000,14,2.225578334725173,0.6711275689022724,0.30155198692889285
E18d,2,7000,15,2.2979714301307705,0.7236816483074529,0.3149219519523227
E18d,2,7500,0,0.7747759841409787,0.6902594589061148,0.8909148877032239
E18d,2,7500,1,1.0543875529074056,0.6565615446913936,0.6226947035565504
E18d,2,7500,2,1.2319740928255993,0.8100404033233468,0.6575141539425357
E18d,2,7500,3,1.4413921883704135,0.7531465455477051,0.5225132698958121
E18d,2,7500,4,1.540124239976398,0.6010530505952629,0.3902627041338392
E18d,2,7500,5,1.6277773842901915,0.6766281182538243,0.415676077566881
E18d,2,7500,6,1.6607377749956203,0.7100219740983593,0.42753406635808705
E18d,2,7500,7,1.7517785652791753,0.6301186014712523,0.35970219864565606
E18d,2,7500,8,1.8121124985460584,0.6905534444368383,0.3810764756552925
E18d,2,7500,9,1.8256504218244995,0.5286365188290861,0.28956064781601665
E18d,2,7500,10,1.9095244932066875,0.6868759041839057,0.35971044447323464
E18d,2,7500,11,2.0392464305611147,0.6932347707540746,0.33994654121489654
E18d,2,7500,12,2.142166186746673,0.8262680840203757,0.3857161452423243
E18d,2,7500,13,2.1612619340734325,0.6844186515761909,0.3166754759272675
E18d,2,7500,14,2.195739522248345,0.6639440658069244,0.30237833726610414
E18d,2,7500,15,2.2629118596269486,0.7332143197380501,0.3240136449056941
E18d,2,8000,0,0.7733407566409073,0.6901704791845095,0.8924532597794829
E18d,2,8000,1,1.055395318493669,0.6578301280418586,0.6233021091857389
E18d,2,8000,2,1.2382103201475598,0.7957787637094745,0.642684647964039
E18d,2,8000,3,1.4421677638729113,0.7414811615817044,0.5141434860466387
E18d,2,8000,4,1.5391349972057338,0.5917802691900261,0.3844888656709063
E18d,2,8000,5,1.6214209511346345,0.6797906778565572,0.4192561329498393
E18d,2,8000,6,1.6622565210721723,0.6990869664103736,0.4205650316591662
E18d,2,8000,7,1.7519687784785243,0.6233046495533137,0.3557738341060021
E18d,2,8000,8,1.8113750052826092,0.6926142020740129,0.38236930511578515
E18d,2,8000,9,1.8136717211432023,0.5332489505625813,0.2940162457991357
E18d,2,8000,10,1.8970920271231089,0.6816383055679093,0.35930692650772256
E18d,2,8000,11,2.0141996036054106,0.6927593232585207,0.3439377716183063
E18d,2,8000,12,2.139315677561871,0.8417007085266598,0.39344390234447624
E18d,2,8000,13,2.150760450183188,0.6900769765483813,0.32085255077551983
E18d,2,8000,14,2.181862780052392,0.654757803194527,0.3000911923429046
E18d,2,8000,15,2.251430697158436,0.7412183015669063,0.3292210159976982
E18d,2,8500,0,0.7676127787408645,0.6888326701630714,0.8973699881507727
E18d,2,8500,1,1.040661506744791,0.6633146202908139,0.6373970940519118
E18d,2,8500,2,1.2252559573552744,0.7894874499633011,0.644344918483332
E18d,2,8500,3,1.4414940784642676,0.733593196214714,0.5089116959788459
E18d,2,8500,4,1.529322701153978,0.6079787175436481,0.39754769682349367
E18d,2,8500,5,1.620765894299339,0.6737183638118736,0.41567901088091663
E18d,2,8500,6,1.6610518280678013,0.7062381047594924,0.4251752370550746
E18d,2,8500,7,1.7535554235988706,0.6191840108842998,0.3531020477319908
E18d,2,8500,8,1.8235753734338027,0.6964905707406386,0.3819368153832561
E18d,2,8500,9,1.8397028946961251,0.5377138999447616,0.29228301020506847
E18d,2,8500,10,1.9303656412096792,0.6852677724954149,0.3549937679506077
E18d,2,8500,11,2.0497072467406117,0.6804080757995911,0.3319537835861962
E18d,2,8500,12,2.1575894905444435,0.838577066185325,0.388663863010252
E18d,2,8500,13,2.1648300049667064,0.6857051283388786,0.31674779394487573
E18d,2,8500,14,2.199913325329701,0.6576192881578844,0.29892963535703254
E18d,2,8500,15,2.270814785097332,0.7296148049190476,0.3213008871121009
E18d,2,9000,0,0.767796240369889,0.6872189836471536,0.8950538535016569
E18d,2,9000,1,1.039026119041954,0.6654655011436296,0.6404704260536104
E18d,2,9000,2,1.2283842856966272,0.7832928821144656,0.6376611059219579
E18d,2,9000,3,1.4434927255804708,0.7321831411263728,0.507230225792749
E18d,2,9000,4,1.5210065032214142,0.611103801911686,0.40177592970010273
E18d,2,9000,5,1.6112778114566617,0.6795810855629403,0.4217653099489845
E18d,2,9000,6,1.6551980993696407,0.69206714180889,0.4181174096758896
E18d,2,9000,7,1.7417946773208395,0.6252264368351061,0.3589553033867373
E18d,2,9000,8,1.812422649373905,0.7079349140720542,0.39060144956619686
E18d,2,9000,9,1.822902384575073,0.5351843953275506,0.29358916849094174
E18d,2,9000,10,1.9132272049987957,0.6770716584824974,0.3538898342619603
E18d,2,9000,11,2.020778795554183,0.6601785619988747,0.3266951154927503
E18d,2,9000,12,2.134496867549712,0.8419014419800089,0.3944261782620776
E18d,2,9000,13,2.141899631454631,0.6929351395556221,0.32351429048289637
E18d,2,9000,14,2.173470992270458,0.6468657342369799,0.29761875660518894
E18d,2,9000,15,2.2465401819006443,0.7075237761085681,0.3149392927884248
E18d,2,9500,0,0.7742702674460419,0.6897850808893469,0.8908841135855927
E18d,2,9500,1,1.047322341164457,0.6624128640248854,0.632482319901996
E18d,2,9500,2,1.2330280471864965,0.789410556582004,0.6402210869276399
E18d,2,9500,3,1.4530084041878162,0.7273529386169254,0.5005841236159206
E18d,2,9500,4,1.5329491336576062,0.6084074760388453,0.3968869303492081
E18d,2,9500,5,1.615320115289093,0.6827671699855266,0.4226822680675478
E18d,2,9500,6,1.6537820119040785,0.6987740509871604,0.4225309296856049
E18d,2,9500,7,1.7282131910639904,0.6319435115704143,0.3656629372105142
E18d,2,9500,8,1.8034252323888222,0.7020209482214661,0.38927089164188255
E18d,2,9500,9,1.8195056722319434,0.5222075210388014,0.28700516245064633
E18d,2,9500,10,1.905349009898871,0.6905285576269614,0.3624157852653001
E18d,2,9500,11,2.0160024678338084,0.6577959963981318,0.32628729720997446
E18d,2,9500,12,2.1303333242892575,0.8431869391533261,0.3958004738223951
E18d,2,9500,13,2.1334661159129102,0.6904038380044666,0.32360665719269827
E18d,2,9500,14,2.1741600177813893,0.6473399001975663,0.29774252810432095
E18d,2,9500,15,2.245167872916638,0.724110877810433,0.3225197040031398
E18d,2,10000,0,0.7753541514022088,0.6818259131857533,0.879373524927529
E18d,2,10000,1,1.047767584375248,0.6638307898066219,0.6335668326697127
E18d,2,10000,2,1.2225296609388132,0.7701495952591793,0.6299639345091724
E18d,2,10000,3,1.44528108945486,0.7346986902618492,0.5083431144449329
E18d,2,10000,4,1.5231723829324826,0.6147179168458455,0.40357737819691947
E18d,2,10000,5,1.6030809334494351,0.6847185876798284,0.42712664931176164
E18d,2,10000,6,1.6349800653090116,0.7051883441855116,0.4313131145438344
E18d,2,10000,7,1.703937891078767,0.6265455126373568,0.3677044309641412
E18d,2,10000,8,1.775915426666625,0.7081802001323472,0.3987691021196849
E18d,2,10000,9,1.790393254873739,0.5278959742187027,0.29484917505228797
E18d,2,10000,10,1.8763987999639253,0.6984651683940583,0.37223705771261767
E18d,2,10000,11,1.9942587001629462,0.6681244348870821,0.3350239539295936
E18d,2,10000,12,2.111458908308042,0.836001775949181,0.3959356124145875
E18d,2,10000,13,2.114065903359865,0.6974077920646552,0.3298893336088868
E18d,2,10000,14,2.1690117557843367,0.653744766617132,0.3014021315807628
E18d,2,10000,15,2.246408402173494,0.7267567331915665,0.3235194154760101
E18d,2,10500,0,0.7760909429025488,0.6854455708682774,0.8832026415676734
E18d,2,10500,1,1.052865392280112,0.6616495070321998,0.6284274437013405
E18d,2,10500,2,1.2172717454457258,0.7659875326491192,0.6292658443071306
E18d,2,10500,3,1.4445429814806565,0.7239319477526437,0.5011494687479727
E18d,2,10500,4,1.5262471874935684,0.6105586305752642,0.4000391519658981
E18d,2,10500,5,1.6007556560924519,0.6836646999604936,0.42708872984985313
E18d,2,10500,6,1.6228764941110925,0.7096391981301156,0.43727246078501514
E18d,2,10500,7,1.6906324570076043,0.6174289024631048,0.36520587304702834
E18d,2,10500,8,1.760749239149303,0.6988634387255367,0.3969125319987013
E18d,2,10500,9,1.7834334651881274,0.5391471497016782,0.302308530273545
E18d,2,10500,10,1.8697527555678197,0.7153252629976018,0.38257746157478817
E18d,2,10500,11,1.9925773558755715,0.6673965135086372,0.3349413319089798
E18d,2,10500,12,2.1065088471480413,0.8325132799337872,0.3952099612878008
E18d,2,10500,13,2.114787918869228,0.6978410732565106,0.3299815868201311
E18d,2,10500,14,2.175882879137756,0.6574819578261432,0.3021678988929246
E18d,2,10500,15,2.2487057231078804,0.7249958171582697,0.3224058220282692
E18d,2,11000,0,0.7785774069108685,0.6857013057146804,0.8807105107702918
E18d,2,11000,1,1.0459485643591167,0.65933648291866,0.6303718035338141
E18d,2,11000,2,1.212106778198299,0.7678907205779038,0.6335173883932178
E18d,2,11000,3,1.4353287148520464,0.7298696581426233,0.5085034881489556
E18d,2,11000,4,1.5162585095679204,0.6146283610314746,0.405358556705889
E18d,2,11000,5,1.60457879997414,0.684540178643598,0.42661674120001475
E18d,2,11000,6,1.6277276815310082,0.6967914148687047,0.42807615965178925
E18d,2,11000,7,1.6931423565801498,0.6232653502889378,0.3681116049496419
E18d,2,11000,8,1.7685147654390305,0.7259431220163199,0.4104817987403718
E18d,2,11000,9,1.774870655216676,0.5366962220350787,0.3023861037183912
E18d,2,11000,10,1.8604394861336813,0.723112427194491,0.3886782841280396
E18d,2,11000,11,1.9864926178212947,0.6590861415112939,0.33178383629441976
E18d,2,11000,12,2.101676648946905,0.8292914857010865,0.39458566859779437
E18d,2,11000,13,2.0970413479648347,0.705143307102349,0.3362562725750191
E18d,2,11000,14,2.1592586520724693,0.6663928288547272,0.3086211224464097
E18d,2,11000,15,2.2270407847083455,0.7150994734143638,0.32109850808502977
E18d,2,11500,0,0.7822134460892662,0.694690823855581,0.8881090287168278
E18d,2,11500,1,1.0474440650515584,0.654627546851804,0.6249761382910516
E18d,2,11500,2,1.2104088727010007,0.7740294950180182,0.6394777107761846
E18d,2,11500,3,1.4296801941425672,0.7274292681019158,0.5088055853905022
E18d,2,11500,4,1.5099788798558373,0.6039519636460782,0.39997378221855623
E18d,2,11500,5,1.6101553301114744,0.6906553160572793,0.42893707404580883
E18d,2,11500,6,1.6355705899909654,0.6949683902681738,0.42490883274687197
E18d,2,11500,7,1.7041480797140731,0.6251708374558524,0.3668524143516598
E18d,2,11500,8,1.7885477956950917,0.7166046027895501,0.40066281958713473
E18d,2,11500,9,1.8011013036880292,0.5394771499461242,0.2995262669797987
E18d,2,11500,10,1.8801481177745507,0.7228724150115057,0.3844763123594423
E18d,2,11500,11,2.0044859434010163,0.6587407827866653,0.32863327625484773
E18d,2,11500,12,2.130101367587438,0.8407407951455679,0.3946952046220197
E18d,2,11500,13,2.1054934830225633,0.7103358469635466,0.3373726172468682
E18d,2,11500,14,2.1626992806908407,0.6673018195216386,0.30855044225495804
E18d,2,11500,15,2.2299542296195023,0.7259290552774139,0.32553540589991364
E18d,2,12000,0,0.785548587641525,0.7055287134257857,0.8981350415815968
E18d,2,12000,1,1.0602598735606918,0.6687759554699345,0.6307660717404789
E18d,2,12000,2,1.2247759696871714,0.7749550923082237,0.6327321171284577
E18d,2,12000,3,1.4424987291454658,0.7267382183049332,0.5038051012602638
E18d,2,12000,4,1.5094474009717764,0.6062245012536256,0.4016201563985208
E18d,2,12000,5,1.606757337171157,0.6975985422679477,0.43416546240649734
E18d,2,12000,6,1.6275791494628449,0.7012563550884062,0.4308585271074799
E18d,2,12000,7,1.7018527841171653,0.6224202559824117,0.36573096203811284
E18d,2,12000,8,1.7937223163990228,0.7049560521381623,0.393012923847317
E18d,2,12000,9,1.8046444074580916,0.5476843113129195,0.3034859992636184
E18d,2,12000,10,1.8893013544635195,0.704444652529316,0.3728598674134482
E18d,2,12000,11,2.0002322756730355,0.6566039578287826,0.3282638550604576
E18d,2,12000,12,2.121359576252095,0.8368094767133555,0.39446847487863695
E18d,2,12000,13,2.0928064205460792,0.7046690264631538,0.33671008438481537
E18d,2,12000,14,2.152625497342831,0.6871518588896846,0.3192157018198914
E18d,2,12000,15,2.218652902478842,0.7390829407379068,0.33312238246557135
E19a,0,0,0,0.7722553633726361,0.6917979376245217,0.8958149990739639
E19a,0,0,1,1.0019883859538086,0.6851861416421651,0.6838264307723743
E19a,0,0,2,1.1986921686468013,0.7971195794769432,0.6649910630323115
E19a,0,0,3,1.3787306100690504,0.7061063755596225,0.5121423796663649
E19a,0,0,4,1.5594842835101794,0.661942158813919,0.42446221857650307
E19a,0,0,5,1.6903784578178582,0.6660069324767904,0.3939987104050956
E19a,0,0,6,1.8091330853148921,0.5980728249325639,0.3305853117093733
E19a,0,0,7,1.9508371778021723,0.706983777946205,0.3624001972028738
E19a,0,500,0,0.7764610938198289,0.6827273311159112,0.8792807991926667
E19a,0,500,1,1.0022180919897152,0.7049851847250148,0.7034249235367519
E19a,0,500,2,1.2193270225790462,0.7380872059330922,0.6053234220725586
E19a,0,500,3,1.3601741427875786,0.7237856551875409,0.5321271978485008
E19a,0,500,4,1.5297036100966743,0.6519461184476963,0.42619113542295595
E19a,0,500,5,1.6671928449029627,0.7042406697722547,0.42241104376455285
E19a,0,500,6,1.8170473431912075,0.6076962940315677,0.33444164033959345
E19a,0,500,7,1.9642711797187058,0.7033273245604316,0.3580601964852693
E19a,0,1000,0,0.7766532277408916,0.6757514224124237,0.8700812644248342
E19a,0,1000,1,1.0000009531017824,0.7071512710906119,0.7071505971041174
E19a,0,1000,2,1.2252896603759922,0.7469236329799424,0.6095894359793598
E19a,0,1000,3,1.3514174948524882,0.7386554221570025,0.546578259472384
E19a,0,1000,4,1.5310834123644124,0.650193705717439,0.42466249746208257
E19a,0,1000,5,1.6571255155338542,0.7080581213094509,0.4272809239083771
E19a,0,1000,6,1.8197469715216625,0.6006018483684751,0.3300469008975765
E19a,0,1000,7,1.9604274760736933,0.7133812529139092,0.3638906624297347
E19a,0,1500,0,0.7748448631265281,0.6842543391158481,0.88308559774773
E19a,0,1500,1,1.0029251107326909,0.7070010033693989,0.7049389787966287
E19a,0,1500,2,1.2305769264266448,0.7328734865775977,0.5955527613423723
E19a,0,1500,3,1.3473142237605586,0.7364857866374054,0.5466325328190789
E19a,0,1500,4,1.5375210096901564,0.667163053242383,0.4339212596365306
E19a,0,1500,5,1.6622293400502055,0.7203433248074395,0.43335977019012456
E19a,0,1500,6,1.833389710913016,0.5906387251416555,0.32215667057906705
E19a,0,1500,7,1.963052797686295,0.7247840789813588,0.3692127281729804
E19a,0,2000,0,0.7830393911183822,0.6791816949643722,0.8673659367178522
E19a,0,2000,1,1.0099034953787427,0.7340968163885971,0.7268979855479061
E19a,0,2000,2,1.2479543252750491,0.7429141027105114,0.595305523338583
E19a,0,2000,3,1.3581224402341003,0.739828503457223,0.5447435971455551
E19a,0,2000,4,1.5291265482126588,0.6526155536275359,0.42678976072343705
E19a,0,2000,5,1.6478426447966634,0.7180522945663349,0.43575295058281455
E19a,0,2000,6,1.8308064803652349,0.5846054683067186,0.3193158176882208
E19a,0,2000,7,1.9666072941407147,0.7415569551806724,0.37707424221910396
E19a,0,2500,0,0.7787987803036915,0.6851429707922704,0.8797432509140548
E19a,0,2500,1,1.0100516460921203,0.7311778435723517,0.7239014424670971
E19a,0,2500,2,1.2475826108794914,0.731086441774951,0.5860024301393291
E19a,0,2500,3,1.3585556683122433,0.7343106871626095,0.5405083533123498
E19a,0,2500,4,1.5418980563111235,0.634642801378884,0.41159841844357703
E19a,0,2500,5,1.6427948945877038,0.7048815298059078,0.42907458023407946
E19a,0,2500,6,1.8184510071742086,0.5815419300010946,0.31980071374305796
E19a,0,2500,7,1.944714915086015,0.7808957405159423,0.4015476687396123
E19a,0,3000,0,0.7835621606595496,0.6929035409298859,0.8842993902955275
E19a,0,3000,1,1.0179358805892011,0.7189132644497613,0.7062461184034895
E19a,0,3000,2,1.245526910143946,0.7383142439089585,0.5927726152649976
E19a,0,3000,3,1.357504398209501,0.7380838035173138,0.543706380981763
E19a,0,3000,4,1.5456505711976212,0.6368803049180021,0.41204675674174285
E19a,0,3000,5,1.6395414429632793,0.6973221473838127,0.42531535288518507
E19a,0,3000,6,1.813993214699873,0.5863458039803681,0.32323483860295454
E19a,0,3000,7,1.9452969170337424,0.7738263633094077,0.397793445583292
E19a,0,3500,0,0.7864189994118452,0.6851875660835991,0.8712754480703593
E19a,0,3500,1,1.007766251415634,0.7255001589648356,0.7199091634054103
E19a,0,3500,2,1.2383075948502227,0.7275898717295077,0.5875679635297013
E19a,0,3500,3,1.3483954626261607,0.7240541977008116,0.5369746619368103
E19a,0,3500,4,1.5180683152505772,0.6413789529076352,0.42249676543823206
E19a,0,3500,5,1.6163529011390938,0.6732955216719937,0.4165523019122257
E19a,0,3500,6,1.767019117279506,0.5767754451421349,0.32641154784456183
E19a,0,3500,7,1.8998866357712525,0.793314968475096,0.4175591077585808
E19a,0,4000,0,0.782210866984305,0.6968339803738602,0.8908518275390339
E19a,0,4000,1,1.0176279616732613,0.7119014343815271,0.6995694509130475
E19a,0,4000,2,1.2422311189104998,0.7355181917156605,0.5920944826762572
E19a,0,4000,3,1.3547419819461433,0.6852406021652765,0.505808937271509
E19a,0,4000,4,1.48901513521912,0.6535355348390784,0.4389045613985016
E19a,0,4000,5,1.6099892117793009,0.685863667780024,0.42600513268162377
E19a,0,4000,6,1.7613566965337137,0.5851946924070982,0.33224087634193583
E19a,0,4000,7,1.8661283927476409,0.764464742537343,0.40965281140798904
E19a,0,4500,0,0.7820361590845591,0.6935495617973211,0.8868510154430465
E19a,0,4500,1,1.017335233264188,0.7114943107826,0.6993705590041572
E19a,0,4500,2,1.241712225126808,0.7121906126718512,0.5735552878197038
E19a,0,4500,3,1.3455277047336385,0.6868144242757859,0.5104424248267323
E19a,0,4500,4,1.4838754323812722,0.6562965666106075,0.44228548588974576
E19a,0,4500,5,1.5919506489567143,0.693913402188242,0.43588876492056994
E19a,0,4500,6,1.7448634986476583,0.5782586175695502,0.33140622061136854
E19a,0,4500,7,1.8288206131196472,0.7388534412318254,0.4040054207238353
E19a,0,5000,0,0.7773611642010029,0.7020869407911408,0.9031669873973812
E19a,0,5000,1,1.0228543706275584,0.6944286609312619,0.6789125420710718
E19a,0,5000,2,1.2228660903301707,0.7057402875065292,0.5771198441817789
E19a,0,5000,3,1.3140814106607699,0.6930608124237863,0.5274108641985042
E19a,0,5000,4,1.4640275989988232,0.6563276391443909,0.44830277762060033
E19a,0,5000,5,1.5773497189626968,0.7004595350214097,0.4440737057867223
E19a,0,5000,6,1.72005679116845,0.5765093769593401,0.3351688036810181
E19a,0,5000,7,1.7939776131862801,0.7542332290230626,0.42042510646689196
E19a,0,5500,0,0.7786439439044646,0.7036897525759739,0.9037375273830074
E19a,0,5500,1,1.022277126024235,0.7060387587327215,0.6906529949257454
E19a,0,5500,2,1.2255401540908433,0.7084022107900122,0.5780326400774151
E19a,0,5500,3,1.3115036726569342,0.6786564600830889,0.5174643992480936
E19a,0,5500,4,1.4478198821360408,0.673212155760762,0.4649833615819245
E19a,0,5500,5,1.5752172159567364,0.7091437195049328,0.45018789302288176
E19a,0,5500,6,1.7196143630138747,0.5729627229902635,0.33319256649267737
E19a,0,5500,7,1.785313789134243,0.7388729854036744,0.41386169193370653
E19a,0,6000,0,0.7781897756537276,0.7050198214752186,0.9059741512061865
E19a,0,6000,1,1.0225228604485308,0.7125382048375826,0.696843300427559
E19a,0,6000,2,1.230767399408879,0.7226084996380404,0.5871202795793092
E19a,0,6000,3,1.3182191737097209,0.6658086117146265,0.5050818748455264
E19a,0,6000,4,1.4521375739234468,0.6845372920455479,0.4713997518816596
E19a,0,6000,5,1.5854929877970583,0.6981628046366513,0.4403443030086838
E19a,0,6000,6,1.7387870972432464,0.5726792612284561,0.3293555962868648
E19a,0,6000,7,1.807888200844546,0.7377430384537026,0.40806894923539494
E19a,0,6500,0,0.774571215355531,0.692813377337558,0.8944476164397023
E19a,0,6500,1,1.0133504778722755,0.729778595648116,0.720164061283542
E19a,0,6500,2,1.2390616826406955,0.7185102474860228,0.5798825494746391
E19a,0,6500,3,1.3246604806775797,0.6835848439742291,0.5160453217601595
E19a,0,6500,4,1.4585591410405532,0.6655839861523491,0.45632978973860033
E19a,0,6500,5,1.5820390664571415,0.6960839389837978,0.439991624570072
E19a,0,6500,6,1.7329998614645417,0.566590105343591,0.32694180648391463
E19a,0,6500,7,1.8013156403078707,0.7397757726898103,0.41068636508556156
E19a,0,7000,0,0.7807192744025399,0.7006634788054106,0.8974589225321823
E19a,0,7000,1,1.0244473475064468,0.7509798061036534,0.7330584709224673
E19a,0,7000,2,1.2571072931364735,0.7299405109634165,0.5806509237109111
E19a,0,7000,3,1.3438867720038012,0.6789969915013179,0.505248660561559
E19a,0,7000,4,1.4653648093564045,0.6417366347184359,0.4379364309971998
E19a,0,7000,5,1.5883461926280649,0.700912302042423,0.4412843404640264
E19a,0,7000,6,1.7167455917776748,0.5658687706216169,0.32961713915669055
E19a,0,7000,7,1.7891656428773202,0.7457983441654013,0.4168414183082652
E19a,0,7500,0,0.77619005042428,0.6903994699505864,0.8894721976572634
E19a,0,7500,1,1.017799420932882,0.7493445371812462,0.7362398934108463
E19a,0,7500,2,1.2437162906026407,0.7366079571219314,0.5922636558575664
E19a,0,7500,3,1.3552010066109383,0.6836558435347321,0.5044682229423707
E19a,0,7500,4,1.4693039702357995,0.6576445099870226,0.44758914650008147
E19a,0,7500,5,1.6049658462332825,0.715887876785296,0.4460455519757156
E19a,0,7500,6,1.73478642483064,0.5898100714365377,0.3399900200937522
E19a,0,7500,7,1.806338147431944,0.7418648626577988,0.4107009884680241
E19a,0,8000,0,0.7704178718913016,0.6901528829686919,0.8958162941812774
E19a,0,8000,1,1.016505765255474,0.747687431728358,0.7355466710416984
E19a,0,8000,2,1.2371905317930891,0.7507661146767197,0.6068314421939658
E19a,0,8000,3,1.3610252947776964,0.6670766884211367,0.4901280607941191
E19a,0,8000,4,1.46325244737697,0.6369043026519211,0.4352661796627352
E19a,0,8000,5,1.5901397659311733,0.71106463227681,0.44717115282027814
E19a,0,8000,6,1.701305005508867,0.6060766069629883,0.35624218173725314
E19a,0,8000,7,1.786578183102605,0.7338760510557806,0.4107718643363918
E19a,0,8500,0,0.7681443391202448,0.6884755034803678,0.8962840294688343
E19a,0,8500,1,1.0157600567123029,0.7397111749549983,0.7282341632424607
E19a,0,8500,2,1.2358537233149323,0.7586678032318811,0.6138815532285693
E19a,0,8500,3,1.35740515847097,0.6742313248820946,0.4967060281703754
E19a,0,8500,4,1.470735314690196,0.6292314982262546,0.4278346293457973
E19a,0,8500,5,1.5916170757271904,0.7066539426185431,0.4439848964900565
E19a,0,8500,6,1.7105142081791904,0.6036578710632168,0.3529101764701499
E19a,0,8500,7,1.7969621337818154,0.7349374029219091,0.40898880900466666
E19a,0,9000,0,0.7638032356288417,0.6906110166129489,0.9041739867000781
E19a,0,9000,1,1.0110641082291996,0.7472207203667816,0.7390438591233158
E19a,0,9000,2,1.2355083298943295,0.7520992416458648,0.6087366822611309
E19a,0,9000,3,1.3626942737206749,0.6968105857601383,0.5113477022674938
E19a,0,9000,4,1.4812653133581408,0.6214395091868831,0.4195328842056205
E19a,0,9000,5,1.5949747353559438,0.702391676218318,0.440377932420082
E19a,0,9000,6,1.7151989551411932,0.6062112897500969,0.35343496912298095
E19a,0,9000,7,1.7976409293150974,0.7385072866525498,0.41082024480490753
E19a,0,9500,0,0.7648201545065683,0.7007317229090139,0.9162045727744953
E19a,0,9500,1,1.0208183306296024,0.743193087342088,0.7280365810865822
E19a,0,9500,2,1.2318030210841575,0.7513807182968166,0.6099844743321845
E19a,0,9500,3,1.3505222879624026,0.6921298314087698,0.5124904916993404
E19a,0,9500,4,1.467585235468696,0.6472747841490012,0.4410474897850032
E19a,0,9500,5,1.5970914993532015,0.7220693492635286,0.4521152041420019
E19a,0,9500,6,1.7249337051629472,0.6277126801828979,0.3639053943372279
E19a,0,9500,7,1.8028241802653053,0.7173254301835217,0.39788984307829695
E19a,0,10000,0,0.7626584490613193,0.6929651952145767,0.9086180007151023
E19a,0,10000,1,1.0117136373196045,0.7439289924334026,0.7353157701860574
E19a,0,10000,2,1.222965495843499,0.7559629400861214,0.6181392219612227
E19a,0,10000,3,1.3493635171632836,0.6895758594298975,0.5110378713065898
E19a,0,10000,4,1.4628192581442605,0.6502143204760215,0.4444939570325909
E19a,0,10000,5,1.595616915649223,0.728439809965935,0.4565254998375021
E19a,0,10000,6,1.742976413974758,0.6433001775483556,0.36908140144096746
E19a,0,10000,7,1.8047134254597406,0.7171437582733428,0.3973726510571364
E19a,0,10500,0,0.7642612326423912,0.6948937869951868,0.9092359488033034
E19a,0,10500,1,1.0135133943593853,0.7465450055947103,0.7365911587844198
E19a,0,10500,2,1.225014359426697,0.766078603073274,0.6253629577303865
E19a,0,10500,3,1.3545741427104092,0.6790662109182042,0.5013134309203922
E19a,0,10500,4,1.4660471136790811,0.6577176269237585,0.4486333493561472
E19a,0,10500,5,1.580842080182569,0.7212768882175534,0.45626118969091095
E19a,0,10500,6,1.7290812870126038,0.6381185757715115,0.3690506516752674
E19a,0,10500,7,1.7781478748622372,0.7218891734491769,0.40597814369353596
E19a,0,11000,0,0.7592078414596944,0.6873446013713456,0.9053444443484926
E19a,0,11000,1,1.0083254395320866,0.7424013797857728,0.7362715951412315
E19a,0,11000,2,1.2164434734811693,0.7723932492172209,0.6349602476856707
E19a,0,11000,3,1.347310161011491,0.6773637568714582,0.5027526522645153
E19a,0,11000,4,1.4602650789095117,0.6453089247207233,0.44191218022047296
E19a,0,11000,5,1.5621889483073252,0.7211021381738864,0.461597260021088
E19a,0,11000,6,1.7051761197504285,0.6493579237443016,0.38081575048056754
E19a,0,11000,7,1.7615026296958372,0.7251965672753805,0.4116920151294931
E19a,0,11500,0,0.7559139818464341,0.6841863640696266,0.9051114022238325
E19a,0,11500,1,1.0043645492751978,0.7366179777401141,0.7334169433515911
E19a,0,11500,2,1.2133118839915247,0.7601870673901153,0.6265388787664965
E19a,0,11500,3,1.3385139609846792,0.6754492780002834,0.5046262479798033
E19a,0,11500,4,1.468272763480047,0.6425919434537487,0.437651613131269
E19a,0,11500,5,1.572560860907903,0.7287706881759287,0.46342924225850307
E19a,0,11500,6,1.7312037947150676,0.659019279195188,0.38067111521301483
E19a,0,11500,7,1.7849022318692298,0.7467329193012455,0.4183606843940316
E19a,0,12000,0,0.7589967110818089,0.6818704974011972,0.8983839948783406
E19a,0,12000,1,1.0051584885937874,0.7383029464216285,0.734513964513707
E19a,0,12000,2,1.2177263969469807,0.7685225518661883,0.6311126652037662
E19a,0,12000,3,1.3581522417890282,0.6609035763437227,0.48661965574135224
E19a,0,12000,4,1.4753927362242607,0.6489569147983332,0.4398536734423039
E19a,0,12000,5,1.590598167853845,0.7234556264542444,0.45483242787233014
E19a,0,12000,6,1.7392567600421136,0.662633941372326,0.3809868425385803
E19a,0,12000,7,1.7905536452063715,0.7575158326338877,0.4230623498278822
E19a,1,0,0,0.7430574612099596,0.7167795990929331,0.9646354912118951
E19a,1,0,1,1.0011186342549911,0.8053300310278007,0.8044301678862548
E19a,1,0,2,1.3068327619099136,0.8298955837232448,0.6350434484902006
E19a,1,0,3,1.4741465332939618,0.7697180675126897,0.5221448818882098
E19a,1,0,4,1.6731403695695752,0.6783015643107113,0.4054062508127804
E19a,1,0,5,1.8791332417068805,0.7004510711301328,0.3727522112768807
E19a,1,0,6,1.956230902257296,0.6524583141405199,0.3335282728575895
E19a,1,0,7,1.9743796037013244,0.7576917853990183,0.3837619594421411
E19a,1,500,0,0.7397637285012152,0.7309339731682947,0.9880640872311895
E19a,1,500,1,1.0035741819369897,0.812412654498621,0.8095192852914874
E19a,1,500,2,1.3110425551924592,0.8102157173780964,0.6179934542698028
E19a,1,500,3,1.4412192977344545,0.7521340272113399,0.521873408435252
E19a,1,500,4,1.6318167577063092,0.70943358107433,0.43475076335869584
E19a,1,500,5,1.8490805877599936,0.7233617253044643,0.3912007567938164
E19a,1,500,6,1.9398420853056997,0.6355682915201861,0.3276391910117915
E19a,1,500,7,1.9554258291545972,0.7052705789010025,0.3606736539866189
E19a,1,1000,0,0.7399218853454546,0.7215700821054152,0.9751976477470033
E19a,1,1000,1,1.0037109053704671,0.814749912242767,0.8117376307095567
E19a,1,1000,2,1.3134066334141918,0.831004870151335,0.6327095120504632
E19a,1,1000,3,1.4381113285439042,0.743449311922448,0.5169622804342934
E19a,1,1000,4,1.6047666885587155,0.7310880518763718,0.4555727988926427
E19a,1,1000,5,1.8296912053530718,0.7572203497503726,0.413851445279398
E19a,1,1000,6,1.9409675775891,0.6349325256832331,0.3271216546913631
E19a,1,1000,7,1.9766510168575973,0.690047352993038,0.34909923254437114
E19a,1,1500,0,0.7426978883673102,0.718419282918264,0.9673102538336033
E19a,1,1500,1,1.0046038456545234,0.8021662904926167,0.798490165016227
E19a,1,1500,2,1.3009869603370223,0.8172217885039973,0.6281552493749014
E19a,1,1500,3,1.4088743570875706,0.7404989349417315,0.5255961478868089
E19a,1,1500,4,1.5699311178881725,0.7334130843192213,0.46716258819418016
E19a,1,1500,5,1.7845546690653977,0.772530066097568,0.4328979545928707
E19a,1,1500,6,1.9079314260458966,0.6589369526621701,0.34536720956884065
E19a,1,1500,7,1.956911232683374,0.6606322320186238,0.33758926873384315
E19a,1,2000,0,0.7404052666940675,0.7182405738845364,0.9700641070416786
E19a,1,2000,1,0.994581958198673,0.7937715277145876,0.7980956432712883
E19a,1,2000,2,1.2810247417133984,0.8176368231356899,0.6382677839946189
E19a,1,2000,3,1.397997124720554,0.7490912535115336,0.5358317554918216
E19a,1,2000,4,1.5587805078010697,0.7484812776658397,0.48017105289679457
E19a,1,2000,5,1.7850244923077503,0.7656612644146467,0.42893599931772897
E19a,1,2000,6,1.9089461107380714,0.6623933033435214,0.34699423918646655
E19a,1,2000,7,1.9551860051112784,0.6254827027012929,0.3199095641366837
E19a,1,2500,0,0.7356236071261083,0.7182314956380826,0.9763573227945034
E19a,1,2500,1,0.9957432810892161,0.7648297598249616,0.7680993428229166
E19a,1,2500,2,1.262057096545682,0.816874588119924,0.6472564437502499
E19a,1,2500,3,1.3783426646847334,0.7408158673575357,0.5374685746428531
E19a,1,2500,4,1.5458204400390125,0.7367239146852282,0.4765908740776097
E19a,1,2500,5,1.7463687389538327,0.7362947436795685,0.42161470670887524
E19a,1,2500,6,1.850605056935205,0.6833611194791076,0.369263618359946
E19a,1,2500,7,1.9133128885026849,0.6159899058015826,0.32194938397328327
E19a,1,3000,0,0.7369219761878262,0.7287366547896248,0.9888925535366107
E19a,1,3000,1,1.0110941642703215,0.7689733866067816,0.7605358766576684
E19a,1,3000,2,1.2733925537081099,0.8224023873285652,0.6458357125881845
E19a,1,3000,3,1.3625290174798916,0.738385819721939,0.5419230051244293
E19a,1,3000,4,1.5198596588797597,0.7278218154449814,0.4788743560582664
E19a,1,3000,5,1.7206910973978842,0.7233094518588621,0.4203598501513067
E19a,1,3000,6,1.823566277072558,0.6753738578468856,0.37035882179785073
E19a,1,3000,7,1.8764987976252914,0.6117667907233733,0.3260150187666328
E19a,1,3500,0,0.7309977015408856,0.7303089069461766,0.9990577335698086
E19a,1,3500,1,1.0177169073209735,0.7583674746265886,0.7451654474552325
E19a,1,3500,2,1.2702211508834274,0.8242803091483053,0.6489266129563547
E19a,1,3500,3,1.343874442594199,0.7266492450671468,0.5407121543768865
E19a,1,3500,4,1.5115951960488747,0.7172842096348648,0.4745213609501791
E19a,1,3500,5,1.700461833965392,0.7295906527279689,0.4290544122514058
E19a,1,3500,6,1.806069707015035,0.6883891066582816,0.38115312160127546
E19a,1,3500,7,1.862668316902037,0.6033212958068287,0.3239016256046401
E19a,1,4000,0,0.7242485339720274,0.7367360185079267,1.0172419880057109
E19a,1,4000,1,1.0141472087964798,0.7664047846714975,0.7557135473271321
E19a,1,4000,2,1.267178893695916,0.836906002242466,0.6604481864446976
E19a,1,4000,3,1.334006876608035,0.7353578855787021,0.5512399512126119
E19a,1,4000,4,1.5130538457318947,0.6998518711613433,0.4625426075453454
E19a,1,4000,5,1.6958763836651376,0.7503274723964519,0.44244231456000344
E19a,1,4000,6,1.7981619971567533,0.6998967784502175,0.38922899024497876
E19a,1,4000,7,1.860514823440898,0.6042454914579451,0.3247732744963749
E19a,1,4500,0,0.7228638858985895,0.7390572454286872,1.0224016718029394
E19a,1,4500,1,1.0097824009759206,0.7612636379676997,0.7538887954790696
E19a,1,4500,2,1.265651389025715,0.8169269942510102,0.6454597224278891
E19a,1,4500,3,1.3394037533653254,0.7414964945992102,0.5536019237934489
E19a,1,4500,4,1.508684646779175,0.6925037585427357,0.45901160326721147
E19a,1,4500,5,1.681652600925008,0.7450847239871612,0.44306697089358454
E19a,1,4500,6,1.7822110762558758,0.6928451301595876,0.388755933228256
E19a,1,4500,7,1.8547313600866262,0.5933227245104252,0.3198968526001058
E19a,1,5000,0,0.7321196221117916,0.7494847945826708,1.0237190370895803
E19a,1,5000,1,1.0193371179334294,0.7439014235730935,0.7297893998810274
E19a,1,5000,2,1.2543786667491865,0.8011700576753658,0.6386987270372321
E19a,1,5000,3,1.3321959495539428,0.7353844619855433,0.5520092312484293
E19a,1,5000,4,1.499166199628238,0.6839114932239404,0.4561945789556463
E19a,1,5000,5,1.6529600368402873,0.7420926209455049,0.44894770859920524
E19a,1,5000,6,1.756034550316048,0.6901278521295537,0.39300357274026626
E19a,1,5000,7,1.8302033004654388,0.6088518123592976,0.3326689511511976
E19a,1,5500,0,0.7352967883571613,0.7480393149912046,1.01732977327769
E19a,1,5500,1,1.0201382271010502,0.7554824966732278,0.7405687549030482
E19a,1,5500,2,1.243177893545519,0.7990515264348064,0.6427491436128477
E19a,1,5500,3,1.3296059868963908,0.7447516920908068,0.5601296169169863
E19a,1,5500,4,1.49450301452176,0.6826262614700633,0.4567580358400972
E19a,1,5500,5,1.6340527946437304,0.6988784181388544,0.42769635132335465
E19a,1,5500,6,1.7407693739119923,0.6795697853955495,0.39038473193514855
E19a,1,5500,7,1.8118255730773198,0.6035265692491661,0.3331041233865014
E19a,1,6000,0,0.7337881153723756,0.7420364044329206,1.0112406959008313
E19a,1,6000,1,1.0219673690906041,0.7432190806170539,0.7272434552175634
E19a,1,6000,2,1.2341600904656458,0.7944778361289859,0.6437396916871873
E19a,1,6000,3,1.3159056386385872,0.7478945238967963,0.5683496612040927
E19a,1,6000,4,1.4729535430430483,0.6563294352120217,0.4455873291536934
E19a,1,6000,5,1.597189680101492,0.6933565463003893,0.4341103345072519
E19a,1,6000,6,1.7087465712182832,0.6884467243847384,0.40289574591151767
E19a,1,6000,7,1.7822228942737848,0.6251455224903032,0.35076730553673857
E19a,1,6500,0,0.7345775594568474,0.7486026149994981,1.0190926817217516
E19a,1,6500,1,1.0258278587894125,0.7381075081536151,0.719523750334351
E19a,1,6500,2,1.2299509656649708,0.7915827308767537,0.6435888527058361
E19a,1,6500,3,1.3173516210318879,0.7511118755521811,0.5701681036106605
E19a,1,6500,4,1.4777458344701886,0.6504651529783267,0.4401739039322252
E19a,1,6500,5,1.5962063619657887,0.6667152419738389,0.41768737292385794
E19a,1,6500,6,1.6992550977717436,0.7160249702584679,0.42137579648717916
E19a,1,6500,7,1.7764761631147312,0.6301798119109232,0.35473586699076015
E19a,1,7000,0,0.7366902249916892,0.7673628649837998,1.041635736367286
E19a,1,7000,1,1.0377530520120992,0.7205594044282988,0.6943457338248308
E19a,1,7000,2,1.2288710894554609,0.788419044442256,0.6415799437446457
E19a,1,7000,3,1.3087332798468507,0.7467592346150687,0.5705969628146502
E19a,1,7000,4,1.4739189149476188,0.648163207387847,0.4397549965704063
E19a,1,7000,5,1.588945672319697,0.685751388868674,0.43157635960425733
E19a,1,7000,6,1.6958978576426431,0.7049222760028553,0.4156631679355511
E19a,1,7000,7,1.7477720232796443,0.6345240832351488,0.3630473967906194
E19a,1,7500,0,0.7383287358121143,0.7641367797328652,1.0349546789511905
E19a,1,7500,1,1.0399325185505968,0.7331432064398742,0.7049911348687227
E19a,1,7500,2,1.2299048720133248,0.7844464233351089,0.6378106479495352
E19a,1,7500,3,1.3057945649974398,0.738508322503315,0.5655624110403331
E19a,1,7500,4,1.4773405393453105,0.6356308043532166,0.4302534097080278
E19a,1,7500,5,1.5893030595165607,0.6912789569795825,0.4349572932866926
E19a,1,7500,6,1.6870180046053675,0.7257258634322581,0.4301826426577007
E19a,1,7500,7,1.7439444977398244,0.6493383464074886,0.3723388830602349
E19a,1,8000,0,0.738657956490847,0.7624452493801838,1.0322033935738586
E19a,1,8000,1,1.0422427036403357,0.7147307685959194,0.6857623143817793
E19a,1,8000,2,1.2123192411336174,0.7945086216893674,0.6553625437359527
E19a,1,8000,3,1.2879994361871707,0.7450469472676862,0.5784528520239327
E19a,1,8000,4,1.4702597105727462,0.6454034607724437,0.43897241836343587
E19a,1,8000,5,1.577537466487181,0.6882075284152136,0.4362543160053726
E19a,1,8000,6,1.6698616287682366,0.714111620880172,0.42764718260334666
E19a,1,8000,7,1.728080115849373,0.6366038111809066,0.3683879036291138
E19a,1,8500,0,0.7341345475517496,0.7778792835494427,1.0595868102701018
E19a,1,8500,1,1.0462971482276688,0.7099469140601867,0.6785327813066981
E19a,1,8500,2,1.2139346266734883,0.7902200976801342,0.6509577042427339
E19a,1,8500,3,1.2921016892929653,0.7375382360570837,0.5708051016175536
E19a,1,8500,4,1.4679499369830715,0.6433565297168715,0.43826871305917753
E19a,1,8500,5,1.5779497794464334,0.6975725385621114,0.44207524703785533
E19a,1,8500,6,1.6780212407866002,0.7018121879295303,0.4182379643779385
E19a,1,8500,7,1.7327741467017082,0.6278021435933073,0.36231042850466855
E19a,1,9000,0,0.7372440188798747,0.7737959045762661,1.0495790874667608
E19a,1,9000,1,1.0394376836607082,0.7209123801396857,0.6935599810089288
E19a,1,9000,2,1.209352211601481,0.7942972822642604,0.6567956585719678
E19a,1,9000,3,1.3016222398998227,0.7523234852387438,0.5779891140279265
E19a,1,9000,4,1.4777524523578207,0.643982805063303,0.4357853062844182
E19a,1,9000,5,1.5782010431731828,0.6790238871755013,0.4302518301535485
E19a,1,9000,6,1.6641449219531288,0.708521618639053,0.4257571617065024
E19a,1,9000,7,1.7217749149244204,0.6452328091681304,0.3747486408212968
E19a,1,9500,0,0.7391588191664685,0.7754665905978442,1.0491203926543406
E19a,1,9500,1,1.0301347786576183,0.7326831780516398,0.7112498220926087
E19a,1,9500,2,1.1990964787381566,0.7884033840159113,0.6574978727696462
E19a,1,9500,3,1.295313077091832,0.7476100226050908,0.5771655021684681
E19a,1,9500,4,1.4720919034260385,0.6427257154104907,0.4366070582377759
E19a,1,9500,5,1.5847446321202843,0.6858475559235139,0.43278111944502684
E19a,1,9500,6,1.6762578537676085,0.7132583796999202,0.42550636114651386
E19a,1,9500,7,1.7285983121359507,0.6425623962617715,0.37172453065037775
E19a,1,10000,0,0.7395225585825286,0.7807209853131006,1.0557094929051773
E19a,1,10000,1,1.027715785278787,0.7349132063586862,0.7150938196004524
E19a,1,10000,2,1.1976731107470853,0.7949210798072369,0.6637212380190957
E19a,1,10000,3,1.307025497172049,0.7575573471398563,0.5796041077843916
E19a,1,10000,4,1.5050006765340316,0.6399929236691034,0.4252442763965972
E19a,1,10000,5,1.6119917230900567,0.6737880047889135,0.4179847794114705
E19a,1,10000,6,1.6942494727355724,0.7007404665541656,0.41359934167353446
E19a,1,10000,7,1.7394940777078856,0.639879574563701,0.367853839092608
E19a,1,10500,0,0.735412275322186,0.7804285603069709,1.0612123111013658
E19a,1,10500,1,1.0224328929160285,0.728614500135916,0.7126281882988642
E19a,1,10500,2,1.1886499977457465,0.8000229356566,0.6730517285776546
E19a,1,10500,3,1.292025765103178,0.754118619882556,0.5836715027291534
E19a,1,10500,4,1.4841242866710633,0.6372017483723948,0.42934527390671445
E19a,1,10500,5,1.5894158628794466,0.6778229549409358,0.4264604190579587
E19a,1,10500,6,1.6713906498155195,0.7023851298251284,0.42023995401832265
E19a,1,10500,7,1.7347050556348333,0.652653605747013,0.37623318363372593
E19a,1,11000,0,0.7354345465820806,0.7675613834093731,1.0436841551387561
E19a,1,11000,1,1.012619791210089,0.7158064608526902,0.7068857107733354
E19a,1,11000,2,1.1756246649450492,0.7803419284027039,0.6637679113675098
E19a,1,11000,3,1.2671099839404814,0.7471812452232407,0.5896735521723561
E19a,1,11000,4,1.4652714219407366,0.645849856210791,0.44077148202028654
E19a,1,11000,5,1.5722150713098546,0.6687913363856057,0.4253815833405144
E19a,1,11000,6,1.6700454597753838,0.7025323685861508,0.4206666138780673
E19a,1,11000,7,1.7462323576868122,0.6351291206853272,0.3637139799234198
E19a,1,11500,0,0.7366029252591418,0.7644630003496148,1.0378223791069952
E19a,1,11500,1,1.0102047279666122,0.7113362365902747,0.7041505715599706
E19a,1,11500,2,1.1695031438307337,0.784079341420628,0.6704379937383995
E19a,1,11500,3,1.2612852836922874,0.7361443532933469,0.5836461923494084
E19a,1,11500,4,1.4422573048583875,0.6563362362566537,0.4550756886761604
E19a,1,11500,5,1.5670476756341616,0.6777505918996081,0.43250157760856395
E19a,1,11500,6,1.6708433950342572,0.6949532712319426,0.4159296276942185
E19a,1,11500,7,1.7491329523962926,0.6368411823814981,0.36408963738807437
E19a,1,12000,0,0.7331608750640178,0.7673520939216553,1.0466353566052633
E19a,1,12000,1,1.015406678287266,0.7048632839582653,0.6941684539116793
E19a,1,12000,2,1.172211960989779,0.7795879475179271,0.6650571513190051
E19a,1,12000,3,1.2604196404911325,0.72522035072914,0.5753800777386745
E19a,1,12000,4,1.42806921589754,0.6545333829098935,0.45833449501151796
E19a,1,12000,5,1.5630775951295202,0.6737557498049676,0.43104433964402045
E19a,1,12000,6,1.6641552376031108,0.7141131469034299,0.4291145025219942
E19a,1,12000,7,1.7409066083386628,0.6279483491810546,0.3607019159863504
E19a,2,0,0,0.7679747698589344,0.7483288234595022,0.9744185002288019
E19a,2,0,1,1.0590105519459518,0.880696049857568,0.8316216002184987
E19a,2,0,2,1.368846960308245,0.6676568005793239,0.487751238771774
E19a,2,0,3,1.4981291134150738,0.6102405191118737,0.40733506454646917
E19a,2,0,4,1.6711830474082492,0.6215269029209001,0.3719083339702337
E19a,2,0,5,1.822169470571481,0.6415935891613324,0.3521042359249447
E19a,2,0,6,2.061961011408542,0.7620059133972584,0.36955398728743477
E19a,2,0,7,2.159694896446434,0.6615435801483405,0.30631344327240184
E19a,2,500,0,0.7756282304155044,0.751160076371815,0.9684537603400771
E19a,2,500,1,1.0731909685446706,0.8675632508853848,0.8083959670867034
E19a,2,500,2,1.3771601991990818,0.6855444209036413,0.4977956967550579
E19a,2,500,3,1.4991380851629248,0.5896520080098341,0.39332734845819844
E19a,2,500,4,1.658186760032418,0.609531574524478,0.3675892180640506
E19a,2,500,5,1.794649344425152,0.6491082324793462,0.3616908419997019
E19a,2,500,6,2.043109288397515,0.743099077031418,0.363709901007918
E19a,2,500,7,2.157400733786998,0.6359105526026725,0.29475773445502895
E19a,2,1000,0,0.7826528989642416,0.7552094060826511,0.9649352951763047
E19a,2,1000,1,1.0914336326076448,0.8474136281862802,0.7764224986925189
E19a,2,1000,2,1.3864438334604174,0.7188561352832985,0.5184891864599445
E19a,2,1000,3,1.5276619521212753,0.5940061397365831,0.3888334974316538
E19a,2,1000,4,1.6877698763613824,0.5935182933006913,0.3516583046145138
E19a,2,1000,5,1.8214135076039104,0.6425392427779621,0.35276956061626535
E19a,2,1000,6,2.049729061983726,0.7289617335017092,0.3556380923809612
E19a,2,1000,7,2.1553320620402063,0.6284974544671157,0.291601217991528
E19a,2,1500,0,0.7808043307477156,0.7602908521615017,0.9737277602359483
E19a,2,1500,1,1.0962237541424877,0.8313639589091766,0.7583889290553683
E19a,2,1500,2,1.3745813210790196,0.7348108493560223,0.5345706638725528
E19a,2,1500,3,1.5380622110259572,0.6041162000919454,0.39277748049539074
E19a,2,1500,4,1.707327444675379,0.5896700844743292,0.34537609426552945
E19a,2,1500,5,1.8159249997636777,0.6410431518752298,0.3530119096100634
E19a,2,1500,6,2.0560778446177337,0.7300160622766273,0.35505273508374974
E19a,2,1500,7,2.165563758425483,0.6303336969027525,0.29107141013527554
E19a,2,2000,0,0.7790894686621339,0.7598683886549267,0.9753287898497537
E19a,2,2000,1,1.0900208718192421,0.8251738482660096,0.7570257318915339
E19a,2,2000,2,1.3660671616061075,0.7252934071388097,0.5309353943374719
E19a,2,2000,3,1.5309419485484614,0.6036224987199371,0.3942817683533019
E19a,2,2000,4,1.6938115948748285,0.5989249318363519,0.3535959569816335
E19a,2,2000,5,1.7955831772204665,0.6411942479045241,0.3570952635550319
E19a,2,2000,6,2.0235912234978817,0.746666931887264,0.36898110805037576
E19a,2,2000,7,2.166086798331976,0.643702250831853,0.2971728793728601
E19a,2,2500,0,0.777104740298811,0.7517532967338854,0.9673770571066422
E19a,2,2500,1,1.0878613931897145,0.8297061068553372,0.7626946889093645
E19a,2,2500,2,1.3675235270873807,0.7362333406013928,0.5383697801305539
E19a,2,2500,3,1.5248620921768101,0.6096838689414259,0.3998288580123822
E19a,2,2500,4,1.6777838968072512,0.6020656410449367,0.3588457620737933
E19a,2,2500,5,1.7635747297120616,0.6256160201578214,0.35474313031235455
E19a,2,2500,6,1.9695734520555532,0.7526010947349686,0.38211374851215296
E19a,2,2500,7,2.1093066660562596,0.6597169761009736,0.3127648467230405
E19a,2,3000,0,0.7741912751883454,0.7649294798141505,0.9880368125151737
E19a,2,3000,1,1.094232014296354,0.8383528427641495,0.7661563834825764
E19a,2,3000,2,1.3830655653488482,0.7401864635898523,0.5351781449371537
E19a,2,3000,3,1.530710047421613,0.604216823737944,0.3947297692046316
E19a,2,3000,4,1.6794672530968229,0.607088624194049,0.3614769046997606
E19a,2,3000,5,1.76394883166686,0.6325395515403831,0.3585929139127346
E19a,2,3000,6,1.9754527894188876,0.7546852474829934,0.38203152792378126
E19a,2,3000,7,2.1061698623846667,0.678078604170601,0.32194867863262494
E19a,2,3500,0,0.772942652485232,0.7399189910190513,0.9572754054133251
E19a,2,3500,1,1.0752588532117773,0.8307634597558419,0.7726171770400844
E19a,2,3500,2,1.3635468063390315,0.7318878436559465,0.5367530034564654
E19a,2,3500,3,1.5005143862449128,0.613576581282064,0.4089108287842277
E19a,2,3500,4,1.6707062367332577,0.599854314315734,0.359042362521273
E19a,2,3500,5,1.7478850807807877,0.6455805380748204,0.36934953285741007
E19a,2,3500,6,1.9638080790446377,0.7433013537876869,0.3784999978965824
E19a,2,3500,7,2.0907728599174105,0.6792331929550564,0.32487182418365973
E19a,2,4000,0,0.7709878769024922,0.7355308144540602,0.9540108690283385
E19a,2,4000,1,1.074598000800026,0.8401712592312488,0.7818470335937261
E19a,2,4000,2,1.3609458731318604,0.7205862871157092,0.5294746112550888
E19a,2,4000,3,1.4787460437454545,0.6193853740127735,0.41885851639809496
E19a,2,4000,4,1.6339747806329268,0.5939009020552541,0.3634700541860286
E19a,2,4000,5,1.7007627373927088,0.6604616107512745,0.38833259703453443
E19a,2,4000,6,1.9174886034609933,0.7488451153065853,0.39053432388330683
E19a,2,4000,7,2.0338329212309443,0.6875358057912626,0.33804930513915704
E19a,2,4500,0,0.7750674002146254,0.7208887199641694,0.9300981047126311
E19a,2,4500,1,1.061502731691045,0.8380966168734438,0.789537880452083
E19a,2,4500,2,1.3316383572465669,0.7244882065820256,0.5440577786299671
E19a,2,4500,3,1.4389390879860722,0.6234802544459284,0.4332916241218705
E19a,2,4500,4,1.5948192233093685,0.61177843594006,0.38360362541315135
E19a,2,4500,5,1.6657556817866297,0.6645393813750753,0.3989416867318227
E19a,2,4500,6,1.8637173128693336,0.7568284263182631,0.40608541922759117
E19a,2,4500,7,1.9843017708454764,0.7094563516670213,0.35753450512959745
E19a,2,5000,0,0.7738460270209887,0.7343556014581125,0.9489686265950098
E19a,2,5000,1,1.0663094606253467,0.82027289851497,0.7692634538137865
E19a,2,5000,2,1.3206857775313328,0.7248213271837559,0.5488219374472364
E19a,2,5000,3,1.420779850152882,0.6183528174690156,0.4352207116412005
E19a,2,5000,4,1.5717006621301808,0.6182959669554425,0.3933929544302949
E19a,2,5000,5,1.652120399554132,0.6633172472087389,0.4014944960353691
E19a,2,5000,6,1.832331821921596,0.76289840576743,0.41635384848982543
E19a,2,5000,7,1.9626923517350299,0.7068904105793568,0.36016363438440163
E19a,2,5500,0,0.7716164925896559,0.7171105197605676,0.9293613169851277
E19a,2,5500,1,1.0521654940044407,0.7992860417890848,0.7596581016424317
E19a,2,5500,2,1.2954780619797692,0.7426392441168467,0.573254975064521
E19a,2,5500,3,1.4125806626736073,0.6113297144958643,0.43277508368180095
E19a,2,5500,4,1.56220134288565,0.602142144305184,0.3854446464582636
E19a,2,5500,5,1.6213200638237801,0.6757761342366481,0.4168061256473155
E19a,2,5500,6,1.8010411463471578,0.7619715104636854,0.4230727943162784
E19a,2,5500,7,1.927011641106855,0.71248997699798,0.36973828377535556
E19a,2,6000,0,0.77267032966655,0.706658032341405,0.9145660253919249
E19a,2,6000,1,1.047053329418817,0.7986575850606202,0.7627668645148451
E19a,2,6000,2,1.291568545192113,0.7361494766349375,0.5699654728936122
E19a,2,6000,3,1.4062205523365245,0.6180257501372102,0.43949418112992394
E19a,2,6000,4,1.5535263891303688,0.6211299902627836,0.39981940095042673
E19a,2,6000,5,1.614301529006634,0.6830763108653326,0.4231404719573461
E19a,2,6000,6,1.804945235141332,0.7677646791626656,0.42536729880480145
E19a,2,6000,7,1.921026626320705,0.7195223612732008,0.3745509569803747
E19a,2,6500,0,0.7728691420488771,0.7157483739673225,0.9260925750895845
E19a,2,6500,1,1.0527616286868893,0.8038530830659827,0.7635660924198288
E19a,2,6500,2,1.2920454669465473,0.732104403189017,0.5666243347605852
E19a,2,6500,3,1.4040895833778226,0.6327151652522801,0.4506230747258699
E19a,2,6500,4,1.5565565349425998,0.626166900248577,0.4022770045237501
E19a,2,6500,5,1.6171989708475782,0.6843873616768525,0.4231930479885003
E19a,2,6500,6,1.7941086847970094,0.7481683857184057,0.4170139702562421
E19a,2,6500,7,1.9059547131953454,0.7157004940417386,0.37550760733546606
E19a,2,7000,0,0.7723202390417407,0.7253984273302109,0.9392456531117865
E19a,2,7000,1,1.054282663020613,0.7819489061930707,0.741688100943174
E19a,2,7000,2,1.2954441497716265,0.7171740339182043,0.5536124687773184
E19a,2,7000,3,1.39915398737603,0.6269597393192581,0.44809916919513404
E19a,2,7000,4,1.5583759284176548,0.6293166141619355,0.4038285003548095
E19a,2,7000,5,1.6146345637495214,0.6783804437892428,0.4201448792313107
E19a,2,7000,6,1.77350977944567,0.759701620098045,0.42836054748764796
E19a,2,7000,7,1.8806020528041034,0.7133096421531403,0.3792985555288254
E19a,2,7500,0,0.7651280428499513,0.7130319966734409,0.9319119895508431
E19a,2,7500,1,1.0389635945055038,0.7727442206818211,0.7437644829601655
E19a,2,7500,2,1.278646250953626,0.7292308017626451,0.5703147381214922
E19a,2,7500,3,1.3990631392933244,0.6404862552038187,0.45779653341973714
E19a,2,7500,4,1.556973915952542,0.6375983358753199,0.4095112508582029
E19a,2,7500,5,1.608584466399875,0.7034161113511158,0.4372888872447031
E19a,2,7500,6,1.763824653036481,0.7426193772844979,0.42102789299721755
E19a,2,7500,7,1.8445094857062925,0.7195425856195468,0.39009969381861015
E19a,2,8000,0,0.7631407300215909,0.7140952263280644,0.935732032423248
E19a,2,8000,1,1.0312208343528761,0.7871540768320362,0.7633225111534916
E19a,2,8000,2,1.2796832462173109,0.7246211949429291,0.5662504350860875
E19a,2,8000,3,1.3959690462770162,0.6518541347296867,0.4669545764414698
E19a,2,8000,4,1.5665686782361987,0.6253235533941635,0.3991676599191399
E19a,2,8000,5,1.6285987694186836,0.7137113844861835,0.43823647536031085
E19a,2,8000,6,1.7878864229514944,0.7388182038342753,0.4132355357420372
E19a,2,8000,7,1.8682535287064805,0.7199430866168697,0.38535620329609943
E19a,2,8500,0,0.7641319085219401,0.7249125418791588,0.9486746120592668
E19a,2,8500,1,1.0394280449730737,0.7755209355521556,0.7461035319402465
E19a,2,8500,2,1.2804503769043605,0.7326272168016182,0.572163693350484
E19a,2,8500,3,1.4046869442088366,0.64529378352898,0.4593861900613233
E19a,2,8500,4,1.5638626950569268,0.6216684124983507,0.3975210959781358
E19a,2,8500,5,1.616223446717536,0.7221905414539832,0.44683830253837353
E19a,2,8500,6,1.7646961469813411,0.7254736730561197,0.4111040160070063
E19a,2,8500,7,1.8370990784676067,0.7253366182585139,0.39482716352105757
E19a,2,9000,0,0.761407388151427,0.7109068679737995,0.9336747699543152
E19a,2,9000,1,1.026267002883263,0.770250927707492,0.7505365811660101
E19a,2,9000,2,1.2592776040508868,0.723990013088374,0.5749248702267223
E19a,2,9000,3,1.3939532845197864,0.6469385842267783,0.46410348998865275
E19a,2,9000,4,1.5596138248331273,0.6242879484223506,0.4002836718180201
E19a,2,9000,5,1.608531320671373,0.7371785464082281,0.4582929389901731
E19a,2,9000,6,1.744075378564257,0.7226572731996284,0.4143497936393828
E19a,2,9000,7,1.8102825066838732,0.7319308174821668,0.40431856065545174
E19a,2,9500,0,0.7620037730654288,0.7094225354356096,0.9309960928168471
E19a,2,9500,1,1.0220068917807086,0.7778035506714593,0.7610550935877174
E19a,2,9500,2,1.2599549365369014,0.7324413762045886,0.5813234703597965
E19a,2,9500,3,1.3986310713273808,0.6527028320968125,0.4666726240232602
E19a,2,9500,4,1.5668176140992787,0.6241405921434656,0.39834923128705524
E19a,2,9500,5,1.6199692631967788,0.7526064590782721,0.4645807029653824
E19a,2,9500,6,1.7606922839247916,0.7084529948795213,0.4023718405241691
E19a,2,9500,7,1.8124299271112916,0.7281608225840062,0.40175943449828816
E19a,2,10000,0,0.7657970938602418,0.7152070006489383,0.9339379926916566
E19a,2,10000,1,1.028979097469632,0.7717557617504058,0.7500208348723842
E19a,2,10000,2,1.2609237822481687,0.7173450292477549,0.5689043535754096
E19a,2,10000,3,1.4078810119022815,0.6541418339449424,0.46462863581140845
E19a,2,10000,4,1.5682577673942553,0.6264054571743103,0.3994276133668489
E19a,2,10000,5,1.6089442550317596,0.7350848336389546,0.4568740224156768
E19a,2,10000,6,1.7522602249370571,0.7178278518390576,0.4096582468878689
E19a,2,10000,7,1.8026542005971413,0.7207730546663584,0.39983988855300007
E19a,2,10500,0,0.7684228384083583,0.7124063736252048,0.9271020303103158
E19a,2,10500,1,1.0347872262890074,0.7721428884214029,0.7461851758554177
E19a,2,10500,2,1.263772971940465,0.7189496810724578,0.5688914837041845
E19a,2,10500,3,1.4011506873715482,0.660409407161924,0.4713336068091303
E19a,2,10500,4,1.564844961839189,0.6301860659500736,0.4027146978250198
E19a,2,10500,5,1.6122071895163919,0.7284066564355064,0.45180710095580456
E19a,2,10500,6,1.7372294624690874,0.7195788991551715,0.41421062369760253
E19a,2,10500,7,1.7899583371202623,0.7257864692577783,0.4054767388750763
E19a,2,11000,0,0.7686463224542696,0.7155792721562295,0.9309603796339021
E19a,2,11000,1,1.0348269352932904,0.7698961228667808,0.7439853917685058
E19a,2,11000,2,1.2631602410038225,0.7434152775499133,0.5885360015441332
E19a,2,11000,3,1.4111555025188114,0.6546108027441623,0.46388282621988075
E19a,2,11000,4,1.564278283542395,0.6400750586106825,0.4091823464819808
E19a,2,11000,5,1.6013818698548097,0.7088417600619756,0.4426438024593367
E19a,2,11000,6,1.7339621408015673,0.7067216778752032,0.40757618707205656
E19a,2,11000,7,1.7894226837595764,0.7339793591473043,0.41017662613129163
E19a,2,11500,0,0.7676139524941052,0.7043596134606886,0.9175961577718946
E19a,2,11500,1,1.027633326533541,0.7780265960000824,0.757105259153629
E19a,2,11500,2,1.2625431821246762,0.7526311815143141,0.5961231205159616
E19a,2,11500,3,1.4171781338756024,0.6506109977174549,0.45908907438347796
E19a,2,11500,4,1.5501699377592004,0.6273091395608081,0.4046712068662583
E19a,2,11500,5,1.5930204123697285,0.7024785247179711,0.4409727077338485
E19a,2,11500,6,1.7197330388581435,0.6849966961118107,0.39831571565702434
E19a,2,11500,7,1.7721661433688138,0.7278087823090323,0.4106887974541136
E19a,2,12000,0,0.7707281783306666,0.7028432911994141,0.9119211039120361
E19a,2,12000,1,1.0222506270800602,0.7863205292788193,0.7692052305459106
E19a,2,12000,2,1.2627981807019462,0.7645867679234404,0.6054702798973252
E19a,2,12000,3,1.4254581203007153,0.6462377162095114,0.4533544037570047
E19a,2,12000,4,1.551154298898356,0.6210663073634701,0.40038976638530227
E19a,2,12000,5,1.605625810562229,0.7079124675040491,0.4408950471817373
E19a,2,12000,6,1.7411471214999295,0.6961157326273888,0.3998029368292052
E19a,2,12000,7,1.7824673579853276,0.7398194179747062,0.41505355745246475
